source_id,target_id,relationship
PERSON_00001,PHONE_00232,uses_phone
PERSON_00002,PHONE_00566,uses_phone
PERSON_00003,PHONE_00402,uses_phone
PERSON_00004,PHONE_00536,uses_phone
PERSON_00004,PHONE_00406,uses_phone
PERSON_00005,PHONE_00074,uses_phone
PERSON_00006,PHONE_00105,uses_phone
PERSON_00006,PHONE_00470,uses_phone
PERSON_00007,PHONE_00394,uses_phone
PERSON_00008,PHONE_00024,uses_phone
PERSON_00008,PHONE_00298,uses_phone
PERSON_00009,PHONE_00339,uses_phone
PERSON_00010,PHONE_00080,uses_phone
PERSON_00011,PHONE_00533,uses_phone
PERSON_00012,PHONE_00623,uses_phone
PERSON_00013,PHONE_00377,uses_phone
PERSON_00014,PHONE_00453,uses_phone
PERSON_00015,PHONE_00212,uses_phone
PERSON_00016,PHONE_00555,uses_phone
PERSON_00017,PHONE_00101,uses_phone
PERSON_00018,PHONE_00575,uses_phone
PERSON_00019,PHONE_00101,uses_phone
PERSON_00019,PHONE_00216,uses_phone
PERSON_00020,PHONE_00604,uses_phone
PERSON_00021,PHONE_00325,uses_phone
PERSON_00022,PHONE_00534,uses_phone
PERSON_00023,PHONE_00375,uses_phone
PERSON_00024,PHONE_00366,uses_phone
PERSON_00025,PHONE_00169,uses_phone
PERSON_00026,PHONE_00090,uses_phone
PERSON_00027,PHONE_00063,uses_phone
PERSON_00028,PHONE_00399,uses_phone
PERSON_00029,PHONE_00325,uses_phone
PERSON_00030,PHONE_00547,uses_phone
PERSON_00030,PHONE_00139,uses_phone
PERSON_00031,PHONE_00493,uses_phone
PERSON_00032,PHONE_00446,uses_phone
PERSON_00033,PHONE_00048,uses_phone
PERSON_00034,PHONE_00596,uses_phone
PERSON_00035,PHONE_00341,uses_phone
PERSON_00036,PHONE_00024,uses_phone
PERSON_00037,PHONE_00233,uses_phone
PERSON_00038,PHONE_00319,uses_phone
PERSON_00038,PHONE_00179,uses_phone
PERSON_00039,PHONE_00441,uses_phone
PERSON_00040,PHONE_00208,uses_phone
PERSON_00041,PHONE_00327,uses_phone
PERSON_00042,PHONE_00423,uses_phone
PERSON_00042,PHONE_00342,uses_phone
PERSON_00043,PHONE_00343,uses_phone
PERSON_00044,PHONE_00184,uses_phone
PERSON_00045,PHONE_00559,uses_phone
PERSON_00046,PHONE_00109,uses_phone
PERSON_00047,PHONE_00082,uses_phone
PERSON_00047,PHONE_00644,uses_phone
PERSON_00048,PHONE_00455,uses_phone
PERSON_00048,PHONE_00116,uses_phone
PERSON_00049,PHONE_00176,uses_phone
PERSON_00049,PHONE_00538,uses_phone
PERSON_00050,PHONE_00378,uses_phone
PERSON_00050,PHONE_00341,uses_phone
PERSON_00051,PHONE_00030,uses_phone
PERSON_00052,PHONE_00582,uses_phone
PERSON_00053,PHONE_00527,uses_phone
PERSON_00054,PHONE_00453,uses_phone
PERSON_00055,PHONE_00393,uses_phone
PERSON_00056,PHONE_00086,uses_phone
PERSON_00056,PHONE_00495,uses_phone
PERSON_00057,PHONE_00456,uses_phone
PERSON_00058,PHONE_00190,uses_phone
PERSON_00058,PHONE_00584,uses_phone
PERSON_00059,PHONE_00531,uses_phone
PERSON_00060,PHONE_00001,uses_phone
PERSON_00060,PHONE_00630,uses_phone
PERSON_00061,PHONE_00432,uses_phone
PERSON_00062,PHONE_00323,uses_phone
PERSON_00063,PHONE_00179,uses_phone
PERSON_00064,PHONE_00164,uses_phone
PERSON_00065,PHONE_00557,uses_phone
PERSON_00066,PHONE_00026,uses_phone
PERSON_00067,PHONE_00202,uses_phone
PERSON_00068,PHONE_00385,uses_phone
PERSON_00068,PHONE_00146,uses_phone
PERSON_00069,PHONE_00163,uses_phone
PERSON_00069,PHONE_00251,uses_phone
PERSON_00070,PHONE_00175,uses_phone
PERSON_00070,PHONE_00183,uses_phone
PERSON_00071,PHONE_00392,uses_phone
PERSON_00072,PHONE_00140,uses_phone
PERSON_00073,PHONE_00484,uses_phone
PERSON_00073,PHONE_00619,uses_phone
PERSON_00074,PHONE_00038,uses_phone
PERSON_00075,PHONE_00260,uses_phone
PERSON_00076,PHONE_00504,uses_phone
PERSON_00077,PHONE_00017,uses_phone
PERSON_00077,PHONE_00562,uses_phone
PERSON_00078,PHONE_00134,uses_phone
PERSON_00079,PHONE_00027,uses_phone
PERSON_00080,PHONE_00598,uses_phone
PERSON_00081,PHONE_00196,uses_phone
PERSON_00082,PHONE_00428,uses_phone
PERSON_00083,PHONE_00123,uses_phone
PERSON_00084,PHONE_00344,uses_phone
PERSON_00085,PHONE_00166,uses_phone
PERSON_00086,PHONE_00239,uses_phone
PERSON_00087,PHONE_00462,uses_phone
PERSON_00088,PHONE_00006,uses_phone
PERSON_00088,PHONE_00210,uses_phone
PERSON_00089,PHONE_00039,uses_phone
PERSON_00090,PHONE_00406,uses_phone
PERSON_00091,PHONE_00412,uses_phone
PERSON_00091,PHONE_00377,uses_phone
PERSON_00091,PHONE_00612,uses_phone
PERSON_00092,PHONE_00648,uses_phone
PERSON_00093,PHONE_00315,uses_phone
PERSON_00094,PHONE_00044,uses_phone
PERSON_00094,PHONE_00219,uses_phone
PERSON_00095,PHONE_00415,uses_phone
PERSON_00095,PHONE_00610,uses_phone
PERSON_00096,PHONE_00035,uses_phone
PERSON_00097,PHONE_00389,uses_phone
PERSON_00098,PHONE_00555,uses_phone
PERSON_00099,PHONE_00428,uses_phone
PERSON_00099,PHONE_00103,uses_phone
PERSON_00100,PHONE_00094,uses_phone
PERSON_00101,PHONE_00408,uses_phone
PERSON_00102,PHONE_00442,uses_phone
PERSON_00103,PHONE_00408,uses_phone
PERSON_00104,PHONE_00627,uses_phone
PERSON_00105,PHONE_00106,uses_phone
PERSON_00106,PHONE_00476,uses_phone
PERSON_00107,PHONE_00345,uses_phone
PERSON_00108,PHONE_00254,uses_phone
PERSON_00109,PHONE_00585,uses_phone
PERSON_00109,PHONE_00429,uses_phone
PERSON_00110,PHONE_00378,uses_phone
PERSON_00110,PHONE_00260,uses_phone
PERSON_00111,PHONE_00124,uses_phone
PERSON_00111,PHONE_00086,uses_phone
PERSON_00112,PHONE_00309,uses_phone
PERSON_00113,PHONE_00054,uses_phone
PERSON_00114,PHONE_00216,uses_phone
PERSON_00115,PHONE_00252,uses_phone
PERSON_00116,PHONE_00444,uses_phone
PERSON_00117,PHONE_00312,uses_phone
PERSON_00118,PHONE_00094,uses_phone
PERSON_00118,PHONE_00553,uses_phone
PERSON_00119,PHONE_00619,uses_phone
PERSON_00120,PHONE_00343,uses_phone
PERSON_00120,PHONE_00172,uses_phone
PERSON_00121,PHONE_00362,uses_phone
PERSON_00122,PHONE_00195,uses_phone
PERSON_00123,PHONE_00233,uses_phone
PERSON_00124,PHONE_00488,uses_phone
PERSON_00124,PHONE_00503,uses_phone
PERSON_00125,PHONE_00638,uses_phone
PERSON_00126,PHONE_00268,uses_phone
PERSON_00126,PHONE_00021,uses_phone
PERSON_00127,PHONE_00292,uses_phone
PERSON_00128,PHONE_00055,uses_phone
PERSON_00129,PHONE_00468,uses_phone
PERSON_00130,PHONE_00086,uses_phone
PERSON_00131,PHONE_00052,uses_phone
PERSON_00132,PHONE_00371,uses_phone
PERSON_00133,PHONE_00502,uses_phone
PERSON_00134,PHONE_00074,uses_phone
PERSON_00135,PHONE_00564,uses_phone
PERSON_00136,PHONE_00596,uses_phone
PERSON_00137,PHONE_00044,uses_phone
PERSON_00138,PHONE_00290,uses_phone
PERSON_00138,PHONE_00320,uses_phone
PERSON_00139,PHONE_00021,uses_phone
PERSON_00140,PHONE_00084,uses_phone
PERSON_00140,PHONE_00594,uses_phone
PERSON_00141,PHONE_00528,uses_phone
PERSON_00142,PHONE_00465,uses_phone
PERSON_00143,PHONE_00497,uses_phone
PERSON_00144,PHONE_00195,uses_phone
PERSON_00145,PHONE_00019,uses_phone
PERSON_00146,PHONE_00300,uses_phone
PERSON_00147,PHONE_00097,uses_phone
PERSON_00147,PHONE_00286,uses_phone
PERSON_00148,PHONE_00587,uses_phone
PERSON_00148,PHONE_00407,uses_phone
PERSON_00149,PHONE_00320,uses_phone
PERSON_00150,PHONE_00373,uses_phone
PERSON_00151,PHONE_00100,uses_phone
PERSON_00152,PHONE_00069,uses_phone
PERSON_00153,PHONE_00170,uses_phone
PERSON_00154,PHONE_00642,uses_phone
PERSON_00155,PHONE_00056,uses_phone
PERSON_00155,PHONE_00573,uses_phone
PERSON_00156,PHONE_00605,uses_phone
PERSON_00157,PHONE_00232,uses_phone
PERSON_00157,PHONE_00254,uses_phone
PERSON_00158,PHONE_00030,uses_phone
PERSON_00158,PHONE_00253,uses_phone
PERSON_00159,PHONE_00441,uses_phone
PERSON_00160,PHONE_00267,uses_phone
PERSON_00160,PHONE_00565,uses_phone
PERSON_00161,PHONE_00447,uses_phone
PERSON_00162,PHONE_00058,uses_phone
PERSON_00163,PHONE_00488,uses_phone
PERSON_00163,PHONE_00251,uses_phone
PERSON_00163,PHONE_00323,uses_phone
PERSON_00164,PHONE_00628,uses_phone
PERSON_00164,PHONE_00637,uses_phone
PERSON_00165,PHONE_00584,uses_phone
PERSON_00166,PHONE_00054,uses_phone
PERSON_00166,PHONE_00226,uses_phone
PERSON_00167,PHONE_00319,uses_phone
PERSON_00168,PHONE_00358,uses_phone
PERSON_00168,PHONE_00158,uses_phone
PERSON_00169,PHONE_00042,uses_phone
PERSON_00170,PHONE_00152,uses_phone
PERSON_00171,PHONE_00471,uses_phone
PERSON_00171,PHONE_00214,uses_phone
PERSON_00172,PHONE_00487,uses_phone
PERSON_00173,PHONE_00529,uses_phone
PERSON_00174,PHONE_00637,uses_phone
PERSON_00175,PHONE_00524,uses_phone
PERSON_00176,PHONE_00494,uses_phone
PERSON_00177,PHONE_00375,uses_phone
PERSON_00177,PHONE_00170,uses_phone
PERSON_00178,PHONE_00090,uses_phone
PERSON_00179,PHONE_00441,uses_phone
PERSON_00179,PHONE_00490,uses_phone
PERSON_00180,PHONE_00338,uses_phone
PERSON_00181,PHONE_00124,uses_phone
PERSON_00181,PHONE_00269,uses_phone
PERSON_00182,PHONE_00627,uses_phone
PERSON_00182,PHONE_00203,uses_phone
PERSON_00183,PHONE_00612,uses_phone
PERSON_00184,PHONE_00164,uses_phone
PERSON_00184,PHONE_00496,uses_phone
PERSON_00185,PHONE_00525,uses_phone
PERSON_00186,PHONE_00398,uses_phone
PERSON_00186,PHONE_00215,uses_phone
PERSON_00187,PHONE_00165,uses_phone
PERSON_00188,PHONE_00613,uses_phone
PERSON_00189,PHONE_00092,uses_phone
PERSON_00190,PHONE_00516,uses_phone
PERSON_00191,PHONE_00585,uses_phone
PERSON_00192,PHONE_00605,uses_phone
PERSON_00192,PHONE_00423,uses_phone
PERSON_00193,PHONE_00524,uses_phone
PERSON_00194,PHONE_00202,uses_phone
PERSON_00194,PHONE_00232,uses_phone
PERSON_00195,PHONE_00280,uses_phone
PERSON_00196,PHONE_00464,uses_phone
PERSON_00197,PHONE_00298,uses_phone
PERSON_00197,PHONE_00046,uses_phone
PERSON_00198,PHONE_00623,uses_phone
PERSON_00198,PHONE_00557,uses_phone
PERSON_00199,PHONE_00397,uses_phone
PERSON_00199,PHONE_00471,uses_phone
PERSON_00200,PHONE_00226,uses_phone
PERSON_00201,PHONE_00390,uses_phone
PERSON_00202,PHONE_00648,uses_phone
PERSON_00202,PHONE_00220,uses_phone
PERSON_00203,PHONE_00321,uses_phone
PERSON_00204,PHONE_00183,uses_phone
PERSON_00205,PHONE_00648,uses_phone
PERSON_00206,PHONE_00496,uses_phone
PERSON_00207,PHONE_00004,uses_phone
PERSON_00208,PHONE_00597,uses_phone
PERSON_00208,PHONE_00149,uses_phone
PERSON_00209,PHONE_00082,uses_phone
PERSON_00210,PHONE_00514,uses_phone
PERSON_00211,PHONE_00567,uses_phone
PERSON_00212,PHONE_00576,uses_phone
PERSON_00213,PHONE_00042,uses_phone
PERSON_00213,PHONE_00350,uses_phone
PERSON_00214,PHONE_00040,uses_phone
PERSON_00214,PHONE_00006,uses_phone
PERSON_00215,PHONE_00306,uses_phone
PERSON_00216,PHONE_00207,uses_phone
PERSON_00217,PHONE_00514,uses_phone
PERSON_00217,PHONE_00436,uses_phone
PERSON_00218,PHONE_00081,uses_phone
PERSON_00219,PHONE_00476,uses_phone
PERSON_00220,PHONE_00503,uses_phone
PERSON_00221,PHONE_00007,uses_phone
PERSON_00222,PHONE_00165,uses_phone
PERSON_00223,PHONE_00141,uses_phone
PERSON_00224,PHONE_00556,uses_phone
PERSON_00224,PHONE_00087,uses_phone
PERSON_00225,PHONE_00274,uses_phone
PERSON_00226,PHONE_00458,uses_phone
PERSON_00226,PHONE_00099,uses_phone
PERSON_00227,PHONE_00130,uses_phone
PERSON_00227,PHONE_00251,uses_phone
PERSON_00228,PHONE_00279,uses_phone
PERSON_00228,PHONE_00483,uses_phone
PERSON_00229,PHONE_00325,uses_phone
PERSON_00230,PHONE_00138,uses_phone
PERSON_00230,PHONE_00187,uses_phone
PERSON_00231,PHONE_00315,uses_phone
PERSON_00231,PHONE_00397,uses_phone
PERSON_00232,PHONE_00438,uses_phone
PERSON_00232,PHONE_00196,uses_phone
PERSON_00233,PHONE_00558,uses_phone
PERSON_00234,PHONE_00165,uses_phone
PERSON_00235,PHONE_00472,uses_phone
PERSON_00236,PHONE_00097,uses_phone
PERSON_00237,PHONE_00106,uses_phone
PERSON_00238,PHONE_00301,uses_phone
PERSON_00238,PHONE_00601,uses_phone
PERSON_00239,PHONE_00370,uses_phone
PERSON_00240,PHONE_00284,uses_phone
PERSON_00240,PHONE_00174,uses_phone
PERSON_00241,PHONE_00551,uses_phone
PERSON_00242,PHONE_00327,uses_phone
PERSON_00243,PHONE_00148,uses_phone
PERSON_00243,PHONE_00212,uses_phone
PERSON_00244,PHONE_00437,uses_phone
PERSON_00245,PHONE_00353,uses_phone
PERSON_00246,PHONE_00297,uses_phone
PERSON_00246,PHONE_00569,uses_phone
PERSON_00247,PHONE_00021,uses_phone
PERSON_00248,PHONE_00328,uses_phone
PERSON_00249,PHONE_00434,uses_phone
PERSON_00250,PHONE_00114,uses_phone
PERSON_00251,PHONE_00346,uses_phone
PERSON_00252,PHONE_00406,uses_phone
PERSON_00252,PHONE_00280,uses_phone
PERSON_00253,PHONE_00211,uses_phone
PERSON_00254,PHONE_00552,uses_phone
PERSON_00255,PHONE_00292,uses_phone
PERSON_00256,PHONE_00543,uses_phone
PERSON_00257,PHONE_00099,uses_phone
PERSON_00257,PHONE_00540,uses_phone
PERSON_00258,PHONE_00589,uses_phone
PERSON_00259,PHONE_00031,uses_phone
PERSON_00260,PHONE_00003,uses_phone
PERSON_00261,PHONE_00650,uses_phone
PERSON_00262,PHONE_00343,uses_phone
PERSON_00263,PHONE_00416,uses_phone
PERSON_00264,PHONE_00515,uses_phone
PERSON_00265,PHONE_00198,uses_phone
PERSON_00266,PHONE_00344,uses_phone
PERSON_00267,PHONE_00317,uses_phone
PERSON_00268,PHONE_00365,uses_phone
PERSON_00269,PHONE_00583,uses_phone
PERSON_00270,PHONE_00030,uses_phone
PERSON_00270,PHONE_00613,uses_phone
PERSON_00271,PHONE_00350,uses_phone
PERSON_00272,PHONE_00505,uses_phone
PERSON_00273,PHONE_00480,uses_phone
PERSON_00274,PHONE_00065,uses_phone
PERSON_00275,PHONE_00576,uses_phone
PERSON_00276,PHONE_00164,uses_phone
PERSON_00277,PHONE_00208,uses_phone
PERSON_00278,PHONE_00596,uses_phone
PERSON_00279,PHONE_00329,uses_phone
PERSON_00280,PHONE_00509,uses_phone
PERSON_00280,PHONE_00163,uses_phone
PERSON_00281,PHONE_00166,uses_phone
PERSON_00282,PHONE_00104,uses_phone
PERSON_00283,PHONE_00072,uses_phone
PERSON_00283,PHONE_00186,uses_phone
PERSON_00284,PHONE_00299,uses_phone
PERSON_00284,PHONE_00359,uses_phone
PERSON_00285,PHONE_00116,uses_phone
PERSON_00286,PHONE_00091,uses_phone
PERSON_00287,PHONE_00091,uses_phone
PERSON_00288,PHONE_00397,uses_phone
PERSON_00289,PHONE_00240,uses_phone
PERSON_00290,PHONE_00384,uses_phone
PERSON_00290,PHONE_00119,uses_phone
PERSON_00291,PHONE_00317,uses_phone
PERSON_00291,PHONE_00152,uses_phone
PERSON_00292,PHONE_00163,uses_phone
PERSON_00293,PHONE_00581,uses_phone
PERSON_00293,PHONE_00523,uses_phone
PERSON_00293,PHONE_00390,uses_phone
PERSON_00294,PHONE_00111,uses_phone
PERSON_00295,PHONE_00327,uses_phone
PERSON_00295,PHONE_00094,uses_phone
PERSON_00296,PHONE_00190,uses_phone
PERSON_00297,PHONE_00497,uses_phone
PERSON_00297,PHONE_00643,uses_phone
PERSON_00298,PHONE_00045,uses_phone
PERSON_00299,PHONE_00328,uses_phone
PERSON_00300,PHONE_00060,uses_phone
PERSON_00301,PHONE_00441,uses_phone
PERSON_00302,PHONE_00622,uses_phone
PERSON_00303,PHONE_00183,uses_phone
PERSON_00304,PHONE_00606,uses_phone
PERSON_00305,PHONE_00380,uses_phone
PERSON_00306,PHONE_00117,uses_phone
PERSON_00307,PHONE_00220,uses_phone
PERSON_00307,PHONE_00268,uses_phone
PERSON_00308,PHONE_00231,uses_phone
PERSON_00309,PHONE_00497,uses_phone
PERSON_00310,PHONE_00065,uses_phone
PERSON_00311,PHONE_00472,uses_phone
PERSON_00312,PHONE_00076,uses_phone
PERSON_00313,PHONE_00250,uses_phone
PERSON_00314,PHONE_00104,uses_phone
PERSON_00315,PHONE_00218,uses_phone
PERSON_00316,PHONE_00560,uses_phone
PERSON_00317,PHONE_00603,uses_phone
PERSON_00318,PHONE_00111,uses_phone
PERSON_00319,PHONE_00021,uses_phone
PERSON_00319,PHONE_00383,uses_phone
PERSON_00320,PHONE_00336,uses_phone
PERSON_00321,PHONE_00527,uses_phone
PERSON_00322,PHONE_00248,uses_phone
PERSON_00322,PHONE_00403,uses_phone
PERSON_00323,PHONE_00086,uses_phone
PERSON_00324,PHONE_00648,uses_phone
PERSON_00325,PHONE_00466,uses_phone
PERSON_00326,PHONE_00192,uses_phone
PERSON_00327,PHONE_00502,uses_phone
PERSON_00328,PHONE_00565,uses_phone
PERSON_00329,PHONE_00103,uses_phone
PERSON_00329,PHONE_00635,uses_phone
PERSON_00330,PHONE_00327,uses_phone
PERSON_00330,PHONE_00215,uses_phone
PERSON_00331,PHONE_00274,uses_phone
PERSON_00331,PHONE_00518,uses_phone
PERSON_00332,PHONE_00459,uses_phone
PERSON_00333,PHONE_00394,uses_phone
PERSON_00333,PHONE_00189,uses_phone
PERSON_00334,PHONE_00486,uses_phone
PERSON_00335,PHONE_00285,uses_phone
PERSON_00336,PHONE_00083,uses_phone
PERSON_00337,PHONE_00531,uses_phone
PERSON_00338,PHONE_00090,uses_phone
PERSON_00339,PHONE_00559,uses_phone
PERSON_00340,PHONE_00243,uses_phone
PERSON_00341,PHONE_00623,uses_phone
PERSON_00341,PHONE_00268,uses_phone
PERSON_00342,PHONE_00191,uses_phone
PERSON_00343,PHONE_00373,uses_phone
PERSON_00344,PHONE_00371,uses_phone
PERSON_00345,PHONE_00283,uses_phone
PERSON_00345,PHONE_00105,uses_phone
PERSON_00346,PHONE_00387,uses_phone
PERSON_00346,PHONE_00345,uses_phone
PERSON_00347,PHONE_00161,uses_phone
PERSON_00348,PHONE_00611,uses_phone
PERSON_00349,PHONE_00072,uses_phone
PERSON_00349,PHONE_00541,uses_phone
PERSON_00350,PHONE_00344,uses_phone
PERSON_00351,PHONE_00260,uses_phone
PERSON_00352,PHONE_00417,uses_phone
PERSON_00353,PHONE_00394,uses_phone
PERSON_00354,PHONE_00518,uses_phone
PERSON_00355,PHONE_00551,uses_phone
PERSON_00356,PHONE_00165,uses_phone
PERSON_00356,PHONE_00536,uses_phone
PERSON_00357,PHONE_00039,uses_phone
PERSON_00358,PHONE_00452,uses_phone
PERSON_00359,PHONE_00636,uses_phone
PERSON_00360,PHONE_00467,uses_phone
PERSON_00361,PHONE_00616,uses_phone
PERSON_00362,PHONE_00545,uses_phone
PERSON_00363,PHONE_00407,uses_phone
PERSON_00364,PHONE_00019,uses_phone
PERSON_00365,PHONE_00023,uses_phone
PERSON_00365,PHONE_00522,uses_phone
PERSON_00366,PHONE_00205,uses_phone
PERSON_00366,PHONE_00615,uses_phone
PERSON_00367,PHONE_00304,uses_phone
PERSON_00367,PHONE_00633,uses_phone
PERSON_00368,PHONE_00452,uses_phone
PERSON_00368,PHONE_00397,uses_phone
PERSON_00368,PHONE_00564,uses_phone
PERSON_00369,PHONE_00346,uses_phone
PERSON_00370,PHONE_00438,uses_phone
PERSON_00370,PHONE_00480,uses_phone
PERSON_00371,PHONE_00288,uses_phone
PERSON_00372,PHONE_00177,uses_phone
PERSON_00373,PHONE_00391,uses_phone
PERSON_00374,PHONE_00616,uses_phone
PERSON_00375,PHONE_00387,uses_phone
PERSON_00375,PHONE_00334,uses_phone
PERSON_00376,PHONE_00109,uses_phone
PERSON_00377,PHONE_00199,uses_phone
PERSON_00378,PHONE_00146,uses_phone
PERSON_00378,PHONE_00464,uses_phone
PERSON_00379,PHONE_00443,uses_phone
PERSON_00380,PHONE_00355,uses_phone
PERSON_00381,PHONE_00323,uses_phone
PERSON_00381,PHONE_00484,uses_phone
PERSON_00382,PHONE_00070,uses_phone
PERSON_00383,PHONE_00075,uses_phone
PERSON_00383,PHONE_00028,uses_phone
PERSON_00384,PHONE_00608,uses_phone
PERSON_00384,PHONE_00559,uses_phone
PERSON_00385,PHONE_00062,uses_phone
PERSON_00386,PHONE_00029,uses_phone
PERSON_00387,PHONE_00608,uses_phone
PERSON_00387,PHONE_00274,uses_phone
PERSON_00388,PHONE_00497,uses_phone
PERSON_00389,PHONE_00197,uses_phone
PERSON_00389,PHONE_00065,uses_phone
PERSON_00390,PHONE_00577,uses_phone
PERSON_00391,PHONE_00473,uses_phone
PERSON_00391,PHONE_00199,uses_phone
PERSON_00392,PHONE_00315,uses_phone
PERSON_00392,PHONE_00070,uses_phone
PERSON_00393,PHONE_00514,uses_phone
PERSON_00394,PHONE_00032,uses_phone
PERSON_00395,PHONE_00354,uses_phone
PERSON_00395,PHONE_00505,uses_phone
PERSON_00396,PHONE_00627,uses_phone
PERSON_00396,PHONE_00218,uses_phone
PERSON_00397,PHONE_00086,uses_phone
PERSON_00397,PHONE_00370,uses_phone
PERSON_00398,PHONE_00229,uses_phone
PERSON_00399,PHONE_00331,uses_phone
PERSON_00399,PHONE_00127,uses_phone
PERSON_00400,PHONE_00172,uses_phone
PERSON_00401,PHONE_00593,uses_phone
PERSON_00402,PHONE_00228,uses_phone
PERSON_00402,PHONE_00114,uses_phone
PERSON_00403,PHONE_00199,uses_phone
PERSON_00404,PHONE_00300,uses_phone
PERSON_00405,PHONE_00283,uses_phone
PERSON_00406,PHONE_00601,uses_phone
PERSON_00406,PHONE_00478,uses_phone
PERSON_00407,PHONE_00064,uses_phone
PERSON_00407,PHONE_00608,uses_phone
PERSON_00408,PHONE_00359,uses_phone
PERSON_00409,PHONE_00302,uses_phone
PERSON_00410,PHONE_00355,uses_phone
PERSON_00411,PHONE_00054,uses_phone
PERSON_00412,PHONE_00511,uses_phone
PERSON_00413,PHONE_00379,uses_phone
PERSON_00414,PHONE_00012,uses_phone
PERSON_00415,PHONE_00079,uses_phone
PERSON_00416,PHONE_00236,uses_phone
PERSON_00417,PHONE_00599,uses_phone
PERSON_00418,PHONE_00436,uses_phone
PERSON_00419,PHONE_00607,uses_phone
PERSON_00420,PHONE_00143,uses_phone
PERSON_00421,PHONE_00029,uses_phone
PERSON_00422,PHONE_00612,uses_phone
PERSON_00423,PHONE_00227,uses_phone
PERSON_00423,PHONE_00276,uses_phone
PERSON_00424,PHONE_00604,uses_phone
PERSON_00425,PHONE_00152,uses_phone
PERSON_00426,PHONE_00629,uses_phone
PERSON_00427,PHONE_00216,uses_phone
PERSON_00428,PHONE_00029,uses_phone
PERSON_00429,PHONE_00239,uses_phone
PERSON_00430,PHONE_00076,uses_phone
PERSON_00430,PHONE_00434,uses_phone
PERSON_00431,PHONE_00375,uses_phone
PERSON_00432,PHONE_00417,uses_phone
PERSON_00433,PHONE_00062,uses_phone
PERSON_00434,PHONE_00018,uses_phone
PERSON_00434,PHONE_00248,uses_phone
PERSON_00435,PHONE_00618,uses_phone
PERSON_00436,PHONE_00187,uses_phone
PERSON_00437,PHONE_00385,uses_phone
PERSON_00438,PHONE_00435,uses_phone
PERSON_00439,PHONE_00646,uses_phone
PERSON_00440,PHONE_00564,uses_phone
PERSON_00441,PHONE_00333,uses_phone
PERSON_00442,PHONE_00022,uses_phone
PERSON_00443,PHONE_00417,uses_phone
PERSON_00444,PHONE_00118,uses_phone
PERSON_00444,PHONE_00153,uses_phone
PERSON_00445,PHONE_00315,uses_phone
PERSON_00446,PHONE_00049,uses_phone
PERSON_00447,PHONE_00041,uses_phone
PERSON_00447,PHONE_00138,uses_phone
PERSON_00448,PHONE_00284,uses_phone
PERSON_00449,PHONE_00371,uses_phone
PERSON_00450,PHONE_00477,uses_phone
PERSON_00002,ACCT_00158,owns_account
PERSON_00004,ACCT_00371,owns_account
PERSON_00005,ACCT_00145,owns_account
PERSON_00006,ACCT_00311,owns_account
PERSON_00007,ACCT_00292,owns_account
PERSON_00008,ACCT_00050,owns_account
PERSON_00009,ACCT_00453,owns_account
PERSON_00010,ACCT_00011,owns_account
PERSON_00011,ACCT_00407,owns_account
PERSON_00012,ACCT_00095,owns_account
PERSON_00013,ACCT_00055,owns_account
PERSON_00014,ACCT_00065,owns_account
PERSON_00015,ACCT_00264,owns_account
PERSON_00016,ACCT_00455,owns_account
PERSON_00018,ACCT_00005,owns_account
PERSON_00019,ACCT_00368,owns_account
PERSON_00020,ACCT_00305,owns_account
PERSON_00023,ACCT_00227,owns_account
PERSON_00025,ACCT_00248,owns_account
PERSON_00026,ACCT_00125,owns_account
PERSON_00027,ACCT_00104,owns_account
PERSON_00028,ACCT_00372,owns_account
PERSON_00029,ACCT_00267,owns_account
PERSON_00030,ACCT_00161,owns_account
PERSON_00031,ACCT_00477,owns_account
PERSON_00032,ACCT_00448,owns_account
PERSON_00033,ACCT_00001,owns_account
PERSON_00034,ACCT_00263,owns_account
PERSON_00035,ACCT_00361,owns_account
PERSON_00037,ACCT_00029,owns_account
PERSON_00038,ACCT_00330,owns_account
PERSON_00039,ACCT_00211,owns_account
PERSON_00040,ACCT_00480,owns_account
PERSON_00041,ACCT_00281,owns_account
PERSON_00042,ACCT_00136,owns_account
PERSON_00043,ACCT_00416,owns_account
PERSON_00045,ACCT_00342,owns_account
PERSON_00046,ACCT_00370,owns_account
PERSON_00047,ACCT_00247,owns_account
PERSON_00048,ACCT_00213,owns_account
PERSON_00049,ACCT_00390,owns_account
PERSON_00050,ACCT_00271,owns_account
PERSON_00051,ACCT_00444,owns_account
PERSON_00052,ACCT_00397,owns_account
PERSON_00054,ACCT_00293,owns_account
PERSON_00055,ACCT_00348,owns_account
PERSON_00056,ACCT_00121,owns_account
PERSON_00057,ACCT_00009,owns_account
PERSON_00058,ACCT_00340,owns_account
PERSON_00059,ACCT_00028,owns_account
PERSON_00060,ACCT_00469,owns_account
PERSON_00061,ACCT_00045,owns_account
PERSON_00062,ACCT_00126,owns_account
PERSON_00063,ACCT_00366,owns_account
PERSON_00064,ACCT_00345,owns_account
PERSON_00065,ACCT_00032,owns_account
PERSON_00067,ACCT_00048,owns_account
PERSON_00068,ACCT_00336,owns_account
PERSON_00069,ACCT_00329,owns_account
PERSON_00070,ACCT_00204,owns_account
PERSON_00071,ACCT_00287,owns_account
PERSON_00072,ACCT_00253,owns_account
PERSON_00073,ACCT_00071,owns_account
PERSON_00074,ACCT_00438,owns_account
PERSON_00075,ACCT_00206,owns_account
PERSON_00076,ACCT_00417,owns_account
PERSON_00077,ACCT_00194,owns_account
PERSON_00078,ACCT_00215,owns_account
PERSON_00079,ACCT_00442,owns_account
PERSON_00080,ACCT_00273,owns_account
PERSON_00082,ACCT_00479,owns_account
PERSON_00084,ACCT_00090,owns_account
PERSON_00085,ACCT_00358,owns_account
PERSON_00086,ACCT_00044,owns_account
PERSON_00088,ACCT_00014,owns_account
PERSON_00089,ACCT_00412,owns_account
PERSON_00090,ACCT_00013,owns_account
PERSON_00092,ACCT_00043,owns_account
PERSON_00093,ACCT_00265,owns_account
PERSON_00094,ACCT_00229,owns_account
PERSON_00096,ACCT_00382,owns_account
PERSON_00098,ACCT_00228,owns_account
PERSON_00099,ACCT_00051,owns_account
PERSON_00100,ACCT_00132,owns_account
PERSON_00101,ACCT_00269,owns_account
PERSON_00102,ACCT_00135,owns_account
PERSON_00103,ACCT_00364,owns_account
PERSON_00104,ACCT_00286,owns_account
PERSON_00105,ACCT_00097,owns_account
PERSON_00106,ACCT_00116,owns_account
PERSON_00108,ACCT_00475,owns_account
PERSON_00109,ACCT_00464,owns_account
PERSON_00110,ACCT_00352,owns_account
PERSON_00111,ACCT_00181,owns_account
PERSON_00112,ACCT_00333,owns_account
PERSON_00113,ACCT_00037,owns_account
PERSON_00114,ACCT_00446,owns_account
PERSON_00115,ACCT_00396,owns_account
PERSON_00116,ACCT_00433,owns_account
PERSON_00117,ACCT_00218,owns_account
PERSON_00118,ACCT_00338,owns_account
PERSON_00119,ACCT_00454,owns_account
PERSON_00121,ACCT_00473,owns_account
PERSON_00122,ACCT_00363,owns_account
PERSON_00123,ACCT_00170,owns_account
PERSON_00124,ACCT_00242,owns_account
PERSON_00125,ACCT_00463,owns_account
PERSON_00126,ACCT_00357,owns_account
PERSON_00127,ACCT_00309,owns_account
PERSON_00128,ACCT_00272,owns_account
PERSON_00129,ACCT_00255,owns_account
PERSON_00130,ACCT_00414,owns_account
PERSON_00131,ACCT_00289,owns_account
PERSON_00133,ACCT_00084,owns_account
PERSON_00134,ACCT_00404,owns_account
PERSON_00135,ACCT_00193,owns_account
PERSON_00136,ACCT_00257,owns_account
PERSON_00137,ACCT_00080,owns_account
PERSON_00138,ACCT_00091,owns_account
PERSON_00139,ACCT_00092,owns_account
PERSON_00140,ACCT_00331,owns_account
PERSON_00141,ACCT_00373,owns_account
PERSON_00142,ACCT_00456,owns_account
PERSON_00143,ACCT_00020,owns_account
PERSON_00144,ACCT_00111,owns_account
PERSON_00145,ACCT_00325,owns_account
PERSON_00146,ACCT_00173,owns_account
PERSON_00147,ACCT_00108,owns_account
PERSON_00148,ACCT_00122,owns_account
PERSON_00149,ACCT_00202,owns_account
PERSON_00150,ACCT_00067,owns_account
PERSON_00151,ACCT_00245,owns_account
PERSON_00152,ACCT_00053,owns_account
PERSON_00153,ACCT_00120,owns_account
PERSON_00154,ACCT_00276,owns_account
PERSON_00155,ACCT_00088,owns_account
PERSON_00156,ACCT_00018,owns_account
PERSON_00157,ACCT_00054,owns_account
PERSON_00158,ACCT_00234,owns_account
PERSON_00159,ACCT_00449,owns_account
PERSON_00160,ACCT_00476,owns_account
PERSON_00161,ACCT_00328,owns_account
PERSON_00162,ACCT_00310,owns_account
PERSON_00163,ACCT_00351,owns_account
PERSON_00164,ACCT_00354,owns_account
PERSON_00165,ACCT_00069,owns_account
PERSON_00166,ACCT_00259,owns_account
PERSON_00167,ACCT_00321,owns_account
PERSON_00168,ACCT_00226,owns_account
PERSON_00169,ACCT_00197,owns_account
PERSON_00170,ACCT_00432,owns_account
PERSON_00173,ACCT_00102,owns_account
PERSON_00174,ACCT_00411,owns_account
PERSON_00175,ACCT_00019,owns_account
PERSON_00177,ACCT_00294,owns_account
PERSON_00178,ACCT_00380,owns_account
PERSON_00179,ACCT_00142,owns_account
PERSON_00182,ACCT_00277,owns_account
PERSON_00183,ACCT_00046,owns_account
PERSON_00184,ACCT_00133,owns_account
PERSON_00185,ACCT_00195,owns_account
PERSON_00186,ACCT_00462,owns_account
PERSON_00187,ACCT_00394,owns_account
PERSON_00188,ACCT_00274,owns_account
PERSON_00189,ACCT_00314,owns_account
PERSON_00190,ACCT_00199,owns_account
PERSON_00191,ACCT_00230,owns_account
PERSON_00192,ACCT_00360,owns_account
PERSON_00193,ACCT_00409,owns_account
PERSON_00194,ACCT_00114,owns_account
PERSON_00195,ACCT_00042,owns_account
PERSON_00198,ACCT_00127,owns_account
PERSON_00199,ACCT_00436,owns_account
PERSON_00200,ACCT_00381,owns_account
PERSON_00201,ACCT_00024,owns_account
PERSON_00202,ACCT_00315,owns_account
PERSON_00203,ACCT_00285,owns_account
PERSON_00204,ACCT_00093,owns_account
PERSON_00205,ACCT_00280,owns_account
PERSON_00206,ACCT_00086,owns_account
PERSON_00207,ACCT_00175,owns_account
PERSON_00208,ACCT_00191,owns_account
PERSON_00209,ACCT_00177,owns_account
PERSON_00210,ACCT_00401,owns_account
PERSON_00211,ACCT_00459,owns_account
PERSON_00212,ACCT_00105,owns_account
PERSON_00214,ACCT_00147,owns_account
PERSON_00215,ACCT_00027,owns_account
PERSON_00216,ACCT_00070,owns_account
PERSON_00217,ACCT_00461,owns_account
PERSON_00218,ACCT_00478,owns_account
PERSON_00219,ACCT_00152,owns_account
PERSON_00220,ACCT_00016,owns_account
PERSON_00221,ACCT_00244,owns_account
PERSON_00222,ACCT_00056,owns_account
PERSON_00223,ACCT_00031,owns_account
PERSON_00224,ACCT_00201,owns_account
PERSON_00225,ACCT_00115,owns_account
PERSON_00226,ACCT_00222,owns_account
PERSON_00227,ACCT_00209,owns_account
PERSON_00228,ACCT_00035,owns_account
PERSON_00230,ACCT_00216,owns_account
PERSON_00231,ACCT_00150,owns_account
PERSON_00232,ACCT_00376,owns_account
PERSON_00233,ACCT_00413,owns_account
PERSON_00234,ACCT_00428,owns_account
PERSON_00235,ACCT_00261,owns_account
PERSON_00237,ACCT_00316,owns_account
PERSON_00238,ACCT_00284,owns_account
PERSON_00239,ACCT_00207,owns_account
PERSON_00240,ACCT_00332,owns_account
PERSON_00241,ACCT_00182,owns_account
PERSON_00242,ACCT_00081,owns_account
PERSON_00244,ACCT_00246,owns_account
PERSON_00245,ACCT_00034,owns_account
PERSON_00246,ACCT_00231,owns_account
PERSON_00247,ACCT_00007,owns_account
PERSON_00250,ACCT_00406,owns_account
PERSON_00251,ACCT_00301,owns_account
PERSON_00252,ACCT_00466,owns_account
PERSON_00253,ACCT_00250,owns_account
PERSON_00254,ACCT_00038,owns_account
PERSON_00255,ACCT_00163,owns_account
PERSON_00256,ACCT_00367,owns_account
PERSON_00257,ACCT_00385,owns_account
PERSON_00258,ACCT_00403,owns_account
PERSON_00259,ACCT_00445,owns_account
PERSON_00260,ACCT_00049,owns_account
PERSON_00261,ACCT_00260,owns_account
PERSON_00263,ACCT_00355,owns_account
PERSON_00264,ACCT_00176,owns_account
PERSON_00266,ACCT_00079,owns_account
PERSON_00268,ACCT_00155,owns_account
PERSON_00269,ACCT_00295,owns_account
PERSON_00270,ACCT_00124,owns_account
PERSON_00271,ACCT_00190,owns_account
PERSON_00272,ACCT_00166,owns_account
PERSON_00273,ACCT_00187,owns_account
PERSON_00274,ACCT_00398,owns_account
PERSON_00275,ACCT_00236,owns_account
PERSON_00276,ACCT_00386,owns_account
PERSON_00277,ACCT_00214,owns_account
PERSON_00278,ACCT_00196,owns_account
PERSON_00279,ACCT_00337,owns_account
PERSON_00280,ACCT_00304,owns_account
PERSON_00281,ACCT_00451,owns_account
PERSON_00282,ACCT_00465,owns_account
PERSON_00283,ACCT_00324,owns_account
PERSON_00284,ACCT_00217,owns_account
PERSON_00285,ACCT_00327,owns_account
PERSON_00286,ACCT_00183,owns_account
PERSON_00287,ACCT_00146,owns_account
PERSON_00290,ACCT_00210,owns_account
PERSON_00291,ACCT_00347,owns_account
PERSON_00292,ACCT_00110,owns_account
PERSON_00293,ACCT_00074,owns_account
PERSON_00294,ACCT_00015,owns_account
PERSON_00295,ACCT_00312,owns_account
PERSON_00296,ACCT_00400,owns_account
PERSON_00297,ACCT_00159,owns_account
PERSON_00298,ACCT_00223,owns_account
PERSON_00299,ACCT_00384,owns_account
PERSON_00300,ACCT_00457,owns_account
PERSON_00301,ACCT_00278,owns_account
PERSON_00302,ACCT_00323,owns_account
PERSON_00303,ACCT_00343,owns_account
PERSON_00304,ACCT_00275,owns_account
PERSON_00305,ACCT_00307,owns_account
PERSON_00306,ACCT_00270,owns_account
PERSON_00307,ACCT_00410,owns_account
PERSON_00308,ACCT_00077,owns_account
PERSON_00309,ACCT_00256,owns_account
PERSON_00310,ACCT_00341,owns_account
PERSON_00312,ACCT_00144,owns_account
PERSON_00313,ACCT_00389,owns_account
PERSON_00314,ACCT_00106,owns_account
PERSON_00315,ACCT_00025,owns_account
PERSON_00316,ACCT_00296,owns_account
PERSON_00317,ACCT_00157,owns_account
PERSON_00318,ACCT_00119,owns_account
PERSON_00319,ACCT_00058,owns_account
PERSON_00320,ACCT_00374,owns_account
PERSON_00321,ACCT_00238,owns_account
PERSON_00322,ACCT_00426,owns_account
PERSON_00323,ACCT_00103,owns_account
PERSON_00325,ACCT_00010,owns_account
PERSON_00326,ACCT_00379,owns_account
PERSON_00327,ACCT_00320,owns_account
PERSON_00328,ACCT_00318,owns_account
PERSON_00329,ACCT_00405,owns_account
PERSON_00330,ACCT_00306,owns_account
PERSON_00331,ACCT_00131,owns_account
PERSON_00332,ACCT_00179,owns_account
PERSON_00334,ACCT_00113,owns_account
PERSON_00335,ACCT_00151,owns_account
PERSON_00336,ACCT_00460,owns_account
PERSON_00337,ACCT_00002,owns_account
PERSON_00338,ACCT_00356,owns_account
PERSON_00339,ACCT_00134,owns_account
PERSON_00340,ACCT_00118,owns_account
PERSON_00341,ACCT_00107,owns_account
PERSON_00342,ACCT_00434,owns_account
PERSON_00343,ACCT_00184,owns_account
PERSON_00344,ACCT_00233,owns_account
PERSON_00345,ACCT_00402,owns_account
PERSON_00346,ACCT_00431,owns_account
PERSON_00347,ACCT_00383,owns_account
PERSON_00348,ACCT_00188,owns_account
PERSON_00349,ACCT_00205,owns_account
PERSON_00351,ACCT_00112,owns_account
PERSON_00352,ACCT_00435,owns_account
PERSON_00353,ACCT_00471,owns_account
PERSON_00354,ACCT_00041,owns_account
PERSON_00356,ACCT_00141,owns_account
PERSON_00357,ACCT_00467,owns_account
PERSON_00358,ACCT_00249,owns_account
PERSON_00359,ACCT_00346,owns_account
PERSON_00360,ACCT_00437,owns_account
PERSON_00361,ACCT_00387,owns_account
PERSON_00362,ACCT_00290,owns_account
PERSON_00363,ACCT_00030,owns_account
PERSON_00365,ACCT_00203,owns_account
PERSON_00366,ACCT_00068,owns_account
PERSON_00367,ACCT_00021,owns_account
PERSON_00368,ACCT_00208,owns_account
PERSON_00369,ACCT_00452,owns_account
PERSON_00370,ACCT_00098,owns_account
PERSON_00371,ACCT_00298,owns_account
PERSON_00372,ACCT_00022,owns_account
PERSON_00373,ACCT_00189,owns_account
PERSON_00376,ACCT_00162,owns_account
PERSON_00377,ACCT_00391,owns_account
PERSON_00379,ACCT_00447,owns_account
PERSON_00380,ACCT_00149,owns_account
PERSON_00382,ACCT_00429,owns_account
PERSON_00383,ACCT_00262,owns_account
PERSON_00384,ACCT_00349,owns_account
PERSON_00385,ACCT_00439,owns_account
PERSON_00386,ACCT_00299,owns_account
PERSON_00388,ACCT_00062,owns_account
PERSON_00389,ACCT_00458,owns_account
PERSON_00392,ACCT_00326,owns_account
PERSON_00395,ACCT_00089,owns_account
PERSON_00396,ACCT_00443,owns_account
PERSON_00397,ACCT_00313,owns_account
PERSON_00398,ACCT_00468,owns_account
PERSON_00400,ACCT_00063,owns_account
PERSON_00401,ACCT_00239,owns_account
PERSON_00402,ACCT_00266,owns_account
PERSON_00403,ACCT_00375,owns_account
PERSON_00404,ACCT_00319,owns_account
PERSON_00405,ACCT_00192,owns_account
PERSON_00406,ACCT_00094,owns_account
PERSON_00407,ACCT_00408,owns_account
PERSON_00408,ACCT_00393,owns_account
PERSON_00409,ACCT_00291,owns_account
PERSON_00410,ACCT_00344,owns_account
PERSON_00411,ACCT_00353,owns_account
PERSON_00412,ACCT_00185,owns_account
PERSON_00413,ACCT_00178,owns_account
PERSON_00414,ACCT_00174,owns_account
PERSON_00415,ACCT_00168,owns_account
PERSON_00416,ACCT_00130,owns_account
PERSON_00417,ACCT_00160,owns_account
PERSON_00418,ACCT_00072,owns_account
PERSON_00419,ACCT_00334,owns_account
PERSON_00420,ACCT_00153,owns_account
PERSON_00421,ACCT_00440,owns_account
PERSON_00422,ACCT_00268,owns_account
PERSON_00423,ACCT_00200,owns_account
PERSON_00424,ACCT_00006,owns_account
PERSON_00425,ACCT_00004,owns_account
PERSON_00426,ACCT_00302,owns_account
PERSON_00427,ACCT_00359,owns_account
PERSON_00428,ACCT_00078,owns_account
PERSON_00429,ACCT_00322,owns_account
PERSON_00430,ACCT_00241,owns_account
PERSON_00431,ACCT_00235,owns_account
PERSON_00432,ACCT_00137,owns_account
PERSON_00433,ACCT_00369,owns_account
PERSON_00434,ACCT_00003,owns_account
PERSON_00435,ACCT_00060,owns_account
PERSON_00436,ACCT_00282,owns_account
PERSON_00437,ACCT_00023,owns_account
PERSON_00438,ACCT_00052,owns_account
PERSON_00439,ACCT_00423,owns_account
PERSON_00440,ACCT_00297,owns_account
PERSON_00441,ACCT_00076,owns_account
PERSON_00442,ACCT_00148,owns_account
PERSON_00443,ACCT_00308,owns_account
PERSON_00444,ACCT_00421,owns_account
PERSON_00445,ACCT_00450,owns_account
PERSON_00447,ACCT_00252,owns_account
PERSON_00448,ACCT_00026,owns_account
PERSON_00449,ACCT_00012,owns_account
PERSON_00450,ACCT_00240,owns_account
PERSON_00069,ACCT_00008,owns_account
PERSON_00088,ACCT_00017,owns_account
PERSON_00029,ACCT_00033,owns_account
PERSON_00087,ACCT_00036,owns_account
PERSON_00078,ACCT_00039,owns_account
PERSON_00384,ACCT_00040,owns_account
PERSON_00409,ACCT_00047,owns_account
PERSON_00311,ACCT_00057,owns_account
PERSON_00390,ACCT_00059,owns_account
PERSON_00102,ACCT_00061,owns_account
PERSON_00039,ACCT_00064,owns_account
PERSON_00004,ACCT_00066,owns_account
PERSON_00198,ACCT_00073,owns_account
PERSON_00271,ACCT_00075,owns_account
PERSON_00210,ACCT_00082,owns_account
PERSON_00220,ACCT_00083,owns_account
PERSON_00370,ACCT_00085,owns_account
PERSON_00010,ACCT_00087,owns_account
PERSON_00139,ACCT_00096,owns_account
PERSON_00419,ACCT_00099,owns_account
PERSON_00229,ACCT_00100,owns_account
PERSON_00160,ACCT_00101,owns_account
PERSON_00443,ACCT_00109,owns_account
PERSON_00155,ACCT_00117,owns_account
PERSON_00277,ACCT_00123,owns_account
PERSON_00061,ACCT_00128,owns_account
PERSON_00025,ACCT_00129,owns_account
PERSON_00381,ACCT_00138,owns_account
PERSON_00330,ACCT_00139,owns_account
PERSON_00180,ACCT_00140,owns_account
PERSON_00069,ACCT_00143,owns_account
PERSON_00117,ACCT_00154,owns_account
PERSON_00335,ACCT_00156,owns_account
PERSON_00229,ACCT_00164,owns_account
PERSON_00242,ACCT_00165,owns_account
PERSON_00088,ACCT_00167,owns_account
PERSON_00249,ACCT_00169,owns_account
PERSON_00370,ACCT_00171,owns_account
PERSON_00252,ACCT_00172,owns_account
PERSON_00066,ACCT_00180,owns_account
PERSON_00039,ACCT_00186,owns_account
PERSON_00359,ACCT_00198,owns_account
PERSON_00247,ACCT_00212,owns_account
PERSON_00316,ACCT_00219,owns_account
PERSON_00259,ACCT_00220,owns_account
PERSON_00112,ACCT_00221,owns_account
PERSON_00051,ACCT_00224,owns_account
PERSON_00163,ACCT_00225,owns_account
PERSON_00416,ACCT_00232,owns_account
PERSON_00285,ACCT_00237,owns_account
PERSON_00295,ACCT_00243,owns_account
PERSON_00383,ACCT_00251,owns_account
PERSON_00154,ACCT_00254,owns_account
PERSON_00148,ACCT_00258,owns_account
PERSON_00212,ACCT_00279,owns_account
PERSON_00112,ACCT_00283,owns_account
PERSON_00180,ACCT_00288,owns_account
PERSON_00272,ACCT_00300,owns_account
PERSON_00442,ACCT_00303,owns_account
PERSON_00304,ACCT_00317,owns_account
PERSON_00248,ACCT_00335,owns_account
PERSON_00426,ACCT_00339,owns_account
PERSON_00059,ACCT_00350,owns_account
PERSON_00147,ACCT_00362,owns_account
PERSON_00014,ACCT_00365,owns_account
PERSON_00417,ACCT_00377,owns_account
PERSON_00397,ACCT_00378,owns_account
PERSON_00149,ACCT_00388,owns_account
PERSON_00226,ACCT_00392,owns_account
PERSON_00269,ACCT_00395,owns_account
PERSON_00363,ACCT_00399,owns_account
PERSON_00309,ACCT_00415,owns_account
PERSON_00314,ACCT_00418,owns_account
PERSON_00380,ACCT_00419,owns_account
PERSON_00159,ACCT_00420,owns_account
PERSON_00052,ACCT_00422,owns_account
PERSON_00055,ACCT_00424,owns_account
PERSON_00328,ACCT_00425,owns_account
PERSON_00109,ACCT_00427,owns_account
PERSON_00025,ACCT_00430,owns_account
PERSON_00304,ACCT_00441,owns_account
PERSON_00324,ACCT_00470,owns_account
PERSON_00278,ACCT_00472,owns_account
PERSON_00116,ACCT_00474,owns_account
PERSON_00001,ORG_0014,employed_by
PERSON_00002,ORG_0044,employed_by
PERSON_00002,ORG_0040,employed_by
PERSON_00003,ORG_0052,employed_by
PERSON_00004,ORG_0013,employed_by
PERSON_00004,ORG_0055,employed_by
PERSON_00005,ORG_0052,employed_by
PERSON_00006,ORG_0022,employed_by
PERSON_00007,ORG_0002,employed_by
PERSON_00007,ORG_0008,employed_by
PERSON_00008,ORG_0035,employed_by
PERSON_00008,ORG_0031,employed_by
PERSON_00009,ORG_0024,employed_by
PERSON_00010,ORG_0028,employed_by
PERSON_00011,ORG_0018,employed_by
PERSON_00012,ORG_0023,employed_by
PERSON_00012,ORG_0028,employed_by
PERSON_00013,ORG_0051,employed_by
PERSON_00013,ORG_0008,employed_by
PERSON_00014,ORG_0019,employed_by
PERSON_00014,ORG_0036,employed_by
PERSON_00015,ORG_0020,employed_by
PERSON_00015,ORG_0051,employed_by
PERSON_00016,ORG_0009,employed_by
PERSON_00016,ORG_0032,employed_by
PERSON_00017,ORG_0029,employed_by
PERSON_00017,ORG_0011,employed_by
PERSON_00018,ORG_0054,employed_by
PERSON_00019,ORG_0003,employed_by
PERSON_00020,ORG_0023,employed_by
PERSON_00021,ORG_0014,employed_by
PERSON_00021,ORG_0022,employed_by
PERSON_00022,ORG_0024,employed_by
PERSON_00022,ORG_0050,employed_by
PERSON_00023,ORG_0053,employed_by
PERSON_00023,ORG_0048,employed_by
PERSON_00024,ORG_0002,employed_by
PERSON_00024,ORG_0047,employed_by
PERSON_00025,ORG_0023,employed_by
PERSON_00025,ORG_0055,employed_by
PERSON_00026,ORG_0021,employed_by
PERSON_00026,ORG_0027,employed_by
PERSON_00027,ORG_0008,employed_by
PERSON_00028,ORG_0037,employed_by
PERSON_00028,ORG_0001,employed_by
PERSON_00029,ORG_0047,employed_by
PERSON_00030,ORG_0014,employed_by
PERSON_00030,ORG_0036,employed_by
PERSON_00031,ORG_0042,employed_by
PERSON_00031,ORG_0006,employed_by
PERSON_00032,ORG_0054,employed_by
PERSON_00032,ORG_0018,employed_by
PERSON_00033,ORG_0008,employed_by
PERSON_00034,ORG_0031,employed_by
PERSON_00035,ORG_0017,employed_by
PERSON_00035,ORG_0002,employed_by
PERSON_00036,ORG_0024,employed_by
PERSON_00037,ORG_0017,employed_by
PERSON_00038,ORG_0050,employed_by
PERSON_00038,ORG_0047,employed_by
PERSON_00039,ORG_0036,employed_by
PERSON_00040,ORG_0015,employed_by
PERSON_00041,ORG_0034,employed_by
PERSON_00041,ORG_0021,employed_by
PERSON_00042,ORG_0044,employed_by
PERSON_00042,ORG_0015,employed_by
PERSON_00043,ORG_0025,employed_by
PERSON_00043,ORG_0038,employed_by
PERSON_00044,ORG_0024,employed_by
PERSON_00045,ORG_0015,employed_by
PERSON_00045,ORG_0029,employed_by
PERSON_00046,ORG_0018,employed_by
PERSON_00047,ORG_0026,employed_by
PERSON_00047,ORG_0041,employed_by
PERSON_00048,ORG_0038,employed_by
PERSON_00049,ORG_0026,employed_by
PERSON_00050,ORG_0054,employed_by
PERSON_00051,ORG_0042,employed_by
PERSON_00052,ORG_0016,employed_by
PERSON_00052,ORG_0043,employed_by
PERSON_00053,ORG_0048,employed_by
PERSON_00053,ORG_0027,employed_by
PERSON_00054,ORG_0049,employed_by
PERSON_00055,ORG_0035,employed_by
PERSON_00055,ORG_0033,employed_by
PERSON_00056,ORG_0018,employed_by
PERSON_00057,ORG_0030,employed_by
PERSON_00058,ORG_0052,employed_by
PERSON_00058,ORG_0047,employed_by
PERSON_00059,ORG_0024,employed_by
PERSON_00060,ORG_0008,employed_by
PERSON_00061,ORG_0053,employed_by
PERSON_00062,ORG_0015,employed_by
PERSON_00063,ORG_0043,employed_by
PERSON_00064,ORG_0011,employed_by
PERSON_00064,ORG_0037,employed_by
PERSON_00065,ORG_0008,employed_by
PERSON_00065,ORG_0048,employed_by
PERSON_00066,ORG_0034,employed_by
PERSON_00067,ORG_0026,employed_by
PERSON_00067,ORG_0031,employed_by
PERSON_00068,ORG_0001,employed_by
PERSON_00069,ORG_0053,employed_by
PERSON_00070,ORG_0024,employed_by
PERSON_00070,ORG_0005,employed_by
PERSON_00071,ORG_0008,employed_by
PERSON_00071,ORG_0023,employed_by
PERSON_00072,ORG_0004,employed_by
PERSON_00073,ORG_0016,employed_by
PERSON_00074,ORG_0020,employed_by
PERSON_00075,ORG_0018,employed_by
PERSON_00076,ORG_0007,employed_by
PERSON_00077,ORG_0044,employed_by
PERSON_00078,ORG_0037,employed_by
PERSON_00078,ORG_0045,employed_by
PERSON_00079,ORG_0026,employed_by
PERSON_00079,ORG_0041,employed_by
PERSON_00080,ORG_0045,employed_by
PERSON_00081,ORG_0041,employed_by
PERSON_00082,ORG_0028,employed_by
PERSON_00083,ORG_0039,employed_by
PERSON_00084,ORG_0020,employed_by
PERSON_00085,ORG_0035,employed_by
PERSON_00086,ORG_0046,employed_by
PERSON_00087,ORG_0020,employed_by
PERSON_00088,ORG_0013,employed_by
PERSON_00089,ORG_0003,employed_by
PERSON_00090,ORG_0043,employed_by
PERSON_00091,ORG_0053,employed_by
PERSON_00092,ORG_0003,employed_by
PERSON_00093,ORG_0014,employed_by
PERSON_00094,ORG_0039,employed_by
PERSON_00094,ORG_0009,employed_by
PERSON_00095,ORG_0026,employed_by
PERSON_00096,ORG_0037,employed_by
PERSON_00097,ORG_0041,employed_by
PERSON_00098,ORG_0029,employed_by
PERSON_00098,ORG_0046,employed_by
PERSON_00099,ORG_0054,employed_by
PERSON_00100,ORG_0043,employed_by
PERSON_00101,ORG_0047,employed_by
PERSON_00102,ORG_0043,employed_by
PERSON_00102,ORG_0023,employed_by
PERSON_00103,ORG_0007,employed_by
PERSON_00104,ORG_0035,employed_by
PERSON_00105,ORG_0012,employed_by
PERSON_00106,ORG_0004,employed_by
PERSON_00107,ORG_0050,employed_by
PERSON_00107,ORG_0028,employed_by
PERSON_00108,ORG_0023,employed_by
PERSON_00108,ORG_0031,employed_by
PERSON_00109,ORG_0050,employed_by
PERSON_00110,ORG_0030,employed_by
PERSON_00111,ORG_0044,employed_by
PERSON_00112,ORG_0045,employed_by
PERSON_00113,ORG_0041,employed_by
PERSON_00113,ORG_0046,employed_by
PERSON_00114,ORG_0030,employed_by
PERSON_00115,ORG_0031,employed_by
PERSON_00115,ORG_0019,employed_by
PERSON_00116,ORG_0003,employed_by
PERSON_00116,ORG_0038,employed_by
PERSON_00117,ORG_0005,employed_by
PERSON_00118,ORG_0037,employed_by
PERSON_00119,ORG_0037,employed_by
PERSON_00120,ORG_0046,employed_by
PERSON_00121,ORG_0033,employed_by
PERSON_00122,ORG_0054,employed_by
PERSON_00122,ORG_0034,employed_by
PERSON_00123,ORG_0028,employed_by
PERSON_00124,ORG_0049,employed_by
PERSON_00125,ORG_0037,employed_by
PERSON_00126,ORG_0022,employed_by
PERSON_00126,ORG_0027,employed_by
PERSON_00127,ORG_0046,employed_by
PERSON_00127,ORG_0037,employed_by
PERSON_00128,ORG_0037,employed_by
PERSON_00128,ORG_0055,employed_by
PERSON_00129,ORG_0034,employed_by
PERSON_00130,ORG_0042,employed_by
PERSON_00131,ORG_0052,employed_by
PERSON_00132,ORG_0013,employed_by
PERSON_00132,ORG_0046,employed_by
PERSON_00133,ORG_0015,employed_by
PERSON_00133,ORG_0046,employed_by
PERSON_00134,ORG_0020,employed_by
PERSON_00134,ORG_0042,employed_by
PERSON_00135,ORG_0017,employed_by
PERSON_00135,ORG_0009,employed_by
PERSON_00136,ORG_0047,employed_by
PERSON_00137,ORG_0010,employed_by
PERSON_00138,ORG_0054,employed_by
PERSON_00139,ORG_0015,employed_by
PERSON_00139,ORG_0024,employed_by
PERSON_00140,ORG_0023,employed_by
PERSON_00141,ORG_0033,employed_by
PERSON_00141,ORG_0042,employed_by
PERSON_00142,ORG_0030,employed_by
PERSON_00142,ORG_0013,employed_by
PERSON_00143,ORG_0042,employed_by
PERSON_00143,ORG_0052,employed_by
PERSON_00144,ORG_0010,employed_by
PERSON_00145,ORG_0052,employed_by
PERSON_00146,ORG_0050,employed_by
PERSON_00146,ORG_0017,employed_by
PERSON_00147,ORG_0042,employed_by
PERSON_00148,ORG_0011,employed_by
PERSON_00148,ORG_0010,employed_by
PERSON_00149,ORG_0036,employed_by
PERSON_00150,ORG_0015,employed_by
PERSON_00151,ORG_0045,employed_by
PERSON_00151,ORG_0007,employed_by
PERSON_00152,ORG_0004,employed_by
PERSON_00153,ORG_0053,employed_by
PERSON_00154,ORG_0026,employed_by
PERSON_00155,ORG_0028,employed_by
PERSON_00155,ORG_0024,employed_by
PERSON_00156,ORG_0037,employed_by
PERSON_00157,ORG_0026,employed_by
PERSON_00157,ORG_0040,employed_by
PERSON_00158,ORG_0013,employed_by
PERSON_00158,ORG_0018,employed_by
PERSON_00159,ORG_0034,employed_by
PERSON_00160,ORG_0023,employed_by
PERSON_00161,ORG_0028,employed_by
PERSON_00161,ORG_0024,employed_by
PERSON_00162,ORG_0011,employed_by
PERSON_00162,ORG_0003,employed_by
PERSON_00163,ORG_0023,employed_by
PERSON_00164,ORG_0018,employed_by
PERSON_00164,ORG_0031,employed_by
PERSON_00165,ORG_0009,employed_by
PERSON_00166,ORG_0042,employed_by
PERSON_00166,ORG_0009,employed_by
PERSON_00167,ORG_0010,employed_by
PERSON_00168,ORG_0024,employed_by
PERSON_00168,ORG_0017,employed_by
PERSON_00169,ORG_0046,employed_by
PERSON_00169,ORG_0055,employed_by
PERSON_00170,ORG_0008,employed_by
PERSON_00170,ORG_0040,employed_by
PERSON_00171,ORG_0033,employed_by
PERSON_00171,ORG_0023,employed_by
PERSON_00172,ORG_0043,employed_by
PERSON_00173,ORG_0028,employed_by
PERSON_00173,ORG_0037,employed_by
PERSON_00174,ORG_0020,employed_by
PERSON_00175,ORG_0022,employed_by
PERSON_00175,ORG_0051,employed_by
PERSON_00176,ORG_0028,employed_by
PERSON_00177,ORG_0002,employed_by
PERSON_00178,ORG_0042,employed_by
PERSON_00178,ORG_0040,employed_by
PERSON_00179,ORG_0027,employed_by
PERSON_00179,ORG_0028,employed_by
PERSON_00180,ORG_0014,employed_by
PERSON_00181,ORG_0053,employed_by
PERSON_00181,ORG_0052,employed_by
PERSON_00182,ORG_0044,employed_by
PERSON_00183,ORG_0015,employed_by
PERSON_00184,ORG_0040,employed_by
PERSON_00185,ORG_0039,employed_by
PERSON_00185,ORG_0015,employed_by
PERSON_00186,ORG_0029,employed_by
PERSON_00187,ORG_0050,employed_by
PERSON_00188,ORG_0001,employed_by
PERSON_00189,ORG_0043,employed_by
PERSON_00190,ORG_0046,employed_by
PERSON_00190,ORG_0051,employed_by
PERSON_00191,ORG_0005,employed_by
PERSON_00192,ORG_0040,employed_by
PERSON_00193,ORG_0003,employed_by
PERSON_00193,ORG_0043,employed_by
PERSON_00194,ORG_0052,employed_by
PERSON_00195,ORG_0037,employed_by
PERSON_00195,ORG_0022,employed_by
PERSON_00196,ORG_0003,employed_by
PERSON_00196,ORG_0018,employed_by
PERSON_00197,ORG_0026,employed_by
PERSON_00198,ORG_0004,employed_by
PERSON_00199,ORG_0050,employed_by
PERSON_00199,ORG_0012,employed_by
PERSON_00200,ORG_0001,employed_by
PERSON_00201,ORG_0041,employed_by
PERSON_00202,ORG_0037,employed_by
PERSON_00202,ORG_0051,employed_by
PERSON_00203,ORG_0049,employed_by
PERSON_00203,ORG_0016,employed_by
PERSON_00204,ORG_0016,employed_by
PERSON_00204,ORG_0036,employed_by
PERSON_00205,ORG_0011,employed_by
PERSON_00206,ORG_0047,employed_by
PERSON_00207,ORG_0015,employed_by
PERSON_00208,ORG_0023,employed_by
PERSON_00209,ORG_0012,employed_by
PERSON_00210,ORG_0029,employed_by
PERSON_00211,ORG_0032,employed_by
PERSON_00211,ORG_0037,employed_by
PERSON_00212,ORG_0028,employed_by
PERSON_00213,ORG_0047,employed_by
PERSON_00213,ORG_0044,employed_by
PERSON_00214,ORG_0010,employed_by
PERSON_00215,ORG_0025,employed_by
PERSON_00215,ORG_0038,employed_by
PERSON_00216,ORG_0047,employed_by
PERSON_00217,ORG_0011,employed_by
PERSON_00218,ORG_0008,employed_by
PERSON_00218,ORG_0012,employed_by
PERSON_00219,ORG_0003,employed_by
PERSON_00220,ORG_0036,employed_by
PERSON_00220,ORG_0029,employed_by
PERSON_00221,ORG_0010,employed_by
PERSON_00222,ORG_0020,employed_by
PERSON_00222,ORG_0050,employed_by
PERSON_00223,ORG_0054,employed_by
PERSON_00223,ORG_0044,employed_by
PERSON_00224,ORG_0055,employed_by
PERSON_00225,ORG_0002,employed_by
PERSON_00226,ORG_0014,employed_by
PERSON_00227,ORG_0030,employed_by
PERSON_00228,ORG_0033,employed_by
PERSON_00229,ORG_0030,employed_by
PERSON_00230,ORG_0048,employed_by
PERSON_00231,ORG_0026,employed_by
PERSON_00232,ORG_0006,employed_by
PERSON_00233,ORG_0016,employed_by
PERSON_00234,ORG_0025,employed_by
PERSON_00235,ORG_0026,employed_by
PERSON_00235,ORG_0004,employed_by
PERSON_00236,ORG_0014,employed_by
PERSON_00237,ORG_0044,employed_by
PERSON_00238,ORG_0051,employed_by
PERSON_00239,ORG_0037,employed_by
PERSON_00240,ORG_0037,employed_by
PERSON_00241,ORG_0045,employed_by
PERSON_00242,ORG_0023,employed_by
PERSON_00243,ORG_0035,employed_by
PERSON_00244,ORG_0044,employed_by
PERSON_00245,ORG_0022,employed_by
PERSON_00245,ORG_0010,employed_by
PERSON_00246,ORG_0002,employed_by
PERSON_00246,ORG_0030,employed_by
PERSON_00247,ORG_0047,employed_by
PERSON_00248,ORG_0002,employed_by
PERSON_00249,ORG_0025,employed_by
PERSON_00250,ORG_0009,employed_by
PERSON_00250,ORG_0038,employed_by
PERSON_00251,ORG_0014,employed_by
PERSON_00252,ORG_0045,employed_by
PERSON_00253,ORG_0040,employed_by
PERSON_00254,ORG_0050,employed_by
PERSON_00254,ORG_0024,employed_by
PERSON_00255,ORG_0031,employed_by
PERSON_00256,ORG_0038,employed_by
PERSON_00256,ORG_0042,employed_by
PERSON_00257,ORG_0020,employed_by
PERSON_00257,ORG_0040,employed_by
PERSON_00258,ORG_0046,employed_by
PERSON_00258,ORG_0031,employed_by
PERSON_00259,ORG_0051,employed_by
PERSON_00260,ORG_0019,employed_by
PERSON_00261,ORG_0021,employed_by
PERSON_00261,ORG_0012,employed_by
PERSON_00262,ORG_0045,employed_by
PERSON_00263,ORG_0010,employed_by
PERSON_00264,ORG_0029,employed_by
PERSON_00264,ORG_0031,employed_by
PERSON_00265,ORG_0031,employed_by
PERSON_00265,ORG_0041,employed_by
PERSON_00266,ORG_0006,employed_by
PERSON_00266,ORG_0049,employed_by
PERSON_00267,ORG_0047,employed_by
PERSON_00268,ORG_0039,employed_by
PERSON_00269,ORG_0029,employed_by
PERSON_00269,ORG_0053,employed_by
PERSON_00270,ORG_0035,employed_by
PERSON_00270,ORG_0025,employed_by
PERSON_00271,ORG_0027,employed_by
PERSON_00272,ORG_0038,employed_by
PERSON_00273,ORG_0025,employed_by
PERSON_00274,ORG_0045,employed_by
PERSON_00275,ORG_0045,employed_by
PERSON_00275,ORG_0031,employed_by
PERSON_00276,ORG_0003,employed_by
PERSON_00277,ORG_0035,employed_by
PERSON_00277,ORG_0038,employed_by
PERSON_00278,ORG_0004,employed_by
PERSON_00279,ORG_0023,employed_by
PERSON_00280,ORG_0018,employed_by
PERSON_00280,ORG_0001,employed_by
PERSON_00281,ORG_0020,employed_by
PERSON_00282,ORG_0011,employed_by
PERSON_00283,ORG_0046,employed_by
PERSON_00284,ORG_0017,employed_by
PERSON_00284,ORG_0008,employed_by
PERSON_00285,ORG_0035,employed_by
PERSON_00286,ORG_0021,employed_by
PERSON_00287,ORG_0025,employed_by
PERSON_00287,ORG_0051,employed_by
PERSON_00288,ORG_0046,employed_by
PERSON_00289,ORG_0024,employed_by
PERSON_00290,ORG_0004,employed_by
PERSON_00290,ORG_0033,employed_by
PERSON_00291,ORG_0018,employed_by
PERSON_00292,ORG_0027,employed_by
PERSON_00292,ORG_0047,employed_by
PERSON_00293,ORG_0007,employed_by
PERSON_00294,ORG_0002,employed_by
PERSON_00295,ORG_0014,employed_by
PERSON_00295,ORG_0024,employed_by
PERSON_00296,ORG_0011,employed_by
PERSON_00297,ORG_0004,employed_by
PERSON_00298,ORG_0019,employed_by
PERSON_00299,ORG_0036,employed_by
PERSON_00299,ORG_0047,employed_by
PERSON_00300,ORG_0030,employed_by
PERSON_00301,ORG_0036,employed_by
PERSON_00301,ORG_0042,employed_by
PERSON_00302,ORG_0037,employed_by
PERSON_00303,ORG_0040,employed_by
PERSON_00304,ORG_0032,employed_by
PERSON_00304,ORG_0022,employed_by
PERSON_00305,ORG_0003,employed_by
PERSON_00306,ORG_0024,employed_by
PERSON_00307,ORG_0054,employed_by
PERSON_00308,ORG_0030,employed_by
PERSON_00308,ORG_0026,employed_by
PERSON_00309,ORG_0017,employed_by
PERSON_00309,ORG_0029,employed_by
PERSON_00310,ORG_0048,employed_by
PERSON_00311,ORG_0006,employed_by
PERSON_00311,ORG_0032,employed_by
PERSON_00312,ORG_0042,employed_by
PERSON_00313,ORG_0044,employed_by
PERSON_00313,ORG_0012,employed_by
PERSON_00314,ORG_0030,employed_by
PERSON_00315,ORG_0001,employed_by
PERSON_00315,ORG_0021,employed_by
PERSON_00316,ORG_0025,employed_by
PERSON_00316,ORG_0004,employed_by
PERSON_00317,ORG_0036,employed_by
PERSON_00318,ORG_0025,employed_by
PERSON_00319,ORG_0021,employed_by
PERSON_00319,ORG_0055,employed_by
PERSON_00320,ORG_0003,employed_by
PERSON_00321,ORG_0019,employed_by
PERSON_00322,ORG_0030,employed_by
PERSON_00323,ORG_0005,employed_by
PERSON_00324,ORG_0021,employed_by
PERSON_00325,ORG_0011,employed_by
PERSON_00326,ORG_0040,employed_by
PERSON_00327,ORG_0003,employed_by
PERSON_00328,ORG_0034,employed_by
PERSON_00328,ORG_0001,employed_by
PERSON_00329,ORG_0034,employed_by
PERSON_00329,ORG_0031,employed_by
PERSON_00330,ORG_0031,employed_by
PERSON_00331,ORG_0041,employed_by
PERSON_00332,ORG_0039,employed_by
PERSON_00333,ORG_0024,employed_by
PERSON_00333,ORG_0016,employed_by
PERSON_00334,ORG_0009,employed_by
PERSON_00335,ORG_0027,employed_by
PERSON_00335,ORG_0001,employed_by
PERSON_00336,ORG_0022,employed_by
PERSON_00337,ORG_0039,employed_by
PERSON_00338,ORG_0039,employed_by
PERSON_00338,ORG_0007,employed_by
PERSON_00339,ORG_0008,employed_by
PERSON_00340,ORG_0054,employed_by
PERSON_00341,ORG_0037,employed_by
PERSON_00341,ORG_0033,employed_by
PERSON_00342,ORG_0031,employed_by
PERSON_00343,ORG_0011,employed_by
PERSON_00343,ORG_0001,employed_by
PERSON_00344,ORG_0017,employed_by
PERSON_00345,ORG_0017,employed_by
PERSON_00346,ORG_0007,employed_by
PERSON_00347,ORG_0025,employed_by
PERSON_00347,ORG_0020,employed_by
PERSON_00348,ORG_0019,employed_by
PERSON_00348,ORG_0041,employed_by
PERSON_00349,ORG_0027,employed_by
PERSON_00349,ORG_0042,employed_by
PERSON_00350,ORG_0028,employed_by
PERSON_00351,ORG_0043,employed_by
PERSON_00351,ORG_0046,employed_by
PERSON_00352,ORG_0004,employed_by
PERSON_00352,ORG_0008,employed_by
PERSON_00353,ORG_0042,employed_by
PERSON_00354,ORG_0001,employed_by
PERSON_00355,ORG_0019,employed_by
PERSON_00355,ORG_0013,employed_by
PERSON_00356,ORG_0016,employed_by
PERSON_00357,ORG_0028,employed_by
PERSON_00358,ORG_0028,employed_by
PERSON_00359,ORG_0011,employed_by
PERSON_00360,ORG_0042,employed_by
PERSON_00361,ORG_0006,employed_by
PERSON_00361,ORG_0046,employed_by
PERSON_00362,ORG_0014,employed_by
PERSON_00362,ORG_0040,employed_by
PERSON_00363,ORG_0013,employed_by
PERSON_00364,ORG_0050,employed_by
PERSON_00364,ORG_0007,employed_by
PERSON_00365,ORG_0005,employed_by
PERSON_00365,ORG_0025,employed_by
PERSON_00366,ORG_0041,employed_by
PERSON_00366,ORG_0003,employed_by
PERSON_00367,ORG_0003,employed_by
PERSON_00368,ORG_0008,employed_by
PERSON_00369,ORG_0005,employed_by
PERSON_00370,ORG_0050,employed_by
PERSON_00371,ORG_0053,employed_by
PERSON_00372,ORG_0007,employed_by
PERSON_00373,ORG_0045,employed_by
PERSON_00374,ORG_0033,employed_by
PERSON_00374,ORG_0011,employed_by
PERSON_00375,ORG_0007,employed_by
PERSON_00376,ORG_0033,employed_by
PERSON_00377,ORG_0054,employed_by
PERSON_00377,ORG_0044,employed_by
PERSON_00378,ORG_0054,employed_by
PERSON_00378,ORG_0009,employed_by
PERSON_00379,ORG_0010,employed_by
PERSON_00379,ORG_0055,employed_by
PERSON_00380,ORG_0042,employed_by
PERSON_00381,ORG_0019,employed_by
PERSON_00382,ORG_0031,employed_by
PERSON_00383,ORG_0007,employed_by
PERSON_00383,ORG_0015,employed_by
PERSON_00384,ORG_0054,employed_by
PERSON_00384,ORG_0010,employed_by
PERSON_00385,ORG_0004,employed_by
PERSON_00386,ORG_0041,employed_by
PERSON_00387,ORG_0028,employed_by
PERSON_00388,ORG_0033,employed_by
PERSON_00389,ORG_0020,employed_by
PERSON_00390,ORG_0024,employed_by
PERSON_00390,ORG_0052,employed_by
PERSON_00391,ORG_0051,employed_by
PERSON_00392,ORG_0038,employed_by
PERSON_00393,ORG_0007,employed_by
PERSON_00394,ORG_0001,employed_by
PERSON_00395,ORG_0012,employed_by
PERSON_00396,ORG_0024,employed_by
PERSON_00397,ORG_0037,employed_by
PERSON_00398,ORG_0016,employed_by
PERSON_00399,ORG_0037,employed_by
PERSON_00399,ORG_0040,employed_by
PERSON_00400,ORG_0017,employed_by
PERSON_00400,ORG_0009,employed_by
PERSON_00401,ORG_0040,employed_by
PERSON_00401,ORG_0037,employed_by
PERSON_00402,ORG_0011,employed_by
PERSON_00403,ORG_0055,employed_by
PERSON_00403,ORG_0030,employed_by
PERSON_00404,ORG_0023,employed_by
PERSON_00404,ORG_0041,employed_by
PERSON_00405,ORG_0043,employed_by
PERSON_00406,ORG_0042,employed_by
PERSON_00406,ORG_0037,employed_by
PERSON_00407,ORG_0022,employed_by
PERSON_00408,ORG_0029,employed_by
PERSON_00409,ORG_0018,employed_by
PERSON_00409,ORG_0005,employed_by
PERSON_00410,ORG_0015,employed_by
PERSON_00411,ORG_0025,employed_by
PERSON_00412,ORG_0002,employed_by
PERSON_00412,ORG_0037,employed_by
PERSON_00413,ORG_0012,employed_by
PERSON_00413,ORG_0045,employed_by
PERSON_00414,ORG_0044,employed_by
PERSON_00415,ORG_0012,employed_by
PERSON_00416,ORG_0055,employed_by
PERSON_00416,ORG_0041,employed_by
PERSON_00417,ORG_0053,employed_by
PERSON_00417,ORG_0041,employed_by
PERSON_00418,ORG_0019,employed_by
PERSON_00418,ORG_0014,employed_by
PERSON_00419,ORG_0023,employed_by
PERSON_00419,ORG_0020,employed_by
PERSON_00420,ORG_0025,employed_by
PERSON_00421,ORG_0030,employed_by
PERSON_00421,ORG_0010,employed_by
PERSON_00422,ORG_0055,employed_by
PERSON_00423,ORG_0030,employed_by
PERSON_00424,ORG_0030,employed_by
PERSON_00424,ORG_0029,employed_by
PERSON_00425,ORG_0018,employed_by
PERSON_00426,ORG_0022,employed_by
PERSON_00426,ORG_0033,employed_by
PERSON_00427,ORG_0037,employed_by
PERSON_00428,ORG_0033,employed_by
PERSON_00429,ORG_0028,employed_by
PERSON_00429,ORG_0043,employed_by
PERSON_00430,ORG_0025,employed_by
PERSON_00431,ORG_0005,employed_by
PERSON_00431,ORG_0031,employed_by
PERSON_00432,ORG_0051,employed_by
PERSON_00432,ORG_0042,employed_by
PERSON_00433,ORG_0038,employed_by
PERSON_00433,ORG_0047,employed_by
PERSON_00434,ORG_0016,employed_by
PERSON_00434,ORG_0042,employed_by
PERSON_00435,ORG_0006,employed_by
PERSON_00436,ORG_0013,employed_by
PERSON_00436,ORG_0025,employed_by
PERSON_00437,ORG_0055,employed_by
PERSON_00438,ORG_0020,employed_by
PERSON_00438,ORG_0040,employed_by
PERSON_00439,ORG_0033,employed_by
PERSON_00440,ORG_0045,employed_by
PERSON_00441,ORG_0046,employed_by
PERSON_00441,ORG_0031,employed_by
PERSON_00442,ORG_0044,employed_by
PERSON_00443,ORG_0033,employed_by
PERSON_00444,ORG_0049,employed_by
PERSON_00445,ORG_0039,employed_by
PERSON_00446,ORG_0051,employed_by
PERSON_00447,ORG_0018,employed_by
PERSON_00447,ORG_0036,employed_by
PERSON_00448,ORG_0007,employed_by
PERSON_00448,ORG_0014,employed_by
PERSON_00449,ORG_0050,employed_by
PERSON_00450,ORG_0049,employed_by
PERSON_00450,ORG_0042,employed_by
PERSON_00277,VEH_0001,owns_vehicle
PERSON_00336,VEH_0002,owns_vehicle
PERSON_00138,VEH_0002,owns_vehicle
PERSON_00095,VEH_0003,owns_vehicle
PERSON_00214,VEH_0004,owns_vehicle
PERSON_00011,VEH_0005,owns_vehicle
PERSON_00303,VEH_0006,owns_vehicle
PERSON_00179,VEH_0006,owns_vehicle
PERSON_00025,VEH_0006,owns_vehicle
PERSON_00261,VEH_0007,owns_vehicle
PERSON_00219,VEH_0007,owns_vehicle
PERSON_00238,VEH_0008,owns_vehicle
PERSON_00083,VEH_0009,owns_vehicle
PERSON_00177,VEH_0009,owns_vehicle
PERSON_00083,VEH_0010,owns_vehicle
PERSON_00373,VEH_0011,owns_vehicle
PERSON_00171,VEH_0011,owns_vehicle
PERSON_00056,VEH_0012,owns_vehicle
PERSON_00211,VEH_0013,owns_vehicle
PERSON_00397,VEH_0013,owns_vehicle
PERSON_00226,VEH_0014,owns_vehicle
PERSON_00185,VEH_0014,owns_vehicle
PERSON_00410,VEH_0015,owns_vehicle
PERSON_00227,VEH_0016,owns_vehicle
PERSON_00388,VEH_0016,owns_vehicle
PERSON_00395,VEH_0017,owns_vehicle
PERSON_00001,VEH_0018,owns_vehicle
PERSON_00239,VEH_0019,owns_vehicle
PERSON_00363,VEH_0020,owns_vehicle
PERSON_00244,VEH_0021,owns_vehicle
PERSON_00265,VEH_0022,owns_vehicle
PERSON_00003,VEH_0023,owns_vehicle
PERSON_00306,VEH_0024,owns_vehicle
PERSON_00340,VEH_0024,owns_vehicle
PERSON_00429,VEH_0025,owns_vehicle
PERSON_00347,VEH_0026,owns_vehicle
PERSON_00374,VEH_0027,owns_vehicle
PERSON_00249,VEH_0028,owns_vehicle
PERSON_00342,VEH_0029,owns_vehicle
PERSON_00377,VEH_0029,owns_vehicle
PERSON_00079,VEH_0030,owns_vehicle
PERSON_00302,VEH_0031,owns_vehicle
PERSON_00189,VEH_0031,owns_vehicle
PERSON_00151,VEH_0032,owns_vehicle
PERSON_00406,VEH_0033,owns_vehicle
PERSON_00191,VEH_0033,owns_vehicle
PERSON_00034,VEH_0034,owns_vehicle
PERSON_00366,VEH_0035,owns_vehicle
PERSON_00305,VEH_0035,owns_vehicle
PERSON_00365,VEH_0036,owns_vehicle
PERSON_00123,VEH_0036,owns_vehicle
PERSON_00005,VEH_0037,owns_vehicle
PERSON_00090,VEH_0038,owns_vehicle
PERSON_00398,VEH_0039,owns_vehicle
PERSON_00381,VEH_0040,owns_vehicle
PERSON_00033,VEH_0040,owns_vehicle
PERSON_00105,VEH_0041,owns_vehicle
PERSON_00422,VEH_0042,owns_vehicle
PERSON_00209,VEH_0043,owns_vehicle
PERSON_00046,VEH_0043,owns_vehicle
PERSON_00308,VEH_0043,owns_vehicle
PERSON_00309,VEH_0044,owns_vehicle
PERSON_00274,VEH_0045,owns_vehicle
PERSON_00322,VEH_0046,owns_vehicle
PERSON_00011,VEH_0046,owns_vehicle
PERSON_00276,VEH_0047,owns_vehicle
PERSON_00086,VEH_0047,owns_vehicle
PERSON_00127,VEH_0048,owns_vehicle
PERSON_00299,VEH_0049,owns_vehicle
PERSON_00435,VEH_0050,owns_vehicle
PERSON_00430,VEH_0051,owns_vehicle
PERSON_00319,VEH_0052,owns_vehicle
PERSON_00257,VEH_0052,owns_vehicle
PERSON_00060,VEH_0052,owns_vehicle
PERSON_00370,VEH_0053,owns_vehicle
PERSON_00110,VEH_0054,owns_vehicle
PERSON_00262,VEH_0054,owns_vehicle
PERSON_00212,VEH_0054,owns_vehicle
PERSON_00154,VEH_0055,owns_vehicle
PERSON_00309,VEH_0056,owns_vehicle
PERSON_00233,VEH_0057,owns_vehicle
PERSON_00012,VEH_0058,owns_vehicle
PERSON_00009,VEH_0059,owns_vehicle
PERSON_00205,VEH_0060,owns_vehicle
PERSON_00424,VEH_0061,owns_vehicle
PERSON_00299,VEH_0061,owns_vehicle
PERSON_00083,VEH_0061,owns_vehicle
PERSON_00256,VEH_0062,owns_vehicle
PERSON_00105,VEH_0062,owns_vehicle
PERSON_00197,VEH_0063,owns_vehicle
PERSON_00044,VEH_0063,owns_vehicle
PERSON_00070,VEH_0064,owns_vehicle
PERSON_00121,VEH_0064,owns_vehicle
PERSON_00158,VEH_0065,owns_vehicle
PERSON_00418,VEH_0066,owns_vehicle
PERSON_00311,VEH_0067,owns_vehicle
PERSON_00356,VEH_0068,owns_vehicle
PERSON_00444,VEH_0069,owns_vehicle
PERSON_00216,VEH_0070,owns_vehicle
PERSON_00100,VEH_0070,owns_vehicle
PERSON_00076,VEH_0071,owns_vehicle
PERSON_00334,VEH_0071,owns_vehicle
PERSON_00007,VEH_0072,owns_vehicle
PERSON_00419,VEH_0073,owns_vehicle
PERSON_00416,VEH_0073,owns_vehicle
PERSON_00254,VEH_0074,owns_vehicle
PERSON_00013,VEH_0075,owns_vehicle
PERSON_00296,VEH_0075,owns_vehicle
PERSON_00224,VEH_0076,owns_vehicle
PERSON_00182,VEH_0077,owns_vehicle
PERSON_00416,VEH_0078,owns_vehicle
PERSON_00140,VEH_0078,owns_vehicle
PERSON_00247,VEH_0079,owns_vehicle
PERSON_00130,VEH_0079,owns_vehicle
PERSON_00197,VEH_0079,owns_vehicle
PERSON_00001,VEH_0080,owns_vehicle
PERSON_00013,VEH_0081,owns_vehicle
PERSON_00364,VEH_0082,owns_vehicle
PERSON_00446,VEH_0083,owns_vehicle
PERSON_00023,VEH_0084,owns_vehicle
PERSON_00187,VEH_0085,owns_vehicle
PERSON_00113,VEH_0086,owns_vehicle
PERSON_00102,VEH_0087,owns_vehicle
PERSON_00028,VEH_0087,owns_vehicle
PERSON_00066,VEH_0088,owns_vehicle
PERSON_00386,VEH_0089,owns_vehicle
PERSON_00116,VEH_0090,owns_vehicle
PERSON_00039,VEH_0090,owns_vehicle
PERSON_00175,VEH_0091,owns_vehicle
PERSON_00023,VEH_0091,owns_vehicle
PERSON_00444,VEH_0092,owns_vehicle
PERSON_00109,VEH_0092,owns_vehicle
PERSON_00146,VEH_0093,owns_vehicle
PERSON_00070,VEH_0093,owns_vehicle
PERSON_00111,VEH_0094,owns_vehicle
PERSON_00162,VEH_0094,owns_vehicle
PERSON_00244,VEH_0095,owns_vehicle
PERSON_00097,VEH_0095,owns_vehicle
PERSON_00276,VEH_0096,owns_vehicle
PERSON_00053,VEH_0097,owns_vehicle
PERSON_00089,VEH_0097,owns_vehicle
PERSON_00121,VEH_0098,owns_vehicle
PERSON_00325,VEH_0099,owns_vehicle
PERSON_00253,VEH_0100,owns_vehicle
PERSON_00215,VEH_0100,owns_vehicle
PERSON_00063,VEH_0101,owns_vehicle
PERSON_00292,VEH_0102,owns_vehicle
PERSON_00017,VEH_0102,owns_vehicle
PERSON_00387,VEH_0102,owns_vehicle
PERSON_00083,VEH_0103,owns_vehicle
PERSON_00207,VEH_0103,owns_vehicle
PERSON_00283,VEH_0103,owns_vehicle
PERSON_00450,VEH_0104,owns_vehicle
PERSON_00116,VEH_0104,owns_vehicle
PERSON_00206,VEH_0105,owns_vehicle
PERSON_00260,VEH_0106,owns_vehicle
PERSON_00060,VEH_0106,owns_vehicle
PERSON_00083,VEH_0107,owns_vehicle
PERSON_00381,VEH_0108,owns_vehicle
PERSON_00440,VEH_0109,owns_vehicle
PERSON_00018,VEH_0110,owns_vehicle
PERSON_00400,VEH_0111,owns_vehicle
PERSON_00237,VEH_0111,owns_vehicle
PERSON_00070,VEH_0112,owns_vehicle
PERSON_00044,VEH_0113,owns_vehicle
PERSON_00160,VEH_0113,owns_vehicle
PERSON_00368,VEH_0113,owns_vehicle
PERSON_00335,VEH_0114,owns_vehicle
PERSON_00104,VEH_0115,owns_vehicle
PERSON_00307,VEH_0115,owns_vehicle
PERSON_00028,VEH_0116,owns_vehicle
PERSON_00259,VEH_0117,owns_vehicle
PERSON_00398,VEH_0117,owns_vehicle
PERSON_00007,VEH_0118,owns_vehicle
PERSON_00369,VEH_0119,owns_vehicle
PERSON_00374,VEH_0119,owns_vehicle
PERSON_00280,VEH_0120,owns_vehicle
PERSON_00021,VEH_0120,owns_vehicle
PERSON_00373,VEH_0121,owns_vehicle
PERSON_00116,VEH_0121,owns_vehicle
PERSON_00029,VEH_0122,owns_vehicle
PERSON_00355,VEH_0122,owns_vehicle
PERSON_00151,VEH_0123,owns_vehicle
PERSON_00249,VEH_0123,owns_vehicle
PERSON_00275,VEH_0124,owns_vehicle
PERSON_00214,VEH_0125,owns_vehicle
PERSON_00020,VEH_0126,owns_vehicle
PERSON_00319,VEH_0126,owns_vehicle
PERSON_00201,VEH_0127,owns_vehicle
PERSON_00191,VEH_0128,owns_vehicle
PERSON_00098,VEH_0129,owns_vehicle
PERSON_00084,VEH_0130,owns_vehicle
PERSON_00388,VEH_0130,owns_vehicle
PERSON_00185,VEH_0131,owns_vehicle
PERSON_00444,VEH_0132,owns_vehicle
PERSON_00042,VEH_0133,owns_vehicle
PERSON_00257,VEH_0134,owns_vehicle
PERSON_00443,VEH_0134,owns_vehicle
PERSON_00364,VEH_0135,owns_vehicle
PERSON_00404,VEH_0136,owns_vehicle
PERSON_00241,VEH_0137,owns_vehicle
PERSON_00225,VEH_0138,owns_vehicle
PERSON_00225,VEH_0139,owns_vehicle
PERSON_00055,VEH_0140,owns_vehicle
PERSON_00056,VEH_0141,owns_vehicle
PERSON_00073,VEH_0142,owns_vehicle
PERSON_00156,VEH_0143,owns_vehicle
PERSON_00046,VEH_0143,owns_vehicle
PERSON_00231,VEH_0143,owns_vehicle
PERSON_00350,VEH_0144,owns_vehicle
PERSON_00080,VEH_0144,owns_vehicle
PERSON_00431,VEH_0145,owns_vehicle
PERSON_00422,VEH_0146,owns_vehicle
PERSON_00243,VEH_0147,owns_vehicle
PERSON_00146,VEH_0148,owns_vehicle
PERSON_00433,VEH_0149,owns_vehicle
PERSON_00093,VEH_0150,owns_vehicle
PERSON_00072,VEH_0151,owns_vehicle
PERSON_00253,VEH_0151,owns_vehicle
PERSON_00144,VEH_0152,owns_vehicle
PERSON_00016,VEH_0152,owns_vehicle
PERSON_00289,VEH_0152,owns_vehicle
PERSON_00087,VEH_0153,owns_vehicle
PERSON_00009,VEH_0154,owns_vehicle
PERSON_00372,VEH_0155,owns_vehicle
PERSON_00357,VEH_0155,owns_vehicle
PERSON_00362,VEH_0156,owns_vehicle
PERSON_00064,VEH_0156,owns_vehicle
PERSON_00219,VEH_0156,owns_vehicle
PERSON_00005,VEH_0157,owns_vehicle
PERSON_00176,VEH_0158,owns_vehicle
PERSON_00398,VEH_0158,owns_vehicle
PERSON_00020,VEH_0159,owns_vehicle
PERSON_00273,VEH_0160,owns_vehicle
PERSON_00143,VEH_0160,owns_vehicle
PERSON_00108,VEH_0161,owns_vehicle
PERSON_00194,VEH_0161,owns_vehicle
PERSON_00257,VEH_0162,owns_vehicle
PERSON_00357,VEH_0163,owns_vehicle
PERSON_00323,VEH_0164,owns_vehicle
PERSON_00128,VEH_0165,owns_vehicle
PERSON_00278,VEH_0166,owns_vehicle
PERSON_00204,VEH_0167,owns_vehicle
PERSON_00135,VEH_0167,owns_vehicle
PERSON_00147,VEH_0168,owns_vehicle
PERSON_00068,VEH_0169,owns_vehicle
PERSON_00201,VEH_0170,owns_vehicle
PERSON_00316,VEH_0171,owns_vehicle
PERSON_00113,VEH_0171,owns_vehicle
PERSON_00207,VEH_0172,owns_vehicle
PERSON_00170,VEH_0173,owns_vehicle
PERSON_00082,VEH_0174,owns_vehicle
PERSON_00260,VEH_0174,owns_vehicle
PERSON_00363,VEH_0175,owns_vehicle
PERSON_00169,VEH_0176,owns_vehicle
PERSON_00106,VEH_0177,owns_vehicle
PERSON_00332,VEH_0178,owns_vehicle
PERSON_00268,VEH_0179,owns_vehicle
PERSON_00372,VEH_0180,owns_vehicle
PERSON_00421,VEH_0181,owns_vehicle
PERSON_00005,VEH_0182,owns_vehicle
PERSON_00263,VEH_0183,owns_vehicle
PERSON_00411,VEH_0183,owns_vehicle
PERSON_00100,VEH_0184,owns_vehicle
PERSON_00310,VEH_0185,owns_vehicle
PERSON_00432,VEH_0186,owns_vehicle
PERSON_00170,VEH_0187,owns_vehicle
PERSON_00443,VEH_0188,owns_vehicle
PERSON_00437,VEH_0189,owns_vehicle
PERSON_00049,VEH_0190,owns_vehicle
PERSON_00001,VEH_0190,owns_vehicle
PERSON_00437,VEH_0191,owns_vehicle
PERSON_00064,VEH_0192,owns_vehicle
PERSON_00015,VEH_0193,owns_vehicle
PERSON_00303,VEH_0194,owns_vehicle
PERSON_00274,VEH_0195,owns_vehicle
PERSON_00315,VEH_0196,owns_vehicle
PERSON_00392,VEH_0197,owns_vehicle
PERSON_00216,VEH_0198,owns_vehicle
PERSON_00255,VEH_0199,owns_vehicle
PERSON_00212,VEH_0200,owns_vehicle
PERSON_00180,VEH_0201,owns_vehicle
PERSON_00447,VEH_0202,owns_vehicle
PERSON_00334,VEH_0203,owns_vehicle
PERSON_00121,VEH_0204,owns_vehicle
PERSON_00199,VEH_0205,owns_vehicle
PERSON_00261,VEH_0206,owns_vehicle
PERSON_00285,VEH_0206,owns_vehicle
PERSON_00132,VEH_0207,owns_vehicle
PERSON_00404,VEH_0207,owns_vehicle
PERSON_00006,VEH_0208,owns_vehicle
PERSON_00337,VEH_0209,owns_vehicle
PERSON_00215,VEH_0209,owns_vehicle
PERSON_00268,VEH_0210,owns_vehicle
PERSON_00137,VEH_0211,owns_vehicle
PERSON_00003,VEH_0211,owns_vehicle
PERSON_00095,VEH_0211,owns_vehicle
PERSON_00390,VEH_0212,owns_vehicle
PERSON_00300,VEH_0213,owns_vehicle
PERSON_00060,VEH_0214,owns_vehicle
PERSON_00109,VEH_0215,owns_vehicle
PERSON_00034,VEH_0215,owns_vehicle
PERSON_00117,VEH_0216,owns_vehicle
PERSON_00032,VEH_0217,owns_vehicle
PERSON_00448,VEH_0218,owns_vehicle
PERSON_00022,VEH_0219,owns_vehicle
PERSON_00030,VEH_0220,owns_vehicle
PERSON_00235,VEH_0220,owns_vehicle
PERSON_00246,VEH_0221,owns_vehicle
PERSON_00016,VEH_0222,owns_vehicle
PERSON_00022,VEH_0222,owns_vehicle
PERSON_00062,VEH_0222,owns_vehicle
PERSON_00232,VEH_0223,owns_vehicle
PERSON_00145,VEH_0223,owns_vehicle
PERSON_00407,VEH_0224,owns_vehicle
PERSON_00412,VEH_0225,owns_vehicle
PERSON_00259,VEH_0226,owns_vehicle
PERSON_00397,VEH_0226,owns_vehicle
PERSON_00298,VEH_0227,owns_vehicle
PERSON_00373,VEH_0228,owns_vehicle
PERSON_00295,VEH_0229,owns_vehicle
PERSON_00383,VEH_0229,owns_vehicle
PERSON_00394,VEH_0230,owns_vehicle
PERSON_00001,ADDR_00352,resides_at
PERSON_00002,ADDR_00365,resides_at
PERSON_00003,ADDR_00110,resides_at
PERSON_00004,ADDR_00432,resides_at
PERSON_00005,ADDR_00224,resides_at
PERSON_00006,ADDR_00432,resides_at
PERSON_00007,ADDR_00406,resides_at
PERSON_00008,ADDR_00091,resides_at
PERSON_00009,ADDR_00307,resides_at
PERSON_00010,ADDR_00299,resides_at
PERSON_00011,ADDR_00188,resides_at
PERSON_00012,ADDR_00247,resides_at
PERSON_00013,ADDR_00139,resides_at
PERSON_00014,ADDR_00436,resides_at
PERSON_00015,ADDR_00398,resides_at
PERSON_00016,ADDR_00397,resides_at
PERSON_00017,ADDR_00424,resides_at
PERSON_00018,ADDR_00012,resides_at
PERSON_00019,ADDR_00405,resides_at
PERSON_00020,ADDR_00162,resides_at
PERSON_00021,ADDR_00253,resides_at
PERSON_00022,ADDR_00239,resides_at
PERSON_00023,ADDR_00341,resides_at
PERSON_00024,ADDR_00200,resides_at
PERSON_00025,ADDR_00304,resides_at
PERSON_00026,ADDR_00056,resides_at
PERSON_00027,ADDR_00111,resides_at
PERSON_00028,ADDR_00154,resides_at
PERSON_00029,ADDR_00065,resides_at
PERSON_00030,ADDR_00359,resides_at
PERSON_00031,ADDR_00311,resides_at
PERSON_00032,ADDR_00264,resides_at
PERSON_00033,ADDR_00465,resides_at
PERSON_00034,ADDR_00432,resides_at
PERSON_00035,ADDR_00315,resides_at
PERSON_00036,ADDR_00450,resides_at
PERSON_00037,ADDR_00014,resides_at
PERSON_00038,ADDR_00264,resides_at
PERSON_00039,ADDR_00094,resides_at
PERSON_00040,ADDR_00475,resides_at
PERSON_00041,ADDR_00053,resides_at
PERSON_00042,ADDR_00201,resides_at
PERSON_00043,ADDR_00442,resides_at
PERSON_00044,ADDR_00315,resides_at
PERSON_00045,ADDR_00063,resides_at
PERSON_00046,ADDR_00424,resides_at
PERSON_00047,ADDR_00153,resides_at
PERSON_00048,ADDR_00119,resides_at
PERSON_00049,ADDR_00133,resides_at
PERSON_00050,ADDR_00439,resides_at
PERSON_00051,ADDR_00017,resides_at
PERSON_00052,ADDR_00138,resides_at
PERSON_00053,ADDR_00219,resides_at
PERSON_00054,ADDR_00466,resides_at
PERSON_00055,ADDR_00201,resides_at
PERSON_00056,ADDR_00025,resides_at
PERSON_00057,ADDR_00123,resides_at
PERSON_00058,ADDR_00471,resides_at
PERSON_00059,ADDR_00091,resides_at
PERSON_00060,ADDR_00391,resides_at
PERSON_00061,ADDR_00366,resides_at
PERSON_00062,ADDR_00274,resides_at
PERSON_00063,ADDR_00171,resides_at
PERSON_00064,ADDR_00207,resides_at
PERSON_00065,ADDR_00001,resides_at
PERSON_00066,ADDR_00094,resides_at
PERSON_00067,ADDR_00011,resides_at
PERSON_00068,ADDR_00201,resides_at
PERSON_00069,ADDR_00207,resides_at
PERSON_00070,ADDR_00375,resides_at
PERSON_00071,ADDR_00300,resides_at
PERSON_00072,ADDR_00306,resides_at
PERSON_00073,ADDR_00145,resides_at
PERSON_00074,ADDR_00124,resides_at
PERSON_00075,ADDR_00207,resides_at
PERSON_00076,ADDR_00315,resides_at
PERSON_00077,ADDR_00221,resides_at
PERSON_00078,ADDR_00358,resides_at
PERSON_00079,ADDR_00331,resides_at
PERSON_00080,ADDR_00369,resides_at
PERSON_00081,ADDR_00072,resides_at
PERSON_00082,ADDR_00454,resides_at
PERSON_00083,ADDR_00118,resides_at
PERSON_00084,ADDR_00353,resides_at
PERSON_00085,ADDR_00334,resides_at
PERSON_00086,ADDR_00358,resides_at
PERSON_00087,ADDR_00127,resides_at
PERSON_00088,ADDR_00173,resides_at
PERSON_00089,ADDR_00374,resides_at
PERSON_00090,ADDR_00354,resides_at
PERSON_00091,ADDR_00079,resides_at
PERSON_00092,ADDR_00132,resides_at
PERSON_00093,ADDR_00425,resides_at
PERSON_00094,ADDR_00006,resides_at
PERSON_00095,ADDR_00041,resides_at
PERSON_00096,ADDR_00404,resides_at
PERSON_00097,ADDR_00463,resides_at
PERSON_00098,ADDR_00277,resides_at
PERSON_00099,ADDR_00256,resides_at
PERSON_00100,ADDR_00252,resides_at
PERSON_00101,ADDR_00177,resides_at
PERSON_00102,ADDR_00436,resides_at
PERSON_00103,ADDR_00358,resides_at
PERSON_00104,ADDR_00265,resides_at
PERSON_00105,ADDR_00151,resides_at
PERSON_00106,ADDR_00290,resides_at
PERSON_00107,ADDR_00334,resides_at
PERSON_00108,ADDR_00111,resides_at
PERSON_00109,ADDR_00406,resides_at
PERSON_00110,ADDR_00006,resides_at
PERSON_00111,ADDR_00158,resides_at
PERSON_00112,ADDR_00315,resides_at
PERSON_00113,ADDR_00041,resides_at
PERSON_00114,ADDR_00223,resides_at
PERSON_00115,ADDR_00051,resides_at
PERSON_00116,ADDR_00122,resides_at
PERSON_00117,ADDR_00425,resides_at
PERSON_00118,ADDR_00378,resides_at
PERSON_00119,ADDR_00314,resides_at
PERSON_00120,ADDR_00094,resides_at
PERSON_00121,ADDR_00454,resides_at
PERSON_00122,ADDR_00196,resides_at
PERSON_00123,ADDR_00041,resides_at
PERSON_00124,ADDR_00322,resides_at
PERSON_00125,ADDR_00026,resides_at
PERSON_00126,ADDR_00060,resides_at
PERSON_00127,ADDR_00424,resides_at
PERSON_00128,ADDR_00290,resides_at
PERSON_00129,ADDR_00442,resides_at
PERSON_00130,ADDR_00103,resides_at
PERSON_00131,ADDR_00044,resides_at
PERSON_00132,ADDR_00150,resides_at
PERSON_00133,ADDR_00221,resides_at
PERSON_00134,ADDR_00359,resides_at
PERSON_00135,ADDR_00089,resides_at
PERSON_00136,ADDR_00049,resides_at
PERSON_00137,ADDR_00063,resides_at
PERSON_00138,ADDR_00282,resides_at
PERSON_00139,ADDR_00408,resides_at
PERSON_00140,ADDR_00420,resides_at
PERSON_00141,ADDR_00116,resides_at
PERSON_00142,ADDR_00347,resides_at
PERSON_00143,ADDR_00290,resides_at
PERSON_00144,ADDR_00334,resides_at
PERSON_00145,ADDR_00142,resides_at
PERSON_00146,ADDR_00032,resides_at
PERSON_00147,ADDR_00172,resides_at
PERSON_00148,ADDR_00151,resides_at
PERSON_00149,ADDR_00250,resides_at
PERSON_00150,ADDR_00130,resides_at
PERSON_00151,ADDR_00199,resides_at
PERSON_00152,ADDR_00456,resides_at
PERSON_00153,ADDR_00290,resides_at
PERSON_00154,ADDR_00027,resides_at
PERSON_00155,ADDR_00241,resides_at
PERSON_00156,ADDR_00374,resides_at
PERSON_00157,ADDR_00469,resides_at
PERSON_00158,ADDR_00378,resides_at
PERSON_00159,ADDR_00393,resides_at
PERSON_00160,ADDR_00058,resides_at
PERSON_00161,ADDR_00154,resides_at
PERSON_00162,ADDR_00151,resides_at
PERSON_00163,ADDR_00099,resides_at
PERSON_00164,ADDR_00278,resides_at
PERSON_00165,ADDR_00450,resides_at
PERSON_00166,ADDR_00360,resides_at
PERSON_00167,ADDR_00457,resides_at
PERSON_00168,ADDR_00011,resides_at
PERSON_00169,ADDR_00249,resides_at
PERSON_00170,ADDR_00177,resides_at
PERSON_00171,ADDR_00143,resides_at
PERSON_00172,ADDR_00426,resides_at
PERSON_00173,ADDR_00295,resides_at
PERSON_00174,ADDR_00135,resides_at
PERSON_00175,ADDR_00244,resides_at
PERSON_00176,ADDR_00282,resides_at
PERSON_00177,ADDR_00147,resides_at
PERSON_00178,ADDR_00084,resides_at
PERSON_00179,ADDR_00458,resides_at
PERSON_00180,ADDR_00249,resides_at
PERSON_00181,ADDR_00451,resides_at
PERSON_00182,ADDR_00437,resides_at
PERSON_00183,ADDR_00250,resides_at
PERSON_00184,ADDR_00235,resides_at
PERSON_00185,ADDR_00261,resides_at
PERSON_00186,ADDR_00075,resides_at
PERSON_00187,ADDR_00035,resides_at
PERSON_00188,ADDR_00099,resides_at
PERSON_00189,ADDR_00297,resides_at
PERSON_00190,ADDR_00293,resides_at
PERSON_00191,ADDR_00185,resides_at
PERSON_00192,ADDR_00359,resides_at
PERSON_00193,ADDR_00153,resides_at
PERSON_00194,ADDR_00315,resides_at
PERSON_00195,ADDR_00312,resides_at
PERSON_00196,ADDR_00406,resides_at
PERSON_00197,ADDR_00450,resides_at
PERSON_00198,ADDR_00167,resides_at
PERSON_00199,ADDR_00026,resides_at
PERSON_00200,ADDR_00175,resides_at
PERSON_00201,ADDR_00089,resides_at
PERSON_00202,ADDR_00079,resides_at
PERSON_00203,ADDR_00096,resides_at
PERSON_00204,ADDR_00225,resides_at
PERSON_00205,ADDR_00427,resides_at
PERSON_00206,ADDR_00290,resides_at
PERSON_00207,ADDR_00034,resides_at
PERSON_00208,ADDR_00197,resides_at
PERSON_00209,ADDR_00324,resides_at
PERSON_00210,ADDR_00138,resides_at
PERSON_00211,ADDR_00272,resides_at
PERSON_00212,ADDR_00043,resides_at
PERSON_00213,ADDR_00036,resides_at
PERSON_00214,ADDR_00013,resides_at
PERSON_00215,ADDR_00064,resides_at
PERSON_00216,ADDR_00408,resides_at
PERSON_00217,ADDR_00185,resides_at
PERSON_00218,ADDR_00393,resides_at
PERSON_00219,ADDR_00068,resides_at
PERSON_00220,ADDR_00082,resides_at
PERSON_00221,ADDR_00241,resides_at
PERSON_00222,ADDR_00185,resides_at
PERSON_00223,ADDR_00201,resides_at
PERSON_00224,ADDR_00431,resides_at
PERSON_00225,ADDR_00343,resides_at
PERSON_00226,ADDR_00249,resides_at
PERSON_00227,ADDR_00042,resides_at
PERSON_00228,ADDR_00332,resides_at
PERSON_00229,ADDR_00310,resides_at
PERSON_00230,ADDR_00024,resides_at
PERSON_00231,ADDR_00299,resides_at
PERSON_00232,ADDR_00347,resides_at
PERSON_00233,ADDR_00195,resides_at
PERSON_00234,ADDR_00358,resides_at
PERSON_00235,ADDR_00171,resides_at
PERSON_00236,ADDR_00082,resides_at
PERSON_00237,ADDR_00467,resides_at
PERSON_00238,ADDR_00180,resides_at
PERSON_00239,ADDR_00122,resides_at
PERSON_00240,ADDR_00118,resides_at
PERSON_00241,ADDR_00230,resides_at
PERSON_00242,ADDR_00063,resides_at
PERSON_00243,ADDR_00075,resides_at
PERSON_00244,ADDR_00356,resides_at
PERSON_00245,ADDR_00431,resides_at
PERSON_00246,ADDR_00055,resides_at
PERSON_00247,ADDR_00229,resides_at
PERSON_00248,ADDR_00461,resides_at
PERSON_00249,ADDR_00167,resides_at
PERSON_00250,ADDR_00444,resides_at
PERSON_00251,ADDR_00333,resides_at
PERSON_00252,ADDR_00112,resides_at
PERSON_00253,ADDR_00077,resides_at
PERSON_00254,ADDR_00436,resides_at
PERSON_00255,ADDR_00448,resides_at
PERSON_00256,ADDR_00151,resides_at
PERSON_00257,ADDR_00005,resides_at
PERSON_00258,ADDR_00459,resides_at
PERSON_00259,ADDR_00403,resides_at
PERSON_00260,ADDR_00205,resides_at
PERSON_00261,ADDR_00282,resides_at
PERSON_00262,ADDR_00190,resides_at
PERSON_00263,ADDR_00094,resides_at
PERSON_00264,ADDR_00259,resides_at
PERSON_00265,ADDR_00297,resides_at
PERSON_00266,ADDR_00332,resides_at
PERSON_00267,ADDR_00342,resides_at
PERSON_00268,ADDR_00407,resides_at
PERSON_00269,ADDR_00034,resides_at
PERSON_00270,ADDR_00364,resides_at
PERSON_00271,ADDR_00201,resides_at
PERSON_00272,ADDR_00085,resides_at
PERSON_00273,ADDR_00345,resides_at
PERSON_00274,ADDR_00300,resides_at
PERSON_00275,ADDR_00473,resides_at
PERSON_00276,ADDR_00421,resides_at
PERSON_00277,ADDR_00422,resides_at
PERSON_00278,ADDR_00365,resides_at
PERSON_00279,ADDR_00125,resides_at
PERSON_00280,ADDR_00270,resides_at
PERSON_00281,ADDR_00085,resides_at
PERSON_00282,ADDR_00343,resides_at
PERSON_00283,ADDR_00460,resides_at
PERSON_00284,ADDR_00220,resides_at
PERSON_00285,ADDR_00261,resides_at
PERSON_00286,ADDR_00135,resides_at
PERSON_00287,ADDR_00045,resides_at
PERSON_00288,ADDR_00136,resides_at
PERSON_00289,ADDR_00353,resides_at
PERSON_00290,ADDR_00322,resides_at
PERSON_00291,ADDR_00012,resides_at
PERSON_00292,ADDR_00071,resides_at
PERSON_00293,ADDR_00154,resides_at
PERSON_00294,ADDR_00171,resides_at
PERSON_00295,ADDR_00099,resides_at
PERSON_00296,ADDR_00141,resides_at
PERSON_00297,ADDR_00045,resides_at
PERSON_00298,ADDR_00224,resides_at
PERSON_00299,ADDR_00049,resides_at
PERSON_00300,ADDR_00267,resides_at
PERSON_00301,ADDR_00405,resides_at
PERSON_00302,ADDR_00073,resides_at
PERSON_00303,ADDR_00001,resides_at
PERSON_00304,ADDR_00097,resides_at
PERSON_00305,ADDR_00301,resides_at
PERSON_00306,ADDR_00033,resides_at
PERSON_00307,ADDR_00324,resides_at
PERSON_00308,ADDR_00057,resides_at
PERSON_00309,ADDR_00255,resides_at
PERSON_00310,ADDR_00130,resides_at
PERSON_00311,ADDR_00111,resides_at
PERSON_00312,ADDR_00188,resides_at
PERSON_00313,ADDR_00005,resides_at
PERSON_00314,ADDR_00135,resides_at
PERSON_00315,ADDR_00355,resides_at
PERSON_00316,ADDR_00255,resides_at
PERSON_00317,ADDR_00211,resides_at
PERSON_00318,ADDR_00207,resides_at
PERSON_00319,ADDR_00397,resides_at
PERSON_00320,ADDR_00312,resides_at
PERSON_00321,ADDR_00378,resides_at
PERSON_00322,ADDR_00445,resides_at
PERSON_00323,ADDR_00185,resides_at
PERSON_00324,ADDR_00309,resides_at
PERSON_00325,ADDR_00346,resides_at
PERSON_00326,ADDR_00351,resides_at
PERSON_00327,ADDR_00135,resides_at
PERSON_00328,ADDR_00266,resides_at
PERSON_00329,ADDR_00455,resides_at
PERSON_00330,ADDR_00334,resides_at
PERSON_00331,ADDR_00093,resides_at
PERSON_00332,ADDR_00283,resides_at
PERSON_00333,ADDR_00231,resides_at
PERSON_00334,ADDR_00154,resides_at
PERSON_00335,ADDR_00162,resides_at
PERSON_00336,ADDR_00005,resides_at
PERSON_00337,ADDR_00381,resides_at
PERSON_00338,ADDR_00435,resides_at
PERSON_00339,ADDR_00091,resides_at
PERSON_00340,ADDR_00354,resides_at
PERSON_00341,ADDR_00458,resides_at
PERSON_00342,ADDR_00224,resides_at
PERSON_00343,ADDR_00119,resides_at
PERSON_00344,ADDR_00194,resides_at
PERSON_00345,ADDR_00211,resides_at
PERSON_00346,ADDR_00247,resides_at
PERSON_00347,ADDR_00046,resides_at
PERSON_00348,ADDR_00184,resides_at
PERSON_00349,ADDR_00089,resides_at
PERSON_00350,ADDR_00270,resides_at
PERSON_00351,ADDR_00089,resides_at
PERSON_00352,ADDR_00262,resides_at
PERSON_00353,ADDR_00316,resides_at
PERSON_00354,ADDR_00106,resides_at
PERSON_00355,ADDR_00454,resides_at
PERSON_00356,ADDR_00059,resides_at
PERSON_00357,ADDR_00222,resides_at
PERSON_00358,ADDR_00187,resides_at
PERSON_00359,ADDR_00006,resides_at
PERSON_00360,ADDR_00199,resides_at
PERSON_00361,ADDR_00204,resides_at
PERSON_00362,ADDR_00420,resides_at
PERSON_00363,ADDR_00454,resides_at
PERSON_00364,ADDR_00286,resides_at
PERSON_00365,ADDR_00380,resides_at
PERSON_00366,ADDR_00477,resides_at
PERSON_00367,ADDR_00438,resides_at
PERSON_00368,ADDR_00017,resides_at
PERSON_00369,ADDR_00392,resides_at
PERSON_00370,ADDR_00081,resides_at
PERSON_00371,ADDR_00083,resides_at
PERSON_00372,ADDR_00037,resides_at
PERSON_00373,ADDR_00311,resides_at
PERSON_00374,ADDR_00187,resides_at
PERSON_00375,ADDR_00461,resides_at
PERSON_00376,ADDR_00224,resides_at
PERSON_00377,ADDR_00392,resides_at
PERSON_00378,ADDR_00204,resides_at
PERSON_00379,ADDR_00194,resides_at
PERSON_00380,ADDR_00098,resides_at
PERSON_00381,ADDR_00419,resides_at
PERSON_00382,ADDR_00028,resides_at
PERSON_00383,ADDR_00069,resides_at
PERSON_00384,ADDR_00354,resides_at
PERSON_00385,ADDR_00354,resides_at
PERSON_00386,ADDR_00227,resides_at
PERSON_00387,ADDR_00199,resides_at
PERSON_00388,ADDR_00369,resides_at
PERSON_00389,ADDR_00330,resides_at
PERSON_00390,ADDR_00315,resides_at
PERSON_00391,ADDR_00010,resides_at
PERSON_00392,ADDR_00454,resides_at
PERSON_00393,ADDR_00135,resides_at
PERSON_00394,ADDR_00082,resides_at
PERSON_00395,ADDR_00217,resides_at
PERSON_00396,ADDR_00113,resides_at
PERSON_00397,ADDR_00080,resides_at
PERSON_00398,ADDR_00016,resides_at
PERSON_00399,ADDR_00119,resides_at
PERSON_00400,ADDR_00058,resides_at
PERSON_00401,ADDR_00240,resides_at
PERSON_00402,ADDR_00385,resides_at
PERSON_00403,ADDR_00196,resides_at
PERSON_00404,ADDR_00157,resides_at
PERSON_00405,ADDR_00290,resides_at
PERSON_00406,ADDR_00311,resides_at
PERSON_00407,ADDR_00371,resides_at
PERSON_00408,ADDR_00253,resides_at
PERSON_00409,ADDR_00334,resides_at
PERSON_00410,ADDR_00073,resides_at
PERSON_00411,ADDR_00433,resides_at
PERSON_00412,ADDR_00177,resides_at
PERSON_00413,ADDR_00193,resides_at
PERSON_00414,ADDR_00005,resides_at
PERSON_00415,ADDR_00062,resides_at
PERSON_00416,ADDR_00209,resides_at
PERSON_00417,ADDR_00028,resides_at
PERSON_00418,ADDR_00187,resides_at
PERSON_00419,ADDR_00459,resides_at
PERSON_00420,ADDR_00390,resides_at
PERSON_00421,ADDR_00253,resides_at
PERSON_00422,ADDR_00377,resides_at
PERSON_00423,ADDR_00107,resides_at
PERSON_00424,ADDR_00392,resides_at
PERSON_00425,ADDR_00177,resides_at
PERSON_00426,ADDR_00413,resides_at
PERSON_00427,ADDR_00315,resides_at
PERSON_00428,ADDR_00343,resides_at
PERSON_00429,ADDR_00101,resides_at
PERSON_00430,ADDR_00278,resides_at
PERSON_00431,ADDR_00383,resides_at
PERSON_00432,ADDR_00152,resides_at
PERSON_00433,ADDR_00392,resides_at
PERSON_00434,ADDR_00122,resides_at
PERSON_00435,ADDR_00311,resides_at
PERSON_00436,ADDR_00025,resides_at
PERSON_00437,ADDR_00191,resides_at
PERSON_00438,ADDR_00480,resides_at
PERSON_00439,ADDR_00311,resides_at
PERSON_00440,ADDR_00358,resides_at
PERSON_00441,ADDR_00095,resides_at
PERSON_00442,ADDR_00354,resides_at
PERSON_00443,ADDR_00236,resides_at
PERSON_00444,ADDR_00091,resides_at
PERSON_00445,ADDR_00446,resides_at
PERSON_00446,ADDR_00168,resides_at
PERSON_00447,ADDR_00327,resides_at
PERSON_00448,ADDR_00265,resides_at
PERSON_00449,ADDR_00393,resides_at
PERSON_00450,ADDR_00226,resides_at
PERSON_00001,PERSON_00093,work_colleague
PERSON_00002,PERSON_00244,work_colleague
PERSON_00002,PERSON_00111,work_colleague
PERSON_00002,PERSON_00192,work_colleague
PERSON_00003,PERSON_00005,work_colleague
PERSON_00003,PERSON_00194,work_colleague
PERSON_00004,PERSON_00142,work_colleague
PERSON_00004,PERSON_00436,work_colleague
PERSON_00004,PERSON_00379,work_colleague
PERSON_00004,PERSON_00224,work_colleague
PERSON_00005,PERSON_00390,work_colleague
PERSON_00005,PERSON_00143,work_colleague
PERSON_00006,PERSON_00175,work_colleague
PERSON_00006,PERSON_00336,work_colleague
PERSON_00007,PERSON_00248,work_colleague
PERSON_00007,PERSON_00035,work_colleague
PERSON_00007,PERSON_00013,work_colleague
PERSON_00007,PERSON_00060,work_colleague
PERSON_00008,PERSON_00243,work_colleague
PERSON_00008,PERSON_00277,work_colleague
PERSON_00008,PERSON_00431,work_colleague
PERSON_00008,PERSON_00164,work_colleague
PERSON_00009,PERSON_00254,work_colleague
PERSON_00009,PERSON_00295,work_colleague
PERSON_00010,PERSON_00107,work_colleague
PERSON_00010,PERSON_00155,work_colleague
PERSON_00011,PERSON_00075,work_colleague
PERSON_00011,PERSON_00196,work_colleague
PERSON_00012,PERSON_00025,work_colleague
PERSON_00012,PERSON_00419,work_colleague
PERSON_00012,PERSON_00082,work_colleague
PERSON_00012,PERSON_00123,work_colleague
PERSON_00013,PERSON_00391,work_colleague
PERSON_00013,PERSON_00259,work_colleague
PERSON_00013,PERSON_00284,work_colleague
PERSON_00014,PERSON_00298,work_colleague
PERSON_00014,PERSON_00447,work_colleague
PERSON_00014,PERSON_00030,work_colleague
PERSON_00015,PERSON_00419,work_colleague
PERSON_00015,PERSON_00174,work_colleague
PERSON_00015,PERSON_00013,work_colleague
PERSON_00015,PERSON_00446,work_colleague
PERSON_00016,PERSON_00166,work_colleague
PERSON_00016,PERSON_00094,work_colleague
PERSON_00016,PERSON_00311,work_colleague
PERSON_00016,PERSON_00304,work_colleague
PERSON_00017,PERSON_00210,work_colleague
PERSON_00017,PERSON_00309,work_colleague
PERSON_00017,PERSON_00064,work_colleague
PERSON_00017,PERSON_00217,work_colleague
PERSON_00018,PERSON_00340,work_colleague
PERSON_00018,PERSON_00384,work_colleague
PERSON_00019,PERSON_00276,work_colleague
PERSON_00019,PERSON_00116,work_colleague
PERSON_00020,PERSON_00419,work_colleague
PERSON_00020,PERSON_00404,work_colleague
PERSON_00021,PERSON_00448,work_colleague
PERSON_00021,PERSON_00006,work_colleague
PERSON_00022,PERSON_00070,work_colleague
PERSON_00022,PERSON_00199,work_colleague
PERSON_00023,PERSON_00091,work_colleague
PERSON_00023,PERSON_00153,work_colleague
PERSON_00023,PERSON_00065,work_colleague
PERSON_00023,PERSON_00230,work_colleague
PERSON_00024,PERSON_00246,work_colleague
PERSON_00024,PERSON_00433,work_colleague
PERSON_00024,PERSON_00029,work_colleague
PERSON_00025,PERSON_00208,work_colleague
PERSON_00025,PERSON_00140,work_colleague
PERSON_00025,PERSON_00416,work_colleague
PERSON_00025,PERSON_00169,work_colleague
PERSON_00026,PERSON_00324,work_colleague
PERSON_00026,PERSON_00319,work_colleague
PERSON_00026,PERSON_00271,work_colleague
PERSON_00026,PERSON_00335,work_colleague
PERSON_00027,PERSON_00339,work_colleague
PERSON_00028,PERSON_00302,work_colleague
PERSON_00028,PERSON_00202,work_colleague
PERSON_00028,PERSON_00335,work_colleague
PERSON_00028,PERSON_00328,work_colleague
PERSON_00029,PERSON_00136,work_colleague
PERSON_00029,PERSON_00299,work_colleague
PERSON_00030,PERSON_00021,work_colleague
PERSON_00030,PERSON_00204,work_colleague
PERSON_00030,PERSON_00301,work_colleague
PERSON_00031,PERSON_00166,work_colleague
PERSON_00031,PERSON_00232,work_colleague
PERSON_00031,PERSON_00311,work_colleague
PERSON_00032,PERSON_00223,work_colleague
PERSON_00032,PERSON_00378,work_colleague
PERSON_00032,PERSON_00056,work_colleague
PERSON_00033,PERSON_00060,work_colleague
PERSON_00033,PERSON_00352,work_colleague
PERSON_00034,PERSON_00330,work_colleague
PERSON_00034,PERSON_00108,work_colleague
PERSON_00035,PERSON_00309,work_colleague
PERSON_00035,PERSON_00135,work_colleague
PERSON_00035,PERSON_00248,work_colleague
PERSON_00035,PERSON_00294,work_colleague
PERSON_00036,PERSON_00390,work_colleague
PERSON_00036,PERSON_00044,work_colleague
PERSON_00037,PERSON_00400,work_colleague
PERSON_00037,PERSON_00284,work_colleague
PERSON_00038,PERSON_00022,work_colleague
PERSON_00038,PERSON_00222,work_colleague
PERSON_00038,PERSON_00024,work_colleague
PERSON_00038,PERSON_00247,work_colleague
PERSON_00039,PERSON_00149,work_colleague
PERSON_00039,PERSON_00301,work_colleague
PERSON_00040,PERSON_00042,work_colleague
PERSON_00040,PERSON_00383,work_colleague
PERSON_00041,PERSON_00159,work_colleague
PERSON_00041,PERSON_00329,work_colleague
PERSON_00041,PERSON_00286,work_colleague
PERSON_00042,PERSON_00182,work_colleague
PERSON_00042,PERSON_00223,work_colleague
PERSON_00042,PERSON_00062,work_colleague
PERSON_00042,PERSON_00207,work_colleague
PERSON_00043,PERSON_00215,work_colleague
PERSON_00043,PERSON_00436,work_colleague
PERSON_00043,PERSON_00256,work_colleague
PERSON_00043,PERSON_00433,work_colleague
PERSON_00044,PERSON_00254,work_colleague
PERSON_00044,PERSON_00168,work_colleague
PERSON_00045,PERSON_00040,work_colleague
PERSON_00045,PERSON_00383,work_colleague
PERSON_00045,PERSON_00408,work_colleague
PERSON_00046,PERSON_00425,work_colleague
PERSON_00046,PERSON_00280,work_colleague
PERSON_00047,PERSON_00079,work_colleague
PERSON_00047,PERSON_00386,work_colleague
PERSON_00047,PERSON_00348,work_colleague
PERSON_00048,PERSON_00277,work_colleague
PERSON_00048,PERSON_00043,work_colleague
PERSON_00049,PERSON_00231,work_colleague
PERSON_00049,PERSON_00079,work_colleague
PERSON_00050,PERSON_00340,work_colleague
PERSON_00050,PERSON_00223,work_colleague
PERSON_00051,PERSON_00141,work_colleague
PERSON_00051,PERSON_00147,work_colleague
PERSON_00052,PERSON_00203,work_colleague
PERSON_00052,PERSON_00398,work_colleague
PERSON_00052,PERSON_00172,work_colleague
PERSON_00052,PERSON_00102,work_colleague
PERSON_00053,PERSON_00230,work_colleague
PERSON_00053,PERSON_00310,work_colleague
PERSON_00053,PERSON_00271,work_colleague
PERSON_00053,PERSON_00126,work_colleague
PERSON_00054,PERSON_00124,work_colleague
PERSON_00055,PERSON_00243,work_colleague
PERSON_00055,PERSON_00376,work_colleague
PERSON_00056,PERSON_00032,work_colleague
PERSON_00056,PERSON_00280,work_colleague
PERSON_00057,PERSON_00246,work_colleague
PERSON_00058,PERSON_00143,work_colleague
PERSON_00058,PERSON_00194,work_colleague
PERSON_00058,PERSON_00247,work_colleague
PERSON_00058,PERSON_00206,work_colleague
PERSON_00059,PERSON_00009,work_colleague
PERSON_00059,PERSON_00168,work_colleague
PERSON_00060,PERSON_00368,work_colleague
PERSON_00060,PERSON_00033,work_colleague
PERSON_00061,PERSON_00069,work_colleague
PERSON_00061,PERSON_00417,work_colleague
PERSON_00062,PERSON_00185,work_colleague
PERSON_00062,PERSON_00040,work_colleague
PERSON_00063,PERSON_00172,work_colleague
PERSON_00063,PERSON_00351,work_colleague
PERSON_00064,PERSON_00325,work_colleague
PERSON_00064,PERSON_00402,work_colleague
PERSON_00064,PERSON_00127,work_colleague
PERSON_00064,PERSON_00397,work_colleague
PERSON_00065,PERSON_00368,work_colleague
PERSON_00065,PERSON_00218,work_colleague
PERSON_00065,PERSON_00230,work_colleague
PERSON_00065,PERSON_00310,work_colleague
PERSON_00066,PERSON_00129,work_colleague
PERSON_00066,PERSON_00159,work_colleague
PERSON_00067,PERSON_00157,work_colleague
PERSON_00067,PERSON_00431,work_colleague
PERSON_00068,PERSON_00280,work_colleague
PERSON_00068,PERSON_00394,work_colleague
PERSON_00069,PERSON_00371,work_colleague
PERSON_00070,PERSON_00139,work_colleague
PERSON_00070,PERSON_00289,work_colleague
PERSON_00070,PERSON_00117,work_colleague
PERSON_00070,PERSON_00191,work_colleague
PERSON_00071,PERSON_00339,work_colleague
PERSON_00071,PERSON_00170,work_colleague
PERSON_00071,PERSON_00020,work_colleague
PERSON_00072,PERSON_00152,work_colleague
PERSON_00072,PERSON_00106,work_colleague
PERSON_00073,PERSON_00233,work_colleague
PERSON_00073,PERSON_00333,work_colleague
PERSON_00074,PERSON_00389,work_colleague
PERSON_00074,PERSON_00134,work_colleague
PERSON_00075,PERSON_00011,work_colleague
PERSON_00075,PERSON_00425,work_colleague
PERSON_00076,PERSON_00364,work_colleague
PERSON_00076,PERSON_00372,work_colleague
PERSON_00077,PERSON_00042,work_colleague
PERSON_00077,PERSON_00182,work_colleague
PERSON_00078,PERSON_00127,work_colleague
PERSON_00078,PERSON_00125,work_colleague
PERSON_00078,PERSON_00373,work_colleague
PERSON_00078,PERSON_00275,work_colleague
PERSON_00079,PERSON_00231,work_colleague
PERSON_00079,PERSON_00049,work_colleague
PERSON_00079,PERSON_00366,work_colleague
PERSON_00079,PERSON_00348,work_colleague
PERSON_00080,PERSON_00275,work_colleague
PERSON_00080,PERSON_00262,work_colleague
PERSON_00081,PERSON_00348,work_colleague
PERSON_00081,PERSON_00047,work_colleague
PERSON_00082,PERSON_00176,work_colleague
PERSON_00083,PERSON_00445,work_colleague
PERSON_00083,PERSON_00185,work_colleague
PERSON_00084,PERSON_00015,work_colleague
PERSON_00084,PERSON_00222,work_colleague
PERSON_00085,PERSON_00008,work_colleague
PERSON_00085,PERSON_00104,work_colleague
PERSON_00086,PERSON_00258,work_colleague
PERSON_00086,PERSON_00283,work_colleague
PERSON_00087,PERSON_00174,work_colleague
PERSON_00087,PERSON_00084,work_colleague
PERSON_00088,PERSON_00363,work_colleague
PERSON_00088,PERSON_00004,work_colleague
PERSON_00089,PERSON_00019,work_colleague
PERSON_00089,PERSON_00196,work_colleague
PERSON_00090,PERSON_00052,work_colleague
PERSON_00091,PERSON_00153,work_colleague
PERSON_00092,PERSON_00367,work_colleague
PERSON_00092,PERSON_00327,work_colleague
PERSON_00093,PERSON_00295,work_colleague
PERSON_00093,PERSON_00180,work_colleague
PERSON_00094,PERSON_00445,work_colleague
PERSON_00094,PERSON_00268,work_colleague
PERSON_00094,PERSON_00135,work_colleague
PERSON_00094,PERSON_00378,work_colleague
PERSON_00095,PERSON_00154,work_colleague
PERSON_00095,PERSON_00157,work_colleague
PERSON_00096,PERSON_00239,work_colleague
PERSON_00096,PERSON_00202,work_colleague
PERSON_00097,PERSON_00386,work_colleague
PERSON_00097,PERSON_00113,work_colleague
PERSON_00098,PERSON_00045,work_colleague
PERSON_00098,PERSON_00186,work_colleague
PERSON_00098,PERSON_00169,work_colleague
PERSON_00098,PERSON_00190,work_colleague
PERSON_00099,PERSON_00384,work_colleague
PERSON_00099,PERSON_00378,work_colleague
PERSON_00100,PERSON_00063,work_colleague
PERSON_00100,PERSON_00090,work_colleague
PERSON_00101,PERSON_00029,work_colleague
PERSON_00101,PERSON_00058,work_colleague
PERSON_00102,PERSON_00090,work_colleague
PERSON_00102,PERSON_00172,work_colleague
PERSON_00102,PERSON_00071,work_colleague
PERSON_00103,PERSON_00393,work_colleague
PERSON_00104,PERSON_00008,work_colleague
PERSON_00104,PERSON_00085,work_colleague
PERSON_00105,PERSON_00313,work_colleague
PERSON_00105,PERSON_00199,work_colleague
PERSON_00106,PERSON_00072,work_colleague
PERSON_00106,PERSON_00278,work_colleague
PERSON_00107,PERSON_00364,work_colleague
PERSON_00107,PERSON_00010,work_colleague
PERSON_00107,PERSON_00123,work_colleague
PERSON_00108,PERSON_00020,work_colleague
PERSON_00108,PERSON_00279,work_colleague
PERSON_00108,PERSON_00265,work_colleague
PERSON_00108,PERSON_00342,work_colleague
PERSON_00109,PERSON_00364,work_colleague
PERSON_00109,PERSON_00107,work_colleague
PERSON_00110,PERSON_00300,work_colleague
PERSON_00110,PERSON_00423,work_colleague
PERSON_00111,PERSON_00442,work_colleague
PERSON_00111,PERSON_00313,work_colleague
PERSON_00112,PERSON_00440,work_colleague
PERSON_00113,PERSON_00348,work_colleague
PERSON_00113,PERSON_00417,work_colleague
PERSON_00113,PERSON_00361,work_colleague
PERSON_00113,PERSON_00133,work_colleague
PERSON_00114,PERSON_00403,work_colleague
PERSON_00114,PERSON_00308,work_colleague
PERSON_00115,PERSON_00330,work_colleague
PERSON_00115,PERSON_00431,work_colleague
PERSON_00115,PERSON_00348,work_colleague
PERSON_00115,PERSON_00298,work_colleague
PERSON_00116,PERSON_00366,work_colleague
PERSON_00116,PERSON_00219,work_colleague
PERSON_00116,PERSON_00392,work_colleague
PERSON_00116,PERSON_00250,work_colleague
PERSON_00117,PERSON_00191,work_colleague
PERSON_00117,PERSON_00365,work_colleague
PERSON_00118,PERSON_00240,work_colleague
PERSON_00118,PERSON_00341,work_colleague
PERSON_00119,PERSON_00401,work_colleague
PERSON_00119,PERSON_00128,work_colleague
PERSON_00120,PERSON_00288,work_colleague
PERSON_00120,PERSON_00351,work_colleague
PERSON_00121,PERSON_00341,work_colleague
PERSON_00121,PERSON_00443,work_colleague
PERSON_00122,PERSON_00032,work_colleague
PERSON_00122,PERSON_00099,work_colleague
PERSON_00122,PERSON_00129,work_colleague
PERSON_00122,PERSON_00329,work_colleague
PERSON_00123,PERSON_00155,work_colleague
PERSON_00123,PERSON_00387,work_colleague
PERSON_00124,PERSON_00203,work_colleague
PERSON_00124,PERSON_00444,work_colleague
PERSON_00125,PERSON_00128,work_colleague
PERSON_00125,PERSON_00096,work_colleague
PERSON_00126,PERSON_00175,work_colleague
PERSON_00126,PERSON_00245,work_colleague
PERSON_00126,PERSON_00053,work_colleague
PERSON_00126,PERSON_00271,work_colleague
PERSON_00127,PERSON_00351,work_colleague
PERSON_00127,PERSON_00098,work_colleague
PERSON_00127,PERSON_00119,work_colleague
PERSON_00127,PERSON_00028,work_colleague
PERSON_00128,PERSON_00202,work_colleague
PERSON_00128,PERSON_00119,work_colleague
PERSON_00128,PERSON_00437,work_colleague
PERSON_00129,PERSON_00159,work_colleague
PERSON_00129,PERSON_00329,work_colleague
PERSON_00130,PERSON_00134,work_colleague
PERSON_00130,PERSON_00256,work_colleague
PERSON_00131,PERSON_00390,work_colleague
PERSON_00131,PERSON_00058,work_colleague
PERSON_00132,PERSON_00355,work_colleague
PERSON_00132,PERSON_00436,work_colleague
PERSON_00132,PERSON_00288,work_colleague
PERSON_00132,PERSON_00086,work_colleague
PERSON_00133,PERSON_00042,work_colleague
PERSON_00133,PERSON_00183,work_colleague
PERSON_00133,PERSON_00120,work_colleague
PERSON_00133,PERSON_00190,work_colleague
PERSON_00134,PERSON_00257,work_colleague
PERSON_00134,PERSON_00281,work_colleague
PERSON_00134,PERSON_00147,work_colleague
PERSON_00134,PERSON_00031,work_colleague
PERSON_00135,PERSON_00345,work_colleague
PERSON_00135,PERSON_00400,work_colleague
PERSON_00135,PERSON_00334,work_colleague
PERSON_00136,PERSON_00267,work_colleague
PERSON_00136,PERSON_00433,work_colleague
PERSON_00137,PERSON_00148,work_colleague
PERSON_00137,PERSON_00144,work_colleague
PERSON_00138,PERSON_00378,work_colleague
PERSON_00138,PERSON_00307,work_colleague
PERSON_00139,PERSON_00185,work_colleague
PERSON_00139,PERSON_00390,work_colleague
PERSON_00139,PERSON_00161,work_colleague
PERSON_00140,PERSON_00160,work_colleague
PERSON_00140,PERSON_00012,work_colleague
PERSON_00141,PERSON_00428,work_colleague
PERSON_00141,PERSON_00055,work_colleague
PERSON_00141,PERSON_00432,work_colleague
PERSON_00142,PERSON_00308,work_colleague
PERSON_00142,PERSON_00057,work_colleague
PERSON_00142,PERSON_00436,work_colleague
PERSON_00142,PERSON_00088,work_colleague
PERSON_00143,PERSON_00130,work_colleague
PERSON_00143,PERSON_00406,work_colleague
PERSON_00143,PERSON_00145,work_colleague
PERSON_00144,PERSON_00263,work_colleague
PERSON_00145,PERSON_00005,work_colleague
PERSON_00145,PERSON_00390,work_colleague
PERSON_00146,PERSON_00107,work_colleague
PERSON_00146,PERSON_00254,work_colleague
PERSON_00146,PERSON_00284,work_colleague
PERSON_00146,PERSON_00035,work_colleague
PERSON_00147,PERSON_00166,work_colleague
PERSON_00147,PERSON_00434,work_colleague
PERSON_00148,PERSON_00017,work_colleague
PERSON_00148,PERSON_00296,work_colleague
PERSON_00148,PERSON_00167,work_colleague
PERSON_00148,PERSON_00263,work_colleague
PERSON_00149,PERSON_00299,work_colleague
PERSON_00150,PERSON_00207,work_colleague
PERSON_00151,PERSON_00413,work_colleague
PERSON_00151,PERSON_00078,work_colleague
PERSON_00151,PERSON_00364,work_colleague
PERSON_00151,PERSON_00383,work_colleague
PERSON_00152,PERSON_00198,work_colleague
PERSON_00153,PERSON_00269,work_colleague
PERSON_00153,PERSON_00091,work_colleague
PERSON_00154,PERSON_00235,work_colleague
PERSON_00154,PERSON_00079,work_colleague
PERSON_00155,PERSON_00082,work_colleague
PERSON_00155,PERSON_00123,work_colleague
PERSON_00155,PERSON_00289,work_colleague
PERSON_00155,PERSON_00070,work_colleague
PERSON_00156,PERSON_00240,work_colleague
PERSON_00156,PERSON_00302,work_colleague
PERSON_00157,PERSON_00047,work_colleague
PERSON_00157,PERSON_00326,work_colleague
PERSON_00157,PERSON_00253,work_colleague
PERSON_00158,PERSON_00363,work_colleague
PERSON_00158,PERSON_00004,work_colleague
PERSON_00158,PERSON_00196,work_colleague
PERSON_00158,PERSON_00447,work_colleague
PERSON_00159,PERSON_00041,work_colleague
PERSON_00160,PERSON_00140,work_colleague
PERSON_00160,PERSON_00108,work_colleague
PERSON_00161,PERSON_00179,work_colleague
PERSON_00161,PERSON_00012,work_colleague
PERSON_00161,PERSON_00059,work_colleague
PERSON_00161,PERSON_00333,work_colleague
PERSON_00162,PERSON_00017,work_colleague
PERSON_00162,PERSON_00296,work_colleague
PERSON_00162,PERSON_00116,work_colleague
PERSON_00163,PERSON_00108,work_colleague
PERSON_00164,PERSON_00280,work_colleague
PERSON_00164,PERSON_00032,work_colleague
PERSON_00164,PERSON_00255,work_colleague
PERSON_00164,PERSON_00258,work_colleague
PERSON_00165,PERSON_00400,work_colleague
PERSON_00165,PERSON_00094,work_colleague
PERSON_00166,PERSON_00147,work_colleague
PERSON_00166,PERSON_00250,work_colleague
PERSON_00166,PERSON_00016,work_colleague
PERSON_00167,PERSON_00245,work_colleague
PERSON_00167,PERSON_00379,work_colleague
PERSON_00168,PERSON_00036,work_colleague
PERSON_00168,PERSON_00400,work_colleague
PERSON_00169,PERSON_00086,work_colleague
PERSON_00169,PERSON_00127,work_colleague
PERSON_00169,PERSON_00437,work_colleague
PERSON_00169,PERSON_00416,work_colleague
PERSON_00170,PERSON_00065,work_colleague
PERSON_00170,PERSON_00284,work_colleague
PERSON_00170,PERSON_00257,work_colleague
PERSON_00170,PERSON_00326,work_colleague
PERSON_00171,PERSON_00228,work_colleague
PERSON_00171,PERSON_00443,work_colleague
PERSON_00171,PERSON_00208,work_colleague
PERSON_00172,PERSON_00063,work_colleague
PERSON_00173,PERSON_00010,work_colleague
PERSON_00173,PERSON_00123,work_colleague
PERSON_00173,PERSON_00028,work_colleague
PERSON_00173,PERSON_00406,work_colleague
PERSON_00174,PERSON_00257,work_colleague
PERSON_00175,PERSON_00006,work_colleague
PERSON_00175,PERSON_00407,work_colleague
PERSON_00175,PERSON_00287,work_colleague
PERSON_00175,PERSON_00013,work_colleague
PERSON_00176,PERSON_00107,work_colleague
PERSON_00176,PERSON_00123,work_colleague
PERSON_00177,PERSON_00294,work_colleague
PERSON_00178,PERSON_00360,work_colleague
PERSON_00178,PERSON_00432,work_colleague
PERSON_00178,PERSON_00401,work_colleague
PERSON_00178,PERSON_00399,work_colleague
PERSON_00179,PERSON_00126,work_colleague
PERSON_00179,PERSON_00271,work_colleague
PERSON_00179,PERSON_00176,work_colleague
PERSON_00180,PERSON_00295,work_colleague
PERSON_00180,PERSON_00030,work_colleague
PERSON_00181,PERSON_00061,work_colleague
PERSON_00181,PERSON_00390,work_colleague
PERSON_00181,PERSON_00145,work_colleague
PERSON_00182,PERSON_00042,work_colleague
PERSON_00183,PERSON_00062,work_colleague
PERSON_00184,PERSON_00257,work_colleague
PERSON_00184,PERSON_00362,work_colleague
PERSON_00185,PERSON_00094,work_colleague
PERSON_00185,PERSON_00062,work_colleague
PERSON_00185,PERSON_00045,work_colleague
PERSON_00186,PERSON_00045,work_colleague
PERSON_00186,PERSON_00424,work_colleague
PERSON_00187,PERSON_00038,work_colleague
PERSON_00188,PERSON_00028,work_colleague
PERSON_00188,PERSON_00315,work_colleague
PERSON_00189,PERSON_00063,work_colleague
PERSON_00189,PERSON_00102,work_colleague
PERSON_00190,PERSON_00120,work_colleague
PERSON_00190,PERSON_00098,work_colleague
PERSON_00190,PERSON_00015,work_colleague
PERSON_00190,PERSON_00287,work_colleague
PERSON_00191,PERSON_00365,work_colleague
PERSON_00191,PERSON_00431,work_colleague
PERSON_00192,PERSON_00170,work_colleague
PERSON_00192,PERSON_00178,work_colleague
PERSON_00193,PERSON_00276,work_colleague
PERSON_00193,PERSON_00090,work_colleague
PERSON_00194,PERSON_00131,work_colleague
PERSON_00194,PERSON_00145,work_colleague
PERSON_00195,PERSON_00211,work_colleague
PERSON_00195,PERSON_00125,work_colleague
PERSON_00195,PERSON_00006,work_colleague
PERSON_00195,PERSON_00175,work_colleague
PERSON_00196,PERSON_00320,work_colleague
PERSON_00196,PERSON_00305,work_colleague
PERSON_00196,PERSON_00056,work_colleague
PERSON_00196,PERSON_00075,work_colleague
PERSON_00197,PERSON_00049,work_colleague
PERSON_00197,PERSON_00047,work_colleague
PERSON_00198,PERSON_00352,work_colleague
PERSON_00198,PERSON_00072,work_colleague
PERSON_00199,PERSON_00364,work_colleague
PERSON_00199,PERSON_00261,work_colleague
PERSON_00200,PERSON_00328,work_colleague
PERSON_00201,PERSON_00417,work_colleague
PERSON_00202,PERSON_00427,work_colleague
PERSON_00202,PERSON_00240,work_colleague
PERSON_00202,PERSON_00015,work_colleague
PERSON_00202,PERSON_00190,work_colleague
PERSON_00203,PERSON_00444,work_colleague
PERSON_00203,PERSON_00124,work_colleague
PERSON_00203,PERSON_00052,work_colleague
PERSON_00203,PERSON_00204,work_colleague
PERSON_00204,PERSON_00333,work_colleague
PERSON_00204,PERSON_00220,work_colleague
PERSON_00204,PERSON_00030,work_colleague
PERSON_00205,PERSON_00217,work_colleague
PERSON_00205,PERSON_00374,work_colleague
PERSON_00206,PERSON_00216,work_colleague
PERSON_00207,PERSON_00045,work_colleague
PERSON_00207,PERSON_00383,work_colleague
PERSON_00208,PERSON_00012,work_colleague
PERSON_00208,PERSON_00163,work_colleague
PERSON_00209,PERSON_00105,work_colleague
PERSON_00209,PERSON_00218,work_colleague
PERSON_00210,PERSON_00186,work_colleague
PERSON_00210,PERSON_00098,work_colleague
PERSON_00211,PERSON_00304,work_colleague
PERSON_00211,PERSON_00127,work_colleague
PERSON_00211,PERSON_00096,work_colleague
PERSON_00212,PERSON_00357,work_colleague
PERSON_00212,PERSON_00176,work_colleague
PERSON_00213,PERSON_00216,work_colleague
PERSON_00213,PERSON_00029,work_colleague
PERSON_00213,PERSON_00237,work_colleague
PERSON_00213,PERSON_00377,work_colleague
PERSON_00214,PERSON_00148,work_colleague
PERSON_00214,PERSON_00384,work_colleague
PERSON_00215,PERSON_00365,work_colleague
PERSON_00215,PERSON_00287,work_colleague
PERSON_00215,PERSON_00392,work_colleague
PERSON_00215,PERSON_00048,work_colleague
PERSON_00216,PERSON_00292,work_colleague
PERSON_00216,PERSON_00247,work_colleague
PERSON_00217,PERSON_00064,work_colleague
PERSON_00217,PERSON_00205,work_colleague
PERSON_00218,PERSON_00352,work_colleague
PERSON_00218,PERSON_00060,work_colleague
PERSON_00218,PERSON_00105,work_colleague
PERSON_00218,PERSON_00415,work_colleague
PERSON_00219,PERSON_00193,work_colleague
PERSON_00219,PERSON_00196,work_colleague
PERSON_00220,PERSON_00447,work_colleague
PERSON_00220,PERSON_00045,work_colleague
PERSON_00220,PERSON_00424,work_colleague
PERSON_00221,PERSON_00148,work_colleague
PERSON_00221,PERSON_00214,work_colleague
PERSON_00222,PERSON_00419,work_colleague
PERSON_00222,PERSON_00087,work_colleague
PERSON_00222,PERSON_00146,work_colleague
PERSON_00223,PERSON_00378,work_colleague
PERSON_00223,PERSON_00307,work_colleague
PERSON_00223,PERSON_00111,work_colleague
PERSON_00223,PERSON_00414,work_colleague
PERSON_00224,PERSON_00319,work_colleague
PERSON_00224,PERSON_00403,work_colleague
PERSON_00225,PERSON_00177,work_colleague
PERSON_00226,PERSON_00236,work_colleague
PERSON_00226,PERSON_00001,work_colleague
PERSON_00227,PERSON_00300,work_colleague
PERSON_00227,PERSON_00229,work_colleague
PERSON_00228,PERSON_00426,work_colleague
PERSON_00228,PERSON_00376,work_colleague
PERSON_00229,PERSON_00110,work_colleague
PERSON_00229,PERSON_00142,work_colleague
PERSON_00230,PERSON_00053,work_colleague
PERSON_00230,PERSON_00310,work_colleague
PERSON_00231,PERSON_00197,work_colleague
PERSON_00231,PERSON_00308,work_colleague
PERSON_00232,PERSON_00361,work_colleague
PERSON_00232,PERSON_00435,work_colleague
PERSON_00233,PERSON_00203,work_colleague
PERSON_00233,PERSON_00356,work_colleague
PERSON_00234,PERSON_00043,work_colleague
PERSON_00234,PERSON_00273,work_colleague
PERSON_00235,PERSON_00079,work_colleague
PERSON_00235,PERSON_00197,work_colleague
PERSON_00235,PERSON_00106,work_colleague
PERSON_00235,PERSON_00316,work_colleague
PERSON_00236,PERSON_00418,work_colleague
PERSON_00236,PERSON_00180,work_colleague
PERSON_00237,PERSON_00313,work_colleague
PERSON_00237,PERSON_00213,work_colleague
PERSON_00238,PERSON_00202,work_colleague
PERSON_00238,PERSON_00175,work_colleague
PERSON_00239,PERSON_00096,work_colleague
PERSON_00239,PERSON_00128,work_colleague
PERSON_00240,PERSON_00064,work_colleague
PERSON_00240,PERSON_00028,work_colleague
PERSON_00241,PERSON_00440,work_colleague
PERSON_00241,PERSON_00078,work_colleague
PERSON_00242,PERSON_00071,work_colleague
PERSON_00242,PERSON_00108,work_colleague
PERSON_00243,PERSON_00277,work_colleague
PERSON_00244,PERSON_00237,work_colleague
PERSON_00244,PERSON_00213,work_colleague
PERSON_00245,PERSON_00021,work_colleague
PERSON_00245,PERSON_00263,work_colleague
PERSON_00245,PERSON_00137,work_colleague
PERSON_00246,PERSON_00024,work_colleague
PERSON_00246,PERSON_00412,work_colleague
PERSON_00246,PERSON_00057,work_colleague
PERSON_00246,PERSON_00403,work_colleague
PERSON_00247,PERSON_00038,work_colleague
PERSON_00247,PERSON_00029,work_colleague
PERSON_00248,PERSON_00294,work_colleague
PERSON_00248,PERSON_00225,work_colleague
PERSON_00249,PERSON_00365,work_colleague
PERSON_00249,PERSON_00436,work_colleague
PERSON_00250,PERSON_00166,work_colleague
PERSON_00250,PERSON_00215,work_colleague
PERSON_00251,PERSON_00362,work_colleague
PERSON_00251,PERSON_00295,work_colleague
PERSON_00252,PERSON_00112,work_colleague
PERSON_00252,PERSON_00262,work_colleague
PERSON_00253,PERSON_00170,work_colleague
PERSON_00253,PERSON_00303,work_colleague
PERSON_00254,PERSON_00038,work_colleague
PERSON_00254,PERSON_00199,work_colleague
PERSON_00254,PERSON_00009,work_colleague
PERSON_00254,PERSON_00139,work_colleague
PERSON_00255,PERSON_00382,work_colleague
PERSON_00255,PERSON_00329,work_colleague
PERSON_00256,PERSON_00048,work_colleague
PERSON_00256,PERSON_00272,work_colleague
PERSON_00256,PERSON_00143,work_colleague
PERSON_00256,PERSON_00360,work_colleague
PERSON_00257,PERSON_00419,work_colleague
PERSON_00257,PERSON_00347,work_colleague
PERSON_00257,PERSON_00399,work_colleague
PERSON_00257,PERSON_00157,work_colleague
PERSON_00258,PERSON_00133,work_colleague
PERSON_00258,PERSON_00190,work_colleague
PERSON_00258,PERSON_00329,work_colleague
PERSON_00258,PERSON_00431,work_colleague
PERSON_00259,PERSON_00446,work_colleague
PERSON_00260,PERSON_00355,work_colleague
PERSON_00260,PERSON_00418,work_colleague
PERSON_00261,PERSON_00315,work_colleague
PERSON_00261,PERSON_00041,work_colleague
PERSON_00261,PERSON_00199,work_colleague
PERSON_00261,PERSON_00105,work_colleague
PERSON_00262,PERSON_00275,work_colleague
PERSON_00262,PERSON_00112,work_colleague
PERSON_00263,PERSON_00384,work_colleague
PERSON_00263,PERSON_00221,work_colleague
PERSON_00264,PERSON_00210,work_colleague
PERSON_00264,PERSON_00220,work_colleague
PERSON_00264,PERSON_00275,work_colleague
PERSON_00264,PERSON_00255,work_colleague
PERSON_00265,PERSON_00258,work_colleague
PERSON_00265,PERSON_00329,work_colleague
PERSON_00265,PERSON_00081,work_colleague
PERSON_00265,PERSON_00416,work_colleague
PERSON_00266,PERSON_00311,work_colleague
PERSON_00266,PERSON_00444,work_colleague
PERSON_00267,PERSON_00433,work_colleague
PERSON_00267,PERSON_00216,work_colleague
PERSON_00268,PERSON_00185,work_colleague
PERSON_00268,PERSON_00445,work_colleague
PERSON_00269,PERSON_00186,work_colleague
PERSON_00269,PERSON_00408,work_colleague
PERSON_00269,PERSON_00371,work_colleague
PERSON_00269,PERSON_00091,work_colleague
PERSON_00270,PERSON_00085,work_colleague
PERSON_00270,PERSON_00243,work_colleague
PERSON_00270,PERSON_00420,work_colleague
PERSON_00270,PERSON_00430,work_colleague
PERSON_00271,PERSON_00026,work_colleague
PERSON_00271,PERSON_00126,work_colleague
PERSON_00272,PERSON_00392,work_colleague
PERSON_00272,PERSON_00256,work_colleague
PERSON_00273,PERSON_00287,work_colleague
PERSON_00273,PERSON_00043,work_colleague
PERSON_00274,PERSON_00080,work_colleague
PERSON_00274,PERSON_00151,work_colleague
PERSON_00275,PERSON_00373,work_colleague
PERSON_00275,PERSON_00151,work_colleague
PERSON_00275,PERSON_00382,work_colleague
PERSON_00275,PERSON_00008,work_colleague
PERSON_00276,PERSON_00196,work_colleague
PERSON_00276,PERSON_00366,work_colleague
PERSON_00277,PERSON_00055,work_colleague
PERSON_00277,PERSON_00104,work_colleague
PERSON_00277,PERSON_00043,work_colleague
PERSON_00278,PERSON_00352,work_colleague
PERSON_00278,PERSON_00385,work_colleague
PERSON_00279,PERSON_00102,work_colleague
PERSON_00279,PERSON_00171,work_colleague
PERSON_00280,PERSON_00291,work_colleague
PERSON_00280,PERSON_00425,work_colleague
PERSON_00280,PERSON_00394,work_colleague
PERSON_00281,PERSON_00222,work_colleague
PERSON_00281,PERSON_00174,work_colleague
PERSON_00282,PERSON_00205,work_colleague
PERSON_00282,PERSON_00217,work_colleague
PERSON_00283,PERSON_00127,work_colleague
PERSON_00284,PERSON_00400,work_colleague
PERSON_00284,PERSON_00135,work_colleague
PERSON_00284,PERSON_00007,work_colleague
PERSON_00284,PERSON_00218,work_colleague
PERSON_00285,PERSON_00008,work_colleague
PERSON_00285,PERSON_00055,work_colleague
PERSON_00286,PERSON_00261,work_colleague
PERSON_00287,PERSON_00318,work_colleague
PERSON_00287,PERSON_00347,work_colleague
PERSON_00287,PERSON_00238,work_colleague
PERSON_00287,PERSON_00432,work_colleague
PERSON_00288,PERSON_00120,work_colleague
PERSON_00288,PERSON_00258,work_colleague
PERSON_00289,PERSON_00254,work_colleague
PERSON_00289,PERSON_00396,work_colleague
PERSON_00290,PERSON_00235,work_colleague
PERSON_00290,PERSON_00316,work_colleague
PERSON_00290,PERSON_00376,work_colleague
PERSON_00290,PERSON_00228,work_colleague
PERSON_00291,PERSON_00280,work_colleague
PERSON_00291,PERSON_00409,work_colleague
PERSON_00292,PERSON_00271,work_colleague
PERSON_00292,PERSON_00026,work_colleague
PERSON_00292,PERSON_00029,work_colleague
PERSON_00292,PERSON_00216,work_colleague
PERSON_00293,PERSON_00103,work_colleague
PERSON_00294,PERSON_00007,work_colleague
PERSON_00294,PERSON_00035,work_colleague
PERSON_00295,PERSON_00251,work_colleague
PERSON_00295,PERSON_00093,work_colleague
PERSON_00295,PERSON_00390,work_colleague
PERSON_00295,PERSON_00139,work_colleague
PERSON_00296,PERSON_00359,work_colleague
PERSON_00296,PERSON_00325,work_colleague
PERSON_00297,PERSON_00152,work_colleague
PERSON_00297,PERSON_00352,work_colleague
PERSON_00298,PERSON_00115,work_colleague
PERSON_00299,PERSON_00039,work_colleague
PERSON_00299,PERSON_00447,work_colleague
PERSON_00299,PERSON_00433,work_colleague
PERSON_00299,PERSON_00267,work_colleague
PERSON_00300,PERSON_00246,work_colleague
PERSON_00300,PERSON_00314,work_colleague
PERSON_00301,PERSON_00039,work_colleague
PERSON_00301,PERSON_00317,work_colleague
PERSON_00301,PERSON_00141,work_colleague
PERSON_00301,PERSON_00406,work_colleague
PERSON_00302,PERSON_00128,work_colleague
PERSON_00302,PERSON_00118,work_colleague
PERSON_00303,PERSON_00002,work_colleague
PERSON_00304,PERSON_00016,work_colleague
PERSON_00304,PERSON_00126,work_colleague
PERSON_00304,PERSON_00175,work_colleague
PERSON_00305,PERSON_00019,work_colleague
PERSON_00305,PERSON_00219,work_colleague
PERSON_00306,PERSON_00044,work_colleague
PERSON_00306,PERSON_00168,work_colleague
PERSON_00307,PERSON_00377,work_colleague
PERSON_00307,PERSON_00032,work_colleague
PERSON_00308,PERSON_00114,work_colleague
PERSON_00308,PERSON_00235,work_colleague
PERSON_00308,PERSON_00157,work_colleague
PERSON_00309,PERSON_00345,work_colleague
PERSON_00309,PERSON_00400,work_colleague
PERSON_00309,PERSON_00045,work_colleague
PERSON_00309,PERSON_00210,work_colleague
PERSON_00310,PERSON_00023,work_colleague
PERSON_00311,PERSON_00266,work_colleague
PERSON_00311,PERSON_00435,work_colleague
PERSON_00311,PERSON_00304,work_colleague
PERSON_00311,PERSON_00016,work_colleague
PERSON_00312,PERSON_00143,work_colleague
PERSON_00312,PERSON_00031,work_colleague
PERSON_00313,PERSON_00223,work_colleague
PERSON_00313,PERSON_00105,work_colleague
PERSON_00313,PERSON_00261,work_colleague
PERSON_00314,PERSON_00403,work_colleague
PERSON_00314,PERSON_00300,work_colleague
PERSON_00315,PERSON_00280,work_colleague
PERSON_00315,PERSON_00354,work_colleague
PERSON_00315,PERSON_00286,work_colleague
PERSON_00315,PERSON_00319,work_colleague
PERSON_00316,PERSON_00249,work_colleague
PERSON_00316,PERSON_00436,work_colleague
PERSON_00316,PERSON_00290,work_colleague
PERSON_00317,PERSON_00039,work_colleague
PERSON_00317,PERSON_00299,work_colleague
PERSON_00318,PERSON_00430,work_colleague
PERSON_00318,PERSON_00436,work_colleague
PERSON_00319,PERSON_00026,work_colleague
PERSON_00319,PERSON_00041,work_colleague
PERSON_00319,PERSON_00224,work_colleague
PERSON_00320,PERSON_00116,work_colleague
PERSON_00320,PERSON_00305,work_colleague
PERSON_00321,PERSON_00355,work_colleague
PERSON_00321,PERSON_00418,work_colleague
PERSON_00322,PERSON_00110,work_colleague
PERSON_00322,PERSON_00246,work_colleague
PERSON_00323,PERSON_00369,work_colleague
PERSON_00323,PERSON_00191,work_colleague
PERSON_00324,PERSON_00261,work_colleague
PERSON_00324,PERSON_00315,work_colleague
PERSON_00325,PERSON_00017,work_colleague
PERSON_00326,PERSON_00002,work_colleague
PERSON_00326,PERSON_00253,work_colleague
PERSON_00327,PERSON_00193,work_colleague
PERSON_00328,PERSON_00066,work_colleague
PERSON_00328,PERSON_00041,work_colleague
PERSON_00328,PERSON_00028,work_colleague
PERSON_00328,PERSON_00280,work_colleague
PERSON_00329,PERSON_00328,work_colleague
PERSON_00329,PERSON_00129,work_colleague
PERSON_00329,PERSON_00255,work_colleague
PERSON_00329,PERSON_00258,work_colleague
PERSON_00330,PERSON_00329,work_colleague
PERSON_00330,PERSON_00264,work_colleague
PERSON_00331,PERSON_00113,work_colleague
PERSON_00331,PERSON_00416,work_colleague
PERSON_00332,PERSON_00094,work_colleague
PERSON_00332,PERSON_00445,work_colleague
PERSON_00333,PERSON_00390,work_colleague
PERSON_00333,PERSON_00434,work_colleague
PERSON_00334,PERSON_00094,work_colleague
PERSON_00334,PERSON_00016,work_colleague
PERSON_00335,PERSON_00053,work_colleague
PERSON_00335,PERSON_00179,work_colleague
PERSON_00335,PERSON_00280,work_colleague
PERSON_00335,PERSON_00354,work_colleague
PERSON_00336,PERSON_00245,work_colleague
PERSON_00336,PERSON_00126,work_colleague
PERSON_00337,PERSON_00268,work_colleague
PERSON_00337,PERSON_00338,work_colleague
PERSON_00338,PERSON_00268,work_colleague
PERSON_00338,PERSON_00445,work_colleague
PERSON_00338,PERSON_00375,work_colleague
PERSON_00338,PERSON_00076,work_colleague
PERSON_00339,PERSON_00007,work_colleague
PERSON_00340,PERSON_00050,work_colleague
PERSON_00340,PERSON_00223,work_colleague
PERSON_00341,PERSON_00096,work_colleague
PERSON_00341,PERSON_00211,work_colleague
PERSON_00341,PERSON_00388,work_colleague
PERSON_00341,PERSON_00426,work_colleague
PERSON_00342,PERSON_00382,work_colleague
PERSON_00343,PERSON_00148,work_colleague
PERSON_00343,PERSON_00068,work_colleague
PERSON_00343,PERSON_00354,work_colleague
PERSON_00344,PERSON_00146,work_colleague
PERSON_00344,PERSON_00345,work_colleague
PERSON_00345,PERSON_00037,work_colleague
PERSON_00345,PERSON_00135,work_colleague
PERSON_00346,PERSON_00293,work_colleague
PERSON_00346,PERSON_00375,work_colleague
PERSON_00347,PERSON_00215,work_colleague
PERSON_00347,PERSON_00318,work_colleague
PERSON_00347,PERSON_00222,work_colleague
PERSON_00347,PERSON_00134,work_colleague
PERSON_00348,PERSON_00298,work_colleague
PERSON_00348,PERSON_00418,work_colleague
PERSON_00348,PERSON_00079,work_colleague
PERSON_00348,PERSON_00417,work_colleague
PERSON_00349,PERSON_00053,work_colleague
PERSON_00349,PERSON_00271,work_colleague
PERSON_00349,PERSON_00312,work_colleague
PERSON_00349,PERSON_00178,work_colleague
PERSON_00350,PERSON_00161,work_colleague
PERSON_00350,PERSON_00212,work_colleague
PERSON_00351,PERSON_00193,work_colleague
PERSON_00351,PERSON_00258,work_colleague
PERSON_00351,PERSON_00190,work_colleague
PERSON_00352,PERSON_00106,work_colleague
PERSON_00352,PERSON_00152,work_colleague
PERSON_00352,PERSON_00060,work_colleague
PERSON_00352,PERSON_00027,work_colleague
PERSON_00353,PERSON_00406,work_colleague
PERSON_00354,PERSON_00280,work_colleague
PERSON_00354,PERSON_00394,work_colleague
PERSON_00355,PERSON_00418,work_colleague
PERSON_00355,PERSON_00115,work_colleague
PERSON_00355,PERSON_00088,work_colleague
PERSON_00355,PERSON_00004,work_colleague
PERSON_00356,PERSON_00398,work_colleague
PERSON_00356,PERSON_00434,work_colleague
PERSON_00357,PERSON_00176,work_colleague
PERSON_00357,PERSON_00161,work_colleague
PERSON_00358,PERSON_00429,work_colleague
PERSON_00359,PERSON_00296,work_colleague
PERSON_00359,PERSON_00017,work_colleague
PERSON_00360,PERSON_00380,work_colleague
PERSON_00360,PERSON_00031,work_colleague
PERSON_00361,PERSON_00232,work_colleague
PERSON_00361,PERSON_00031,work_colleague
PERSON_00361,PERSON_00113,work_colleague
PERSON_00361,PERSON_00169,work_colleague
PERSON_00362,PERSON_00236,work_colleague
PERSON_00362,PERSON_00295,work_colleague
PERSON_00362,PERSON_00192,work_colleague
PERSON_00362,PERSON_00157,work_colleague
PERSON_00363,PERSON_00132,work_colleague
PERSON_00363,PERSON_00355,work_colleague
PERSON_00364,PERSON_00222,work_colleague
PERSON_00364,PERSON_00022,work_colleague
PERSON_00364,PERSON_00393,work_colleague
PERSON_00365,PERSON_00409,work_colleague
PERSON_00365,PERSON_00070,work_colleague
PERSON_00365,PERSON_00043,work_colleague
PERSON_00365,PERSON_00430,work_colleague
PERSON_00366,PERSON_00113,work_colleague
PERSON_00366,PERSON_00097,work_colleague
PERSON_00366,PERSON_00219,work_colleague
PERSON_00366,PERSON_00367,work_colleague
PERSON_00367,PERSON_00327,work_colleague
PERSON_00367,PERSON_00193,work_colleague
PERSON_00368,PERSON_00071,work_colleague
PERSON_00368,PERSON_00170,work_colleague
PERSON_00369,PERSON_00117,work_colleague
PERSON_00370,PERSON_00109,work_colleague
PERSON_00371,PERSON_00269,work_colleague
PERSON_00371,PERSON_00091,work_colleague
PERSON_00372,PERSON_00448,work_colleague
PERSON_00372,PERSON_00151,work_colleague
PERSON_00373,PERSON_00241,work_colleague
PERSON_00373,PERSON_00078,work_colleague
PERSON_00374,PERSON_00428,work_colleague
PERSON_00374,PERSON_00055,work_colleague
PERSON_00374,PERSON_00343,work_colleague
PERSON_00375,PERSON_00383,work_colleague
PERSON_00375,PERSON_00448,work_colleague
PERSON_00376,PERSON_00388,work_colleague
PERSON_00377,PERSON_00138,work_colleague
PERSON_00377,PERSON_00050,work_colleague
PERSON_00377,PERSON_00182,work_colleague
PERSON_00377,PERSON_00237,work_colleague
PERSON_00378,PERSON_00340,work_colleague
PERSON_00378,PERSON_00223,work_colleague
PERSON_00378,PERSON_00250,work_colleague
PERSON_00379,PERSON_00384,work_colleague
PERSON_00379,PERSON_00137,work_colleague
PERSON_00379,PERSON_00025,work_colleague
PERSON_00379,PERSON_00004,work_colleague
PERSON_00380,PERSON_00256,work_colleague
PERSON_00381,PERSON_00260,work_colleague
PERSON_00381,PERSON_00348,work_colleague
PERSON_00382,PERSON_00164,work_colleague
PERSON_00382,PERSON_00067,work_colleague
PERSON_00383,PERSON_00364,work_colleague
PERSON_00383,PERSON_00076,work_colleague
PERSON_00383,PERSON_00207,work_colleague
PERSON_00383,PERSON_00139,work_colleague
PERSON_00384,PERSON_00377,work_colleague
PERSON_00384,PERSON_00122,work_colleague
PERSON_00384,PERSON_00379,work_colleague
PERSON_00385,PERSON_00278,work_colleague
PERSON_00385,PERSON_00198,work_colleague
PERSON_00386,PERSON_00113,work_colleague
PERSON_00386,PERSON_00404,work_colleague
PERSON_00387,PERSON_00179,work_colleague
PERSON_00387,PERSON_00358,work_colleague
PERSON_00388,PERSON_00426,work_colleague
PERSON_00388,PERSON_00443,work_colleague
PERSON_00389,PERSON_00015,work_colleague
PERSON_00390,PERSON_00139,work_colleague
PERSON_00390,PERSON_00161,work_colleague
PERSON_00390,PERSON_00181,work_colleague
PERSON_00391,PERSON_00202,work_colleague
PERSON_00391,PERSON_00015,work_colleague
PERSON_00392,PERSON_00048,work_colleague
PERSON_00393,PERSON_00076,work_colleague
PERSON_00393,PERSON_00372,work_colleague
PERSON_00394,PERSON_00188,work_colleague
PERSON_00395,PERSON_00413,work_colleague
PERSON_00395,PERSON_00261,work_colleague
PERSON_00396,PERSON_00044,work_colleague
PERSON_00396,PERSON_00254,work_colleague
PERSON_00397,PERSON_00173,work_colleague
PERSON_00397,PERSON_00240,work_colleague
PERSON_00398,PERSON_00203,work_colleague
PERSON_00399,PERSON_00341,work_colleague
PERSON_00399,PERSON_00064,work_colleague
PERSON_00399,PERSON_00157,work_colleague
PERSON_00399,PERSON_00184,work_colleague
PERSON_00400,PERSON_00146,work_colleague
PERSON_00400,PERSON_00135,work_colleague
PERSON_00401,PERSON_00257,work_colleague
PERSON_00401,PERSON_00028,work_colleague
PERSON_00401,PERSON_00156,work_colleague
PERSON_00402,PERSON_00296,work_colleague
PERSON_00402,PERSON_00064,work_colleague
PERSON_00403,PERSON_00224,work_colleague
PERSON_00403,PERSON_00437,work_colleague
PERSON_00403,PERSON_00314,work_colleague
PERSON_00403,PERSON_00142,work_colleague
PERSON_00404,PERSON_00012,work_colleague
PERSON_00404,PERSON_00265,work_colleague
PERSON_00405,PERSON_00189,work_colleague
PERSON_00405,PERSON_00102,work_colleague
PERSON_00406,PERSON_00178,work_colleague
PERSON_00406,PERSON_00141,work_colleague
PERSON_00406,PERSON_00341,work_colleague
PERSON_00407,PERSON_00426,work_colleague
PERSON_00407,PERSON_00175,work_colleague
PERSON_00408,PERSON_00045,work_colleague
PERSON_00408,PERSON_00098,work_colleague
PERSON_00409,PERSON_00032,work_colleague
PERSON_00409,PERSON_00056,work_colleague
PERSON_00409,PERSON_00369,work_colleague
PERSON_00409,PERSON_00323,work_colleague
PERSON_00410,PERSON_00040,work_colleague
PERSON_00411,PERSON_00316,work_colleague
PERSON_00411,PERSON_00270,work_colleague
PERSON_00412,PERSON_00177,work_colleague
PERSON_00412,PERSON_00246,work_colleague
PERSON_00412,PERSON_00173,work_colleague
PERSON_00412,PERSON_00128,work_colleague
PERSON_00413,PERSON_00199,work_colleague
PERSON_00413,PERSON_00261,work_colleague
PERSON_00413,PERSON_00151,work_colleague
PERSON_00413,PERSON_00241,work_colleague
PERSON_00414,PERSON_00111,work_colleague
PERSON_00415,PERSON_00218,work_colleague
PERSON_00415,PERSON_00413,work_colleague
PERSON_00416,PERSON_00025,work_colleague
PERSON_00416,PERSON_00403,work_colleague
PERSON_00416,PERSON_00404,work_colleague
PERSON_00416,PERSON_00081,work_colleague
PERSON_00417,PERSON_00061,work_colleague
PERSON_00417,PERSON_00181,work_colleague
PERSON_00417,PERSON_00081,work_colleague
PERSON_00417,PERSON_00386,work_colleague
PERSON_00418,PERSON_00298,work_colleague
PERSON_00418,PERSON_00362,work_colleague
PERSON_00418,PERSON_00021,work_colleague
PERSON_00419,PERSON_00025,work_colleague
PERSON_00419,PERSON_00140,work_colleague
PERSON_00419,PERSON_00134,work_colleague
PERSON_00419,PERSON_00174,work_colleague
PERSON_00420,PERSON_00411,work_colleague
PERSON_00420,PERSON_00430,work_colleague
PERSON_00421,PERSON_00308,work_colleague
PERSON_00421,PERSON_00229,work_colleague
PERSON_00421,PERSON_00144,work_colleague
PERSON_00421,PERSON_00167,work_colleague
PERSON_00422,PERSON_00025,work_colleague
PERSON_00423,PERSON_00314,work_colleague
PERSON_00423,PERSON_00110,work_colleague
PERSON_00424,PERSON_00142,work_colleague
PERSON_00424,PERSON_00421,work_colleague
PERSON_00424,PERSON_00045,work_colleague
PERSON_00424,PERSON_00098,work_colleague
PERSON_00425,PERSON_00011,work_colleague
PERSON_00425,PERSON_00032,work_colleague
PERSON_00426,PERSON_00126,work_colleague
PERSON_00426,PERSON_00175,work_colleague
PERSON_00426,PERSON_00341,work_colleague
PERSON_00426,PERSON_00443,work_colleague
PERSON_00427,PERSON_00078,work_colleague
PERSON_00427,PERSON_00156,work_colleague
PERSON_00428,PERSON_00426,work_colleague
PERSON_00428,PERSON_00228,work_colleague
PERSON_00429,PERSON_00212,work_colleague
PERSON_00429,PERSON_00010,work_colleague
PERSON_00429,PERSON_00189,work_colleague
PERSON_00429,PERSON_00063,work_colleague
PERSON_00430,PERSON_00043,work_colleague
PERSON_00430,PERSON_00436,work_colleague
PERSON_00431,PERSON_00070,work_colleague
PERSON_00431,PERSON_00323,work_colleague
PERSON_00431,PERSON_00329,work_colleague
PERSON_00431,PERSON_00255,work_colleague
PERSON_00432,PERSON_00391,work_colleague
PERSON_00432,PERSON_00202,work_colleague
PERSON_00432,PERSON_00360,work_colleague
PERSON_00432,PERSON_00434,work_colleague
PERSON_00433,PERSON_00048,work_colleague
PERSON_00433,PERSON_00043,work_colleague
PERSON_00433,PERSON_00136,work_colleague
PERSON_00433,PERSON_00058,work_colleague
PERSON_00434,PERSON_00073,work_colleague
PERSON_00434,PERSON_00203,work_colleague
PERSON_00434,PERSON_00031,work_colleague
PERSON_00434,PERSON_00147,work_colleague
PERSON_00435,PERSON_00266,work_colleague
PERSON_00436,PERSON_00142,work_colleague
PERSON_00436,PERSON_00158,work_colleague
PERSON_00436,PERSON_00273,work_colleague
PERSON_00436,PERSON_00270,work_colleague
PERSON_00437,PERSON_00128,work_colleague
PERSON_00437,PERSON_00319,work_colleague
PERSON_00438,PERSON_00347,work_colleague
PERSON_00438,PERSON_00419,work_colleague
PERSON_00438,PERSON_00326,work_colleague
PERSON_00439,PERSON_00428,work_colleague
PERSON_00439,PERSON_00121,work_colleague
PERSON_00440,PERSON_00275,work_colleague
PERSON_00440,PERSON_00274,work_colleague
PERSON_00441,PERSON_00132,work_colleague
PERSON_00441,PERSON_00361,work_colleague
PERSON_00441,PERSON_00108,work_colleague
PERSON_00441,PERSON_00330,work_colleague
PERSON_00442,PERSON_00244,work_colleague
PERSON_00443,PERSON_00439,work_colleague
PERSON_00443,PERSON_00428,work_colleague
PERSON_00444,PERSON_00054,work_colleague
PERSON_00445,PERSON_00332,work_colleague
PERSON_00445,PERSON_00337,work_colleague
PERSON_00446,PERSON_00432,work_colleague
PERSON_00446,PERSON_00391,work_colleague
PERSON_00447,PERSON_00046,work_colleague
PERSON_00447,PERSON_00291,work_colleague
PERSON_00447,PERSON_00039,work_colleague
PERSON_00447,PERSON_00149,work_colleague
PERSON_00448,PERSON_00393,work_colleague
PERSON_00448,PERSON_00375,work_colleague
PERSON_00448,PERSON_00251,work_colleague
PERSON_00448,PERSON_00030,work_colleague
PERSON_00449,PERSON_00222,work_colleague
PERSON_00449,PERSON_00107,work_colleague
PERSON_00450,PERSON_00266,work_colleague
PERSON_00450,PERSON_00203,work_colleague
PERSON_00450,PERSON_00434,work_colleague
PERSON_00129,PERSON_00299,landlord_tenant
PERSON_00449,PERSON_00036,landlord_tenant
PERSON_00311,PERSON_00028,landlord_tenant
PERSON_00086,PERSON_00046,family_relation
PERSON_00256,PERSON_00079,friend
PERSON_00410,PERSON_00359,landlord_tenant
PERSON_00084,PERSON_00439,friend
PERSON_00233,PERSON_00138,friend
PERSON_00055,PERSON_00412,neighbour
PERSON_00228,PERSON_00106,family_relation
PERSON_00350,PERSON_00103,landlord_tenant
PERSON_00159,PERSON_00291,landlord_tenant
PERSON_00363,PERSON_00115,family_relation
PERSON_00047,PERSON_00248,landlord_tenant
PERSON_00169,PERSON_00363,landlord_tenant
PERSON_00261,PERSON_00081,landlord_tenant
PERSON_00303,PERSON_00376,neighbour
PERSON_00112,PERSON_00328,neighbour
PERSON_00151,PERSON_00213,landlord_tenant
PERSON_00422,PERSON_00370,family_relation
PERSON_00383,PERSON_00051,landlord_tenant
PERSON_00154,PERSON_00090,friend
PERSON_00077,PERSON_00276,landlord_tenant
PERSON_00010,PERSON_00347,neighbour
PERSON_00119,PERSON_00016,family_relation
PERSON_00265,PERSON_00372,family_relation
PERSON_00240,PERSON_00409,landlord_tenant
PERSON_00182,PERSON_00145,family_relation
PERSON_00446,PERSON_00245,family_relation
PERSON_00120,PERSON_00040,neighbour
PERSON_00320,PERSON_00147,neighbour
PERSON_00117,PERSON_00263,neighbour
PERSON_00175,PERSON_00405,neighbour
PERSON_00434,PERSON_00337,landlord_tenant
PERSON_00355,PERSON_00172,landlord_tenant
PERSON_00034,PERSON_00354,landlord_tenant
PERSON_00064,PERSON_00333,neighbour
PERSON_00009,PERSON_00056,neighbour
PERSON_00201,PERSON_00315,friend
PERSON_00402,PERSON_00288,friend
PERSON_00279,PERSON_00341,landlord_tenant
PERSON_00328,PERSON_00076,family_relation
PERSON_00049,PERSON_00197,landlord_tenant
PERSON_00248,PERSON_00048,neighbour
PERSON_00444,PERSON_00376,family_relation
PERSON_00094,PERSON_00166,neighbour
PERSON_00172,PERSON_00124,landlord_tenant
PERSON_00066,PERSON_00399,landlord_tenant
PERSON_00113,PERSON_00368,family_relation
PERSON_00447,PERSON_00445,neighbour
PERSON_00369,PERSON_00026,friend
PERSON_00298,PERSON_00018,friend
PERSON_00175,PERSON_00340,landlord_tenant
PERSON_00146,PERSON_00158,friend
PERSON_00253,PERSON_00314,friend
PERSON_00072,PERSON_00173,network_contact_EVNET_01
PERSON_00173,PERSON_00272,network_contact_EVNET_01
PERSON_00272,PERSON_00322,network_contact_EVNET_01
PERSON_00322,PERSON_00204,network_contact_EVNET_01
PERSON_00204,PERSON_00387,network_contact_EVNET_01
PERSON_00387,PERSON_00186,network_contact_EVNET_01
PERSON_00186,PERSON_00225,network_contact_EVNET_01
PERSON_00225,PERSON_00353,network_contact_EVNET_01
PERSON_00353,PERSON_00379,network_contact_EVNET_01
PERSON_00379,PERSON_00073,network_contact_EVNET_01
PERSON_00073,PERSON_00239,network_contact_EVNET_01
PERSON_00239,PERSON_00090,network_contact_EVNET_01
PERSON_00090,PERSON_00009,network_contact_EVNET_01
PERSON_00009,PERSON_00415,network_contact_EVNET_01
PERSON_00415,PERSON_00375,network_contact_EVNET_01
PERSON_00375,PERSON_00265,network_contact_EVNET_01
PERSON_00265,PERSON_00169,network_contact_EVNET_01
PERSON_00169,PERSON_00151,network_contact_EVNET_01
PERSON_00151,PERSON_00034,network_contact_EVNET_01
PERSON_00034,PERSON_00121,network_contact_EVNET_01
PERSON_00121,PERSON_00035,network_contact_EVNET_01
PERSON_00035,PERSON_00127,network_contact_EVNET_01
PERSON_00127,PERSON_00359,network_contact_EVNET_01
PERSON_00359,PERSON_00107,network_contact_EVNET_01
PERSON_00107,PERSON_00148,network_contact_EVNET_01
PERSON_00148,PERSON_00221,network_contact_EVNET_01
PERSON_00221,PERSON_00032,network_contact_EVNET_01
PERSON_00032,PERSON_00072,network_contact_EVNET_01
PERSON_00121,PERSON_00387,network_association_EVNET_01
PERSON_00121,PERSON_00204,network_association_EVNET_01
PERSON_00121,PERSON_00035,network_association_EVNET_01
PERSON_00121,PERSON_00072,network_association_EVNET_01
PERSON_00375,PERSON_00073,network_association_EVNET_01
PERSON_00375,PERSON_00169,network_association_EVNET_01
PERSON_00375,PERSON_00387,network_association_EVNET_01
PERSON_00375,PERSON_00107,network_association_EVNET_01
PERSON_00272,PERSON_00353,network_association_EVNET_01
PERSON_00272,PERSON_00073,network_association_EVNET_01
PERSON_00272,PERSON_00322,network_association_EVNET_01
PERSON_00272,PERSON_00239,network_association_EVNET_01
PERSON_00281,PERSON_00223,network_contact_EVNET_02
PERSON_00223,PERSON_00094,network_contact_EVNET_02
PERSON_00094,PERSON_00027,network_contact_EVNET_02
PERSON_00027,PERSON_00085,network_contact_EVNET_02
PERSON_00085,PERSON_00145,network_contact_EVNET_02
PERSON_00145,PERSON_00154,network_contact_EVNET_02
PERSON_00154,PERSON_00256,network_contact_EVNET_02
PERSON_00256,PERSON_00250,network_contact_EVNET_02
PERSON_00250,PERSON_00433,network_contact_EVNET_02
PERSON_00433,PERSON_00364,network_contact_EVNET_02
PERSON_00364,PERSON_00236,network_contact_EVNET_02
PERSON_00236,PERSON_00363,network_contact_EVNET_02
PERSON_00363,PERSON_00262,network_contact_EVNET_02
PERSON_00262,PERSON_00048,network_contact_EVNET_02
PERSON_00048,PERSON_00436,network_contact_EVNET_02
PERSON_00436,PERSON_00246,network_contact_EVNET_02
PERSON_00246,PERSON_00227,network_contact_EVNET_02
PERSON_00227,PERSON_00376,network_contact_EVNET_02
PERSON_00376,PERSON_00427,network_contact_EVNET_02
PERSON_00427,PERSON_00068,network_contact_EVNET_02
PERSON_00068,PERSON_00012,network_contact_EVNET_02
PERSON_00012,PERSON_00281,network_contact_EVNET_02
PERSON_00262,PERSON_00364,network_association_EVNET_02
PERSON_00262,PERSON_00236,network_association_EVNET_02
PERSON_00262,PERSON_00223,network_association_EVNET_02
PERSON_00262,PERSON_00012,network_association_EVNET_02
PERSON_00236,PERSON_00250,network_association_EVNET_02
PERSON_00236,PERSON_00068,network_association_EVNET_02
PERSON_00236,PERSON_00027,network_association_EVNET_02
PERSON_00236,PERSON_00364,network_association_EVNET_02
PERSON_00227,PERSON_00068,network_association_EVNET_02
PERSON_00227,PERSON_00246,network_association_EVNET_02
PERSON_00227,PERSON_00363,network_association_EVNET_02
PERSON_00227,PERSON_00433,network_association_EVNET_02
PERSON_00072,PERSON_00438,network_contact_EVNET_03
PERSON_00438,PERSON_00282,network_contact_EVNET_03
PERSON_00282,PERSON_00300,network_contact_EVNET_03
PERSON_00300,PERSON_00287,network_contact_EVNET_03
PERSON_00287,PERSON_00345,network_contact_EVNET_03
PERSON_00345,PERSON_00434,network_contact_EVNET_03
PERSON_00434,PERSON_00176,network_contact_EVNET_03
PERSON_00176,PERSON_00382,network_contact_EVNET_03
PERSON_00382,PERSON_00405,network_contact_EVNET_03
PERSON_00405,PERSON_00175,network_contact_EVNET_03
PERSON_00175,PERSON_00081,network_contact_EVNET_03
PERSON_00081,PERSON_00149,network_contact_EVNET_03
PERSON_00149,PERSON_00378,network_contact_EVNET_03
PERSON_00378,PERSON_00402,network_contact_EVNET_03
PERSON_00402,PERSON_00181,network_contact_EVNET_03
PERSON_00181,PERSON_00182,network_contact_EVNET_03
PERSON_00182,PERSON_00393,network_contact_EVNET_03
PERSON_00393,PERSON_00072,network_contact_EVNET_03
PERSON_00434,PERSON_00181,network_association_EVNET_03
PERSON_00434,PERSON_00072,network_association_EVNET_03
PERSON_00434,PERSON_00393,network_association_EVNET_03
PERSON_00434,PERSON_00287,network_association_EVNET_03
PERSON_00181,PERSON_00434,network_association_EVNET_03
PERSON_00181,PERSON_00149,network_association_EVNET_03
PERSON_00181,PERSON_00182,network_association_EVNET_03
PERSON_00181,PERSON_00345,network_association_EVNET_03
PERSON_00382,PERSON_00182,network_association_EVNET_03
PERSON_00382,PERSON_00434,network_association_EVNET_03
PERSON_00382,PERSON_00149,network_association_EVNET_03
PERSON_00382,PERSON_00176,network_association_EVNET_03
PERSON_00255,PERSON_00381,network_contact_EVNET_04
PERSON_00381,PERSON_00014,network_contact_EVNET_04
PERSON_00014,PERSON_00060,network_contact_EVNET_04
PERSON_00060,PERSON_00025,network_contact_EVNET_04
PERSON_00025,PERSON_00344,network_contact_EVNET_04
PERSON_00344,PERSON_00212,network_contact_EVNET_04
PERSON_00212,PERSON_00314,network_contact_EVNET_04
PERSON_00314,PERSON_00155,network_contact_EVNET_04
PERSON_00155,PERSON_00124,network_contact_EVNET_04
PERSON_00124,PERSON_00053,network_contact_EVNET_04
PERSON_00053,PERSON_00426,network_contact_EVNET_04
PERSON_00426,PERSON_00299,network_contact_EVNET_04
PERSON_00299,PERSON_00097,network_contact_EVNET_04
PERSON_00097,PERSON_00157,network_contact_EVNET_04
PERSON_00157,PERSON_00232,network_contact_EVNET_04
PERSON_00232,PERSON_00015,network_contact_EVNET_04
PERSON_00015,PERSON_00010,network_contact_EVNET_04
PERSON_00010,PERSON_00386,network_contact_EVNET_04
PERSON_00386,PERSON_00248,network_contact_EVNET_04
PERSON_00248,PERSON_00309,network_contact_EVNET_04
PERSON_00309,PERSON_00329,network_contact_EVNET_04
PERSON_00329,PERSON_00050,network_contact_EVNET_04
PERSON_00050,PERSON_00444,network_contact_EVNET_04
PERSON_00444,PERSON_00213,network_contact_EVNET_04
PERSON_00213,PERSON_00255,network_contact_EVNET_04
PERSON_00386,PERSON_00212,network_association_EVNET_04
PERSON_00386,PERSON_00155,network_association_EVNET_04
PERSON_00386,PERSON_00060,network_association_EVNET_04
PERSON_00386,PERSON_00248,network_association_EVNET_04
PERSON_00014,PERSON_00314,network_association_EVNET_04
PERSON_00014,PERSON_00015,network_association_EVNET_04
PERSON_00014,PERSON_00344,network_association_EVNET_04
PERSON_00014,PERSON_00124,network_association_EVNET_04
PERSON_00329,PERSON_00097,network_association_EVNET_04
PERSON_00329,PERSON_00025,network_association_EVNET_04
PERSON_00329,PERSON_00444,network_association_EVNET_04
PERSON_00329,PERSON_00050,network_association_EVNET_04
PERSON_00173,PERSON_00320,network_contact_EVNET_05
PERSON_00320,PERSON_00203,network_contact_EVNET_05
PERSON_00203,PERSON_00044,network_contact_EVNET_05
PERSON_00044,PERSON_00430,network_contact_EVNET_05
PERSON_00430,PERSON_00170,network_contact_EVNET_05
PERSON_00170,PERSON_00243,network_contact_EVNET_05
PERSON_00243,PERSON_00325,network_contact_EVNET_05
PERSON_00325,PERSON_00101,network_contact_EVNET_05
PERSON_00101,PERSON_00020,network_contact_EVNET_05
PERSON_00020,PERSON_00004,network_contact_EVNET_05
PERSON_00004,PERSON_00284,network_contact_EVNET_05
PERSON_00284,PERSON_00152,network_contact_EVNET_05
PERSON_00152,PERSON_00069,network_contact_EVNET_05
PERSON_00069,PERSON_00388,network_contact_EVNET_05
PERSON_00388,PERSON_00445,network_contact_EVNET_05
PERSON_00445,PERSON_00130,network_contact_EVNET_05
PERSON_00130,PERSON_00229,network_contact_EVNET_05
PERSON_00229,PERSON_00163,network_contact_EVNET_05
PERSON_00163,PERSON_00370,network_contact_EVNET_05
PERSON_00370,PERSON_00173,network_contact_EVNET_05
PERSON_00044,PERSON_00004,network_association_EVNET_05
PERSON_00044,PERSON_00130,network_association_EVNET_05
PERSON_00044,PERSON_00203,network_association_EVNET_05
PERSON_00044,PERSON_00243,network_association_EVNET_05
PERSON_00163,PERSON_00203,network_association_EVNET_05
PERSON_00163,PERSON_00170,network_association_EVNET_05
PERSON_00163,PERSON_00325,network_association_EVNET_05
PERSON_00163,PERSON_00044,network_association_EVNET_05
PERSON_00229,PERSON_00004,network_association_EVNET_05
PERSON_00229,PERSON_00445,network_association_EVNET_05
PERSON_00229,PERSON_00163,network_association_EVNET_05
PERSON_00229,PERSON_00325,network_association_EVNET_05
PERSON_00281,PERSON_00346,network_contact_EVNET_06
PERSON_00346,PERSON_00400,network_contact_EVNET_06
PERSON_00400,PERSON_00391,network_contact_EVNET_06
PERSON_00391,PERSON_00237,network_contact_EVNET_06
PERSON_00237,PERSON_00135,network_contact_EVNET_06
PERSON_00135,PERSON_00179,network_contact_EVNET_06
PERSON_00179,PERSON_00283,network_contact_EVNET_06
PERSON_00283,PERSON_00322,network_contact_EVNET_06
PERSON_00322,PERSON_00010,network_contact_EVNET_06
PERSON_00010,PERSON_00269,network_contact_EVNET_06
PERSON_00269,PERSON_00033,network_contact_EVNET_06
PERSON_00033,PERSON_00146,network_contact_EVNET_06
PERSON_00146,PERSON_00290,network_contact_EVNET_06
PERSON_00290,PERSON_00383,network_contact_EVNET_06
PERSON_00383,PERSON_00105,network_contact_EVNET_06
PERSON_00105,PERSON_00281,network_contact_EVNET_06
PERSON_00391,PERSON_00237,network_association_EVNET_06
PERSON_00391,PERSON_00146,network_association_EVNET_06
PERSON_00391,PERSON_00033,network_association_EVNET_06
PERSON_00391,PERSON_00383,network_association_EVNET_06
PERSON_00105,PERSON_00269,network_association_EVNET_06
PERSON_00105,PERSON_00322,network_association_EVNET_06
PERSON_00105,PERSON_00290,network_association_EVNET_06
PERSON_00105,PERSON_00383,network_association_EVNET_06
PERSON_00383,PERSON_00281,network_association_EVNET_06
PERSON_00383,PERSON_00346,network_association_EVNET_06
PERSON_00383,PERSON_00010,network_association_EVNET_06
PERSON_00383,PERSON_00391,network_association_EVNET_06
PERSON_00159,PERSON_00416,network_contact_EVNET_07
PERSON_00416,PERSON_00259,network_contact_EVNET_07
PERSON_00259,PERSON_00070,network_contact_EVNET_07
PERSON_00070,PERSON_00220,network_contact_EVNET_07
PERSON_00220,PERSON_00385,network_contact_EVNET_07
PERSON_00385,PERSON_00263,network_contact_EVNET_07
PERSON_00263,PERSON_00311,network_contact_EVNET_07
PERSON_00311,PERSON_00011,network_contact_EVNET_07
PERSON_00011,PERSON_00312,network_contact_EVNET_07
PERSON_00312,PERSON_00057,network_contact_EVNET_07
PERSON_00057,PERSON_00178,network_contact_EVNET_07
PERSON_00178,PERSON_00407,network_contact_EVNET_07
PERSON_00407,PERSON_00362,network_contact_EVNET_07
PERSON_00362,PERSON_00159,network_contact_EVNET_07
PERSON_00362,PERSON_00385,network_association_EVNET_07
PERSON_00362,PERSON_00220,network_association_EVNET_07
PERSON_00362,PERSON_00312,network_association_EVNET_07
PERSON_00362,PERSON_00057,network_association_EVNET_07
PERSON_00159,PERSON_00407,network_association_EVNET_07
PERSON_00159,PERSON_00311,network_association_EVNET_07
PERSON_00159,PERSON_00362,network_association_EVNET_07
PERSON_00159,PERSON_00416,network_association_EVNET_07
PERSON_00220,PERSON_00416,network_association_EVNET_07
PERSON_00220,PERSON_00159,network_association_EVNET_07
PERSON_00220,PERSON_00178,network_association_EVNET_07
PERSON_00220,PERSON_00070,network_association_EVNET_07
PERSON_00337,PERSON_00279,network_contact_EVNET_08
PERSON_00279,PERSON_00343,network_contact_EVNET_08
PERSON_00343,PERSON_00028,network_contact_EVNET_08
PERSON_00028,PERSON_00306,network_contact_EVNET_08
PERSON_00306,PERSON_00043,network_contact_EVNET_08
PERSON_00043,PERSON_00231,network_contact_EVNET_08
PERSON_00231,PERSON_00185,network_contact_EVNET_08
PERSON_00185,PERSON_00336,network_contact_EVNET_08
PERSON_00336,PERSON_00360,network_contact_EVNET_08
PERSON_00360,PERSON_00184,network_contact_EVNET_08
PERSON_00184,PERSON_00171,network_contact_EVNET_08
PERSON_00171,PERSON_00192,network_contact_EVNET_08
PERSON_00192,PERSON_00078,network_contact_EVNET_08
PERSON_00078,PERSON_00076,network_contact_EVNET_08
PERSON_00076,PERSON_00337,network_contact_EVNET_08
PERSON_00185,PERSON_00343,network_association_EVNET_08
PERSON_00185,PERSON_00078,network_association_EVNET_08
PERSON_00185,PERSON_00076,network_association_EVNET_08
PERSON_00185,PERSON_00360,network_association_EVNET_08
PERSON_00279,PERSON_00076,network_association_EVNET_08
PERSON_00279,PERSON_00043,network_association_EVNET_08
PERSON_00279,PERSON_00343,network_association_EVNET_08
PERSON_00279,PERSON_00185,network_association_EVNET_08
PERSON_00028,PERSON_00043,network_association_EVNET_08
PERSON_00028,PERSON_00337,network_association_EVNET_08
PERSON_00028,PERSON_00279,network_association_EVNET_08
PERSON_00028,PERSON_00185,network_association_EVNET_08
PERSON_00125,PERSON_00052,network_contact_EVNET_09
PERSON_00052,PERSON_00177,network_contact_EVNET_09
PERSON_00177,PERSON_00055,network_contact_EVNET_09
PERSON_00055,PERSON_00102,network_contact_EVNET_09
PERSON_00102,PERSON_00133,network_contact_EVNET_09
PERSON_00133,PERSON_00064,network_contact_EVNET_09
PERSON_00064,PERSON_00150,network_contact_EVNET_09
PERSON_00150,PERSON_00390,network_contact_EVNET_09
PERSON_00390,PERSON_00188,network_contact_EVNET_09
PERSON_00188,PERSON_00036,network_contact_EVNET_09
PERSON_00036,PERSON_00049,network_contact_EVNET_09
PERSON_00049,PERSON_00374,network_contact_EVNET_09
PERSON_00374,PERSON_00143,network_contact_EVNET_09
PERSON_00143,PERSON_00016,network_contact_EVNET_09
PERSON_00016,PERSON_00429,network_contact_EVNET_09
PERSON_00429,PERSON_00411,network_contact_EVNET_09
PERSON_00411,PERSON_00448,network_contact_EVNET_09
PERSON_00448,PERSON_00125,network_contact_EVNET_09
PERSON_00133,PERSON_00125,network_association_EVNET_09
PERSON_00133,PERSON_00448,network_association_EVNET_09
PERSON_00133,PERSON_00102,network_association_EVNET_09
PERSON_00133,PERSON_00143,network_association_EVNET_09
PERSON_00055,PERSON_00052,network_association_EVNET_09
PERSON_00055,PERSON_00036,network_association_EVNET_09
PERSON_00055,PERSON_00390,network_association_EVNET_09
PERSON_00055,PERSON_00125,network_association_EVNET_09
PERSON_00411,PERSON_00055,network_association_EVNET_09
PERSON_00411,PERSON_00143,network_association_EVNET_09
PERSON_00411,PERSON_00036,network_association_EVNET_09
PERSON_00411,PERSON_00374,network_association_EVNET_09
PERSON_00425,PERSON_00082,network_contact_EVNET_10
PERSON_00082,PERSON_00126,network_contact_EVNET_10
PERSON_00126,PERSON_00449,network_contact_EVNET_10
PERSON_00449,PERSON_00065,network_contact_EVNET_10
PERSON_00065,PERSON_00071,network_contact_EVNET_10
PERSON_00071,PERSON_00331,network_contact_EVNET_10
PERSON_00331,PERSON_00394,network_contact_EVNET_10
PERSON_00394,PERSON_00201,network_contact_EVNET_10
PERSON_00201,PERSON_00147,network_contact_EVNET_10
PERSON_00147,PERSON_00333,network_contact_EVNET_10
PERSON_00333,PERSON_00288,network_contact_EVNET_10
PERSON_00288,PERSON_00141,network_contact_EVNET_10
PERSON_00141,PERSON_00398,network_contact_EVNET_10
PERSON_00398,PERSON_00165,network_contact_EVNET_10
PERSON_00165,PERSON_00091,network_contact_EVNET_10
PERSON_00091,PERSON_00040,network_contact_EVNET_10
PERSON_00040,PERSON_00425,network_contact_EVNET_10
PERSON_00165,PERSON_00394,network_association_EVNET_10
PERSON_00165,PERSON_00126,network_association_EVNET_10
PERSON_00165,PERSON_00331,network_association_EVNET_10
PERSON_00165,PERSON_00071,network_association_EVNET_10
PERSON_00425,PERSON_00331,network_association_EVNET_10
PERSON_00425,PERSON_00147,network_association_EVNET_10
PERSON_00425,PERSON_00091,network_association_EVNET_10
PERSON_00425,PERSON_00449,network_association_EVNET_10
PERSON_00147,PERSON_00398,network_association_EVNET_10
PERSON_00147,PERSON_00091,network_association_EVNET_10
PERSON_00147,PERSON_00201,network_association_EVNET_10
PERSON_00147,PERSON_00165,network_association_EVNET_10
PERSON_00072,PERSON_00173,network_contact_EVNET_11
PERSON_00173,PERSON_00281,network_contact_EVNET_11
PERSON_00281,PERSON_00072,network_contact_EVNET_11
PERSON_00281,PERSON_00072,network_association_EVNET_11
PERSON_00281,PERSON_00173,network_association_EVNET_11
PERSON_00173,PERSON_00281,network_association_EVNET_11
PERSON_00173,PERSON_00072,network_association_EVNET_11
PERSON_00072,PERSON_00281,network_association_EVNET_11
PERSON_00072,PERSON_00173,network_association_EVNET_11
PERSON_00033,PERSON_00023,network_contact_EVNET_12
PERSON_00023,PERSON_00074,network_contact_EVNET_12
PERSON_00074,PERSON_00179,network_contact_EVNET_12
PERSON_00179,PERSON_00113,network_contact_EVNET_12
PERSON_00113,PERSON_00088,network_contact_EVNET_12
PERSON_00088,PERSON_00059,network_contact_EVNET_12
PERSON_00059,PERSON_00100,network_contact_EVNET_12
PERSON_00100,PERSON_00347,network_contact_EVNET_12
PERSON_00347,PERSON_00244,network_contact_EVNET_12
PERSON_00244,PERSON_00417,network_contact_EVNET_12
PERSON_00417,PERSON_00011,network_contact_EVNET_12
PERSON_00011,PERSON_00033,network_contact_EVNET_12
PERSON_00179,PERSON_00417,network_association_EVNET_12
PERSON_00179,PERSON_00088,network_association_EVNET_12
PERSON_00179,PERSON_00023,network_association_EVNET_12
PERSON_00179,PERSON_00347,network_association_EVNET_12
PERSON_00113,PERSON_00244,network_association_EVNET_12
PERSON_00113,PERSON_00011,network_association_EVNET_12
PERSON_00113,PERSON_00074,network_association_EVNET_12
PERSON_00113,PERSON_00023,network_association_EVNET_12
PERSON_00417,PERSON_00074,network_association_EVNET_12
PERSON_00417,PERSON_00179,network_association_EVNET_12
PERSON_00417,PERSON_00011,network_association_EVNET_12
PERSON_00417,PERSON_00033,network_association_EVNET_12
PERSON_00072,PERSON_00173,shared_accounting_contact
PERSON_00173,PERSON_00281,cross_network_introduction
PERSON_00072,PERSON_00281,transport_contact
CASE_0001,PERSON_00027,case_primary_subject
CASE_0001,PERSON_00204,case_associate
CASE_0002,PERSON_00287,case_primary_subject
CASE_0002,PERSON_00212,case_associate
CASE_0002,PERSON_00090,case_witness
CASE_0003,PERSON_00203,case_primary_subject
CASE_0003,PERSON_00266,case_associate
CASE_0003,PERSON_00281,case_witness
CASE_0004,PERSON_00283,case_primary_subject
CASE_0004,PERSON_00014,case_associate
CASE_0005,PERSON_00426,case_primary_subject
CASE_0005,PERSON_00091,case_associate
CASE_0006,PERSON_00192,case_primary_subject
CASE_0006,PERSON_00025,case_associate
CASE_0006,PERSON_00097,case_witness
CASE_0007,PERSON_00259,case_primary_subject
CASE_0007,PERSON_00287,case_associate
CASE_0008,PERSON_00204,case_primary_subject
CASE_0008,PERSON_00130,case_associate
CASE_0008,PERSON_00134,case_witness
CASE_0009,PERSON_00023,case_primary_subject
CASE_0009,PERSON_00302,case_associate
CASE_0010,PERSON_00147,case_primary_subject
CASE_0010,PERSON_00198,case_associate
CASE_0011,PERSON_00064,case_primary_subject
CASE_0011,PERSON_00049,case_associate
CASE_0011,PERSON_00336,case_witness
CASE_0012,PERSON_00272,case_primary_subject
CASE_0012,PERSON_00048,case_associate
CASE_0012,PERSON_00040,case_witness
CASE_0013,PERSON_00011,case_primary_subject
CASE_0013,PERSON_00183,case_associate
CASE_0013,PERSON_00293,case_witness
CASE_0014,PERSON_00072,case_primary_subject
CASE_0014,PERSON_00349,case_associate
CASE_0015,PERSON_00427,case_primary_subject
CASE_0015,PERSON_00405,case_associate
CASE_0016,PERSON_00300,case_primary_subject
CASE_0016,PERSON_00109,case_associate
CASE_0016,PERSON_00258,case_witness
CASE_0017,PERSON_00325,case_primary_subject
CASE_0017,PERSON_00268,case_associate
CASE_0017,PERSON_00049,case_witness
CASE_0017,PERSON_00065,case_complainant
CASE_0017,PERSON_00402,case_employee
CASE_0018,PERSON_00281,case_primary_subject
CASE_0018,PERSON_00122,case_associate
CASE_0018,PERSON_00387,case_witness
CASE_0019,PERSON_00444,case_primary_subject
CASE_0019,PERSON_00326,case_associate
CASE_0019,PERSON_00226,case_witness
CASE_0020,PERSON_00184,case_primary_subject
CASE_0020,PERSON_00181,case_associate
CASE_0020,PERSON_00125,case_witness
CASE_0020,PERSON_00061,case_complainant
CASE_0020,PERSON_00013,case_employee
CASE_0021,PERSON_00407,case_primary_subject
CASE_0021,PERSON_00195,case_associate
CASE_0021,PERSON_00003,case_witness
CASE_0021,PERSON_00025,case_complainant
CASE_0022,PERSON_00032,case_primary_subject
CASE_0022,PERSON_00427,case_associate
CASE_0022,PERSON_00054,case_witness
CASE_0022,PERSON_00026,case_complainant
CASE_0023,PERSON_00113,case_primary_subject
CASE_0023,PERSON_00133,case_associate
CASE_0023,PERSON_00047,case_witness
CASE_0023,PERSON_00025,case_complainant
CASE_0024,PERSON_00449,case_primary_subject
CASE_0024,PERSON_00213,case_associate
CASE_0024,PERSON_00114,case_witness
CASE_0025,PERSON_00102,case_primary_subject
CASE_0025,PERSON_00096,case_associate
CASE_0025,PERSON_00396,case_witness
CASE_0025,PERSON_00399,case_complainant
CASE_0025,PERSON_00306,case_employee
CASE_0026,PERSON_00272,case_primary_subject
CASE_0026,PERSON_00438,case_associate
CASE_0026,PERSON_00125,case_witness
CASE_0026,PERSON_00154,case_complainant
CASE_0027,PERSON_00179,case_primary_subject
CASE_0027,PERSON_00373,case_associate
CASE_0027,PERSON_00342,case_witness
CASE_0028,PERSON_00281,case_primary_subject
CASE_0028,PERSON_00206,case_associate
CASE_0028,PERSON_00086,case_witness
CASE_0029,PERSON_00363,case_primary_subject
CASE_0029,PERSON_00161,case_associate
CASE_0029,PERSON_00034,case_witness
CASE_0030,PERSON_00287,case_primary_subject
CASE_0030,PERSON_00175,case_associate
CASE_0030,PERSON_00091,case_witness
CASE_0030,PERSON_00304,case_complainant
CASE_0031,PERSON_00388,case_primary_subject
CASE_0031,PERSON_00075,case_associate
CASE_0031,PERSON_00289,case_witness
CASE_0031,PERSON_00011,case_complainant
CASE_0032,PERSON_00033,case_primary_subject
CASE_0032,PERSON_00269,case_associate
CASE_0032,PERSON_00060,case_witness
CASE_0033,PERSON_00309,case_primary_subject
CASE_0033,PERSON_00316,case_associate
CASE_0033,PERSON_00348,case_witness
CASE_0034,PERSON_00078,case_primary_subject
CASE_0034,PERSON_00036,case_associate
CASE_0034,PERSON_00254,case_witness
CASE_0035,PERSON_00011,case_primary_subject
CASE_0035,PERSON_00125,case_associate
CASE_0035,PERSON_00027,case_witness
CASE_0035,PERSON_00176,case_complainant
CASE_0036,PERSON_00151,case_primary_subject
CASE_0036,PERSON_00082,case_associate
CASE_0036,PERSON_00438,case_witness
CASE_0036,PERSON_00367,case_complainant
CASE_0037,PERSON_00417,case_primary_subject
CASE_0037,PERSON_00200,case_associate
CASE_0037,PERSON_00105,case_witness
CASE_0038,PERSON_00398,case_primary_subject
CASE_0038,PERSON_00226,case_associate
CASE_0038,PERSON_00197,case_witness
CASE_0039,PERSON_00188,case_primary_subject
CASE_0039,PERSON_00319,case_associate
CASE_0039,PERSON_00409,case_witness
CASE_0039,PERSON_00321,case_complainant
CASE_0040,PERSON_00127,case_primary_subject
CASE_0040,PERSON_00419,case_associate
CASE_0040,PERSON_00210,case_witness
CASE_0040,PERSON_00301,case_complainant
CASE_0041,PERSON_00088,case_primary_subject
CASE_0041,PERSON_00180,case_associate
CASE_0041,PERSON_00048,case_witness
CASE_0041,PERSON_00434,case_complainant
CASE_0041,PERSON_00445,case_employee
CASE_0042,PERSON_00281,case_primary_subject
CASE_0042,PERSON_00332,case_associate
CASE_0042,PERSON_00176,case_witness
CASE_0042,PERSON_00250,case_complainant
CASE_0042,PERSON_00301,case_employee
CASE_0043,PERSON_00027,case_primary_subject
CASE_0043,PERSON_00195,case_associate
CASE_0043,PERSON_00030,case_witness
CASE_0043,PERSON_00055,case_complainant
CASE_0043,PERSON_00094,case_employee
CASE_0044,PERSON_00182,case_primary_subject
CASE_0044,PERSON_00191,case_associate
CASE_0044,PERSON_00252,case_witness
CASE_0044,PERSON_00014,case_complainant
CASE_0044,PERSON_00181,case_employee
CASE_0045,PERSON_00130,case_primary_subject
CASE_0045,PERSON_00281,case_associate
CASE_0045,PERSON_00012,case_witness
CASE_0046,PERSON_00146,case_primary_subject
CASE_0046,PERSON_00066,case_associate
CASE_0046,PERSON_00275,case_witness
CASE_0046,PERSON_00449,case_complainant
CASE_0046,PERSON_00155,case_employee
CASE_0046,PERSON_00313,case_account_holder
CASE_0046,PERSON_00065,case_vehicle_owner
CASE_0046,PERSON_00084,case_primary_subject
CASE_0047,PERSON_00426,case_primary_subject
CASE_0047,PERSON_00440,case_associate
CASE_0047,PERSON_00256,case_witness
CASE_0047,PERSON_00148,case_complainant
CASE_0047,PERSON_00139,case_employee
CASE_0048,PERSON_00185,case_primary_subject
CASE_0048,PERSON_00134,case_associate
CASE_0048,PERSON_00391,case_witness
CASE_0048,PERSON_00165,case_complainant
CASE_0048,PERSON_00116,case_employee
CASE_0048,PERSON_00032,case_account_holder
CASE_0048,PERSON_00200,case_vehicle_owner
CASE_0048,PERSON_00289,case_primary_subject
CASE_0049,PERSON_00178,case_primary_subject
CASE_0049,PERSON_00011,case_associate
CASE_0049,PERSON_00278,case_witness
CASE_0049,PERSON_00127,case_complainant
CASE_0049,PERSON_00332,case_employee
CASE_0049,PERSON_00299,case_account_holder
CASE_0049,PERSON_00120,case_vehicle_owner
CASE_0049,PERSON_00197,case_primary_subject
CASE_0050,PERSON_00169,case_primary_subject
CASE_0050,PERSON_00344,case_associate
CASE_0050,PERSON_00221,case_witness
CASE_0050,PERSON_00150,case_complainant
CASE_0050,PERSON_00299,case_employee
CASE_0051,PERSON_00074,case_primary_subject
CASE_0051,PERSON_00363,case_associate
CASE_0051,PERSON_00391,case_witness
CASE_0051,PERSON_00211,case_complainant
CASE_0051,PERSON_00016,case_employee
CASE_0051,PERSON_00073,case_account_holder
CASE_0052,PERSON_00065,case_primary_subject
CASE_0052,PERSON_00225,case_associate
CASE_0052,PERSON_00206,case_witness
CASE_0052,PERSON_00060,case_complainant
CASE_0052,PERSON_00131,case_employee
CASE_0052,PERSON_00148,case_account_holder
CASE_0052,PERSON_00407,case_vehicle_owner
CASE_0052,PERSON_00389,case_primary_subject
CASE_0053,PERSON_00064,case_primary_subject
CASE_0053,PERSON_00217,case_associate
CASE_0053,PERSON_00184,case_witness
CASE_0053,PERSON_00065,case_complainant
CASE_0053,PERSON_00316,case_employee
CASE_0054,PERSON_00272,case_primary_subject
CASE_0054,PERSON_00046,case_associate
CASE_0054,PERSON_00020,case_witness
CASE_0054,PERSON_00200,case_complainant
CASE_0054,PERSON_00336,case_employee
CASE_0055,PERSON_00100,case_primary_subject
CASE_0055,PERSON_00410,case_associate
CASE_0055,PERSON_00109,case_witness
CASE_0055,PERSON_00260,case_complainant
CASE_0055,PERSON_00448,case_employee
CASE_0055,PERSON_00426,case_account_holder
CASE_0055,PERSON_00111,case_vehicle_owner
CASE_0056,PERSON_00281,case_primary_subject
CASE_0056,PERSON_00125,case_associate
CASE_0056,PERSON_00068,case_witness
CASE_0056,PERSON_00434,case_complainant
CASE_0056,PERSON_00223,case_employee
CASE_0056,PERSON_00091,case_account_holder
CASE_0056,PERSON_00047,case_vehicle_owner
CASE_0056,PERSON_00051,case_primary_subject
CASE_0057,PERSON_00048,case_primary_subject
CASE_0057,PERSON_00054,case_associate
CASE_0057,PERSON_00100,case_witness
CASE_0057,PERSON_00308,case_complainant
CASE_0057,PERSON_00063,case_employee
CASE_0057,PERSON_00369,case_account_holder
CASE_0058,PERSON_00378,case_primary_subject
CASE_0058,PERSON_00298,case_associate
CASE_0058,PERSON_00060,case_witness
CASE_0058,PERSON_00421,case_complainant
CASE_0058,PERSON_00007,case_employee
CASE_0058,PERSON_00337,case_account_holder
CASE_0058,PERSON_00058,case_vehicle_owner
CASE_0059,PERSON_00173,case_primary_subject
CASE_0059,PERSON_00186,case_associate
CASE_0059,PERSON_00440,case_witness
CASE_0059,PERSON_00125,case_complainant
CASE_0059,PERSON_00398,case_employee
CASE_0059,PERSON_00369,case_account_holder
CASE_0060,PERSON_00391,case_primary_subject
CASE_0060,PERSON_00054,case_associate
CASE_0060,PERSON_00322,case_witness
CASE_0060,PERSON_00316,case_complainant
CASE_0060,PERSON_00342,case_employee
CASE_0060,PERSON_00193,case_account_holder
CASE_0060,PERSON_00064,case_vehicle_owner
CASE_0001,EVID_00001,has_evidence
CASE_0001,EVID_00002,has_evidence
CASE_0002,EVID_00003,has_evidence
CASE_0002,EVID_00004,has_evidence
CASE_0003,EVID_00005,has_evidence
CASE_0003,EVID_00006,has_evidence
CASE_0004,EVID_00007,has_evidence
CASE_0004,EVID_00008,has_evidence
CASE_0005,EVID_00009,has_evidence
CASE_0005,EVID_00010,has_evidence
CASE_0006,EVID_00011,has_evidence
CASE_0006,EVID_00012,has_evidence
CASE_0007,EVID_00013,has_evidence
CASE_0007,EVID_00014,has_evidence
CASE_0008,EVID_00015,has_evidence
CASE_0008,EVID_00016,has_evidence
CASE_0009,EVID_00017,has_evidence
CASE_0009,EVID_00018,has_evidence
CASE_0010,EVID_00019,has_evidence
CASE_0010,EVID_00020,has_evidence
CASE_0011,EVID_00021,has_evidence
CASE_0011,EVID_00022,has_evidence
CASE_0012,EVID_00023,has_evidence
CASE_0012,EVID_00024,has_evidence
CASE_0013,EVID_00025,has_evidence
CASE_0013,EVID_00026,has_evidence
CASE_0014,EVID_00027,has_evidence
CASE_0014,EVID_00028,has_evidence
CASE_0015,EVID_00029,has_evidence
CASE_0015,EVID_00030,has_evidence
CASE_0016,EVID_00031,has_evidence
CASE_0016,EVID_00032,has_evidence
CASE_0017,EVID_00033,has_evidence
CASE_0017,EVID_00034,has_evidence
CASE_0018,EVID_00035,has_evidence
CASE_0018,EVID_00036,has_evidence
CASE_0019,EVID_00037,has_evidence
CASE_0019,EVID_00038,has_evidence
CASE_0020,EVID_00039,has_evidence
CASE_0020,EVID_00040,has_evidence
CASE_0021,EVID_00041,has_evidence
CASE_0021,EVID_00042,has_evidence
CASE_0022,EVID_00043,has_evidence
CASE_0022,EVID_00044,has_evidence
CASE_0023,EVID_00045,has_evidence
CASE_0023,EVID_00046,has_evidence
CASE_0024,EVID_00047,has_evidence
CASE_0024,EVID_00048,has_evidence
CASE_0025,EVID_00049,has_evidence
CASE_0025,EVID_00050,has_evidence
CASE_0026,EVID_00051,has_evidence
CASE_0026,EVID_00052,has_evidence
CASE_0027,EVID_00053,has_evidence
CASE_0027,EVID_00054,has_evidence
CASE_0028,EVID_00055,has_evidence
CASE_0028,EVID_00056,has_evidence
CASE_0029,EVID_00057,has_evidence
CASE_0029,EVID_00058,has_evidence
CASE_0030,EVID_00059,has_evidence
CASE_0030,EVID_00060,has_evidence
CASE_0031,EVID_00061,has_evidence
CASE_0031,EVID_00062,has_evidence
CASE_0032,EVID_00063,has_evidence
CASE_0032,EVID_00064,has_evidence
CASE_0033,EVID_00065,has_evidence
CASE_0033,EVID_00066,has_evidence
CASE_0034,EVID_00067,has_evidence
CASE_0034,EVID_00068,has_evidence
CASE_0035,EVID_00069,has_evidence
CASE_0035,EVID_00070,has_evidence
CASE_0036,EVID_00071,has_evidence
CASE_0036,EVID_00072,has_evidence
CASE_0037,EVID_00073,has_evidence
CASE_0037,EVID_00074,has_evidence
CASE_0038,EVID_00075,has_evidence
CASE_0038,EVID_00076,has_evidence
CASE_0039,EVID_00077,has_evidence
CASE_0039,EVID_00078,has_evidence
CASE_0040,EVID_00079,has_evidence
CASE_0040,EVID_00080,has_evidence
CASE_0041,EVID_00081,has_evidence
CASE_0041,EVID_00082,has_evidence
CASE_0042,EVID_00083,has_evidence
CASE_0042,EVID_00084,has_evidence
CASE_0043,EVID_00085,has_evidence
CASE_0043,EVID_00086,has_evidence
CASE_0044,EVID_00087,has_evidence
CASE_0044,EVID_00088,has_evidence
CASE_0045,EVID_00089,has_evidence
CASE_0045,EVID_00090,has_evidence
CASE_0046,EVID_00091,has_evidence
CASE_0046,EVID_00092,has_evidence
CASE_0047,EVID_00093,has_evidence
CASE_0047,EVID_00094,has_evidence
CASE_0048,EVID_00095,has_evidence
CASE_0048,EVID_00096,has_evidence
CASE_0049,EVID_00097,has_evidence
CASE_0049,EVID_00098,has_evidence
CASE_0050,EVID_00099,has_evidence
CASE_0050,EVID_00100,has_evidence
CASE_0051,EVID_00101,has_evidence
CASE_0051,EVID_00102,has_evidence
CASE_0052,EVID_00103,has_evidence
CASE_0052,EVID_00104,has_evidence
CASE_0053,EVID_00105,has_evidence
CASE_0053,EVID_00106,has_evidence
CASE_0054,EVID_00107,has_evidence
CASE_0054,EVID_00108,has_evidence
CASE_0055,EVID_00109,has_evidence
CASE_0055,EVID_00110,has_evidence
CASE_0056,EVID_00111,has_evidence
CASE_0056,EVID_00112,has_evidence
CASE_0057,EVID_00113,has_evidence
CASE_0057,EVID_00114,has_evidence
CASE_0058,EVID_00115,has_evidence
CASE_0058,EVID_00116,has_evidence
CASE_0059,EVID_00117,has_evidence
CASE_0059,EVID_00118,has_evidence
CASE_0060,EVID_00119,has_evidence
CASE_0060,EVID_00120,has_evidence
CASE_0005,EVID_00121,has_evidence
CASE_0033,EVID_00122,has_evidence
CASE_0026,EVID_00123,has_evidence
CASE_0042,EVID_00124,has_evidence
CASE_0008,EVID_00125,has_evidence
CASE_0020,EVID_00126,has_evidence
CASE_0018,EVID_00127,has_evidence
CASE_0013,EVID_00128,has_evidence
CASE_0014,EVID_00129,has_evidence
CASE_0016,EVID_00130,has_evidence
CASE_0036,EVID_00131,has_evidence
CASE_0055,EVID_00132,has_evidence
CASE_0049,EVID_00133,has_evidence
CASE_0021,EVID_00134,has_evidence
CASE_0012,EVID_00135,has_evidence
CASE_0056,EVID_00136,has_evidence
CASE_0004,EVID_00137,has_evidence
CASE_0007,EVID_00138,has_evidence
CASE_0018,EVID_00139,has_evidence
CASE_0030,EVID_00140,has_evidence
CASE_0048,EVID_00141,has_evidence
CASE_0003,EVID_00142,has_evidence
CASE_0048,EVID_00143,has_evidence
CASE_0027,EVID_00144,has_evidence
CASE_0057,EVID_00145,has_evidence
CASE_0054,EVID_00146,has_evidence
CASE_0013,EVID_00147,has_evidence
CASE_0050,EVID_00148,has_evidence
CASE_0006,EVID_00149,has_evidence
CASE_0017,EVID_00150,has_evidence
CASE_0020,EVID_00151,has_evidence
CASE_0042,EVID_00152,has_evidence
CASE_0010,EVID_00153,has_evidence
CASE_0051,EVID_00154,has_evidence
CASE_0020,EVID_00155,has_evidence
CASE_0033,EVID_00156,has_evidence
CASE_0012,EVID_00157,has_evidence
CASE_0037,EVID_00158,has_evidence
CASE_0028,EVID_00159,has_evidence
CASE_0030,EVID_00160,has_evidence
CASE_0038,EVID_00161,has_evidence
CASE_0002,EVID_00162,has_evidence
CASE_0021,EVID_00163,has_evidence
CASE_0027,EVID_00164,has_evidence
CASE_0001,EVID_00165,has_evidence
CASE_0040,EVID_00166,has_evidence
CASE_0038,EVID_00167,has_evidence
CASE_0019,EVID_00168,has_evidence
CASE_0022,EVID_00169,has_evidence
CASE_0018,EVID_00170,has_evidence
CASE_0028,EVID_00171,has_evidence
CASE_0013,EVID_00172,has_evidence
CASE_0016,EVID_00173,has_evidence
CASE_0003,EVID_00174,has_evidence
CASE_0043,EVID_00175,has_evidence
CASE_0021,EVID_00176,has_evidence
CASE_0014,EVID_00177,has_evidence
CASE_0041,EVID_00178,has_evidence
CASE_0026,EVID_00179,has_evidence
CASE_0003,EVID_00180,has_evidence
CASE_0005,EVID_00181,has_evidence
CASE_0054,EVID_00182,has_evidence
CASE_0012,EVID_00183,has_evidence
CASE_0055,EVID_00184,has_evidence
CASE_0005,EVID_00185,has_evidence
CASE_0032,EVID_00186,has_evidence
CASE_0006,EVID_00187,has_evidence
CASE_0025,EVID_00188,has_evidence
CASE_0048,EVID_00189,has_evidence
CASE_0051,EVID_00190,has_evidence
CASE_0039,EVID_00191,has_evidence
CASE_0042,EVID_00192,has_evidence
CASE_0006,EVID_00193,has_evidence
CASE_0015,EVID_00194,has_evidence
CASE_0019,EVID_00195,has_evidence
CASE_0057,EVID_00196,has_evidence
CASE_0030,EVID_00197,has_evidence
CASE_0004,EVID_00198,has_evidence
CASE_0040,EVID_00199,has_evidence
CASE_0045,EVID_00200,has_evidence
CASE_0028,EVID_00201,has_evidence
CASE_0008,EVID_00202,has_evidence
CASE_0016,EVID_00203,has_evidence
CASE_0038,EVID_00204,has_evidence
CASE_0046,EVID_00205,has_evidence
CASE_0011,EVID_00206,has_evidence
CASE_0016,EVID_00207,has_evidence
CASE_0034,EVID_00208,has_evidence
CASE_0005,EVID_00209,has_evidence
CASE_0055,EVID_00210,has_evidence
CASE_0030,EVID_00211,has_evidence
CASE_0031,EVID_00212,has_evidence
CASE_0039,EVID_00213,has_evidence
CASE_0046,EVID_00214,has_evidence
CASE_0058,EVID_00215,has_evidence
CASE_0004,EVID_00216,has_evidence
CASE_0047,EVID_00217,has_evidence
CASE_0032,EVID_00218,has_evidence
CASE_0023,EVID_00219,has_evidence
CASE_0037,EVID_00220,has_evidence
CASE_0036,EVID_00221,has_evidence
CASE_0026,EVID_00222,has_evidence
CASE_0004,EVID_00223,has_evidence
CASE_0038,EVID_00224,has_evidence
CASE_0042,EVID_00225,has_evidence
CASE_0040,EVID_00226,has_evidence
CASE_0028,EVID_00227,has_evidence
CASE_0035,EVID_00228,has_evidence
CASE_0039,EVID_00229,has_evidence
CASE_0022,EVID_00230,has_evidence
CASE_0056,EVID_00231,has_evidence
CASE_0036,EVID_00232,has_evidence
CASE_0024,EVID_00233,has_evidence
CASE_0005,EVID_00234,has_evidence
CASE_0013,EVID_00235,has_evidence
CASE_0013,EVID_00236,has_evidence
CASE_0045,EVID_00237,has_evidence
CASE_0035,EVID_00238,has_evidence
CASE_0059,EVID_00239,has_evidence
CASE_0036,EVID_00240,has_evidence
CASE_0051,EVID_00241,has_evidence
CASE_0010,EVID_00242,has_evidence
CASE_0050,EVID_00243,has_evidence
CASE_0038,EVID_00244,has_evidence
CASE_0048,EVID_00245,has_evidence
CASE_0053,EVID_00246,has_evidence
CASE_0041,EVID_00247,has_evidence
CASE_0042,EVID_00248,has_evidence
CASE_0050,EVID_00249,has_evidence
CASE_0013,EVID_00250,has_evidence
CASE_0029,EVID_00251,has_evidence
CASE_0024,EVID_00252,has_evidence
CASE_0027,EVID_00253,has_evidence
CASE_0055,EVID_00254,has_evidence
CASE_0011,EVID_00255,has_evidence
CASE_0057,EVID_00256,has_evidence
CASE_0025,EVID_00257,has_evidence
CASE_0014,EVID_00258,has_evidence
CASE_0052,EVID_00259,has_evidence
CASE_0052,EVID_00260,has_evidence
CASE_0001,PHONE_00063,case_phone
CASE_0001,ACCT_00104,case_account
CASE_0001,LOC_0066,case_location
CASE_0002,PHONE_00091,case_phone
CASE_0002,ACCT_00146,case_account
CASE_0002,LOC_0065,case_location
CASE_0003,PHONE_00321,case_phone
CASE_0003,ACCT_00285,case_account
CASE_0003,LOC_0108,case_location
CASE_0004,PHONE_00072,case_phone
CASE_0004,ACCT_00324,case_account
CASE_0004,VEH_0103,case_vehicle
CASE_0004,LOC_0065,case_location
CASE_0005,PHONE_00629,case_phone
CASE_0005,ACCT_00302,case_account
CASE_0005,LOC_0092,case_location
CASE_0006,PHONE_00605,case_phone
CASE_0006,ACCT_00360,case_account
CASE_0006,LOC_0083,case_location
CASE_0007,PHONE_00031,case_phone
CASE_0007,ACCT_00445,case_account
CASE_0007,VEH_0117,case_vehicle
CASE_0007,LOC_0097,case_location
CASE_0008,PHONE_00183,case_phone
CASE_0008,ACCT_00093,case_account
CASE_0008,VEH_0167,case_vehicle
CASE_0008,LOC_0014,case_location
CASE_0009,PHONE_00375,case_phone
CASE_0009,ACCT_00227,case_account
CASE_0009,VEH_0091,case_vehicle
CASE_0009,LOC_0069,case_location
CASE_0010,PHONE_00097,case_phone
CASE_0010,ACCT_00108,case_account
CASE_0010,VEH_0168,case_vehicle
CASE_0010,LOC_0032,case_location
CASE_0011,PHONE_00164,case_phone
CASE_0011,ACCT_00345,case_account
CASE_0011,VEH_0192,case_vehicle
CASE_0011,LOC_0051,case_location
CASE_0012,PHONE_00505,case_phone
CASE_0012,ACCT_00166,case_account
CASE_0012,LOC_0050,case_location
CASE_0013,PHONE_00533,case_phone
CASE_0013,ACCT_00407,case_account
CASE_0013,VEH_0046,case_vehicle
CASE_0013,LOC_0095,case_location
CASE_0014,PHONE_00140,case_phone
CASE_0014,ACCT_00253,case_account
CASE_0014,VEH_0151,case_vehicle
CASE_0014,LOC_0105,case_location
CASE_0015,PHONE_00216,case_phone
CASE_0015,ACCT_00359,case_account
CASE_0015,LOC_0113,case_location
CASE_0016,PHONE_00060,case_phone
CASE_0016,ACCT_00457,case_account
CASE_0016,VEH_0213,case_vehicle
CASE_0016,LOC_0065,case_location
CASE_0017,PHONE_00466,case_phone
CASE_0017,ACCT_00010,case_account
CASE_0017,VEH_0099,case_vehicle
CASE_0017,LOC_0056,case_location
CASE_0018,PHONE_00166,case_phone
CASE_0018,ACCT_00451,case_account
CASE_0018,LOC_0056,case_location
CASE_0019,PHONE_00118,case_phone
CASE_0019,ACCT_00421,case_account
CASE_0019,VEH_0092,case_vehicle
CASE_0019,LOC_0120,case_location
CASE_0020,PHONE_00164,case_phone
CASE_0020,ACCT_00133,case_account
CASE_0020,LOC_0102,case_location
CASE_0021,PHONE_00064,case_phone
CASE_0021,ACCT_00408,case_account
CASE_0021,VEH_0224,case_vehicle
CASE_0021,LOC_0007,case_location
CASE_0022,PHONE_00446,case_phone
CASE_0022,ACCT_00448,case_account
CASE_0022,VEH_0217,case_vehicle
CASE_0022,LOC_0030,case_location
CASE_0023,PHONE_00054,case_phone
CASE_0023,ACCT_00037,case_account
CASE_0023,VEH_0171,case_vehicle
CASE_0023,LOC_0041,case_location
CASE_0024,PHONE_00371,case_phone
CASE_0024,ACCT_00012,case_account
CASE_0024,LOC_0027,case_location
CASE_0025,PHONE_00442,case_phone
CASE_0025,ACCT_00135,case_account
CASE_0025,VEH_0087,case_vehicle
CASE_0025,LOC_0108,case_location
CASE_0026,PHONE_00505,case_phone
CASE_0026,ACCT_00166,case_account
CASE_0026,LOC_0119,case_location
CASE_0027,PHONE_00441,case_phone
CASE_0027,ACCT_00142,case_account
CASE_0027,VEH_0006,case_vehicle
CASE_0027,LOC_0087,case_location
CASE_0028,PHONE_00166,case_phone
CASE_0028,ACCT_00451,case_account
CASE_0028,LOC_0016,case_location
CASE_0029,PHONE_00407,case_phone
CASE_0029,ACCT_00030,case_account
CASE_0029,VEH_0175,case_vehicle
CASE_0029,LOC_0069,case_location
CASE_0030,PHONE_00091,case_phone
CASE_0030,ACCT_00146,case_account
CASE_0030,LOC_0079,case_location
CASE_0031,PHONE_00497,case_phone
CASE_0031,ACCT_00062,case_account
CASE_0031,VEH_0016,case_vehicle
CASE_0031,LOC_0036,case_location
CASE_0032,PHONE_00048,case_phone
CASE_0032,ACCT_00001,case_account
CASE_0032,VEH_0040,case_vehicle
CASE_0032,LOC_0037,case_location
CASE_0033,PHONE_00497,case_phone
CASE_0033,ACCT_00256,case_account
CASE_0033,VEH_0056,case_vehicle
CASE_0033,LOC_0049,case_location
CASE_0034,PHONE_00134,case_phone
CASE_0034,ACCT_00215,case_account
CASE_0034,LOC_0025,case_location
CASE_0035,PHONE_00533,case_phone
CASE_0035,ACCT_00407,case_account
CASE_0035,VEH_0046,case_vehicle
CASE_0035,LOC_0111,case_location
CASE_0036,PHONE_00100,case_phone
CASE_0036,ACCT_00245,case_account
CASE_0036,VEH_0032,case_vehicle
CASE_0036,LOC_0066,case_location
CASE_0037,PHONE_00599,case_phone
CASE_0037,ACCT_00160,case_account
CASE_0037,LOC_0032,case_location
CASE_0038,PHONE_00229,case_phone
CASE_0038,ACCT_00468,case_account
CASE_0038,VEH_0158,case_vehicle
CASE_0038,LOC_0110,case_location
CASE_0039,PHONE_00613,case_phone
CASE_0039,ACCT_00274,case_account
CASE_0039,LOC_0111,case_location
CASE_0040,PHONE_00292,case_phone
CASE_0040,ACCT_00309,case_account
CASE_0040,VEH_0048,case_vehicle
CASE_0040,LOC_0120,case_location
CASE_0041,PHONE_00006,case_phone
CASE_0041,ACCT_00014,case_account
CASE_0041,LOC_0007,case_location
CASE_0042,PHONE_00166,case_phone
CASE_0042,ACCT_00451,case_account
CASE_0042,LOC_0030,case_location
CASE_0043,PHONE_00063,case_phone
CASE_0043,ACCT_00104,case_account
CASE_0043,LOC_0053,case_location
CASE_0044,PHONE_00627,case_phone
CASE_0044,ACCT_00277,case_account
CASE_0044,VEH_0077,case_vehicle
CASE_0044,LOC_0011,case_location
CASE_0045,PHONE_00086,case_phone
CASE_0045,ACCT_00414,case_account
CASE_0045,VEH_0079,case_vehicle
CASE_0045,LOC_0071,case_location
CASE_0046,PHONE_00300,case_phone
CASE_0046,ACCT_00173,case_account
CASE_0046,VEH_0148,case_vehicle
CASE_0046,LOC_0004,case_location
CASE_0047,PHONE_00629,case_phone
CASE_0047,ACCT_00302,case_account
CASE_0047,LOC_0095,case_location
CASE_0048,PHONE_00525,case_phone
CASE_0048,ACCT_00195,case_account
CASE_0048,VEH_0014,case_vehicle
CASE_0048,LOC_0004,case_location
CASE_0049,PHONE_00090,case_phone
CASE_0049,ACCT_00380,case_account
CASE_0049,LOC_0056,case_location
CASE_0050,PHONE_00042,case_phone
CASE_0050,ACCT_00197,case_account
CASE_0050,VEH_0176,case_vehicle
CASE_0050,LOC_0077,case_location
CASE_0051,PHONE_00038,case_phone
CASE_0051,ACCT_00438,case_account
CASE_0051,LOC_0032,case_location
CASE_0052,PHONE_00557,case_phone
CASE_0052,ACCT_00032,case_account
CASE_0052,LOC_0051,case_location
CASE_0053,PHONE_00164,case_phone
CASE_0053,ACCT_00345,case_account
CASE_0053,VEH_0192,case_vehicle
CASE_0053,LOC_0051,case_location
CASE_0054,PHONE_00505,case_phone
CASE_0054,ACCT_00166,case_account
CASE_0054,LOC_0042,case_location
CASE_0055,PHONE_00094,case_phone
CASE_0055,ACCT_00132,case_account
CASE_0055,VEH_0070,case_vehicle
CASE_0055,LOC_0060,case_location
CASE_0056,PHONE_00166,case_phone
CASE_0056,ACCT_00451,case_account
CASE_0056,LOC_0118,case_location
CASE_0057,PHONE_00455,case_phone
CASE_0057,ACCT_00213,case_account
CASE_0057,LOC_0059,case_location
CASE_0058,PHONE_00146,case_phone
CASE_0058,LOC_0017,case_location
CASE_0059,PHONE_00529,case_phone
CASE_0059,ACCT_00102,case_account
CASE_0059,LOC_0105,case_location
CASE_0060,PHONE_00473,case_phone
CASE_0060,LOC_0054,case_location
