sms_id,date,from_person,to_person,phone_id,message_category
SMS_000001,2022-12-03,PERSON_00325,PERSON_00162,PHONE_00466,work
SMS_000002,2022-05-03,PERSON_00448,PERSON_00143,PHONE_00284,delivery
SMS_000003,2021-03-21,PERSON_00089,PERSON_00019,PHONE_00039,delivery
SMS_000004,2025-10-09,PERSON_00340,PERSON_00099,PHONE_00243,routine
SMS_000005,2021-11-26,PERSON_00101,PERSON_00058,PHONE_00408,work
SMS_000006,2023-08-03,PERSON_00281,PERSON_00105,PHONE_00166,routine
SMS_000007,2021-08-03,PERSON_00076,PERSON_00028,PHONE_00504,family
SMS_000008,2022-04-09,PERSON_00449,PERSON_00126,PHONE_00371,bank alert
SMS_000009,2021-06-21,PERSON_00178,PERSON_00147,PHONE_00090,family
SMS_000010,2025-03-02,PERSON_00016,PERSON_00150,PHONE_00555,family
SMS_000011,2023-11-02,PERSON_00259,PERSON_00311,PHONE_00031,routine
SMS_000012,2023-07-10,PERSON_00290,PERSON_00283,PHONE_00119,work
SMS_000013,2023-10-29,PERSON_00182,PERSON_00382,PHONE_00203,routine
SMS_000014,2023-12-23,PERSON_00086,PERSON_00113,PHONE_00239,work
SMS_000015,2024-06-11,PERSON_00040,PERSON_00331,PHONE_00208,appointment
SMS_000016,2023-12-14,PERSON_00048,PERSON_00364,PHONE_00116,family
SMS_000017,2022-06-12,PERSON_00118,PERSON_00127,PHONE_00094,travel
SMS_000018,2024-01-11,PERSON_00221,PERSON_00032,PHONE_00007,travel
SMS_000019,2025-11-01,PERSON_00388,PERSON_00430,PHONE_00497,appointment
SMS_000020,2023-05-29,PERSON_00065,PERSON_00394,PHONE_00557,travel
SMS_000021,2024-10-24,PERSON_00046,PERSON_00056,PHONE_00109,delivery
SMS_000022,2021-10-26,PERSON_00049,PERSON_00448,PHONE_00538,delivery
SMS_000023,2023-06-25,PERSON_00376,PERSON_00048,PHONE_00109,travel
SMS_000024,2025-07-12,PERSON_00384,PERSON_00307,PHONE_00559,routine
SMS_000025,2022-04-11,PERSON_00371,PERSON_00061,PHONE_00288,family
SMS_000026,2022-11-11,PERSON_00168,PERSON_00044,PHONE_00358,delivery
SMS_000027,2025-07-15,PERSON_00224,PERSON_00128,PHONE_00087,routine
SMS_000028,2023-09-29,PERSON_00374,PERSON_00411,PHONE_00616,family
SMS_000029,2021-12-28,PERSON_00150,PERSON_00374,PHONE_00373,delivery
SMS_000030,2022-09-05,PERSON_00173,PERSON_00430,PHONE_00529,routine
SMS_000031,2022-03-14,PERSON_00184,PERSON_00343,PHONE_00164,bank alert
SMS_000032,2025-12-12,PERSON_00252,PERSON_00275,PHONE_00406,work
SMS_000033,2021-11-22,PERSON_00390,PERSON_00009,PHONE_00577,bank alert
SMS_000034,2022-10-20,PERSON_00133,PERSON_00052,PHONE_00502,travel
SMS_000035,2023-12-01,PERSON_00093,PERSON_00030,PHONE_00315,routine
SMS_000036,2022-07-25,PERSON_00425,PERSON_00040,PHONE_00152,work
SMS_000037,2023-08-11,PERSON_00363,PERSON_00145,PHONE_00407,work
SMS_000038,2021-10-28,PERSON_00320,PERSON_00173,PHONE_00336,work
SMS_000039,2022-10-25,PERSON_00259,PERSON_00362,PHONE_00031,travel
SMS_000040,2022-06-20,PERSON_00169,PERSON_00090,PHONE_00042,family
SMS_000041,2024-04-23,PERSON_00376,PERSON_00341,PHONE_00109,work
SMS_000042,2026-05-11,PERSON_00246,PERSON_00225,PHONE_00297,work
SMS_000043,2024-03-04,PERSON_00026,PERSON_00053,PHONE_00090,work
SMS_000044,2023-04-19,PERSON_00427,PERSON_00027,PHONE_00216,bank alert
SMS_000045,2023-01-13,PERSON_00208,PERSON_00160,PHONE_00597,family
SMS_000046,2025-06-10,PERSON_00228,PERSON_00106,PHONE_00483,bank alert
SMS_000047,2022-09-02,PERSON_00170,PERSON_00060,PHONE_00152,work
SMS_000048,2025-02-07,PERSON_00094,PERSON_00364,PHONE_00219,work
SMS_000049,2022-03-23,PERSON_00402,PERSON_00434,PHONE_00228,travel
SMS_000050,2025-08-19,PERSON_00294,PERSON_00024,PHONE_00111,routine
SMS_000051,2025-11-02,PERSON_00406,PERSON_00141,PHONE_00601,family
SMS_000052,2022-12-13,PERSON_00151,PERSON_00359,PHONE_00100,delivery
SMS_000053,2026-06-09,PERSON_00009,PERSON_00127,PHONE_00339,family
SMS_000054,2022-08-20,PERSON_00201,PERSON_00398,PHONE_00390,travel
SMS_000055,2024-05-27,PERSON_00075,PERSON_00158,PHONE_00260,family
SMS_000056,2023-04-25,PERSON_00072,PERSON_00148,PHONE_00140,delivery
SMS_000057,2021-05-26,PERSON_00065,PERSON_00060,PHONE_00557,work
SMS_000058,2024-07-04,PERSON_00078,PERSON_00192,PHONE_00134,family
SMS_000059,2021-03-07,PERSON_00324,PERSON_00286,PHONE_00648,work
SMS_000060,2021-03-16,PERSON_00397,PERSON_00118,PHONE_00086,bank alert
SMS_000061,2024-06-27,PERSON_00417,PERSON_00023,PHONE_00599,family
SMS_000062,2021-09-26,PERSON_00263,PERSON_00259,PHONE_00416,appointment
SMS_000063,2026-06-11,PERSON_00407,PERSON_00220,PHONE_00064,work
SMS_000064,2025-05-17,PERSON_00199,PERSON_00187,PHONE_00471,appointment
SMS_000065,2022-02-17,PERSON_00281,PERSON_00174,PHONE_00166,work
SMS_000066,2024-06-27,PERSON_00069,PERSON_00091,PHONE_00251,family
SMS_000067,2021-02-08,PERSON_00152,PERSON_00072,PHONE_00069,delivery
SMS_000068,2022-07-21,PERSON_00032,PERSON_00223,PHONE_00446,travel
SMS_000069,2026-03-12,PERSON_00398,PERSON_00288,PHONE_00229,family
SMS_000070,2025-10-22,PERSON_00135,PERSON_00322,PHONE_00564,bank alert
SMS_000071,2023-04-05,PERSON_00049,PERSON_00064,PHONE_00538,delivery
SMS_000072,2026-04-13,PERSON_00368,PERSON_00013,PHONE_00397,family
SMS_000073,2022-01-04,PERSON_00178,PERSON_00057,PHONE_00090,work
SMS_000074,2025-02-11,PERSON_00189,PERSON_00063,PHONE_00092,family
SMS_000075,2025-10-31,PERSON_00390,PERSON_00429,PHONE_00577,work
SMS_000076,2026-01-15,PERSON_00281,PERSON_00322,PHONE_00166,delivery
SMS_000077,2023-09-08,PERSON_00011,PERSON_00312,PHONE_00533,appointment
SMS_000078,2022-07-02,PERSON_00205,PERSON_00282,PHONE_00648,work
SMS_000079,2023-10-03,PERSON_00402,PERSON_00287,PHONE_00114,bank alert
SMS_000080,2022-06-23,PERSON_00050,PERSON_00014,PHONE_00378,family
SMS_000081,2021-08-24,PERSON_00101,PERSON_00430,PHONE_00408,family
SMS_000082,2022-01-06,PERSON_00071,PERSON_00201,PHONE_00392,family
SMS_000083,2022-12-03,PERSON_00416,PERSON_00263,PHONE_00236,work
SMS_000084,2023-05-14,PERSON_00444,PERSON_00376,PHONE_00153,appointment
SMS_000085,2025-11-29,PERSON_00344,PERSON_00213,PHONE_00371,work
SMS_000086,2025-11-21,PERSON_00382,PERSON_00405,PHONE_00070,work
SMS_000087,2021-06-13,PERSON_00314,PERSON_00227,PHONE_00104,family
SMS_000088,2021-07-11,PERSON_00383,PERSON_00237,PHONE_00028,work
SMS_000089,2022-06-03,PERSON_00146,PERSON_00383,PHONE_00300,family
SMS_000090,2021-12-02,PERSON_00060,PERSON_00157,PHONE_00630,routine
SMS_000091,2025-07-10,PERSON_00390,PERSON_00022,PHONE_00577,work
SMS_000092,2025-03-18,PERSON_00093,PERSON_00295,PHONE_00315,routine
SMS_000093,2024-07-18,PERSON_00239,PERSON_00034,PHONE_00370,appointment
SMS_000094,2022-04-14,PERSON_00357,PERSON_00155,PHONE_00039,work
SMS_000095,2025-02-14,PERSON_00305,PERSON_00196,PHONE_00380,routine
SMS_000096,2024-01-03,PERSON_00057,PERSON_00407,PHONE_00456,family
SMS_000097,2021-03-19,PERSON_00299,PERSON_00025,PHONE_00328,delivery
SMS_000098,2022-09-06,PERSON_00399,PERSON_00118,PHONE_00331,delivery
SMS_000099,2025-06-26,PERSON_00130,PERSON_00152,PHONE_00086,bank alert
SMS_000100,2023-05-30,PERSON_00279,PERSON_00102,PHONE_00329,routine
SMS_000101,2024-10-20,PERSON_00210,PERSON_00017,PHONE_00514,work
SMS_000102,2024-12-17,PERSON_00250,PERSON_00145,PHONE_00114,work
SMS_000103,2022-09-16,PERSON_00047,PERSON_00079,PHONE_00082,bank alert
SMS_000104,2026-05-13,PERSON_00221,PERSON_00387,PHONE_00007,delivery
SMS_000105,2026-01-20,PERSON_00152,PERSON_00235,PHONE_00069,family
SMS_000106,2023-04-20,PERSON_00416,PERSON_00263,PHONE_00236,family
SMS_000107,2023-09-10,PERSON_00273,PERSON_00043,PHONE_00480,routine
SMS_000108,2022-11-08,PERSON_00016,PERSON_00177,PHONE_00555,delivery
SMS_000109,2025-07-06,PERSON_00145,PERSON_00181,PHONE_00019,work
SMS_000110,2024-09-10,PERSON_00356,PERSON_00204,PHONE_00165,appointment
SMS_000111,2022-10-03,PERSON_00353,PERSON_00166,PHONE_00394,family
SMS_000112,2021-09-28,PERSON_00188,PERSON_00177,PHONE_00613,work
SMS_000113,2026-02-11,PERSON_00150,PERSON_00102,PHONE_00373,appointment
SMS_000114,2024-05-05,PERSON_00322,PERSON_00246,PHONE_00248,work
SMS_000115,2022-07-18,PERSON_00327,PERSON_00162,PHONE_00502,travel
SMS_000116,2022-02-01,PERSON_00157,PERSON_00426,PHONE_00254,bank alert
SMS_000117,2021-12-28,PERSON_00423,PERSON_00110,PHONE_00276,routine
SMS_000118,2022-07-28,PERSON_00044,PERSON_00203,PHONE_00184,routine
SMS_000119,2024-01-01,PERSON_00321,PERSON_00014,PHONE_00527,family
SMS_000120,2026-04-28,PERSON_00392,PERSON_00116,PHONE_00070,family
SMS_000121,2025-10-16,PERSON_00165,PERSON_00065,PHONE_00584,bank alert
SMS_000122,2024-03-03,PERSON_00165,PERSON_00126,PHONE_00584,family
SMS_000123,2026-06-13,PERSON_00290,PERSON_00198,PHONE_00119,bank alert
SMS_000124,2021-06-20,PERSON_00361,PERSON_00311,PHONE_00616,family
SMS_000125,2022-03-27,PERSON_00096,PERSON_00028,PHONE_00035,family
SMS_000126,2026-04-13,PERSON_00043,PERSON_00270,PHONE_00343,family
SMS_000127,2024-04-02,PERSON_00324,PERSON_00026,PHONE_00648,work
SMS_000128,2024-02-24,PERSON_00269,PERSON_00281,PHONE_00583,work
SMS_000129,2025-05-19,PERSON_00422,PERSON_00004,PHONE_00612,work
SMS_000130,2021-11-13,PERSON_00369,PERSON_00409,PHONE_00346,routine
SMS_000131,2023-02-04,PERSON_00135,PERSON_00344,PHONE_00564,appointment
SMS_000132,2026-01-19,PERSON_00044,PERSON_00203,PHONE_00184,appointment
SMS_000133,2021-09-11,PERSON_00447,PERSON_00032,PHONE_00041,bank alert
SMS_000134,2021-06-07,PERSON_00185,PERSON_00078,PHONE_00525,work
SMS_000135,2025-07-24,PERSON_00200,PERSON_00188,PHONE_00226,routine
SMS_000136,2021-10-07,PERSON_00239,PERSON_00064,PHONE_00370,work
SMS_000137,2021-12-11,PERSON_00014,PERSON_00248,PHONE_00453,routine
SMS_000138,2024-01-18,PERSON_00114,PERSON_00229,PHONE_00216,delivery
SMS_000139,2025-04-22,PERSON_00104,PERSON_00277,PHONE_00627,bank alert
SMS_000140,2023-02-22,PERSON_00176,PERSON_00107,PHONE_00494,routine
SMS_000141,2025-02-04,PERSON_00020,PERSON_00140,PHONE_00604,family
SMS_000142,2023-12-21,PERSON_00289,PERSON_00070,PHONE_00240,appointment
SMS_000143,2021-03-26,PERSON_00338,PERSON_00445,PHONE_00090,family
SMS_000144,2021-04-05,PERSON_00394,PERSON_00028,PHONE_00032,work
SMS_000145,2025-09-01,PERSON_00398,PERSON_00449,PHONE_00229,work
SMS_000146,2024-02-17,PERSON_00407,PERSON_00245,PHONE_00608,routine
SMS_000147,2026-03-07,PERSON_00436,PERSON_00158,PHONE_00187,delivery
SMS_000148,2024-04-07,PERSON_00057,PERSON_00246,PHONE_00456,delivery
SMS_000149,2023-09-28,PERSON_00085,PERSON_00246,PHONE_00166,routine
SMS_000150,2025-02-15,PERSON_00448,PERSON_00151,PHONE_00284,bank alert
SMS_000151,2025-02-19,PERSON_00102,PERSON_00049,PHONE_00442,family
SMS_000152,2021-06-07,PERSON_00004,PERSON_00101,PHONE_00536,family
SMS_000153,2024-01-16,PERSON_00008,PERSON_00104,PHONE_00024,delivery
SMS_000154,2025-09-27,PERSON_00031,PERSON_00166,PHONE_00493,appointment
SMS_000155,2021-12-17,PERSON_00094,PERSON_00364,PHONE_00219,work
SMS_000156,2022-12-14,PERSON_00344,PERSON_00345,PHONE_00371,work
SMS_000157,2025-06-01,PERSON_00400,PERSON_00179,PHONE_00172,routine
SMS_000158,2024-10-16,PERSON_00172,PERSON_00193,PHONE_00487,routine
SMS_000159,2021-05-25,PERSON_00200,PERSON_00343,PHONE_00226,family
SMS_000160,2026-06-11,PERSON_00360,PERSON_00166,PHONE_00467,family
SMS_000161,2022-04-25,PERSON_00162,PERSON_00017,PHONE_00058,family
SMS_000162,2025-01-01,PERSON_00027,PERSON_00012,PHONE_00063,bank alert
SMS_000163,2021-04-18,PERSON_00416,PERSON_00057,PHONE_00236,appointment
SMS_000164,2026-06-26,PERSON_00206,PERSON_00038,PHONE_00496,family
SMS_000165,2023-05-06,PERSON_00280,PERSON_00196,PHONE_00163,family
SMS_000166,2026-04-30,PERSON_00163,PERSON_00102,PHONE_00251,routine
SMS_000167,2021-06-24,PERSON_00223,PERSON_00122,PHONE_00141,bank alert
SMS_000168,2021-01-21,PERSON_00200,PERSON_00188,PHONE_00226,travel
SMS_000169,2023-03-02,PERSON_00400,PERSON_00179,PHONE_00172,travel
SMS_000170,2023-11-27,PERSON_00219,PERSON_00276,PHONE_00476,routine
SMS_000171,2025-09-21,PERSON_00220,PERSON_00159,PHONE_00503,work
SMS_000172,2025-06-07,PERSON_00300,PERSON_00382,PHONE_00060,work
SMS_000173,2024-06-24,PERSON_00102,PERSON_00351,PHONE_00442,family
SMS_000174,2022-06-01,PERSON_00358,PERSON_00010,PHONE_00452,delivery
SMS_000175,2022-05-09,PERSON_00385,PERSON_00263,PHONE_00062,appointment
SMS_000176,2021-12-16,PERSON_00385,PERSON_00178,PHONE_00062,family
SMS_000177,2024-01-11,PERSON_00326,PERSON_00002,PHONE_00192,family
SMS_000178,2023-04-26,PERSON_00058,PERSON_00005,PHONE_00190,bank alert
SMS_000179,2022-11-07,PERSON_00344,PERSON_00386,PHONE_00371,appointment
SMS_000180,2023-03-02,PERSON_00264,PERSON_00098,PHONE_00515,bank alert
SMS_000181,2024-08-06,PERSON_00048,PERSON_00250,PHONE_00455,bank alert
SMS_000182,2023-01-18,PERSON_00065,PERSON_00394,PHONE_00557,family
SMS_000183,2023-10-21,PERSON_00016,PERSON_00150,PHONE_00555,work
SMS_000184,2021-04-16,PERSON_00125,PERSON_00188,PHONE_00638,work
SMS_000185,2021-10-21,PERSON_00227,PERSON_00364,PHONE_00251,work
SMS_000186,2025-10-02,PERSON_00036,PERSON_00143,PHONE_00024,travel
SMS_000187,2023-02-26,PERSON_00379,PERSON_00169,PHONE_00443,work
SMS_000188,2024-12-18,PERSON_00207,PERSON_00042,PHONE_00004,work
SMS_000189,2022-07-14,PERSON_00057,PERSON_00407,PHONE_00456,work
SMS_000190,2026-06-10,PERSON_00149,PERSON_00300,PHONE_00320,family
SMS_000191,2025-04-21,PERSON_00415,PERSON_00313,PHONE_00079,work
SMS_000192,2023-07-28,PERSON_00300,PERSON_00072,PHONE_00060,delivery
SMS_000193,2023-08-01,PERSON_00071,PERSON_00425,PHONE_00392,travel
SMS_000194,2021-04-09,PERSON_00073,PERSON_00204,PHONE_00619,travel
SMS_000195,2021-11-30,PERSON_00309,PERSON_00060,PHONE_00497,routine
SMS_000196,2024-06-03,PERSON_00344,PERSON_00060,PHONE_00371,travel
SMS_000197,2024-02-01,PERSON_00102,PERSON_00351,PHONE_00442,travel
SMS_000198,2024-09-15,PERSON_00218,PERSON_00065,PHONE_00081,work
SMS_000199,2023-11-09,PERSON_00067,PERSON_00197,PHONE_00202,work
SMS_000200,2025-01-18,PERSON_00438,PERSON_00257,PHONE_00435,travel
SMS_000201,2025-07-03,PERSON_00048,PERSON_00250,PHONE_00455,bank alert
SMS_000202,2025-12-14,PERSON_00028,PERSON_00360,PHONE_00399,bank alert
SMS_000203,2022-07-23,PERSON_00143,PERSON_00166,PHONE_00497,delivery
SMS_000204,2025-12-24,PERSON_00309,PERSON_00037,PHONE_00497,travel
SMS_000205,2022-02-15,PERSON_00064,PERSON_00133,PHONE_00164,routine
SMS_000206,2024-12-30,PERSON_00141,PERSON_00165,PHONE_00528,work
SMS_000207,2023-02-18,PERSON_00069,PERSON_00152,PHONE_00163,bank alert
SMS_000208,2023-10-06,PERSON_00429,PERSON_00012,PHONE_00239,work
SMS_000209,2021-07-17,PERSON_00300,PERSON_00378,PHONE_00060,bank alert
SMS_000210,2021-06-22,PERSON_00448,PERSON_00150,PHONE_00284,bank alert
SMS_000211,2021-05-07,PERSON_00011,PERSON_00220,PHONE_00533,travel
SMS_000212,2021-09-11,PERSON_00427,PERSON_00223,PHONE_00216,work
SMS_000213,2021-10-03,PERSON_00135,PERSON_00344,PHONE_00564,work
SMS_000214,2023-10-06,PERSON_00223,PERSON_00027,PHONE_00141,family
SMS_000215,2024-12-29,PERSON_00107,PERSON_00169,PHONE_00345,work
SMS_000216,2025-04-25,PERSON_00021,PERSON_00226,PHONE_00325,delivery
SMS_000217,2024-09-04,PERSON_00281,PERSON_00427,PHONE_00166,family
SMS_000218,2024-02-13,PERSON_00006,PERSON_00126,PHONE_00105,routine
SMS_000219,2024-07-27,PERSON_00024,PERSON_00294,PHONE_00366,work
SMS_000220,2023-11-25,PERSON_00082,PERSON_00065,PHONE_00428,family
SMS_000221,2023-11-04,PERSON_00010,PERSON_00400,PHONE_00080,family
SMS_000222,2022-08-13,PERSON_00150,PERSON_00064,PHONE_00373,delivery
SMS_000223,2021-05-25,PERSON_00035,PERSON_00121,PHONE_00341,travel
SMS_000224,2025-06-04,PERSON_00035,PERSON_00072,PHONE_00341,family
SMS_000225,2024-11-18,PERSON_00102,PERSON_00351,PHONE_00442,travel
SMS_000226,2022-08-31,PERSON_00257,PERSON_00222,PHONE_00099,appointment
SMS_000227,2023-09-20,PERSON_00427,PERSON_00027,PHONE_00216,bank alert
SMS_000228,2024-11-14,PERSON_00046,PERSON_00056,PHONE_00109,delivery
SMS_000229,2022-05-10,PERSON_00272,PERSON_00169,PHONE_00505,bank alert
SMS_000230,2025-09-23,PERSON_00220,PERSON_00385,PHONE_00503,travel
SMS_000231,2021-01-03,PERSON_00099,PERSON_00050,PHONE_00103,routine
SMS_000232,2022-05-25,PERSON_00077,PERSON_00244,PHONE_00017,delivery
SMS_000233,2021-03-18,PERSON_00097,PERSON_00309,PHONE_00389,delivery
SMS_000234,2022-07-18,PERSON_00010,PERSON_00400,PHONE_00080,work
SMS_000235,2022-01-21,PERSON_00298,PERSON_00321,PHONE_00045,work
SMS_000236,2023-05-30,PERSON_00394,PERSON_00028,PHONE_00032,travel
SMS_000237,2021-03-30,PERSON_00192,PERSON_00171,PHONE_00423,family
SMS_000238,2023-07-16,PERSON_00225,PERSON_00294,PHONE_00274,work
SMS_000239,2023-03-11,PERSON_00342,PERSON_00255,PHONE_00191,bank alert
SMS_000240,2026-05-29,PERSON_00069,PERSON_00091,PHONE_00163,family
SMS_000241,2024-02-04,PERSON_00035,PERSON_00135,PHONE_00341,family
SMS_000242,2024-06-06,PERSON_00255,PERSON_00034,PHONE_00292,travel
SMS_000243,2025-12-22,PERSON_00101,PERSON_00388,PHONE_00408,routine
SMS_000244,2021-10-08,PERSON_00363,PERSON_00256,PHONE_00407,routine
SMS_000245,2025-02-14,PERSON_00259,PERSON_00362,PHONE_00031,work
SMS_000246,2022-07-17,PERSON_00233,PERSON_00434,PHONE_00558,family
SMS_000247,2024-03-23,PERSON_00121,PERSON_00141,PHONE_00362,travel
SMS_000248,2024-04-20,PERSON_00308,PERSON_00142,PHONE_00231,travel
SMS_000249,2021-09-15,PERSON_00114,PERSON_00057,PHONE_00216,delivery
SMS_000250,2024-11-30,PERSON_00282,PERSON_00300,PHONE_00104,work
SMS_000251,2021-07-17,PERSON_00132,PERSON_00363,PHONE_00371,work
SMS_000252,2024-12-21,PERSON_00325,PERSON_00162,PHONE_00466,travel
SMS_000253,2022-09-10,PERSON_00108,PERSON_00160,PHONE_00254,bank alert
SMS_000254,2024-08-28,PERSON_00311,PERSON_00159,PHONE_00472,delivery
SMS_000255,2021-06-19,PERSON_00386,PERSON_00015,PHONE_00029,routine
SMS_000256,2023-03-10,PERSON_00442,PERSON_00223,PHONE_00022,bank alert
SMS_000257,2023-05-06,PERSON_00393,PERSON_00382,PHONE_00514,bank alert
SMS_000258,2023-03-02,PERSON_00320,PERSON_00162,PHONE_00336,family
SMS_000259,2026-03-14,PERSON_00330,PERSON_00008,PHONE_00327,travel
SMS_000260,2025-06-13,PERSON_00044,PERSON_00036,PHONE_00184,appointment
SMS_000261,2022-07-05,PERSON_00393,PERSON_00438,PHONE_00514,bank alert
SMS_000262,2022-10-09,PERSON_00071,PERSON_00288,PHONE_00392,bank alert
SMS_000263,2021-01-13,PERSON_00347,PERSON_00249,PHONE_00161,appointment
SMS_000264,2023-09-09,PERSON_00010,PERSON_00176,PHONE_00080,bank alert
SMS_000265,2021-03-30,PERSON_00070,PERSON_00259,PHONE_00175,appointment
SMS_000266,2026-02-21,PERSON_00311,PERSON_00304,PHONE_00472,bank alert
SMS_000267,2022-07-24,PERSON_00143,PERSON_00178,PHONE_00497,family
SMS_000268,2023-05-01,PERSON_00124,PERSON_00203,PHONE_00503,bank alert
SMS_000269,2021-08-31,PERSON_00265,PERSON_00359,PHONE_00198,family
SMS_000270,2025-05-06,PERSON_00178,PERSON_00070,PHONE_00090,work
SMS_000271,2024-07-25,PERSON_00124,PERSON_00155,PHONE_00488,travel
SMS_000272,2023-03-20,PERSON_00172,PERSON_00090,PHONE_00487,family
SMS_000273,2023-04-28,PERSON_00368,PERSON_00065,PHONE_00397,family
SMS_000274,2021-02-22,PERSON_00184,PERSON_00178,PHONE_00496,appointment
SMS_000275,2022-04-26,PERSON_00010,PERSON_00105,PHONE_00080,bank alert
SMS_000276,2025-01-14,PERSON_00394,PERSON_00141,PHONE_00032,family
SMS_000277,2021-11-28,PERSON_00285,PERSON_00277,PHONE_00116,family
SMS_000278,2021-09-17,PERSON_00192,PERSON_00343,PHONE_00423,work
SMS_000279,2023-09-03,PERSON_00178,PERSON_00362,PHONE_00090,family
SMS_000280,2022-11-01,PERSON_00124,PERSON_00203,PHONE_00503,delivery
SMS_000281,2021-08-17,PERSON_00173,PERSON_00281,PHONE_00529,travel
SMS_000282,2024-10-18,PERSON_00414,PERSON_00111,PHONE_00012,family
SMS_000283,2023-08-07,PERSON_00306,PERSON_00044,PHONE_00117,work
SMS_000284,2022-06-08,PERSON_00343,PERSON_00282,PHONE_00373,work
SMS_000285,2021-08-26,PERSON_00173,PERSON_00009,PHONE_00529,family
SMS_000286,2026-02-11,PERSON_00139,PERSON_00045,PHONE_00021,work
SMS_000287,2025-03-22,PERSON_00170,PERSON_00130,PHONE_00152,routine
SMS_000288,2025-11-20,PERSON_00021,PERSON_00001,PHONE_00325,routine
SMS_000289,2026-04-20,PERSON_00125,PERSON_00374,PHONE_00638,family
SMS_000290,2022-02-22,PERSON_00306,PERSON_00043,PHONE_00117,routine
SMS_000291,2023-04-01,PERSON_00049,PERSON_00157,PHONE_00538,family
SMS_000292,2022-07-08,PERSON_00048,PERSON_00215,PHONE_00116,work
SMS_000293,2024-11-22,PERSON_00220,PERSON_00178,PHONE_00503,work
SMS_000294,2021-12-15,PERSON_00337,PERSON_00343,PHONE_00531,family
SMS_000295,2023-03-04,PERSON_00065,PERSON_00394,PHONE_00557,delivery
SMS_000296,2023-09-06,PERSON_00060,PERSON_00255,PHONE_00630,family
SMS_000297,2021-12-05,PERSON_00156,PERSON_00064,PHONE_00605,family
SMS_000298,2025-02-07,PERSON_00314,PERSON_00110,PHONE_00104,family
SMS_000299,2024-04-16,PERSON_00237,PERSON_00105,PHONE_00106,travel
SMS_000300,2023-10-23,PERSON_00037,PERSON_00309,PHONE_00233,appointment
SMS_000301,2025-02-17,PERSON_00336,PERSON_00279,PHONE_00083,work
SMS_000302,2021-01-01,PERSON_00040,PERSON_00150,PHONE_00208,travel
SMS_000303,2024-12-07,PERSON_00169,PERSON_00098,PHONE_00042,delivery
SMS_000304,2023-08-09,PERSON_00087,PERSON_00222,PHONE_00462,routine
SMS_000305,2021-11-15,PERSON_00171,PERSON_00055,PHONE_00214,work
SMS_000306,2021-08-22,PERSON_00178,PERSON_00259,PHONE_00090,travel
SMS_000307,2026-02-01,PERSON_00391,PERSON_00238,PHONE_00473,delivery
SMS_000308,2022-05-15,PERSON_00383,PERSON_00400,PHONE_00075,work
SMS_000309,2024-08-05,PERSON_00085,PERSON_00104,PHONE_00166,routine
SMS_000310,2023-09-18,PERSON_00331,PERSON_00288,PHONE_00274,work
SMS_000311,2025-02-20,PERSON_00137,PERSON_00379,PHONE_00044,work
SMS_000312,2026-04-14,PERSON_00371,PERSON_00061,PHONE_00288,family
SMS_000313,2022-06-24,PERSON_00284,PERSON_00309,PHONE_00299,family
SMS_000314,2021-04-07,PERSON_00103,PERSON_00372,PHONE_00408,travel
SMS_000315,2026-02-14,PERSON_00398,PERSON_00333,PHONE_00229,travel
SMS_000316,2025-05-17,PERSON_00406,PERSON_00051,PHONE_00478,routine
SMS_000317,2023-11-19,PERSON_00088,PERSON_00355,PHONE_00006,work
SMS_000318,2022-11-13,PERSON_00173,PERSON_00388,PHONE_00529,delivery
SMS_000319,2024-01-10,PERSON_00229,PERSON_00308,PHONE_00325,family
SMS_000320,2024-08-17,PERSON_00261,PERSON_00324,PHONE_00650,family
SMS_000321,2022-01-07,PERSON_00433,PERSON_00272,PHONE_00062,work
SMS_000322,2024-05-14,PERSON_00231,PERSON_00067,PHONE_00315,delivery
SMS_000323,2021-09-16,PERSON_00150,PERSON_00102,PHONE_00373,bank alert
SMS_000324,2025-09-19,PERSON_00036,PERSON_00052,PHONE_00024,family
SMS_000325,2023-12-21,PERSON_00065,PERSON_00060,PHONE_00557,work
SMS_000326,2025-09-11,PERSON_00379,PERSON_00239,PHONE_00443,routine
SMS_000327,2024-05-09,PERSON_00384,PERSON_00050,PHONE_00608,work
SMS_000328,2026-06-06,PERSON_00099,PERSON_00050,PHONE_00428,bank alert
SMS_000329,2021-01-23,PERSON_00005,PERSON_00181,PHONE_00074,delivery
SMS_000330,2022-07-17,PERSON_00213,PERSON_00025,PHONE_00042,work
SMS_000331,2023-12-18,PERSON_00269,PERSON_00210,PHONE_00583,routine
SMS_000332,2024-01-08,PERSON_00184,PERSON_00178,PHONE_00164,family
SMS_000333,2025-06-13,PERSON_00298,PERSON_00381,PHONE_00045,work
SMS_000334,2026-05-14,PERSON_00102,PERSON_00055,PHONE_00442,work
SMS_000335,2021-01-01,PERSON_00426,PERSON_00304,PHONE_00629,routine
SMS_000336,2022-06-15,PERSON_00416,PERSON_00169,PHONE_00236,delivery
SMS_000337,2021-11-20,PERSON_00372,PERSON_00375,PHONE_00177,work
SMS_000338,2022-07-10,PERSON_00011,PERSON_00362,PHONE_00533,routine
SMS_000339,2022-04-17,PERSON_00367,PERSON_00196,PHONE_00304,travel
SMS_000340,2024-01-27,PERSON_00171,PERSON_00121,PHONE_00214,routine
SMS_000341,2022-05-15,PERSON_00270,PERSON_00055,PHONE_00030,work
SMS_000342,2022-06-15,PERSON_00129,PERSON_00329,PHONE_00468,travel
SMS_000343,2022-12-09,PERSON_00203,PERSON_00204,PHONE_00321,routine
SMS_000344,2024-11-04,PERSON_00314,PERSON_00227,PHONE_00104,routine
SMS_000345,2025-08-14,PERSON_00394,PERSON_00082,PHONE_00032,routine
SMS_000346,2025-04-14,PERSON_00085,PERSON_00433,PHONE_00166,work
SMS_000347,2023-07-24,PERSON_00336,PERSON_00006,PHONE_00083,work
SMS_000348,2021-05-24,PERSON_00208,PERSON_00071,PHONE_00597,routine
SMS_000349,2024-11-30,PERSON_00054,PERSON_00450,PHONE_00453,delivery
SMS_000350,2025-03-01,PERSON_00143,PERSON_00134,PHONE_00497,bank alert
SMS_000351,2023-04-12,PERSON_00126,PERSON_00091,PHONE_00268,work
SMS_000352,2023-04-16,PERSON_00010,PERSON_00290,PHONE_00080,work
SMS_000353,2024-10-07,PERSON_00146,PERSON_00400,PHONE_00300,routine
SMS_000354,2021-02-09,PERSON_00032,PERSON_00148,PHONE_00446,family
SMS_000355,2023-07-14,PERSON_00246,PERSON_00048,PHONE_00569,bank alert
SMS_000356,2025-03-15,PERSON_00138,PERSON_00032,PHONE_00290,routine
SMS_000357,2023-04-23,PERSON_00263,PERSON_00416,PHONE_00416,bank alert
SMS_000358,2021-11-12,PERSON_00166,PERSON_00031,PHONE_00054,family
SMS_000359,2023-04-18,PERSON_00420,PERSON_00043,PHONE_00143,bank alert
SMS_000360,2025-07-15,PERSON_00239,PERSON_00127,PHONE_00370,bank alert
SMS_000361,2022-11-11,PERSON_00234,PERSON_00249,PHONE_00165,family
SMS_000362,2021-02-10,PERSON_00232,PERSON_00435,PHONE_00196,work
SMS_000363,2025-08-08,PERSON_00181,PERSON_00153,PHONE_00124,work
SMS_000364,2023-09-11,PERSON_00239,PERSON_00169,PHONE_00370,work
SMS_000365,2024-03-08,PERSON_00184,PERSON_00336,PHONE_00496,bank alert
SMS_000366,2021-05-01,PERSON_00096,PERSON_00028,PHONE_00035,work
SMS_000367,2023-11-05,PERSON_00010,PERSON_00212,PHONE_00080,delivery
SMS_000368,2025-12-21,PERSON_00108,PERSON_00160,PHONE_00254,delivery
SMS_000369,2025-09-29,PERSON_00385,PERSON_00312,PHONE_00062,bank alert
SMS_000370,2022-08-16,PERSON_00346,PERSON_00269,PHONE_00387,work
SMS_000371,2022-02-19,PERSON_00391,PERSON_00238,PHONE_00473,bank alert
SMS_000372,2021-09-29,PERSON_00383,PERSON_00146,PHONE_00075,travel
SMS_000373,2023-07-10,PERSON_00428,PERSON_00121,PHONE_00029,delivery
SMS_000374,2021-04-14,PERSON_00360,PERSON_00130,PHONE_00467,family
SMS_000375,2025-04-21,PERSON_00094,PERSON_00364,PHONE_00219,work
SMS_000376,2025-07-05,PERSON_00415,PERSON_00395,PHONE_00079,delivery
SMS_000377,2024-08-29,PERSON_00013,PERSON_00391,PHONE_00377,work
SMS_000378,2023-03-16,PERSON_00283,PERSON_00383,PHONE_00186,bank alert
SMS_000379,2023-04-15,PERSON_00021,PERSON_00251,PHONE_00325,family
SMS_000380,2026-01-11,PERSON_00297,PERSON_00278,PHONE_00643,delivery
SMS_000381,2023-08-04,PERSON_00450,PERSON_00051,PHONE_00477,bank alert
SMS_000382,2022-10-30,PERSON_00151,PERSON_00274,PHONE_00100,family
SMS_000383,2023-07-06,PERSON_00170,PERSON_00218,PHONE_00152,bank alert
SMS_000384,2024-02-18,PERSON_00345,PERSON_00146,PHONE_00283,work
SMS_000385,2021-08-07,PERSON_00281,PERSON_00072,PHONE_00166,delivery
SMS_000386,2021-02-17,PERSON_00130,PERSON_00141,PHONE_00086,work
SMS_000387,2022-02-02,PERSON_00338,PERSON_00094,PHONE_00090,bank alert
SMS_000388,2022-01-20,PERSON_00012,PERSON_00376,PHONE_00623,delivery
SMS_000389,2022-01-19,PERSON_00057,PERSON_00227,PHONE_00456,family
SMS_000390,2022-01-07,PERSON_00237,PERSON_00002,PHONE_00106,delivery
SMS_000391,2025-06-14,PERSON_00236,PERSON_00250,PHONE_00097,appointment
SMS_000392,2026-04-11,PERSON_00145,PERSON_00250,PHONE_00019,family
SMS_000393,2024-05-13,PERSON_00370,PERSON_00152,PHONE_00480,family
SMS_000394,2025-07-27,PERSON_00281,PERSON_00383,PHONE_00166,delivery
SMS_000395,2024-04-10,PERSON_00345,PERSON_00405,PHONE_00283,delivery
SMS_000396,2023-03-30,PERSON_00218,PERSON_00007,PHONE_00081,family
SMS_000397,2025-11-17,PERSON_00079,PERSON_00067,PHONE_00027,family
SMS_000398,2022-03-11,PERSON_00164,PERSON_00046,PHONE_00637,work
SMS_000399,2023-06-13,PERSON_00359,PERSON_00217,PHONE_00636,travel
SMS_000400,2024-02-28,PERSON_00353,PERSON_00143,PHONE_00394,delivery
SMS_000401,2021-05-06,PERSON_00001,PERSON_00021,PHONE_00232,bank alert
SMS_000402,2023-08-16,PERSON_00310,PERSON_00065,PHONE_00065,work
SMS_000403,2021-09-15,PERSON_00319,PERSON_00261,PHONE_00383,appointment
SMS_000404,2025-12-13,PERSON_00154,PERSON_00231,PHONE_00642,work
SMS_000405,2021-02-11,PERSON_00203,PERSON_00444,PHONE_00321,travel
SMS_000406,2023-12-17,PERSON_00064,PERSON_00325,PHONE_00164,travel
SMS_000407,2021-08-28,PERSON_00348,PERSON_00381,PHONE_00611,work
SMS_000408,2024-07-26,PERSON_00188,PERSON_00055,PHONE_00613,routine
SMS_000409,2024-01-13,PERSON_00146,PERSON_00400,PHONE_00300,travel
SMS_000410,2022-02-09,PERSON_00312,PERSON_00166,PHONE_00076,bank alert
SMS_000411,2022-03-30,PERSON_00127,PERSON_00133,PHONE_00292,travel
SMS_000412,2022-07-14,PERSON_00276,PERSON_00196,PHONE_00164,bank alert
SMS_000413,2021-08-27,PERSON_00388,PERSON_00044,PHONE_00497,routine
SMS_000414,2024-09-22,PERSON_00138,PERSON_00032,PHONE_00290,travel
SMS_000415,2025-12-09,PERSON_00015,PERSON_00155,PHONE_00212,bank alert
SMS_000416,2021-02-19,PERSON_00331,PERSON_00394,PHONE_00274,travel
SMS_000417,2024-08-19,PERSON_00449,PERSON_00398,PHONE_00371,work
SMS_000418,2025-08-04,PERSON_00256,PERSON_00223,PHONE_00543,family
SMS_000419,2026-06-08,PERSON_00201,PERSON_00265,PHONE_00390,family
SMS_000420,2022-01-14,PERSON_00146,PERSON_00290,PHONE_00300,travel
SMS_000421,2021-08-13,PERSON_00402,PERSON_00149,PHONE_00114,bank alert
SMS_000422,2026-01-22,PERSON_00095,PERSON_00067,PHONE_00610,family
SMS_000423,2023-07-15,PERSON_00389,PERSON_00134,PHONE_00197,travel
SMS_000424,2025-09-28,PERSON_00096,PERSON_00125,PHONE_00035,family
SMS_000425,2023-01-24,PERSON_00127,PERSON_00072,PHONE_00292,work
SMS_000426,2023-04-21,PERSON_00318,PERSON_00287,PHONE_00111,travel
SMS_000427,2024-06-27,PERSON_00076,PERSON_00184,PHONE_00504,work
SMS_000428,2022-05-01,PERSON_00442,PERSON_00223,PHONE_00022,appointment
SMS_000429,2022-10-31,PERSON_00382,PERSON_00405,PHONE_00070,work
SMS_000430,2023-12-27,PERSON_00178,PERSON_00070,PHONE_00090,routine
SMS_000431,2023-02-05,PERSON_00190,PERSON_00127,PHONE_00516,delivery
SMS_000432,2022-09-01,PERSON_00272,PERSON_00169,PHONE_00505,work
SMS_000433,2021-08-06,PERSON_00102,PERSON_00052,PHONE_00442,delivery
SMS_000434,2026-01-25,PERSON_00122,PERSON_00340,PHONE_00195,bank alert
SMS_000435,2021-01-15,PERSON_00231,PERSON_00067,PHONE_00315,travel
SMS_000436,2024-02-16,PERSON_00345,PERSON_00434,PHONE_00105,work
SMS_000437,2024-08-07,PERSON_00126,PERSON_00065,PHONE_00021,delivery
SMS_000438,2023-10-28,PERSON_00002,PERSON_00111,PHONE_00566,family
SMS_000439,2026-04-23,PERSON_00369,PERSON_00365,PHONE_00346,family
SMS_000440,2022-11-03,PERSON_00281,PERSON_00105,PHONE_00166,appointment
SMS_000441,2023-01-24,PERSON_00155,PERSON_00314,PHONE_00573,family
SMS_000442,2025-07-04,PERSON_00178,PERSON_00312,PHONE_00090,bank alert
SMS_000443,2021-01-21,PERSON_00435,PERSON_00361,PHONE_00618,appointment
SMS_000444,2022-07-15,PERSON_00095,PERSON_00231,PHONE_00415,family
SMS_000445,2022-08-14,PERSON_00059,PERSON_00155,PHONE_00531,work
SMS_000446,2024-01-11,PERSON_00243,PERSON_00170,PHONE_00148,work
SMS_000447,2022-08-14,PERSON_00442,PERSON_00213,PHONE_00022,work
SMS_000448,2022-01-29,PERSON_00015,PERSON_00087,PHONE_00212,family
SMS_000449,2021-09-23,PERSON_00250,PERSON_00145,PHONE_00114,work
SMS_000450,2023-03-30,PERSON_00097,PERSON_00331,PHONE_00389,family
SMS_000451,2026-04-11,PERSON_00412,PERSON_00246,PHONE_00511,work
SMS_000452,2023-07-28,PERSON_00014,PERSON_00248,PHONE_00453,delivery
SMS_000453,2023-10-04,PERSON_00108,PERSON_00160,PHONE_00254,work
SMS_000454,2025-10-30,PERSON_00137,PERSON_00379,PHONE_00044,family
SMS_000455,2024-03-16,PERSON_00031,PERSON_00147,PHONE_00493,work
SMS_000456,2021-01-23,PERSON_00106,PERSON_00072,PHONE_00476,travel
SMS_000457,2021-01-18,PERSON_00311,PERSON_00016,PHONE_00472,family
SMS_000458,2025-01-01,PERSON_00159,PERSON_00311,PHONE_00441,routine
SMS_000459,2026-01-29,PERSON_00178,PERSON_00057,PHONE_00090,delivery
SMS_000460,2025-10-07,PERSON_00127,PERSON_00009,PHONE_00292,routine
SMS_000461,2024-05-06,PERSON_00430,PERSON_00130,PHONE_00076,travel
SMS_000462,2021-11-28,PERSON_00129,PERSON_00329,PHONE_00468,family
SMS_000463,2025-05-03,PERSON_00288,PERSON_00147,PHONE_00397,work
SMS_000464,2022-10-29,PERSON_00336,PERSON_00279,PHONE_00083,appointment
SMS_000465,2024-11-02,PERSON_00167,PERSON_00148,PHONE_00319,family
SMS_000466,2022-05-03,PERSON_00105,PERSON_00400,PHONE_00106,appointment
SMS_000467,2025-10-20,PERSON_00180,PERSON_00251,PHONE_00338,bank alert
SMS_000468,2023-06-22,PERSON_00284,PERSON_00168,PHONE_00359,bank alert
SMS_000469,2026-02-10,PERSON_00334,PERSON_00400,PHONE_00486,family
SMS_000470,2021-08-21,PERSON_00301,PERSON_00317,PHONE_00441,work
SMS_000471,2025-05-30,PERSON_00430,PERSON_00270,PHONE_00434,family
SMS_000472,2025-08-24,PERSON_00167,PERSON_00214,PHONE_00319,work
SMS_000473,2026-01-30,PERSON_00083,PERSON_00268,PHONE_00123,family
SMS_000474,2025-07-08,PERSON_00128,PERSON_00028,PHONE_00055,travel
SMS_000475,2025-08-26,PERSON_00075,PERSON_00158,PHONE_00260,delivery
SMS_000476,2024-02-18,PERSON_00102,PERSON_00448,PHONE_00442,work
SMS_000477,2025-04-05,PERSON_00327,PERSON_00196,PHONE_00502,family
SMS_000478,2022-11-17,PERSON_00402,PERSON_00175,PHONE_00228,delivery
SMS_000479,2023-05-15,PERSON_00286,PERSON_00261,PHONE_00091,bank alert
SMS_000480,2022-11-30,PERSON_00429,PERSON_00012,PHONE_00239,work
SMS_000481,2025-07-07,PERSON_00101,PERSON_00163,PHONE_00408,routine
SMS_000482,2026-06-18,PERSON_00050,PERSON_00155,PHONE_00378,work
SMS_000483,2022-09-30,PERSON_00398,PERSON_00073,PHONE_00229,travel
SMS_000484,2022-12-16,PERSON_00391,PERSON_00033,PHONE_00199,routine
SMS_000485,2024-01-22,PERSON_00365,PERSON_00070,PHONE_00522,bank alert
SMS_000486,2025-12-18,PERSON_00010,PERSON_00015,PHONE_00080,work
SMS_000487,2025-10-04,PERSON_00247,PERSON_00206,PHONE_00021,family
SMS_000488,2022-11-01,PERSON_00258,PERSON_00086,PHONE_00589,routine
SMS_000489,2025-12-23,PERSON_00011,PERSON_00220,PHONE_00533,family
SMS_000490,2023-03-26,PERSON_00125,PERSON_00374,PHONE_00638,appointment
SMS_000491,2024-01-27,PERSON_00227,PERSON_00110,PHONE_00251,family
SMS_000492,2024-05-04,PERSON_00094,PERSON_00185,PHONE_00044,work
SMS_000493,2021-07-07,PERSON_00065,PERSON_00027,PHONE_00557,travel
SMS_000494,2026-04-26,PERSON_00285,PERSON_00008,PHONE_00116,bank alert
SMS_000495,2024-03-07,PERSON_00287,PERSON_00175,PHONE_00091,bank alert
SMS_000496,2025-04-28,PERSON_00407,PERSON_00385,PHONE_00064,bank alert
SMS_000497,2023-12-21,PERSON_00010,PERSON_00105,PHONE_00080,work
SMS_000498,2025-01-31,PERSON_00379,PERSON_00245,PHONE_00443,routine
SMS_000499,2025-12-11,PERSON_00432,PERSON_00287,PHONE_00417,routine
SMS_000500,2023-01-10,PERSON_00368,PERSON_00013,PHONE_00564,appointment
SMS_000501,2024-08-03,PERSON_00411,PERSON_00188,PHONE_00054,travel
SMS_000502,2025-10-04,PERSON_00060,PERSON_00013,PHONE_00001,bank alert
SMS_000503,2024-11-27,PERSON_00141,PERSON_00333,PHONE_00528,delivery
SMS_000504,2021-12-12,PERSON_00372,PERSON_00338,PHONE_00177,delivery
SMS_000505,2024-11-26,PERSON_00283,PERSON_00133,PHONE_00186,travel
SMS_000506,2022-11-22,PERSON_00168,PERSON_00044,PHONE_00158,delivery
SMS_000507,2025-03-26,PERSON_00248,PERSON_00232,PHONE_00328,bank alert
SMS_000508,2026-05-16,PERSON_00228,PERSON_00106,PHONE_00279,work
SMS_000509,2025-09-17,PERSON_00181,PERSON_00371,PHONE_00124,bank alert
SMS_000510,2024-11-28,PERSON_00236,PERSON_00256,PHONE_00097,work
SMS_000511,2024-01-16,PERSON_00141,PERSON_00374,PHONE_00528,routine
SMS_000512,2025-08-01,PERSON_00231,PERSON_00028,PHONE_00315,work
SMS_000513,2025-01-22,PERSON_00434,PERSON_00175,PHONE_00248,work
SMS_000514,2023-03-14,PERSON_00272,PERSON_00375,PHONE_00505,work
SMS_000515,2025-11-04,PERSON_00212,PERSON_00232,PHONE_00576,family
SMS_000516,2025-10-24,PERSON_00210,PERSON_00269,PHONE_00514,work
SMS_000517,2024-11-09,PERSON_00011,PERSON_00196,PHONE_00533,bank alert
SMS_000518,2023-08-05,PERSON_00265,PERSON_00067,PHONE_00198,travel
SMS_000519,2022-04-19,PERSON_00164,PERSON_00011,PHONE_00628,family
SMS_000520,2025-10-31,PERSON_00377,PERSON_00307,PHONE_00199,family
SMS_000521,2022-08-11,PERSON_00145,PERSON_00236,PHONE_00019,work
SMS_000522,2021-09-29,PERSON_00011,PERSON_00312,PHONE_00533,work
SMS_000523,2025-06-18,PERSON_00043,PERSON_00318,PHONE_00343,travel
SMS_000524,2023-11-18,PERSON_00394,PERSON_00071,PHONE_00032,bank alert
SMS_000525,2023-05-07,PERSON_00301,PERSON_00149,PHONE_00441,family
SMS_000526,2025-11-08,PERSON_00416,PERSON_00070,PHONE_00236,bank alert
SMS_000527,2021-04-25,PERSON_00390,PERSON_00133,PHONE_00577,work
SMS_000528,2024-10-12,PERSON_00305,PERSON_00196,PHONE_00380,appointment
SMS_000529,2026-05-01,PERSON_00388,PERSON_00284,PHONE_00497,work
SMS_000530,2022-12-12,PERSON_00116,PERSON_00089,PHONE_00444,travel
SMS_000531,2022-04-04,PERSON_00011,PERSON_00407,PHONE_00533,routine
SMS_000532,2021-09-15,PERSON_00311,PERSON_00057,PHONE_00472,work
SMS_000533,2022-01-07,PERSON_00449,PERSON_00425,PHONE_00371,delivery
SMS_000534,2023-03-10,PERSON_00133,PERSON_00185,PHONE_00502,routine
SMS_000535,2021-02-10,PERSON_00301,PERSON_00149,PHONE_00441,travel
SMS_000536,2021-08-10,PERSON_00025,PERSON_00157,PHONE_00169,delivery
SMS_000537,2023-05-27,PERSON_00414,PERSON_00111,PHONE_00012,work
SMS_000538,2025-01-17,PERSON_00165,PERSON_00398,PHONE_00584,family
SMS_000539,2022-03-23,PERSON_00311,PERSON_00070,PHONE_00472,routine
SMS_000540,2025-03-03,PERSON_00344,PERSON_00060,PHONE_00371,family
SMS_000541,2023-02-02,PERSON_00102,PERSON_00052,PHONE_00442,routine
SMS_000542,2024-04-05,PERSON_00390,PERSON_00052,PHONE_00577,bank alert
SMS_000543,2021-05-11,PERSON_00303,PERSON_00002,PHONE_00183,delivery
SMS_000544,2023-02-25,PERSON_00107,PERSON_00186,PHONE_00345,routine
SMS_000545,2025-06-21,PERSON_00175,PERSON_00287,PHONE_00524,work
SMS_000546,2026-06-08,PERSON_00268,PERSON_00445,PHONE_00365,work
SMS_000547,2021-11-02,PERSON_00385,PERSON_00362,PHONE_00062,family
SMS_000548,2021-02-15,PERSON_00396,PERSON_00070,PHONE_00218,family
SMS_000549,2022-04-21,PERSON_00171,PERSON_00231,PHONE_00214,family
SMS_000550,2021-01-29,PERSON_00383,PERSON_00010,PHONE_00075,work
SMS_000551,2026-03-21,PERSON_00414,PERSON_00111,PHONE_00012,work
SMS_000552,2023-04-03,PERSON_00048,PERSON_00215,PHONE_00455,bank alert
SMS_000553,2023-06-30,PERSON_00306,PERSON_00337,PHONE_00117,work
SMS_000554,2021-09-26,PERSON_00300,PERSON_00246,PHONE_00060,bank alert
SMS_000555,2023-11-25,PERSON_00150,PERSON_00064,PHONE_00373,work
SMS_000556,2021-03-24,PERSON_00027,PERSON_00071,PHONE_00063,routine
SMS_000557,2023-02-04,PERSON_00105,PERSON_00400,PHONE_00106,travel
SMS_000558,2025-10-25,PERSON_00145,PERSON_00181,PHONE_00019,work
SMS_000559,2023-05-07,PERSON_00389,PERSON_00174,PHONE_00065,travel
SMS_000560,2021-10-08,PERSON_00314,PERSON_00246,PHONE_00104,routine
SMS_000561,2023-08-22,PERSON_00225,PERSON_00294,PHONE_00274,family
SMS_000562,2022-01-17,PERSON_00322,PERSON_00148,PHONE_00248,bank alert
SMS_000563,2021-07-03,PERSON_00360,PERSON_00171,PHONE_00467,delivery
SMS_000564,2026-03-21,PERSON_00324,PERSON_00026,PHONE_00648,bank alert
SMS_000565,2023-12-08,PERSON_00333,PERSON_00022,PHONE_00189,work
SMS_000566,2021-11-08,PERSON_00091,PERSON_00394,PHONE_00412,travel
SMS_000567,2023-01-15,PERSON_00404,PERSON_00071,PHONE_00300,travel
SMS_000568,2021-02-17,PERSON_00345,PERSON_00434,PHONE_00283,family
SMS_000569,2023-10-18,PERSON_00159,PERSON_00407,PHONE_00441,bank alert
SMS_000570,2023-10-08,PERSON_00259,PERSON_00011,PHONE_00031,work
SMS_000571,2025-06-14,PERSON_00411,PERSON_00049,PHONE_00054,work
SMS_000572,2025-05-04,PERSON_00201,PERSON_00071,PHONE_00390,family
SMS_000573,2024-12-30,PERSON_00255,PERSON_00034,PHONE_00292,work
SMS_000574,2023-10-07,PERSON_00040,PERSON_00165,PHONE_00208,work
SMS_000575,2021-10-13,PERSON_00400,PERSON_00179,PHONE_00172,travel
SMS_000576,2023-01-25,PERSON_00033,PERSON_00065,PHONE_00048,delivery
SMS_000577,2024-04-26,PERSON_00099,PERSON_00340,PHONE_00103,work
SMS_000578,2026-05-26,PERSON_00240,PERSON_00127,PHONE_00174,family
SMS_000579,2021-11-24,PERSON_00265,PERSON_00067,PHONE_00198,appointment
SMS_000580,2025-11-21,PERSON_00227,PERSON_00012,PHONE_00251,travel
SMS_000581,2024-01-22,PERSON_00055,PERSON_00104,PHONE_00393,family
SMS_000582,2024-03-27,PERSON_00119,PERSON_00096,PHONE_00619,routine
SMS_000583,2024-01-08,PERSON_00430,PERSON_00287,PHONE_00434,family
SMS_000584,2023-11-15,PERSON_00386,PERSON_00097,PHONE_00029,appointment
SMS_000585,2025-04-19,PERSON_00155,PERSON_00010,PHONE_00056,travel
SMS_000586,2022-11-02,PERSON_00054,PERSON_00450,PHONE_00453,bank alert
SMS_000587,2021-01-13,PERSON_00151,PERSON_00359,PHONE_00100,family
SMS_000588,2021-08-23,PERSON_00228,PERSON_00290,PHONE_00483,travel
SMS_000589,2024-04-05,PERSON_00086,PERSON_00098,PHONE_00239,bank alert
SMS_000590,2025-10-24,PERSON_00163,PERSON_00140,PHONE_00488,family
SMS_000591,2022-04-05,PERSON_00237,PERSON_00391,PHONE_00106,family
SMS_000592,2023-09-28,PERSON_00336,PERSON_00078,PHONE_00083,travel
SMS_000593,2025-12-17,PERSON_00288,PERSON_00132,PHONE_00397,work
SMS_000594,2026-04-17,PERSON_00178,PERSON_00263,PHONE_00090,travel
SMS_000595,2026-03-31,PERSON_00290,PERSON_00152,PHONE_00119,bank alert
SMS_000596,2021-03-03,PERSON_00137,PERSON_00144,PHONE_00044,routine
SMS_000597,2021-10-09,PERSON_00230,PERSON_00023,PHONE_00187,travel
SMS_000598,2024-06-07,PERSON_00363,PERSON_00376,PHONE_00407,family
SMS_000599,2025-09-19,PERSON_00035,PERSON_00415,PHONE_00341,delivery
SMS_000600,2021-06-26,PERSON_00390,PERSON_00052,PHONE_00577,travel
SMS_000601,2023-12-09,PERSON_00044,PERSON_00445,PHONE_00184,routine
SMS_000602,2025-02-04,PERSON_00011,PERSON_00220,PHONE_00533,delivery
SMS_000603,2022-09-30,PERSON_00265,PERSON_00359,PHONE_00198,work
SMS_000604,2023-05-16,PERSON_00154,PERSON_00067,PHONE_00642,routine
SMS_000605,2021-10-27,PERSON_00188,PERSON_00335,PHONE_00613,routine
SMS_000606,2023-11-01,PERSON_00171,PERSON_00185,PHONE_00214,work
SMS_000607,2021-06-07,PERSON_00094,PERSON_00268,PHONE_00044,family
SMS_000608,2022-03-22,PERSON_00213,PERSON_00444,PHONE_00350,family
SMS_000609,2022-11-26,PERSON_00098,PERSON_00309,PHONE_00555,delivery
SMS_000610,2023-12-24,PERSON_00076,PERSON_00346,PHONE_00504,delivery
SMS_000611,2022-10-11,PERSON_00150,PERSON_00133,PHONE_00373,delivery
SMS_000612,2022-06-27,PERSON_00259,PERSON_00190,PHONE_00031,travel
SMS_000613,2025-05-20,PERSON_00393,PERSON_00346,PHONE_00514,bank alert
SMS_000614,2022-11-27,PERSON_00112,PERSON_00151,PHONE_00309,travel
SMS_000615,2026-06-20,PERSON_00154,PERSON_00157,PHONE_00642,family
SMS_000616,2021-03-14,PERSON_00151,PERSON_00275,PHONE_00100,bank alert
SMS_000617,2021-12-11,PERSON_00237,PERSON_00105,PHONE_00106,work
SMS_000618,2022-08-11,PERSON_00209,PERSON_00199,PHONE_00082,delivery
SMS_000619,2021-05-08,PERSON_00220,PERSON_00159,PHONE_00503,routine
SMS_000620,2021-03-31,PERSON_00043,PERSON_00279,PHONE_00343,routine
SMS_000621,2023-02-18,PERSON_00053,PERSON_00025,PHONE_00527,travel
SMS_000622,2024-01-14,PERSON_00072,PERSON_00382,PHONE_00140,appointment
SMS_000623,2024-03-20,PERSON_00144,PERSON_00221,PHONE_00195,appointment
SMS_000624,2023-02-21,PERSON_00314,PERSON_00246,PHONE_00104,bank alert
SMS_000625,2021-12-05,PERSON_00031,PERSON_00147,PHONE_00493,family
SMS_000626,2025-05-14,PERSON_00043,PERSON_00078,PHONE_00343,appointment
SMS_000627,2026-06-18,PERSON_00293,PERSON_00346,PHONE_00581,bank alert
SMS_000628,2025-03-27,PERSON_00283,PERSON_00400,PHONE_00072,family
SMS_000629,2022-04-08,PERSON_00119,PERSON_00096,PHONE_00619,travel
SMS_000630,2024-05-21,PERSON_00345,PERSON_00072,PHONE_00105,family
SMS_000631,2026-05-21,PERSON_00127,PERSON_00353,PHONE_00292,work
SMS_000632,2022-05-14,PERSON_00394,PERSON_00141,PHONE_00032,work
SMS_000633,2023-06-23,PERSON_00430,PERSON_00270,PHONE_00076,bank alert
SMS_000634,2024-05-02,PERSON_00150,PERSON_00188,PHONE_00373,work
SMS_000635,2021-04-06,PERSON_00438,PERSON_00345,PHONE_00435,work
SMS_000636,2024-08-25,PERSON_00096,PERSON_00125,PHONE_00035,bank alert
SMS_000637,2021-08-16,PERSON_00121,PERSON_00169,PHONE_00362,family
SMS_000638,2021-05-19,PERSON_00078,PERSON_00119,PHONE_00134,family
SMS_000639,2024-01-05,PERSON_00037,PERSON_00309,PHONE_00233,routine
SMS_000640,2025-05-24,PERSON_00426,PERSON_00025,PHONE_00629,delivery
SMS_000641,2026-01-01,PERSON_00053,PERSON_00025,PHONE_00527,bank alert
SMS_000642,2022-01-05,PERSON_00266,PERSON_00031,PHONE_00344,bank alert
SMS_000643,2022-06-07,PERSON_00309,PERSON_00426,PHONE_00497,routine
SMS_000644,2026-02-20,PERSON_00173,PERSON_00073,PHONE_00529,appointment
SMS_000645,2024-01-29,PERSON_00110,PERSON_00246,PHONE_00378,routine
SMS_000646,2026-06-04,PERSON_00200,PERSON_00343,PHONE_00226,travel
SMS_000647,2024-04-25,PERSON_00401,PERSON_00170,PHONE_00593,work
SMS_000648,2021-02-19,PERSON_00438,PERSON_00434,PHONE_00435,family
SMS_000649,2021-07-24,PERSON_00055,PERSON_00036,PHONE_00393,family
SMS_000650,2025-07-28,PERSON_00279,PERSON_00071,PHONE_00329,work
SMS_000651,2022-02-09,PERSON_00248,PERSON_00177,PHONE_00328,travel
SMS_000652,2026-06-04,PERSON_00081,PERSON_00149,PHONE_00196,bank alert
SMS_000653,2022-12-21,PERSON_00178,PERSON_00259,PHONE_00090,family
SMS_000654,2024-03-30,PERSON_00111,PERSON_00237,PHONE_00124,routine
SMS_000655,2021-04-03,PERSON_00113,PERSON_00348,PHONE_00054,travel
SMS_000656,2022-10-19,PERSON_00427,PERSON_00064,PHONE_00216,work
SMS_000657,2022-02-18,PERSON_00417,PERSON_00023,PHONE_00599,routine
SMS_000658,2025-11-02,PERSON_00421,PERSON_00246,PHONE_00029,work
SMS_000659,2022-02-20,PERSON_00102,PERSON_00188,PHONE_00442,delivery
SMS_000660,2021-07-27,PERSON_00431,PERSON_00191,PHONE_00375,work
SMS_000661,2025-09-06,PERSON_00085,PERSON_00433,PHONE_00166,delivery
SMS_000662,2023-07-09,PERSON_00048,PERSON_00262,PHONE_00116,work
SMS_000663,2021-11-19,PERSON_00175,PERSON_00304,PHONE_00524,delivery
SMS_000664,2024-08-28,PERSON_00214,PERSON_00167,PHONE_00006,work
SMS_000665,2021-07-24,PERSON_00358,PERSON_00010,PHONE_00452,routine
SMS_000666,2022-06-02,PERSON_00084,PERSON_00281,PHONE_00344,appointment
SMS_000667,2026-06-10,PERSON_00268,PERSON_00094,PHONE_00365,work
SMS_000668,2024-05-20,PERSON_00188,PERSON_00125,PHONE_00613,travel
SMS_000669,2022-07-04,PERSON_00040,PERSON_00331,PHONE_00208,travel
SMS_000670,2024-12-09,PERSON_00152,PERSON_00170,PHONE_00069,travel
SMS_000671,2024-07-16,PERSON_00162,PERSON_00148,PHONE_00058,bank alert
SMS_000672,2025-09-16,PERSON_00212,PERSON_00155,PHONE_00576,family
SMS_000673,2026-01-10,PERSON_00402,PERSON_00205,PHONE_00228,bank alert
SMS_000674,2026-01-12,PERSON_00185,PERSON_00078,PHONE_00525,work
SMS_000675,2025-03-09,PERSON_00093,PERSON_00295,PHONE_00315,family
SMS_000676,2022-02-01,PERSON_00258,PERSON_00086,PHONE_00589,routine
SMS_000677,2023-05-30,PERSON_00346,PERSON_00269,PHONE_00345,work
SMS_000678,2025-04-19,PERSON_00301,PERSON_00317,PHONE_00441,routine
SMS_000679,2024-03-09,PERSON_00109,PERSON_00107,PHONE_00429,work
SMS_000680,2023-05-25,PERSON_00262,PERSON_00433,PHONE_00343,bank alert
SMS_000681,2023-05-04,PERSON_00353,PERSON_00166,PHONE_00394,appointment
SMS_000682,2026-05-22,PERSON_00086,PERSON_00133,PHONE_00239,delivery
SMS_000683,2025-02-22,PERSON_00430,PERSON_00130,PHONE_00076,family
SMS_000684,2021-02-09,PERSON_00404,PERSON_00071,PHONE_00300,routine
SMS_000685,2024-01-11,PERSON_00356,PERSON_00333,PHONE_00165,travel
SMS_000686,2024-08-17,PERSON_00219,PERSON_00089,PHONE_00476,family
SMS_000687,2023-05-23,PERSON_00021,PERSON_00001,PHONE_00325,delivery
SMS_000688,2023-07-13,PERSON_00192,PERSON_00076,PHONE_00423,family
SMS_000689,2022-08-08,PERSON_00426,PERSON_00248,PHONE_00629,routine
SMS_000690,2021-02-08,PERSON_00281,PERSON_00237,PHONE_00166,family
SMS_000691,2024-11-11,PERSON_00220,PERSON_00057,PHONE_00503,travel
SMS_000692,2022-06-17,PERSON_00139,PERSON_00133,PHONE_00021,delivery
SMS_000693,2021-05-20,PERSON_00318,PERSON_00234,PHONE_00111,family
SMS_000694,2021-07-13,PERSON_00230,PERSON_00065,PHONE_00187,bank alert
SMS_000695,2024-01-26,PERSON_00288,PERSON_00132,PHONE_00397,travel
SMS_000696,2025-12-02,PERSON_00097,PERSON_00331,PHONE_00389,family
SMS_000697,2022-06-02,PERSON_00207,PERSON_00139,PHONE_00004,delivery
SMS_000698,2021-11-20,PERSON_00048,PERSON_00236,PHONE_00455,travel
SMS_000699,2025-07-15,PERSON_00165,PERSON_00394,PHONE_00584,routine
SMS_000700,2024-07-08,PERSON_00388,PERSON_00430,PHONE_00497,family
SMS_000701,2023-01-16,PERSON_00218,PERSON_00007,PHONE_00081,work
SMS_000702,2024-04-12,PERSON_00057,PERSON_00312,PHONE_00456,delivery
SMS_000703,2026-02-21,PERSON_00150,PERSON_00390,PHONE_00373,work
SMS_000704,2021-07-30,PERSON_00173,PERSON_00072,PHONE_00529,family
SMS_000705,2024-12-11,PERSON_00299,PERSON_00426,PHONE_00328,travel
SMS_000706,2025-08-05,PERSON_00371,PERSON_00417,PHONE_00288,bank alert
SMS_000707,2022-05-26,PERSON_00411,PERSON_00234,PHONE_00054,family
SMS_000708,2025-02-01,PERSON_00282,PERSON_00300,PHONE_00104,travel
SMS_000709,2024-12-18,PERSON_00076,PERSON_00372,PHONE_00504,work
SMS_000710,2023-12-02,PERSON_00212,PERSON_00232,PHONE_00576,delivery
SMS_000711,2025-04-24,PERSON_00236,PERSON_00256,PHONE_00097,travel
SMS_000712,2025-07-01,PERSON_00402,PERSON_00287,PHONE_00228,work
SMS_000713,2025-09-07,PERSON_00275,PERSON_00274,PHONE_00576,routine
SMS_000714,2026-03-15,PERSON_00244,PERSON_00002,PHONE_00437,work
SMS_000715,2022-01-24,PERSON_00406,PERSON_00141,PHONE_00478,delivery
SMS_000716,2021-10-25,PERSON_00366,PERSON_00081,PHONE_00205,travel
SMS_000717,2025-10-27,PERSON_00030,PERSON_00226,PHONE_00547,family
SMS_000718,2022-07-26,PERSON_00352,PERSON_00297,PHONE_00417,work
SMS_000719,2025-05-16,PERSON_00298,PERSON_00348,PHONE_00045,work
SMS_000720,2022-01-23,PERSON_00027,PERSON_00013,PHONE_00063,work
SMS_000721,2022-05-02,PERSON_00011,PERSON_00057,PHONE_00533,delivery
SMS_000722,2025-05-01,PERSON_00416,PERSON_00259,PHONE_00236,work
SMS_000723,2022-06-13,PERSON_00048,PERSON_00272,PHONE_00455,bank alert
SMS_000724,2023-10-06,PERSON_00232,PERSON_00309,PHONE_00196,travel
SMS_000725,2021-04-21,PERSON_00329,PERSON_00122,PHONE_00635,bank alert
SMS_000726,2022-09-08,PERSON_00144,PERSON_00221,PHONE_00195,travel
SMS_000727,2026-02-15,PERSON_00276,PERSON_00092,PHONE_00164,family
SMS_000728,2022-08-12,PERSON_00344,PERSON_00309,PHONE_00371,family
SMS_000729,2022-06-09,PERSON_00085,PERSON_00250,PHONE_00166,appointment
SMS_000730,2025-08-14,PERSON_00370,PERSON_00020,PHONE_00480,family
SMS_000731,2025-08-04,PERSON_00154,PERSON_00068,PHONE_00642,routine
SMS_000732,2025-03-16,PERSON_00313,PERSON_00213,PHONE_00250,family
SMS_000733,2026-04-21,PERSON_00057,PERSON_00407,PHONE_00456,bank alert
SMS_000734,2022-02-16,PERSON_00448,PERSON_00151,PHONE_00284,travel
SMS_000735,2023-11-22,PERSON_00028,PERSON_00076,PHONE_00399,delivery
SMS_000736,2025-05-27,PERSON_00109,PERSON_00038,PHONE_00585,family
SMS_000737,2024-06-01,PERSON_00405,PERSON_00102,PHONE_00283,work
SMS_000738,2026-01-09,PERSON_00310,PERSON_00053,PHONE_00065,work
SMS_000739,2026-03-11,PERSON_00411,PERSON_00429,PHONE_00054,bank alert
SMS_000740,2021-03-22,PERSON_00244,PERSON_00223,PHONE_00437,appointment
SMS_000741,2026-03-22,PERSON_00058,PERSON_00143,PHONE_00190,appointment
SMS_000742,2022-07-08,PERSON_00147,PERSON_00051,PHONE_00286,travel
SMS_000743,2024-08-09,PERSON_00238,PERSON_00259,PHONE_00301,delivery
SMS_000744,2025-08-22,PERSON_00165,PERSON_00126,PHONE_00584,bank alert
SMS_000745,2022-04-06,PERSON_00061,PERSON_00091,PHONE_00432,bank alert
SMS_000746,2021-02-28,PERSON_00237,PERSON_00105,PHONE_00106,work
SMS_000747,2023-01-10,PERSON_00048,PERSON_00363,PHONE_00455,work
SMS_000748,2025-04-25,PERSON_00426,PERSON_00304,PHONE_00629,routine
SMS_000749,2024-01-10,PERSON_00195,PERSON_00119,PHONE_00280,bank alert
SMS_000750,2024-11-01,PERSON_00143,PERSON_00166,PHONE_00497,delivery
SMS_000751,2023-03-11,PERSON_00433,PERSON_00250,PHONE_00062,family
SMS_000752,2023-12-04,PERSON_00087,PERSON_00074,PHONE_00462,bank alert
SMS_000753,2024-01-28,PERSON_00034,PERSON_00169,PHONE_00596,family
SMS_000754,2026-04-29,PERSON_00052,PERSON_00448,PHONE_00582,work
SMS_000755,2024-03-10,PERSON_00212,PERSON_00329,PHONE_00576,bank alert
SMS_000756,2024-02-16,PERSON_00024,PERSON_00177,PHONE_00366,bank alert
SMS_000757,2024-01-29,PERSON_00120,PERSON_00133,PHONE_00343,work
SMS_000758,2026-05-21,PERSON_00020,PERSON_00388,PHONE_00604,travel
SMS_000759,2025-05-18,PERSON_00186,PERSON_00017,PHONE_00215,work
SMS_000760,2024-01-30,PERSON_00102,PERSON_00055,PHONE_00442,bank alert
SMS_000761,2022-06-21,PERSON_00236,PERSON_00376,PHONE_00097,delivery
SMS_000762,2022-03-15,PERSON_00285,PERSON_00055,PHONE_00116,travel
SMS_000763,2024-10-16,PERSON_00010,PERSON_00050,PHONE_00080,family
SMS_000764,2024-10-28,PERSON_00272,PERSON_00048,PHONE_00505,family
SMS_000765,2023-04-15,PERSON_00298,PERSON_00348,PHONE_00045,work
SMS_000766,2024-10-02,PERSON_00065,PERSON_00165,PHONE_00557,work
SMS_000767,2024-02-12,PERSON_00157,PERSON_00067,PHONE_00232,travel
SMS_000768,2022-06-16,PERSON_00184,PERSON_00337,PHONE_00164,appointment
SMS_000769,2024-08-16,PERSON_00042,PERSON_00244,PHONE_00342,delivery
SMS_000770,2024-08-23,PERSON_00434,PERSON_00182,PHONE_00018,routine
SMS_000771,2021-07-31,PERSON_00232,PERSON_00025,PHONE_00196,delivery
SMS_000772,2024-08-18,PERSON_00390,PERSON_00133,PHONE_00577,travel
SMS_000773,2026-06-16,PERSON_00133,PERSON_00052,PHONE_00502,delivery
SMS_000774,2023-07-21,PERSON_00025,PERSON_00232,PHONE_00169,family
SMS_000775,2021-12-29,PERSON_00295,PERSON_00236,PHONE_00094,work
SMS_000776,2023-02-09,PERSON_00052,PERSON_00429,PHONE_00582,routine
SMS_000777,2026-03-05,PERSON_00363,PERSON_00236,PHONE_00407,routine
SMS_000778,2023-08-20,PERSON_00201,PERSON_00081,PHONE_00390,appointment
SMS_000779,2023-05-07,PERSON_00052,PERSON_00333,PHONE_00582,bank alert
SMS_000780,2024-10-08,PERSON_00027,PERSON_00071,PHONE_00063,work
SMS_000781,2023-05-20,PERSON_00160,PERSON_00163,PHONE_00267,delivery
SMS_000782,2023-03-31,PERSON_00096,PERSON_00125,PHONE_00035,work
SMS_000783,2024-05-08,PERSON_00054,PERSON_00124,PHONE_00453,routine
SMS_000784,2022-02-24,PERSON_00004,PERSON_00142,PHONE_00536,appointment
SMS_000785,2025-09-03,PERSON_00322,PERSON_00127,PHONE_00248,bank alert
SMS_000786,2023-08-18,PERSON_00189,PERSON_00193,PHONE_00092,bank alert
SMS_000787,2024-02-15,PERSON_00258,PERSON_00086,PHONE_00589,bank alert
SMS_000788,2025-07-01,PERSON_00210,PERSON_00017,PHONE_00514,bank alert
SMS_000789,2021-09-03,PERSON_00172,PERSON_00189,PHONE_00487,bank alert
SMS_000790,2026-05-28,PERSON_00184,PERSON_00360,PHONE_00164,routine
SMS_000791,2026-04-05,PERSON_00339,PERSON_00071,PHONE_00559,family
SMS_000792,2021-01-28,PERSON_00011,PERSON_00407,PHONE_00533,routine
SMS_000793,2023-02-18,PERSON_00175,PERSON_00195,PHONE_00524,family
SMS_000794,2026-03-08,PERSON_00333,PERSON_00091,PHONE_00189,family
SMS_000795,2022-02-21,PERSON_00101,PERSON_00388,PHONE_00408,work
SMS_000796,2025-09-02,PERSON_00037,PERSON_00168,PHONE_00233,family
SMS_000797,2026-02-22,PERSON_00039,PERSON_00299,PHONE_00441,bank alert
SMS_000798,2022-04-02,PERSON_00386,PERSON_00097,PHONE_00029,bank alert
SMS_000799,2023-07-25,PERSON_00390,PERSON_00133,PHONE_00577,work
SMS_000800,2022-03-26,PERSON_00145,PERSON_00143,PHONE_00019,routine
SMS_000801,2022-08-03,PERSON_00192,PERSON_00279,PHONE_00605,work
SMS_000802,2022-10-28,PERSON_00380,PERSON_00147,PHONE_00355,appointment
SMS_000803,2026-04-16,PERSON_00292,PERSON_00335,PHONE_00163,bank alert
SMS_000804,2024-12-15,PERSON_00092,PERSON_00089,PHONE_00648,family
SMS_000805,2023-08-19,PERSON_00205,PERSON_00148,PHONE_00648,work
SMS_000806,2024-04-26,PERSON_00178,PERSON_00259,PHONE_00090,family
SMS_000807,2022-08-01,PERSON_00375,PERSON_00073,PHONE_00387,bank alert
SMS_000808,2021-01-15,PERSON_00032,PERSON_00148,PHONE_00446,travel
SMS_000809,2025-06-02,PERSON_00385,PERSON_00416,PHONE_00062,family
SMS_000810,2023-10-31,PERSON_00178,PERSON_00259,PHONE_00090,work
SMS_000811,2025-12-08,PERSON_00372,PERSON_00375,PHONE_00177,delivery
SMS_000812,2021-02-17,PERSON_00231,PERSON_00028,PHONE_00397,routine
SMS_000813,2026-01-30,PERSON_00035,PERSON_00415,PHONE_00341,family
SMS_000814,2025-04-14,PERSON_00033,PERSON_00027,PHONE_00048,routine
SMS_000815,2023-05-20,PERSON_00329,PERSON_00299,PHONE_00103,travel
SMS_000816,2021-01-27,PERSON_00011,PERSON_00362,PHONE_00533,delivery
SMS_000817,2026-05-12,PERSON_00079,PERSON_00067,PHONE_00027,travel
SMS_000818,2022-01-16,PERSON_00263,PERSON_00220,PHONE_00416,work
SMS_000819,2025-04-03,PERSON_00143,PERSON_00448,PHONE_00497,travel
SMS_000820,2022-05-07,PERSON_00185,PERSON_00078,PHONE_00525,bank alert
SMS_000821,2026-02-02,PERSON_00027,PERSON_00227,PHONE_00063,delivery
SMS_000822,2021-09-30,PERSON_00343,PERSON_00296,PHONE_00373,delivery
SMS_000823,2026-03-07,PERSON_00182,PERSON_00176,PHONE_00627,bank alert
SMS_000824,2025-11-18,PERSON_00329,PERSON_00129,PHONE_00635,travel
SMS_000825,2024-03-11,PERSON_00192,PERSON_00184,PHONE_00423,delivery
SMS_000826,2025-01-20,PERSON_00314,PERSON_00227,PHONE_00104,bank alert
SMS_000827,2022-05-25,PERSON_00374,PERSON_00052,PHONE_00616,family
SMS_000828,2024-03-28,PERSON_00416,PERSON_00263,PHONE_00236,bank alert
SMS_000829,2023-11-07,PERSON_00394,PERSON_00040,PHONE_00032,bank alert
SMS_000830,2025-08-20,PERSON_00015,PERSON_00255,PHONE_00212,bank alert
SMS_000831,2025-03-29,PERSON_00055,PERSON_00008,PHONE_00393,travel
SMS_000832,2024-05-01,PERSON_00158,PERSON_00088,PHONE_00030,work
SMS_000833,2024-04-10,PERSON_00212,PERSON_00329,PHONE_00576,routine
SMS_000834,2023-04-01,PERSON_00364,PERSON_00363,PHONE_00019,bank alert
SMS_000835,2025-06-15,PERSON_00073,PERSON_00356,PHONE_00619,work
SMS_000836,2021-12-07,PERSON_00438,PERSON_00081,PHONE_00435,bank alert
SMS_000837,2025-01-10,PERSON_00053,PERSON_00309,PHONE_00527,delivery
SMS_000838,2025-02-06,PERSON_00241,PERSON_00080,PHONE_00551,bank alert
SMS_000839,2025-05-11,PERSON_00379,PERSON_00169,PHONE_00443,work
SMS_000840,2022-10-28,PERSON_00309,PERSON_00037,PHONE_00497,delivery
SMS_000841,2024-08-08,PERSON_00288,PERSON_00169,PHONE_00397,appointment
SMS_000842,2024-08-24,PERSON_00370,PERSON_00199,PHONE_00438,work
SMS_000843,2022-10-03,PERSON_00441,PERSON_00169,PHONE_00333,delivery
SMS_000844,2022-12-14,PERSON_00015,PERSON_00281,PHONE_00212,delivery
SMS_000845,2023-09-12,PERSON_00343,PERSON_00279,PHONE_00373,delivery
SMS_000846,2023-06-06,PERSON_00112,PERSON_00078,PHONE_00309,family
SMS_000847,2021-10-05,PERSON_00290,PERSON_00105,PHONE_00119,bank alert
SMS_000848,2022-06-09,PERSON_00146,PERSON_00322,PHONE_00300,travel
SMS_000849,2022-10-01,PERSON_00212,PERSON_00155,PHONE_00576,travel
SMS_000850,2025-08-26,PERSON_00443,PERSON_00290,PHONE_00417,routine
SMS_000851,2022-08-24,PERSON_00094,PERSON_00154,PHONE_00044,travel
SMS_000852,2024-02-22,PERSON_00283,PERSON_00322,PHONE_00072,work
SMS_000853,2021-09-16,PERSON_00446,PERSON_00015,PHONE_00049,bank alert
SMS_000854,2022-04-20,PERSON_00164,PERSON_00046,PHONE_00637,travel
SMS_000855,2026-06-07,PERSON_00439,PERSON_00341,PHONE_00646,family
SMS_000856,2025-06-12,PERSON_00256,PERSON_00364,PHONE_00543,routine
SMS_000857,2024-05-24,PERSON_00166,PERSON_00147,PHONE_00226,family
SMS_000858,2023-11-28,PERSON_00271,PERSON_00292,PHONE_00350,work
SMS_000859,2024-01-26,PERSON_00200,PERSON_00188,PHONE_00226,work
SMS_000860,2023-11-26,PERSON_00044,PERSON_00036,PHONE_00184,appointment
SMS_000861,2023-08-02,PERSON_00378,PERSON_00393,PHONE_00464,family
SMS_000862,2022-03-22,PERSON_00001,PERSON_00021,PHONE_00232,work
SMS_000863,2021-04-17,PERSON_00097,PERSON_00331,PHONE_00389,work
SMS_000864,2025-11-04,PERSON_00370,PERSON_00020,PHONE_00438,travel
SMS_000865,2024-12-20,PERSON_00221,PERSON_00379,PHONE_00007,delivery
SMS_000866,2023-05-15,PERSON_00191,PERSON_00409,PHONE_00585,bank alert
SMS_000867,2024-01-23,PERSON_00145,PERSON_00250,PHONE_00019,family
SMS_000868,2024-05-30,PERSON_00367,PERSON_00162,PHONE_00633,bank alert
SMS_000869,2022-12-20,PERSON_00042,PERSON_00237,PHONE_00342,routine
SMS_000870,2024-05-19,PERSON_00252,PERSON_00275,PHONE_00280,work
SMS_000871,2022-05-23,PERSON_00412,PERSON_00007,PHONE_00511,family
SMS_000872,2025-01-07,PERSON_00367,PERSON_00162,PHONE_00304,family
SMS_000873,2022-06-08,PERSON_00025,PERSON_00157,PHONE_00169,bank alert
SMS_000874,2025-02-18,PERSON_00204,PERSON_00434,PHONE_00183,work
SMS_000875,2025-12-31,PERSON_00448,PERSON_00103,PHONE_00284,work
SMS_000876,2022-08-16,PERSON_00163,PERSON_00069,PHONE_00488,travel
SMS_000877,2021-01-26,PERSON_00072,PERSON_00402,PHONE_00140,delivery
SMS_000878,2023-01-27,PERSON_00105,PERSON_00135,PHONE_00106,family
SMS_000879,2021-08-12,PERSON_00094,PERSON_00145,PHONE_00219,work
SMS_000880,2021-04-09,PERSON_00438,PERSON_00257,PHONE_00435,work
SMS_000881,2021-08-22,PERSON_00163,PERSON_00243,PHONE_00323,routine
SMS_000882,2021-09-29,PERSON_00339,PERSON_00071,PHONE_00559,delivery
SMS_000883,2021-05-28,PERSON_00242,PERSON_00012,PHONE_00327,routine
SMS_000884,2021-09-05,PERSON_00265,PERSON_00225,PHONE_00198,work
SMS_000885,2022-05-12,PERSON_00393,PERSON_00181,PHONE_00514,travel
SMS_000886,2025-11-21,PERSON_00398,PERSON_00333,PHONE_00229,family
SMS_000887,2023-01-06,PERSON_00036,PERSON_00052,PHONE_00024,travel
SMS_000888,2024-03-24,PERSON_00016,PERSON_00177,PHONE_00555,delivery
SMS_000889,2022-03-24,PERSON_00064,PERSON_00150,PHONE_00164,appointment
SMS_000890,2021-09-29,PERSON_00076,PERSON_00360,PHONE_00504,bank alert
SMS_000891,2022-01-30,PERSON_00435,PERSON_00361,PHONE_00618,work
SMS_000892,2022-07-16,PERSON_00072,PERSON_00281,PHONE_00140,bank alert
SMS_000893,2026-04-01,PERSON_00312,PERSON_00166,PHONE_00076,work
SMS_000894,2024-10-13,PERSON_00354,PERSON_00068,PHONE_00518,travel
SMS_000895,2024-01-19,PERSON_00064,PERSON_00162,PHONE_00164,work
SMS_000896,2023-11-05,PERSON_00126,PERSON_00175,PHONE_00268,appointment
SMS_000897,2023-11-28,PERSON_00036,PERSON_00139,PHONE_00024,delivery
SMS_000898,2022-03-30,PERSON_00327,PERSON_00162,PHONE_00502,routine
SMS_000899,2024-11-09,PERSON_00343,PERSON_00078,PHONE_00373,work
SMS_000900,2025-03-05,PERSON_00448,PERSON_00188,PHONE_00284,work
SMS_000901,2026-04-22,PERSON_00071,PERSON_00425,PHONE_00392,family
SMS_000902,2025-06-28,PERSON_00249,PERSON_00316,PHONE_00434,delivery
SMS_000903,2021-11-19,PERSON_00421,PERSON_00114,PHONE_00029,appointment
SMS_000904,2025-12-25,PERSON_00003,PERSON_00145,PHONE_00402,bank alert
SMS_000905,2024-06-13,PERSON_00286,PERSON_00041,PHONE_00091,work
SMS_000906,2025-10-27,PERSON_00102,PERSON_00133,PHONE_00442,work
SMS_000907,2022-05-18,PERSON_00204,PERSON_00169,PHONE_00183,routine
SMS_000908,2025-12-25,PERSON_00449,PERSON_00040,PHONE_00371,delivery
SMS_000909,2023-03-15,PERSON_00071,PERSON_00288,PHONE_00392,work
SMS_000910,2025-08-18,PERSON_00432,PERSON_00238,PHONE_00417,family
SMS_000911,2022-08-28,PERSON_00269,PERSON_00135,PHONE_00583,travel
SMS_000912,2025-02-21,PERSON_00288,PERSON_00071,PHONE_00397,work
SMS_000913,2026-05-16,PERSON_00288,PERSON_00120,PHONE_00397,routine
SMS_000914,2023-05-18,PERSON_00117,PERSON_00365,PHONE_00312,work
SMS_000915,2022-10-18,PERSON_00021,PERSON_00001,PHONE_00325,work
SMS_000916,2025-07-10,PERSON_00407,PERSON_00220,PHONE_00064,work
SMS_000917,2023-12-29,PERSON_00259,PERSON_00362,PHONE_00031,work
SMS_000918,2021-09-27,PERSON_00400,PERSON_00309,PHONE_00172,bank alert
SMS_000919,2021-07-25,PERSON_00306,PERSON_00043,PHONE_00117,bank alert
SMS_000920,2026-06-20,PERSON_00116,PERSON_00092,PHONE_00444,routine
SMS_000921,2026-02-05,PERSON_00059,PERSON_00155,PHONE_00531,travel
SMS_000922,2023-02-11,PERSON_00025,PERSON_00232,PHONE_00169,travel
SMS_000923,2025-04-07,PERSON_00044,PERSON_00163,PHONE_00184,routine
SMS_000924,2022-01-20,PERSON_00069,PERSON_00091,PHONE_00163,travel
SMS_000925,2024-07-12,PERSON_00046,PERSON_00011,PHONE_00109,travel
SMS_000926,2022-05-16,PERSON_00046,PERSON_00011,PHONE_00109,family
SMS_000927,2025-12-20,PERSON_00170,PERSON_00388,PHONE_00152,work
SMS_000928,2021-12-19,PERSON_00421,PERSON_00110,PHONE_00029,appointment
SMS_000929,2025-05-07,PERSON_00173,PERSON_00012,PHONE_00529,bank alert
SMS_000930,2025-11-22,PERSON_00273,PERSON_00318,PHONE_00480,work
SMS_000931,2024-03-23,PERSON_00415,PERSON_00034,PHONE_00079,work
SMS_000932,2026-05-05,PERSON_00015,PERSON_00386,PHONE_00212,travel
SMS_000933,2024-03-21,PERSON_00349,PERSON_00271,PHONE_00072,work
SMS_000934,2023-11-04,PERSON_00182,PERSON_00176,PHONE_00203,appointment
SMS_000935,2022-06-05,PERSON_00337,PERSON_00171,PHONE_00531,bank alert
SMS_000936,2022-09-29,PERSON_00066,PERSON_00122,PHONE_00026,family
SMS_000937,2023-10-13,PERSON_00145,PERSON_00250,PHONE_00019,work
SMS_000938,2025-05-20,PERSON_00259,PERSON_00416,PHONE_00031,work
SMS_000939,2025-08-11,PERSON_00144,PERSON_00245,PHONE_00195,appointment
SMS_000940,2023-12-04,PERSON_00232,PERSON_00435,PHONE_00438,appointment
SMS_000941,2024-12-12,PERSON_00345,PERSON_00309,PHONE_00283,bank alert
SMS_000942,2021-02-06,PERSON_00398,PERSON_00288,PHONE_00229,routine
SMS_000943,2026-03-03,PERSON_00300,PERSON_00182,PHONE_00060,family
SMS_000944,2024-04-12,PERSON_00286,PERSON_00261,PHONE_00091,travel
SMS_000945,2025-04-29,PERSON_00149,PERSON_00081,PHONE_00320,appointment
SMS_000946,2023-01-07,PERSON_00306,PERSON_00036,PHONE_00117,work
SMS_000947,2026-06-06,PERSON_00407,PERSON_00195,PHONE_00608,family
SMS_000948,2025-12-04,PERSON_00077,PERSON_00002,PHONE_00017,routine
SMS_000949,2023-03-07,PERSON_00212,PERSON_00155,PHONE_00576,travel
SMS_000950,2024-11-22,PERSON_00322,PERSON_00146,PHONE_00403,delivery
SMS_000951,2024-06-10,PERSON_00379,PERSON_00169,PHONE_00443,bank alert
SMS_000952,2024-02-22,PERSON_00448,PERSON_00064,PHONE_00284,bank alert
SMS_000953,2025-11-10,PERSON_00365,PERSON_00070,PHONE_00023,work
SMS_000954,2023-12-23,PERSON_00181,PERSON_00417,PHONE_00269,appointment
SMS_000955,2025-04-07,PERSON_00374,PERSON_00177,PHONE_00616,work
SMS_000956,2021-01-15,PERSON_00397,PERSON_00125,PHONE_00086,bank alert
SMS_000957,2024-05-24,PERSON_00259,PERSON_00220,PHONE_00031,work
SMS_000958,2026-04-08,PERSON_00227,PERSON_00246,PHONE_00251,work
SMS_000959,2023-03-16,PERSON_00283,PERSON_00169,PHONE_00072,work
SMS_000960,2024-08-15,PERSON_00445,PERSON_00268,PHONE_00315,work
SMS_000961,2024-05-31,PERSON_00196,PERSON_00219,PHONE_00464,work
SMS_000962,2026-06-11,PERSON_00149,PERSON_00301,PHONE_00320,work
SMS_000963,2022-01-15,PERSON_00362,PERSON_00236,PHONE_00545,travel
SMS_000964,2025-11-28,PERSON_00250,PERSON_00400,PHONE_00114,work
SMS_000965,2025-08-17,PERSON_00120,PERSON_00132,PHONE_00343,routine
SMS_000966,2021-08-23,PERSON_00221,PERSON_00225,PHONE_00007,family
SMS_000967,2024-01-01,PERSON_00030,PERSON_00001,PHONE_00547,family
SMS_000968,2021-11-13,PERSON_00385,PERSON_00312,PHONE_00062,routine
SMS_000969,2022-11-09,PERSON_00076,PERSON_00028,PHONE_00504,family
SMS_000970,2023-05-16,PERSON_00008,PERSON_00285,PHONE_00298,work
SMS_000971,2021-09-25,PERSON_00400,PERSON_00269,PHONE_00172,travel
SMS_000972,2021-10-03,PERSON_00018,PERSON_00032,PHONE_00575,work
SMS_000973,2024-12-28,PERSON_00184,PERSON_00171,PHONE_00164,work
SMS_000974,2021-06-28,PERSON_00441,PERSON_00169,PHONE_00333,work
SMS_000975,2025-06-30,PERSON_00207,PERSON_00139,PHONE_00004,appointment
SMS_000976,2021-01-06,PERSON_00125,PERSON_00411,PHONE_00638,bank alert
SMS_000977,2022-07-15,PERSON_00069,PERSON_00445,PHONE_00163,family
SMS_000978,2024-06-22,PERSON_00311,PERSON_00407,PHONE_00472,travel
SMS_000979,2022-07-17,PERSON_00435,PERSON_00031,PHONE_00618,work
SMS_000980,2024-07-11,PERSON_00341,PERSON_00078,PHONE_00623,travel
SMS_000981,2022-09-21,PERSON_00335,PERSON_00126,PHONE_00285,family
SMS_000982,2022-05-21,PERSON_00363,PERSON_00256,PHONE_00407,family
SMS_000983,2023-03-19,PERSON_00287,PERSON_00215,PHONE_00091,family
SMS_000984,2022-10-21,PERSON_00136,PERSON_00024,PHONE_00596,family
SMS_000985,2024-07-21,PERSON_00220,PERSON_00039,PHONE_00503,bank alert
SMS_000986,2023-07-27,PERSON_00278,PERSON_00290,PHONE_00596,family
SMS_000987,2023-03-18,PERSON_00437,PERSON_00128,PHONE_00385,work
SMS_000988,2024-12-18,PERSON_00411,PERSON_00016,PHONE_00054,family
SMS_000989,2025-05-21,PERSON_00127,PERSON_00133,PHONE_00292,family
SMS_000990,2021-05-17,PERSON_00232,PERSON_00015,PHONE_00438,work
SMS_000991,2023-04-21,PERSON_00368,PERSON_00007,PHONE_00452,family
SMS_000992,2025-10-07,PERSON_00281,PERSON_00173,PHONE_00166,work
SMS_000993,2025-02-02,PERSON_00288,PERSON_00071,PHONE_00397,bank alert
SMS_000994,2021-12-05,PERSON_00147,PERSON_00126,PHONE_00097,travel
SMS_000995,2023-03-27,PERSON_00371,PERSON_00061,PHONE_00288,bank alert
SMS_000996,2022-06-26,PERSON_00015,PERSON_00134,PHONE_00212,work
SMS_000997,2024-05-18,PERSON_00114,PERSON_00057,PHONE_00216,work
SMS_000998,2022-06-23,PERSON_00064,PERSON_00411,PHONE_00164,family
SMS_000999,2021-05-08,PERSON_00073,PERSON_00356,PHONE_00619,travel
SMS_001000,2026-05-31,PERSON_00028,PERSON_00043,PHONE_00399,work
SMS_001001,2021-05-06,PERSON_00248,PERSON_00294,PHONE_00328,bank alert
SMS_001002,2025-12-09,PERSON_00117,PERSON_00409,PHONE_00312,bank alert
SMS_001003,2024-10-03,PERSON_00415,PERSON_00035,PHONE_00079,family
SMS_001004,2024-05-30,PERSON_00174,PERSON_00074,PHONE_00637,work
SMS_001005,2023-07-12,PERSON_00325,PERSON_00229,PHONE_00466,family
SMS_001006,2024-12-09,PERSON_00409,PERSON_00164,PHONE_00302,travel
SMS_001007,2021-06-03,PERSON_00181,PERSON_00153,PHONE_00269,family
SMS_001008,2024-03-28,PERSON_00227,PERSON_00012,PHONE_00251,work
SMS_001009,2024-11-06,PERSON_00085,PERSON_00270,PHONE_00166,family
SMS_001010,2025-05-02,PERSON_00198,PERSON_00152,PHONE_00623,work
SMS_001011,2024-10-10,PERSON_00016,PERSON_00150,PHONE_00555,work
SMS_001012,2023-10-13,PERSON_00173,PERSON_00072,PHONE_00529,work
SMS_001013,2024-06-19,PERSON_00249,PERSON_00316,PHONE_00434,bank alert
SMS_001014,2022-06-23,PERSON_00152,PERSON_00072,PHONE_00069,routine
SMS_001015,2021-01-09,PERSON_00309,PERSON_00155,PHONE_00497,work
SMS_001016,2024-04-13,PERSON_00144,PERSON_00245,PHONE_00195,delivery
SMS_001017,2024-05-07,PERSON_00037,PERSON_00168,PHONE_00233,routine
SMS_001018,2024-12-15,PERSON_00269,PERSON_00017,PHONE_00583,appointment
SMS_001019,2022-09-23,PERSON_00386,PERSON_00097,PHONE_00029,work
SMS_001020,2025-06-29,PERSON_00196,PERSON_00219,PHONE_00464,travel
SMS_001021,2025-07-19,PERSON_00309,PERSON_00426,PHONE_00497,routine
SMS_001022,2021-06-09,PERSON_00167,PERSON_00263,PHONE_00319,family
SMS_001023,2022-09-05,PERSON_00337,PERSON_00445,PHONE_00531,work
SMS_001024,2022-09-22,PERSON_00314,PERSON_00110,PHONE_00104,family
SMS_001025,2021-11-27,PERSON_00274,PERSON_00112,PHONE_00065,routine
SMS_001026,2021-01-26,PERSON_00141,PERSON_00071,PHONE_00528,appointment
SMS_001027,2022-05-24,PERSON_00272,PERSON_00048,PHONE_00505,work
SMS_001028,2024-09-20,PERSON_00042,PERSON_00237,PHONE_00423,family
SMS_001029,2021-11-24,PERSON_00202,PERSON_00078,PHONE_00648,routine
SMS_001030,2022-09-05,PERSON_00255,PERSON_00386,PHONE_00292,bank alert
SMS_001031,2023-01-12,PERSON_00130,PERSON_00229,PHONE_00086,family
SMS_001032,2023-07-06,PERSON_00364,PERSON_00222,PHONE_00019,travel
SMS_001033,2025-09-23,PERSON_00049,PERSON_00064,PHONE_00538,work
SMS_001034,2021-02-23,PERSON_00179,PERSON_00237,PHONE_00441,work
SMS_001035,2025-10-04,PERSON_00331,PERSON_00288,PHONE_00274,family
SMS_001036,2023-12-21,PERSON_00278,PERSON_00290,PHONE_00596,family
SMS_001037,2023-06-24,PERSON_00274,PERSON_00112,PHONE_00065,work
SMS_001038,2021-06-16,PERSON_00394,PERSON_00040,PHONE_00032,work
SMS_001039,2021-10-24,PERSON_00125,PERSON_00374,PHONE_00638,appointment
SMS_001040,2022-01-02,PERSON_00311,PERSON_00178,PHONE_00472,travel
SMS_001041,2021-03-18,PERSON_00346,PERSON_00400,PHONE_00387,work
SMS_001042,2021-08-09,PERSON_00225,PERSON_00073,PHONE_00274,family
SMS_001043,2021-10-16,PERSON_00169,PERSON_00098,PHONE_00042,travel
SMS_001044,2025-09-18,PERSON_00148,PERSON_00239,PHONE_00407,work
SMS_001045,2025-03-05,PERSON_00171,PERSON_00231,PHONE_00471,travel
SMS_001046,2025-08-22,PERSON_00125,PERSON_00374,PHONE_00638,bank alert
SMS_001047,2024-05-05,PERSON_00263,PERSON_00416,PHONE_00416,delivery
SMS_001048,2022-08-22,PERSON_00146,PERSON_00383,PHONE_00300,routine
SMS_001049,2025-09-18,PERSON_00325,PERSON_00004,PHONE_00466,work
SMS_001050,2023-02-14,PERSON_00146,PERSON_00281,PHONE_00300,work
SMS_001051,2024-07-01,PERSON_00394,PERSON_00200,PHONE_00032,family
SMS_001052,2024-04-29,PERSON_00304,PERSON_00006,PHONE_00606,work
SMS_001053,2024-12-12,PERSON_00158,PERSON_00088,PHONE_00253,family
SMS_001054,2021-11-11,PERSON_00179,PERSON_00271,PHONE_00441,appointment
SMS_001055,2021-04-07,PERSON_00129,PERSON_00122,PHONE_00468,delivery
SMS_001056,2022-09-06,PERSON_00374,PERSON_00171,PHONE_00616,work
SMS_001057,2022-03-29,PERSON_00257,PERSON_00087,PHONE_00540,work
SMS_001058,2023-08-11,PERSON_00430,PERSON_00130,PHONE_00076,delivery
SMS_001059,2022-03-23,PERSON_00163,PERSON_00388,PHONE_00251,bank alert
SMS_001060,2023-09-27,PERSON_00391,PERSON_00287,PHONE_00199,bank alert
SMS_001061,2023-07-12,PERSON_00134,PERSON_00174,PHONE_00074,family
SMS_001062,2025-09-05,PERSON_00158,PERSON_00088,PHONE_00253,routine
SMS_001063,2024-04-03,PERSON_00149,PERSON_00299,PHONE_00320,bank alert
SMS_001064,2025-03-26,PERSON_00279,PERSON_00020,PHONE_00329,family
SMS_001065,2022-07-03,PERSON_00252,PERSON_00275,PHONE_00280,travel
SMS_001066,2024-01-28,PERSON_00357,PERSON_00155,PHONE_00039,appointment
SMS_001067,2021-10-12,PERSON_00106,PERSON_00297,PHONE_00476,delivery
SMS_001068,2022-01-15,PERSON_00149,PERSON_00081,PHONE_00320,routine
SMS_001069,2022-06-15,PERSON_00020,PERSON_00388,PHONE_00604,delivery
SMS_001070,2023-08-04,PERSON_00071,PERSON_00425,PHONE_00392,routine
SMS_001071,2024-07-11,PERSON_00147,PERSON_00141,PHONE_00286,bank alert
SMS_001072,2025-03-10,PERSON_00023,PERSON_00371,PHONE_00375,bank alert
SMS_001073,2023-01-25,PERSON_00159,PERSON_00011,PHONE_00441,routine
SMS_001074,2025-10-03,PERSON_00301,PERSON_00220,PHONE_00441,work
SMS_001075,2025-12-14,PERSON_00086,PERSON_00113,PHONE_00239,family
SMS_001076,2026-06-16,PERSON_00391,PERSON_00033,PHONE_00199,routine
SMS_001077,2024-01-13,PERSON_00410,PERSON_00045,PHONE_00355,travel
SMS_001078,2021-06-20,PERSON_00032,PERSON_00148,PHONE_00446,work
SMS_001079,2024-02-23,PERSON_00191,PERSON_00409,PHONE_00585,family
SMS_001080,2021-08-28,PERSON_00393,PERSON_00182,PHONE_00514,routine
SMS_001081,2026-05-07,PERSON_00025,PERSON_00012,PHONE_00169,delivery
SMS_001082,2024-01-02,PERSON_00100,PERSON_00172,PHONE_00094,bank alert
SMS_001083,2024-09-30,PERSON_00347,PERSON_00287,PHONE_00161,routine
SMS_001084,2021-01-03,PERSON_00076,PERSON_00372,PHONE_00504,work
SMS_001085,2023-06-15,PERSON_00102,PERSON_00193,PHONE_00442,bank alert
SMS_001086,2023-07-28,PERSON_00243,PERSON_00173,PHONE_00148,bank alert
SMS_001087,2021-11-23,PERSON_00134,PERSON_00257,PHONE_00074,travel
SMS_001088,2022-01-25,PERSON_00073,PERSON_00434,PHONE_00619,family
SMS_001089,2023-02-28,PERSON_00051,PERSON_00166,PHONE_00030,delivery
SMS_001090,2024-08-05,PERSON_00259,PERSON_00220,PHONE_00031,family
SMS_001091,2023-12-29,PERSON_00336,PERSON_00171,PHONE_00083,bank alert
SMS_001092,2023-05-12,PERSON_00225,PERSON_00412,PHONE_00274,travel
SMS_001093,2022-10-14,PERSON_00096,PERSON_00128,PHONE_00035,work
SMS_001094,2022-12-16,PERSON_00165,PERSON_00400,PHONE_00584,bank alert
SMS_001095,2024-03-30,PERSON_00378,PERSON_00393,PHONE_00146,family
SMS_001096,2023-03-03,PERSON_00188,PERSON_00177,PHONE_00613,delivery
SMS_001097,2021-09-14,PERSON_00369,PERSON_00117,PHONE_00346,work
SMS_001098,2026-02-16,PERSON_00070,PERSON_00057,PHONE_00183,bank alert
SMS_001099,2025-10-05,PERSON_00364,PERSON_00199,PHONE_00019,family
SMS_001100,2026-02-11,PERSON_00343,PERSON_00360,PHONE_00373,family
SMS_001101,2025-12-10,PERSON_00238,PERSON_00259,PHONE_00601,family
SMS_001102,2025-04-25,PERSON_00020,PERSON_00102,PHONE_00604,work
SMS_001103,2022-02-07,PERSON_00245,PERSON_00304,PHONE_00353,bank alert
SMS_001104,2022-10-30,PERSON_00336,PERSON_00078,PHONE_00083,work
SMS_001105,2022-02-27,PERSON_00425,PERSON_00032,PHONE_00152,bank alert
SMS_001106,2021-06-22,PERSON_00021,PERSON_00001,PHONE_00325,bank alert
SMS_001107,2025-01-01,PERSON_00102,PERSON_00193,PHONE_00442,work
SMS_001108,2023-10-23,PERSON_00126,PERSON_00165,PHONE_00021,family
SMS_001109,2021-08-06,PERSON_00069,PERSON_00430,PHONE_00163,family
SMS_001110,2022-11-28,PERSON_00394,PERSON_00040,PHONE_00032,travel
SMS_001111,2021-08-01,PERSON_00262,PERSON_00433,PHONE_00343,work
SMS_001112,2024-01-13,PERSON_00346,PERSON_00364,PHONE_00387,travel
SMS_001113,2024-05-05,PERSON_00329,PERSON_00157,PHONE_00103,work
SMS_001114,2023-08-23,PERSON_00244,PERSON_00002,PHONE_00437,family
SMS_001115,2021-11-03,PERSON_00181,PERSON_00176,PHONE_00269,work
SMS_001116,2024-08-25,PERSON_00374,PERSON_00055,PHONE_00616,appointment
SMS_001117,2022-04-01,PERSON_00173,PERSON_00388,PHONE_00529,travel
SMS_001118,2025-01-29,PERSON_00020,PERSON_00071,PHONE_00604,work
SMS_001119,2024-11-06,PERSON_00033,PERSON_00322,PHONE_00048,family
SMS_001120,2023-04-29,PERSON_00444,PERSON_00015,PHONE_00153,delivery
SMS_001121,2024-12-12,PERSON_00349,PERSON_00179,PHONE_00072,bank alert
SMS_001122,2025-02-27,PERSON_00185,PERSON_00083,PHONE_00525,work
SMS_001123,2024-08-21,PERSON_00091,PERSON_00288,PHONE_00412,travel
SMS_001124,2023-10-15,PERSON_00085,PERSON_00246,PHONE_00166,routine
SMS_001125,2024-08-11,PERSON_00378,PERSON_00393,PHONE_00464,bank alert
SMS_001126,2025-05-16,PERSON_00445,PERSON_00101,PHONE_00315,delivery
SMS_001127,2022-08-30,PERSON_00312,PERSON_00166,PHONE_00076,work
SMS_001128,2021-02-25,PERSON_00351,PERSON_00052,PHONE_00260,delivery
SMS_001129,2022-04-05,PERSON_00027,PERSON_00013,PHONE_00063,family
SMS_001130,2024-02-24,PERSON_00149,PERSON_00345,PHONE_00320,work
SMS_001131,2022-03-12,PERSON_00259,PERSON_00312,PHONE_00031,bank alert
SMS_001132,2023-11-12,PERSON_00097,PERSON_00309,PHONE_00389,bank alert
SMS_001133,2024-04-30,PERSON_00394,PERSON_00040,PHONE_00032,routine
SMS_001134,2025-05-05,PERSON_00107,PERSON_00186,PHONE_00345,work
SMS_001135,2024-02-15,PERSON_00171,PERSON_00231,PHONE_00471,work
SMS_001136,2021-10-04,PERSON_00433,PERSON_00272,PHONE_00062,family
SMS_001137,2025-11-03,PERSON_00385,PERSON_00362,PHONE_00062,bank alert
SMS_001138,2022-03-10,PERSON_00390,PERSON_00052,PHONE_00577,delivery
SMS_001139,2024-04-24,PERSON_00107,PERSON_00239,PHONE_00345,appointment
SMS_001140,2021-03-13,PERSON_00411,PERSON_00374,PHONE_00054,work
SMS_001141,2025-12-03,PERSON_00042,PERSON_00223,PHONE_00342,travel
SMS_001142,2022-03-02,PERSON_00102,PERSON_00052,PHONE_00442,routine
SMS_001143,2023-05-27,PERSON_00232,PERSON_00309,PHONE_00196,work
SMS_001144,2021-01-23,PERSON_00382,PERSON_00115,PHONE_00070,appointment
SMS_001145,2025-07-17,PERSON_00366,PERSON_00081,PHONE_00615,travel
SMS_001146,2021-07-25,PERSON_00164,PERSON_00046,PHONE_00637,work
SMS_001147,2022-01-30,PERSON_00135,PERSON_00344,PHONE_00564,family
SMS_001148,2021-09-06,PERSON_00433,PERSON_00250,PHONE_00062,routine
SMS_001149,2021-08-30,PERSON_00269,PERSON_00281,PHONE_00583,delivery
SMS_001150,2021-08-28,PERSON_00101,PERSON_00163,PHONE_00408,work
SMS_001151,2022-11-16,PERSON_00181,PERSON_00287,PHONE_00124,bank alert
SMS_001152,2026-01-02,PERSON_00207,PERSON_00139,PHONE_00004,travel
SMS_001153,2024-11-06,PERSON_00427,PERSON_00064,PHONE_00216,work
SMS_001154,2023-08-10,PERSON_00450,PERSON_00266,PHONE_00477,work
SMS_001155,2022-11-05,PERSON_00078,PERSON_00096,PHONE_00134,work
SMS_001156,2023-05-06,PERSON_00283,PERSON_00105,PHONE_00186,bank alert
SMS_001157,2025-11-26,PERSON_00104,PERSON_00243,PHONE_00627,family
SMS_001158,2022-08-29,PERSON_00122,PERSON_00223,PHONE_00195,routine
SMS_001159,2024-11-25,PERSON_00309,PERSON_00060,PHONE_00497,work
SMS_001160,2025-12-27,PERSON_00073,PERSON_00434,PHONE_00619,work
SMS_001161,2023-12-31,PERSON_00380,PERSON_00143,PHONE_00355,work
SMS_001162,2022-09-05,PERSON_00010,PERSON_00346,PHONE_00080,family
SMS_001163,2024-01-15,PERSON_00352,PERSON_00072,PHONE_00417,family
SMS_001164,2022-01-16,PERSON_00312,PERSON_00057,PHONE_00076,work
SMS_001165,2025-11-16,PERSON_00384,PERSON_00032,PHONE_00559,work
SMS_001166,2021-04-27,PERSON_00184,PERSON_00028,PHONE_00496,family
SMS_001167,2022-09-06,PERSON_00399,PERSON_00028,PHONE_00331,delivery
SMS_001168,2025-04-10,PERSON_00291,PERSON_00056,PHONE_00317,family
SMS_001169,2024-10-11,PERSON_00021,PERSON_00226,PHONE_00325,appointment
SMS_001170,2024-03-25,PERSON_00373,PERSON_00112,PHONE_00391,work
SMS_001171,2025-03-19,PERSON_00213,PERSON_00255,PHONE_00350,family
SMS_001172,2025-05-06,PERSON_00346,PERSON_00375,PHONE_00387,routine
SMS_001173,2022-12-30,PERSON_00112,PERSON_00241,PHONE_00309,travel
SMS_001174,2025-05-28,PERSON_00259,PERSON_00362,PHONE_00031,work
SMS_001175,2021-06-04,PERSON_00065,PERSON_00201,PHONE_00557,work
SMS_001176,2024-11-20,PERSON_00247,PERSON_00206,PHONE_00021,delivery
SMS_001177,2025-01-21,PERSON_00331,PERSON_00141,PHONE_00518,family
SMS_001178,2023-11-29,PERSON_00036,PERSON_00143,PHONE_00024,bank alert
SMS_001179,2026-02-25,PERSON_00392,PERSON_00116,PHONE_00070,bank alert
SMS_001180,2025-04-24,PERSON_00288,PERSON_00201,PHONE_00397,bank alert
SMS_001181,2022-06-01,PERSON_00125,PERSON_00411,PHONE_00638,delivery
SMS_001182,2022-09-06,PERSON_00226,PERSON_00251,PHONE_00458,work
SMS_001183,2021-11-05,PERSON_00325,PERSON_00430,PHONE_00466,delivery
SMS_001184,2022-02-15,PERSON_00394,PERSON_00333,PHONE_00032,bank alert
SMS_001185,2022-04-02,PERSON_00171,PERSON_00055,PHONE_00471,delivery
SMS_001186,2023-01-28,PERSON_00146,PERSON_00135,PHONE_00300,family
SMS_001187,2023-12-09,PERSON_00126,PERSON_00147,PHONE_00021,family
SMS_001188,2023-01-01,PERSON_00188,PERSON_00429,PHONE_00613,work
SMS_001189,2022-12-13,PERSON_00307,PERSON_00018,PHONE_00220,bank alert
SMS_001190,2021-08-28,PERSON_00400,PERSON_00179,PHONE_00172,work
SMS_001191,2026-05-29,PERSON_00029,PERSON_00024,PHONE_00325,family
SMS_001192,2024-07-03,PERSON_00266,PERSON_00203,PHONE_00344,family
SMS_001193,2022-03-01,PERSON_00137,PERSON_00148,PHONE_00044,family
SMS_001194,2025-08-13,PERSON_00178,PERSON_00362,PHONE_00090,travel
SMS_001195,2025-06-08,PERSON_00429,PERSON_00133,PHONE_00239,work
SMS_001196,2026-03-27,PERSON_00425,PERSON_00082,PHONE_00152,work
SMS_001197,2024-02-08,PERSON_00008,PERSON_00104,PHONE_00024,delivery
SMS_001198,2025-08-09,PERSON_00394,PERSON_00315,PHONE_00032,work
SMS_001199,2024-09-01,PERSON_00364,PERSON_00433,PHONE_00019,family
SMS_001200,2024-09-14,PERSON_00402,PERSON_00205,PHONE_00114,work
SMS_001201,2023-05-03,PERSON_00178,PERSON_00259,PHONE_00090,appointment
SMS_001202,2026-04-12,PERSON_00010,PERSON_00015,PHONE_00080,bank alert
SMS_001203,2023-12-28,PERSON_00124,PERSON_00203,PHONE_00503,appointment
SMS_001204,2021-11-11,PERSON_00032,PERSON_00121,PHONE_00446,family
SMS_001205,2021-03-29,PERSON_00141,PERSON_00165,PHONE_00528,appointment
SMS_001206,2021-03-05,PERSON_00094,PERSON_00154,PHONE_00219,bank alert
SMS_001207,2023-02-26,PERSON_00278,PERSON_00290,PHONE_00596,work
SMS_001208,2025-07-08,PERSON_00073,PERSON_00204,PHONE_00484,work
SMS_001209,2024-08-12,PERSON_00082,PERSON_00126,PHONE_00428,delivery
SMS_001210,2024-08-13,PERSON_00057,PERSON_00011,PHONE_00456,work
SMS_001211,2023-10-05,PERSON_00378,PERSON_00223,PHONE_00464,appointment
SMS_001212,2022-10-26,PERSON_00237,PERSON_00033,PHONE_00106,family
SMS_001213,2022-01-11,PERSON_00173,PERSON_00072,PHONE_00529,family
SMS_001214,2022-10-27,PERSON_00445,PERSON_00083,PHONE_00315,family
SMS_001215,2025-07-16,PERSON_00060,PERSON_00386,PHONE_00630,family
SMS_001216,2021-03-20,PERSON_00165,PERSON_00091,PHONE_00584,routine
SMS_001217,2025-03-12,PERSON_00393,PERSON_00293,PHONE_00514,family
SMS_001218,2022-10-04,PERSON_00281,PERSON_00173,PHONE_00166,routine
SMS_001219,2023-11-16,PERSON_00169,PERSON_00133,PHONE_00042,routine
SMS_001220,2022-02-12,PERSON_00010,PERSON_00346,PHONE_00080,travel
SMS_001221,2023-04-12,PERSON_00374,PERSON_00143,PHONE_00616,work
SMS_001222,2025-07-08,PERSON_00303,PERSON_00178,PHONE_00183,work
SMS_001223,2023-03-29,PERSON_00426,PERSON_00050,PHONE_00629,family
SMS_001224,2023-09-22,PERSON_00004,PERSON_00142,PHONE_00536,work
SMS_001225,2021-05-28,PERSON_00192,PERSON_00171,PHONE_00605,family
SMS_001226,2022-08-21,PERSON_00169,PERSON_00098,PHONE_00042,appointment
SMS_001227,2026-02-28,PERSON_00433,PERSON_00250,PHONE_00062,delivery
SMS_001228,2025-10-07,PERSON_00220,PERSON_00362,PHONE_00503,delivery
SMS_001229,2021-03-30,PERSON_00285,PERSON_00008,PHONE_00116,bank alert
SMS_001230,2023-04-30,PERSON_00070,PERSON_00139,PHONE_00175,work
SMS_001231,2023-09-30,PERSON_00357,PERSON_00161,PHONE_00039,work
SMS_001232,2023-04-17,PERSON_00014,PERSON_00248,PHONE_00453,work
SMS_001233,2026-06-14,PERSON_00416,PERSON_00169,PHONE_00236,appointment
SMS_001234,2022-11-05,PERSON_00308,PERSON_00114,PHONE_00231,work
SMS_001235,2021-03-28,PERSON_00084,PERSON_00015,PHONE_00344,family
SMS_001236,2021-05-10,PERSON_00344,PERSON_00213,PHONE_00371,work
SMS_001237,2023-03-21,PERSON_00331,PERSON_00071,PHONE_00518,routine
SMS_001238,2024-08-06,PERSON_00117,PERSON_00409,PHONE_00312,routine
SMS_001239,2021-05-23,PERSON_00078,PERSON_00279,PHONE_00134,bank alert
SMS_001240,2021-07-31,PERSON_00013,PERSON_00391,PHONE_00377,work
SMS_001241,2026-01-05,PERSON_00145,PERSON_00131,PHONE_00019,work
SMS_001242,2025-02-16,PERSON_00336,PERSON_00279,PHONE_00083,bank alert
SMS_001243,2024-02-02,PERSON_00107,PERSON_00187,PHONE_00345,work
SMS_001244,2021-12-13,PERSON_00182,PERSON_00223,PHONE_00203,routine
SMS_001245,2025-03-09,PERSON_00058,PERSON_00003,PHONE_00584,work
SMS_001246,2023-01-03,PERSON_00407,PERSON_00385,PHONE_00064,delivery
SMS_001247,2023-05-27,PERSON_00319,PERSON_00315,PHONE_00383,family
SMS_001248,2026-03-02,PERSON_00035,PERSON_00168,PHONE_00341,appointment
SMS_001249,2021-05-13,PERSON_00320,PERSON_00116,PHONE_00336,delivery
SMS_001250,2025-08-26,PERSON_00337,PERSON_00343,PHONE_00531,family
SMS_001251,2024-06-16,PERSON_00141,PERSON_00331,PHONE_00528,appointment
SMS_001252,2025-04-13,PERSON_00241,PERSON_00252,PHONE_00551,delivery
SMS_001253,2021-09-20,PERSON_00154,PERSON_00067,PHONE_00642,travel
SMS_001254,2024-05-25,PERSON_00300,PERSON_00072,PHONE_00060,family
SMS_001255,2024-02-12,PERSON_00260,PERSON_00115,PHONE_00003,delivery
SMS_001256,2021-04-29,PERSON_00283,PERSON_00391,PHONE_00072,bank alert
SMS_001257,2025-10-01,PERSON_00253,PERSON_00178,PHONE_00211,work
SMS_001258,2022-08-18,PERSON_00372,PERSON_00346,PHONE_00177,appointment
SMS_001259,2024-03-17,PERSON_00437,PERSON_00128,PHONE_00385,travel
SMS_001260,2025-06-25,PERSON_00101,PERSON_00058,PHONE_00408,travel
SMS_001261,2024-10-29,PERSON_00321,PERSON_00355,PHONE_00527,routine
SMS_001262,2024-01-06,PERSON_00180,PERSON_00251,PHONE_00338,delivery
SMS_001263,2025-05-22,PERSON_00184,PERSON_00192,PHONE_00496,routine
SMS_001264,2021-11-17,PERSON_00209,PERSON_00218,PHONE_00082,work
SMS_001265,2023-05-14,PERSON_00186,PERSON_00017,PHONE_00398,delivery
SMS_001266,2026-06-20,PERSON_00254,PERSON_00187,PHONE_00552,delivery
SMS_001267,2022-02-12,PERSON_00032,PERSON_00148,PHONE_00446,work
SMS_001268,2026-06-14,PERSON_00364,PERSON_00038,PHONE_00019,appointment
SMS_001269,2023-09-14,PERSON_00435,PERSON_00361,PHONE_00618,appointment
SMS_001270,2022-10-08,PERSON_00010,PERSON_00400,PHONE_00080,travel
SMS_001271,2022-01-12,PERSON_00331,PERSON_00141,PHONE_00274,family
SMS_001272,2022-01-21,PERSON_00313,PERSON_00182,PHONE_00250,work
SMS_001273,2023-02-28,PERSON_00263,PERSON_00259,PHONE_00416,work
SMS_001274,2024-07-14,PERSON_00394,PERSON_00040,PHONE_00032,work
SMS_001275,2022-08-10,PERSON_00165,PERSON_00065,PHONE_00584,family
SMS_001276,2025-10-28,PERSON_00195,PERSON_00125,PHONE_00280,bank alert
SMS_001277,2021-05-26,PERSON_00139,PERSON_00045,PHONE_00021,family
SMS_001278,2023-11-23,PERSON_00347,PERSON_00270,PHONE_00161,appointment
SMS_001279,2022-02-14,PERSON_00346,PERSON_00400,PHONE_00345,family
SMS_001280,2023-08-13,PERSON_00364,PERSON_00223,PHONE_00019,family
SMS_001281,2024-09-12,PERSON_00264,PERSON_00045,PHONE_00515,travel
SMS_001282,2024-09-11,PERSON_00260,PERSON_00321,PHONE_00003,travel
SMS_001283,2021-11-09,PERSON_00010,PERSON_00050,PHONE_00080,routine
SMS_001284,2022-03-15,PERSON_00263,PERSON_00245,PHONE_00416,family
SMS_001285,2021-06-19,PERSON_00126,PERSON_00195,PHONE_00021,work
SMS_001286,2021-09-20,PERSON_00012,PERSON_00102,PHONE_00623,work
SMS_001287,2025-09-15,PERSON_00361,PERSON_00098,PHONE_00616,work
SMS_001288,2022-10-11,PERSON_00005,PERSON_00003,PHONE_00074,routine
SMS_001289,2025-10-25,PERSON_00265,PERSON_00359,PHONE_00198,work
SMS_001290,2022-12-20,PERSON_00393,PERSON_00438,PHONE_00514,family
SMS_001291,2022-02-20,PERSON_00193,PERSON_00219,PHONE_00524,family
SMS_001292,2021-11-26,PERSON_00435,PERSON_00031,PHONE_00618,work
SMS_001293,2023-03-10,PERSON_00033,PERSON_00290,PHONE_00048,family
SMS_001294,2024-11-29,PERSON_00165,PERSON_00147,PHONE_00584,work
SMS_001295,2024-03-23,PERSON_00127,PERSON_00169,PHONE_00292,work
SMS_001296,2024-01-12,PERSON_00242,PERSON_00102,PHONE_00327,routine
SMS_001297,2021-06-27,PERSON_00194,PERSON_00003,PHONE_00232,family
SMS_001298,2022-09-21,PERSON_00220,PERSON_00057,PHONE_00503,routine
SMS_001299,2023-10-18,PERSON_00444,PERSON_00054,PHONE_00153,family
SMS_001300,2026-04-28,PERSON_00308,PERSON_00142,PHONE_00231,travel
SMS_001301,2026-03-01,PERSON_00147,PERSON_00166,PHONE_00097,work
SMS_001302,2026-05-27,PERSON_00071,PERSON_00033,PHONE_00392,work
SMS_001303,2026-03-06,PERSON_00447,PERSON_00164,PHONE_00138,routine
SMS_001304,2021-07-28,PERSON_00133,PERSON_00143,PHONE_00502,delivery
SMS_001305,2022-10-23,PERSON_00105,PERSON_00269,PHONE_00106,family
SMS_001306,2025-10-29,PERSON_00407,PERSON_00245,PHONE_00064,bank alert
SMS_001307,2022-09-22,PERSON_00145,PERSON_00364,PHONE_00019,bank alert
SMS_001308,2024-05-16,PERSON_00329,PERSON_00232,PHONE_00635,bank alert
SMS_001309,2025-10-15,PERSON_00134,PERSON_00084,PHONE_00074,family
SMS_001310,2021-05-21,PERSON_00284,PERSON_00168,PHONE_00359,travel
SMS_001311,2022-02-27,PERSON_00069,PERSON_00152,PHONE_00251,delivery
SMS_001312,2022-12-11,PERSON_00110,PERSON_00057,PHONE_00260,bank alert
SMS_001313,2023-01-17,PERSON_00392,PERSON_00272,PHONE_00315,work
SMS_001314,2025-10-30,PERSON_00073,PERSON_00173,PHONE_00619,work
SMS_001315,2024-02-11,PERSON_00426,PERSON_00386,PHONE_00629,appointment
SMS_001316,2022-04-11,PERSON_00170,PERSON_00388,PHONE_00152,bank alert
SMS_001317,2024-11-01,PERSON_00205,PERSON_00064,PHONE_00648,travel
SMS_001318,2024-06-18,PERSON_00281,PERSON_00174,PHONE_00166,travel
SMS_001319,2025-08-20,PERSON_00229,PERSON_00430,PHONE_00325,travel
SMS_001320,2023-10-25,PERSON_00157,PERSON_00060,PHONE_00254,delivery
SMS_001321,2025-05-25,PERSON_00059,PERSON_00161,PHONE_00531,family
SMS_001322,2022-08-22,PERSON_00282,PERSON_00182,PHONE_00104,family
SMS_001323,2024-12-02,PERSON_00438,PERSON_00175,PHONE_00435,work
SMS_001324,2023-12-15,PERSON_00255,PERSON_00264,PHONE_00292,bank alert
SMS_001325,2024-07-06,PERSON_00420,PERSON_00316,PHONE_00143,routine
SMS_001326,2025-10-26,PERSON_00032,PERSON_00121,PHONE_00446,family
SMS_001327,2021-08-27,PERSON_00279,PERSON_00306,PHONE_00329,bank alert
SMS_001328,2023-12-20,PERSON_00064,PERSON_00150,PHONE_00164,work
SMS_001329,2022-01-10,PERSON_00430,PERSON_00287,PHONE_00434,work
SMS_001330,2023-12-01,PERSON_00344,PERSON_00146,PHONE_00371,work
SMS_001331,2023-03-07,PERSON_00072,PERSON_00393,PHONE_00140,work
SMS_001332,2021-10-30,PERSON_00117,PERSON_00365,PHONE_00312,work
SMS_001333,2023-10-31,PERSON_00071,PERSON_00449,PHONE_00392,bank alert
SMS_001334,2025-12-17,PERSON_00034,PERSON_00008,PHONE_00596,work
SMS_001335,2021-01-27,PERSON_00115,PERSON_00264,PHONE_00252,routine
SMS_001336,2021-01-16,PERSON_00189,PERSON_00063,PHONE_00092,travel
SMS_001337,2023-05-06,PERSON_00345,PERSON_00434,PHONE_00283,routine
SMS_001338,2023-09-30,PERSON_00149,PERSON_00378,PHONE_00320,travel
SMS_001339,2025-04-08,PERSON_00220,PERSON_00362,PHONE_00503,delivery
SMS_001340,2021-09-12,PERSON_00102,PERSON_00133,PHONE_00442,travel
SMS_001341,2022-07-29,PERSON_00156,PERSON_00118,PHONE_00605,routine
SMS_001342,2024-08-24,PERSON_00025,PERSON_00309,PHONE_00169,routine
SMS_001343,2023-10-08,PERSON_00050,PERSON_00155,PHONE_00378,bank alert
SMS_001344,2023-06-07,PERSON_00173,PERSON_00272,PHONE_00529,work
SMS_001345,2022-12-09,PERSON_00188,PERSON_00068,PHONE_00613,delivery
SMS_001346,2022-09-11,PERSON_00237,PERSON_00244,PHONE_00106,appointment
SMS_001347,2023-01-26,PERSON_00195,PERSON_00125,PHONE_00280,work
SMS_001348,2025-06-17,PERSON_00155,PERSON_00010,PHONE_00056,travel
SMS_001349,2023-12-31,PERSON_00084,PERSON_00222,PHONE_00344,routine
SMS_001350,2026-06-15,PERSON_00361,PERSON_00232,PHONE_00616,work
SMS_001351,2026-06-10,PERSON_00272,PERSON_00048,PHONE_00505,work
SMS_001352,2023-01-17,PERSON_00072,PERSON_00281,PHONE_00140,work
SMS_001353,2024-02-29,PERSON_00382,PERSON_00300,PHONE_00070,work
SMS_001354,2021-03-11,PERSON_00204,PERSON_00434,PHONE_00183,travel
SMS_001355,2021-02-08,PERSON_00072,PERSON_00297,PHONE_00140,delivery
SMS_001356,2026-06-15,PERSON_00157,PERSON_00248,PHONE_00254,work
SMS_001357,2022-11-11,PERSON_00166,PERSON_00178,PHONE_00226,work
SMS_001358,2022-06-06,PERSON_00055,PERSON_00016,PHONE_00393,family
SMS_001359,2021-10-23,PERSON_00233,PERSON_00073,PHONE_00558,delivery
SMS_001360,2023-08-16,PERSON_00416,PERSON_00057,PHONE_00236,routine
SMS_001361,2023-11-10,PERSON_00175,PERSON_00378,PHONE_00524,travel
SMS_001362,2021-03-25,PERSON_00043,PERSON_00273,PHONE_00343,family
SMS_001363,2023-11-02,PERSON_00032,PERSON_00148,PHONE_00446,bank alert
SMS_001364,2021-01-15,PERSON_00274,PERSON_00078,PHONE_00065,family
SMS_001365,2023-03-31,PERSON_00245,PERSON_00195,PHONE_00353,bank alert
SMS_001366,2024-09-26,PERSON_00221,PERSON_00387,PHONE_00007,work
SMS_001367,2025-03-20,PERSON_00387,PERSON_00173,PHONE_00608,work
SMS_001368,2021-10-10,PERSON_00321,PERSON_00014,PHONE_00527,family
SMS_001369,2023-11-21,PERSON_00284,PERSON_00320,PHONE_00299,work
SMS_001370,2022-02-07,PERSON_00339,PERSON_00071,PHONE_00559,family
SMS_001371,2025-12-09,PERSON_00121,PERSON_00148,PHONE_00362,routine
SMS_001372,2023-10-27,PERSON_00411,PERSON_00273,PHONE_00054,work
SMS_001373,2021-11-28,PERSON_00173,PERSON_00009,PHONE_00529,bank alert
SMS_001374,2022-12-07,PERSON_00265,PERSON_00108,PHONE_00198,family
SMS_001375,2022-12-08,PERSON_00360,PERSON_00078,PHONE_00467,appointment
SMS_001376,2024-08-08,PERSON_00105,PERSON_00400,PHONE_00106,delivery
SMS_001377,2023-02-17,PERSON_00173,PERSON_00072,PHONE_00529,work
SMS_001378,2022-09-22,PERSON_00178,PERSON_00407,PHONE_00090,routine
SMS_001379,2023-07-18,PERSON_00121,PERSON_00169,PHONE_00362,family
SMS_001380,2024-10-14,PERSON_00163,PERSON_00445,PHONE_00251,bank alert
SMS_001381,2025-04-13,PERSON_00306,PERSON_00343,PHONE_00117,bank alert
SMS_001382,2021-06-29,PERSON_00076,PERSON_00231,PHONE_00504,travel
SMS_001383,2025-09-04,PERSON_00271,PERSON_00179,PHONE_00350,bank alert
SMS_001384,2025-05-05,PERSON_00391,PERSON_00290,PHONE_00473,work
SMS_001385,2023-11-10,PERSON_00320,PERSON_00069,PHONE_00336,family
SMS_001386,2021-12-06,PERSON_00374,PERSON_00141,PHONE_00616,work
SMS_001387,2022-12-16,PERSON_00433,PERSON_00281,PHONE_00062,family
SMS_001388,2022-07-13,PERSON_00334,PERSON_00400,PHONE_00486,family
SMS_001389,2023-08-20,PERSON_00385,PERSON_00297,PHONE_00062,work
SMS_001390,2021-01-18,PERSON_00344,PERSON_00444,PHONE_00371,bank alert
SMS_001391,2025-06-05,PERSON_00363,PERSON_00236,PHONE_00407,family
SMS_001392,2024-02-24,PERSON_00126,PERSON_00165,PHONE_00021,travel
SMS_001393,2025-02-19,PERSON_00035,PERSON_00284,PHONE_00341,bank alert
SMS_001394,2023-01-17,PERSON_00157,PERSON_00067,PHONE_00254,bank alert
SMS_001395,2022-02-14,PERSON_00434,PERSON_00398,PHONE_00018,bank alert
SMS_001396,2023-01-29,PERSON_00353,PERSON_00239,PHONE_00394,travel
SMS_001397,2026-03-21,PERSON_00426,PERSON_00386,PHONE_00629,bank alert
SMS_001398,2022-03-28,PERSON_00176,PERSON_00149,PHONE_00494,bank alert
SMS_001399,2022-06-21,PERSON_00281,PERSON_00400,PHONE_00166,travel
SMS_001400,2023-04-06,PERSON_00181,PERSON_00300,PHONE_00124,work
SMS_001401,2024-04-17,PERSON_00053,PERSON_00381,PHONE_00527,travel
SMS_001402,2023-07-24,PERSON_00092,PERSON_00276,PHONE_00648,delivery
SMS_001403,2024-05-07,PERSON_00165,PERSON_00091,PHONE_00584,work
SMS_001404,2025-01-23,PERSON_00138,PERSON_00099,PHONE_00320,routine
SMS_001405,2023-07-29,PERSON_00178,PERSON_00259,PHONE_00090,bank alert
SMS_001406,2021-12-30,PERSON_00141,PERSON_00331,PHONE_00528,work
SMS_001407,2026-03-11,PERSON_00220,PERSON_00178,PHONE_00503,routine
SMS_001408,2023-12-03,PERSON_00057,PERSON_00142,PHONE_00456,work
SMS_001409,2023-08-11,PERSON_00256,PERSON_00223,PHONE_00543,work
SMS_001410,2024-11-30,PERSON_00054,PERSON_00203,PHONE_00453,family
SMS_001411,2022-03-25,PERSON_00432,PERSON_00287,PHONE_00417,travel
SMS_001412,2025-11-29,PERSON_00212,PERSON_00157,PHONE_00576,work
SMS_001413,2021-12-31,PERSON_00135,PERSON_00383,PHONE_00564,family
SMS_001414,2021-01-13,PERSON_00427,PERSON_00223,PHONE_00216,family
SMS_001415,2025-04-04,PERSON_00192,PERSON_00343,PHONE_00423,routine
SMS_001416,2024-09-24,PERSON_00220,PERSON_00039,PHONE_00503,delivery
SMS_001417,2023-03-29,PERSON_00123,PERSON_00010,PHONE_00233,travel
SMS_001418,2023-03-28,PERSON_00114,PERSON_00246,PHONE_00216,routine
SMS_001419,2022-04-11,PERSON_00140,PERSON_00071,PHONE_00084,family
SMS_001420,2026-04-04,PERSON_00448,PERSON_00064,PHONE_00284,bank alert
SMS_001421,2024-09-11,PERSON_00411,PERSON_00049,PHONE_00054,work
SMS_001422,2025-01-23,PERSON_00182,PERSON_00402,PHONE_00627,family
SMS_001423,2021-04-24,PERSON_00165,PERSON_00065,PHONE_00584,appointment
SMS_001424,2023-08-03,PERSON_00345,PERSON_00309,PHONE_00105,bank alert
SMS_001425,2025-10-09,PERSON_00373,PERSON_00151,PHONE_00391,bank alert
SMS_001426,2021-06-16,PERSON_00255,PERSON_00060,PHONE_00292,work
SMS_001427,2023-12-31,PERSON_00094,PERSON_00364,PHONE_00044,bank alert
SMS_001428,2024-02-22,PERSON_00329,PERSON_00232,PHONE_00103,delivery
SMS_001429,2023-11-13,PERSON_00010,PERSON_00105,PHONE_00080,travel
SMS_001430,2022-09-07,PERSON_00226,PERSON_00093,PHONE_00458,work
SMS_001431,2024-04-21,PERSON_00218,PERSON_00007,PHONE_00081,routine
SMS_001432,2024-04-25,PERSON_00397,PERSON_00119,PHONE_00086,work
SMS_001433,2021-10-31,PERSON_00212,PERSON_00309,PHONE_00576,work
SMS_001434,2025-02-24,PERSON_00034,PERSON_00169,PHONE_00596,appointment
SMS_001435,2022-11-10,PERSON_00152,PERSON_00020,PHONE_00069,travel
SMS_001436,2024-10-15,PERSON_00124,PERSON_00266,PHONE_00503,bank alert
SMS_001437,2021-03-26,PERSON_00322,PERSON_00114,PHONE_00248,work
SMS_001438,2024-06-18,PERSON_00020,PERSON_00140,PHONE_00604,work
SMS_001439,2026-06-20,PERSON_00343,PERSON_00171,PHONE_00373,work
SMS_001440,2023-05-25,PERSON_00133,PERSON_00185,PHONE_00502,family
SMS_001441,2026-02-06,PERSON_00427,PERSON_00027,PHONE_00216,work
SMS_001442,2021-11-08,PERSON_00125,PERSON_00411,PHONE_00638,travel
SMS_001443,2024-07-25,PERSON_00352,PERSON_00072,PHONE_00417,delivery
SMS_001444,2025-05-05,PERSON_00064,PERSON_00016,PHONE_00164,family
SMS_001445,2021-08-04,PERSON_00073,PERSON_00225,PHONE_00619,routine
SMS_001446,2024-12-07,PERSON_00203,PERSON_00388,PHONE_00321,family
SMS_001447,2022-01-13,PERSON_00345,PERSON_00072,PHONE_00283,appointment
SMS_001448,2021-11-10,PERSON_00267,PERSON_00101,PHONE_00317,routine
SMS_001449,2021-07-16,PERSON_00184,PERSON_00192,PHONE_00496,bank alert
SMS_001450,2021-12-20,PERSON_00051,PERSON_00143,PHONE_00030,appointment
SMS_001451,2025-01-16,PERSON_00101,PERSON_00320,PHONE_00408,travel
SMS_001452,2025-04-05,PERSON_00280,PERSON_00196,PHONE_00163,family
SMS_001453,2025-04-01,PERSON_00032,PERSON_00148,PHONE_00446,work
SMS_001454,2025-03-30,PERSON_00045,PERSON_00139,PHONE_00559,work
SMS_001455,2023-02-02,PERSON_00391,PERSON_00237,PHONE_00199,delivery
SMS_001456,2022-06-14,PERSON_00353,PERSON_00031,PHONE_00394,work
SMS_001457,2026-05-18,PERSON_00360,PERSON_00130,PHONE_00467,routine
SMS_001458,2025-09-03,PERSON_00436,PERSON_00004,PHONE_00187,routine
SMS_001459,2021-11-14,PERSON_00064,PERSON_00016,PHONE_00164,family
SMS_001460,2024-12-18,PERSON_00374,PERSON_00143,PHONE_00616,work
SMS_001461,2023-12-07,PERSON_00188,PERSON_00177,PHONE_00613,bank alert
SMS_001462,2021-07-11,PERSON_00337,PERSON_00171,PHONE_00531,work
SMS_001463,2021-02-24,PERSON_00107,PERSON_00187,PHONE_00345,work
SMS_001464,2022-07-31,PERSON_00079,PERSON_00049,PHONE_00027,routine
SMS_001465,2021-09-13,PERSON_00125,PERSON_00096,PHONE_00638,delivery
SMS_001466,2023-03-16,PERSON_00053,PERSON_00025,PHONE_00527,family
SMS_001467,2025-07-30,PERSON_00375,PERSON_00372,PHONE_00334,routine
SMS_001468,2023-05-22,PERSON_00436,PERSON_00145,PHONE_00187,family
SMS_001469,2025-09-21,PERSON_00276,PERSON_00162,PHONE_00164,bank alert
SMS_001470,2026-01-30,PERSON_00274,PERSON_00078,PHONE_00065,bank alert
SMS_001471,2024-11-01,PERSON_00326,PERSON_00002,PHONE_00192,family
SMS_001472,2021-04-10,PERSON_00030,PERSON_00001,PHONE_00547,delivery
SMS_001473,2021-02-10,PERSON_00259,PERSON_00416,PHONE_00031,travel
SMS_001474,2026-04-13,PERSON_00188,PERSON_00102,PHONE_00613,work
SMS_001475,2022-07-22,PERSON_00094,PERSON_00268,PHONE_00044,bank alert
SMS_001476,2025-10-30,PERSON_00385,PERSON_00416,PHONE_00062,work
SMS_001477,2023-01-16,PERSON_00330,PERSON_00034,PHONE_00327,travel
SMS_001478,2024-03-07,PERSON_00221,PERSON_00167,PHONE_00007,bank alert
SMS_001479,2023-01-23,PERSON_00200,PERSON_00343,PHONE_00226,appointment
SMS_001480,2023-04-11,PERSON_00281,PERSON_00174,PHONE_00166,routine
SMS_001481,2026-03-18,PERSON_00287,PERSON_00043,PHONE_00091,appointment
SMS_001482,2021-04-13,PERSON_00154,PERSON_00068,PHONE_00642,work
SMS_001483,2024-11-20,PERSON_00409,PERSON_00046,PHONE_00302,delivery
SMS_001484,2022-05-26,PERSON_00184,PERSON_00360,PHONE_00496,delivery
SMS_001485,2022-05-04,PERSON_00420,PERSON_00043,PHONE_00143,travel
SMS_001486,2023-11-02,PERSON_00321,PERSON_00355,PHONE_00527,work
SMS_001487,2021-03-12,PERSON_00101,PERSON_00388,PHONE_00408,delivery
SMS_001488,2026-05-06,PERSON_00223,PERSON_00250,PHONE_00141,work
SMS_001489,2026-02-22,PERSON_00182,PERSON_00175,PHONE_00203,routine
SMS_001490,2024-04-25,PERSON_00269,PERSON_00346,PHONE_00583,family
SMS_001491,2026-04-29,PERSON_00427,PERSON_00236,PHONE_00216,delivery
SMS_001492,2022-05-23,PERSON_00410,PERSON_00045,PHONE_00355,family
SMS_001493,2021-04-30,PERSON_00265,PERSON_00225,PHONE_00198,family
SMS_001494,2023-06-15,PERSON_00056,PERSON_00280,PHONE_00086,work
SMS_001495,2021-08-23,PERSON_00142,PERSON_00308,PHONE_00465,work
SMS_001496,2023-08-16,PERSON_00210,PERSON_00017,PHONE_00514,family
SMS_001497,2026-02-24,PERSON_00009,PERSON_00221,PHONE_00339,bank alert
SMS_001498,2025-10-08,PERSON_00150,PERSON_00133,PHONE_00373,travel
SMS_001499,2022-04-22,PERSON_00413,PERSON_00395,PHONE_00379,appointment
SMS_001500,2021-01-12,PERSON_00413,PERSON_00199,PHONE_00379,travel
SMS_001501,2025-11-15,PERSON_00369,PERSON_00409,PHONE_00346,work
SMS_001502,2021-09-04,PERSON_00334,PERSON_00400,PHONE_00486,routine
SMS_001503,2025-02-14,PERSON_00394,PERSON_00040,PHONE_00032,work
SMS_001504,2025-03-26,PERSON_00130,PERSON_00370,PHONE_00086,delivery
SMS_001505,2022-05-14,PERSON_00072,PERSON_00287,PHONE_00140,delivery
SMS_001506,2024-06-20,PERSON_00362,PERSON_00385,PHONE_00545,family
SMS_001507,2025-07-07,PERSON_00036,PERSON_00143,PHONE_00024,travel
SMS_001508,2025-10-08,PERSON_00085,PERSON_00277,PHONE_00166,work
SMS_001509,2023-11-23,PERSON_00018,PERSON_00032,PHONE_00575,family
SMS_001510,2025-01-30,PERSON_00253,PERSON_00178,PHONE_00211,family
SMS_001511,2021-04-16,PERSON_00178,PERSON_00362,PHONE_00090,work
SMS_001512,2023-02-27,PERSON_00255,PERSON_00034,PHONE_00292,delivery
SMS_001513,2021-05-29,PERSON_00209,PERSON_00218,PHONE_00082,work
SMS_001514,2022-03-29,PERSON_00122,PERSON_00138,PHONE_00195,family
SMS_001515,2024-06-21,PERSON_00101,PERSON_00388,PHONE_00408,work
SMS_001516,2024-08-17,PERSON_00331,PERSON_00288,PHONE_00274,routine
SMS_001517,2024-05-14,PERSON_00288,PERSON_00169,PHONE_00397,routine
SMS_001518,2024-12-27,PERSON_00291,PERSON_00075,PHONE_00152,work
SMS_001519,2026-03-02,PERSON_00044,PERSON_00370,PHONE_00184,routine
SMS_001520,2024-05-02,PERSON_00068,PERSON_00433,PHONE_00385,family
SMS_001521,2024-12-03,PERSON_00090,PERSON_00063,PHONE_00406,family
SMS_001522,2021-03-06,PERSON_00426,PERSON_00050,PHONE_00629,delivery
SMS_001523,2025-09-13,PERSON_00388,PERSON_00445,PHONE_00497,delivery
SMS_001524,2021-01-04,PERSON_00287,PERSON_00402,PHONE_00091,work
SMS_001525,2025-10-26,PERSON_00044,PERSON_00161,PHONE_00184,delivery
SMS_001526,2021-06-17,PERSON_00401,PERSON_00002,PHONE_00593,work
SMS_001527,2026-04-28,PERSON_00036,PERSON_00429,PHONE_00024,work
SMS_001528,2024-10-12,PERSON_00415,PERSON_00313,PHONE_00079,travel
SMS_001529,2026-05-12,PERSON_00058,PERSON_00143,PHONE_00190,delivery
SMS_001530,2022-12-05,PERSON_00344,PERSON_00309,PHONE_00371,work
SMS_001531,2022-06-03,PERSON_00185,PERSON_00078,PHONE_00525,delivery
SMS_001532,2023-04-06,PERSON_00018,PERSON_00032,PHONE_00575,bank alert
SMS_001533,2025-04-15,PERSON_00396,PERSON_00022,PHONE_00627,bank alert
SMS_001534,2023-07-19,PERSON_00097,PERSON_00331,PHONE_00389,family
SMS_001535,2023-07-04,PERSON_00011,PERSON_00178,PHONE_00533,appointment
SMS_001536,2026-01-18,PERSON_00299,PERSON_00220,PHONE_00328,travel
SMS_001537,2021-06-20,PERSON_00094,PERSON_00268,PHONE_00219,family
SMS_001538,2025-01-22,PERSON_00058,PERSON_00003,PHONE_00584,delivery
SMS_001539,2024-10-01,PERSON_00175,PERSON_00336,PHONE_00524,travel
SMS_001540,2022-05-16,PERSON_00362,PERSON_00236,PHONE_00545,work
SMS_001541,2023-07-01,PERSON_00320,PERSON_00116,PHONE_00336,bank alert
SMS_001542,2023-05-01,PERSON_00353,PERSON_00031,PHONE_00394,work
SMS_001543,2023-07-21,PERSON_00402,PERSON_00205,PHONE_00114,family
SMS_001544,2021-12-07,PERSON_00358,PERSON_00107,PHONE_00452,work
SMS_001545,2024-08-05,PERSON_00388,PERSON_00370,PHONE_00497,routine
SMS_001546,2023-02-16,PERSON_00071,PERSON_00033,PHONE_00392,routine
SMS_001547,2023-04-08,PERSON_00033,PERSON_00105,PHONE_00048,bank alert
SMS_001548,2022-12-30,PERSON_00062,PERSON_00042,PHONE_00323,work
SMS_001549,2023-12-25,PERSON_00233,PERSON_00333,PHONE_00558,work
SMS_001550,2021-11-07,PERSON_00411,PERSON_00133,PHONE_00054,delivery
SMS_001551,2024-04-10,PERSON_00106,PERSON_00072,PHONE_00476,family
SMS_001552,2022-07-05,PERSON_00158,PERSON_00132,PHONE_00030,family
SMS_001553,2023-11-16,PERSON_00024,PERSON_00294,PHONE_00366,family
SMS_001554,2026-01-26,PERSON_00336,PERSON_00192,PHONE_00083,family
SMS_001555,2024-05-21,PERSON_00137,PERSON_00379,PHONE_00044,family
SMS_001556,2024-11-13,PERSON_00395,PERSON_00105,PHONE_00505,family
SMS_001557,2023-10-29,PERSON_00184,PERSON_00337,PHONE_00496,appointment
SMS_001558,2023-07-03,PERSON_00345,PERSON_00282,PHONE_00283,delivery
SMS_001559,2023-03-28,PERSON_00263,PERSON_00312,PHONE_00416,bank alert
SMS_001560,2025-01-14,PERSON_00370,PERSON_00229,PHONE_00438,appointment
SMS_001561,2021-10-17,PERSON_00311,PERSON_00016,PHONE_00472,work
SMS_001562,2023-08-01,PERSON_00118,PERSON_00127,PHONE_00094,work
SMS_001563,2024-01-09,PERSON_00366,PERSON_00081,PHONE_00615,family
SMS_001564,2021-07-18,PERSON_00114,PERSON_00246,PHONE_00216,work
SMS_001565,2021-11-06,PERSON_00024,PERSON_00177,PHONE_00366,delivery
SMS_001566,2025-06-04,PERSON_00070,PERSON_00159,PHONE_00183,delivery
SMS_001567,2024-04-02,PERSON_00290,PERSON_00105,PHONE_00384,family
SMS_001568,2021-11-22,PERSON_00275,PERSON_00274,PHONE_00576,routine
SMS_001569,2023-05-06,PERSON_00005,PERSON_00003,PHONE_00074,bank alert
SMS_001570,2022-12-22,PERSON_00135,PERSON_00344,PHONE_00564,routine
SMS_001571,2025-05-02,PERSON_00242,PERSON_00102,PHONE_00327,travel
SMS_001572,2022-05-12,PERSON_00363,PERSON_00256,PHONE_00407,work
SMS_001573,2023-06-02,PERSON_00284,PERSON_00430,PHONE_00359,work
SMS_001574,2023-01-05,PERSON_00448,PERSON_00143,PHONE_00284,delivery
SMS_001575,2022-10-23,PERSON_00268,PERSON_00332,PHONE_00365,travel
SMS_001576,2021-08-31,PERSON_00328,PERSON_00076,PHONE_00565,family
SMS_001577,2021-10-13,PERSON_00124,PERSON_00155,PHONE_00488,family
SMS_001578,2024-08-05,PERSON_00072,PERSON_00393,PHONE_00140,work
SMS_001579,2023-08-31,PERSON_00303,PERSON_00253,PHONE_00183,family
SMS_001580,2022-01-15,PERSON_00081,PERSON_00047,PHONE_00196,family
SMS_001581,2023-07-09,PERSON_00136,PERSON_00101,PHONE_00596,work
SMS_001582,2021-11-29,PERSON_00386,PERSON_00331,PHONE_00029,family
SMS_001583,2024-12-11,PERSON_00448,PERSON_00064,PHONE_00284,travel
SMS_001584,2022-07-18,PERSON_00236,PERSON_00001,PHONE_00097,routine
SMS_001585,2026-03-11,PERSON_00072,PERSON_00278,PHONE_00140,bank alert
SMS_001586,2022-04-09,PERSON_00007,PERSON_00248,PHONE_00394,work
SMS_001587,2022-09-17,PERSON_00019,PERSON_00089,PHONE_00216,work
SMS_001588,2025-09-11,PERSON_00295,PERSON_00236,PHONE_00327,work
SMS_001589,2023-09-21,PERSON_00173,PERSON_00430,PHONE_00529,routine
SMS_001590,2022-10-03,PERSON_00066,PERSON_00041,PHONE_00026,family
SMS_001591,2026-02-21,PERSON_00097,PERSON_00232,PHONE_00389,family
SMS_001592,2024-09-02,PERSON_00382,PERSON_00405,PHONE_00070,family
SMS_001593,2024-07-26,PERSON_00293,PERSON_00103,PHONE_00523,bank alert
SMS_001594,2023-01-27,PERSON_00112,PERSON_00078,PHONE_00309,work
SMS_001595,2023-07-16,PERSON_00016,PERSON_00150,PHONE_00555,family
SMS_001596,2025-12-16,PERSON_00411,PERSON_00133,PHONE_00054,work
SMS_001597,2023-11-10,PERSON_00269,PERSON_00322,PHONE_00583,travel
SMS_001598,2024-03-01,PERSON_00152,PERSON_00235,PHONE_00069,work
SMS_001599,2021-02-16,PERSON_00418,PERSON_00260,PHONE_00436,bank alert
SMS_001600,2025-11-19,PERSON_00360,PERSON_00031,PHONE_00467,family
SMS_001601,2026-06-11,PERSON_00024,PERSON_00177,PHONE_00366,delivery
SMS_001602,2022-05-10,PERSON_00300,PERSON_00393,PHONE_00060,work
SMS_001603,2021-02-27,PERSON_00173,PERSON_00009,PHONE_00529,work
SMS_001604,2025-03-01,PERSON_00201,PERSON_00082,PHONE_00390,delivery
SMS_001605,2022-02-14,PERSON_00321,PERSON_00260,PHONE_00527,work
SMS_001606,2023-11-24,PERSON_00011,PERSON_00057,PHONE_00533,travel
SMS_001607,2025-11-29,PERSON_00171,PERSON_00055,PHONE_00471,work
SMS_001608,2021-01-31,PERSON_00088,PERSON_00142,PHONE_00210,travel
SMS_001609,2025-07-26,PERSON_00146,PERSON_00254,PHONE_00300,travel
SMS_001610,2023-12-18,PERSON_00150,PERSON_00188,PHONE_00373,delivery
SMS_001611,2023-05-10,PERSON_00331,PERSON_00288,PHONE_00518,routine
SMS_001612,2024-12-03,PERSON_00261,PERSON_00319,PHONE_00650,routine
SMS_001613,2025-05-08,PERSON_00165,PERSON_00398,PHONE_00584,family
SMS_001614,2023-02-14,PERSON_00400,PERSON_00179,PHONE_00172,routine
SMS_001615,2022-03-20,PERSON_00165,PERSON_00400,PHONE_00584,delivery
SMS_001616,2024-05-02,PERSON_00157,PERSON_00426,PHONE_00254,delivery
SMS_001617,2024-06-05,PERSON_00432,PERSON_00287,PHONE_00417,delivery
SMS_001618,2024-08-05,PERSON_00431,PERSON_00191,PHONE_00375,work
SMS_001619,2023-02-24,PERSON_00378,PERSON_00223,PHONE_00464,bank alert
SMS_001620,2024-05-10,PERSON_00299,PERSON_00053,PHONE_00328,family
SMS_001621,2024-06-05,PERSON_00049,PERSON_00095,PHONE_00538,bank alert
SMS_001622,2021-07-13,PERSON_00073,PERSON_00356,PHONE_00484,travel
SMS_001623,2025-06-28,PERSON_00069,PERSON_00061,PHONE_00251,travel
SMS_001624,2025-11-03,PERSON_00010,PERSON_00015,PHONE_00080,family
SMS_001625,2023-03-07,PERSON_00146,PERSON_00281,PHONE_00300,delivery
SMS_001626,2026-05-04,PERSON_00436,PERSON_00363,PHONE_00187,family
SMS_001627,2024-12-24,PERSON_00149,PERSON_00393,PHONE_00320,family
SMS_001628,2022-08-18,PERSON_00012,PERSON_00068,PHONE_00623,travel
SMS_001629,2023-06-11,PERSON_00170,PERSON_00284,PHONE_00152,family
SMS_001630,2026-05-16,PERSON_00049,PERSON_00157,PHONE_00176,appointment
SMS_001631,2024-01-25,PERSON_00300,PERSON_00176,PHONE_00060,work
SMS_001632,2026-03-18,PERSON_00070,PERSON_00059,PHONE_00183,delivery
SMS_001633,2023-12-28,PERSON_00185,PERSON_00360,PHONE_00525,appointment
SMS_001634,2024-02-19,PERSON_00333,PERSON_00425,PHONE_00394,appointment
SMS_001635,2023-07-06,PERSON_00375,PERSON_00272,PHONE_00334,family
SMS_001636,2026-05-07,PERSON_00213,PERSON_00058,PHONE_00042,routine
SMS_001637,2026-03-14,PERSON_00191,PERSON_00323,PHONE_00585,work
SMS_001638,2024-03-08,PERSON_00363,PERSON_00145,PHONE_00407,work
SMS_001639,2026-02-28,PERSON_00287,PERSON_00215,PHONE_00091,work
SMS_001640,2024-10-21,PERSON_00165,PERSON_00126,PHONE_00584,family
SMS_001641,2026-06-07,PERSON_00387,PERSON_00322,PHONE_00608,work
SMS_001642,2023-01-15,PERSON_00288,PERSON_00147,PHONE_00397,delivery
SMS_001643,2025-05-30,PERSON_00257,PERSON_00222,PHONE_00540,delivery
SMS_001644,2021-12-25,PERSON_00345,PERSON_00405,PHONE_00283,bank alert
SMS_001645,2022-01-24,PERSON_00322,PERSON_00186,PHONE_00403,family
SMS_001646,2022-04-01,PERSON_00188,PERSON_00429,PHONE_00613,bank alert
SMS_001647,2025-08-25,PERSON_00030,PERSON_00251,PHONE_00547,work
SMS_001648,2024-11-09,PERSON_00107,PERSON_00035,PHONE_00345,work
SMS_001649,2023-01-17,PERSON_00071,PERSON_00449,PHONE_00392,family
SMS_001650,2023-10-18,PERSON_00311,PERSON_00011,PHONE_00472,family
SMS_001651,2025-07-10,PERSON_00124,PERSON_00266,PHONE_00488,appointment
SMS_001652,2022-03-26,PERSON_00300,PERSON_00072,PHONE_00060,work
SMS_001653,2023-11-23,PERSON_00230,PERSON_00023,PHONE_00138,bank alert
SMS_001654,2023-05-20,PERSON_00152,PERSON_00284,PHONE_00069,delivery
SMS_001655,2022-01-17,PERSON_00358,PERSON_00107,PHONE_00452,routine
SMS_001656,2022-04-12,PERSON_00229,PERSON_00069,PHONE_00325,appointment
SMS_001657,2021-03-22,PERSON_00225,PERSON_00072,PHONE_00274,family
SMS_001658,2022-03-22,PERSON_00426,PERSON_00050,PHONE_00629,appointment
SMS_001659,2021-10-30,PERSON_00070,PERSON_00059,PHONE_00175,family
SMS_001660,2026-04-13,PERSON_00052,PERSON_00333,PHONE_00582,family
SMS_001661,2025-01-01,PERSON_00053,PERSON_00381,PHONE_00527,delivery
SMS_001662,2024-03-22,PERSON_00343,PERSON_00171,PHONE_00373,work
SMS_001663,2024-08-27,PERSON_00192,PERSON_00184,PHONE_00423,routine
SMS_001664,2023-04-24,PERSON_00136,PERSON_00213,PHONE_00596,bank alert
SMS_001665,2022-09-17,PERSON_00430,PERSON_00020,PHONE_00434,travel
SMS_001666,2022-09-26,PERSON_00175,PERSON_00336,PHONE_00524,family
SMS_001667,2022-07-12,PERSON_00004,PERSON_00142,PHONE_00536,travel
SMS_001668,2022-04-21,PERSON_00040,PERSON_00394,PHONE_00208,routine
SMS_001669,2025-03-13,PERSON_00351,PERSON_00090,PHONE_00260,work
SMS_001670,2025-08-15,PERSON_00145,PERSON_00250,PHONE_00019,bank alert
SMS_001671,2023-01-20,PERSON_00173,PERSON_00012,PHONE_00529,family
SMS_001672,2026-03-28,PERSON_00029,PERSON_00024,PHONE_00325,delivery
SMS_001673,2022-12-22,PERSON_00445,PERSON_00337,PHONE_00315,work
SMS_001674,2025-09-12,PERSON_00439,PERSON_00341,PHONE_00646,routine
SMS_001675,2021-05-01,PERSON_00386,PERSON_00201,PHONE_00029,routine
SMS_001676,2024-04-01,PERSON_00250,PERSON_00400,PHONE_00114,delivery
SMS_001677,2022-10-21,PERSON_00259,PERSON_00070,PHONE_00031,family
SMS_001678,2021-08-15,PERSON_00237,PERSON_00010,PHONE_00106,routine
SMS_001679,2022-08-14,PERSON_00064,PERSON_00016,PHONE_00164,family
SMS_001680,2021-02-24,PERSON_00064,PERSON_00016,PHONE_00164,travel
SMS_001681,2023-07-09,PERSON_00347,PERSON_00287,PHONE_00161,work
SMS_001682,2021-01-22,PERSON_00011,PERSON_00407,PHONE_00533,bank alert
SMS_001683,2023-07-01,PERSON_00256,PERSON_00250,PHONE_00543,family
SMS_001684,2021-04-06,PERSON_00322,PERSON_00105,PHONE_00248,bank alert
SMS_001685,2021-09-30,PERSON_00358,PERSON_00107,PHONE_00452,family
SMS_001686,2025-08-28,PERSON_00082,PERSON_00071,PHONE_00428,family
SMS_001687,2021-01-14,PERSON_00227,PERSON_00236,PHONE_00251,travel
SMS_001688,2026-03-18,PERSON_00406,PERSON_00141,PHONE_00478,travel
SMS_001689,2023-04-14,PERSON_00146,PERSON_00135,PHONE_00300,family
SMS_001690,2022-09-22,PERSON_00344,PERSON_00146,PHONE_00371,work
SMS_001691,2026-02-14,PERSON_00202,PERSON_00078,PHONE_00648,family
SMS_001692,2023-06-18,PERSON_00173,PERSON_00176,PHONE_00529,family
SMS_001693,2025-08-04,PERSON_00133,PERSON_00016,PHONE_00502,travel
SMS_001694,2025-09-15,PERSON_00390,PERSON_00133,PHONE_00577,delivery
SMS_001695,2025-09-28,PERSON_00306,PERSON_00044,PHONE_00117,bank alert
SMS_001696,2021-07-22,PERSON_00185,PERSON_00028,PHONE_00525,work
SMS_001697,2026-03-31,PERSON_00281,PERSON_00179,PHONE_00166,travel
SMS_001698,2025-04-06,PERSON_00219,PERSON_00276,PHONE_00476,work
SMS_001699,2025-06-16,PERSON_00184,PERSON_00192,PHONE_00496,family
SMS_001700,2022-06-06,PERSON_00300,PERSON_00393,PHONE_00060,travel
SMS_001701,2023-02-01,PERSON_00263,PERSON_00167,PHONE_00416,work
SMS_001702,2025-02-09,PERSON_00063,PERSON_00100,PHONE_00179,work
SMS_001703,2021-02-15,PERSON_00320,PERSON_00219,PHONE_00336,work
SMS_001704,2021-07-19,PERSON_00430,PERSON_00004,PHONE_00076,work
SMS_001705,2023-11-17,PERSON_00395,PERSON_00313,PHONE_00354,bank alert
SMS_001706,2022-01-24,PERSON_00444,PERSON_00255,PHONE_00153,work
SMS_001707,2024-09-24,PERSON_00382,PERSON_00182,PHONE_00070,routine
SMS_001708,2022-12-14,PERSON_00239,PERSON_00034,PHONE_00370,family
SMS_001709,2024-01-31,PERSON_00184,PERSON_00043,PHONE_00496,family
SMS_001710,2025-06-07,PERSON_00010,PERSON_00290,PHONE_00080,work
SMS_001711,2021-10-13,PERSON_00048,PERSON_00116,PHONE_00116,work
SMS_001712,2024-02-19,PERSON_00060,PERSON_00157,PHONE_00630,work
SMS_001713,2026-03-21,PERSON_00236,PERSON_00376,PHONE_00097,travel
SMS_001714,2022-08-01,PERSON_00204,PERSON_00356,PHONE_00183,family
SMS_001715,2023-01-03,PERSON_00271,PERSON_00179,PHONE_00350,bank alert
SMS_001716,2023-09-16,PERSON_00217,PERSON_00325,PHONE_00514,work
SMS_001717,2025-06-05,PERSON_00052,PERSON_00204,PHONE_00582,appointment
SMS_001718,2022-03-24,PERSON_00137,PERSON_00144,PHONE_00044,travel
SMS_001719,2023-07-20,PERSON_00153,PERSON_00061,PHONE_00170,family
SMS_001720,2022-06-16,PERSON_00344,PERSON_00386,PHONE_00371,delivery
SMS_001721,2025-09-24,PERSON_00312,PERSON_00051,PHONE_00076,routine
SMS_001722,2024-03-19,PERSON_00201,PERSON_00081,PHONE_00390,work
SMS_001723,2021-07-29,PERSON_00173,PERSON_00155,PHONE_00529,bank alert
SMS_001724,2022-02-23,PERSON_00227,PERSON_00068,PHONE_00130,routine
SMS_001725,2023-04-15,PERSON_00125,PERSON_00411,PHONE_00638,work
SMS_001726,2026-04-30,PERSON_00218,PERSON_00007,PHONE_00081,travel
SMS_001727,2026-02-10,PERSON_00388,PERSON_00445,PHONE_00497,family
SMS_001728,2026-03-26,PERSON_00145,PERSON_00236,PHONE_00019,work
SMS_001729,2024-07-10,PERSON_00379,PERSON_00009,PHONE_00443,work
SMS_001730,2022-05-27,PERSON_00029,PERSON_00024,PHONE_00325,bank alert
SMS_001731,2025-01-25,PERSON_00202,PERSON_00125,PHONE_00648,work
SMS_001732,2022-12-30,PERSON_00390,PERSON_00133,PHONE_00577,work
SMS_001733,2021-03-10,PERSON_00328,PERSON_00076,PHONE_00565,family
SMS_001734,2024-07-31,PERSON_00319,PERSON_00025,PHONE_00383,travel
SMS_001735,2022-11-14,PERSON_00449,PERSON_00222,PHONE_00371,family
SMS_001736,2022-01-05,PERSON_00181,PERSON_00153,PHONE_00269,work
SMS_001737,2022-02-01,PERSON_00444,PERSON_00309,PHONE_00153,work
SMS_001738,2025-06-11,PERSON_00213,PERSON_00344,PHONE_00350,family
SMS_001739,2026-04-01,PERSON_00397,PERSON_00119,PHONE_00370,bank alert
SMS_001740,2024-05-02,PERSON_00364,PERSON_00199,PHONE_00019,travel
SMS_001741,2024-03-28,PERSON_00250,PERSON_00433,PHONE_00114,routine
SMS_001742,2025-12-31,PERSON_00259,PERSON_00190,PHONE_00031,family
SMS_001743,2024-11-30,PERSON_00050,PERSON_00212,PHONE_00378,bank alert
SMS_001744,2024-10-16,PERSON_00204,PERSON_00169,PHONE_00183,work
SMS_001745,2023-04-17,PERSON_00068,PERSON_00250,PHONE_00146,travel
SMS_001746,2021-03-02,PERSON_00178,PERSON_00259,PHONE_00090,bank alert
SMS_001747,2025-01-29,PERSON_00448,PERSON_00064,PHONE_00284,family
SMS_001748,2021-12-19,PERSON_00246,PERSON_00236,PHONE_00569,family
SMS_001749,2022-03-18,PERSON_00411,PERSON_00049,PHONE_00054,travel
SMS_001750,2021-03-25,PERSON_00418,PERSON_00260,PHONE_00436,routine
SMS_001751,2025-04-07,PERSON_00157,PERSON_00067,PHONE_00232,work
SMS_001752,2023-10-24,PERSON_00073,PERSON_00415,PHONE_00619,delivery
SMS_001753,2023-12-22,PERSON_00184,PERSON_00343,PHONE_00164,work
SMS_001754,2025-02-24,PERSON_00257,PERSON_00087,PHONE_00540,travel
SMS_001755,2023-09-09,PERSON_00150,PERSON_00045,PHONE_00373,delivery
SMS_001756,2021-05-29,PERSON_00090,PERSON_00173,PHONE_00406,travel
SMS_001757,2021-11-20,PERSON_00359,PERSON_00205,PHONE_00636,work
SMS_001758,2022-04-03,PERSON_00428,PERSON_00141,PHONE_00029,appointment
SMS_001759,2022-09-14,PERSON_00066,PERSON_00122,PHONE_00026,bank alert
SMS_001760,2022-11-13,PERSON_00176,PERSON_00149,PHONE_00494,travel
SMS_001761,2026-05-11,PERSON_00139,PERSON_00045,PHONE_00021,work
SMS_001762,2025-06-10,PERSON_00322,PERSON_00281,PHONE_00248,bank alert
SMS_001763,2023-07-12,PERSON_00262,PERSON_00252,PHONE_00343,travel
SMS_001764,2025-04-26,PERSON_00262,PERSON_00250,PHONE_00343,appointment
SMS_001765,2022-02-10,PERSON_00313,PERSON_00223,PHONE_00250,bank alert
SMS_001766,2023-12-29,PERSON_00008,PERSON_00285,PHONE_00024,family
SMS_001767,2023-02-12,PERSON_00336,PERSON_00279,PHONE_00083,bank alert
SMS_001768,2022-10-06,PERSON_00279,PERSON_00184,PHONE_00329,work
SMS_001769,2025-03-06,PERSON_00360,PERSON_00130,PHONE_00467,travel
SMS_001770,2022-01-09,PERSON_00091,PERSON_00449,PHONE_00412,routine
SMS_001771,2021-01-01,PERSON_00146,PERSON_00383,PHONE_00300,delivery
SMS_001772,2024-08-21,PERSON_00129,PERSON_00329,PHONE_00468,work
SMS_001773,2021-12-12,PERSON_00306,PERSON_00043,PHONE_00117,appointment
SMS_001774,2024-02-12,PERSON_00212,PERSON_00329,PHONE_00576,work
SMS_001775,2023-08-23,PERSON_00028,PERSON_00360,PHONE_00399,routine
SMS_001776,2025-04-04,PERSON_00133,PERSON_00016,PHONE_00502,work
SMS_001777,2025-07-22,PERSON_00322,PERSON_00281,PHONE_00248,family
SMS_001778,2022-10-30,PERSON_00373,PERSON_00252,PHONE_00391,family
SMS_001779,2023-11-20,PERSON_00082,PERSON_00065,PHONE_00428,work
SMS_001780,2025-05-10,PERSON_00385,PERSON_00178,PHONE_00062,work
SMS_001781,2025-12-27,PERSON_00175,PERSON_00181,PHONE_00524,routine
SMS_001782,2021-05-04,PERSON_00107,PERSON_00387,PHONE_00345,bank alert
SMS_001783,2024-09-29,PERSON_00363,PERSON_00142,PHONE_00407,work
SMS_001784,2021-09-06,PERSON_00026,PERSON_00126,PHONE_00090,work
SMS_001785,2025-10-24,PERSON_00180,PERSON_00030,PHONE_00338,delivery
SMS_001786,2025-04-29,PERSON_00346,PERSON_00179,PHONE_00345,work
SMS_001787,2025-03-17,PERSON_00082,PERSON_00071,PHONE_00428,work
SMS_001788,2022-06-03,PERSON_00270,PERSON_00008,PHONE_00030,bank alert
SMS_001789,2022-09-02,PERSON_00010,PERSON_00346,PHONE_00080,work
SMS_001790,2023-06-06,PERSON_00259,PERSON_00416,PHONE_00031,work
SMS_001791,2024-09-05,PERSON_00163,PERSON_00243,PHONE_00323,routine
SMS_001792,2025-10-20,PERSON_00155,PERSON_00025,PHONE_00573,family
SMS_001793,2024-01-04,PERSON_00163,PERSON_00069,PHONE_00323,work
SMS_001794,2022-08-11,PERSON_00076,PERSON_00360,PHONE_00504,delivery
SMS_001795,2023-08-07,PERSON_00185,PERSON_00231,PHONE_00525,work
SMS_001796,2025-10-27,PERSON_00053,PERSON_00025,PHONE_00527,travel
SMS_001797,2022-12-06,PERSON_00411,PERSON_00374,PHONE_00054,routine
SMS_001798,2025-06-22,PERSON_00066,PERSON_00122,PHONE_00026,bank alert
SMS_001799,2022-01-25,PERSON_00286,PERSON_00261,PHONE_00091,routine
SMS_001800,2021-12-11,PERSON_00362,PERSON_00021,PHONE_00545,work
SMS_001801,2026-05-13,PERSON_00436,PERSON_00094,PHONE_00187,routine
SMS_001802,2023-12-09,PERSON_00314,PERSON_00110,PHONE_00104,bank alert
SMS_001803,2024-08-14,PERSON_00195,PERSON_00125,PHONE_00280,travel
SMS_001804,2022-03-19,PERSON_00387,PERSON_00012,PHONE_00608,travel
SMS_001805,2021-05-24,PERSON_00363,PERSON_00227,PHONE_00407,routine
SMS_001806,2026-04-14,PERSON_00137,PERSON_00148,PHONE_00044,family
SMS_001807,2023-09-15,PERSON_00229,PERSON_00057,PHONE_00325,routine
SMS_001808,2024-04-05,PERSON_00328,PERSON_00122,PHONE_00565,travel
SMS_001809,2021-12-04,PERSON_00036,PERSON_00429,PHONE_00024,work
SMS_001810,2025-06-26,PERSON_00426,PERSON_00025,PHONE_00629,bank alert
SMS_001811,2021-09-15,PERSON_00403,PERSON_00416,PHONE_00199,travel
SMS_001812,2026-06-28,PERSON_00377,PERSON_00307,PHONE_00199,family
SMS_001813,2022-08-17,PERSON_00293,PERSON_00375,PHONE_00390,work
SMS_001814,2022-10-28,PERSON_00082,PERSON_00010,PHONE_00428,work
SMS_001815,2025-04-20,PERSON_00360,PERSON_00028,PHONE_00467,travel
SMS_001816,2026-04-01,PERSON_00206,PERSON_00101,PHONE_00496,family
SMS_001817,2025-02-18,PERSON_00333,PERSON_00082,PHONE_00394,delivery
SMS_001818,2024-12-26,PERSON_00173,PERSON_00012,PHONE_00529,delivery
SMS_001819,2023-06-20,PERSON_00165,PERSON_00400,PHONE_00584,delivery
SMS_001820,2024-10-11,PERSON_00188,PERSON_00064,PHONE_00613,bank alert
SMS_001821,2026-01-30,PERSON_00315,PERSON_00068,PHONE_00218,delivery
SMS_001822,2023-10-07,PERSON_00150,PERSON_00045,PHONE_00373,work
SMS_001823,2025-02-02,PERSON_00173,PERSON_00281,PHONE_00529,travel
SMS_001824,2023-10-08,PERSON_00170,PERSON_00284,PHONE_00152,appointment
SMS_001825,2023-03-08,PERSON_00279,PERSON_00184,PHONE_00329,appointment
SMS_001826,2023-05-23,PERSON_00431,PERSON_00191,PHONE_00375,bank alert
SMS_001827,2023-04-07,PERSON_00262,PERSON_00112,PHONE_00343,bank alert
SMS_001828,2024-02-28,PERSON_00130,PERSON_00152,PHONE_00086,family
SMS_001829,2026-02-03,PERSON_00178,PERSON_00362,PHONE_00090,family
SMS_001830,2021-03-07,PERSON_00386,PERSON_00053,PHONE_00029,appointment
SMS_001831,2022-09-26,PERSON_00053,PERSON_00230,PHONE_00527,travel
SMS_001832,2023-10-09,PERSON_00146,PERSON_00135,PHONE_00300,family
SMS_001833,2021-04-30,PERSON_00409,PERSON_00164,PHONE_00302,family
SMS_001834,2024-11-15,PERSON_00184,PERSON_00192,PHONE_00164,family
SMS_001835,2022-05-20,PERSON_00150,PERSON_00188,PHONE_00373,appointment
SMS_001836,2024-01-01,PERSON_00376,PERSON_00256,PHONE_00109,work
SMS_001837,2022-08-15,PERSON_00243,PERSON_00320,PHONE_00148,delivery
SMS_001838,2023-05-09,PERSON_00304,PERSON_00211,PHONE_00606,work
SMS_001839,2023-01-30,PERSON_00188,PERSON_00429,PHONE_00613,work
SMS_001840,2024-08-11,PERSON_00372,PERSON_00346,PHONE_00177,work
SMS_001841,2023-11-21,PERSON_00333,PERSON_00091,PHONE_00394,delivery
SMS_001842,2021-02-03,PERSON_00376,PERSON_00341,PHONE_00109,appointment
SMS_001843,2024-07-01,PERSON_00306,PERSON_00279,PHONE_00117,bank alert
SMS_001844,2022-08-23,PERSON_00152,PERSON_00020,PHONE_00069,bank alert
SMS_001845,2024-10-24,PERSON_00400,PERSON_00391,PHONE_00172,work
SMS_001846,2025-04-28,PERSON_00168,PERSON_00070,PHONE_00158,bank alert
SMS_001847,2024-07-13,PERSON_00113,PERSON_00079,PHONE_00054,bank alert
SMS_001848,2023-10-02,PERSON_00145,PERSON_00131,PHONE_00019,work
SMS_001849,2023-02-24,PERSON_00334,PERSON_00400,PHONE_00486,routine
SMS_001850,2022-06-20,PERSON_00284,PERSON_00320,PHONE_00299,family
SMS_001851,2023-07-01,PERSON_00060,PERSON_00071,PHONE_00630,bank alert
SMS_001852,2025-06-10,PERSON_00408,PERSON_00220,PHONE_00359,travel
SMS_001853,2024-06-11,PERSON_00256,PERSON_00250,PHONE_00543,delivery
SMS_001854,2022-10-23,PERSON_00237,PERSON_00244,PHONE_00106,family
SMS_001855,2024-06-01,PERSON_00170,PERSON_00060,PHONE_00152,travel
SMS_001856,2021-01-02,PERSON_00323,PERSON_00431,PHONE_00086,routine
SMS_001857,2025-12-06,PERSON_00264,PERSON_00045,PHONE_00515,bank alert
SMS_001858,2024-12-20,PERSON_00070,PERSON_00139,PHONE_00183,work
SMS_001859,2021-10-22,PERSON_00288,PERSON_00147,PHONE_00397,work
SMS_001860,2024-02-20,PERSON_00179,PERSON_00237,PHONE_00441,bank alert
SMS_001861,2025-07-05,PERSON_00081,PERSON_00097,PHONE_00196,routine
SMS_001862,2026-06-17,PERSON_00363,PERSON_00085,PHONE_00407,family
SMS_001863,2021-05-24,PERSON_00284,PERSON_00168,PHONE_00299,appointment
SMS_001864,2023-03-27,PERSON_00036,PERSON_00052,PHONE_00024,bank alert
SMS_001865,2021-08-05,PERSON_00064,PERSON_00150,PHONE_00164,delivery
SMS_001866,2022-03-12,PERSON_00188,PERSON_00102,PHONE_00613,routine
SMS_001867,2025-10-06,PERSON_00279,PERSON_00306,PHONE_00329,travel
SMS_001868,2021-02-26,PERSON_00279,PERSON_00360,PHONE_00329,bank alert
SMS_001869,2025-03-10,PERSON_00367,PERSON_00193,PHONE_00633,delivery
SMS_001870,2024-03-12,PERSON_00151,PERSON_00275,PHONE_00100,travel
SMS_001871,2023-05-06,PERSON_00144,PERSON_00221,PHONE_00195,family
SMS_001872,2022-09-23,PERSON_00111,PERSON_00182,PHONE_00086,travel
SMS_001873,2023-11-04,PERSON_00127,PERSON_00120,PHONE_00292,bank alert
SMS_001874,2023-10-03,PERSON_00173,PERSON_00072,PHONE_00529,work
SMS_001875,2023-03-21,PERSON_00279,PERSON_00071,PHONE_00329,family
SMS_001876,2023-08-11,PERSON_00016,PERSON_00166,PHONE_00555,work
SMS_001877,2025-09-24,PERSON_00063,PERSON_00100,PHONE_00179,family
SMS_001878,2021-05-26,PERSON_00402,PERSON_00434,PHONE_00114,routine
SMS_001879,2023-11-26,PERSON_00001,PERSON_00093,PHONE_00232,work
SMS_001880,2022-11-06,PERSON_00314,PERSON_00246,PHONE_00104,delivery
SMS_001881,2024-06-07,PERSON_00178,PERSON_00259,PHONE_00090,family
SMS_001882,2022-06-25,PERSON_00060,PERSON_00157,PHONE_00001,appointment
SMS_001883,2022-06-20,PERSON_00449,PERSON_00126,PHONE_00371,family
SMS_001884,2025-04-13,PERSON_00445,PERSON_00337,PHONE_00315,bank alert
SMS_001885,2022-03-10,PERSON_00023,PERSON_00091,PHONE_00375,work
SMS_001886,2021-08-09,PERSON_00105,PERSON_00269,PHONE_00106,appointment
SMS_001887,2025-08-17,PERSON_00140,PERSON_00071,PHONE_00594,delivery
SMS_001888,2023-01-15,PERSON_00090,PERSON_00121,PHONE_00406,delivery
SMS_001889,2025-06-19,PERSON_00322,PERSON_00186,PHONE_00248,family
SMS_001890,2023-02-28,PERSON_00186,PERSON_00148,PHONE_00215,work
SMS_001891,2023-10-23,PERSON_00430,PERSON_00020,PHONE_00076,bank alert
SMS_001892,2022-07-14,PERSON_00425,PERSON_00082,PHONE_00152,work
SMS_001893,2023-08-25,PERSON_00360,PERSON_00343,PHONE_00467,bank alert
SMS_001894,2026-02-22,PERSON_00048,PERSON_00116,PHONE_00455,bank alert
SMS_001895,2022-08-21,PERSON_00322,PERSON_00246,PHONE_00248,appointment
SMS_001896,2025-08-04,PERSON_00097,PERSON_00309,PHONE_00389,work
SMS_001897,2026-06-19,PERSON_00402,PERSON_00149,PHONE_00228,family
SMS_001898,2025-08-07,PERSON_00012,PERSON_00376,PHONE_00623,delivery
SMS_001899,2024-01-23,PERSON_00205,PERSON_00064,PHONE_00648,bank alert
SMS_001900,2025-10-08,PERSON_00385,PERSON_00057,PHONE_00062,travel
SMS_001901,2022-06-02,PERSON_00135,PERSON_00290,PHONE_00564,meeting
SMS_001902,2022-08-25,PERSON_00169,PERSON_00415,PHONE_00042,meeting
SMS_001903,2021-12-23,PERSON_00329,PERSON_00025,PHONE_00635,meeting
SMS_001904,2026-01-14,PERSON_00385,PERSON_00259,PHONE_00062,cover story
SMS_001905,2023-01-16,PERSON_00345,PERSON_00182,PHONE_00105,meeting
SMS_001906,2022-04-28,PERSON_00091,PERSON_00449,PHONE_00612,payment
SMS_001907,2025-01-27,PERSON_00150,PERSON_00411,PHONE_00373,cover story
SMS_001908,2026-04-22,PERSON_00337,PERSON_00043,PHONE_00531,meeting
SMS_001909,2024-02-01,PERSON_00126,PERSON_00065,PHONE_00268,delivery
SMS_001910,2023-05-19,PERSON_00025,PERSON_00309,PHONE_00169,meeting
SMS_001911,2024-06-01,PERSON_00154,PERSON_00227,PHONE_00642,meeting
SMS_001912,2023-01-05,PERSON_00072,PERSON_00287,PHONE_00140,meeting
SMS_001913,2022-03-25,PERSON_00186,PERSON_00173,PHONE_00398,meeting
SMS_001914,2024-07-23,PERSON_00152,PERSON_00445,PHONE_00069,travel
SMS_001915,2023-03-29,PERSON_00154,PERSON_00281,PHONE_00642,delivery
SMS_001916,2022-02-10,PERSON_00438,PERSON_00181,PHONE_00435,delivery
SMS_001917,2022-01-29,PERSON_00060,PERSON_00386,PHONE_00630,meeting
SMS_001918,2021-04-20,PERSON_00064,PERSON_00188,PHONE_00164,payment
SMS_001919,2022-03-20,PERSON_00237,PERSON_00179,PHONE_00106,payment
SMS_001920,2025-10-18,PERSON_00050,PERSON_00444,PHONE_00378,meeting
SMS_001921,2025-04-20,PERSON_00237,PERSON_00269,PHONE_00106,delivery
SMS_001922,2025-07-24,PERSON_00281,PERSON_00072,PHONE_00166,payment
SMS_001923,2025-02-22,PERSON_00148,PERSON_00009,PHONE_00407,delivery
SMS_001924,2025-12-24,PERSON_00345,PERSON_00402,PHONE_00283,delivery
SMS_001925,2022-04-02,PERSON_00337,PERSON_00360,PHONE_00531,travel
SMS_001926,2022-01-12,PERSON_00101,PERSON_00163,PHONE_00408,delivery
SMS_001927,2024-08-02,PERSON_00281,PERSON_00072,PHONE_00166,payment
SMS_001928,2021-07-25,PERSON_00020,PERSON_00004,PHONE_00604,meeting
SMS_001929,2021-12-12,PERSON_00064,PERSON_00102,PHONE_00164,payment
SMS_001930,2021-12-27,PERSON_00256,PERSON_00436,PHONE_00543,delivery
SMS_001931,2025-11-24,PERSON_00383,PERSON_00346,PHONE_00028,delivery
SMS_001932,2021-11-02,PERSON_00221,PERSON_00034,PHONE_00007,payment
SMS_001933,2022-10-16,PERSON_00034,PERSON_00032,PHONE_00596,delivery
SMS_001934,2024-02-12,PERSON_00306,PERSON_00343,PHONE_00117,cover story
SMS_001935,2023-01-09,PERSON_00179,PERSON_00237,PHONE_00441,cover story
SMS_001936,2026-01-16,PERSON_00212,PERSON_00314,PHONE_00576,meeting
SMS_001937,2021-04-29,PERSON_00306,PERSON_00028,PHONE_00117,travel
SMS_001938,2024-07-31,PERSON_00444,PERSON_00015,PHONE_00118,cover story
SMS_001939,2023-11-11,PERSON_00034,PERSON_00151,PHONE_00596,meeting
SMS_001940,2023-04-05,PERSON_00281,PERSON_00173,PHONE_00166,meeting
SMS_001941,2026-02-19,PERSON_00076,PERSON_00360,PHONE_00504,cover story
SMS_001942,2021-01-22,PERSON_00010,PERSON_00146,PHONE_00080,meeting
SMS_001943,2024-08-16,PERSON_00173,PERSON_00281,PHONE_00529,cover story
SMS_001944,2025-05-11,PERSON_00163,PERSON_00430,PHONE_00251,travel
SMS_001945,2022-03-02,PERSON_00362,PERSON_00178,PHONE_00545,payment
SMS_001946,2026-01-20,PERSON_00343,PERSON_00171,PHONE_00373,cover story
SMS_001947,2024-07-22,PERSON_00283,PERSON_00391,PHONE_00072,payment
SMS_001948,2024-04-14,PERSON_00236,PERSON_00227,PHONE_00097,delivery
SMS_001949,2022-09-24,PERSON_00331,PERSON_00394,PHONE_00274,cover story
SMS_001950,2023-08-31,PERSON_00322,PERSON_00033,PHONE_00248,cover story
SMS_001951,2024-06-07,PERSON_00149,PERSON_00282,PHONE_00320,cover story
SMS_001952,2021-07-27,PERSON_00391,PERSON_00135,PHONE_00473,cover story
SMS_001953,2026-06-11,PERSON_00052,PERSON_00150,PHONE_00582,meeting
SMS_001954,2024-12-17,PERSON_00309,PERSON_00157,PHONE_00497,meeting
SMS_001955,2025-10-07,PERSON_00405,PERSON_00072,PHONE_00283,payment
SMS_001956,2023-02-23,PERSON_00035,PERSON_00375,PHONE_00341,payment
SMS_001957,2022-06-12,PERSON_00376,PERSON_00145,PHONE_00109,payment
SMS_001958,2025-06-08,PERSON_00068,PERSON_00363,PHONE_00385,delivery
SMS_001959,2023-07-04,PERSON_00391,PERSON_00105,PHONE_00199,delivery
SMS_001960,2022-01-08,PERSON_00284,PERSON_00152,PHONE_00299,delivery
SMS_001961,2025-02-21,PERSON_00436,PERSON_00068,PHONE_00187,payment
SMS_001962,2022-09-21,PERSON_00192,PERSON_00171,PHONE_00605,payment
SMS_001963,2026-01-03,PERSON_00402,PERSON_00181,PHONE_00114,cover story
SMS_001964,2023-07-24,PERSON_00081,PERSON_00181,PHONE_00196,meeting
SMS_001965,2026-01-17,PERSON_00375,PERSON_00204,PHONE_00387,payment
SMS_001966,2021-09-26,PERSON_00020,PERSON_00325,PHONE_00604,travel
SMS_001967,2021-06-14,PERSON_00130,PERSON_00388,PHONE_00086,travel
SMS_001968,2022-10-15,PERSON_00044,PERSON_00203,PHONE_00184,cover story
SMS_001969,2022-12-11,PERSON_00135,PERSON_00010,PHONE_00564,meeting
SMS_001970,2023-05-13,PERSON_00201,PERSON_00394,PHONE_00390,delivery
SMS_001971,2021-01-01,PERSON_00393,PERSON_00149,PHONE_00514,delivery
SMS_001972,2023-05-06,PERSON_00343,PERSON_00078,PHONE_00373,delivery
SMS_001973,2023-01-22,PERSON_00011,PERSON_00407,PHONE_00533,meeting
SMS_001974,2025-05-14,PERSON_00259,PERSON_00178,PHONE_00031,delivery
SMS_001975,2023-08-12,PERSON_00070,PERSON_00312,PHONE_00175,payment
SMS_001976,2025-02-02,PERSON_00281,PERSON_00072,PHONE_00166,meeting
SMS_001977,2022-04-11,PERSON_00188,PERSON_00055,PHONE_00613,payment
SMS_001978,2021-03-08,PERSON_00057,PERSON_00385,PHONE_00456,meeting
SMS_001979,2022-07-31,PERSON_00281,PERSON_00072,PHONE_00166,travel
SMS_001980,2023-08-01,PERSON_00329,PERSON_00050,PHONE_00103,travel
SMS_001981,2023-05-02,PERSON_00229,PERSON_00203,PHONE_00325,meeting
SMS_001982,2024-01-10,PERSON_00181,PERSON_00300,PHONE_00124,travel
SMS_001983,2021-06-25,PERSON_00382,PERSON_00175,PHONE_00070,payment
SMS_001984,2026-04-11,PERSON_00004,PERSON_00388,PHONE_00536,delivery
SMS_001985,2024-05-05,PERSON_00281,PERSON_00072,PHONE_00166,payment
SMS_001986,2023-07-23,PERSON_00243,PERSON_00004,PHONE_00212,travel
SMS_001987,2021-02-25,PERSON_00173,PERSON_00072,PHONE_00529,meeting
SMS_001988,2025-09-29,PERSON_00107,PERSON_00127,PHONE_00345,cover story
SMS_001989,2023-06-30,PERSON_00227,PERSON_00436,PHONE_00130,travel
SMS_001990,2024-01-15,PERSON_00376,PERSON_00236,PHONE_00109,delivery
SMS_001991,2025-01-05,PERSON_00353,PERSON_00272,PHONE_00394,travel
SMS_001992,2023-05-18,PERSON_00229,PERSON_00004,PHONE_00325,meeting
SMS_001993,2025-11-29,PERSON_00282,PERSON_00181,PHONE_00104,payment
SMS_001994,2024-04-09,PERSON_00263,PERSON_00159,PHONE_00416,delivery
SMS_001995,2025-06-13,PERSON_00394,PERSON_00449,PHONE_00032,payment
SMS_001996,2021-03-10,PERSON_00184,PERSON_00279,PHONE_00496,travel
SMS_001997,2025-03-03,PERSON_00405,PERSON_00282,PHONE_00283,payment
SMS_001998,2026-05-06,PERSON_00299,PERSON_00124,PHONE_00328,meeting
SMS_001999,2022-12-03,PERSON_00381,PERSON_00314,PHONE_00484,delivery
SMS_002000,2024-01-16,PERSON_00201,PERSON_00071,PHONE_00390,delivery
SMS_002001,2023-08-08,PERSON_00072,PERSON_00281,PHONE_00140,travel
SMS_002002,2022-12-07,PERSON_00394,PERSON_00165,PHONE_00032,meeting
SMS_002003,2021-02-24,PERSON_00237,PERSON_00346,PHONE_00106,meeting
SMS_002004,2023-01-05,PERSON_00433,PERSON_00262,PHONE_00062,cover story
SMS_002005,2021-03-26,PERSON_00360,PERSON_00337,PHONE_00467,meeting
SMS_002006,2024-03-31,PERSON_00448,PERSON_00036,PHONE_00284,payment
SMS_002007,2025-02-27,PERSON_00345,PERSON_00438,PHONE_00283,delivery
SMS_002008,2021-01-13,PERSON_00231,PERSON_00343,PHONE_00397,travel
SMS_002009,2023-11-17,PERSON_00429,PERSON_00188,PHONE_00239,delivery
SMS_002010,2021-08-17,PERSON_00145,PERSON_00068,PHONE_00019,meeting
SMS_002011,2025-03-11,PERSON_00127,PERSON_00322,PHONE_00292,delivery
SMS_002012,2022-07-11,PERSON_00281,PERSON_00173,PHONE_00166,payment
SMS_002013,2021-05-10,PERSON_00147,PERSON_00082,PHONE_00097,meeting
SMS_002014,2024-10-14,PERSON_00072,PERSON_00173,PHONE_00140,cover story
SMS_002015,2023-11-26,PERSON_00072,PERSON_00121,PHONE_00140,payment
SMS_002016,2024-01-15,PERSON_00331,PERSON_00147,PHONE_00518,payment
SMS_002017,2023-07-16,PERSON_00225,PERSON_00032,PHONE_00274,delivery
SMS_002018,2024-03-10,PERSON_00434,PERSON_00393,PHONE_00018,travel
SMS_002019,2025-11-17,PERSON_00400,PERSON_00135,PHONE_00172,cover story
SMS_002020,2022-12-15,PERSON_00383,PERSON_00346,PHONE_00075,cover story
SMS_002021,2025-11-27,PERSON_00299,PERSON_00025,PHONE_00328,travel
SMS_002022,2025-09-18,PERSON_00085,PERSON_00427,PHONE_00166,delivery
SMS_002023,2025-02-06,PERSON_00263,PERSON_00362,PHONE_00416,delivery
SMS_002024,2023-09-04,PERSON_00239,PERSON_00127,PHONE_00370,delivery
SMS_002025,2025-09-13,PERSON_00135,PERSON_00383,PHONE_00564,travel
SMS_002026,2023-11-08,PERSON_00177,PERSON_00411,PHONE_00170,payment
SMS_002027,2024-09-21,PERSON_00044,PERSON_00325,PHONE_00184,meeting
SMS_002028,2024-01-19,PERSON_00427,PERSON_00281,PHONE_00216,meeting
SMS_002029,2022-03-20,PERSON_00053,PERSON_00314,PHONE_00527,travel
SMS_002030,2023-10-09,PERSON_00398,PERSON_00165,PHONE_00229,delivery
SMS_002031,2025-08-19,PERSON_00344,PERSON_00444,PHONE_00371,payment
SMS_002032,2025-12-05,PERSON_00097,PERSON_00329,PHONE_00389,delivery
SMS_002033,2025-09-14,PERSON_00256,PERSON_00363,PHONE_00543,delivery
SMS_002034,2024-02-29,PERSON_00229,PERSON_00163,PHONE_00325,meeting
SMS_002035,2022-12-23,PERSON_00025,PERSON_00213,PHONE_00169,meeting
SMS_002036,2022-02-12,PERSON_00282,PERSON_00378,PHONE_00104,cover story
SMS_002037,2022-11-24,PERSON_00102,PERSON_00125,PHONE_00442,travel
SMS_002038,2022-11-09,PERSON_00178,PERSON_00259,PHONE_00090,cover story
SMS_002039,2023-03-18,PERSON_00345,PERSON_00438,PHONE_00283,travel
SMS_002040,2022-05-13,PERSON_00331,PERSON_00398,PHONE_00518,meeting
SMS_002041,2021-02-06,PERSON_00177,PERSON_00102,PHONE_00375,travel
SMS_002042,2023-03-10,PERSON_00081,PERSON_00378,PHONE_00196,payment
SMS_002043,2025-07-09,PERSON_00076,PERSON_00078,PHONE_00504,meeting
SMS_002044,2021-06-02,PERSON_00149,PERSON_00382,PHONE_00320,cover story
SMS_002045,2024-01-26,PERSON_00192,PERSON_00306,PHONE_00423,payment
SMS_002046,2021-11-13,PERSON_00388,PERSON_00101,PHONE_00497,travel
SMS_002047,2023-10-10,PERSON_00052,PERSON_00125,PHONE_00582,delivery
SMS_002048,2022-08-10,PERSON_00281,PERSON_00072,PHONE_00166,meeting
SMS_002049,2025-04-15,PERSON_00415,PERSON_00151,PHONE_00079,travel
SMS_002050,2023-10-23,PERSON_00345,PERSON_00402,PHONE_00283,cover story
SMS_002051,2025-04-30,PERSON_00010,PERSON_00346,PHONE_00080,travel
SMS_002052,2023-03-16,PERSON_00281,PERSON_00173,PHONE_00166,meeting
SMS_002053,2024-06-25,PERSON_00265,PERSON_00034,PHONE_00198,meeting
SMS_002054,2024-06-08,PERSON_00173,PERSON_00320,PHONE_00529,cover story
SMS_002055,2023-04-02,PERSON_00325,PERSON_00229,PHONE_00466,cover story
SMS_002056,2023-06-17,PERSON_00223,PERSON_00094,PHONE_00141,meeting
SMS_002057,2023-05-02,PERSON_00173,PERSON_00072,PHONE_00529,travel
SMS_002058,2022-05-27,PERSON_00407,PERSON_00416,PHONE_00064,meeting
SMS_002059,2024-12-23,PERSON_00394,PERSON_00126,PHONE_00032,meeting
SMS_002060,2026-03-18,PERSON_00279,PERSON_00078,PHONE_00329,meeting
SMS_002061,2022-12-25,PERSON_00065,PERSON_00394,PHONE_00557,payment
SMS_002062,2024-01-30,PERSON_00337,PERSON_00306,PHONE_00531,delivery
SMS_002063,2022-03-30,PERSON_00049,PERSON_00055,PHONE_00176,travel
SMS_002064,2021-09-05,PERSON_00184,PERSON_00343,PHONE_00164,delivery
SMS_002065,2024-01-03,PERSON_00394,PERSON_00126,PHONE_00032,payment
SMS_002066,2024-03-10,PERSON_00427,PERSON_00433,PHONE_00216,travel
SMS_002067,2022-09-01,PERSON_00124,PERSON_00381,PHONE_00488,meeting
SMS_002068,2022-06-05,PERSON_00246,PERSON_00281,PHONE_00569,meeting
SMS_002069,2023-04-24,PERSON_00068,PERSON_00027,PHONE_00146,delivery
SMS_002070,2022-04-06,PERSON_00165,PERSON_00333,PHONE_00584,payment
SMS_002071,2025-12-08,PERSON_00281,PERSON_00072,PHONE_00166,delivery
SMS_002072,2024-12-26,PERSON_00346,PERSON_00237,PHONE_00387,cover story
SMS_002073,2024-09-30,PERSON_00121,PERSON_00265,PHONE_00362,meeting
SMS_002074,2023-03-24,PERSON_00173,PERSON_00281,PHONE_00529,payment
SMS_002075,2025-09-20,PERSON_00173,PERSON_00281,PHONE_00529,meeting
SMS_002076,2024-05-10,PERSON_00076,PERSON_00043,PHONE_00504,travel
SMS_002077,2023-02-18,PERSON_00290,PERSON_00283,PHONE_00119,meeting
SMS_002078,2022-09-25,PERSON_00146,PERSON_00105,PHONE_00300,cover story
SMS_002079,2026-03-29,PERSON_00175,PERSON_00149,PHONE_00524,meeting
SMS_002080,2022-07-28,PERSON_00255,PERSON_00386,PHONE_00292,cover story
SMS_002081,2023-12-17,PERSON_00263,PERSON_00416,PHONE_00416,delivery
SMS_002082,2021-03-05,PERSON_00072,PERSON_00281,PHONE_00140,meeting
SMS_002083,2022-09-21,PERSON_00165,PERSON_00201,PHONE_00584,meeting
SMS_002084,2024-07-17,PERSON_00068,PERSON_00236,PHONE_00146,travel
SMS_002085,2024-12-22,PERSON_00169,PERSON_00375,PHONE_00042,travel
SMS_002086,2023-10-27,PERSON_00394,PERSON_00091,PHONE_00032,cover story
SMS_002087,2024-03-11,PERSON_00175,PERSON_00378,PHONE_00524,payment
SMS_002088,2023-11-26,PERSON_00393,PERSON_00182,PHONE_00514,delivery
SMS_002089,2022-12-15,PERSON_00033,PERSON_00269,PHONE_00048,payment
SMS_002090,2021-10-23,PERSON_00032,PERSON_00121,PHONE_00446,travel
SMS_002091,2024-08-08,PERSON_00081,PERSON_00181,PHONE_00196,travel
SMS_002092,2025-10-27,PERSON_00382,PERSON_00378,PHONE_00070,meeting
SMS_002093,2022-03-05,PERSON_00072,PERSON_00281,PHONE_00140,delivery
SMS_002094,2021-03-09,PERSON_00071,PERSON_00147,PHONE_00392,payment
SMS_002095,2021-08-06,PERSON_00231,PERSON_00360,PHONE_00397,travel
SMS_002096,2023-07-22,PERSON_00398,PERSON_00201,PHONE_00229,delivery
SMS_002097,2024-01-08,PERSON_00376,PERSON_00250,PHONE_00109,meeting
SMS_002098,2025-12-20,PERSON_00227,PERSON_00427,PHONE_00130,travel
SMS_002099,2021-09-02,PERSON_00362,PERSON_00312,PHONE_00545,payment
SMS_002100,2021-11-09,PERSON_00173,PERSON_00072,PHONE_00529,delivery
SMS_002101,2024-10-17,PERSON_00036,PERSON_00049,PHONE_00024,delivery
SMS_002102,2022-11-15,PERSON_00391,PERSON_00290,PHONE_00473,travel
SMS_002103,2025-07-18,PERSON_00133,PERSON_00049,PHONE_00502,payment
SMS_002104,2025-06-02,PERSON_00143,PERSON_00150,PHONE_00497,delivery
SMS_002105,2024-01-21,PERSON_00387,PERSON_00375,PHONE_00608,meeting
SMS_002106,2025-12-18,PERSON_00010,PERSON_00053,PHONE_00080,payment
SMS_002107,2021-07-10,PERSON_00121,PERSON_00221,PHONE_00362,meeting
SMS_002108,2022-05-08,PERSON_00237,PERSON_00146,PHONE_00106,payment
SMS_002109,2023-09-07,PERSON_00415,PERSON_00272,PHONE_00079,delivery
SMS_002110,2022-08-05,PERSON_00290,PERSON_00179,PHONE_00119,payment
SMS_002111,2021-09-24,PERSON_00426,PERSON_00014,PHONE_00629,travel
SMS_002112,2025-10-31,PERSON_00311,PERSON_00178,PHONE_00472,meeting
SMS_002113,2021-05-07,PERSON_00203,PERSON_00004,PHONE_00321,cover story
SMS_002114,2025-12-05,PERSON_00101,PERSON_00130,PHONE_00408,delivery
SMS_002115,2022-04-01,PERSON_00149,PERSON_00287,PHONE_00320,payment
SMS_002116,2022-03-14,PERSON_00173,PERSON_00072,PHONE_00529,cover story
SMS_002117,2025-10-16,PERSON_00176,PERSON_00072,PHONE_00494,meeting
SMS_002118,2023-12-29,PERSON_00028,PERSON_00306,PHONE_00399,payment
SMS_002119,2021-06-22,PERSON_00130,PERSON_00163,PHONE_00086,delivery
SMS_002120,2023-05-22,PERSON_00243,PERSON_00069,PHONE_00148,meeting
SMS_002121,2023-09-17,PERSON_00212,PERSON_00124,PHONE_00576,delivery
SMS_002122,2023-12-21,PERSON_00248,PERSON_00232,PHONE_00328,payment
SMS_002123,2025-01-03,PERSON_00157,PERSON_00444,PHONE_00232,delivery
SMS_002124,2023-06-15,PERSON_00097,PERSON_00344,PHONE_00389,travel
SMS_002125,2022-06-21,PERSON_00281,PERSON_00269,PHONE_00166,cover story
SMS_002126,2024-06-09,PERSON_00391,PERSON_00281,PHONE_00473,meeting
SMS_002127,2021-03-20,PERSON_00287,PERSON_00176,PHONE_00091,delivery
SMS_002128,2021-02-15,PERSON_00028,PERSON_00337,PHONE_00399,payment
SMS_002129,2025-09-22,PERSON_00165,PERSON_00398,PHONE_00584,meeting
SMS_002130,2023-07-21,PERSON_00283,PERSON_00400,PHONE_00072,delivery
SMS_002131,2021-09-19,PERSON_00050,PERSON_00053,PHONE_00341,delivery
SMS_002132,2025-04-30,PERSON_00078,PERSON_00336,PHONE_00134,delivery
SMS_002133,2024-08-26,PERSON_00175,PERSON_00287,PHONE_00524,travel
SMS_002134,2025-01-05,PERSON_00157,PERSON_00097,PHONE_00254,cover story
SMS_002135,2022-04-14,PERSON_00407,PERSON_00070,PHONE_00608,cover story
SMS_002136,2022-08-12,PERSON_00312,PERSON_00057,PHONE_00076,payment
SMS_002137,2025-06-28,PERSON_00290,PERSON_00105,PHONE_00119,delivery
SMS_002138,2022-08-30,PERSON_00250,PERSON_00256,PHONE_00114,payment
SMS_002139,2023-08-10,PERSON_00149,PERSON_00405,PHONE_00320,meeting
SMS_002140,2022-10-17,PERSON_00177,PERSON_00064,PHONE_00375,delivery
SMS_002141,2024-09-12,PERSON_00400,PERSON_00383,PHONE_00172,payment
SMS_002142,2025-05-06,PERSON_00281,PERSON_00246,PHONE_00166,meeting
SMS_002143,2022-06-28,PERSON_00425,PERSON_00398,PHONE_00152,payment
SMS_002144,2025-12-23,PERSON_00381,PERSON_00097,PHONE_00323,delivery
SMS_002145,2022-08-11,PERSON_00220,PERSON_00178,PHONE_00503,meeting
SMS_002146,2023-11-28,PERSON_00430,PERSON_00020,PHONE_00434,payment
SMS_002147,2024-11-01,PERSON_00322,PERSON_00383,PHONE_00248,payment
SMS_002148,2023-01-04,PERSON_00346,PERSON_00146,PHONE_00387,meeting
SMS_002149,2023-11-05,PERSON_00171,PERSON_00185,PHONE_00214,payment
SMS_002150,2023-10-18,PERSON_00133,PERSON_00102,PHONE_00502,meeting
SMS_002151,2022-01-15,PERSON_00176,PERSON_00378,PHONE_00494,payment
SMS_002152,2023-11-17,PERSON_00232,PERSON_00213,PHONE_00438,meeting
SMS_002153,2022-02-18,PERSON_00034,PERSON_00272,PHONE_00596,travel
SMS_002154,2022-06-07,PERSON_00101,PERSON_00170,PHONE_00408,cover story
SMS_002155,2021-12-30,PERSON_00010,PERSON_00179,PHONE_00080,travel
SMS_002156,2023-10-07,PERSON_00281,PERSON_00072,PHONE_00166,travel
SMS_002157,2021-04-07,PERSON_00383,PERSON_00281,PHONE_00075,meeting
SMS_002158,2022-09-01,PERSON_00188,PERSON_00143,PHONE_00613,meeting
SMS_002159,2025-09-04,PERSON_00411,PERSON_00188,PHONE_00054,delivery
SMS_002160,2024-11-20,PERSON_00043,PERSON_00078,PHONE_00343,meeting
SMS_002161,2023-08-19,PERSON_00220,PERSON_00259,PHONE_00503,delivery
SMS_002162,2025-03-15,PERSON_00101,PERSON_00203,PHONE_00408,cover story
SMS_002163,2021-05-28,PERSON_00170,PERSON_00445,PHONE_00152,payment
SMS_002164,2025-12-27,PERSON_00185,PERSON_00076,PHONE_00525,payment
SMS_002165,2023-04-24,PERSON_00426,PERSON_00053,PHONE_00629,payment
SMS_002166,2023-02-14,PERSON_00148,PERSON_00415,PHONE_00587,delivery
SMS_002167,2026-06-02,PERSON_00049,PERSON_00150,PHONE_00538,cover story
SMS_002168,2024-05-22,PERSON_00427,PERSON_00376,PHONE_00216,travel
SMS_002169,2022-08-31,PERSON_00173,PERSON_00072,PHONE_00529,payment
SMS_002170,2022-05-23,PERSON_00448,PERSON_00374,PHONE_00284,delivery
SMS_002171,2021-04-03,PERSON_00312,PERSON_00011,PHONE_00076,meeting
SMS_002172,2022-05-11,PERSON_00411,PERSON_00143,PHONE_00054,payment
SMS_002173,2024-06-27,PERSON_00050,PERSON_00444,PHONE_00341,payment
SMS_002174,2022-05-04,PERSON_00135,PERSON_00010,PHONE_00564,payment
SMS_002175,2026-01-12,PERSON_00279,PERSON_00028,PHONE_00329,payment
SMS_002176,2024-02-08,PERSON_00402,PERSON_00072,PHONE_00228,delivery
SMS_002177,2021-01-05,PERSON_00250,PERSON_00085,PHONE_00114,payment
SMS_002178,2024-11-12,PERSON_00152,PERSON_00069,PHONE_00069,payment
SMS_002179,2022-04-07,PERSON_00346,PERSON_00283,PHONE_00387,delivery
SMS_002180,2024-10-06,PERSON_00336,PERSON_00337,PHONE_00083,cover story
SMS_002181,2023-11-07,PERSON_00400,PERSON_00269,PHONE_00172,cover story
SMS_002182,2021-12-02,PERSON_00391,PERSON_00322,PHONE_00473,travel
SMS_002183,2024-01-15,PERSON_00072,PERSON_00281,PHONE_00140,travel
SMS_002184,2026-04-12,PERSON_00130,PERSON_00430,PHONE_00086,payment
SMS_002185,2021-01-30,PERSON_00178,PERSON_00259,PHONE_00090,meeting
SMS_002186,2025-02-19,PERSON_00105,PERSON_00146,PHONE_00106,meeting
SMS_002187,2026-01-28,PERSON_00151,PERSON_00107,PHONE_00100,meeting
SMS_002188,2026-06-14,PERSON_00237,PERSON_00391,PHONE_00106,meeting
SMS_002189,2025-03-11,PERSON_00145,PERSON_00364,PHONE_00019,meeting
SMS_002190,2026-05-24,PERSON_00430,PERSON_00229,PHONE_00076,travel
SMS_002191,2022-05-18,PERSON_00185,PERSON_00076,PHONE_00525,payment
SMS_002192,2024-09-28,PERSON_00407,PERSON_00312,PHONE_00608,meeting
SMS_002193,2021-04-11,PERSON_00186,PERSON_00225,PHONE_00215,meeting
SMS_002194,2024-11-25,PERSON_00035,PERSON_00148,PHONE_00341,cover story
SMS_002195,2022-12-29,PERSON_00279,PERSON_00078,PHONE_00329,payment
SMS_002196,2024-03-21,PERSON_00231,PERSON_00028,PHONE_00397,payment
SMS_002197,2026-01-04,PERSON_00070,PERSON_00263,PHONE_00183,meeting
SMS_002198,2025-10-21,PERSON_00394,PERSON_00141,PHONE_00032,cover story
SMS_002199,2021-10-04,PERSON_00246,PERSON_00376,PHONE_00297,meeting
SMS_002200,2022-04-21,PERSON_00133,PERSON_00448,PHONE_00502,travel
SMS_002201,2023-10-12,PERSON_00055,PERSON_00036,PHONE_00393,payment
SMS_002202,2024-05-24,PERSON_00094,PERSON_00154,PHONE_00219,payment
SMS_002203,2025-06-08,PERSON_00049,PERSON_00102,PHONE_00176,delivery
SMS_002204,2025-05-24,PERSON_00337,PERSON_00360,PHONE_00531,payment
SMS_002205,2023-09-26,PERSON_00311,PERSON_00259,PHONE_00472,meeting
SMS_002206,2021-09-23,PERSON_00255,PERSON_00299,PHONE_00292,travel
SMS_002207,2023-03-21,PERSON_00320,PERSON_00130,PHONE_00336,payment
SMS_002208,2025-06-05,PERSON_00157,PERSON_00248,PHONE_00254,meeting
SMS_002209,2025-10-18,PERSON_00048,PERSON_00085,PHONE_00116,meeting
SMS_002210,2023-04-22,PERSON_00425,PERSON_00071,PHONE_00152,payment
SMS_002211,2021-12-27,PERSON_00269,PERSON_00383,PHONE_00583,meeting
SMS_002212,2025-03-24,PERSON_00329,PERSON_00157,PHONE_00635,cover story
SMS_002213,2025-07-31,PERSON_00091,PERSON_00040,PHONE_00612,meeting
SMS_002214,2022-09-22,PERSON_00427,PERSON_00363,PHONE_00216,meeting
SMS_002215,2025-08-22,PERSON_00155,PERSON_00010,PHONE_00573,cover story
SMS_002216,2021-06-08,PERSON_00337,PERSON_00078,PHONE_00531,travel
SMS_002217,2023-11-12,PERSON_00281,PERSON_00072,PHONE_00166,meeting
SMS_002218,2021-09-16,PERSON_00147,PERSON_00040,PHONE_00286,meeting
SMS_002219,2025-10-20,PERSON_00212,PERSON_00155,PHONE_00576,payment
SMS_002220,2024-05-30,PERSON_00262,PERSON_00250,PHONE_00343,meeting
SMS_002221,2025-10-12,PERSON_00082,PERSON_00425,PHONE_00428,travel
SMS_002222,2021-08-21,PERSON_00388,PERSON_00173,PHONE_00497,cover story
SMS_002223,2024-10-04,PERSON_00434,PERSON_00149,PHONE_00248,meeting
SMS_002224,2023-11-13,PERSON_00072,PERSON_00287,PHONE_00140,delivery
SMS_002225,2023-07-22,PERSON_00135,PERSON_00269,PHONE_00564,cover story
SMS_002226,2025-12-28,PERSON_00281,PERSON_00173,PHONE_00166,payment
SMS_002227,2024-08-06,PERSON_00173,PERSON_00170,PHONE_00529,delivery
SMS_002228,2021-11-15,PERSON_00425,PERSON_00165,PHONE_00152,delivery
SMS_002229,2023-06-25,PERSON_00279,PERSON_00336,PHONE_00329,meeting
SMS_002230,2023-03-07,PERSON_00213,PERSON_00025,PHONE_00350,payment
SMS_002231,2021-04-13,PERSON_00281,PERSON_00027,PHONE_00166,travel
SMS_002232,2024-03-23,PERSON_00375,PERSON_00121,PHONE_00387,delivery
SMS_002233,2023-06-17,PERSON_00145,PERSON_00068,PHONE_00019,cover story
SMS_002234,2022-01-18,PERSON_00263,PERSON_00407,PHONE_00416,cover story
SMS_002235,2021-03-31,PERSON_00220,PERSON_00362,PHONE_00503,meeting
SMS_002236,2023-03-24,PERSON_00434,PERSON_00072,PHONE_00248,delivery
SMS_002237,2024-02-04,PERSON_00052,PERSON_00016,PHONE_00582,payment
SMS_002238,2025-01-11,PERSON_00010,PERSON_00290,PHONE_00080,cover story
SMS_002239,2021-08-02,PERSON_00364,PERSON_00223,PHONE_00019,payment
SMS_002240,2025-06-25,PERSON_00072,PERSON_00281,PHONE_00140,meeting
SMS_002241,2022-07-04,PERSON_00306,PERSON_00171,PHONE_00117,payment
SMS_002242,2023-06-26,PERSON_00237,PERSON_00105,PHONE_00106,travel
SMS_002243,2023-07-10,PERSON_00148,PERSON_00173,PHONE_00407,cover story
SMS_002244,2021-08-26,PERSON_00343,PERSON_00231,PHONE_00373,meeting
SMS_002245,2021-06-08,PERSON_00281,PERSON_00072,PHONE_00166,cover story
SMS_002246,2026-03-26,PERSON_00325,PERSON_00388,PHONE_00466,payment
SMS_002247,2021-01-20,PERSON_00165,PERSON_00126,PHONE_00584,meeting
SMS_002248,2021-05-12,PERSON_00175,PERSON_00181,PHONE_00524,meeting
SMS_002249,2021-06-12,PERSON_00306,PERSON_00185,PHONE_00117,payment
SMS_002250,2023-03-28,PERSON_00223,PERSON_00154,PHONE_00141,payment
SMS_002251,2021-01-28,PERSON_00336,PERSON_00028,PHONE_00083,travel
SMS_002252,2022-07-21,PERSON_00057,PERSON_00362,PHONE_00456,meeting
SMS_002253,2022-03-06,PERSON_00036,PERSON_00055,PHONE_00024,meeting
SMS_002254,2023-12-11,PERSON_00055,PERSON_00429,PHONE_00393,meeting
SMS_002255,2025-04-29,PERSON_00281,PERSON_00072,PHONE_00166,travel
SMS_002256,2023-10-06,PERSON_00185,PERSON_00279,PHONE_00525,cover story
SMS_002257,2022-03-10,PERSON_00127,PERSON_00265,PHONE_00292,delivery
SMS_002258,2021-09-25,PERSON_00281,PERSON_00173,PHONE_00166,payment
SMS_002259,2023-09-05,PERSON_00020,PERSON_00173,PHONE_00604,delivery
SMS_002260,2021-11-16,PERSON_00004,PERSON_00170,PHONE_00536,cover story
SMS_002261,2023-11-11,PERSON_00337,PERSON_00192,PHONE_00531,travel
SMS_002262,2022-08-02,PERSON_00246,PERSON_00085,PHONE_00569,delivery
SMS_002263,2021-06-05,PERSON_00179,PERSON_00146,PHONE_00490,travel
SMS_002264,2023-05-05,PERSON_00309,PERSON_00232,PHONE_00497,meeting
SMS_002265,2021-02-24,PERSON_00262,PERSON_00436,PHONE_00343,meeting
SMS_002266,2023-06-30,PERSON_00126,PERSON_00331,PHONE_00021,cover story
SMS_002267,2022-02-06,PERSON_00159,PERSON_00312,PHONE_00441,cover story
SMS_002268,2025-11-26,PERSON_00265,PERSON_00387,PHONE_00198,travel
SMS_002269,2025-01-04,PERSON_00012,PERSON_00223,PHONE_00623,delivery
SMS_002270,2025-11-25,PERSON_00192,PERSON_00337,PHONE_00423,delivery
SMS_002271,2021-02-26,PERSON_00009,PERSON_00375,PHONE_00339,travel
SMS_002272,2021-07-11,PERSON_00043,PERSON_00360,PHONE_00343,cover story
SMS_002273,2021-03-09,PERSON_00343,PERSON_00360,PHONE_00373,delivery
SMS_002274,2025-01-12,PERSON_00236,PERSON_00223,PHONE_00097,delivery
SMS_002275,2021-02-13,PERSON_00220,PERSON_00263,PHONE_00503,delivery
SMS_002276,2026-02-05,PERSON_00433,PERSON_00085,PHONE_00062,travel
SMS_002277,2022-11-12,PERSON_00203,PERSON_00020,PHONE_00321,cover story
SMS_002278,2023-07-17,PERSON_00281,PERSON_00072,PHONE_00166,delivery
SMS_002279,2021-09-12,PERSON_00281,PERSON_00072,PHONE_00166,payment
SMS_002280,2021-11-01,PERSON_00159,PERSON_00416,PHONE_00441,meeting
SMS_002281,2023-02-12,PERSON_00125,PERSON_00133,PHONE_00638,meeting
SMS_002282,2024-12-13,PERSON_00320,PERSON_00130,PHONE_00336,payment
SMS_002283,2025-07-15,PERSON_00398,PERSON_00425,PHONE_00229,cover story
SMS_002284,2025-03-22,PERSON_00449,PERSON_00141,PHONE_00371,cover story
SMS_002285,2021-12-24,PERSON_00449,PERSON_00333,PHONE_00371,cover story
SMS_002286,2023-05-05,PERSON_00065,PERSON_00333,PHONE_00557,delivery
SMS_002287,2024-09-25,PERSON_00049,PERSON_00064,PHONE_00538,travel
SMS_002288,2021-04-02,PERSON_00081,PERSON_00405,PHONE_00196,delivery
SMS_002289,2025-12-26,PERSON_00378,PERSON_00182,PHONE_00464,delivery
SMS_002290,2024-04-14,PERSON_00306,PERSON_00043,PHONE_00117,travel
SMS_002291,2024-01-31,PERSON_00143,PERSON_00102,PHONE_00497,payment
SMS_002292,2026-06-20,PERSON_00182,PERSON_00176,PHONE_00627,meeting
SMS_002293,2023-04-16,PERSON_00259,PERSON_00312,PHONE_00031,meeting
SMS_002294,2025-02-11,PERSON_00336,PERSON_00192,PHONE_00083,delivery
SMS_002295,2022-07-05,PERSON_00148,PERSON_00121,PHONE_00587,meeting
SMS_002296,2025-05-09,PERSON_00027,PERSON_00433,PHONE_00063,meeting
SMS_002297,2024-03-28,PERSON_00281,PERSON_00173,PHONE_00166,meeting
SMS_002298,2023-11-30,PERSON_00149,PERSON_00175,PHONE_00320,travel
SMS_002299,2021-01-03,PERSON_00311,PERSON_00159,PHONE_00472,meeting
SMS_002300,2024-05-04,PERSON_00057,PERSON_00159,PHONE_00456,cover story
SMS_002301,2024-11-10,PERSON_00146,PERSON_00179,PHONE_00300,delivery
SMS_002302,2021-12-31,PERSON_00169,PERSON_00387,PHONE_00042,meeting
SMS_002303,2024-06-27,PERSON_00102,PERSON_00374,PHONE_00442,payment
SMS_002304,2022-09-12,PERSON_00311,PERSON_00407,PHONE_00472,payment
SMS_002305,2025-01-17,PERSON_00050,PERSON_00299,PHONE_00341,cover story
SMS_002306,2021-05-09,PERSON_00025,PERSON_00014,PHONE_00169,payment
SMS_002307,2024-10-08,PERSON_00173,PERSON_00281,PHONE_00529,meeting
SMS_002308,2024-10-09,PERSON_00272,PERSON_00034,PHONE_00505,payment
SMS_002309,2026-01-19,PERSON_00363,PERSON_00436,PHONE_00407,delivery
SMS_002310,2022-08-20,PERSON_00311,PERSON_00057,PHONE_00472,payment
SMS_002311,2025-01-10,PERSON_00370,PERSON_00069,PHONE_00438,meeting
SMS_002312,2023-03-07,PERSON_00390,PERSON_00411,PHONE_00577,cover story
SMS_002313,2023-01-10,PERSON_00173,PERSON_00445,PHONE_00529,travel
SMS_002314,2022-05-11,PERSON_00287,PERSON_00382,PHONE_00091,travel
SMS_002315,2024-10-06,PERSON_00385,PERSON_00070,PHONE_00062,travel
SMS_002316,2021-06-09,PERSON_00065,PERSON_00165,PHONE_00557,payment
SMS_002317,2023-12-12,PERSON_00033,PERSON_00281,PHONE_00048,payment
SMS_002318,2022-11-01,PERSON_00004,PERSON_00101,PHONE_00536,meeting
SMS_002319,2025-01-20,PERSON_00130,PERSON_00004,PHONE_00086,travel
SMS_002320,2025-03-04,PERSON_00281,PERSON_00173,PHONE_00166,meeting
SMS_002321,2023-01-28,PERSON_00133,PERSON_00102,PHONE_00502,payment
SMS_002322,2024-05-14,PERSON_00333,PERSON_00141,PHONE_00189,meeting
SMS_002323,2023-06-10,PERSON_00382,PERSON_00405,PHONE_00070,meeting
SMS_002324,2023-11-22,PERSON_00004,PERSON_00243,PHONE_00536,meeting
SMS_002325,2021-01-02,PERSON_00390,PERSON_00052,PHONE_00577,delivery
SMS_002326,2025-03-30,PERSON_00133,PERSON_00102,PHONE_00502,meeting
SMS_002327,2024-09-04,PERSON_00378,PERSON_00182,PHONE_00146,cover story
SMS_002328,2023-03-09,PERSON_00125,PERSON_00102,PHONE_00638,cover story
SMS_002329,2021-08-03,PERSON_00223,PERSON_00012,PHONE_00141,meeting
SMS_002330,2022-10-20,PERSON_00011,PERSON_00159,PHONE_00533,payment
SMS_002331,2025-01-17,PERSON_00076,PERSON_00185,PHONE_00504,travel
SMS_002332,2021-04-13,PERSON_00072,PERSON_00182,PHONE_00140,delivery
SMS_002333,2026-06-20,PERSON_00076,PERSON_00184,PHONE_00504,payment
SMS_002334,2021-05-05,PERSON_00107,PERSON_00032,PHONE_00345,meeting
SMS_002335,2021-05-14,PERSON_00378,PERSON_00081,PHONE_00464,meeting
SMS_002336,2023-11-24,PERSON_00383,PERSON_00400,PHONE_00028,meeting
SMS_002337,2024-09-25,PERSON_00320,PERSON_00130,PHONE_00336,travel
SMS_002338,2024-01-14,PERSON_00049,PERSON_00064,PHONE_00538,payment
SMS_002339,2022-09-18,PERSON_00281,PERSON_00072,PHONE_00166,payment
SMS_002340,2026-01-29,PERSON_00073,PERSON_00204,PHONE_00619,meeting
SMS_002341,2025-12-06,PERSON_00250,PERSON_00154,PHONE_00114,delivery
SMS_002342,2024-04-22,PERSON_00157,PERSON_00309,PHONE_00254,meeting
SMS_002343,2021-02-18,PERSON_00135,PERSON_00391,PHONE_00564,payment
SMS_002344,2025-05-18,PERSON_00173,PERSON_00281,PHONE_00529,delivery
SMS_002345,2023-02-04,PERSON_00072,PERSON_00173,PHONE_00140,payment
SMS_002346,2023-07-13,PERSON_00033,PERSON_00322,PHONE_00048,payment
SMS_002347,2022-05-11,PERSON_00375,PERSON_00127,PHONE_00387,cover story
SMS_002348,2022-05-07,PERSON_00287,PERSON_00434,PHONE_00091,meeting
SMS_002349,2024-09-15,PERSON_00281,PERSON_00173,PHONE_00166,payment
SMS_002350,2024-11-26,PERSON_00281,PERSON_00072,PHONE_00166,cover story
SMS_002351,2021-03-27,PERSON_00125,PERSON_00188,PHONE_00638,cover story
SMS_002352,2026-01-23,PERSON_00212,PERSON_00053,PHONE_00576,meeting
SMS_002353,2021-12-04,PERSON_00105,PERSON_00237,PHONE_00106,meeting
SMS_002354,2023-07-17,PERSON_00185,PERSON_00336,PHONE_00525,payment
SMS_002355,2023-07-24,PERSON_00363,PERSON_00236,PHONE_00407,payment
SMS_002356,2022-05-16,PERSON_00337,PERSON_00076,PHONE_00531,travel
SMS_002357,2022-12-19,PERSON_00345,PERSON_00149,PHONE_00105,meeting
SMS_002358,2025-06-01,PERSON_00072,PERSON_00173,PHONE_00140,payment
SMS_002359,2026-01-26,PERSON_00448,PERSON_00049,PHONE_00284,payment
SMS_002360,2022-08-21,PERSON_00300,PERSON_00181,PHONE_00060,meeting
SMS_002361,2024-11-27,PERSON_00311,PERSON_00178,PHONE_00472,payment
SMS_002362,2025-10-17,PERSON_00147,PERSON_00333,PHONE_00286,cover story
SMS_002363,2024-12-06,PERSON_00072,PERSON_00375,PHONE_00140,travel
SMS_002364,2023-12-17,PERSON_00407,PERSON_00057,PHONE_00608,travel
SMS_002365,2023-06-27,PERSON_00107,PERSON_00127,PHONE_00345,meeting
SMS_002366,2021-11-05,PERSON_00243,PERSON_00445,PHONE_00212,travel
SMS_002367,2024-02-13,PERSON_00237,PERSON_00010,PHONE_00106,meeting
SMS_002368,2026-04-23,PERSON_00175,PERSON_00402,PHONE_00524,cover story
SMS_002369,2021-10-13,PERSON_00220,PERSON_00263,PHONE_00503,delivery
SMS_002370,2025-07-22,PERSON_00237,PERSON_00283,PHONE_00106,meeting
SMS_002371,2021-02-27,PERSON_00175,PERSON_00405,PHONE_00524,delivery
SMS_002372,2023-03-17,PERSON_00360,PERSON_00028,PHONE_00467,payment
SMS_002373,2025-07-14,PERSON_00212,PERSON_00299,PHONE_00576,payment
SMS_002374,2026-02-22,PERSON_00036,PERSON_00177,PHONE_00024,meeting
SMS_002375,2025-11-25,PERSON_00376,PERSON_00246,PHONE_00109,payment
SMS_002376,2021-06-07,PERSON_00028,PERSON_00231,PHONE_00399,cover story
SMS_002377,2026-01-27,PERSON_00004,PERSON_00320,PHONE_00536,delivery
SMS_002378,2023-01-10,PERSON_00052,PERSON_00374,PHONE_00582,meeting
SMS_002379,2026-01-04,PERSON_00333,PERSON_00040,PHONE_00394,cover story
SMS_002380,2026-04-04,PERSON_00049,PERSON_00177,PHONE_00176,delivery
SMS_002381,2024-12-30,PERSON_00121,PERSON_00009,PHONE_00362,meeting
SMS_002382,2023-04-06,PERSON_00325,PERSON_00370,PHONE_00466,payment
SMS_002383,2023-10-16,PERSON_00072,PERSON_00173,PHONE_00140,delivery
SMS_002384,2021-12-11,PERSON_00078,PERSON_00231,PHONE_00134,meeting
SMS_002385,2025-05-11,PERSON_00281,PERSON_00072,PHONE_00166,payment
SMS_002386,2023-02-12,PERSON_00281,PERSON_00146,PHONE_00166,meeting
SMS_002387,2024-08-04,PERSON_00281,PERSON_00173,PHONE_00166,meeting
SMS_002388,2021-08-15,PERSON_00346,PERSON_00400,PHONE_00345,delivery
SMS_002389,2025-01-06,PERSON_00336,PERSON_00360,PHONE_00083,meeting
SMS_002390,2026-03-02,PERSON_00223,PERSON_00364,PHONE_00141,payment
SMS_002391,2022-04-15,PERSON_00102,PERSON_00143,PHONE_00442,payment
SMS_002392,2023-12-21,PERSON_00177,PERSON_00052,PHONE_00170,delivery
SMS_002393,2021-11-21,PERSON_00020,PERSON_00044,PHONE_00604,meeting
SMS_002394,2024-01-30,PERSON_00073,PERSON_00034,PHONE_00619,cover story
SMS_002395,2021-08-31,PERSON_00434,PERSON_00345,PHONE_00018,payment
SMS_002396,2021-01-19,PERSON_00436,PERSON_00250,PHONE_00187,meeting
SMS_002397,2024-10-30,PERSON_00178,PERSON_00263,PHONE_00090,payment
SMS_002398,2024-12-10,PERSON_00072,PERSON_00281,PHONE_00140,meeting
SMS_002399,2025-05-08,PERSON_00246,PERSON_00027,PHONE_00297,cover story
SMS_002400,2023-03-20,PERSON_00360,PERSON_00076,PHONE_00467,meeting
SMS_002401,2025-09-11,PERSON_00143,PERSON_00064,PHONE_00497,travel
SMS_002402,2021-10-02,PERSON_00179,PERSON_00391,PHONE_00441,delivery
SMS_002403,2021-11-11,PERSON_00011,PERSON_00259,PHONE_00533,cover story
SMS_002404,2023-10-28,PERSON_00072,PERSON_00173,PHONE_00140,delivery
SMS_002405,2026-04-18,PERSON_00155,PERSON_00255,PHONE_00056,travel
SMS_002406,2021-08-23,PERSON_00035,PERSON_00239,PHONE_00341,travel
SMS_002407,2021-08-17,PERSON_00004,PERSON_00430,PHONE_00536,meeting
SMS_002408,2021-02-27,PERSON_00165,PERSON_00331,PHONE_00584,meeting
SMS_002409,2026-03-09,PERSON_00344,PERSON_00014,PHONE_00371,payment
SMS_002410,2024-04-05,PERSON_00282,PERSON_00300,PHONE_00104,delivery
SMS_002411,2021-01-29,PERSON_00393,PERSON_00282,PHONE_00514,meeting
SMS_002412,2022-04-23,PERSON_00220,PERSON_00311,PHONE_00503,travel
SMS_002413,2022-02-14,PERSON_00322,PERSON_00121,PHONE_00403,cover story
SMS_002414,2022-02-05,PERSON_00345,PERSON_00149,PHONE_00283,delivery
SMS_002415,2025-11-21,PERSON_00281,PERSON_00173,PHONE_00166,meeting
SMS_002416,2022-01-26,PERSON_00393,PERSON_00345,PHONE_00514,payment
SMS_002417,2022-03-01,PERSON_00035,PERSON_00265,PHONE_00341,delivery
SMS_002418,2023-07-31,PERSON_00405,PERSON_00287,PHONE_00283,cover story
SMS_002419,2021-04-11,PERSON_00290,PERSON_00146,PHONE_00119,travel
SMS_002420,2026-03-03,PERSON_00429,PERSON_00049,PHONE_00239,meeting
SMS_002421,2023-11-28,PERSON_00246,PERSON_00068,PHONE_00569,cover story
SMS_002422,2021-05-30,PERSON_00360,PERSON_00078,PHONE_00467,travel
SMS_002423,2023-01-02,PERSON_00281,PERSON_00173,PHONE_00166,meeting
SMS_002424,2025-04-13,PERSON_00255,PERSON_00299,PHONE_00292,delivery
SMS_002425,2023-05-02,PERSON_00073,PERSON_00221,PHONE_00619,cover story
SMS_002426,2023-07-23,PERSON_00004,PERSON_00163,PHONE_00406,meeting
SMS_002427,2024-01-17,PERSON_00231,PERSON_00343,PHONE_00315,meeting
SMS_002428,2025-03-30,PERSON_00078,PERSON_00279,PHONE_00134,meeting
SMS_002429,2022-11-11,PERSON_00163,PERSON_00430,PHONE_00488,payment
SMS_002430,2023-06-04,PERSON_00229,PERSON_00130,PHONE_00325,delivery
SMS_002431,2021-09-12,PERSON_00336,PERSON_00337,PHONE_00083,travel
SMS_002432,2026-04-28,PERSON_00212,PERSON_00213,PHONE_00576,meeting
SMS_002433,2023-11-18,PERSON_00173,PERSON_00072,PHONE_00529,meeting
SMS_002434,2024-07-08,PERSON_00146,PERSON_00237,PHONE_00300,cover story
SMS_002435,2022-10-13,PERSON_00434,PERSON_00345,PHONE_00018,meeting
SMS_002436,2022-02-22,PERSON_00225,PERSON_00221,PHONE_00274,delivery
SMS_002437,2022-12-12,PERSON_00236,PERSON_00246,PHONE_00097,meeting
SMS_002438,2025-07-18,PERSON_00165,PERSON_00071,PHONE_00584,meeting
SMS_002439,2024-05-22,PERSON_00070,PERSON_00178,PHONE_00175,delivery
SMS_002440,2021-03-06,PERSON_00130,PERSON_00044,PHONE_00086,payment
SMS_002441,2025-09-26,PERSON_00102,PERSON_00016,PHONE_00442,cover story
SMS_002442,2022-10-27,PERSON_00344,PERSON_00299,PHONE_00371,payment
SMS_002443,2023-11-12,PERSON_00076,PERSON_00336,PHONE_00504,meeting
SMS_002444,2026-06-03,PERSON_00004,PERSON_00203,PHONE_00536,travel
SMS_002445,2024-09-22,PERSON_00040,PERSON_00065,PHONE_00208,payment
SMS_002446,2025-03-27,PERSON_00040,PERSON_00091,PHONE_00208,payment
SMS_002447,2025-02-16,PERSON_00043,PERSON_00336,PHONE_00343,payment
SMS_002448,2024-06-04,PERSON_00147,PERSON_00425,PHONE_00286,meeting
SMS_002449,2023-03-19,PERSON_00170,PERSON_00020,PHONE_00152,meeting
SMS_002450,2026-04-14,PERSON_00353,PERSON_00239,PHONE_00394,meeting
SMS_002451,2023-12-21,PERSON_00152,PERSON_00388,PHONE_00069,cover story
SMS_002452,2025-03-02,PERSON_00281,PERSON_00072,PHONE_00166,payment
SMS_002453,2025-03-20,PERSON_00306,PERSON_00231,PHONE_00117,meeting
SMS_002454,2024-01-19,PERSON_00133,PERSON_00055,PHONE_00502,meeting
SMS_002455,2024-07-15,PERSON_00382,PERSON_00378,PHONE_00070,payment
SMS_002456,2023-01-20,PERSON_00020,PERSON_00430,PHONE_00604,meeting
SMS_002457,2025-04-07,PERSON_00426,PERSON_00053,PHONE_00629,payment
SMS_002458,2025-07-09,PERSON_00223,PERSON_00085,PHONE_00141,cover story
SMS_002459,2025-06-07,PERSON_00436,PERSON_00363,PHONE_00187,payment
SMS_002460,2021-05-09,PERSON_00141,PERSON_00126,PHONE_00528,delivery
SMS_002461,2025-12-25,PERSON_00010,PERSON_00309,PHONE_00080,cover story
SMS_002462,2023-07-08,PERSON_00427,PERSON_00281,PHONE_00216,meeting
SMS_002463,2022-09-21,PERSON_00370,PERSON_00430,PHONE_00480,cover story
SMS_002464,2022-02-07,PERSON_00185,PERSON_00078,PHONE_00525,meeting
SMS_002465,2023-11-07,PERSON_00237,PERSON_00135,PHONE_00106,travel
SMS_002466,2022-05-07,PERSON_00201,PERSON_00126,PHONE_00390,travel
SMS_002467,2022-01-24,PERSON_00320,PERSON_00243,PHONE_00336,meeting
SMS_002468,2022-04-15,PERSON_00288,PERSON_00425,PHONE_00397,meeting
SMS_002469,2024-02-25,PERSON_00068,PERSON_00433,PHONE_00146,delivery
SMS_002470,2024-01-16,PERSON_00057,PERSON_00362,PHONE_00456,meeting
SMS_002471,2021-01-27,PERSON_00363,PERSON_00281,PHONE_00407,meeting
SMS_002472,2024-05-21,PERSON_00179,PERSON_00135,PHONE_00490,travel
SMS_002473,2023-03-23,PERSON_00053,PERSON_00255,PHONE_00527,cover story
SMS_002474,2024-05-10,PERSON_00300,PERSON_00072,PHONE_00060,payment
SMS_002475,2024-02-19,PERSON_00154,PERSON_00364,PHONE_00642,payment
SMS_002476,2021-11-11,PERSON_00434,PERSON_00176,PHONE_00018,travel
SMS_002477,2022-03-10,PERSON_00101,PERSON_00004,PHONE_00408,meeting
SMS_002478,2025-07-20,PERSON_00048,PERSON_00145,PHONE_00455,meeting
SMS_002479,2024-06-07,PERSON_00263,PERSON_00178,PHONE_00416,meeting
SMS_002480,2021-10-25,PERSON_00272,PERSON_00221,PHONE_00505,delivery
SMS_002481,2021-09-25,PERSON_00387,PERSON_00359,PHONE_00274,delivery
SMS_002482,2024-10-02,PERSON_00436,PERSON_00145,PHONE_00187,cover story
SMS_002483,2024-08-19,PERSON_00394,PERSON_00201,PHONE_00032,cover story
SMS_002484,2023-12-23,PERSON_00082,PERSON_00141,PHONE_00428,payment
SMS_002485,2025-03-31,PERSON_00184,PERSON_00306,PHONE_00496,meeting
SMS_002486,2022-02-13,PERSON_00201,PERSON_00425,PHONE_00390,cover story
SMS_002487,2023-03-03,PERSON_00143,PERSON_00448,PHONE_00497,cover story
SMS_002488,2024-09-08,PERSON_00043,PERSON_00337,PHONE_00343,travel
SMS_002489,2023-02-17,PERSON_00133,PERSON_00411,PHONE_00502,meeting
SMS_002490,2025-04-16,PERSON_00090,PERSON_00073,PHONE_00406,meeting
SMS_002491,2024-01-01,PERSON_00430,PERSON_00020,PHONE_00434,cover story
SMS_002492,2026-05-12,PERSON_00383,PERSON_00237,PHONE_00075,meeting
SMS_002493,2021-08-19,PERSON_00311,PERSON_00407,PHONE_00472,delivery
SMS_002494,2021-02-12,PERSON_00259,PERSON_00385,PHONE_00031,meeting
SMS_002495,2025-11-02,PERSON_00221,PERSON_00173,PHONE_00007,delivery
SMS_002496,2026-05-04,PERSON_00181,PERSON_00149,PHONE_00269,meeting
SMS_002497,2022-07-15,PERSON_00085,PERSON_00027,PHONE_00166,payment
SMS_002498,2022-02-16,PERSON_00135,PERSON_00010,PHONE_00564,delivery
SMS_002499,2022-02-19,PERSON_00032,PERSON_00107,PHONE_00446,payment
SMS_002500,2025-12-24,PERSON_00281,PERSON_00400,PHONE_00166,cover story
