txn_id,date,account_id,person_id,transaction_type,amount,counterparty,description
TXN_000001,2025-09-02,ACCT_00032,PERSON_00065,fuel,29361,VENDOR_012,fuel
TXN_000002,2023-05-29,ACCT_00109,PERSON_00443,grocery,41839,VENDOR_091,grocery
TXN_000003,2025-02-22,ACCT_00365,PERSON_00014,cash withdrawal,21917,VENDOR_082,cash withdrawal
TXN_000004,2022-04-25,ACCT_00144,PERSON_00312,restaurant,32300,VENDOR_014,restaurant
TXN_000005,2023-10-22,ACCT_00374,PERSON_00320,medical,40747,VENDOR_034,medical
TXN_000006,2025-10-05,ACCT_00013,PERSON_00090,cash withdrawal,168553,PERSON_00379,consultancy settlement
TXN_000007,2024-07-22,ACCT_00345,PERSON_00064,vendor payment,577669,PERSON_00052,event services
TXN_000008,2025-06-18,ACCT_00020,PERSON_00143,invoice,509344,PERSON_00016,event services
TXN_000009,2021-10-29,ACCT_00001,PERSON_00033,grocery,25951,VENDOR_038,grocery
TXN_000010,2026-02-26,ACCT_00117,PERSON_00155,cash withdrawal,44620,VENDOR_015,cash withdrawal
TXN_000011,2021-05-05,ACCT_00236,PERSON_00275,fuel,34280,VENDOR_083,fuel
TXN_000012,2022-02-21,ACCT_00383,PERSON_00347,festival advance,341322,VENDOR_089,legitimate cash-intensive retail/festival activity
TXN_000013,2024-10-21,ACCT_00435,PERSON_00352,cash withdrawal,6860,VENDOR_075,cash withdrawal
TXN_000014,2021-02-01,ACCT_00162,PERSON_00376,shopping,18943,VENDOR_099,shopping
TXN_000015,2022-09-15,ACCT_00269,PERSON_00101,cash withdrawal,10041,VENDOR_032,cash withdrawal
TXN_000016,2025-08-29,ACCT_00300,PERSON_00272,restaurant,43209,VENDOR_069,restaurant
TXN_000017,2024-02-23,ACCT_00166,PERSON_00272,salary,25223,VENDOR_040,salary
TXN_000018,2026-03-13,ACCT_00163,PERSON_00255,cash withdrawal,778665,PERSON_00386,freight settlement
TXN_000019,2025-05-28,ACCT_00456,PERSON_00142,grocery,26300,VENDOR_051,grocery
TXN_000020,2022-08-14,ACCT_00132,PERSON_00100,salary,2522,VENDOR_005,salary
TXN_000021,2025-07-24,ACCT_00001,PERSON_00033,festival advance,391354,VENDOR_063,legitimate cash-intensive retail/festival activity
TXN_000022,2024-07-28,ACCT_00216,PERSON_00230,transport,14147,VENDOR_020,transport
TXN_000023,2023-01-28,ACCT_00071,PERSON_00073,salary,11215,VENDOR_015,salary
TXN_000024,2025-02-13,ACCT_00283,PERSON_00112,grocery,19296,VENDOR_082,grocery
TXN_000025,2021-08-05,ACCT_00012,PERSON_00449,cash withdrawal,290685,PERSON_00288,transport settlement
TXN_000026,2026-01-01,ACCT_00319,PERSON_00404,rent,966,VENDOR_058,rent
TXN_000027,2023-01-13,ACCT_00213,PERSON_00048,shopping,13383,VENDOR_038,shopping
TXN_000028,2023-04-19,ACCT_00112,PERSON_00351,mobile recharge,17113,VENDOR_090,mobile recharge
TXN_000029,2021-12-27,ACCT_00077,PERSON_00308,school fee,24690,VENDOR_063,school fee
TXN_000030,2025-01-15,ACCT_00456,PERSON_00142,rent,9903,VENDOR_047,rent
TXN_000031,2021-10-05,ACCT_00450,PERSON_00445,fuel,27062,VENDOR_062,fuel
TXN_000032,2025-12-31,ACCT_00322,PERSON_00429,salary,43878,VENDOR_018,salary
TXN_000033,2021-02-19,ACCT_00167,PERSON_00088,wholesale jewellery,122041,VENDOR_072,legitimate cash-intensive retail/festival activity
TXN_000034,2026-04-03,ACCT_00311,PERSON_00006,shopping,27642,VENDOR_091,shopping
TXN_000035,2024-07-10,ACCT_00037,PERSON_00113,cash deposit,367189,VENDOR_095,legitimate cash-intensive retail/festival activity
TXN_000036,2023-10-07,ACCT_00001,PERSON_00033,fuel,28166,VENDOR_059,fuel
TXN_000037,2025-01-29,ACCT_00408,PERSON_00407,vendor payment,242878,PERSON_00416,premium settlement
TXN_000038,2022-10-30,ACCT_00057,PERSON_00311,shopping,24968,VENDOR_071,shopping
TXN_000039,2024-07-11,ACCT_00027,PERSON_00215,grocery,37549,VENDOR_063,grocery
TXN_000040,2026-01-22,ACCT_00078,PERSON_00428,salary,36671,VENDOR_009,salary
TXN_000041,2022-07-05,ACCT_00175,PERSON_00207,cash withdrawal,16860,VENDOR_061,cash withdrawal
TXN_000042,2022-05-13,ACCT_00010,PERSON_00325,cash withdrawal,574394,PERSON_00320,service commission
TXN_000043,2024-06-24,ACCT_00332,PERSON_00240,cash withdrawal,35707,VENDOR_097,cash withdrawal
TXN_000044,2025-06-30,ACCT_00449,PERSON_00159,settlement,271979,PERSON_00385,premium settlement
TXN_000045,2024-11-09,ACCT_00025,PERSON_00315,rent,34889,VENDOR_057,rent
TXN_000046,2025-03-21,ACCT_00390,PERSON_00049,shopping,6049,VENDOR_026,shopping
TXN_000047,2025-03-19,ACCT_00047,PERSON_00409,cash withdrawal,25761,VENDOR_007,cash withdrawal
TXN_000048,2025-05-15,ACCT_00037,PERSON_00113,wholesale jewellery,107432,VENDOR_098,legitimate cash-intensive retail/festival activity
TXN_000049,2023-06-24,ACCT_00260,PERSON_00261,shopping,10838,VENDOR_034,shopping
TXN_000050,2026-06-05,ACCT_00351,PERSON_00163,settlement,643135,PERSON_00173,service commission
TXN_000051,2025-09-11,ACCT_00467,PERSON_00357,grocery,32180,VENDOR_020,grocery
TXN_000052,2023-01-03,ACCT_00393,PERSON_00408,cash withdrawal,32675,VENDOR_060,cash withdrawal
TXN_000053,2022-10-23,ACCT_00363,PERSON_00122,fuel,24218,VENDOR_024,fuel
TXN_000054,2026-02-21,ACCT_00133,PERSON_00184,medical,38302,VENDOR_003,medical
TXN_000055,2021-08-14,ACCT_00045,PERSON_00061,mobile recharge,3984,VENDOR_034,mobile recharge
TXN_000056,2022-06-27,ACCT_00102,PERSON_00173,shopping,23843,VENDOR_086,shopping
TXN_000057,2023-04-06,ACCT_00479,PERSON_00082,utility,13076,VENDOR_057,utility
TXN_000058,2025-08-09,ACCT_00316,PERSON_00237,cash withdrawal,664879,PERSON_00146,registration/document fee
TXN_000059,2025-04-12,ACCT_00037,PERSON_00113,festival advance,264339,VENDOR_028,legitimate cash-intensive retail/festival activity
TXN_000060,2022-12-08,ACCT_00355,PERSON_00263,invoice,691157,PERSON_00178,premium settlement
TXN_000061,2026-04-03,ACCT_00373,PERSON_00141,transfer,447891,PERSON_00071,transport settlement
TXN_000062,2023-05-14,ACCT_00405,PERSON_00329,transport,35840,VENDOR_065,transport
TXN_000063,2021-12-27,ACCT_00070,PERSON_00216,fuel,12275,VENDOR_099,fuel
TXN_000064,2025-05-17,ACCT_00016,PERSON_00220,restaurant,20521,VENDOR_036,restaurant
TXN_000065,2025-09-12,ACCT_00054,PERSON_00157,fuel,32037,VENDOR_089,fuel
TXN_000066,2023-11-10,ACCT_00202,PERSON_00149,vendor payment,690964,PERSON_00405,vehicle advance
TXN_000067,2021-06-09,ACCT_00334,PERSON_00419,shopping,16269,VENDOR_086,shopping
TXN_000068,2021-01-10,ACCT_00470,PERSON_00324,medical,35447,VENDOR_041,medical
TXN_000069,2026-05-08,ACCT_00132,PERSON_00100,supplier settlement,145053,VENDOR_033,legitimate cash-intensive retail/festival activity
TXN_000070,2023-03-08,ACCT_00184,PERSON_00343,school fee,24885,VENDOR_088,school fee
TXN_000071,2023-01-06,ACCT_00408,PERSON_00407,transport,5170,VENDOR_078,transport
TXN_000072,2021-02-06,ACCT_00320,PERSON_00327,mobile recharge,26808,VENDOR_042,mobile recharge
TXN_000073,2025-07-07,ACCT_00282,PERSON_00436,utility,22715,VENDOR_053,utility
TXN_000074,2025-10-14,ACCT_00290,PERSON_00362,cash withdrawal,3261,VENDOR_014,cash withdrawal
TXN_000075,2025-04-24,ACCT_00416,PERSON_00043,cash withdrawal,402983,PERSON_00185,wholesale goods
TXN_000076,2022-12-12,ACCT_00284,PERSON_00238,rent,38432,VENDOR_074,rent
TXN_000077,2023-07-09,ACCT_00238,PERSON_00321,restaurant,28379,VENDOR_093,restaurant
TXN_000078,2021-01-16,ACCT_00001,PERSON_00033,gold purchase,61701,VENDOR_089,legitimate cash-intensive retail/festival activity
TXN_000079,2024-03-28,ACCT_00021,PERSON_00367,fuel,1147,VENDOR_038,fuel
TXN_000080,2025-09-21,ACCT_00233,PERSON_00344,invoice,12252,PERSON_00314,freight settlement
TXN_000081,2023-09-14,ACCT_00359,PERSON_00427,transfer,174073,PERSON_00236,site material settlement
TXN_000082,2022-01-08,ACCT_00246,PERSON_00244,wholesale jewellery,67798,VENDOR_076,legitimate cash-intensive retail/festival activity
TXN_000083,2021-02-17,ACCT_00101,PERSON_00160,cash withdrawal,59723,PERSON_00282,vehicle advance
TXN_000084,2022-04-01,ACCT_00245,PERSON_00151,restaurant,35180,VENDOR_074,restaurant
TXN_000085,2025-11-10,ACCT_00132,PERSON_00100,grocery,5804,VENDOR_021,grocery
TXN_000086,2021-11-19,ACCT_00462,PERSON_00186,school fee,2542,VENDOR_081,school fee
TXN_000087,2023-08-05,ACCT_00279,PERSON_00212,cash deposit,578659,PERSON_00010,freight settlement
TXN_000088,2021-10-18,ACCT_00307,PERSON_00305,restaurant,15235,VENDOR_080,restaurant
TXN_000089,2023-05-24,ACCT_00274,PERSON_00188,cash withdrawal,40948,VENDOR_031,cash withdrawal
TXN_000090,2021-02-22,ACCT_00440,PERSON_00421,cash withdrawal,42767,VENDOR_052,cash withdrawal
TXN_000091,2021-09-13,ACCT_00390,PERSON_00049,cash withdrawal,331556,PERSON_00102,event services
TXN_000092,2024-06-10,ACCT_00103,PERSON_00323,fuel,44365,VENDOR_021,fuel
TXN_000093,2024-01-22,ACCT_00037,PERSON_00113,festival advance,139952,VENDOR_075,legitimate cash-intensive retail/festival activity
TXN_000094,2024-04-28,ACCT_00177,PERSON_00209,grocery,41915,VENDOR_097,grocery
TXN_000095,2025-09-15,ACCT_00445,PERSON_00259,rent,4289,VENDOR_095,rent
TXN_000096,2021-10-27,ACCT_00373,PERSON_00141,transfer,672633,PERSON_00082,transport settlement
TXN_000097,2022-09-04,ACCT_00167,PERSON_00088,cash deposit,887617,PERSON_00133,event services
TXN_000098,2026-06-09,ACCT_00104,PERSON_00027,medical,2845,VENDOR_048,medical
TXN_000099,2022-06-07,ACCT_00074,PERSON_00293,school fee,38333,VENDOR_091,school fee
TXN_000100,2026-02-02,ACCT_00001,PERSON_00033,festival advance,27841,VENDOR_046,legitimate cash-intensive retail/festival activity
TXN_000101,2025-08-02,ACCT_00269,PERSON_00101,invoice,541909,PERSON_00445,service commission
TXN_000102,2025-04-08,ACCT_00377,PERSON_00417,festival advance,244988,VENDOR_070,legitimate cash-intensive retail/festival activity
TXN_000103,2026-03-20,ACCT_00412,PERSON_00089,restaurant,30655,VENDOR_073,restaurant
TXN_000104,2022-01-15,ACCT_00162,PERSON_00376,vendor payment,758338,PERSON_00048,site material settlement
TXN_000105,2022-07-26,ACCT_00128,PERSON_00061,salary,2416,VENDOR_052,salary
TXN_000106,2023-03-20,ACCT_00266,PERSON_00402,grocery,7277,VENDOR_071,grocery
TXN_000107,2023-06-23,ACCT_00256,PERSON_00309,cash withdrawal,142887,PERSON_00444,freight settlement
TXN_000108,2025-12-25,ACCT_00412,PERSON_00089,grocery,3151,VENDOR_050,grocery
TXN_000109,2024-02-27,ACCT_00210,PERSON_00290,shopping,12801,VENDOR_003,shopping
TXN_000110,2023-08-18,ACCT_00167,PERSON_00088,shopping,39314,VENDOR_043,shopping
TXN_000111,2026-02-12,ACCT_00011,PERSON_00010,cash withdrawal,328123,PERSON_00237,registration/document fee
TXN_000112,2025-08-19,ACCT_00077,PERSON_00308,fuel,27114,VENDOR_035,fuel
TXN_000113,2024-01-23,ACCT_00431,PERSON_00346,fuel,30008,VENDOR_050,fuel
TXN_000114,2026-06-23,ACCT_00430,PERSON_00025,restaurant,31728,VENDOR_038,restaurant
TXN_000115,2021-11-30,ACCT_00001,PERSON_00033,cash deposit,433598,VENDOR_078,legitimate cash-intensive retail/festival activity
TXN_000116,2022-03-25,ACCT_00426,PERSON_00322,transfer,629382,PERSON_00146,registration/document fee
TXN_000117,2024-08-13,ACCT_00447,PERSON_00379,transport,4517,VENDOR_031,transport
TXN_000118,2025-01-03,ACCT_00298,PERSON_00371,transport,40525,VENDOR_059,transport
TXN_000119,2026-02-04,ACCT_00307,PERSON_00305,shopping,7324,VENDOR_002,shopping
TXN_000120,2025-11-06,ACCT_00460,PERSON_00336,transport,43770,VENDOR_044,transport
TXN_000121,2025-03-11,ACCT_00095,PERSON_00012,shopping,3369,VENDOR_094,shopping
TXN_000122,2026-06-23,ACCT_00210,PERSON_00290,invoice,393621,PERSON_00391,registration/document fee
TXN_000123,2024-04-13,ACCT_00174,PERSON_00414,fuel,5337,VENDOR_063,fuel
TXN_000124,2022-07-09,ACCT_00111,PERSON_00144,restaurant,43898,VENDOR_039,restaurant
TXN_000125,2025-01-19,ACCT_00142,PERSON_00179,cash deposit,394984,VENDOR_054,legitimate cash-intensive retail/festival activity
TXN_000126,2021-03-30,ACCT_00231,PERSON_00246,transport,29929,VENDOR_064,transport
TXN_000127,2026-04-08,ACCT_00367,PERSON_00256,invoice,595877,PERSON_00227,site material settlement
TXN_000128,2024-05-12,ACCT_00464,PERSON_00109,cash withdrawal,5426,VENDOR_056,cash withdrawal
TXN_000129,2021-08-27,ACCT_00142,PERSON_00179,gold purchase,346438,VENDOR_093,legitimate cash-intensive retail/festival activity
TXN_000130,2022-08-14,ACCT_00014,PERSON_00088,gold purchase,159691,VENDOR_082,legitimate cash-intensive retail/festival activity
TXN_000131,2021-01-05,ACCT_00048,PERSON_00067,mobile recharge,12120,VENDOR_063,mobile recharge
TXN_000501,2025-04-08,ACCT_00451,PERSON_00281,transfer,52438,PERSON_00283,intermediary settlement
TXN_000133,2024-09-19,ACCT_00262,PERSON_00383,salary,25191,VENDOR_006,salary
TXN_000134,2025-08-03,ACCT_00209,PERSON_00227,transfer,67208,PERSON_00364,site material settlement
TXN_000135,2026-03-27,ACCT_00442,PERSON_00079,fuel,4610,VENDOR_053,fuel
TXN_000136,2022-03-01,ACCT_00115,PERSON_00225,invoice,459128,PERSON_00032,consultancy settlement
TXN_000137,2023-09-20,ACCT_00229,PERSON_00094,cash withdrawal,34577,VENDOR_008,cash withdrawal
TXN_000138,2026-02-06,ACCT_00340,PERSON_00058,grocery,14687,VENDOR_026,grocery
TXN_000139,2026-01-27,ACCT_00078,PERSON_00428,shopping,36470,VENDOR_008,shopping
TXN_000140,2022-07-15,ACCT_00223,PERSON_00298,cash withdrawal,43663,VENDOR_025,cash withdrawal
TXN_000141,2022-10-26,ACCT_00250,PERSON_00253,utility,16521,VENDOR_066,utility
TXN_000142,2023-02-04,ACCT_00256,PERSON_00309,fuel,6500,VENDOR_010,fuel
TXN_000143,2024-10-06,ACCT_00255,PERSON_00129,shopping,33125,VENDOR_086,shopping
TXN_000144,2025-06-19,ACCT_00235,PERSON_00431,shopping,29352,VENDOR_011,shopping
TXN_000145,2023-03-10,ACCT_00335,PERSON_00248,invoice,726216,PERSON_00050,freight settlement
TXN_000146,2025-10-15,ACCT_00465,PERSON_00282,vendor payment,691956,PERSON_00393,vehicle advance
TXN_000147,2024-05-17,ACCT_00304,PERSON_00280,cash withdrawal,508,VENDOR_040,cash withdrawal
TXN_000148,2025-07-11,ACCT_00407,PERSON_00011,gold purchase,225555,VENDOR_016,legitimate cash-intensive retail/festival activity
TXN_000149,2021-01-04,ACCT_00019,PERSON_00175,medical,41994,VENDOR_058,medical
TXN_000150,2025-07-20,ACCT_00410,PERSON_00307,grocery,41284,VENDOR_007,grocery
TXN_000151,2023-07-03,ACCT_00205,PERSON_00349,shopping,15869,VENDOR_004,shopping
TXN_000152,2023-03-19,ACCT_00003,PERSON_00434,transport,22492,VENDOR_072,transport
TXN_000153,2024-06-29,ACCT_00436,PERSON_00199,grocery,617,VENDOR_066,grocery
TXN_000154,2025-05-26,ACCT_00407,PERSON_00011,restaurant,21270,VENDOR_065,restaurant
TXN_000155,2022-11-28,ACCT_00130,PERSON_00416,salary,43821,VENDOR_098,salary
TXN_004245,2025-09-05,ACCT_00102,PERSON_00173,transfer,124265,PERSON_00320,intermediary settlement
TXN_000157,2021-10-03,ACCT_00287,PERSON_00071,cash withdrawal,5335,VENDOR_022,cash withdrawal
TXN_000158,2022-01-22,ACCT_00142,PERSON_00179,gold purchase,183073,VENDOR_098,legitimate cash-intensive retail/festival activity
TXN_000159,2022-06-09,ACCT_00061,PERSON_00102,mobile recharge,41681,VENDOR_034,mobile recharge
TXN_000160,2024-08-27,ACCT_00372,PERSON_00028,cash deposit,319655,PERSON_00279,wholesale goods
TXN_000161,2025-12-22,ACCT_00032,PERSON_00065,settlement,679764,PERSON_00141,transport settlement
TXN_000162,2021-01-20,ACCT_00022,PERSON_00372,rent,10087,VENDOR_084,rent
TXN_000163,2022-04-29,ACCT_00465,PERSON_00282,invoice,547743,PERSON_00287,vehicle advance
TXN_000164,2021-06-21,ACCT_00065,PERSON_00014,fuel,664,VENDOR_018,fuel
TXN_000165,2022-12-05,ACCT_00227,PERSON_00023,mobile recharge,40478,VENDOR_095,mobile recharge
TXN_000166,2025-05-04,ACCT_00425,PERSON_00328,rent,28303,VENDOR_038,rent
TXN_000167,2026-05-25,ACCT_00407,PERSON_00011,cash deposit,52425,VENDOR_042,legitimate cash-intensive retail/festival activity
TXN_000168,2025-05-04,ACCT_00202,PERSON_00149,grocery,40367,VENDOR_096,grocery
TXN_000169,2021-01-04,ACCT_00182,PERSON_00241,medical,42861,VENDOR_072,medical
TXN_000170,2021-04-01,ACCT_00474,PERSON_00116,rent,31139,VENDOR_010,rent
TXN_000171,2021-12-01,ACCT_00142,PERSON_00179,supplier settlement,31073,VENDOR_022,legitimate cash-intensive retail/festival activity
TXN_000172,2022-06-06,ACCT_00447,PERSON_00379,cash withdrawal,159541,PERSON_00016,event services
TXN_000173,2025-10-05,ACCT_00350,PERSON_00059,supplier settlement,155009,VENDOR_060,legitimate cash-intensive retail/festival activity
TXN_000174,2026-03-22,ACCT_00363,PERSON_00122,shopping,15250,VENDOR_023,shopping
TXN_000175,2023-06-07,ACCT_00282,PERSON_00436,grocery,5086,VENDOR_024,grocery
TXN_000176,2021-12-16,ACCT_00349,PERSON_00384,medical,44364,VENDOR_069,medical
TXN_000177,2024-02-20,ACCT_00208,PERSON_00368,cash withdrawal,40827,VENDOR_090,cash withdrawal
TXN_000178,2023-09-23,ACCT_00133,PERSON_00184,invoice,587955,PERSON_00337,wholesale goods
TXN_000179,2025-10-14,ACCT_00383,PERSON_00347,cash deposit,274145,VENDOR_022,legitimate cash-intensive retail/festival activity
TXN_000180,2022-01-29,ACCT_00419,PERSON_00380,cash withdrawal,38885,VENDOR_072,cash withdrawal
TXN_000181,2022-08-01,ACCT_00028,PERSON_00059,gold purchase,307328,VENDOR_062,legitimate cash-intensive retail/festival activity
TXN_000182,2021-07-30,ACCT_00439,PERSON_00385,settlement,343933,PERSON_00220,premium settlement
TXN_000183,2023-08-15,ACCT_00131,PERSON_00331,settlement,49546,PERSON_00091,transport settlement
TXN_000184,2021-10-12,ACCT_00069,PERSON_00165,cash withdrawal,44876,VENDOR_013,cash withdrawal
TXN_000185,2021-06-16,ACCT_00241,PERSON_00430,cash deposit,72205,PERSON_00445,service commission
TXN_000186,2022-06-04,ACCT_00163,PERSON_00255,shopping,32864,VENDOR_090,shopping
TXN_000187,2024-02-24,ACCT_00149,PERSON_00380,cash withdrawal,17239,VENDOR_083,cash withdrawal
TXN_000188,2021-12-20,ACCT_00347,PERSON_00291,cash withdrawal,29157,VENDOR_100,cash withdrawal
TXN_000189,2025-12-27,ACCT_00277,PERSON_00182,vendor payment,505159,PERSON_00287,vehicle advance
TXN_000190,2024-03-26,ACCT_00276,PERSON_00154,settlement,22004,PERSON_00145,site material settlement
TXN_000191,2024-12-03,ACCT_00181,PERSON_00111,transport,25927,VENDOR_029,transport
TXN_000192,2025-07-01,ACCT_00037,PERSON_00113,gold purchase,34613,VENDOR_037,legitimate cash-intensive retail/festival activity
TXN_000193,2025-01-07,ACCT_00134,PERSON_00339,restaurant,35480,VENDOR_063,restaurant
TXN_000194,2022-11-21,ACCT_00120,PERSON_00153,cash withdrawal,30030,VENDOR_031,cash withdrawal
TXN_000195,2025-10-09,ACCT_00423,PERSON_00439,shopping,10838,VENDOR_084,shopping
TXN_000196,2024-10-08,ACCT_00190,PERSON_00271,medical,24106,VENDOR_033,medical
TXN_000197,2025-03-09,ACCT_00453,PERSON_00009,invoice,388753,PERSON_00034,consultancy settlement
TXN_000198,2025-07-13,ACCT_00037,PERSON_00113,shopping,29197,VENDOR_058,shopping
TXN_000199,2023-03-25,ACCT_00105,PERSON_00212,transfer,467567,PERSON_00010,freight settlement
TXN_000200,2021-06-11,ACCT_00241,PERSON_00430,settlement,14539,PERSON_00020,service commission
TXN_000201,2023-12-16,ACCT_00480,PERSON_00040,cash deposit,883039,PERSON_00147,transport settlement
TXN_000202,2023-04-09,ACCT_00450,PERSON_00445,school fee,31085,VENDOR_043,school fee
TXN_000203,2024-04-13,ACCT_00438,PERSON_00074,grocery,13650,VENDOR_008,grocery
TXN_000204,2021-11-26,ACCT_00334,PERSON_00419,fuel,30771,VENDOR_009,fuel
TXN_000205,2024-08-18,ACCT_00103,PERSON_00323,shopping,1911,VENDOR_058,shopping
TXN_000206,2022-02-26,ACCT_00179,PERSON_00332,transport,38419,VENDOR_036,transport
TXN_000207,2024-05-17,ACCT_00478,PERSON_00218,grocery,38869,VENDOR_041,grocery
TXN_000208,2022-01-30,ACCT_00439,PERSON_00385,transfer,883841,PERSON_00057,premium settlement
TXN_000209,2022-12-21,ACCT_00138,PERSON_00381,invoice,5118,PERSON_00426,freight settlement
TXN_000210,2024-03-24,ACCT_00460,PERSON_00336,vendor payment,380692,PERSON_00171,wholesale goods
TXN_000211,2025-01-21,ACCT_00029,PERSON_00037,shopping,31386,VENDOR_020,shopping
TXN_000212,2021-01-12,ACCT_00146,PERSON_00287,shopping,22115,VENDOR_035,shopping
TXN_000213,2022-07-09,ACCT_00315,PERSON_00202,cash withdrawal,35757,VENDOR_088,cash withdrawal
TXN_000214,2024-11-29,ACCT_00329,PERSON_00069,cash withdrawal,380736,PERSON_00170,service commission
TXN_000215,2023-07-30,ACCT_00238,PERSON_00321,grocery,21504,VENDOR_012,grocery
TXN_000216,2024-03-13,ACCT_00350,PERSON_00059,gold purchase,303651,VENDOR_059,legitimate cash-intensive retail/festival activity
TXN_000217,2021-04-28,ACCT_00462,PERSON_00186,cash deposit,364983,PERSON_00121,consultancy settlement
TXN_000218,2025-05-24,ACCT_00417,PERSON_00076,rent,39976,VENDOR_054,rent
TXN_000219,2021-10-02,ACCT_00041,PERSON_00354,shopping,19024,VENDOR_035,shopping
TXN_000220,2023-05-11,ACCT_00161,PERSON_00030,grocery,1687,VENDOR_085,grocery
TXN_000221,2024-07-22,ACCT_00246,PERSON_00244,festival advance,24106,VENDOR_075,legitimate cash-intensive retail/festival activity
TXN_000222,2024-10-30,ACCT_00142,PERSON_00179,wholesale jewellery,329982,VENDOR_024,legitimate cash-intensive retail/festival activity
TXN_000223,2022-10-06,ACCT_00354,PERSON_00164,rent,44366,VENDOR_063,rent
TXN_000224,2025-03-24,ACCT_00122,PERSON_00148,cash withdrawal,160438,PERSON_00034,consultancy settlement
TXN_000225,2025-05-27,ACCT_00269,PERSON_00101,restaurant,43276,VENDOR_032,restaurant
TXN_000226,2026-02-03,ACCT_00251,PERSON_00383,cash withdrawal,29716,VENDOR_041,cash withdrawal
TXN_000227,2023-05-03,ACCT_00293,PERSON_00054,fuel,17899,VENDOR_005,fuel
TXN_000228,2023-12-01,ACCT_00122,PERSON_00148,transport,7654,VENDOR_040,transport
TXN_000229,2023-07-10,ACCT_00088,PERSON_00155,restaurant,7527,VENDOR_066,restaurant
TXN_000230,2023-11-20,ACCT_00314,PERSON_00189,shopping,11850,VENDOR_085,shopping
TXN_000231,2026-05-24,ACCT_00057,PERSON_00311,grocery,22184,VENDOR_036,grocery
TXN_000232,2021-07-27,ACCT_00152,PERSON_00219,cash deposit,130981,PERSON_00353,consultancy settlement
TXN_000233,2023-12-04,ACCT_00462,PERSON_00186,shopping,15003,VENDOR_050,shopping
TXN_000234,2025-08-20,ACCT_00366,PERSON_00063,salary,21708,VENDOR_011,salary
TXN_000235,2021-10-21,ACCT_00383,PERSON_00347,wholesale jewellery,108129,VENDOR_031,legitimate cash-intensive retail/festival activity
TXN_000236,2022-05-19,ACCT_00013,PERSON_00090,restaurant,28065,VENDOR_050,restaurant
TXN_000237,2026-04-19,ACCT_00266,PERSON_00402,invoice,436830,PERSON_00127,consultancy settlement
TXN_000238,2021-06-26,ACCT_00015,PERSON_00294,shopping,23603,VENDOR_027,shopping
TXN_000239,2022-09-19,ACCT_00316,PERSON_00237,salary,17343,VENDOR_067,salary
TXN_000240,2023-12-03,ACCT_00245,PERSON_00151,invoice,314415,PERSON_00032,consultancy settlement
TXN_000241,2023-06-25,ACCT_00144,PERSON_00312,vendor payment,647020,PERSON_00011,premium settlement
TXN_000242,2023-12-06,ACCT_00457,PERSON_00300,cash deposit,583546,PERSON_00182,vehicle advance
TXN_000243,2021-07-16,ACCT_00447,PERSON_00379,invoice,754804,PERSON_00073,consultancy settlement
TXN_000244,2023-01-17,ACCT_00204,PERSON_00070,settlement,540701,PERSON_00407,premium settlement
TXN_000245,2024-04-11,ACCT_00385,PERSON_00257,medical,38718,VENDOR_079,medical
TXN_000246,2022-10-28,ACCT_00031,PERSON_00223,settlement,353141,PERSON_00376,site material settlement
TXN_000247,2021-03-23,ACCT_00352,PERSON_00110,rent,23697,VENDOR_018,rent
TXN_000248,2024-04-06,ACCT_00294,PERSON_00177,utility,40145,VENDOR_054,utility
TXN_000249,2021-01-10,ACCT_00022,PERSON_00372,fuel,5992,VENDOR_063,fuel
TXN_000250,2023-07-07,ACCT_00365,PERSON_00014,cash withdrawal,13210,VENDOR_027,cash withdrawal
TXN_000251,2022-12-16,ACCT_00201,PERSON_00224,restaurant,9126,VENDOR_010,restaurant
TXN_000252,2023-05-16,ACCT_00402,PERSON_00345,cash deposit,517189,PERSON_00300,vehicle advance
TXN_000253,2026-05-10,ACCT_00316,PERSON_00237,rent,38584,VENDOR_077,rent
TXN_000254,2026-02-21,ACCT_00253,PERSON_00072,shopping,5150,VENDOR_071,shopping
TXN_000255,2021-07-13,ACCT_00031,PERSON_00223,cash deposit,528259,PERSON_00281,site material settlement
TXN_000256,2023-02-01,ACCT_00305,PERSON_00020,invoice,213725,PERSON_00325,service commission
TXN_000257,2021-07-17,ACCT_00138,PERSON_00381,utility,4288,VENDOR_034,utility
TXN_000258,2024-10-22,ACCT_00087,PERSON_00010,cash deposit,262595,PERSON_00383,registration/document fee
TXN_000259,2026-02-02,ACCT_00206,PERSON_00075,school fee,17397,VENDOR_091,school fee
TXN_000260,2026-06-29,ACCT_00426,PERSON_00322,transfer,834296,PERSON_00179,registration/document fee
TXN_000261,2022-08-28,ACCT_00399,PERSON_00363,fuel,41272,VENDOR_009,fuel
TXN_000262,2022-06-17,ACCT_00142,PERSON_00179,rent,1036,VENDOR_077,rent
TXN_000263,2024-12-03,ACCT_00356,PERSON_00338,grocery,19070,VENDOR_059,grocery
TXN_000264,2026-05-15,ACCT_00260,PERSON_00261,restaurant,1193,VENDOR_060,restaurant
TXN_000265,2026-04-24,ACCT_00133,PERSON_00184,fuel,19031,VENDOR_074,fuel
TXN_000266,2021-02-02,ACCT_00017,PERSON_00088,salary,14948,VENDOR_019,salary
TXN_000267,2024-05-06,ACCT_00134,PERSON_00339,utility,1937,VENDOR_007,utility
TXN_000268,2025-08-09,ACCT_00155,PERSON_00268,rent,15227,VENDOR_052,rent
TXN_000269,2025-02-06,ACCT_00019,PERSON_00175,salary,15148,VENDOR_089,salary
TXN_000270,2023-08-04,ACCT_00388,PERSON_00149,utility,40528,VENDOR_093,utility
TXN_000271,2026-05-29,ACCT_00246,PERSON_00244,wholesale jewellery,373968,Festival Jewel Mart,legitimate cash-intensive retail/festival activity
TXN_000272,2025-07-03,ACCT_00434,PERSON_00342,cash withdrawal,1552,VENDOR_045,cash withdrawal
TXN_000273,2021-11-04,ACCT_00176,PERSON_00264,restaurant,9088,VENDOR_020,restaurant
TXN_000274,2025-10-03,ACCT_00010,PERSON_00325,rent,43496,VENDOR_055,rent
TXN_000275,2022-10-12,ACCT_00009,PERSON_00057,settlement,700985,PERSON_00416,premium settlement
TXN_000276,2024-06-07,ACCT_00422,PERSON_00052,rent,31482,VENDOR_033,rent
TXN_000277,2023-06-02,ACCT_00069,PERSON_00165,mobile recharge,1048,VENDOR_090,mobile recharge
TXN_000278,2024-09-07,ACCT_00266,PERSON_00402,vendor payment,855690,PERSON_00434,vehicle advance
TXN_000279,2023-12-30,ACCT_00227,PERSON_00023,cash deposit,170872,VENDOR_068,legitimate cash-intensive retail/festival activity
TXN_000280,2025-01-20,ACCT_00012,PERSON_00449,settlement,889095,PERSON_00141,transport settlement
TXN_000281,2025-08-08,ACCT_00417,PERSON_00076,cash withdrawal,433957,PERSON_00231,wholesale goods
TXN_000282,2023-05-20,ACCT_00457,PERSON_00300,shopping,26325,VENDOR_010,shopping
TXN_000283,2026-04-24,ACCT_00102,PERSON_00173,cash withdrawal,850,VENDOR_038,cash withdrawal
TXN_000284,2023-11-05,ACCT_00227,PERSON_00023,grocery,42076,VENDOR_085,grocery
TXN_000285,2026-03-08,ACCT_00384,PERSON_00299,cash deposit,569150,PERSON_00060,freight settlement
TXN_000286,2023-03-02,ACCT_00416,PERSON_00043,cash withdrawal,499710,PERSON_00171,wholesale goods
TXN_005188,2024-05-01,ACCT_00102,PERSON_00173,transfer,52410,PERSON_00370,intermediary settlement
TXN_000288,2025-02-19,ACCT_00376,PERSON_00232,cash withdrawal,375497,PERSON_00155,freight settlement
TXN_000289,2023-12-01,ACCT_00392,PERSON_00226,shopping,23089,VENDOR_017,shopping
TXN_000290,2021-12-07,ACCT_00358,PERSON_00085,shopping,4746,VENDOR_086,shopping
TXN_000291,2021-03-19,ACCT_00436,PERSON_00199,mobile recharge,17107,VENDOR_054,mobile recharge
TXN_000292,2022-12-30,ACCT_00462,PERSON_00186,transfer,319031,PERSON_00107,consultancy settlement
TXN_000293,2025-07-04,ACCT_00087,PERSON_00010,invoice,584119,PERSON_00391,registration/document fee
TXN_000294,2024-12-21,ACCT_00407,PERSON_00011,cash deposit,49003,VENDOR_089,legitimate cash-intensive retail/festival activity
TXN_000295,2025-08-21,ACCT_00014,PERSON_00088,wholesale jewellery,73844,VENDOR_053,legitimate cash-intensive retail/festival activity
TXN_000296,2024-02-18,ACCT_00276,PERSON_00154,rent,25861,VENDOR_086,rent
TXN_000297,2023-05-15,ACCT_00169,PERSON_00249,mobile recharge,22804,VENDOR_094,mobile recharge
TXN_000298,2021-10-15,ACCT_00262,PERSON_00383,school fee,14045,VENDOR_070,school fee
TXN_000299,2021-04-21,ACCT_00004,PERSON_00425,transfer,238922,PERSON_00065,transport settlement
TXN_000300,2021-12-11,ACCT_00246,PERSON_00244,cash deposit,49136,VENDOR_016,legitimate cash-intensive retail/festival activity
TXN_000301,2023-12-29,ACCT_00133,PERSON_00184,settlement,641651,PERSON_00185,wholesale goods
TXN_000302,2024-11-10,ACCT_00105,PERSON_00212,grocery,30651,VENDOR_047,grocery
TXN_000303,2025-03-01,ACCT_00151,PERSON_00335,medical,12372,VENDOR_061,medical
TXN_000304,2023-07-27,ACCT_00030,PERSON_00363,vendor payment,876866,PERSON_00246,site material settlement
TXN_000305,2022-11-02,ACCT_00008,PERSON_00069,vendor payment,96771,PERSON_00255,freight settlement
TXN_000306,2023-09-24,ACCT_00301,PERSON_00251,mobile recharge,15079,VENDOR_045,mobile recharge
TXN_000307,2025-05-04,ACCT_00206,PERSON_00075,cash withdrawal,3452,VENDOR_079,cash withdrawal
TXN_000308,2023-04-25,ACCT_00252,PERSON_00447,cash withdrawal,37728,VENDOR_010,cash withdrawal
TXN_000309,2024-04-18,ACCT_00160,PERSON_00417,festival advance,363060,Astra Gold House,legitimate cash-intensive retail/festival activity
TXN_000310,2025-02-20,ACCT_00130,PERSON_00416,vendor payment,634967,PERSON_00312,premium settlement
TXN_000311,2022-12-09,ACCT_00181,PERSON_00111,grocery,2728,VENDOR_005,grocery
TXN_000312,2025-04-26,ACCT_00380,PERSON_00178,transport,27087,VENDOR_035,transport
TXN_000313,2024-09-08,ACCT_00001,PERSON_00033,cash deposit,46886,PERSON_00283,registration/document fee
TXN_000314,2026-03-24,ACCT_00229,PERSON_00094,salary,17503,VENDOR_049,salary
TXN_000315,2022-01-12,ACCT_00303,PERSON_00442,restaurant,32704,VENDOR_061,restaurant
TXN_000316,2023-07-30,ACCT_00355,PERSON_00263,school fee,28530,VENDOR_081,school fee
TXN_000317,2023-11-24,ACCT_00373,PERSON_00141,cash withdrawal,417365,PERSON_00331,transport settlement
TXN_000318,2026-06-30,ACCT_00411,PERSON_00174,grocery,44567,VENDOR_083,grocery
TXN_000319,2025-06-12,ACCT_00154,PERSON_00117,school fee,9948,VENDOR_060,school fee
TXN_000320,2023-03-17,ACCT_00166,PERSON_00272,fuel,11365,VENDOR_071,fuel
TXN_000321,2022-09-19,ACCT_00409,PERSON_00193,cash withdrawal,28385,VENDOR_083,cash withdrawal
TXN_000322,2025-08-29,ACCT_00213,PERSON_00048,grocery,20030,VENDOR_067,grocery
TXN_000323,2024-05-12,ACCT_00037,PERSON_00113,gold purchase,167950,VENDOR_022,legitimate cash-intensive retail/festival activity
TXN_000324,2025-01-29,ACCT_00453,PERSON_00009,grocery,44415,VENDOR_040,grocery
TXN_000325,2026-01-14,ACCT_00383,PERSON_00347,wholesale jewellery,285283,VENDOR_030,legitimate cash-intensive retail/festival activity
TXN_000326,2026-01-29,ACCT_00071,PERSON_00073,transfer,9440,PERSON_00353,consultancy settlement
TXN_000327,2021-07-24,ACCT_00382,PERSON_00096,cash withdrawal,25736,VENDOR_039,cash withdrawal
TXN_000328,2021-02-05,ACCT_00052,PERSON_00438,vendor payment,87520,PERSON_00081,vehicle advance
TXN_000329,2026-05-09,ACCT_00449,PERSON_00159,cash withdrawal,224905,PERSON_00011,premium settlement
TXN_000330,2024-09-08,ACCT_00098,PERSON_00370,grocery,30623,VENDOR_004,grocery
TXN_000331,2026-06-14,ACCT_00282,PERSON_00436,school fee,41750,VENDOR_017,school fee
TXN_000332,2023-08-27,ACCT_00387,PERSON_00361,cash withdrawal,26189,VENDOR_002,cash withdrawal
TXN_000333,2025-10-27,ACCT_00206,PERSON_00075,shopping,14985,VENDOR_007,shopping
TXN_000334,2023-10-10,ACCT_00002,PERSON_00337,cash deposit,225371,PERSON_00343,wholesale goods
TXN_000335,2022-01-09,ACCT_00110,PERSON_00292,shopping,6318,VENDOR_026,shopping
TXN_000336,2023-03-26,ACCT_00434,PERSON_00342,fuel,22696,VENDOR_007,fuel
TXN_000337,2021-11-06,ACCT_00031,PERSON_00223,cash withdrawal,788112,PERSON_00012,site material settlement
TXN_000338,2025-08-10,ACCT_00272,PERSON_00128,mobile recharge,17445,VENDOR_059,mobile recharge
TXN_000339,2023-04-07,ACCT_00027,PERSON_00215,grocery,12209,VENDOR_069,grocery
TXN_000340,2023-08-14,ACCT_00208,PERSON_00368,salary,20323,VENDOR_065,salary
TXN_000341,2022-05-01,ACCT_00026,PERSON_00448,invoice,573125,PERSON_00188,event services
TXN_000342,2025-02-06,ACCT_00445,PERSON_00259,invoice,568402,PERSON_00416,premium settlement
TXN_000343,2026-02-11,ACCT_00037,PERSON_00113,gold purchase,337848,VENDOR_011,legitimate cash-intensive retail/festival activity
TXN_000344,2022-08-12,ACCT_00010,PERSON_00325,shopping,37432,VENDOR_083,shopping
TXN_000345,2023-11-11,ACCT_00246,PERSON_00244,gold purchase,196285,VENDOR_035,legitimate cash-intensive retail/festival activity
TXN_000346,2021-08-23,ACCT_00123,PERSON_00277,restaurant,6233,VENDOR_064,restaurant
TXN_000347,2023-02-02,ACCT_00203,PERSON_00365,cash withdrawal,6503,VENDOR_083,cash withdrawal
TXN_000348,2021-08-09,ACCT_00404,PERSON_00134,transfer,345020,PERSON_00068,site material settlement
TXN_000349,2025-05-28,ACCT_00409,PERSON_00193,mobile recharge,35516,VENDOR_090,mobile recharge
TXN_000350,2022-06-16,ACCT_00060,PERSON_00435,utility,7764,VENDOR_014,utility
TXN_000351,2021-04-01,ACCT_00001,PERSON_00033,vendor payment,732330,PERSON_00010,registration/document fee
TXN_000352,2026-03-13,ACCT_00069,PERSON_00165,cash withdrawal,189540,PERSON_00071,transport settlement
TXN_000353,2021-12-16,ACCT_00416,PERSON_00043,mobile recharge,9155,VENDOR_009,mobile recharge
TXN_000354,2022-07-17,ACCT_00024,PERSON_00201,vendor payment,167618,PERSON_00331,transport settlement
TXN_000355,2024-12-22,ACCT_00180,PERSON_00066,cash withdrawal,31830,VENDOR_039,cash withdrawal
TXN_000356,2022-10-21,ACCT_00329,PERSON_00069,invoice,617028,PERSON_00425,transport settlement
TXN_000357,2024-04-26,ACCT_00223,PERSON_00298,medical,29870,VENDOR_010,medical
TXN_000358,2024-10-16,ACCT_00055,PERSON_00013,mobile recharge,28661,VENDOR_086,mobile recharge
TXN_000359,2024-05-12,ACCT_00161,PERSON_00030,grocery,41103,VENDOR_048,grocery
TXN_000360,2024-03-07,ACCT_00467,PERSON_00357,transport,16369,VENDOR_068,transport
TXN_000361,2021-02-20,ACCT_00020,PERSON_00143,utility,17629,VENDOR_044,utility
TXN_000362,2021-10-05,ACCT_00289,PERSON_00131,utility,1529,VENDOR_098,utility
TXN_000363,2025-05-05,ACCT_00265,PERSON_00093,cash withdrawal,13749,VENDOR_033,cash withdrawal
TXN_000364,2022-08-24,ACCT_00169,PERSON_00249,transport,764,VENDOR_044,transport
TXN_000365,2024-07-26,ACCT_00272,PERSON_00128,grocery,3269,VENDOR_091,grocery
TXN_000366,2023-06-16,ACCT_00170,PERSON_00123,cash withdrawal,30294,VENDOR_086,cash withdrawal
TXN_000367,2021-03-13,ACCT_00347,PERSON_00291,rent,16194,VENDOR_015,rent
TXN_000368,2021-07-06,ACCT_00159,PERSON_00297,cash withdrawal,15498,VENDOR_053,cash withdrawal
TXN_000369,2022-01-05,ACCT_00450,PERSON_00445,transport,1045,VENDOR_090,transport
TXN_000370,2024-10-09,ACCT_00289,PERSON_00131,transport,32823,VENDOR_035,transport
TXN_000371,2024-02-24,ACCT_00063,PERSON_00400,cash withdrawal,34569,VENDOR_005,cash withdrawal
TXN_000372,2023-01-04,ACCT_00437,PERSON_00360,transfer,894794,PERSON_00043,wholesale goods
TXN_000373,2024-08-08,ACCT_00459,PERSON_00211,salary,13488,VENDOR_010,salary
TXN_000374,2024-12-14,ACCT_00360,PERSON_00192,invoice,757410,PERSON_00076,wholesale goods
TXN_000375,2022-07-09,ACCT_00084,PERSON_00133,cash withdrawal,35830,VENDOR_049,cash withdrawal
TXN_000376,2025-11-08,ACCT_00408,PERSON_00407,invoice,127538,PERSON_00220,premium settlement
TXN_000377,2021-03-08,ACCT_00304,PERSON_00280,grocery,39235,VENDOR_016,grocery
TXN_000378,2025-03-31,ACCT_00132,PERSON_00100,medical,29515,VENDOR_080,medical
TXN_000379,2025-04-24,ACCT_00186,PERSON_00039,fuel,41225,VENDOR_069,fuel
TXN_000380,2022-10-02,ACCT_00021,PERSON_00367,shopping,32408,VENDOR_019,shopping
TXN_000381,2021-06-10,ACCT_00021,PERSON_00367,grocery,28634,VENDOR_029,grocery
TXN_000382,2025-10-16,ACCT_00459,PERSON_00211,fuel,7720,VENDOR_092,fuel
TXN_000383,2021-12-08,ACCT_00389,PERSON_00313,salary,31361,VENDOR_068,salary
TXN_000384,2021-10-28,ACCT_00229,PERSON_00094,rent,17059,VENDOR_068,rent
TXN_000385,2022-07-29,ACCT_00270,PERSON_00306,transport,22556,VENDOR_025,transport
TXN_000386,2023-10-17,ACCT_00407,PERSON_00011,festival advance,307652,VENDOR_008,legitimate cash-intensive retail/festival activity
TXN_000387,2022-10-25,ACCT_00175,PERSON_00207,restaurant,21034,VENDOR_084,restaurant
TXN_000388,2023-05-19,ACCT_00242,PERSON_00124,invoice,593385,PERSON_00012,site material settlement
TXN_000389,2025-01-07,ACCT_00450,PERSON_00445,restaurant,44112,VENDOR_092,restaurant
TXN_000390,2021-08-18,ACCT_00426,PERSON_00322,transport,42907,VENDOR_059,transport
TXN_000391,2022-06-21,ACCT_00438,PERSON_00074,gold purchase,395258,VENDOR_081,legitimate cash-intensive retail/festival activity
TXN_000998,2025-03-18,ACCT_00102,PERSON_00173,transfer,160000,PERSON_00130,intermediary settlement
TXN_000393,2022-01-01,ACCT_00111,PERSON_00144,cash withdrawal,11689,VENDOR_040,cash withdrawal
TXN_000394,2026-06-26,ACCT_00175,PERSON_00207,grocery,41704,VENDOR_001,grocery
TXN_000395,2021-06-26,ACCT_00197,PERSON_00169,transfer,394007,PERSON_00073,consultancy settlement
TXN_000396,2025-04-23,ACCT_00246,PERSON_00244,supplier settlement,46295,VENDOR_028,legitimate cash-intensive retail/festival activity
TXN_000397,2024-07-13,ACCT_00001,PERSON_00033,cash deposit,472699,PERSON_00269,registration/document fee
TXN_000398,2024-03-04,ACCT_00355,PERSON_00263,restaurant,34727,VENDOR_022,restaurant
TXN_000399,2023-11-03,ACCT_00350,PERSON_00059,cash deposit,388707,VENDOR_018,legitimate cash-intensive retail/festival activity
TXN_000400,2024-06-13,ACCT_00260,PERSON_00261,salary,749,VENDOR_007,salary
TXN_000401,2025-10-20,ACCT_00340,PERSON_00058,restaurant,8896,VENDOR_055,restaurant
TXN_000402,2023-04-23,ACCT_00067,PERSON_00150,settlement,532667,PERSON_00055,event services
TXN_000403,2022-04-22,ACCT_00256,PERSON_00309,mobile recharge,17966,VENDOR_091,mobile recharge
TXN_000404,2026-01-31,ACCT_00408,PERSON_00407,settlement,757127,PERSON_00259,premium settlement
TXN_000405,2024-09-30,ACCT_00362,PERSON_00147,transfer,635983,PERSON_00201,transport settlement
TXN_000406,2025-03-29,ACCT_00209,PERSON_00227,rent,4975,VENDOR_097,rent
TXN_000407,2025-02-14,ACCT_00455,PERSON_00016,utility,43530,VENDOR_016,utility
TXN_000408,2022-07-08,ACCT_00194,PERSON_00077,fuel,32413,VENDOR_018,fuel
TXN_000409,2021-09-27,ACCT_00027,PERSON_00215,restaurant,44132,VENDOR_075,restaurant
TXN_000410,2021-11-22,ACCT_00142,PERSON_00179,wholesale jewellery,104379,VENDOR_069,legitimate cash-intensive retail/festival activity
TXN_000411,2023-07-28,ACCT_00407,PERSON_00011,cash deposit,527748,PERSON_00385,premium settlement
TXN_000412,2023-03-27,ACCT_00363,PERSON_00122,grocery,7067,VENDOR_009,grocery
TXN_000413,2024-10-31,ACCT_00390,PERSON_00049,rent,40985,VENDOR_100,rent
TXN_000414,2022-04-17,ACCT_00145,PERSON_00005,medical,25850,VENDOR_017,medical
TXN_000415,2021-10-10,ACCT_00253,PERSON_00072,cash withdrawal,10360,VENDOR_037,cash withdrawal
TXN_000416,2025-05-23,ACCT_00335,PERSON_00248,rent,8858,VENDOR_062,rent
TXN_000417,2022-03-09,ACCT_00068,PERSON_00366,transport,20801,VENDOR_065,transport
TXN_000418,2022-05-02,ACCT_00019,PERSON_00175,mobile recharge,30123,VENDOR_052,mobile recharge
TXN_000419,2021-06-16,ACCT_00095,PERSON_00012,transfer,180497,PERSON_00223,site material settlement
TXN_000420,2023-07-15,ACCT_00154,PERSON_00117,shopping,5445,VENDOR_068,shopping
TXN_000421,2024-10-16,ACCT_00199,PERSON_00190,cash withdrawal,32384,VENDOR_044,cash withdrawal
TXN_000422,2023-12-03,ACCT_00294,PERSON_00177,cash withdrawal,725742,PERSON_00016,event services
TXN_000423,2024-10-19,ACCT_00288,PERSON_00180,school fee,37732,VENDOR_012,school fee
TXN_000424,2022-07-12,ACCT_00010,PERSON_00325,cash withdrawal,42355,VENDOR_001,cash withdrawal
TXN_000425,2021-04-21,ACCT_00413,PERSON_00233,medical,37329,VENDOR_075,medical
TXN_000426,2024-10-17,ACCT_00145,PERSON_00005,school fee,23660,VENDOR_037,school fee
TXN_000427,2026-05-14,ACCT_00142,PERSON_00179,fuel,14951,VENDOR_099,fuel
TXN_000428,2023-11-18,ACCT_00431,PERSON_00346,invoice,556289,PERSON_00269,registration/document fee
TXN_000429,2025-11-04,ACCT_00368,PERSON_00019,cash withdrawal,10047,VENDOR_032,cash withdrawal
TXN_000430,2023-07-22,ACCT_00071,PERSON_00073,invoice,164290,PERSON_00415,consultancy settlement
TXN_000431,2025-12-21,ACCT_00437,PERSON_00360,settlement,702892,PERSON_00028,wholesale goods
TXN_000432,2022-12-01,ACCT_00253,PERSON_00072,grocery,43302,VENDOR_100,grocery
TXN_000433,2021-07-28,ACCT_00416,PERSON_00043,transfer,342557,PERSON_00028,wholesale goods
TXN_000434,2025-04-24,ACCT_00275,PERSON_00304,rent,25483,VENDOR_032,rent
TXN_000435,2024-11-11,ACCT_00349,PERSON_00384,cash withdrawal,2170,VENDOR_090,cash withdrawal
TXN_000436,2022-07-22,ACCT_00132,PERSON_00100,transport,35647,VENDOR_018,transport
TXN_000437,2021-04-18,ACCT_00406,PERSON_00250,shopping,24263,VENDOR_019,shopping
TXN_000438,2024-09-21,ACCT_00262,PERSON_00383,invoice,122063,PERSON_00237,registration/document fee
TXN_000439,2025-11-03,ACCT_00470,PERSON_00324,fuel,8991,VENDOR_097,fuel
TXN_000440,2023-06-06,ACCT_00042,PERSON_00195,medical,22788,VENDOR_041,medical
TXN_000441,2025-01-03,ACCT_00294,PERSON_00177,cash deposit,456138,PERSON_00052,event services
TXN_000442,2021-06-09,ACCT_00017,PERSON_00088,transport,12636,VENDOR_050,transport
TXN_000443,2024-11-06,ACCT_00447,PERSON_00379,grocery,3008,VENDOR_067,grocery
TXN_000444,2025-06-09,ACCT_00473,PERSON_00121,settlement,519814,PERSON_00173,consultancy settlement
TXN_000445,2025-11-27,ACCT_00403,PERSON_00258,cash deposit,522052,PERSON_00390,event services
TXN_000446,2022-06-03,ACCT_00266,PERSON_00402,vendor payment,207707,PERSON_00175,vehicle advance
TXN_000447,2026-05-19,ACCT_00372,PERSON_00028,rent,23726,VENDOR_046,rent
TXN_000448,2022-09-04,ACCT_00426,PERSON_00322,rent,12277,VENDOR_087,rent
TXN_000449,2026-04-08,ACCT_00234,PERSON_00158,mobile recharge,42641,VENDOR_069,mobile recharge
TXN_000450,2024-02-28,ACCT_00093,PERSON_00204,cash withdrawal,18625,VENDOR_042,cash withdrawal
TXN_000451,2024-08-19,ACCT_00210,PERSON_00290,vendor payment,536323,PERSON_00346,registration/document fee
TXN_000452,2025-07-27,ACCT_00398,PERSON_00274,rent,29722,VENDOR_033,rent
TXN_000453,2025-05-13,ACCT_00381,PERSON_00200,utility,22920,VENDOR_041,utility
TXN_000454,2023-12-16,ACCT_00001,PERSON_00033,festival advance,124049,VENDOR_088,legitimate cash-intensive retail/festival activity
TXN_000455,2022-05-14,ACCT_00037,PERSON_00113,gold purchase,446983,VENDOR_077,legitimate cash-intensive retail/festival activity
TXN_000456,2021-02-08,ACCT_00213,PERSON_00048,settlement,363202,PERSON_00256,site material settlement
TXN_000457,2023-07-03,ACCT_00451,PERSON_00281,cash deposit,671346,PERSON_00400,registration/document fee
TXN_000458,2026-05-26,ACCT_00272,PERSON_00128,rent,25418,VENDOR_052,rent
TXN_000459,2025-04-29,ACCT_00024,PERSON_00201,vendor payment,407563,PERSON_00065,transport settlement
TXN_000460,2025-12-31,ACCT_00110,PERSON_00292,salary,44003,VENDOR_018,salary
TXN_000461,2026-04-07,ACCT_00400,PERSON_00296,fuel,18762,VENDOR_100,fuel
TXN_000462,2025-11-18,ACCT_00215,PERSON_00078,settlement,794298,PERSON_00306,wholesale goods
TXN_000463,2024-12-23,ACCT_00213,PERSON_00048,salary,37081,VENDOR_062,salary
TXN_000464,2022-04-26,ACCT_00215,PERSON_00078,settlement,394299,PERSON_00076,wholesale goods
TXN_000465,2025-05-03,ACCT_00416,PERSON_00043,fuel,9046,VENDOR_098,fuel
TXN_000466,2021-07-24,ACCT_00480,PERSON_00040,settlement,136818,PERSON_00065,transport settlement
TXN_000467,2023-01-21,ACCT_00350,PERSON_00059,festival advance,407660,VENDOR_045,legitimate cash-intensive retail/festival activity
TXN_000468,2022-05-12,ACCT_00358,PERSON_00085,invoice,537419,PERSON_00068,site material settlement
TXN_000469,2024-12-19,ACCT_00007,PERSON_00247,shopping,31239,VENDOR_035,shopping
TXN_000470,2024-11-21,ACCT_00422,PERSON_00052,settlement,129555,PERSON_00390,event services
TXN_000471,2023-02-08,ACCT_00121,PERSON_00056,rent,22943,VENDOR_006,rent
TXN_000472,2023-04-22,ACCT_00218,PERSON_00117,cash withdrawal,32823,VENDOR_033,cash withdrawal
TXN_000473,2024-07-06,ACCT_00294,PERSON_00177,rent,43504,VENDOR_044,rent
TXN_000474,2021-06-21,ACCT_00001,PERSON_00033,shopping,5280,VENDOR_060,shopping
TXN_000475,2021-06-19,ACCT_00349,PERSON_00384,rent,29154,VENDOR_023,rent
TXN_000476,2024-11-23,ACCT_00360,PERSON_00192,vendor payment,833844,PERSON_00185,wholesale goods
TXN_000477,2025-07-03,ACCT_00227,PERSON_00023,shopping,9723,VENDOR_093,shopping
TXN_000478,2021-12-29,ACCT_00118,PERSON_00340,fuel,15507,VENDOR_040,fuel
TXN_000479,2026-05-07,ACCT_00004,PERSON_00425,grocery,14218,VENDOR_087,grocery
TXN_000480,2021-06-21,ACCT_00290,PERSON_00362,school fee,16233,VENDOR_083,school fee
TXN_000481,2022-04-30,ACCT_00391,PERSON_00377,fuel,42503,VENDOR_091,fuel
TXN_000482,2024-03-20,ACCT_00261,PERSON_00235,grocery,20012,VENDOR_087,grocery
TXN_000483,2024-05-04,ACCT_00383,PERSON_00347,gold purchase,103993,VENDOR_061,legitimate cash-intensive retail/festival activity
TXN_000484,2025-12-23,ACCT_00010,PERSON_00325,cash deposit,462034,PERSON_00004,service commission
TXN_000485,2021-08-20,ACCT_00103,PERSON_00323,transport,3399,VENDOR_044,transport
TXN_000486,2026-01-15,ACCT_00145,PERSON_00005,school fee,12018,VENDOR_071,school fee
TXN_000487,2021-01-23,ACCT_00071,PERSON_00073,settlement,865116,PERSON_00231,wholesale goods
TXN_000488,2023-07-20,ACCT_00473,PERSON_00121,mobile recharge,39533,VENDOR_029,mobile recharge
TXN_000489,2025-09-22,ACCT_00465,PERSON_00282,cash deposit,828259,PERSON_00181,vehicle advance
TXN_000490,2021-04-27,ACCT_00240,PERSON_00450,salary,39421,VENDOR_055,salary
TXN_000491,2023-07-20,ACCT_00459,PERSON_00211,cash withdrawal,28580,VENDOR_036,cash withdrawal
TXN_000492,2025-12-06,ACCT_00051,PERSON_00099,grocery,8630,VENDOR_075,grocery
TXN_000493,2023-02-09,ACCT_00369,PERSON_00433,rent,15091,VENDOR_051,rent
TXN_000494,2021-05-30,ACCT_00024,PERSON_00201,salary,31987,VENDOR_055,salary
TXN_000495,2023-01-02,ACCT_00216,PERSON_00230,school fee,4814,VENDOR_039,school fee
TXN_000496,2022-01-13,ACCT_00269,PERSON_00101,rent,33712,VENDOR_062,rent
TXN_000497,2025-09-18,ACCT_00344,PERSON_00410,fuel,35589,VENDOR_036,fuel
TXN_000498,2025-10-17,ACCT_00184,PERSON_00343,shopping,14340,VENDOR_055,shopping
TXN_000499,2021-03-27,ACCT_00406,PERSON_00250,transport,6282,VENDOR_050,transport
TXN_000500,2021-07-13,ACCT_00355,PERSON_00263,settlement,503954,PERSON_00362,premium settlement
TXN_000501,2022-07-27,ACCT_00119,PERSON_00318,school fee,13409,VENDOR_055,school fee
TXN_000502,2022-02-08,ACCT_00016,PERSON_00220,rent,24043,VENDOR_068,rent
TXN_000503,2024-10-31,ACCT_00350,PERSON_00059,festival advance,310412,VENDOR_010,legitimate cash-intensive retail/festival activity
TXN_000504,2025-01-19,ACCT_00308,PERSON_00443,mobile recharge,36555,VENDOR_074,mobile recharge
TXN_000505,2025-08-27,ACCT_00351,PERSON_00163,vendor payment,864221,PERSON_00284,service commission
TXN_000506,2021-04-03,ACCT_00004,PERSON_00425,salary,16938,VENDOR_029,salary
TXN_000507,2024-11-13,ACCT_00036,PERSON_00087,shopping,43759,VENDOR_013,shopping
TXN_000508,2025-07-24,ACCT_00290,PERSON_00362,cash deposit,601471,PERSON_00407,premium settlement
TXN_000509,2021-11-09,ACCT_00278,PERSON_00301,fuel,14801,VENDOR_090,fuel
TXN_000510,2022-02-26,ACCT_00376,PERSON_00232,vendor payment,99255,PERSON_00097,freight settlement
TXN_000511,2022-05-04,ACCT_00223,PERSON_00298,medical,39299,VENDOR_006,medical
TXN_000512,2025-03-31,ACCT_00335,PERSON_00248,invoice,781121,PERSON_00255,freight settlement
TXN_000513,2025-04-22,ACCT_00419,PERSON_00380,grocery,38548,VENDOR_075,grocery
TXN_000514,2024-03-02,ACCT_00336,PERSON_00068,cash withdrawal,715138,PERSON_00262,site material settlement
TXN_000515,2026-03-16,ACCT_00463,PERSON_00125,cash withdrawal,217053,PERSON_00143,event services
TXN_000516,2024-04-11,ACCT_00406,PERSON_00250,cash withdrawal,594212,PERSON_00364,site material settlement
TXN_000517,2022-02-04,ACCT_00478,PERSON_00218,mobile recharge,28315,VENDOR_033,mobile recharge
TXN_000518,2023-06-08,ACCT_00001,PERSON_00033,festival advance,127348,VENDOR_096,legitimate cash-intensive retail/festival activity
TXN_000519,2026-05-09,ACCT_00377,PERSON_00417,wholesale jewellery,200122,VENDOR_053,legitimate cash-intensive retail/festival activity
TXN_000520,2022-10-22,ACCT_00032,PERSON_00065,settlement,143553,PERSON_00449,transport settlement
TXN_000521,2024-12-30,ACCT_00118,PERSON_00340,mobile recharge,32553,VENDOR_086,mobile recharge
TXN_000522,2024-09-19,ACCT_00129,PERSON_00025,invoice,722966,PERSON_00344,freight settlement
TXN_000523,2021-07-09,ACCT_00155,PERSON_00268,fuel,25857,VENDOR_050,fuel
TXN_000524,2021-02-14,ACCT_00205,PERSON_00349,fuel,31476,VENDOR_028,fuel
TXN_000525,2024-03-01,ACCT_00227,PERSON_00023,cash deposit,261842,VENDOR_034,legitimate cash-intensive retail/festival activity
TXN_000526,2025-03-01,ACCT_00227,PERSON_00023,salary,21380,VENDOR_099,salary
TXN_000527,2023-10-18,ACCT_00155,PERSON_00268,mobile recharge,30993,VENDOR_078,mobile recharge
TXN_000528,2022-06-13,ACCT_00104,PERSON_00027,invoice,728691,PERSON_00250,site material settlement
TXN_000529,2023-04-12,ACCT_00104,PERSON_00027,transfer,618401,PERSON_00427,site material settlement
TXN_000530,2025-08-01,ACCT_00295,PERSON_00269,fuel,18218,VENDOR_045,fuel
TXN_000531,2023-02-14,ACCT_00457,PERSON_00300,invoice,253362,PERSON_00405,vehicle advance
TXN_000532,2022-10-19,ACCT_00341,PERSON_00310,mobile recharge,34620,VENDOR_002,mobile recharge
TXN_000533,2023-05-21,ACCT_00037,PERSON_00113,gold purchase,60378,VENDOR_011,legitimate cash-intensive retail/festival activity
TXN_000534,2022-06-02,ACCT_00360,PERSON_00192,transport,35208,VENDOR_001,transport
TXN_000535,2022-07-14,ACCT_00463,PERSON_00125,cash withdrawal,687354,PERSON_00411,event services
TXN_000536,2024-05-12,ACCT_00405,PERSON_00329,transport,16410,VENDOR_056,transport
TXN_000537,2025-03-06,ACCT_00003,PERSON_00434,invoice,36376,PERSON_00175,vehicle advance
TXN_000538,2023-05-14,ACCT_00088,PERSON_00155,transfer,661461,PERSON_00449,transport settlement
TXN_000539,2021-10-31,ACCT_00277,PERSON_00182,vendor payment,707535,PERSON_00300,vehicle advance
TXN_000540,2023-09-27,ACCT_00255,PERSON_00129,school fee,7793,VENDOR_022,school fee
TXN_000541,2021-09-19,ACCT_00438,PERSON_00074,grocery,34614,VENDOR_023,grocery
TXN_000542,2024-01-07,ACCT_00325,PERSON_00145,transfer,18147,PERSON_00227,site material settlement
TXN_000543,2026-04-23,ACCT_00184,PERSON_00343,transfer,332299,PERSON_00337,wholesale goods
TXN_000544,2022-04-23,ACCT_00383,PERSON_00347,wholesale jewellery,26028,VENDOR_004,legitimate cash-intensive retail/festival activity
TXN_000545,2025-07-26,ACCT_00172,PERSON_00252,cash withdrawal,36895,VENDOR_076,cash withdrawal
TXN_000546,2021-01-14,ACCT_00423,PERSON_00439,settlement,135932,PERSON_00151,consultancy settlement
TXN_000547,2023-06-23,ACCT_00057,PERSON_00311,salary,41102,VENDOR_092,salary
TXN_000548,2026-01-07,ACCT_00354,PERSON_00164,utility,9668,VENDOR_091,utility
TXN_000549,2021-09-19,ACCT_00102,PERSON_00173,grocery,274,VENDOR_012,grocery
TXN_000550,2025-01-13,ACCT_00150,PERSON_00231,cash deposit,460369,PERSON_00337,wholesale goods
TXN_000551,2024-12-11,ACCT_00146,PERSON_00287,shopping,43539,VENDOR_076,shopping
TXN_000552,2024-10-23,ACCT_00037,PERSON_00113,festival advance,333726,VENDOR_004,legitimate cash-intensive retail/festival activity
TXN_000553,2026-03-16,ACCT_00191,PERSON_00208,mobile recharge,14822,VENDOR_040,mobile recharge
TXN_000554,2023-01-18,ACCT_00320,PERSON_00327,cash withdrawal,18137,VENDOR_022,cash withdrawal
TXN_000555,2024-10-08,ACCT_00414,PERSON_00130,mobile recharge,678,VENDOR_010,mobile recharge
TXN_000556,2025-10-23,ACCT_00361,PERSON_00035,grocery,22268,VENDOR_025,grocery
TXN_000557,2022-11-29,ACCT_00455,PERSON_00016,fuel,4007,VENDOR_019,fuel
TXN_000558,2025-02-28,ACCT_00375,PERSON_00403,school fee,38542,VENDOR_068,school fee
TXN_000559,2023-06-27,ACCT_00287,PERSON_00071,school fee,41590,VENDOR_027,school fee
TXN_000560,2022-05-09,ACCT_00132,PERSON_00100,cash deposit,310905,VENDOR_047,legitimate cash-intensive retail/festival activity
TXN_000561,2023-05-31,ACCT_00084,PERSON_00133,grocery,34219,VENDOR_041,grocery
TXN_000562,2021-09-27,ACCT_00042,PERSON_00195,cash withdrawal,19267,VENDOR_036,cash withdrawal
TXN_000563,2021-10-30,ACCT_00070,PERSON_00216,transport,37796,VENDOR_075,transport
TXN_000564,2021-07-14,ACCT_00283,PERSON_00112,rent,38566,VENDOR_076,rent
TXN_000565,2022-02-27,ACCT_00016,PERSON_00220,transport,24572,VENDOR_014,transport
TXN_000566,2026-02-15,ACCT_00319,PERSON_00404,salary,30640,VENDOR_061,salary
TXN_000567,2026-04-01,ACCT_00343,PERSON_00303,shopping,17196,VENDOR_069,shopping
TXN_000568,2024-06-03,ACCT_00306,PERSON_00330,transfer,703076,PERSON_00445,service commission
TXN_000569,2024-09-22,ACCT_00068,PERSON_00366,fuel,8709,VENDOR_052,fuel
TXN_000570,2026-05-26,ACCT_00072,PERSON_00418,utility,14947,VENDOR_067,utility
TXN_000571,2024-08-24,ACCT_00253,PERSON_00072,mobile recharge,8717,VENDOR_046,mobile recharge
TXN_000572,2025-10-01,ACCT_00345,PERSON_00064,shopping,22254,VENDOR_027,shopping
TXN_000573,2022-06-21,ACCT_00115,PERSON_00225,school fee,30966,VENDOR_083,school fee
TXN_000574,2021-12-27,ACCT_00036,PERSON_00087,fuel,32738,VENDOR_067,fuel
TXN_000575,2021-08-01,ACCT_00432,PERSON_00170,invoice,767629,PERSON_00004,service commission
TXN_000576,2022-03-24,ACCT_00274,PERSON_00188,cash deposit,519519,PERSON_00049,event services
TXN_000577,2024-04-16,ACCT_00455,PERSON_00016,settlement,49113,PERSON_00125,event services
TXN_000578,2026-04-13,ACCT_00442,PERSON_00079,transfer,215923,PERSON_00155,freight settlement
TXN_000579,2022-10-21,ACCT_00248,PERSON_00025,transfer,260109,PERSON_00141,transport settlement
TXN_000580,2022-09-26,ACCT_00450,PERSON_00445,cash withdrawal,43785,VENDOR_063,cash withdrawal
TXN_000581,2024-09-14,ACCT_00290,PERSON_00362,cash withdrawal,16064,VENDOR_005,cash withdrawal
TXN_000582,2025-07-27,ACCT_00228,PERSON_00098,mobile recharge,13161,VENDOR_030,mobile recharge
TXN_000583,2026-01-28,ACCT_00362,PERSON_00147,invoice,784621,PERSON_00331,transport settlement
TXN_000584,2025-11-10,ACCT_00279,PERSON_00212,fuel,43199,VENDOR_036,fuel
TXN_000585,2026-03-18,ACCT_00124,PERSON_00270,cash withdrawal,2302,VENDOR_024,cash withdrawal
TXN_000586,2025-07-15,ACCT_00480,PERSON_00040,transfer,285432,PERSON_00082,transport settlement
TXN_000587,2026-05-16,ACCT_00408,PERSON_00407,cash deposit,196246,PERSON_00311,premium settlement
TXN_000588,2021-06-23,ACCT_00276,PERSON_00154,restaurant,26561,VENDOR_003,restaurant
TXN_000589,2024-02-08,ACCT_00251,PERSON_00383,vendor payment,120067,PERSON_00290,registration/document fee
TXN_000590,2023-07-04,ACCT_00326,PERSON_00392,salary,4232,VENDOR_006,salary
TXN_000591,2023-06-06,ACCT_00272,PERSON_00128,rent,11588,VENDOR_022,rent
TXN_000592,2023-05-21,ACCT_00192,PERSON_00405,vendor payment,500509,PERSON_00345,vehicle advance
TXN_000593,2024-07-23,ACCT_00457,PERSON_00300,salary,19097,VENDOR_059,salary
TXN_000594,2024-11-23,ACCT_00470,PERSON_00324,grocery,36622,VENDOR_076,grocery
TXN_000595,2024-11-30,ACCT_00161,PERSON_00030,medical,9104,VENDOR_055,medical
TXN_000596,2022-06-30,ACCT_00226,PERSON_00168,shopping,1675,VENDOR_006,shopping
TXN_000597,2024-04-21,ACCT_00383,PERSON_00347,supplier settlement,351569,VENDOR_045,legitimate cash-intensive retail/festival activity
TXN_000598,2024-06-08,ACCT_00344,PERSON_00410,shopping,23086,VENDOR_046,shopping
TXN_000599,2023-06-11,ACCT_00435,PERSON_00352,cash withdrawal,10962,VENDOR_073,cash withdrawal
TXN_000600,2022-06-12,ACCT_00132,PERSON_00100,festival advance,103303,VENDOR_090,legitimate cash-intensive retail/festival activity
TXN_000601,2025-08-08,ACCT_00076,PERSON_00441,mobile recharge,8725,VENDOR_044,mobile recharge
TXN_000602,2021-10-15,ACCT_00122,PERSON_00148,invoice,588784,PERSON_00107,consultancy settlement
TXN_000603,2026-06-11,ACCT_00095,PERSON_00012,restaurant,26819,VENDOR_041,restaurant
TXN_000604,2023-09-19,ACCT_00130,PERSON_00416,fuel,20590,VENDOR_007,fuel
TXN_000605,2021-11-16,ACCT_00118,PERSON_00340,salary,44482,VENDOR_049,salary
TXN_000606,2023-03-01,ACCT_00168,PERSON_00415,shopping,29641,VENDOR_005,shopping
TXN_000607,2022-09-27,ACCT_00301,PERSON_00251,rent,29320,VENDOR_072,rent
TXN_000608,2021-05-05,ACCT_00176,PERSON_00264,utility,32025,VENDOR_068,utility
TXN_000609,2024-01-26,ACCT_00039,PERSON_00078,cash withdrawal,11593,VENDOR_050,cash withdrawal
TXN_000610,2025-02-06,ACCT_00198,PERSON_00359,school fee,41299,VENDOR_086,school fee
TXN_000611,2023-02-16,ACCT_00436,PERSON_00199,fuel,16471,VENDOR_006,fuel
TXN_007122,2023-06-14,ACCT_00253,PERSON_00072,transfer,38725,PERSON_00282,intermediary settlement
TXN_000613,2023-10-22,ACCT_00020,PERSON_00143,cash deposit,788486,PERSON_00102,event services
TXN_000614,2025-09-10,ACCT_00447,PERSON_00379,shopping,7879,VENDOR_047,shopping
TXN_000615,2023-04-02,ACCT_00451,PERSON_00281,transfer,570230,PERSON_00135,registration/document fee
TXN_000616,2023-05-10,ACCT_00210,PERSON_00290,mobile recharge,44960,VENDOR_079,mobile recharge
TXN_000617,2025-09-04,ACCT_00265,PERSON_00093,utility,3036,VENDOR_011,utility
TXN_000618,2026-03-16,ACCT_00472,PERSON_00278,cash withdrawal,30836,VENDOR_076,cash withdrawal
TXN_000619,2025-12-01,ACCT_00096,PERSON_00139,rent,14489,VENDOR_071,rent
TXN_000620,2024-03-09,ACCT_00407,PERSON_00011,festival advance,109530,VENDOR_054,legitimate cash-intensive retail/festival activity
TXN_000621,2024-05-10,ACCT_00377,PERSON_00417,gold purchase,443388,VENDOR_074,legitimate cash-intensive retail/festival activity
TXN_000622,2023-01-26,ACCT_00383,PERSON_00347,wholesale jewellery,122137,VENDOR_042,legitimate cash-intensive retail/festival activity
TXN_000623,2022-08-23,ACCT_00472,PERSON_00278,fuel,35160,VENDOR_077,fuel
TXN_000624,2022-08-27,ACCT_00001,PERSON_00033,gold purchase,256989,VENDOR_049,legitimate cash-intensive retail/festival activity
TXN_000625,2026-02-01,ACCT_00070,PERSON_00216,restaurant,7100,VENDOR_065,restaurant
TXN_000626,2023-08-03,ACCT_00447,PERSON_00379,rent,2822,VENDOR_088,rent
TXN_000627,2022-10-12,ACCT_00315,PERSON_00202,settlement,855107,PERSON_00282,vehicle advance
TXN_000628,2025-10-20,ACCT_00142,PERSON_00179,gold purchase,32850,VENDOR_082,legitimate cash-intensive retail/festival activity
TXN_000629,2022-03-17,ACCT_00287,PERSON_00071,grocery,28507,VENDOR_091,grocery
TXN_000630,2022-07-03,ACCT_00160,PERSON_00417,wholesale jewellery,320553,VENDOR_027,legitimate cash-intensive retail/festival activity
TXN_000631,2025-08-24,ACCT_00209,PERSON_00227,grocery,4944,VENDOR_004,grocery
TXN_000632,2023-01-27,ACCT_00109,PERSON_00443,utility,37828,VENDOR_057,utility
TXN_000633,2023-02-06,ACCT_00466,PERSON_00252,grocery,42229,VENDOR_029,grocery
TXN_000634,2022-02-24,ACCT_00395,PERSON_00269,invoice,332843,PERSON_00290,registration/document fee
TXN_000635,2025-05-27,ACCT_00144,PERSON_00312,cash withdrawal,729493,PERSON_00178,premium settlement
TXN_000636,2022-02-14,ACCT_00356,PERSON_00338,rent,11206,VENDOR_098,rent
TXN_000637,2022-10-25,ACCT_00274,PERSON_00188,grocery,12653,VENDOR_063,grocery
TXN_000638,2024-04-16,ACCT_00067,PERSON_00150,restaurant,36776,VENDOR_074,restaurant
TXN_000639,2023-05-02,ACCT_00084,PERSON_00133,invoice,767807,PERSON_00055,event services
TXN_000640,2024-06-20,ACCT_00161,PERSON_00030,shopping,38328,VENDOR_059,shopping
TXN_000641,2022-03-31,ACCT_00340,PERSON_00058,grocery,2342,VENDOR_092,grocery
TXN_000642,2026-03-23,ACCT_00077,PERSON_00308,mobile recharge,43940,VENDOR_086,mobile recharge
TXN_000643,2025-01-19,ACCT_00203,PERSON_00365,shopping,18667,VENDOR_071,shopping
TXN_000644,2024-03-27,ACCT_00388,PERSON_00149,cash deposit,439873,PERSON_00382,vehicle advance
TXN_000645,2023-03-05,ACCT_00124,PERSON_00270,rent,35013,VENDOR_096,rent
TXN_000646,2023-08-25,ACCT_00160,PERSON_00417,gold purchase,285635,VENDOR_062,legitimate cash-intensive retail/festival activity
TXN_000647,2023-04-23,ACCT_00353,PERSON_00411,rent,34374,VENDOR_026,rent
TXN_000648,2022-07-07,ACCT_00428,PERSON_00234,transfer,77552,PERSON_00415,consultancy settlement
TXN_000649,2024-04-03,ACCT_00384,PERSON_00299,cash withdrawal,527186,PERSON_00010,freight settlement
TXN_000650,2023-01-05,ACCT_00012,PERSON_00449,transfer,489143,PERSON_00333,transport settlement
TXN_000651,2021-12-20,ACCT_00458,PERSON_00389,shopping,29036,VENDOR_082,shopping
TXN_000652,2021-09-14,ACCT_00406,PERSON_00250,grocery,36448,VENDOR_039,grocery
TXN_000653,2025-03-18,ACCT_00227,PERSON_00023,cash deposit,335100,VENDOR_021,legitimate cash-intensive retail/festival activity
TXN_000654,2022-01-26,ACCT_00142,PERSON_00179,gold purchase,201176,VENDOR_018,legitimate cash-intensive retail/festival activity
TXN_000655,2026-04-07,ACCT_00321,PERSON_00167,mobile recharge,10972,VENDOR_043,mobile recharge
TXN_000656,2022-01-06,ACCT_00001,PERSON_00033,supplier settlement,376831,VENDOR_004,legitimate cash-intensive retail/festival activity
TXN_000657,2021-11-07,ACCT_00417,PERSON_00076,cash withdrawal,627734,PERSON_00078,wholesale goods
TXN_000658,2025-05-12,ACCT_00169,PERSON_00249,utility,4565,VENDOR_004,utility
TXN_000659,2024-09-21,ACCT_00074,PERSON_00293,grocery,28783,VENDOR_014,grocery
TXN_000660,2024-07-31,ACCT_00397,PERSON_00052,cash withdrawal,25926,VENDOR_065,cash withdrawal
TXN_000661,2025-10-04,ACCT_00393,PERSON_00408,transport,27187,VENDOR_084,transport
TXN_000662,2025-04-05,ACCT_00353,PERSON_00411,invoice,58531,PERSON_00188,event services
TXN_000663,2022-02-21,ACCT_00391,PERSON_00377,grocery,35927,VENDOR_061,grocery
TXN_000664,2022-06-27,ACCT_00063,PERSON_00400,restaurant,32910,VENDOR_026,restaurant
TXN_000665,2023-12-28,ACCT_00047,PERSON_00409,salary,19275,VENDOR_051,salary
TXN_000666,2024-03-01,ACCT_00004,PERSON_00425,cash deposit,165658,PERSON_00147,transport settlement
TXN_000667,2025-09-17,ACCT_00132,PERSON_00100,supplier settlement,275506,VENDOR_092,legitimate cash-intensive retail/festival activity
TXN_000668,2022-03-19,ACCT_00137,PERSON_00432,restaurant,37488,VENDOR_010,restaurant
TXN_000669,2021-09-25,ACCT_00268,PERSON_00422,cash withdrawal,21860,VENDOR_024,cash withdrawal
TXN_000670,2023-05-17,ACCT_00281,PERSON_00041,utility,35909,VENDOR_036,utility
TXN_000671,2024-09-18,ACCT_00061,PERSON_00102,settlement,813504,PERSON_00188,event services
TXN_000672,2023-01-25,ACCT_00416,PERSON_00043,transfer,621012,PERSON_00306,wholesale goods
TXN_000673,2022-12-17,ACCT_00291,PERSON_00409,rent,12364,VENDOR_084,rent
TXN_000674,2021-06-30,ACCT_00036,PERSON_00087,school fee,9742,VENDOR_047,school fee
TXN_000675,2021-07-02,ACCT_00463,PERSON_00125,rent,13658,VENDOR_070,rent
TXN_000676,2021-02-09,ACCT_00215,PERSON_00078,vendor payment,53569,PERSON_00343,wholesale goods
TXN_000677,2026-05-15,ACCT_00014,PERSON_00088,wholesale jewellery,379732,VENDOR_049,legitimate cash-intensive retail/festival activity
TXN_000678,2025-05-28,ACCT_00168,PERSON_00415,restaurant,31786,VENDOR_072,restaurant
TXN_000679,2025-05-01,ACCT_00199,PERSON_00190,restaurant,16564,VENDOR_073,restaurant
TXN_000680,2024-07-16,ACCT_00144,PERSON_00312,cash withdrawal,1333,VENDOR_093,cash withdrawal
TXN_000681,2023-11-01,ACCT_00346,PERSON_00359,fuel,39949,VENDOR_001,fuel
TXN_000682,2026-03-06,ACCT_00316,PERSON_00237,shopping,16684,VENDOR_030,shopping
TXN_000683,2022-04-07,ACCT_00110,PERSON_00292,grocery,12016,VENDOR_099,grocery
TXN_000684,2024-04-17,ACCT_00172,PERSON_00252,salary,2558,VENDOR_099,salary
TXN_000685,2023-03-04,ACCT_00349,PERSON_00384,cash withdrawal,4188,VENDOR_097,cash withdrawal
TXN_000686,2021-12-17,ACCT_00131,PERSON_00331,salary,44418,VENDOR_010,salary
TXN_000687,2021-09-15,ACCT_00416,PERSON_00043,invoice,456471,PERSON_00078,wholesale goods
TXN_000688,2023-09-30,ACCT_00195,PERSON_00185,vendor payment,41223,PERSON_00343,wholesale goods
TXN_000689,2021-07-04,ACCT_00132,PERSON_00100,supplier settlement,208703,VENDOR_015,legitimate cash-intensive retail/festival activity
TXN_000690,2024-01-14,ACCT_00184,PERSON_00343,cash deposit,329773,PERSON_00043,wholesale goods
TXN_000691,2021-12-06,ACCT_00274,PERSON_00188,fuel,12794,VENDOR_076,fuel
TXN_000692,2026-03-14,ACCT_00132,PERSON_00100,supplier settlement,428173,VENDOR_033,legitimate cash-intensive retail/festival activity
TXN_000693,2021-12-06,ACCT_00049,PERSON_00260,restaurant,30543,VENDOR_022,restaurant
TXN_000694,2026-02-26,ACCT_00088,PERSON_00155,shopping,22809,VENDOR_026,shopping
TXN_000695,2022-03-16,ACCT_00011,PERSON_00010,transport,32980,VENDOR_045,transport
TXN_000696,2025-12-26,ACCT_00142,PERSON_00179,cash withdrawal,6295,PERSON_00383,registration/document fee
TXN_000697,2026-05-08,ACCT_00392,PERSON_00226,salary,22416,VENDOR_055,salary
TXN_000698,2022-06-25,ACCT_00078,PERSON_00428,cash withdrawal,10536,VENDOR_042,cash withdrawal
TXN_000699,2026-03-20,ACCT_00406,PERSON_00250,cash withdrawal,364218,PERSON_00027,site material settlement
TXN_000700,2026-04-08,ACCT_00421,PERSON_00444,cash withdrawal,42505,VENDOR_014,cash withdrawal
TXN_000701,2022-02-07,ACCT_00464,PERSON_00109,grocery,25467,VENDOR_084,grocery
TXN_000702,2023-05-12,ACCT_00377,PERSON_00417,gold purchase,422053,VENDOR_018,legitimate cash-intensive retail/festival activity
TXN_000703,2024-02-01,ACCT_00063,PERSON_00400,transfer,285729,PERSON_00146,registration/document fee
TXN_000704,2021-05-29,ACCT_00280,PERSON_00205,medical,11947,VENDOR_088,medical
TXN_000705,2021-11-26,ACCT_00350,PERSON_00059,cash deposit,404233,VENDOR_072,legitimate cash-intensive retail/festival activity
TXN_000706,2023-12-01,ACCT_00365,PERSON_00014,restaurant,12907,VENDOR_006,restaurant
TXN_000707,2023-01-12,ACCT_00001,PERSON_00033,supplier settlement,61278,VENDOR_068,legitimate cash-intensive retail/festival activity
TXN_000708,2024-01-15,ACCT_00297,PERSON_00440,grocery,7667,VENDOR_060,grocery
TXN_000709,2024-02-23,ACCT_00443,PERSON_00396,grocery,27667,VENDOR_070,grocery
TXN_000710,2023-08-26,ACCT_00168,PERSON_00415,rent,39562,VENDOR_059,rent
TXN_000711,2023-02-01,ACCT_00147,PERSON_00214,grocery,21101,VENDOR_042,grocery
TXN_000712,2024-04-19,ACCT_00164,PERSON_00229,transfer,182629,PERSON_00130,service commission
TXN_000713,2023-08-10,ACCT_00231,PERSON_00246,grocery,31279,VENDOR_088,grocery
TXN_000714,2026-01-26,ACCT_00125,PERSON_00026,school fee,8190,VENDOR_020,school fee
TXN_000715,2021-04-26,ACCT_00167,PERSON_00088,supplier settlement,440764,VENDOR_022,legitimate cash-intensive retail/festival activity
TXN_000716,2025-05-16,ACCT_00253,PERSON_00072,rent,22052,VENDOR_077,rent
TXN_000717,2026-03-21,ACCT_00105,PERSON_00212,grocery,25396,VENDOR_073,grocery
TXN_000718,2022-05-02,ACCT_00438,PERSON_00074,festival advance,329116,VENDOR_025,legitimate cash-intensive retail/festival activity
TXN_000719,2022-04-17,ACCT_00006,PERSON_00424,fuel,25130,VENDOR_062,fuel
TXN_000720,2024-07-24,ACCT_00165,PERSON_00242,mobile recharge,14069,VENDOR_031,mobile recharge
TXN_000721,2021-05-19,ACCT_00026,PERSON_00448,cash deposit,680327,PERSON_00049,event services
TXN_000722,2023-03-16,ACCT_00453,PERSON_00009,rent,40022,VENDOR_081,rent
TXN_000723,2025-07-18,ACCT_00448,PERSON_00032,invoice,190572,PERSON_00322,consultancy settlement
TXN_000724,2026-03-31,ACCT_00021,PERSON_00367,grocery,31239,VENDOR_065,grocery
TXN_000725,2021-08-12,ACCT_00352,PERSON_00110,shopping,41215,VENDOR_023,shopping
TXN_000726,2025-08-23,ACCT_00244,PERSON_00221,shopping,22316,VENDOR_002,shopping
TXN_000727,2025-05-04,ACCT_00406,PERSON_00250,mobile recharge,20435,VENDOR_093,mobile recharge
TXN_000728,2025-07-26,ACCT_00071,PERSON_00073,cash withdrawal,493880,PERSON_00151,consultancy settlement
TXN_000729,2025-04-16,ACCT_00061,PERSON_00102,cash deposit,895880,PERSON_00390,event services
TXN_000730,2025-07-11,ACCT_00362,PERSON_00147,settlement,820126,PERSON_00331,transport settlement
TXN_000731,2025-02-02,ACCT_00148,PERSON_00442,mobile recharge,3106,VENDOR_039,mobile recharge
TXN_000732,2023-06-02,ACCT_00228,PERSON_00098,medical,21124,VENDOR_090,medical
TXN_000733,2026-04-10,ACCT_00451,PERSON_00281,transfer,112901,PERSON_00363,site material settlement
TXN_000734,2023-05-01,ACCT_00290,PERSON_00362,transfer,496417,PERSON_00220,premium settlement
TXN_000735,2024-05-01,ACCT_00294,PERSON_00177,vendor payment,576291,PERSON_00102,event services
TXN_000736,2024-02-17,ACCT_00288,PERSON_00180,fuel,32128,VENDOR_093,fuel
TXN_000737,2024-05-11,ACCT_00012,PERSON_00449,salary,19093,VENDOR_041,salary
TXN_000738,2022-08-01,ACCT_00162,PERSON_00376,restaurant,37538,VENDOR_094,restaurant
TXN_000739,2022-10-08,ACCT_00305,PERSON_00020,settlement,825006,PERSON_00094,site material settlement
TXN_000740,2024-09-14,ACCT_00102,PERSON_00173,school fee,34307,VENDOR_060,school fee
TXN_000741,2022-07-02,ACCT_00184,PERSON_00343,transfer,18827,PERSON_00078,wholesale goods
TXN_000742,2021-12-10,ACCT_00309,PERSON_00127,shopping,14987,VENDOR_054,shopping
TXN_000743,2024-12-30,ACCT_00459,PERSON_00211,salary,14284,VENDOR_036,salary
TXN_000744,2025-02-26,ACCT_00241,PERSON_00430,cash withdrawal,44188,VENDOR_006,cash withdrawal
TXN_000745,2023-03-31,ACCT_00020,PERSON_00143,rent,28827,VENDOR_039,rent
TXN_000746,2022-06-17,ACCT_00173,PERSON_00146,cash deposit,125967,PERSON_00283,registration/document fee
TXN_000747,2021-04-13,ACCT_00377,PERSON_00417,wholesale jewellery,25068,VENDOR_004,legitimate cash-intensive retail/festival activity
TXN_000748,2024-03-02,ACCT_00013,PERSON_00090,medical,5473,VENDOR_001,medical
TXN_000749,2021-07-30,ACCT_00282,PERSON_00436,mobile recharge,19209,VENDOR_011,mobile recharge
TXN_000750,2024-03-21,ACCT_00240,PERSON_00450,medical,25863,VENDOR_088,medical
TXN_000751,2024-10-04,ACCT_00347,PERSON_00291,rent,31120,VENDOR_017,rent
TXN_000752,2024-11-30,ACCT_00020,PERSON_00143,cash withdrawal,811872,PERSON_00052,event services
TXN_000753,2025-09-18,ACCT_00137,PERSON_00432,grocery,9449,VENDOR_083,grocery
TXN_000754,2023-06-08,ACCT_00145,PERSON_00005,medical,18498,VENDOR_045,medical
TXN_000755,2025-03-14,ACCT_00364,PERSON_00103,grocery,32038,VENDOR_072,grocery
TXN_000756,2025-08-17,ACCT_00450,PERSON_00445,invoice,436662,PERSON_00345,vehicle advance
TXN_000757,2026-05-15,ACCT_00372,PERSON_00028,mobile recharge,26845,VENDOR_079,mobile recharge
TXN_000758,2025-09-06,ACCT_00356,PERSON_00338,cash withdrawal,39140,VENDOR_068,cash withdrawal
TXN_000759,2024-03-26,ACCT_00173,PERSON_00146,settlement,656731,PERSON_00105,registration/document fee
TXN_000760,2021-11-22,ACCT_00157,PERSON_00317,rent,15099,VENDOR_025,rent
TXN_000761,2026-06-18,ACCT_00075,PERSON_00271,cash withdrawal,3041,VENDOR_036,cash withdrawal
TXN_000762,2021-09-26,ACCT_00132,PERSON_00100,wholesale jewellery,358102,VENDOR_045,legitimate cash-intensive retail/festival activity
TXN_000763,2025-06-13,ACCT_00405,PERSON_00329,rent,598,VENDOR_067,rent
TXN_000764,2026-05-12,ACCT_00047,PERSON_00409,cash withdrawal,39685,VENDOR_016,cash withdrawal
TXN_000765,2026-06-06,ACCT_00181,PERSON_00111,cash withdrawal,5339,VENDOR_066,cash withdrawal
TXN_000766,2025-02-25,ACCT_00416,PERSON_00043,cash withdrawal,30544,VENDOR_029,cash withdrawal
TXN_000767,2023-11-20,ACCT_00469,PERSON_00060,rent,1428,VENDOR_009,rent
TXN_000768,2022-01-25,ACCT_00046,PERSON_00183,transport,19227,VENDOR_006,transport
TXN_000769,2024-04-28,ACCT_00209,PERSON_00227,salary,32774,VENDOR_081,salary
TXN_000770,2023-04-26,ACCT_00254,PERSON_00154,school fee,640,VENDOR_039,school fee
TXN_000771,2023-04-16,ACCT_00417,PERSON_00076,fuel,11617,VENDOR_086,fuel
TXN_000772,2024-06-03,ACCT_00480,PERSON_00040,cash withdrawal,17367,VENDOR_092,cash withdrawal
TXN_000773,2021-01-13,ACCT_00051,PERSON_00099,vendor payment,497974,PERSON_00287,vehicle advance
TXN_000774,2021-04-07,ACCT_00463,PERSON_00125,invoice,836515,PERSON_00102,event services
TXN_000775,2025-12-15,ACCT_00358,PERSON_00085,utility,9826,VENDOR_037,utility
TXN_000776,2024-07-21,ACCT_00253,PERSON_00072,rent,3038,VENDOR_051,rent
TXN_000777,2021-01-30,ACCT_00197,PERSON_00169,transfer,185487,PERSON_00221,consultancy settlement
TXN_000778,2021-10-25,ACCT_00169,PERSON_00249,cash withdrawal,10904,VENDOR_063,cash withdrawal
TXN_000779,2025-06-27,ACCT_00028,PERSON_00059,festival advance,256695,VENDOR_023,legitimate cash-intensive retail/festival activity
TXN_000780,2023-04-02,ACCT_00445,PERSON_00259,transport,27403,VENDOR_038,transport
TXN_000781,2025-11-05,ACCT_00426,PERSON_00322,shopping,8856,VENDOR_042,shopping
TXN_000782,2022-05-05,ACCT_00237,PERSON_00285,cash withdrawal,10405,VENDOR_086,cash withdrawal
TXN_000783,2023-09-02,ACCT_00290,PERSON_00362,utility,29884,VENDOR_006,utility
TXN_000784,2024-12-15,ACCT_00269,PERSON_00101,grocery,41486,VENDOR_091,grocery
TXN_000785,2023-04-21,ACCT_00036,PERSON_00087,grocery,21194,VENDOR_041,grocery
TXN_000786,2024-05-23,ACCT_00185,PERSON_00412,shopping,34054,VENDOR_071,shopping
TXN_000787,2024-01-17,ACCT_00356,PERSON_00338,medical,35178,VENDOR_033,medical
TXN_000788,2022-01-16,ACCT_00080,PERSON_00137,rent,20246,VENDOR_099,rent
TXN_000789,2025-06-25,ACCT_00242,PERSON_00124,utility,4389,VENDOR_027,utility
TXN_000790,2023-10-31,ACCT_00283,PERSON_00112,rent,39407,VENDOR_008,rent
TXN_000791,2021-11-15,ACCT_00215,PERSON_00078,invoice,581930,PERSON_00185,wholesale goods
TXN_000792,2024-04-14,ACCT_00297,PERSON_00440,medical,16969,VENDOR_014,medical
TXN_000793,2022-06-22,ACCT_00061,PERSON_00102,utility,25297,VENDOR_096,utility
TXN_000794,2021-08-23,ACCT_00287,PERSON_00071,cash deposit,305362,PERSON_00288,transport settlement
TXN_000795,2024-09-14,ACCT_00335,PERSON_00248,medical,5299,VENDOR_033,medical
TXN_000796,2021-12-11,ACCT_00276,PERSON_00154,mobile recharge,40550,VENDOR_026,mobile recharge
TXN_000797,2021-10-01,ACCT_00242,PERSON_00124,settlement,201902,PERSON_00015,freight settlement
TXN_000798,2021-09-09,ACCT_00310,PERSON_00162,grocery,9214,VENDOR_057,grocery
TXN_000799,2022-04-04,ACCT_00005,PERSON_00018,shopping,32933,VENDOR_056,shopping
TXN_000800,2023-08-25,ACCT_00144,PERSON_00312,transfer,208600,PERSON_00011,premium settlement
TXN_000801,2024-11-30,ACCT_00024,PERSON_00201,cash deposit,223035,PERSON_00147,transport settlement
TXN_000802,2025-07-10,ACCT_00030,PERSON_00363,vendor payment,487902,PERSON_00376,site material settlement
TXN_000803,2021-01-31,ACCT_00104,PERSON_00027,mobile recharge,36076,VENDOR_050,mobile recharge
TXN_000804,2021-10-18,ACCT_00183,PERSON_00286,cash withdrawal,5816,VENDOR_043,cash withdrawal
TXN_000805,2026-02-11,ACCT_00001,PERSON_00033,cash withdrawal,43810,VENDOR_069,cash withdrawal
TXN_000806,2023-08-31,ACCT_00043,PERSON_00092,grocery,4971,VENDOR_097,grocery
TXN_000807,2024-05-26,ACCT_00386,PERSON_00276,salary,43183,VENDOR_026,salary
TXN_000808,2022-11-30,ACCT_00037,PERSON_00113,cash deposit,75237,VENDOR_048,legitimate cash-intensive retail/festival activity
TXN_000809,2022-09-04,ACCT_00101,PERSON_00160,utility,15247,VENDOR_030,utility
TXN_000810,2024-10-30,ACCT_00407,PERSON_00011,gold purchase,237493,VENDOR_096,legitimate cash-intensive retail/festival activity
TXN_000811,2024-02-09,ACCT_00100,PERSON_00229,transport,18587,VENDOR_057,transport
TXN_000812,2021-09-11,ACCT_00357,PERSON_00126,shopping,34974,VENDOR_067,shopping
TXN_000813,2021-03-30,ACCT_00399,PERSON_00363,settlement,167113,PERSON_00223,site material settlement
TXN_000814,2022-10-25,ACCT_00089,PERSON_00395,medical,43359,VENDOR_053,medical
TXN_000815,2025-06-28,ACCT_00168,PERSON_00415,cash deposit,130183,PERSON_00173,consultancy settlement
TXN_000816,2023-12-17,ACCT_00002,PERSON_00337,salary,31560,VENDOR_045,salary
TXN_000817,2022-06-19,ACCT_00408,PERSON_00407,grocery,28668,VENDOR_064,grocery
TXN_000818,2024-12-06,ACCT_00132,PERSON_00100,supplier settlement,193222,VENDOR_028,legitimate cash-intensive retail/festival activity
TXN_000819,2024-09-26,ACCT_00449,PERSON_00159,settlement,277147,PERSON_00263,premium settlement
TXN_000820,2023-12-10,ACCT_00420,PERSON_00159,invoice,22841,PERSON_00312,premium settlement
TXN_000821,2026-06-18,ACCT_00438,PERSON_00074,wholesale jewellery,18732,VENDOR_053,legitimate cash-intensive retail/festival activity
TXN_000822,2021-09-17,ACCT_00469,PERSON_00060,cash withdrawal,234952,PERSON_00015,freight settlement
TXN_000823,2024-04-07,ACCT_00012,PERSON_00449,transfer,395907,PERSON_00126,transport settlement
TXN_000824,2025-07-24,ACCT_00087,PERSON_00010,vendor payment,347107,PERSON_00329,freight settlement
TXN_000825,2024-01-30,ACCT_00290,PERSON_00362,transfer,612645,PERSON_00263,premium settlement
TXN_000826,2024-01-19,ACCT_00429,PERSON_00382,fuel,10634,VENDOR_023,fuel
TXN_000827,2024-11-06,ACCT_00369,PERSON_00433,settlement,652906,PERSON_00048,site material settlement
TXN_000828,2022-04-23,ACCT_00442,PERSON_00079,fuel,34792,VENDOR_053,fuel
TXN_000829,2023-08-04,ACCT_00102,PERSON_00173,cash deposit,591846,PERSON_00272,consultancy settlement
TXN_000830,2021-03-18,ACCT_00431,PERSON_00346,salary,37093,VENDOR_016,salary
TXN_000831,2023-07-17,ACCT_00353,PERSON_00411,salary,4100,VENDOR_001,salary
TXN_000832,2022-04-02,ACCT_00382,PERSON_00096,cash deposit,585255,PERSON_00336,wholesale goods
TXN_000833,2024-04-30,ACCT_00374,PERSON_00320,transfer,497514,PERSON_00430,service commission
TXN_000834,2021-04-03,ACCT_00181,PERSON_00111,shopping,33963,VENDOR_092,shopping
TXN_000835,2024-10-09,ACCT_00167,PERSON_00088,transfer,62000,PERSON_00148,consultancy settlement
TXN_000836,2023-02-15,ACCT_00350,PERSON_00059,cash deposit,43929,VENDOR_039,legitimate cash-intensive retail/festival activity
TXN_000837,2026-06-13,ACCT_00206,PERSON_00075,salary,17509,VENDOR_043,salary
TXN_000838,2022-11-26,ACCT_00477,PERSON_00031,salary,2379,VENDOR_081,salary
TXN_000839,2024-10-31,ACCT_00434,PERSON_00342,transport,9956,VENDOR_048,transport
TXN_000840,2024-02-27,ACCT_00280,PERSON_00205,utility,22583,VENDOR_060,utility
TXN_000841,2026-05-08,ACCT_00366,PERSON_00063,school fee,41140,VENDOR_065,school fee
TXN_000842,2025-12-06,ACCT_00254,PERSON_00154,settlement,142427,PERSON_00376,site material settlement
TXN_000843,2022-06-07,ACCT_00270,PERSON_00306,vendor payment,68825,PERSON_00185,wholesale goods
TXN_000844,2024-06-28,ACCT_00350,PERSON_00059,gold purchase,436582,VENDOR_015,legitimate cash-intensive retail/festival activity
TXN_000845,2021-09-04,ACCT_00175,PERSON_00207,shopping,27423,VENDOR_002,shopping
TXN_000846,2022-08-27,ACCT_00217,PERSON_00284,invoice,62160,PERSON_00069,service commission
TXN_000847,2021-01-04,ACCT_00155,PERSON_00268,settlement,303726,PERSON_00411,event services
TXN_000848,2021-07-25,ACCT_00270,PERSON_00306,settlement,264672,PERSON_00185,wholesale goods
TXN_000849,2021-03-26,ACCT_00054,PERSON_00157,salary,26105,VENDOR_034,salary
TXN_000850,2026-01-07,ACCT_00304,PERSON_00280,medical,27450,VENDOR_022,medical
TXN_000851,2024-08-01,ACCT_00265,PERSON_00093,rent,32063,VENDOR_024,rent
TXN_000852,2021-10-20,ACCT_00161,PERSON_00030,mobile recharge,37104,VENDOR_054,mobile recharge
TXN_000853,2024-03-04,ACCT_00471,PERSON_00353,cash deposit,870638,PERSON_00035,consultancy settlement
TXN_000854,2021-10-18,ACCT_00177,PERSON_00209,salary,2156,VENDOR_009,salary
TXN_000855,2022-09-22,ACCT_00035,PERSON_00228,rent,27338,VENDOR_006,rent
TXN_000856,2022-10-21,ACCT_00020,PERSON_00143,cash withdrawal,14649,VENDOR_069,cash withdrawal
TXN_000857,2021-05-13,ACCT_00314,PERSON_00189,mobile recharge,39724,VENDOR_079,mobile recharge
TXN_000858,2025-09-11,ACCT_00005,PERSON_00018,medical,23507,VENDOR_046,medical
TXN_000859,2026-02-11,ACCT_00162,PERSON_00376,cash withdrawal,38704,VENDOR_091,cash withdrawal
TXN_000860,2023-06-22,ACCT_00426,PERSON_00322,fuel,38272,VENDOR_027,fuel
TXN_000861,2026-01-22,ACCT_00407,PERSON_00011,cash deposit,381806,VENDOR_011,legitimate cash-intensive retail/festival activity
TXN_000862,2025-01-20,ACCT_00348,PERSON_00055,cash withdrawal,583790,PERSON_00374,event services
TXN_000863,2022-04-19,ACCT_00037,PERSON_00113,gold purchase,99679,VENDOR_040,legitimate cash-intensive retail/festival activity
TXN_000864,2021-12-27,ACCT_00173,PERSON_00146,cash withdrawal,668051,PERSON_00400,registration/document fee
TXN_000865,2026-03-14,ACCT_00429,PERSON_00382,transport,16797,VENDOR_003,transport
TXN_000866,2022-03-12,ACCT_00138,PERSON_00381,transfer,753644,PERSON_00344,freight settlement
TXN_000867,2022-12-20,ACCT_00389,PERSON_00313,mobile recharge,13533,VENDOR_026,mobile recharge
TXN_000868,2026-03-27,ACCT_00407,PERSON_00011,gold purchase,43463,VENDOR_045,legitimate cash-intensive retail/festival activity
TXN_000869,2022-12-06,ACCT_00227,PERSON_00023,festival advance,143982,VENDOR_064,legitimate cash-intensive retail/festival activity
TXN_000870,2021-11-18,ACCT_00227,PERSON_00023,supplier settlement,441469,VENDOR_053,legitimate cash-intensive retail/festival activity
TXN_000871,2022-05-29,ACCT_00010,PERSON_00325,shopping,37216,VENDOR_030,shopping
TXN_000872,2022-12-12,ACCT_00037,PERSON_00113,cash deposit,227366,VENDOR_001,legitimate cash-intensive retail/festival activity
TXN_000873,2025-05-26,ACCT_00266,PERSON_00402,medical,10578,VENDOR_004,medical
TXN_000874,2023-08-02,ACCT_00104,PERSON_00027,cash withdrawal,295,VENDOR_078,cash withdrawal
TXN_000875,2022-12-19,ACCT_00277,PERSON_00182,rent,26206,VENDOR_093,rent
TXN_000876,2021-06-12,ACCT_00142,PERSON_00179,invoice,803629,PERSON_00135,registration/document fee
TXN_000877,2025-10-09,ACCT_00301,PERSON_00251,utility,14397,VENDOR_054,utility
TXN_000878,2021-08-11,ACCT_00161,PERSON_00030,medical,30583,VENDOR_097,medical
TXN_000879,2022-04-24,ACCT_00390,PERSON_00049,invoice,574443,PERSON_00143,event services
TXN_000880,2021-10-22,ACCT_00026,PERSON_00448,invoice,553088,PERSON_00055,event services
TXN_000881,2022-10-24,ACCT_00277,PERSON_00182,medical,30166,VENDOR_089,medical
TXN_000882,2025-04-25,ACCT_00209,PERSON_00227,transfer,350950,PERSON_00433,site material settlement
TXN_000883,2025-06-03,ACCT_00362,PERSON_00147,transport,37206,VENDOR_009,transport
TXN_000884,2026-01-17,ACCT_00227,PERSON_00023,wholesale jewellery,165122,VENDOR_023,legitimate cash-intensive retail/festival activity
TXN_000885,2025-06-05,ACCT_00167,PERSON_00088,wholesale jewellery,67560,Family Gold Traders,legitimate cash-intensive retail/festival activity
TXN_000886,2024-07-27,ACCT_00356,PERSON_00338,rent,24919,VENDOR_096,rent
TXN_000887,2022-07-19,ACCT_00093,PERSON_00204,school fee,22103,VENDOR_005,school fee
TXN_000888,2025-08-30,ACCT_00132,PERSON_00100,supplier settlement,304487,VENDOR_016,legitimate cash-intensive retail/festival activity
TXN_000889,2023-04-10,ACCT_00314,PERSON_00189,grocery,23665,VENDOR_021,grocery
TXN_000890,2022-07-18,ACCT_00131,PERSON_00331,vendor payment,461310,PERSON_00288,transport settlement
TXN_000891,2025-05-03,ACCT_00202,PERSON_00149,cash deposit,309153,PERSON_00181,vehicle advance
TXN_000892,2022-02-01,ACCT_00431,PERSON_00346,transport,22660,VENDOR_007,transport
TXN_000893,2022-04-04,ACCT_00423,PERSON_00439,cash withdrawal,40406,VENDOR_050,cash withdrawal
TXN_000894,2025-05-10,ACCT_00266,PERSON_00402,fuel,27472,VENDOR_037,fuel
TXN_000895,2021-07-19,ACCT_00001,PERSON_00033,cash deposit,271335,VENDOR_054,legitimate cash-intensive retail/festival activity
TXN_000896,2025-05-13,ACCT_00077,PERSON_00308,fuel,41033,VENDOR_025,fuel
TXN_000897,2021-03-04,ACCT_00477,PERSON_00031,rent,23102,VENDOR_059,rent
TXN_000898,2025-08-13,ACCT_00385,PERSON_00257,utility,9226,VENDOR_094,utility
TXN_000899,2022-07-10,ACCT_00465,PERSON_00282,shopping,37579,VENDOR_094,shopping
TXN_000900,2021-03-09,ACCT_00115,PERSON_00225,cash withdrawal,331876,PERSON_00009,consultancy settlement
TXN_000901,2024-05-04,ACCT_00291,PERSON_00409,grocery,24893,VENDOR_074,grocery
TXN_000902,2023-01-15,ACCT_00057,PERSON_00311,salary,30636,VENDOR_001,salary
TXN_000903,2021-06-14,ACCT_00069,PERSON_00165,transport,39125,VENDOR_093,transport
TXN_000904,2025-01-11,ACCT_00170,PERSON_00123,medical,5597,VENDOR_081,medical
TXN_000905,2023-04-01,ACCT_00475,PERSON_00108,fuel,29135,VENDOR_004,fuel
TXN_000906,2021-05-14,ACCT_00435,PERSON_00352,cash withdrawal,4701,VENDOR_022,cash withdrawal
TXN_000907,2021-03-07,ACCT_00441,PERSON_00304,transport,14867,VENDOR_099,transport
TXN_000908,2024-04-14,ACCT_00322,PERSON_00429,settlement,558359,PERSON_00374,event services
TXN_000909,2021-10-01,ACCT_00052,PERSON_00438,invoice,860301,PERSON_00072,vehicle advance
TXN_000910,2024-02-01,ACCT_00235,PERSON_00431,salary,22521,VENDOR_037,salary
TXN_000911,2023-02-09,ACCT_00115,PERSON_00225,shopping,804,VENDOR_018,shopping
TXN_000912,2026-01-02,ACCT_00457,PERSON_00300,vendor payment,191910,PERSON_00175,vehicle advance
TXN_000913,2024-05-24,ACCT_00340,PERSON_00058,mobile recharge,18477,VENDOR_076,mobile recharge
TXN_000914,2021-12-06,ACCT_00228,PERSON_00098,salary,26018,VENDOR_091,salary
TXN_000915,2024-12-21,ACCT_00416,PERSON_00043,restaurant,9758,VENDOR_096,restaurant
TXN_000916,2023-05-04,ACCT_00173,PERSON_00146,mobile recharge,32826,VENDOR_021,mobile recharge
TXN_000917,2023-12-20,ACCT_00274,PERSON_00188,salary,35815,VENDOR_038,salary
TXN_000918,2022-10-25,ACCT_00183,PERSON_00286,salary,17221,VENDOR_006,salary
TXN_000919,2023-08-21,ACCT_00245,PERSON_00151,rent,34338,VENDOR_063,rent
TXN_000920,2026-01-25,ACCT_00273,PERSON_00080,transport,18270,VENDOR_082,transport
TXN_000921,2021-07-28,ACCT_00011,PERSON_00010,utility,30007,VENDOR_016,utility
TXN_000922,2026-04-21,ACCT_00122,PERSON_00148,mobile recharge,22934,VENDOR_078,mobile recharge
TXN_000923,2021-01-11,ACCT_00174,PERSON_00414,utility,38772,VENDOR_048,utility
TXN_000924,2024-11-01,ACCT_00438,PERSON_00074,gold purchase,202621,VENDOR_016,legitimate cash-intensive retail/festival activity
TXN_000925,2023-03-10,ACCT_00337,PERSON_00279,settlement,886009,PERSON_00076,wholesale goods
TXN_000926,2026-03-08,ACCT_00053,PERSON_00152,transfer,283199,PERSON_00173,service commission
TXN_000927,2025-03-25,ACCT_00274,PERSON_00188,rent,22827,VENDOR_035,rent
TXN_000928,2022-04-30,ACCT_00052,PERSON_00438,cash withdrawal,163292,PERSON_00081,vehicle advance
TXN_000929,2022-07-09,ACCT_00421,PERSON_00444,school fee,25379,VENDOR_041,school fee
TXN_000930,2025-02-18,ACCT_00330,PERSON_00038,fuel,29247,VENDOR_028,fuel
TXN_000931,2021-01-27,ACCT_00406,PERSON_00250,fuel,32835,VENDOR_097,fuel
TXN_000932,2021-01-02,ACCT_00258,PERSON_00148,restaurant,42143,VENDOR_025,restaurant
TXN_000933,2025-09-09,ACCT_00391,PERSON_00377,cash withdrawal,20404,VENDOR_079,cash withdrawal
TXN_000934,2023-01-19,ACCT_00018,PERSON_00156,school fee,3200,VENDOR_058,school fee
TXN_000935,2025-03-08,ACCT_00358,PERSON_00085,medical,37992,VENDOR_058,medical
TXN_000936,2022-10-13,ACCT_00001,PERSON_00033,rent,2709,VENDOR_056,rent
TXN_000937,2024-04-30,ACCT_00280,PERSON_00205,grocery,44994,VENDOR_006,grocery
TXN_000938,2025-10-06,ACCT_00408,PERSON_00407,transfer,666295,PERSON_00011,premium settlement
TXN_000939,2025-05-14,ACCT_00281,PERSON_00041,mobile recharge,22879,VENDOR_017,mobile recharge
TXN_000940,2021-12-26,ACCT_00160,PERSON_00417,supplier settlement,78099,VENDOR_057,legitimate cash-intensive retail/festival activity
TXN_000941,2025-05-31,ACCT_00213,PERSON_00048,invoice,286385,PERSON_00027,site material settlement
TXN_000942,2024-01-31,ACCT_00132,PERSON_00100,supplier settlement,188595,VENDOR_070,legitimate cash-intensive retail/festival activity
TXN_000943,2023-01-12,ACCT_00166,PERSON_00272,cash withdrawal,660711,PERSON_00009,consultancy settlement
TXN_000944,2025-12-31,ACCT_00227,PERSON_00023,medical,20895,VENDOR_081,medical
TXN_000945,2025-02-17,ACCT_00372,PERSON_00028,transfer,604930,PERSON_00068,site material settlement
TXN_000946,2022-02-20,ACCT_00134,PERSON_00339,fuel,41236,VENDOR_010,fuel
TXN_000947,2024-09-06,ACCT_00450,PERSON_00445,transport,30224,VENDOR_068,transport
TXN_000948,2024-05-11,ACCT_00132,PERSON_00100,gold purchase,112533,VENDOR_045,legitimate cash-intensive retail/festival activity
TXN_000949,2026-06-15,ACCT_00197,PERSON_00169,cash withdrawal,41316,VENDOR_040,cash withdrawal
TXN_000950,2025-03-03,ACCT_00358,PERSON_00085,cash withdrawal,83451,PERSON_00376,site material settlement
TXN_000951,2022-06-14,ACCT_00040,PERSON_00384,shopping,12890,VENDOR_008,shopping
TXN_000952,2025-06-12,ACCT_00232,PERSON_00416,vendor payment,868056,PERSON_00159,premium settlement
TXN_000953,2022-04-22,ACCT_00049,PERSON_00260,mobile recharge,15113,VENDOR_017,mobile recharge
TXN_000954,2025-01-20,ACCT_00263,PERSON_00034,grocery,23151,VENDOR_013,grocery
TXN_000955,2025-11-13,ACCT_00049,PERSON_00260,fuel,8971,VENDOR_094,fuel
TXN_000956,2024-02-27,ACCT_00132,PERSON_00100,wholesale jewellery,214826,VENDOR_087,legitimate cash-intensive retail/festival activity
TXN_000957,2022-05-02,ACCT_00062,PERSON_00388,shopping,8346,VENDOR_009,shopping
TXN_000958,2025-08-07,ACCT_00166,PERSON_00272,cash deposit,726994,PERSON_00239,consultancy settlement
TXN_000959,2025-06-20,ACCT_00227,PERSON_00023,salary,24898,VENDOR_049,salary
TXN_000960,2025-09-15,ACCT_00337,PERSON_00279,grocery,36324,VENDOR_061,grocery
TXN_000961,2022-09-24,ACCT_00067,PERSON_00150,restaurant,20475,VENDOR_012,restaurant
TXN_000962,2021-05-12,ACCT_00067,PERSON_00150,invoice,558779,PERSON_00374,event services
TXN_000963,2022-06-23,ACCT_00070,PERSON_00216,cash deposit,47848,PERSON_00331,transport settlement
TXN_000964,2022-10-14,ACCT_00281,PERSON_00041,cash withdrawal,31795,VENDOR_081,cash withdrawal
TXN_000965,2025-08-08,ACCT_00480,PERSON_00040,vendor payment,216919,PERSON_00449,transport settlement
TXN_000966,2021-11-02,ACCT_00168,PERSON_00415,transport,10192,VENDOR_059,transport
TXN_000967,2023-05-21,ACCT_00003,PERSON_00434,shopping,8420,VENDOR_004,shopping
TXN_000968,2024-12-12,ACCT_00309,PERSON_00127,transfer,549467,PERSON_00034,consultancy settlement
TXN_000969,2022-08-28,ACCT_00318,PERSON_00328,vendor payment,699601,PERSON_00363,site material settlement
TXN_000970,2024-06-30,ACCT_00237,PERSON_00285,salary,12644,VENDOR_014,salary
TXN_000971,2025-04-14,ACCT_00384,PERSON_00299,fuel,25365,VENDOR_091,fuel
TXN_000972,2024-10-05,ACCT_00060,PERSON_00435,mobile recharge,5271,VENDOR_049,mobile recharge
TXN_000973,2024-04-25,ACCT_00142,PERSON_00179,gold purchase,412358,VENDOR_076,legitimate cash-intensive retail/festival activity
TXN_000974,2024-10-22,ACCT_00463,PERSON_00125,settlement,392913,PERSON_00177,event services
TXN_000975,2022-06-24,ACCT_00001,PERSON_00033,supplier settlement,343078,VENDOR_077,legitimate cash-intensive retail/festival activity
TXN_000976,2024-01-09,ACCT_00407,PERSON_00011,transfer,580997,PERSON_00178,premium settlement
TXN_000977,2025-03-13,ACCT_00142,PERSON_00179,gold purchase,365802,VENDOR_035,legitimate cash-intensive retail/festival activity
TXN_000978,2023-02-12,ACCT_00052,PERSON_00438,transfer,622351,PERSON_00382,vehicle advance
TXN_000979,2021-04-01,ACCT_00377,PERSON_00417,festival advance,444730,VENDOR_002,legitimate cash-intensive retail/festival activity
TXN_000980,2025-06-24,ACCT_00353,PERSON_00411,vendor payment,823296,PERSON_00049,event services
TXN_000981,2021-03-17,ACCT_00473,PERSON_00121,shopping,7991,VENDOR_034,shopping
TXN_000982,2025-07-01,ACCT_00459,PERSON_00211,school fee,33811,VENDOR_092,school fee
TXN_000983,2026-01-01,ACCT_00269,PERSON_00101,salary,5282,VENDOR_089,salary
TXN_000984,2024-02-09,ACCT_00359,PERSON_00427,mobile recharge,44728,VENDOR_090,mobile recharge
TXN_000985,2023-06-12,ACCT_00172,PERSON_00252,salary,15400,VENDOR_052,salary
TXN_000986,2023-02-05,ACCT_00447,PERSON_00379,transfer,139408,PERSON_00333,transport settlement
TXN_000987,2023-06-11,ACCT_00081,PERSON_00242,cash withdrawal,5064,VENDOR_061,cash withdrawal
TXN_000988,2025-08-22,ACCT_00045,PERSON_00061,restaurant,4172,VENDOR_038,restaurant
TXN_000989,2025-06-23,ACCT_00282,PERSON_00436,rent,18956,VENDOR_039,rent
TXN_000990,2021-08-31,ACCT_00180,PERSON_00066,utility,35930,VENDOR_048,utility
TXN_000991,2021-12-24,ACCT_00239,PERSON_00401,grocery,27961,VENDOR_093,grocery
TXN_000992,2025-09-26,ACCT_00337,PERSON_00279,cash deposit,411752,PERSON_00028,wholesale goods
TXN_000993,2024-07-14,ACCT_00232,PERSON_00416,shopping,34809,VENDOR_094,shopping
TXN_000994,2023-07-16,ACCT_00471,PERSON_00353,invoice,466752,PERSON_00221,consultancy settlement
TXN_000995,2022-06-19,ACCT_00360,PERSON_00192,vendor payment,231622,PERSON_00336,wholesale goods
TXN_000996,2022-11-14,ACCT_00180,PERSON_00066,school fee,22781,VENDOR_055,school fee
TXN_000997,2026-03-15,ACCT_00204,PERSON_00070,fuel,8169,VENDOR_050,fuel
TXN_000998,2022-04-29,ACCT_00098,PERSON_00370,invoice,100179,PERSON_00398,transport settlement
TXN_000999,2024-09-04,ACCT_00359,PERSON_00427,cash withdrawal,7677,VENDOR_094,cash withdrawal
TXN_001000,2025-03-02,ACCT_00107,PERSON_00341,utility,19913,VENDOR_008,utility
TXN_001001,2024-04-12,ACCT_00044,PERSON_00086,school fee,39412,VENDOR_045,school fee
TXN_001002,2021-08-18,ACCT_00001,PERSON_00033,wholesale jewellery,120472,VENDOR_068,legitimate cash-intensive retail/festival activity
TXN_001003,2025-07-05,ACCT_00187,PERSON_00273,restaurant,6205,VENDOR_045,restaurant
TXN_001004,2023-09-14,ACCT_00253,PERSON_00072,school fee,31868,VENDOR_003,school fee
TXN_001005,2024-04-14,ACCT_00019,PERSON_00175,grocery,22138,VENDOR_079,grocery
TXN_001006,2023-05-09,ACCT_00213,PERSON_00048,grocery,20047,VENDOR_069,grocery
TXN_001007,2026-06-17,ACCT_00310,PERSON_00162,salary,35896,VENDOR_028,salary
TXN_001008,2022-06-24,ACCT_00009,PERSON_00057,salary,39306,VENDOR_095,salary
TXN_001009,2025-10-20,ACCT_00102,PERSON_00173,fuel,14087,VENDOR_075,fuel
TXN_001010,2024-11-22,ACCT_00312,PERSON_00295,restaurant,42408,VENDOR_081,restaurant
TXN_001011,2023-03-20,ACCT_00406,PERSON_00250,cash deposit,119314,PERSON_00145,site material settlement
TXN_001012,2023-11-19,ACCT_00196,PERSON_00278,fuel,3828,VENDOR_057,fuel
TXN_001013,2022-02-07,ACCT_00325,PERSON_00145,vendor payment,504811,PERSON_00068,site material settlement
TXN_001014,2023-11-01,ACCT_00132,PERSON_00100,supplier settlement,257941,VENDOR_017,legitimate cash-intensive retail/festival activity
TXN_001015,2023-08-23,ACCT_00229,PERSON_00094,fuel,24306,VENDOR_056,fuel
TXN_001016,2023-05-13,ACCT_00156,PERSON_00335,medical,42779,VENDOR_050,medical
TXN_001017,2023-07-25,ACCT_00292,PERSON_00007,rent,16630,VENDOR_037,rent
TXN_001018,2025-09-29,ACCT_00192,PERSON_00405,vendor payment,595121,PERSON_00300,vehicle advance
TXN_001019,2025-06-21,ACCT_00070,PERSON_00216,school fee,23794,VENDOR_066,school fee
TXN_001020,2021-06-28,ACCT_00385,PERSON_00257,salary,2376,VENDOR_068,salary
TXN_001021,2026-04-05,ACCT_00298,PERSON_00371,rent,14322,VENDOR_084,rent
TXN_001022,2024-06-27,ACCT_00340,PERSON_00058,grocery,4532,VENDOR_019,grocery
TXN_001023,2022-10-26,ACCT_00390,PERSON_00049,transfer,232822,PERSON_00064,event services
TXN_001024,2021-02-28,ACCT_00202,PERSON_00149,settlement,339676,PERSON_00434,vehicle advance
TXN_001025,2022-07-21,ACCT_00139,PERSON_00330,transport,42979,VENDOR_030,transport
TXN_001026,2021-07-02,ACCT_00439,PERSON_00385,vendor payment,117320,PERSON_00011,premium settlement
TXN_001027,2024-07-01,ACCT_00396,PERSON_00115,cash withdrawal,38553,VENDOR_035,cash withdrawal
TXN_001028,2024-03-22,ACCT_00321,PERSON_00167,rent,2964,VENDOR_082,rent
TXN_001029,2023-05-31,ACCT_00463,PERSON_00125,salary,27079,VENDOR_098,salary
TXN_001030,2023-12-03,ACCT_00355,PERSON_00263,cash withdrawal,260550,PERSON_00311,premium settlement
TXN_001031,2026-02-22,ACCT_00361,PERSON_00035,salary,9020,VENDOR_010,salary
TXN_001032,2021-06-11,ACCT_00240,PERSON_00450,restaurant,13598,VENDOR_001,restaurant
TXN_001033,2022-10-26,ACCT_00282,PERSON_00436,cash withdrawal,120066,PERSON_00223,site material settlement
TXN_001034,2021-02-16,ACCT_00391,PERSON_00377,cash withdrawal,24073,VENDOR_026,cash withdrawal
TXN_001035,2023-11-21,ACCT_00412,PERSON_00089,utility,40420,VENDOR_074,utility
TXN_001036,2021-10-31,ACCT_00246,PERSON_00244,gold purchase,382353,VENDOR_044,legitimate cash-intensive retail/festival activity
TXN_001037,2021-08-12,ACCT_00218,PERSON_00117,shopping,27396,VENDOR_024,shopping
TXN_001038,2024-02-17,ACCT_00073,PERSON_00198,shopping,24306,VENDOR_048,shopping
TXN_001039,2022-05-27,ACCT_00186,PERSON_00039,shopping,26464,VENDOR_013,shopping
TXN_001040,2021-10-15,ACCT_00402,PERSON_00345,mobile recharge,42128,VENDOR_063,mobile recharge
TXN_001041,2025-09-02,ACCT_00421,PERSON_00444,mobile recharge,36260,VENDOR_021,mobile recharge
TXN_001042,2026-06-11,ACCT_00009,PERSON_00057,restaurant,26486,VENDOR_083,restaurant
TXN_001043,2025-11-16,ACCT_00253,PERSON_00072,cash withdrawal,30008,VENDOR_081,cash withdrawal
TXN_001044,2023-11-18,ACCT_00004,PERSON_00425,transfer,722053,PERSON_00394,transport settlement
TXN_001045,2022-06-02,ACCT_00192,PERSON_00405,shopping,27455,VENDOR_041,shopping
TXN_001046,2026-01-02,ACCT_00244,PERSON_00221,transport,10750,VENDOR_090,transport
TXN_001047,2023-03-12,ACCT_00358,PERSON_00085,cash deposit,183294,PERSON_00281,site material settlement
TXN_001048,2024-02-12,ACCT_00299,PERSON_00386,medical,18034,VENDOR_089,medical
TXN_001049,2023-11-11,ACCT_00146,PERSON_00287,school fee,35217,VENDOR_043,school fee
TXN_001050,2021-08-25,ACCT_00246,PERSON_00244,cash deposit,58730,VENDOR_094,legitimate cash-intensive retail/festival activity
TXN_001051,2023-03-18,ACCT_00037,PERSON_00113,gold purchase,268140,VENDOR_077,legitimate cash-intensive retail/festival activity
TXN_001052,2022-03-18,ACCT_00386,PERSON_00276,shopping,32538,VENDOR_018,shopping
TXN_001053,2021-06-18,ACCT_00059,PERSON_00390,transfer,463208,PERSON_00049,event services
TXN_001054,2024-12-08,ACCT_00443,PERSON_00396,medical,10371,VENDOR_008,medical
TXN_001055,2022-11-09,ACCT_00132,PERSON_00100,wholesale jewellery,39745,VENDOR_022,legitimate cash-intensive retail/festival activity
TXN_001056,2022-01-10,ACCT_00227,PERSON_00023,supplier settlement,326711,VENDOR_042,legitimate cash-intensive retail/festival activity
TXN_001057,2022-07-04,ACCT_00246,PERSON_00244,school fee,4863,VENDOR_086,school fee
TXN_001058,2021-03-18,ACCT_00142,PERSON_00179,gold purchase,156872,VENDOR_035,legitimate cash-intensive retail/festival activity
TXN_001059,2026-05-17,ACCT_00240,PERSON_00450,cash withdrawal,3792,VENDOR_002,cash withdrawal
TXN_001060,2025-12-14,ACCT_00247,PERSON_00047,mobile recharge,36669,VENDOR_007,mobile recharge
TXN_001061,2021-11-03,ACCT_00026,PERSON_00448,settlement,134003,PERSON_00133,event services
TXN_001062,2022-03-31,ACCT_00341,PERSON_00310,fuel,15231,VENDOR_025,fuel
TXN_001063,2026-05-14,ACCT_00021,PERSON_00367,grocery,15877,VENDOR_092,grocery
TXN_001064,2022-12-23,ACCT_00373,PERSON_00141,rent,11678,VENDOR_050,rent
TXN_001065,2023-11-30,ACCT_00336,PERSON_00068,settlement,495480,PERSON_00250,site material settlement
TXN_001066,2023-11-16,ACCT_00332,PERSON_00240,utility,21373,VENDOR_020,utility
TXN_001067,2023-11-20,ACCT_00166,PERSON_00272,fuel,18561,VENDOR_018,fuel
TXN_001068,2025-08-04,ACCT_00106,PERSON_00314,grocery,14032,VENDOR_036,grocery
TXN_001069,2021-01-13,ACCT_00363,PERSON_00122,restaurant,9069,VENDOR_004,restaurant
TXN_001070,2022-07-02,ACCT_00001,PERSON_00033,festival advance,193630,VENDOR_015,legitimate cash-intensive retail/festival activity
TXN_001071,2024-04-12,ACCT_00039,PERSON_00078,rent,28723,VENDOR_026,rent
TXN_001072,2022-06-30,ACCT_00319,PERSON_00404,fuel,42340,VENDOR_009,fuel
TXN_001073,2021-06-27,ACCT_00105,PERSON_00212,vendor payment,639289,PERSON_00449,transport settlement
TXN_001074,2024-07-27,ACCT_00171,PERSON_00370,shopping,41071,VENDOR_079,shopping
TXN_001075,2021-05-17,ACCT_00022,PERSON_00372,medical,20293,VENDOR_089,medical
TXN_001076,2025-04-06,ACCT_00411,PERSON_00174,salary,19737,VENDOR_065,salary
TXN_001077,2025-11-20,ACCT_00196,PERSON_00278,rent,6358,VENDOR_100,rent
TXN_001078,2022-06-19,ACCT_00213,PERSON_00048,school fee,37707,VENDOR_027,school fee
TXN_001079,2023-04-28,ACCT_00476,PERSON_00160,restaurant,23395,VENDOR_052,restaurant
TXN_001080,2024-03-10,ACCT_00160,PERSON_00417,grocery,19877,VENDOR_015,grocery
TXN_001081,2025-09-19,ACCT_00066,PERSON_00004,cash withdrawal,19263,VENDOR_054,cash withdrawal
TXN_001082,2023-12-28,ACCT_00368,PERSON_00019,restaurant,33489,VENDOR_029,restaurant
TXN_001083,2021-08-24,ACCT_00315,PERSON_00202,cash withdrawal,30590,VENDOR_072,cash withdrawal
TXN_001084,2021-03-05,ACCT_00479,PERSON_00082,settlement,392493,PERSON_00425,transport settlement
TXN_001085,2022-12-11,ACCT_00180,PERSON_00066,cash withdrawal,19413,VENDOR_096,cash withdrawal
TXN_001086,2023-12-25,ACCT_00429,PERSON_00382,grocery,4007,VENDOR_066,grocery
TXN_001087,2022-09-08,ACCT_00021,PERSON_00367,fuel,1635,VENDOR_032,fuel
TXN_001088,2025-08-31,ACCT_00171,PERSON_00370,mobile recharge,37920,VENDOR_096,mobile recharge
TXN_001089,2026-05-21,ACCT_00322,PERSON_00429,invoice,531710,PERSON_00102,event services
TXN_001090,2022-01-27,ACCT_00341,PERSON_00310,shopping,11265,VENDOR_098,shopping
TXN_001091,2021-09-21,ACCT_00453,PERSON_00009,fuel,21111,VENDOR_024,fuel
TXN_001092,2026-06-12,ACCT_00043,PERSON_00092,salary,10018,VENDOR_017,salary
TXN_001093,2022-11-23,ACCT_00287,PERSON_00071,invoice,542939,PERSON_00331,transport settlement
TXN_001094,2026-02-17,ACCT_00197,PERSON_00169,transport,11632,VENDOR_021,transport
TXN_001095,2025-11-14,ACCT_00210,PERSON_00290,fuel,38947,VENDOR_071,fuel
TXN_001096,2025-05-30,ACCT_00001,PERSON_00033,cash deposit,350260,VENDOR_018,legitimate cash-intensive retail/festival activity
TXN_001097,2026-06-16,ACCT_00345,PERSON_00064,settlement,271360,PERSON_00150,event services
TXN_001098,2025-12-16,ACCT_00370,PERSON_00046,transport,37312,VENDOR_070,transport
TXN_001099,2025-07-25,ACCT_00254,PERSON_00154,vendor payment,504684,PERSON_00436,site material settlement
TXN_001100,2021-04-21,ACCT_00227,PERSON_00023,supplier settlement,389729,VENDOR_096,legitimate cash-intensive retail/festival activity
TXN_001101,2022-07-31,ACCT_00126,PERSON_00062,rent,25925,VENDOR_065,rent
TXN_001102,2021-09-04,ACCT_00120,PERSON_00153,cash withdrawal,26628,VENDOR_032,cash withdrawal
TXN_001103,2026-04-26,ACCT_00305,PERSON_00020,cash deposit,168848,PERSON_00430,service commission
TXN_001104,2024-02-08,ACCT_00465,PERSON_00282,transfer,244448,PERSON_00182,vehicle advance
TXN_001105,2021-06-20,ACCT_00026,PERSON_00448,school fee,8112,VENDOR_018,school fee
TXN_001106,2022-03-10,ACCT_00231,PERSON_00246,cash deposit,537615,PERSON_00145,site material settlement
TXN_001107,2023-04-16,ACCT_00152,PERSON_00219,cash withdrawal,7671,VENDOR_025,cash withdrawal
TXN_001108,2022-06-02,ACCT_00173,PERSON_00146,cash deposit,823059,PERSON_00283,registration/document fee
TXN_001109,2022-01-18,ACCT_00239,PERSON_00401,utility,38571,VENDOR_027,utility
TXN_001110,2023-09-16,ACCT_00108,PERSON_00147,grocery,42431,VENDOR_010,grocery
TXN_001111,2021-04-22,ACCT_00443,PERSON_00396,mobile recharge,14108,VENDOR_048,mobile recharge
TXN_001112,2025-06-01,ACCT_00296,PERSON_00316,grocery,25530,VENDOR_091,grocery
TXN_001113,2023-08-26,ACCT_00426,PERSON_00322,vendor payment,859957,PERSON_00148,consultancy settlement
TXN_001114,2026-04-06,ACCT_00295,PERSON_00269,grocery,4866,VENDOR_069,grocery
TXN_001115,2026-03-25,ACCT_00376,PERSON_00232,rent,4490,VENDOR_051,rent
TXN_001116,2024-08-26,ACCT_00151,PERSON_00335,grocery,26763,VENDOR_020,grocery
TXN_001117,2022-02-14,ACCT_00292,PERSON_00007,grocery,42680,VENDOR_004,grocery
TXN_001118,2024-07-10,ACCT_00323,PERSON_00302,shopping,4136,VENDOR_055,shopping
TXN_001119,2026-02-15,ACCT_00447,PERSON_00379,fuel,11681,VENDOR_005,fuel
TXN_001120,2026-01-23,ACCT_00415,PERSON_00309,transfer,60191,PERSON_00014,freight settlement
TXN_001121,2024-11-06,ACCT_00246,PERSON_00244,cash deposit,148533,VENDOR_076,legitimate cash-intensive retail/festival activity
TXN_001122,2024-09-19,ACCT_00069,PERSON_00165,vendor payment,6049,PERSON_00425,transport settlement
TXN_001123,2025-08-04,ACCT_00190,PERSON_00271,grocery,14085,VENDOR_094,grocery
TXN_001124,2022-01-02,ACCT_00268,PERSON_00422,salary,20120,VENDOR_043,salary
TXN_001125,2022-09-24,ACCT_00058,PERSON_00319,salary,23739,VENDOR_042,salary
TXN_001126,2026-05-29,ACCT_00112,PERSON_00351,transport,22833,VENDOR_033,transport
TXN_001127,2021-11-18,ACCT_00037,PERSON_00113,festival advance,125058,VENDOR_084,legitimate cash-intensive retail/festival activity
TXN_001128,2024-08-04,ACCT_00068,PERSON_00366,shopping,40453,VENDOR_005,shopping
TXN_001129,2023-05-27,ACCT_00345,PERSON_00064,vendor payment,709503,PERSON_00390,event services
TXN_001130,2023-05-11,ACCT_00185,PERSON_00412,rent,9888,VENDOR_040,rent
TXN_001131,2025-05-26,ACCT_00295,PERSON_00269,cash deposit,666110,PERSON_00283,registration/document fee
TXN_001132,2021-10-06,ACCT_00382,PERSON_00096,cash withdrawal,11403,VENDOR_023,cash withdrawal
TXN_001133,2023-11-03,ACCT_00012,PERSON_00449,school fee,25085,VENDOR_066,school fee
TXN_001134,2022-09-22,ACCT_00422,PERSON_00052,vendor payment,838155,PERSON_00143,event services
TXN_001135,2025-12-01,ACCT_00274,PERSON_00188,salary,11388,VENDOR_094,salary
TXN_001136,2025-01-21,ACCT_00212,PERSON_00247,restaurant,23018,VENDOR_070,restaurant
TXN_001137,2024-09-14,ACCT_00011,PERSON_00010,cash withdrawal,473639,PERSON_00050,freight settlement
TXN_001138,2024-03-25,ACCT_00037,PERSON_00113,supplier settlement,335181,VENDOR_096,legitimate cash-intensive retail/festival activity
TXN_001865,2025-09-29,ACCT_00253,PERSON_00072,transfer,97535,PERSON_00345,intermediary settlement
TXN_001140,2025-10-23,ACCT_00048,PERSON_00067,fuel,28543,VENDOR_083,fuel
TXN_001141,2026-04-21,ACCT_00052,PERSON_00438,invoice,840848,PERSON_00345,vehicle advance
TXN_001142,2021-07-08,ACCT_00046,PERSON_00183,medical,7339,VENDOR_062,medical
TXN_001143,2021-11-25,ACCT_00417,PERSON_00076,cash withdrawal,811778,PERSON_00078,wholesale goods
TXN_001144,2025-11-27,ACCT_00230,PERSON_00191,vendor payment,781580,PERSON_00186,consultancy settlement
TXN_001145,2022-07-16,ACCT_00227,PERSON_00023,wholesale jewellery,264061,VENDOR_027,legitimate cash-intensive retail/festival activity
TXN_001146,2022-05-14,ACCT_00164,PERSON_00229,salary,40699,VENDOR_038,salary
TXN_001147,2025-02-12,ACCT_00037,PERSON_00113,wholesale jewellery,351392,VENDOR_002,legitimate cash-intensive retail/festival activity
TXN_001148,2024-07-23,ACCT_00146,PERSON_00287,cash withdrawal,41422,VENDOR_028,cash withdrawal
TXN_001149,2025-02-21,ACCT_00288,PERSON_00180,utility,19788,VENDOR_048,utility
TXN_001150,2026-02-23,ACCT_00102,PERSON_00173,fuel,23872,VENDOR_031,fuel
TXN_001151,2024-01-10,ACCT_00316,PERSON_00237,invoice,386902,PERSON_00033,registration/document fee
TXN_001152,2021-03-25,ACCT_00161,PERSON_00030,rent,27424,VENDOR_040,rent
TXN_001153,2026-02-19,ACCT_00173,PERSON_00146,salary,8377,VENDOR_086,salary
TXN_001154,2023-08-22,ACCT_00471,PERSON_00353,fuel,6483,VENDOR_011,fuel
TXN_001155,2023-06-18,ACCT_00417,PERSON_00076,settlement,76819,PERSON_00078,wholesale goods
TXN_001156,2026-01-17,ACCT_00042,PERSON_00195,shopping,6264,VENDOR_070,shopping
TXN_001157,2025-11-08,ACCT_00173,PERSON_00146,transfer,145309,PERSON_00337,wholesale goods
TXN_001158,2022-04-28,ACCT_00367,PERSON_00256,shopping,23877,VENDOR_078,shopping
TXN_001159,2022-11-12,ACCT_00180,PERSON_00066,medical,29432,VENDOR_061,medical
TXN_001160,2023-10-16,ACCT_00227,PERSON_00023,cash deposit,333307,VENDOR_084,legitimate cash-intensive retail/festival activity
TXN_001161,2023-11-11,ACCT_00096,PERSON_00139,grocery,22307,VENDOR_035,grocery
TXN_001162,2025-09-21,ACCT_00405,PERSON_00329,grocery,6157,VENDOR_043,grocery
TXN_001163,2023-04-07,ACCT_00034,PERSON_00245,rent,653,VENDOR_083,rent
TXN_001164,2022-12-24,ACCT_00407,PERSON_00011,cash deposit,358131,VENDOR_006,legitimate cash-intensive retail/festival activity
TXN_001165,2022-02-07,ACCT_00307,PERSON_00305,rent,2633,VENDOR_017,rent
TXN_001166,2022-08-20,ACCT_00188,PERSON_00348,mobile recharge,30531,VENDOR_081,mobile recharge
TXN_001167,2026-04-21,ACCT_00035,PERSON_00228,rent,10303,VENDOR_095,rent
TXN_001168,2024-04-29,ACCT_00467,PERSON_00357,restaurant,11619,VENDOR_019,restaurant
TXN_001169,2026-05-17,ACCT_00246,PERSON_00244,wholesale jewellery,208319,VENDOR_066,legitimate cash-intensive retail/festival activity
TXN_001170,2025-01-27,ACCT_00396,PERSON_00115,grocery,38345,VENDOR_044,grocery
TXN_001171,2024-01-10,ACCT_00262,PERSON_00383,school fee,41289,VENDOR_097,school fee
TXN_001172,2025-08-11,ACCT_00367,PERSON_00256,invoice,493439,PERSON_00085,site material settlement
TXN_001173,2025-10-31,ACCT_00227,PERSON_00023,restaurant,23411,VENDOR_076,restaurant
TXN_001174,2021-07-03,ACCT_00262,PERSON_00383,cash deposit,696754,PERSON_00033,registration/document fee
TXN_001175,2021-06-25,ACCT_00142,PERSON_00179,cash withdrawal,19581,VENDOR_099,cash withdrawal
TXN_001176,2025-03-27,ACCT_00022,PERSON_00372,grocery,4739,VENDOR_072,grocery
TXN_001177,2024-02-01,ACCT_00286,PERSON_00104,rent,41974,VENDOR_085,rent
TXN_001178,2025-06-11,ACCT_00317,PERSON_00304,invoice,461176,PERSON_00157,freight settlement
TXN_001179,2022-06-06,ACCT_00076,PERSON_00441,cash withdrawal,4658,VENDOR_078,cash withdrawal
TXN_001180,2022-03-18,ACCT_00170,PERSON_00123,cash withdrawal,23630,VENDOR_030,cash withdrawal
TXN_001181,2021-09-18,ACCT_00449,PERSON_00159,invoice,351195,PERSON_00071,transport settlement
TXN_001182,2023-06-27,ACCT_00184,PERSON_00343,cash deposit,155678,PERSON_00076,wholesale goods
TXN_001183,2024-01-12,ACCT_00129,PERSON_00025,cash deposit,103471,PERSON_00060,freight settlement
TXN_001184,2025-04-30,ACCT_00438,PERSON_00074,supplier settlement,409490,VENDOR_096,legitimate cash-intensive retail/festival activity
TXN_001185,2021-02-05,ACCT_00047,PERSON_00409,fuel,21414,VENDOR_085,fuel
TXN_001186,2021-07-29,ACCT_00111,PERSON_00144,settlement,490030,PERSON_00394,transport settlement
TXN_001187,2021-07-14,ACCT_00321,PERSON_00167,vendor payment,684756,PERSON_00398,transport settlement
TXN_001188,2026-06-01,ACCT_00207,PERSON_00239,invoice,536448,PERSON_00359,consultancy settlement
TXN_001189,2024-04-13,ACCT_00407,PERSON_00011,cash deposit,309077,VENDOR_034,legitimate cash-intensive retail/festival activity
TXN_001190,2023-06-25,ACCT_00465,PERSON_00282,utility,17106,VENDOR_063,utility
TXN_001191,2021-09-30,ACCT_00418,PERSON_00314,settlement,77803,PERSON_00060,freight settlement
TXN_001192,2023-11-28,ACCT_00337,PERSON_00279,cash withdrawal,27264,VENDOR_029,cash withdrawal
TXN_001193,2022-06-15,ACCT_00238,PERSON_00321,grocery,22800,VENDOR_069,grocery
TXN_001194,2025-02-23,ACCT_00416,PERSON_00043,vendor payment,72672,PERSON_00360,wholesale goods
TXN_001195,2023-04-06,ACCT_00213,PERSON_00048,utility,4611,VENDOR_084,utility
TXN_001196,2025-05-07,ACCT_00066,PERSON_00004,salary,32893,VENDOR_050,salary
TXN_001197,2023-02-22,ACCT_00166,PERSON_00272,vendor payment,683895,PERSON_00073,consultancy settlement
TXN_001198,2025-12-10,ACCT_00469,PERSON_00060,transport,20607,VENDOR_052,transport
TXN_001199,2023-02-07,ACCT_00223,PERSON_00298,grocery,34298,VENDOR_080,grocery
TXN_001200,2023-07-04,ACCT_00087,PERSON_00010,invoice,267837,PERSON_00309,freight settlement
TXN_001201,2026-04-12,ACCT_00458,PERSON_00389,shopping,2076,VENDOR_038,shopping
TXN_001202,2026-04-21,ACCT_00122,PERSON_00148,salary,31960,VENDOR_003,salary
TXN_001203,2023-03-04,ACCT_00042,PERSON_00195,restaurant,14099,VENDOR_077,restaurant
TXN_001204,2024-07-21,ACCT_00035,PERSON_00228,salary,18484,VENDOR_100,salary
TXN_001205,2026-04-15,ACCT_00377,PERSON_00417,supplier settlement,239262,VENDOR_048,legitimate cash-intensive retail/festival activity
TXN_001206,2024-12-06,ACCT_00383,PERSON_00347,gold purchase,353711,VENDOR_055,legitimate cash-intensive retail/festival activity
TXN_001207,2026-04-05,ACCT_00184,PERSON_00343,settlement,84877,PERSON_00306,wholesale goods
TXN_001208,2021-05-27,ACCT_00417,PERSON_00076,transport,42256,VENDOR_069,transport
TXN_001209,2025-08-20,ACCT_00037,PERSON_00113,cash deposit,107690,VENDOR_034,legitimate cash-intensive retail/festival activity
TXN_001210,2026-02-12,ACCT_00097,PERSON_00105,settlement,800671,PERSON_00146,registration/document fee
TXN_001211,2023-11-12,ACCT_00144,PERSON_00312,cash deposit,682785,PERSON_00263,premium settlement
TXN_001212,2023-03-28,ACCT_00471,PERSON_00353,shopping,39001,VENDOR_062,shopping
TXN_001213,2024-12-10,ACCT_00085,PERSON_00370,grocery,22103,VENDOR_058,grocery
TXN_001214,2022-06-18,ACCT_00461,PERSON_00217,cash withdrawal,35204,VENDOR_097,cash withdrawal
TXN_001215,2023-12-19,ACCT_00010,PERSON_00325,shopping,27063,VENDOR_008,shopping
TXN_001216,2022-03-27,ACCT_00176,PERSON_00264,cash withdrawal,535612,PERSON_00430,service commission
TXN_001217,2025-08-13,ACCT_00426,PERSON_00322,vendor payment,507731,PERSON_00290,registration/document fee
TXN_001218,2021-09-08,ACCT_00478,PERSON_00218,utility,28209,VENDOR_052,utility
TXN_001219,2021-10-27,ACCT_00001,PERSON_00033,wholesale jewellery,363068,VENDOR_079,legitimate cash-intensive retail/festival activity
TXN_001220,2023-07-31,ACCT_00383,PERSON_00347,grocery,14426,VENDOR_083,grocery
TXN_001221,2023-02-01,ACCT_00337,PERSON_00279,settlement,250129,PERSON_00360,wholesale goods
TXN_001222,2023-02-14,ACCT_00059,PERSON_00390,cash withdrawal,16676,VENDOR_013,cash withdrawal
TXN_001223,2026-01-05,ACCT_00407,PERSON_00011,gold purchase,295655,VENDOR_040,legitimate cash-intensive retail/festival activity
TXN_001224,2024-11-17,ACCT_00442,PERSON_00079,medical,6789,VENDOR_050,medical
TXN_001225,2023-11-21,ACCT_00448,PERSON_00032,vendor payment,760379,PERSON_00121,consultancy settlement
TXN_001226,2025-10-16,ACCT_00202,PERSON_00149,transport,38560,VENDOR_091,transport
TXN_001227,2022-11-07,ACCT_00359,PERSON_00427,settlement,718435,PERSON_00223,site material settlement
TXN_001228,2021-04-29,ACCT_00052,PERSON_00438,cash deposit,357728,PERSON_00382,vehicle advance
TXN_001229,2023-07-22,ACCT_00244,PERSON_00221,cash withdrawal,398281,PERSON_00121,consultancy settlement
TXN_001230,2022-08-11,ACCT_00271,PERSON_00050,transfer,756402,PERSON_00212,freight settlement
TXN_001231,2023-01-08,ACCT_00448,PERSON_00032,shopping,41269,VENDOR_059,shopping
TXN_001232,2025-02-21,ACCT_00167,PERSON_00088,cash deposit,76188,VENDOR_035,legitimate cash-intensive retail/festival activity
TXN_001233,2021-12-27,ACCT_00270,PERSON_00306,restaurant,12296,VENDOR_037,restaurant
TXN_001234,2023-10-16,ACCT_00366,PERSON_00063,salary,42116,VENDOR_081,salary
TXN_001235,2023-01-12,ACCT_00143,PERSON_00069,cash withdrawal,13779,VENDOR_013,cash withdrawal
TXN_001236,2024-04-21,ACCT_00324,PERSON_00283,salary,14938,VENDOR_042,salary
TXN_001237,2024-11-04,ACCT_00432,PERSON_00170,cash withdrawal,289932,PERSON_00163,service commission
TXN_001238,2024-01-07,ACCT_00133,PERSON_00184,shopping,6990,VENDOR_064,shopping
TXN_001239,2025-09-24,ACCT_00284,PERSON_00238,rent,6456,VENDOR_093,rent
TXN_001240,2023-05-30,ACCT_00274,PERSON_00188,cash withdrawal,29519,VENDOR_037,cash withdrawal
TXN_001241,2025-07-27,ACCT_00467,PERSON_00357,medical,21140,VENDOR_030,medical
TXN_001242,2022-05-29,ACCT_00368,PERSON_00019,utility,553,VENDOR_083,utility
TXN_001243,2021-06-12,ACCT_00167,PERSON_00088,wholesale jewellery,313317,VENDOR_091,legitimate cash-intensive retail/festival activity
TXN_001244,2024-01-11,ACCT_00409,PERSON_00193,grocery,28221,VENDOR_100,grocery
TXN_001245,2024-09-24,ACCT_00246,PERSON_00244,festival advance,302532,VENDOR_083,legitimate cash-intensive retail/festival activity
TXN_001246,2022-03-16,ACCT_00351,PERSON_00163,mobile recharge,3868,VENDOR_062,mobile recharge
TXN_001247,2025-09-14,ACCT_00357,PERSON_00126,cash deposit,81167,PERSON_00141,transport settlement
TXN_001248,2022-06-26,ACCT_00232,PERSON_00416,rent,3579,VENDOR_038,rent
TXN_001249,2021-06-26,ACCT_00475,PERSON_00108,fuel,35546,VENDOR_074,fuel
TXN_001250,2023-09-11,ACCT_00270,PERSON_00306,transfer,431002,PERSON_00279,wholesale goods
TXN_001251,2021-07-31,ACCT_00383,PERSON_00347,cash deposit,201528,VENDOR_095,legitimate cash-intensive retail/festival activity
TXN_001252,2022-07-31,ACCT_00150,PERSON_00231,shopping,20713,VENDOR_081,shopping
TXN_001253,2026-03-13,ACCT_00257,PERSON_00136,fuel,31986,VENDOR_086,fuel
TXN_001254,2024-11-25,ACCT_00161,PERSON_00030,shopping,42688,VENDOR_091,shopping
TXN_001255,2023-07-24,ACCT_00247,PERSON_00047,fuel,10241,VENDOR_088,fuel
TXN_001256,2024-03-22,ACCT_00345,PERSON_00064,settlement,332813,PERSON_00049,event services
TXN_001257,2021-10-14,ACCT_00448,PERSON_00032,settlement,818156,PERSON_00375,consultancy settlement
TXN_001258,2024-07-28,ACCT_00260,PERSON_00261,cash withdrawal,35340,VENDOR_007,cash withdrawal
TXN_001259,2023-01-02,ACCT_00261,PERSON_00235,utility,8306,VENDOR_088,utility
TXN_001260,2025-07-15,ACCT_00394,PERSON_00187,vendor payment,637903,PERSON_00012,site material settlement
TXN_001261,2022-12-06,ACCT_00439,PERSON_00385,cash deposit,658120,PERSON_00314,freight settlement
TXN_001262,2025-11-29,ACCT_00346,PERSON_00359,salary,44547,VENDOR_001,salary
TXN_001263,2025-08-04,ACCT_00463,PERSON_00125,invoice,113824,PERSON_00390,event services
TXN_001264,2022-09-08,ACCT_00124,PERSON_00270,cash withdrawal,23897,VENDOR_041,cash withdrawal
TXN_001265,2021-07-25,ACCT_00360,PERSON_00192,fuel,44695,VENDOR_067,fuel
TXN_001266,2025-04-27,ACCT_00461,PERSON_00217,school fee,38641,VENDOR_045,school fee
TXN_001267,2025-07-24,ACCT_00480,PERSON_00040,invoice,131838,PERSON_00398,transport settlement
TXN_001268,2025-08-09,ACCT_00017,PERSON_00088,wholesale jewellery,150787,VENDOR_020,legitimate cash-intensive retail/festival activity
TXN_001269,2026-03-30,ACCT_00380,PERSON_00178,vendor payment,698364,PERSON_00057,premium settlement
TXN_001270,2026-04-13,ACCT_00246,PERSON_00244,supplier settlement,56501,VENDOR_017,legitimate cash-intensive retail/festival activity
TXN_001271,2023-02-02,ACCT_00021,PERSON_00367,restaurant,11887,VENDOR_076,restaurant
TXN_001272,2024-10-06,ACCT_00264,PERSON_00015,grocery,15945,VENDOR_077,grocery
TXN_001273,2025-06-16,ACCT_00222,PERSON_00226,grocery,7168,VENDOR_063,grocery
TXN_001274,2024-07-04,ACCT_00053,PERSON_00152,cash withdrawal,26982,VENDOR_015,cash withdrawal
TXN_001275,2023-10-04,ACCT_00263,PERSON_00034,invoice,688959,PERSON_00073,consultancy settlement
TXN_001276,2023-01-28,ACCT_00031,PERSON_00223,grocery,29244,VENDOR_083,grocery
TXN_001277,2025-06-18,ACCT_00227,PERSON_00023,grocery,5773,VENDOR_002,grocery
TXN_001278,2026-05-12,ACCT_00166,PERSON_00272,fuel,11613,VENDOR_016,fuel
TXN_001279,2021-09-12,ACCT_00204,PERSON_00070,cash deposit,144345,PERSON_00259,premium settlement
TXN_001280,2021-08-25,ACCT_00405,PERSON_00329,cash deposit,807165,PERSON_00255,freight settlement
TXN_001281,2022-12-21,ACCT_00465,PERSON_00282,rent,31504,VENDOR_083,rent
TXN_001282,2023-05-30,ACCT_00373,PERSON_00141,settlement,543734,PERSON_00165,transport settlement
TXN_001283,2023-12-20,ACCT_00390,PERSON_00049,vendor payment,776240,PERSON_00036,event services
TXN_001284,2022-08-28,ACCT_00329,PERSON_00069,settlement,78127,PERSON_00101,service commission
TXN_001285,2022-11-14,ACCT_00366,PERSON_00063,restaurant,11814,VENDOR_045,restaurant
TXN_001286,2023-02-07,ACCT_00084,PERSON_00133,cash deposit,324682,PERSON_00052,event services
TXN_001287,2023-02-21,ACCT_00037,PERSON_00113,gold purchase,183802,VENDOR_094,legitimate cash-intensive retail/festival activity
TXN_001288,2021-02-11,ACCT_00379,PERSON_00326,medical,23870,VENDOR_065,medical
TXN_001289,2024-01-15,ACCT_00389,PERSON_00313,grocery,36107,VENDOR_100,grocery
TXN_001290,2024-12-28,ACCT_00324,PERSON_00283,invoice,175045,PERSON_00346,registration/document fee
TXN_001291,2022-01-23,ACCT_00480,PERSON_00040,fuel,20214,VENDOR_015,fuel
TXN_001292,2025-11-19,ACCT_00325,PERSON_00145,cash withdrawal,36720,VENDOR_077,cash withdrawal
TXN_001293,2022-02-13,ACCT_00176,PERSON_00264,cash withdrawal,9893,VENDOR_074,cash withdrawal
TXN_001294,2025-12-22,ACCT_00227,PERSON_00023,cash deposit,288516,VENDOR_008,legitimate cash-intensive retail/festival activity
TXN_001295,2023-10-21,ACCT_00231,PERSON_00246,fuel,33436,VENDOR_032,fuel
TXN_001296,2024-09-03,ACCT_00240,PERSON_00450,rent,6725,VENDOR_069,rent
TXN_001297,2023-10-26,ACCT_00440,PERSON_00421,grocery,8489,VENDOR_016,grocery
TXN_001298,2023-11-14,ACCT_00299,PERSON_00386,invoice,349365,PERSON_00248,freight settlement
TXN_001299,2023-05-01,ACCT_00024,PERSON_00201,transfer,434909,PERSON_00040,transport settlement
TXN_001300,2021-08-05,ACCT_00052,PERSON_00438,vendor payment,201946,PERSON_00378,vehicle advance
TXN_001301,2023-10-31,ACCT_00160,PERSON_00417,supplier settlement,221773,VENDOR_097,legitimate cash-intensive retail/festival activity
TXN_001302,2025-08-06,ACCT_00216,PERSON_00230,fuel,5846,VENDOR_090,fuel
TXN_001303,2025-09-02,ACCT_00343,PERSON_00303,restaurant,21628,VENDOR_048,restaurant
TXN_001304,2022-07-15,ACCT_00062,PERSON_00388,utility,33292,VENDOR_061,utility
TXN_001305,2022-03-16,ACCT_00227,PERSON_00023,cash deposit,251144,VENDOR_051,legitimate cash-intensive retail/festival activity
TXN_001306,2022-03-01,ACCT_00438,PERSON_00074,cash deposit,250960,VENDOR_021,legitimate cash-intensive retail/festival activity
TXN_001307,2025-06-03,ACCT_00434,PERSON_00342,shopping,39506,VENDOR_019,shopping
TXN_001308,2023-03-31,ACCT_00456,PERSON_00142,transport,37575,VENDOR_038,transport
TXN_001309,2024-08-15,ACCT_00200,PERSON_00423,restaurant,39836,VENDOR_028,restaurant
TXN_001310,2024-09-28,ACCT_00467,PERSON_00357,school fee,27569,VENDOR_044,school fee
TXN_001311,2022-07-24,ACCT_00307,PERSON_00305,rent,32636,VENDOR_019,rent
TXN_001312,2024-01-01,ACCT_00184,PERSON_00343,invoice,622027,PERSON_00181,vehicle advance
TXN_001313,2023-03-20,ACCT_00479,PERSON_00082,shopping,41739,VENDOR_045,shopping
TXN_001314,2023-08-03,ACCT_00379,PERSON_00326,grocery,39667,VENDOR_046,grocery
TXN_001315,2021-04-27,ACCT_00227,PERSON_00023,salary,28403,VENDOR_068,salary
TXN_001316,2023-05-30,ACCT_00168,PERSON_00415,grocery,1468,VENDOR_055,grocery
TXN_001317,2021-11-05,ACCT_00095,PERSON_00012,restaurant,42101,VENDOR_022,restaurant
TXN_001318,2025-08-07,ACCT_00376,PERSON_00232,cash deposit,720850,PERSON_00449,transport settlement
TXN_001319,2024-12-14,ACCT_00231,PERSON_00246,mobile recharge,33843,VENDOR_017,mobile recharge
TXN_001320,2023-06-25,ACCT_00452,PERSON_00369,grocery,41349,VENDOR_093,grocery
TXN_001321,2021-07-20,ACCT_00459,PERSON_00211,shopping,4673,VENDOR_039,shopping
TXN_001322,2021-04-18,ACCT_00246,PERSON_00244,wholesale jewellery,431062,VENDOR_036,legitimate cash-intensive retail/festival activity
TXN_001323,2024-07-21,ACCT_00084,PERSON_00133,cash withdrawal,141256,PERSON_00150,event services
TXN_001324,2022-03-10,ACCT_00030,PERSON_00363,grocery,35404,VENDOR_019,grocery
TXN_001325,2025-04-01,ACCT_00230,PERSON_00191,mobile recharge,25596,VENDOR_065,mobile recharge
TXN_001326,2024-04-21,ACCT_00083,PERSON_00220,vendor payment,885646,PERSON_00416,premium settlement
TXN_001327,2023-08-20,ACCT_00001,PERSON_00033,cash deposit,73920,Festival Jewel Mart,legitimate cash-intensive retail/festival activity
TXN_001328,2023-06-27,ACCT_00132,PERSON_00100,school fee,21407,VENDOR_014,school fee
TXN_001329,2025-08-04,ACCT_00166,PERSON_00272,cash deposit,889538,PERSON_00375,consultancy settlement
TXN_001330,2022-09-14,ACCT_00355,PERSON_00263,invoice,636771,PERSON_00407,premium settlement
TXN_001331,2024-04-04,ACCT_00335,PERSON_00248,cash withdrawal,477471,PERSON_00314,freight settlement
TXN_001332,2024-08-07,ACCT_00213,PERSON_00048,rent,24693,VENDOR_032,rent
TXN_001333,2025-11-16,ACCT_00360,PERSON_00192,vendor payment,27942,PERSON_00360,wholesale goods
TXN_001334,2025-02-10,ACCT_00270,PERSON_00306,cash deposit,818326,PERSON_00343,wholesale goods
TXN_001335,2022-10-14,ACCT_00081,PERSON_00242,fuel,16595,VENDOR_005,fuel
TXN_001336,2023-04-26,ACCT_00377,PERSON_00417,supplier settlement,359367,VENDOR_048,legitimate cash-intensive retail/festival activity
TXN_001337,2026-05-30,ACCT_00220,PERSON_00259,rent,24222,VENDOR_069,rent
TXN_001338,2025-02-20,ACCT_00302,PERSON_00426,shopping,8828,VENDOR_008,shopping
TXN_001339,2023-01-12,ACCT_00144,PERSON_00312,settlement,863067,PERSON_00220,premium settlement
TXN_001340,2024-03-27,ACCT_00280,PERSON_00205,rent,15084,VENDOR_055,rent
TXN_001341,2023-10-21,ACCT_00437,PERSON_00360,invoice,326516,PERSON_00171,wholesale goods
TXN_001342,2024-10-10,ACCT_00407,PERSON_00011,festival advance,124325,VENDOR_037,legitimate cash-intensive retail/festival activity
TXN_002286,2024-04-04,ACCT_00451,PERSON_00281,transfer,128211,PERSON_00146,intermediary settlement
TXN_001344,2025-06-06,ACCT_00001,PERSON_00033,festival advance,130928,Family Gold Traders,legitimate cash-intensive retail/festival activity
TXN_001345,2023-07-23,ACCT_00453,PERSON_00009,cash withdrawal,346622,PERSON_00091,transport settlement
TXN_001346,2022-06-10,ACCT_00432,PERSON_00170,settlement,232232,PERSON_00163,service commission
TXN_001347,2024-11-07,ACCT_00407,PERSON_00011,festival advance,354393,VENDOR_085,legitimate cash-intensive retail/festival activity
TXN_008064,2023-04-23,ACCT_00451,PERSON_00281,transfer,65095,PERSON_00135,intermediary settlement
TXN_001349,2023-09-12,ACCT_00069,PERSON_00165,transfer,62643,PERSON_00333,transport settlement
TXN_001350,2025-10-19,ACCT_00087,PERSON_00010,cash withdrawal,39769,VENDOR_009,cash withdrawal
TXN_001351,2021-08-26,ACCT_00245,PERSON_00151,transfer,209346,PERSON_00387,consultancy settlement
TXN_001352,2024-10-07,ACCT_00024,PERSON_00201,medical,6331,VENDOR_010,medical
TXN_001353,2022-04-05,ACCT_00314,PERSON_00189,grocery,4962,VENDOR_019,grocery
TXN_001354,2026-05-04,ACCT_00396,PERSON_00115,shopping,27894,VENDOR_028,shopping
TXN_001355,2025-05-24,ACCT_00371,PERSON_00004,cash withdrawal,44910,VENDOR_089,cash withdrawal
TXN_001356,2021-12-05,ACCT_00301,PERSON_00251,fuel,41292,VENDOR_053,fuel
TXN_001357,2023-06-29,ACCT_00368,PERSON_00019,grocery,20413,VENDOR_033,grocery
TXN_001358,2024-07-16,ACCT_00042,PERSON_00195,mobile recharge,41484,VENDOR_012,mobile recharge
TXN_001359,2025-06-20,ACCT_00118,PERSON_00340,transport,41248,VENDOR_060,transport
TXN_001360,2022-05-16,ACCT_00133,PERSON_00184,cash withdrawal,810417,PERSON_00360,wholesale goods
TXN_001361,2021-01-13,ACCT_00246,PERSON_00244,cash deposit,26838,VENDOR_045,legitimate cash-intensive retail/festival activity
TXN_001362,2025-01-30,ACCT_00170,PERSON_00123,cash withdrawal,38518,VENDOR_006,cash withdrawal
TXN_001363,2022-07-31,ACCT_00044,PERSON_00086,mobile recharge,5623,VENDOR_022,mobile recharge
TXN_001364,2024-03-08,ACCT_00269,PERSON_00101,vendor payment,862055,PERSON_00370,service commission
TXN_001365,2023-03-24,ACCT_00360,PERSON_00192,utility,28667,VENDOR_051,utility
TXN_001366,2021-03-01,ACCT_00360,PERSON_00192,transfer,252088,PERSON_00337,wholesale goods
TXN_001367,2026-05-22,ACCT_00429,PERSON_00382,shopping,37132,VENDOR_052,shopping
TXN_001368,2022-09-14,ACCT_00001,PERSON_00033,gold purchase,14917,VENDOR_015,legitimate cash-intensive retail/festival activity
TXN_001369,2023-05-23,ACCT_00031,PERSON_00223,rent,35085,VENDOR_061,rent
TXN_001370,2022-10-30,ACCT_00037,PERSON_00113,supplier settlement,116516,VENDOR_003,legitimate cash-intensive retail/festival activity
TXN_001371,2026-05-10,ACCT_00287,PERSON_00071,medical,6315,VENDOR_024,medical
TXN_001372,2025-04-20,ACCT_00251,PERSON_00383,medical,39769,VENDOR_061,medical
TXN_001373,2022-11-19,ACCT_00383,PERSON_00347,gold purchase,260681,VENDOR_047,legitimate cash-intensive retail/festival activity
TXN_001374,2024-06-22,ACCT_00189,PERSON_00373,salary,3249,VENDOR_024,salary
TXN_001375,2022-10-18,ACCT_00253,PERSON_00072,cash withdrawal,601672,PERSON_00149,vehicle advance
TXN_001376,2021-01-21,ACCT_00001,PERSON_00033,festival advance,206076,VENDOR_003,legitimate cash-intensive retail/festival activity
TXN_001377,2023-01-12,ACCT_00308,PERSON_00443,rent,11954,VENDOR_093,rent
TXN_001378,2021-12-20,ACCT_00115,PERSON_00225,restaurant,10079,VENDOR_002,restaurant
TXN_001379,2021-04-25,ACCT_00408,PERSON_00407,vendor payment,544805,PERSON_00159,premium settlement
TXN_001380,2021-08-02,ACCT_00112,PERSON_00351,shopping,29426,VENDOR_072,shopping
TXN_001381,2023-01-01,ACCT_00234,PERSON_00158,transport,32423,VENDOR_048,transport
TXN_001382,2022-05-03,ACCT_00048,PERSON_00067,fuel,42550,VENDOR_059,fuel
TXN_001383,2025-07-04,ACCT_00414,PERSON_00130,salary,27464,VENDOR_044,salary
TXN_001384,2021-02-22,ACCT_00459,PERSON_00211,fuel,4430,VENDOR_055,fuel
TXN_001385,2024-12-08,ACCT_00023,PERSON_00437,medical,19213,VENDOR_012,medical
TXN_001386,2024-06-09,ACCT_00385,PERSON_00257,salary,7652,VENDOR_094,salary
TXN_001387,2022-07-30,ACCT_00013,PERSON_00090,transfer,131406,PERSON_00186,consultancy settlement
TXN_001388,2024-07-19,ACCT_00151,PERSON_00335,mobile recharge,5107,VENDOR_051,mobile recharge
TXN_001389,2026-06-09,ACCT_00064,PERSON_00039,medical,42196,VENDOR_026,medical
TXN_001390,2022-12-28,ACCT_00403,PERSON_00258,shopping,35202,VENDOR_053,shopping
TXN_001391,2022-06-10,ACCT_00024,PERSON_00201,transfer,324824,PERSON_00091,transport settlement
TXN_001392,2022-12-09,ACCT_00211,PERSON_00039,settlement,276883,PERSON_00027,site material settlement
TXN_001393,2023-05-27,ACCT_00071,PERSON_00073,grocery,21233,VENDOR_086,grocery
TXN_001394,2025-09-12,ACCT_00002,PERSON_00337,cash deposit,42670,PERSON_00306,wholesale goods
TXN_001395,2022-03-16,ACCT_00213,PERSON_00048,mobile recharge,20523,VENDOR_053,mobile recharge
TXN_001396,2021-01-08,ACCT_00452,PERSON_00369,cash withdrawal,8223,VENDOR_083,cash withdrawal
TXN_001397,2022-12-20,ACCT_00011,PERSON_00010,settlement,659657,PERSON_00290,registration/document fee
TXN_001398,2025-11-01,ACCT_00159,PERSON_00297,shopping,29785,VENDOR_091,shopping
TXN_001399,2026-06-19,ACCT_00184,PERSON_00343,transfer,65679,PERSON_00192,wholesale goods
TXN_001400,2023-01-24,ACCT_00274,PERSON_00188,grocery,27753,VENDOR_060,grocery
TXN_001401,2022-09-27,ACCT_00256,PERSON_00309,cash deposit,845803,PERSON_00157,freight settlement
TXN_001402,2022-11-20,ACCT_00377,PERSON_00417,transport,43954,VENDOR_063,transport
TXN_001403,2022-10-31,ACCT_00350,PERSON_00059,wholesale jewellery,393866,VENDOR_099,legitimate cash-intensive retail/festival activity
TXN_001404,2025-04-09,ACCT_00032,PERSON_00065,cash deposit,700715,PERSON_00375,consultancy settlement
TXN_001732,2023-04-21,ACCT_00253,PERSON_00072,transfer,160189,PERSON_00300,intermediary settlement
TXN_001406,2023-12-26,ACCT_00117,PERSON_00155,mobile recharge,34519,VENDOR_009,mobile recharge
TXN_001407,2021-03-31,ACCT_00383,PERSON_00347,wholesale jewellery,235887,VENDOR_022,legitimate cash-intensive retail/festival activity
TXN_001408,2021-12-01,ACCT_00242,PERSON_00124,transfer,314576,PERSON_00381,freight settlement
TXN_001409,2026-03-06,ACCT_00227,PERSON_00023,gold purchase,323623,VENDOR_009,legitimate cash-intensive retail/festival activity
TXN_001410,2022-04-06,ACCT_00396,PERSON_00115,cash withdrawal,15397,VENDOR_066,cash withdrawal
TXN_001411,2026-05-04,ACCT_00416,PERSON_00043,medical,26748,VENDOR_080,medical
TXN_001412,2023-05-28,ACCT_00177,PERSON_00209,rent,849,VENDOR_098,rent
TXN_001413,2024-08-31,ACCT_00231,PERSON_00246,invoice,369624,PERSON_00250,site material settlement
TXN_001414,2023-06-26,ACCT_00132,PERSON_00100,gold purchase,291994,VENDOR_031,legitimate cash-intensive retail/festival activity
TXN_001415,2021-07-13,ACCT_00269,PERSON_00101,cash withdrawal,27668,VENDOR_012,cash withdrawal
TXN_001416,2024-11-24,ACCT_00167,PERSON_00088,utility,1856,VENDOR_003,utility
TXN_001417,2022-10-23,ACCT_00368,PERSON_00019,fuel,44335,VENDOR_026,fuel
TXN_001418,2023-03-09,ACCT_00137,PERSON_00432,shopping,44841,VENDOR_065,shopping
TXN_001419,2021-02-19,ACCT_00083,PERSON_00220,cash deposit,406411,PERSON_00311,premium settlement
TXN_001420,2026-06-14,ACCT_00010,PERSON_00325,fuel,1178,VENDOR_047,fuel
TXN_001421,2023-09-26,ACCT_00052,PERSON_00438,transfer,96880,PERSON_00300,vehicle advance
TXN_001422,2021-03-18,ACCT_00199,PERSON_00190,shopping,29174,VENDOR_059,shopping
TXN_001423,2021-11-15,ACCT_00453,PERSON_00009,restaurant,42895,VENDOR_058,restaurant
TXN_001424,2026-02-03,ACCT_00274,PERSON_00188,transfer,6084,PERSON_00049,event services
TXN_001425,2022-09-28,ACCT_00035,PERSON_00228,grocery,28132,VENDOR_091,grocery
TXN_001426,2024-07-17,ACCT_00117,PERSON_00155,fuel,16895,VENDOR_086,fuel
TXN_001427,2022-02-16,ACCT_00413,PERSON_00233,rent,38509,VENDOR_057,rent
TXN_001428,2023-12-14,ACCT_00176,PERSON_00264,transport,37469,VENDOR_010,transport
TXN_001429,2025-09-17,ACCT_00159,PERSON_00297,rent,20750,VENDOR_062,rent
TXN_001430,2022-10-14,ACCT_00004,PERSON_00425,shopping,16557,VENDOR_032,shopping
TXN_001431,2026-06-29,ACCT_00037,PERSON_00113,supplier settlement,262604,VENDOR_005,legitimate cash-intensive retail/festival activity
TXN_001432,2025-06-01,ACCT_00052,PERSON_00438,cash deposit,461987,PERSON_00149,vehicle advance
TXN_001433,2025-07-15,ACCT_00022,PERSON_00372,grocery,6275,VENDOR_041,grocery
TXN_001434,2022-10-09,ACCT_00407,PERSON_00011,gold purchase,427982,VENDOR_074,legitimate cash-intensive retail/festival activity
TXN_001435,2024-11-20,ACCT_00477,PERSON_00031,medical,31215,VENDOR_057,medical
TXN_001436,2021-06-16,ACCT_00157,PERSON_00317,cash deposit,367253,PERSON_00060,freight settlement
TXN_004187,2025-12-07,ACCT_00253,PERSON_00072,transfer,132148,PERSON_00182,intermediary settlement
TXN_001438,2024-12-17,ACCT_00246,PERSON_00244,festival advance,98709,VENDOR_028,legitimate cash-intensive retail/festival activity
TXN_001439,2021-09-04,ACCT_00157,PERSON_00317,utility,4772,VENDOR_083,utility
TXN_001440,2025-09-23,ACCT_00014,PERSON_00088,supplier settlement,329905,VENDOR_083,legitimate cash-intensive retail/festival activity
TXN_001441,2026-06-02,ACCT_00390,PERSON_00049,grocery,808,VENDOR_016,grocery
TXN_001442,2025-06-26,ACCT_00164,PERSON_00229,cash deposit,203212,PERSON_00004,service commission
TXN_001443,2026-01-04,ACCT_00001,PERSON_00033,cash withdrawal,71302,PERSON_00346,registration/document fee
TXN_001444,2024-05-11,ACCT_00416,PERSON_00043,cash withdrawal,65924,PERSON_00078,wholesale goods
TXN_001445,2024-12-08,ACCT_00378,PERSON_00397,medical,31946,VENDOR_066,medical
TXN_001446,2021-05-04,ACCT_00447,PERSON_00379,restaurant,22346,VENDOR_086,restaurant
TXN_001447,2021-01-23,ACCT_00407,PERSON_00011,wholesale jewellery,141458,VENDOR_052,legitimate cash-intensive retail/festival activity
TXN_001448,2021-12-20,ACCT_00453,PERSON_00009,grocery,40346,VENDOR_090,grocery
TXN_001449,2026-02-04,ACCT_00380,PERSON_00178,restaurant,19450,VENDOR_037,restaurant
TXN_001450,2024-03-22,ACCT_00250,PERSON_00253,rent,29813,VENDOR_066,rent
TXN_001451,2025-01-10,ACCT_00391,PERSON_00377,cash withdrawal,33470,VENDOR_074,cash withdrawal
TXN_001452,2021-08-18,ACCT_00377,PERSON_00417,wholesale jewellery,98011,VENDOR_086,legitimate cash-intensive retail/festival activity
TXN_001453,2021-12-30,ACCT_00365,PERSON_00014,invoice,441878,PERSON_00232,freight settlement
TXN_001454,2025-08-25,ACCT_00473,PERSON_00121,cash withdrawal,639179,PERSON_00204,consultancy settlement
TXN_001455,2023-08-04,ACCT_00305,PERSON_00020,fuel,20714,VENDOR_007,fuel
TXN_001456,2021-10-24,ACCT_00104,PERSON_00027,fuel,41223,VENDOR_033,fuel
TXN_001457,2026-04-15,ACCT_00037,PERSON_00113,festival advance,28668,VENDOR_044,legitimate cash-intensive retail/festival activity
TXN_001458,2025-05-09,ACCT_00232,PERSON_00416,settlement,223549,PERSON_00011,premium settlement
TXN_001459,2022-01-19,ACCT_00327,PERSON_00285,mobile recharge,13609,VENDOR_055,mobile recharge
TXN_001460,2024-06-10,ACCT_00374,PERSON_00320,mobile recharge,40677,VENDOR_012,mobile recharge
TXN_001461,2021-04-30,ACCT_00478,PERSON_00218,shopping,2250,VENDOR_063,shopping
TXN_001462,2021-02-22,ACCT_00260,PERSON_00261,salary,16615,VENDOR_080,salary
TXN_001463,2021-10-07,ACCT_00350,PERSON_00059,shopping,11317,VENDOR_083,shopping
TXN_001464,2023-07-25,ACCT_00374,PERSON_00320,cash deposit,170240,PERSON_00243,service commission
TXN_001465,2024-03-17,ACCT_00124,PERSON_00270,shopping,10209,VENDOR_031,shopping
TXN_001466,2022-08-16,ACCT_00400,PERSON_00296,grocery,9302,VENDOR_047,grocery
TXN_001467,2021-04-23,ACCT_00377,PERSON_00417,cash withdrawal,15160,VENDOR_013,cash withdrawal
TXN_001468,2025-12-26,ACCT_00170,PERSON_00123,shopping,8268,VENDOR_002,shopping
TXN_001469,2022-09-27,ACCT_00070,PERSON_00216,settlement,501735,PERSON_00390,event services
TXN_001470,2024-10-17,ACCT_00246,PERSON_00244,wholesale jewellery,31070,Family Gold Traders,legitimate cash-intensive retail/festival activity
TXN_001471,2024-07-30,ACCT_00019,PERSON_00175,invoice,823743,PERSON_00393,vehicle advance
TXN_001472,2024-10-25,ACCT_00357,PERSON_00126,mobile recharge,13191,VENDOR_059,mobile recharge
TXN_001473,2024-08-12,ACCT_00058,PERSON_00319,salary,43967,VENDOR_095,salary
TXN_001474,2023-05-23,ACCT_00299,PERSON_00386,vendor payment,403708,PERSON_00337,wholesale goods
TXN_001475,2023-10-19,ACCT_00052,PERSON_00438,cash withdrawal,1803,VENDOR_093,cash withdrawal
TXN_001476,2025-02-13,ACCT_00037,PERSON_00113,salary,7238,VENDOR_023,salary
TXN_001477,2025-08-21,ACCT_00438,PERSON_00074,cash deposit,53969,VENDOR_018,legitimate cash-intensive retail/festival activity
TXN_001478,2026-04-21,ACCT_00122,PERSON_00148,salary,29819,VENDOR_020,salary
TXN_001479,2022-07-24,ACCT_00122,PERSON_00148,vendor payment,386904,PERSON_00107,consultancy settlement
TXN_001480,2022-03-31,ACCT_00120,PERSON_00153,school fee,10554,VENDOR_027,school fee
TXN_001481,2021-07-12,ACCT_00132,PERSON_00100,gold purchase,448591,VENDOR_081,legitimate cash-intensive retail/festival activity
TXN_001482,2025-09-18,ACCT_00265,PERSON_00093,rent,34971,VENDOR_098,rent
TXN_001483,2021-11-21,ACCT_00050,PERSON_00008,transport,35390,VENDOR_049,transport
TXN_001484,2024-06-23,ACCT_00304,PERSON_00280,utility,23598,VENDOR_059,utility
TXN_001485,2022-01-26,ACCT_00175,PERSON_00207,restaurant,28856,VENDOR_016,restaurant
TXN_001486,2024-04-19,ACCT_00439,PERSON_00385,vendor payment,410562,PERSON_00312,premium settlement
TXN_001487,2021-09-21,ACCT_00388,PERSON_00149,salary,43406,VENDOR_063,salary
TXN_001488,2021-11-27,ACCT_00084,PERSON_00133,cash withdrawal,22493,VENDOR_077,cash withdrawal
TXN_001489,2023-07-15,ACCT_00357,PERSON_00126,transfer,338407,PERSON_00398,transport settlement
TXN_001490,2022-06-05,ACCT_00113,PERSON_00334,cash withdrawal,15720,VENDOR_018,cash withdrawal
TXN_001491,2024-11-10,ACCT_00361,PERSON_00035,settlement,834508,PERSON_00379,consultancy settlement
TXN_001492,2025-05-10,ACCT_00319,PERSON_00404,shopping,13018,VENDOR_087,shopping
TXN_001493,2025-12-23,ACCT_00385,PERSON_00257,cash withdrawal,23684,VENDOR_097,cash withdrawal
TXN_001494,2024-07-01,ACCT_00287,PERSON_00071,settlement,298267,PERSON_00165,transport settlement
TXN_001495,2025-03-28,ACCT_00407,PERSON_00011,transport,26545,VENDOR_084,transport
TXN_001496,2023-01-09,ACCT_00245,PERSON_00151,cash deposit,610345,PERSON_00170,service commission
TXN_001497,2023-04-29,ACCT_00244,PERSON_00221,cash withdrawal,327365,PERSON_00265,consultancy settlement
TXN_001498,2026-05-10,ACCT_00017,PERSON_00088,cash deposit,373167,VENDOR_033,legitimate cash-intensive retail/festival activity
TXN_001499,2023-09-28,ACCT_00009,PERSON_00057,settlement,573709,PERSON_00178,premium settlement
TXN_001500,2023-08-19,ACCT_00028,PERSON_00059,gold purchase,109037,VENDOR_022,legitimate cash-intensive retail/festival activity
TXN_001501,2024-12-08,ACCT_00327,PERSON_00285,rent,38916,VENDOR_067,rent
TXN_001502,2022-01-05,ACCT_00047,PERSON_00409,school fee,11646,VENDOR_021,school fee
TXN_001503,2022-03-01,ACCT_00310,PERSON_00162,rent,28777,VENDOR_091,rent
TXN_001504,2023-05-10,ACCT_00194,PERSON_00077,settlement,459048,PERSON_00050,freight settlement
TXN_001505,2021-05-06,ACCT_00310,PERSON_00162,shopping,19897,VENDOR_035,shopping
TXN_001506,2021-05-24,ACCT_00072,PERSON_00418,fuel,23478,VENDOR_017,fuel
TXN_001507,2021-07-12,ACCT_00111,PERSON_00144,cash withdrawal,35294,VENDOR_023,cash withdrawal
TXN_001508,2026-01-21,ACCT_00459,PERSON_00211,cash withdrawal,16636,VENDOR_040,cash withdrawal
TXN_001509,2023-05-20,ACCT_00227,PERSON_00023,gold purchase,386849,VENDOR_009,legitimate cash-intensive retail/festival activity
TXN_001510,2023-03-03,ACCT_00236,PERSON_00275,mobile recharge,16541,VENDOR_068,mobile recharge
TXN_001511,2023-10-19,ACCT_00321,PERSON_00167,cash withdrawal,5228,VENDOR_032,cash withdrawal
TXN_001512,2024-02-10,ACCT_00244,PERSON_00221,transport,39224,VENDOR_088,transport
TXN_001513,2024-11-16,ACCT_00160,PERSON_00417,wholesale jewellery,189218,VENDOR_096,legitimate cash-intensive retail/festival activity
TXN_001514,2022-06-01,ACCT_00259,PERSON_00166,utility,33189,VENDOR_031,utility
TXN_001515,2024-01-09,ACCT_00465,PERSON_00282,restaurant,10740,VENDOR_091,restaurant
TXN_001516,2022-07-25,ACCT_00417,PERSON_00076,settlement,460055,PERSON_00337,wholesale goods
TXN_001517,2021-05-22,ACCT_00420,PERSON_00159,vendor payment,334474,PERSON_00070,premium settlement
TXN_001518,2022-09-15,ACCT_00142,PERSON_00179,cash deposit,315053,VENDOR_090,legitimate cash-intensive retail/festival activity
TXN_001519,2022-08-29,ACCT_00084,PERSON_00133,shopping,44327,VENDOR_048,shopping
TXN_001520,2023-12-02,ACCT_00341,PERSON_00310,mobile recharge,14229,VENDOR_098,mobile recharge
TXN_001521,2022-02-23,ACCT_00337,PERSON_00279,rent,19586,VENDOR_023,rent
TXN_001522,2025-01-20,ACCT_00207,PERSON_00239,vendor payment,746678,PERSON_00232,freight settlement
TXN_001523,2025-01-03,ACCT_00210,PERSON_00290,salary,6194,VENDOR_038,salary
TXN_001524,2025-07-29,ACCT_00346,PERSON_00359,restaurant,28213,VENDOR_048,restaurant
TXN_001525,2021-11-26,ACCT_00057,PERSON_00311,settlement,33527,PERSON_00178,premium settlement
TXN_001526,2024-02-08,ACCT_00239,PERSON_00401,salary,609,VENDOR_042,salary
TXN_001527,2022-08-15,ACCT_00407,PERSON_00011,medical,29482,VENDOR_015,medical
TXN_001528,2022-11-28,ACCT_00142,PERSON_00179,wholesale jewellery,350635,VENDOR_016,legitimate cash-intensive retail/festival activity
TXN_001529,2022-01-13,ACCT_00269,PERSON_00101,settlement,611351,PERSON_00229,service commission
TXN_001530,2025-09-16,ACCT_00229,PERSON_00094,salary,9001,VENDOR_010,salary
TXN_001531,2025-04-14,ACCT_00144,PERSON_00312,cash deposit,640717,PERSON_00070,premium settlement
TXN_001532,2021-01-15,ACCT_00353,PERSON_00411,mobile recharge,21187,VENDOR_072,mobile recharge
TXN_001533,2023-12-11,ACCT_00230,PERSON_00191,school fee,29798,VENDOR_087,school fee
TXN_001534,2021-12-11,ACCT_00231,PERSON_00246,transfer,285291,PERSON_00363,site material settlement
TXN_001535,2021-12-28,ACCT_00480,PERSON_00040,rent,9550,VENDOR_089,rent
TXN_001536,2021-02-21,ACCT_00091,PERSON_00138,mobile recharge,9995,VENDOR_024,mobile recharge
TXN_001537,2022-04-09,ACCT_00380,PERSON_00178,fuel,24118,VENDOR_041,fuel
TXN_001538,2023-10-29,ACCT_00380,PERSON_00178,shopping,8774,VENDOR_030,shopping
TXN_001539,2023-02-01,ACCT_00479,PERSON_00082,invoice,413080,PERSON_00425,transport settlement
TXN_001540,2024-12-27,ACCT_00024,PERSON_00201,vendor payment,575291,PERSON_00394,transport settlement
TXN_001541,2025-05-12,ACCT_00450,PERSON_00445,grocery,6515,VENDOR_074,grocery
TXN_001542,2021-05-11,ACCT_00133,PERSON_00184,settlement,15395,PERSON_00185,wholesale goods
TXN_001543,2026-03-20,ACCT_00037,PERSON_00113,cash deposit,174634,VENDOR_053,legitimate cash-intensive retail/festival activity
TXN_001544,2021-08-01,ACCT_00263,PERSON_00034,cash withdrawal,25936,PERSON_00151,consultancy settlement
TXN_001545,2025-01-27,ACCT_00035,PERSON_00228,mobile recharge,42479,VENDOR_082,mobile recharge
TXN_001546,2024-03-17,ACCT_00346,PERSON_00359,utility,13066,VENDOR_030,utility
TXN_001547,2023-08-14,ACCT_00111,PERSON_00144,mobile recharge,15249,VENDOR_004,mobile recharge
TXN_001548,2024-01-31,ACCT_00419,PERSON_00380,grocery,28003,VENDOR_081,grocery
TXN_001549,2026-03-02,ACCT_00119,PERSON_00318,grocery,16037,VENDOR_027,grocery
TXN_001550,2025-05-16,ACCT_00136,PERSON_00042,salary,21057,VENDOR_034,salary
TXN_001551,2025-03-04,ACCT_00102,PERSON_00173,cash withdrawal,6218,VENDOR_059,cash withdrawal
TXN_001552,2022-12-25,ACCT_00195,PERSON_00185,transfer,814985,PERSON_00078,wholesale goods
TXN_001553,2024-06-10,ACCT_00223,PERSON_00298,salary,25247,VENDOR_006,salary
TXN_001554,2021-10-06,ACCT_00325,PERSON_00145,mobile recharge,27432,VENDOR_061,mobile recharge
TXN_001555,2021-02-15,ACCT_00142,PERSON_00179,school fee,36503,VENDOR_049,school fee
TXN_001556,2024-12-24,ACCT_00111,PERSON_00144,utility,32875,VENDOR_071,utility
TXN_001557,2021-10-13,ACCT_00053,PERSON_00152,grocery,20476,VENDOR_072,grocery
TXN_001558,2023-12-30,ACCT_00287,PERSON_00071,school fee,17313,VENDOR_062,school fee
TXN_001559,2021-03-10,ACCT_00187,PERSON_00273,shopping,2757,VENDOR_017,shopping
TXN_001560,2023-05-18,ACCT_00130,PERSON_00416,utility,32229,VENDOR_091,utility
TXN_001561,2025-12-28,ACCT_00089,PERSON_00395,fuel,37778,VENDOR_060,fuel
TXN_001562,2023-12-23,ACCT_00167,PERSON_00088,wholesale jewellery,275691,VENDOR_002,legitimate cash-intensive retail/festival activity
TXN_001563,2025-11-07,ACCT_00205,PERSON_00349,cash withdrawal,15009,VENDOR_070,cash withdrawal
TXN_001564,2024-07-05,ACCT_00352,PERSON_00110,salary,6581,VENDOR_007,salary
TXN_001565,2024-06-10,ACCT_00250,PERSON_00253,shopping,16455,VENDOR_005,shopping
TXN_001566,2025-04-09,ACCT_00297,PERSON_00440,restaurant,21450,VENDOR_059,restaurant
TXN_001567,2023-11-21,ACCT_00006,PERSON_00424,salary,18846,VENDOR_012,salary
TXN_001568,2025-01-26,ACCT_00184,PERSON_00343,vendor payment,147494,PERSON_00078,wholesale goods
TXN_001569,2021-05-21,ACCT_00010,PERSON_00325,cash deposit,589911,PERSON_00020,service commission
TXN_001570,2021-01-19,ACCT_00105,PERSON_00212,invoice,609703,PERSON_00309,freight settlement
TXN_001571,2026-03-19,ACCT_00443,PERSON_00396,grocery,28872,VENDOR_079,grocery
TXN_001572,2024-12-05,ACCT_00407,PERSON_00011,festival advance,333999,VENDOR_074,legitimate cash-intensive retail/festival activity
TXN_001573,2024-01-08,ACCT_00426,PERSON_00322,cash withdrawal,462405,PERSON_00290,registration/document fee
TXN_001574,2025-06-10,ACCT_00474,PERSON_00116,cash withdrawal,27076,VENDOR_047,cash withdrawal
TXN_001575,2025-01-03,ACCT_00360,PERSON_00192,cash deposit,887744,PERSON_00184,wholesale goods
TXN_001576,2023-11-10,ACCT_00071,PERSON_00073,restaurant,40732,VENDOR_038,restaurant
TXN_001577,2022-05-25,ACCT_00309,PERSON_00127,invoice,334566,PERSON_00415,consultancy settlement
TXN_001578,2024-09-29,ACCT_00299,PERSON_00386,fuel,30563,VENDOR_087,fuel
TXN_001579,2026-01-18,ACCT_00227,PERSON_00023,cash deposit,232522,VENDOR_013,legitimate cash-intensive retail/festival activity
TXN_001580,2022-03-07,ACCT_00383,PERSON_00347,cash deposit,115854,VENDOR_083,legitimate cash-intensive retail/festival activity
TXN_001581,2021-09-25,ACCT_00166,PERSON_00272,vendor payment,443241,PERSON_00322,consultancy settlement
TXN_001582,2022-06-16,ACCT_00021,PERSON_00367,rent,28155,VENDOR_096,rent
TXN_001583,2026-02-12,ACCT_00417,PERSON_00076,vendor payment,115396,PERSON_00078,wholesale goods
TXN_001584,2022-11-14,ACCT_00438,PERSON_00074,supplier settlement,344002,Family Gold Traders,legitimate cash-intensive retail/festival activity
TXN_001585,2024-09-03,ACCT_00072,PERSON_00418,salary,37262,VENDOR_011,salary
TXN_001586,2023-04-17,ACCT_00407,PERSON_00011,cash deposit,346906,VENDOR_062,legitimate cash-intensive retail/festival activity
TXN_001587,2023-03-18,ACCT_00372,PERSON_00028,cash withdrawal,44572,VENDOR_011,cash withdrawal
TXN_001588,2021-07-24,ACCT_00122,PERSON_00148,medical,22992,VENDOR_042,medical
TXN_001589,2025-12-04,ACCT_00295,PERSON_00269,transport,21881,VENDOR_083,transport
TXN_001590,2024-07-19,ACCT_00001,PERSON_00033,wholesale jewellery,325837,VENDOR_060,legitimate cash-intensive retail/festival activity
TXN_001591,2023-01-12,ACCT_00269,PERSON_00101,rent,41127,VENDOR_053,rent
TXN_001592,2024-08-14,ACCT_00348,PERSON_00055,grocery,24260,VENDOR_055,grocery
TXN_001593,2023-09-14,ACCT_00018,PERSON_00156,salary,33168,VENDOR_075,salary
TXN_001594,2026-03-11,ACCT_00013,PERSON_00090,salary,14500,VENDOR_074,salary
TXN_001595,2021-06-20,ACCT_00417,PERSON_00076,fuel,36829,VENDOR_088,fuel
TXN_001596,2024-08-09,ACCT_00407,PERSON_00011,cash deposit,63918,VENDOR_023,legitimate cash-intensive retail/festival activity
TXN_001597,2025-06-04,ACCT_00176,PERSON_00264,school fee,11219,VENDOR_027,school fee
TXN_001598,2021-05-21,ACCT_00017,PERSON_00088,cash deposit,167552,VENDOR_089,legitimate cash-intensive retail/festival activity
TXN_001599,2024-07-05,ACCT_00324,PERSON_00283,grocery,42652,VENDOR_004,grocery
TXN_001600,2021-12-29,ACCT_00407,PERSON_00011,cash deposit,347767,PERSON_00263,premium settlement
TXN_001601,2026-04-23,ACCT_00367,PERSON_00256,grocery,27354,VENDOR_098,grocery
TXN_001602,2026-05-09,ACCT_00024,PERSON_00201,fuel,5186,VENDOR_051,fuel
TXN_001603,2022-10-21,ACCT_00080,PERSON_00137,shopping,9955,VENDOR_020,shopping
TXN_001604,2025-12-30,ACCT_00234,PERSON_00158,shopping,17137,VENDOR_012,shopping
TXN_001605,2025-01-21,ACCT_00129,PERSON_00025,restaurant,29439,VENDOR_013,restaurant
TXN_001606,2024-03-17,ACCT_00452,PERSON_00369,rent,40819,VENDOR_028,rent
TXN_001607,2025-06-15,ACCT_00063,PERSON_00400,invoice,137968,PERSON_00179,registration/document fee
TXN_001608,2021-06-21,ACCT_00465,PERSON_00282,settlement,235617,PERSON_00287,vehicle advance
TXN_001609,2025-08-31,ACCT_00017,PERSON_00088,supplier settlement,153429,VENDOR_026,legitimate cash-intensive retail/festival activity
TXN_001610,2021-07-05,ACCT_00325,PERSON_00145,school fee,3980,VENDOR_001,school fee
TXN_001611,2023-08-26,ACCT_00231,PERSON_00246,cash withdrawal,718367,PERSON_00256,site material settlement
TXN_001612,2022-05-13,ACCT_00043,PERSON_00092,transport,4725,VENDOR_050,transport
TXN_001613,2023-02-23,ACCT_00301,PERSON_00251,rent,41423,VENDOR_070,rent
TXN_001614,2026-06-13,ACCT_00359,PERSON_00427,rent,27137,VENDOR_092,rent
TXN_001615,2024-09-07,ACCT_00009,PERSON_00057,mobile recharge,26729,VENDOR_049,mobile recharge
TXN_001616,2023-04-14,ACCT_00309,PERSON_00127,restaurant,39559,VENDOR_073,restaurant
TXN_001617,2022-04-04,ACCT_00124,PERSON_00270,utility,39366,VENDOR_002,utility
TXN_001618,2021-07-22,ACCT_00222,PERSON_00226,cash deposit,245245,PERSON_00182,vehicle advance
TXN_001619,2023-08-18,ACCT_00102,PERSON_00173,cash withdrawal,38534,VENDOR_085,cash withdrawal
TXN_001620,2023-05-05,ACCT_00470,PERSON_00324,fuel,31285,VENDOR_072,fuel
TXN_001621,2022-11-25,ACCT_00328,PERSON_00161,cash withdrawal,6447,VENDOR_030,cash withdrawal
TXN_001622,2025-11-21,ACCT_00226,PERSON_00168,medical,43445,VENDOR_068,medical
TXN_001623,2021-12-09,ACCT_00473,PERSON_00121,settlement,545552,PERSON_00107,consultancy settlement
TXN_001624,2021-09-20,ACCT_00337,PERSON_00279,cash deposit,717211,PERSON_00336,wholesale goods
TXN_001625,2023-10-08,ACCT_00304,PERSON_00280,cash withdrawal,26211,VENDOR_089,cash withdrawal
TXN_001626,2025-01-16,ACCT_00118,PERSON_00340,transport,5848,VENDOR_041,transport
TXN_001627,2022-08-28,ACCT_00233,PERSON_00344,restaurant,36521,VENDOR_041,restaurant
TXN_001628,2021-08-04,ACCT_00286,PERSON_00104,grocery,3559,VENDOR_020,grocery
TXN_001629,2021-03-20,ACCT_00471,PERSON_00353,settlement,869642,PERSON_00387,consultancy settlement
TXN_001630,2026-03-09,ACCT_00029,PERSON_00037,shopping,39048,VENDOR_062,shopping
TXN_001631,2022-08-17,ACCT_00460,PERSON_00336,rent,38691,VENDOR_080,rent
TXN_001632,2023-09-15,ACCT_00078,PERSON_00428,settlement,139494,PERSON_00382,vehicle advance
TXN_001633,2022-03-03,ACCT_00192,PERSON_00405,fuel,6996,VENDOR_033,fuel
TXN_001634,2021-10-02,ACCT_00407,PERSON_00011,festival advance,366477,Festival Jewel Mart,legitimate cash-intensive retail/festival activity
TXN_001635,2026-01-03,ACCT_00052,PERSON_00438,transport,25712,VENDOR_011,transport
TXN_001636,2025-04-04,ACCT_00366,PERSON_00063,grocery,6341,VENDOR_062,grocery
TXN_001637,2024-05-28,ACCT_00471,PERSON_00353,invoice,70748,PERSON_00034,consultancy settlement
TXN_001638,2024-09-20,ACCT_00407,PERSON_00011,supplier settlement,142042,Astra Gold House,legitimate cash-intensive retail/festival activity
TXN_001639,2023-12-24,ACCT_00088,PERSON_00155,invoice,473231,PERSON_00157,freight settlement
TXN_001640,2025-08-01,ACCT_00411,PERSON_00174,cash withdrawal,6853,VENDOR_039,cash withdrawal
TXN_001641,2023-10-11,ACCT_00184,PERSON_00343,rent,32802,VENDOR_054,rent
TXN_001642,2022-09-15,ACCT_00240,PERSON_00450,mobile recharge,10340,VENDOR_009,mobile recharge
TXN_001643,2021-12-25,ACCT_00219,PERSON_00316,school fee,6840,VENDOR_068,school fee
TXN_001644,2025-08-03,ACCT_00223,PERSON_00298,rent,6797,VENDOR_049,rent
TXN_001645,2021-07-21,ACCT_00478,PERSON_00218,grocery,7944,VENDOR_016,grocery
TXN_001646,2021-02-10,ACCT_00251,PERSON_00383,shopping,11994,VENDOR_026,shopping
TXN_001647,2025-12-09,ACCT_00168,PERSON_00415,fuel,7957,VENDOR_021,fuel
TXN_001648,2023-10-10,ACCT_00192,PERSON_00405,school fee,37823,VENDOR_099,school fee
TXN_001649,2023-12-07,ACCT_00099,PERSON_00419,shopping,42082,VENDOR_027,shopping
TXN_001650,2026-03-15,ACCT_00462,PERSON_00186,transfer,274629,PERSON_00379,consultancy settlement
TXN_001651,2025-12-19,ACCT_00062,PERSON_00388,settlement,564067,PERSON_00170,service commission
TXN_001652,2025-11-12,ACCT_00379,PERSON_00326,rent,28713,VENDOR_055,rent
TXN_001653,2023-07-21,ACCT_00246,PERSON_00244,festival advance,49086,VENDOR_089,legitimate cash-intensive retail/festival activity
TXN_001654,2022-10-23,ACCT_00111,PERSON_00144,fuel,43206,VENDOR_021,fuel
TXN_001655,2021-08-12,ACCT_00253,PERSON_00072,cash deposit,813642,PERSON_00176,vehicle advance
TXN_001656,2025-09-21,ACCT_00236,PERSON_00275,cash deposit,776456,PERSON_00376,site material settlement
TXN_001657,2024-04-04,ACCT_00119,PERSON_00318,rent,20339,VENDOR_062,rent
TXN_001658,2022-06-11,ACCT_00362,PERSON_00147,fuel,7202,VENDOR_015,fuel
TXN_001659,2021-10-28,ACCT_00028,PERSON_00059,mobile recharge,15662,VENDOR_047,mobile recharge
TXN_001660,2021-10-14,ACCT_00180,PERSON_00066,school fee,9561,VENDOR_062,school fee
TXN_001661,2025-03-09,ACCT_00267,PERSON_00029,fuel,11297,VENDOR_089,fuel
TXN_001662,2024-11-27,ACCT_00285,PERSON_00203,salary,12052,VENDOR_061,salary
TXN_001663,2023-11-29,ACCT_00241,PERSON_00430,mobile recharge,11809,VENDOR_082,mobile recharge
TXN_001664,2024-02-13,ACCT_00452,PERSON_00369,grocery,36683,VENDOR_084,grocery
TXN_001665,2023-09-02,ACCT_00163,PERSON_00255,grocery,26124,VENDOR_037,grocery
TXN_001666,2023-12-21,ACCT_00350,PERSON_00059,festival advance,409066,VENDOR_080,legitimate cash-intensive retail/festival activity
TXN_001667,2026-01-18,ACCT_00426,PERSON_00322,salary,24205,VENDOR_024,salary
TXN_001668,2024-05-25,ACCT_00002,PERSON_00337,vendor payment,518850,PERSON_00336,wholesale goods
TXN_001669,2022-05-04,ACCT_00231,PERSON_00246,cash withdrawal,20122,VENDOR_056,cash withdrawal
TXN_001670,2023-10-10,ACCT_00210,PERSON_00290,invoice,693703,PERSON_00283,registration/document fee
TXN_001671,2022-09-12,ACCT_00061,PERSON_00102,cash deposit,506535,PERSON_00177,event services
TXN_001672,2024-06-10,ACCT_00431,PERSON_00346,settlement,840188,PERSON_00146,registration/document fee
TXN_001673,2025-10-15,ACCT_00268,PERSON_00422,fuel,39940,VENDOR_074,fuel
TXN_001674,2024-12-05,ACCT_00076,PERSON_00441,cash withdrawal,32529,VENDOR_053,cash withdrawal
TXN_001675,2021-12-23,ACCT_00366,PERSON_00063,school fee,37994,VENDOR_080,school fee
TXN_001676,2024-09-27,ACCT_00036,PERSON_00087,cash withdrawal,7191,VENDOR_097,cash withdrawal
TXN_001677,2026-06-23,ACCT_00198,PERSON_00359,vendor payment,190847,PERSON_00151,consultancy settlement
TXN_001678,2021-02-19,ACCT_00134,PERSON_00339,utility,22841,VENDOR_051,utility
TXN_001679,2021-04-16,ACCT_00146,PERSON_00287,cash deposit,190063,PERSON_00434,vehicle advance
TXN_001680,2023-07-10,ACCT_00414,PERSON_00130,cash withdrawal,897793,PERSON_00203,service commission
TXN_001681,2025-08-09,ACCT_00337,PERSON_00279,settlement,829474,PERSON_00076,wholesale goods
TXN_001682,2022-03-21,ACCT_00299,PERSON_00386,restaurant,14865,VENDOR_043,restaurant
TXN_001683,2026-03-14,ACCT_00416,PERSON_00043,invoice,95074,PERSON_00306,wholesale goods
TXN_001684,2024-05-25,ACCT_00323,PERSON_00302,fuel,42248,VENDOR_080,fuel
TXN_001685,2024-12-23,ACCT_00042,PERSON_00195,rent,6339,VENDOR_072,rent
TXN_001686,2022-10-09,ACCT_00228,PERSON_00098,cash withdrawal,3055,VENDOR_096,cash withdrawal
TXN_001687,2023-06-24,ACCT_00204,PERSON_00070,shopping,36490,VENDOR_048,shopping
TXN_001688,2022-09-21,ACCT_00231,PERSON_00246,cash withdrawal,32860,VENDOR_016,cash withdrawal
TXN_001689,2022-06-28,ACCT_00405,PERSON_00329,settlement,59882,PERSON_00444,freight settlement
TXN_001690,2022-04-07,ACCT_00438,PERSON_00074,shopping,43988,VENDOR_066,shopping
TXN_001691,2023-07-22,ACCT_00217,PERSON_00284,utility,30559,VENDOR_028,utility
TXN_001692,2022-01-11,ACCT_00223,PERSON_00298,fuel,14391,VENDOR_074,fuel
TXN_001693,2025-04-19,ACCT_00438,PERSON_00074,wholesale jewellery,335163,VENDOR_043,legitimate cash-intensive retail/festival activity
TXN_001694,2023-12-01,ACCT_00380,PERSON_00178,utility,9810,VENDOR_037,utility
TXN_001695,2023-11-08,ACCT_00377,PERSON_00417,festival advance,272777,VENDOR_032,legitimate cash-intensive retail/festival activity
TXN_001696,2021-01-20,ACCT_00246,PERSON_00244,fuel,1793,VENDOR_059,fuel
TXN_001697,2024-01-24,ACCT_00172,PERSON_00252,fuel,22212,VENDOR_043,fuel
TXN_001698,2023-09-23,ACCT_00362,PERSON_00147,vendor payment,73846,PERSON_00065,transport settlement
TXN_001699,2023-05-10,ACCT_00337,PERSON_00279,transfer,280751,PERSON_00343,wholesale goods
TXN_001700,2022-04-27,ACCT_00376,PERSON_00232,cash withdrawal,761200,PERSON_00309,freight settlement
TXN_001701,2021-04-10,ACCT_00368,PERSON_00019,fuel,39482,VENDOR_016,fuel
TXN_001702,2024-07-22,ACCT_00252,PERSON_00447,fuel,17692,VENDOR_061,fuel
TXN_001703,2021-11-25,ACCT_00077,PERSON_00308,cash withdrawal,23023,VENDOR_087,cash withdrawal
TXN_001704,2025-04-10,ACCT_00144,PERSON_00312,grocery,26756,VENDOR_088,grocery
TXN_001705,2021-02-07,ACCT_00069,PERSON_00165,grocery,33376,VENDOR_061,grocery
TXN_001706,2022-05-09,ACCT_00238,PERSON_00321,grocery,22923,VENDOR_032,grocery
TXN_001707,2022-09-25,ACCT_00474,PERSON_00116,shopping,415,VENDOR_081,shopping
TXN_001708,2024-01-28,ACCT_00033,PERSON_00029,cash withdrawal,1773,VENDOR_084,cash withdrawal
TXN_001709,2022-07-30,ACCT_00108,PERSON_00147,school fee,2554,VENDOR_083,school fee
TXN_001710,2023-07-22,ACCT_00039,PERSON_00078,cash withdrawal,32477,VENDOR_045,cash withdrawal
TXN_001711,2022-02-14,ACCT_00142,PERSON_00179,gold purchase,39559,VENDOR_079,legitimate cash-intensive retail/festival activity
TXN_001712,2024-05-14,ACCT_00272,PERSON_00128,mobile recharge,12936,VENDOR_059,mobile recharge
TXN_001713,2024-05-03,ACCT_00135,PERSON_00102,settlement,439609,PERSON_00231,wholesale goods
TXN_001714,2025-10-08,ACCT_00407,PERSON_00011,gold purchase,286666,VENDOR_088,legitimate cash-intensive retail/festival activity
TXN_001715,2022-06-21,ACCT_00341,PERSON_00310,restaurant,41879,VENDOR_047,restaurant
TXN_001716,2026-06-21,ACCT_00026,PERSON_00448,grocery,42638,VENDOR_094,grocery
TXN_001717,2022-05-31,ACCT_00417,PERSON_00076,invoice,736106,PERSON_00078,wholesale goods
TXN_001718,2025-05-17,ACCT_00457,PERSON_00300,invoice,254092,PERSON_00175,vehicle advance
TXN_001719,2024-01-10,ACCT_00424,PERSON_00055,cash deposit,56765,PERSON_00448,event services
TXN_001720,2021-12-11,ACCT_00388,PERSON_00149,cash deposit,750724,PERSON_00378,vehicle advance
TXN_001721,2024-05-23,ACCT_00439,PERSON_00385,medical,25755,VENDOR_060,medical
TXN_001722,2023-08-23,ACCT_00037,PERSON_00113,cash deposit,82105,VENDOR_064,legitimate cash-intensive retail/festival activity
TXN_001723,2023-03-20,ACCT_00451,PERSON_00281,medical,44392,VENDOR_071,medical
TXN_001724,2022-04-01,ACCT_00414,PERSON_00130,fuel,3155,VENDOR_029,fuel
TXN_001725,2021-01-27,ACCT_00368,PERSON_00019,fuel,8286,VENDOR_004,fuel
TXN_001726,2024-01-07,ACCT_00335,PERSON_00248,cash withdrawal,13243,VENDOR_070,cash withdrawal
TXN_001727,2021-04-25,ACCT_00213,PERSON_00048,rent,44994,VENDOR_084,rent
TXN_001728,2024-06-01,ACCT_00219,PERSON_00316,grocery,25581,VENDOR_012,grocery
TXN_001729,2021-07-07,ACCT_00193,PERSON_00135,shopping,1862,VENDOR_080,shopping
TXN_001730,2023-10-22,ACCT_00442,PERSON_00079,mobile recharge,40570,VENDOR_010,mobile recharge
TXN_001731,2023-06-11,ACCT_00004,PERSON_00425,settlement,651580,PERSON_00147,transport settlement
TXN_001732,2023-08-22,ACCT_00117,PERSON_00155,settlement,543474,PERSON_00344,freight settlement
TXN_001733,2026-01-24,ACCT_00001,PERSON_00033,wholesale jewellery,163077,VENDOR_075,legitimate cash-intensive retail/festival activity
TXN_001734,2023-07-08,ACCT_00372,PERSON_00028,cash withdrawal,68782,PERSON_00343,wholesale goods
TXN_001735,2023-10-25,ACCT_00222,PERSON_00226,school fee,38827,VENDOR_045,school fee
TXN_001736,2025-03-25,ACCT_00215,PERSON_00078,salary,5488,VENDOR_057,salary
TXN_001737,2026-02-27,ACCT_00413,PERSON_00233,salary,32375,VENDOR_094,salary
TXN_001738,2023-11-20,ACCT_00330,PERSON_00038,grocery,26537,VENDOR_042,grocery
TXN_001739,2025-09-15,ACCT_00145,PERSON_00005,utility,30864,VENDOR_094,utility
TXN_001740,2025-03-04,ACCT_00350,PERSON_00059,supplier settlement,423532,VENDOR_022,legitimate cash-intensive retail/festival activity
TXN_001741,2023-07-29,ACCT_00416,PERSON_00043,rent,38020,VENDOR_008,rent
TXN_001742,2023-09-05,ACCT_00336,PERSON_00068,grocery,18463,VENDOR_070,grocery
TXN_001743,2025-10-09,ACCT_00015,PERSON_00294,cash withdrawal,23615,VENDOR_040,cash withdrawal
TXN_001744,2024-01-23,ACCT_00162,PERSON_00376,settlement,656754,PERSON_00085,site material settlement
TXN_001745,2023-09-18,ACCT_00294,PERSON_00177,shopping,38675,VENDOR_058,shopping
TXN_001746,2025-06-02,ACCT_00311,PERSON_00006,medical,31208,VENDOR_035,medical
TXN_001747,2021-07-22,ACCT_00478,PERSON_00218,medical,13469,VENDOR_009,medical
TXN_001748,2023-11-12,ACCT_00005,PERSON_00018,cash withdrawal,23907,VENDOR_090,cash withdrawal
TXN_001749,2025-01-27,ACCT_00028,PERSON_00059,festival advance,324226,VENDOR_023,legitimate cash-intensive retail/festival activity
TXN_001750,2025-06-11,ACCT_00152,PERSON_00219,cash withdrawal,17630,VENDOR_040,cash withdrawal
TXN_001751,2026-01-08,ACCT_00204,PERSON_00070,shopping,25633,VENDOR_031,shopping
TXN_001752,2023-01-01,ACCT_00124,PERSON_00270,mobile recharge,2335,VENDOR_064,mobile recharge
TXN_001753,2021-06-16,ACCT_00279,PERSON_00212,cash withdrawal,8660,VENDOR_018,cash withdrawal
TXN_001754,2023-02-02,ACCT_00178,PERSON_00413,restaurant,31319,VENDOR_004,restaurant
TXN_001755,2025-11-13,ACCT_00001,PERSON_00033,invoice,86387,PERSON_00269,registration/document fee
TXN_001756,2022-07-22,ACCT_00160,PERSON_00417,wholesale jewellery,174920,VENDOR_009,legitimate cash-intensive retail/festival activity
TXN_001757,2021-11-21,ACCT_00174,PERSON_00414,cash withdrawal,5180,VENDOR_044,cash withdrawal
TXN_001758,2023-10-29,ACCT_00394,PERSON_00187,restaurant,12095,VENDOR_068,restaurant
TXN_001759,2022-12-05,ACCT_00408,PERSON_00407,transport,15431,VENDOR_089,transport
TXN_001760,2022-10-25,ACCT_00249,PERSON_00358,grocery,19097,VENDOR_039,grocery
TXN_001761,2023-09-20,ACCT_00359,PERSON_00427,shopping,32304,VENDOR_087,shopping
TXN_001762,2021-07-27,ACCT_00221,PERSON_00112,transport,10344,VENDOR_079,transport
TXN_001763,2024-11-06,ACCT_00003,PERSON_00434,shopping,15166,VENDOR_054,shopping
TXN_001764,2022-11-18,ACCT_00233,PERSON_00344,cash withdrawal,37521,VENDOR_075,cash withdrawal
TXN_001765,2024-01-25,ACCT_00372,PERSON_00028,cash withdrawal,35827,PERSON_00043,wholesale goods
TXN_001766,2021-07-14,ACCT_00416,PERSON_00043,transfer,863163,PERSON_00306,wholesale goods
TXN_001767,2024-10-17,ACCT_00286,PERSON_00104,fuel,8794,VENDOR_033,fuel
TXN_001768,2021-03-16,ACCT_00227,PERSON_00023,supplier settlement,40872,VENDOR_083,legitimate cash-intensive retail/festival activity
TXN_001769,2022-04-18,ACCT_00407,PERSON_00011,invoice,778724,PERSON_00312,premium settlement
TXN_001770,2024-06-18,ACCT_00400,PERSON_00296,school fee,29949,VENDOR_095,school fee
TXN_001771,2023-08-10,ACCT_00477,PERSON_00031,fuel,6712,VENDOR_014,fuel
TXN_001772,2021-04-01,ACCT_00475,PERSON_00108,shopping,12275,VENDOR_009,shopping
TXN_001773,2023-09-15,ACCT_00060,PERSON_00435,cash withdrawal,36717,VENDOR_042,cash withdrawal
TXN_001774,2021-08-09,ACCT_00364,PERSON_00103,shopping,9130,VENDOR_039,shopping
TXN_001775,2025-05-13,ACCT_00380,PERSON_00178,invoice,84820,PERSON_00311,premium settlement
TXN_001776,2024-11-20,ACCT_00346,PERSON_00359,cash withdrawal,774539,PERSON_00169,consultancy settlement
TXN_001777,2025-02-07,ACCT_00383,PERSON_00347,wholesale jewellery,14918,VENDOR_018,legitimate cash-intensive retail/festival activity
TXN_001778,2021-03-26,ACCT_00132,PERSON_00100,grocery,21251,VENDOR_067,grocery
TXN_001779,2024-10-05,ACCT_00430,PERSON_00025,cash deposit,804475,PERSON_00015,freight settlement
TXN_001780,2022-12-27,ACCT_00131,PERSON_00331,settlement,642117,PERSON_00449,transport settlement
TXN_001781,2021-07-29,ACCT_00201,PERSON_00224,transport,20519,VENDOR_028,transport
TXN_001782,2022-02-11,ACCT_00458,PERSON_00389,fuel,4472,VENDOR_077,fuel
TXN_001783,2025-02-03,ACCT_00200,PERSON_00423,mobile recharge,16025,VENDOR_013,mobile recharge
TXN_001784,2023-09-15,ACCT_00353,PERSON_00411,settlement,60947,PERSON_00102,event services
TXN_001785,2024-01-26,ACCT_00437,PERSON_00360,transfer,287346,PERSON_00028,wholesale goods
TXN_001786,2021-07-03,ACCT_00038,PERSON_00254,cash withdrawal,15117,VENDOR_061,cash withdrawal
TXN_001787,2021-01-25,ACCT_00417,PERSON_00076,transfer,241487,PERSON_00337,wholesale goods
TXN_001788,2021-12-27,ACCT_00152,PERSON_00219,rent,10873,VENDOR_089,rent
TXN_002988,2025-12-21,ACCT_00102,PERSON_00173,transfer,118140,PERSON_00152,intermediary settlement
TXN_001790,2024-08-09,ACCT_00407,PERSON_00011,supplier settlement,102069,VENDOR_042,legitimate cash-intensive retail/festival activity
TXN_001791,2024-10-18,ACCT_00204,PERSON_00070,school fee,19559,VENDOR_083,school fee
TXN_001792,2021-11-30,ACCT_00028,PERSON_00059,gold purchase,448731,VENDOR_025,legitimate cash-intensive retail/festival activity
TXN_001793,2025-08-24,ACCT_00279,PERSON_00212,grocery,40538,VENDOR_001,grocery
TXN_001794,2026-03-29,ACCT_00138,PERSON_00381,salary,28300,VENDOR_060,salary
TXN_001795,2022-10-29,ACCT_00067,PERSON_00150,grocery,12098,VENDOR_060,grocery
TXN_001796,2023-02-27,ACCT_00010,PERSON_00325,fuel,41223,VENDOR_094,fuel
TXN_001797,2021-01-03,ACCT_00012,PERSON_00449,cash withdrawal,38906,VENDOR_097,cash withdrawal
TXN_001798,2026-06-11,ACCT_00377,PERSON_00417,salary,35179,VENDOR_024,salary
TXN_001799,2025-12-12,ACCT_00468,PERSON_00398,settlement,890304,PERSON_00201,transport settlement
TXN_001800,2024-06-16,ACCT_00059,PERSON_00390,medical,44141,VENDOR_074,medical
TXN_001801,2023-06-21,ACCT_00450,PERSON_00445,vendor payment,435832,PERSON_00020,service commission
TXN_001802,2022-07-21,ACCT_00407,PERSON_00011,invoice,53705,PERSON_00416,premium settlement
TXN_001803,2025-03-07,ACCT_00169,PERSON_00249,grocery,31913,VENDOR_086,grocery
TXN_001804,2022-08-18,ACCT_00152,PERSON_00219,medical,26768,VENDOR_039,medical
TXN_001805,2022-03-06,ACCT_00357,PERSON_00126,salary,889,VENDOR_051,salary
TXN_001806,2026-05-01,ACCT_00344,PERSON_00410,rent,42538,VENDOR_016,rent
TXN_001807,2022-02-16,ACCT_00062,PERSON_00388,shopping,11018,VENDOR_077,shopping
TXN_001808,2023-02-06,ACCT_00361,PERSON_00035,settlement,155964,PERSON_00387,consultancy settlement
TXN_001809,2025-09-27,ACCT_00054,PERSON_00157,cash withdrawal,763738,PERSON_00213,freight settlement
TXN_001810,2021-05-19,ACCT_00142,PERSON_00179,cash deposit,376376,VENDOR_040,legitimate cash-intensive retail/festival activity
TXN_001811,2023-06-24,ACCT_00404,PERSON_00134,grocery,25145,VENDOR_034,grocery
TXN_001812,2024-01-03,ACCT_00074,PERSON_00293,restaurant,25099,VENDOR_049,restaurant
TXN_001813,2022-08-19,ACCT_00180,PERSON_00066,transport,44107,VENDOR_073,transport
TXN_001814,2021-01-25,ACCT_00052,PERSON_00438,vendor payment,783156,PERSON_00282,vehicle advance
TXN_001815,2024-10-04,ACCT_00391,PERSON_00377,school fee,28327,VENDOR_011,school fee
TXN_001816,2026-03-02,ACCT_00223,PERSON_00298,vendor payment,684646,PERSON_00325,service commission
TXN_001817,2022-12-15,ACCT_00155,PERSON_00268,rent,31028,VENDOR_003,rent
TXN_001818,2023-05-16,ACCT_00061,PERSON_00102,cash withdrawal,19443,VENDOR_002,cash withdrawal
TXN_001819,2021-09-22,ACCT_00002,PERSON_00337,shopping,13972,VENDOR_023,shopping
TXN_001820,2025-08-08,ACCT_00457,PERSON_00300,invoice,391424,PERSON_00402,vehicle advance
TXN_001821,2023-09-05,ACCT_00117,PERSON_00155,cash withdrawal,43665,VENDOR_051,cash withdrawal
TXN_001822,2022-03-05,ACCT_00406,PERSON_00250,grocery,6415,VENDOR_021,grocery
TXN_001823,2021-09-16,ACCT_00071,PERSON_00073,grocery,26928,VENDOR_043,grocery
TXN_001824,2024-06-24,ACCT_00138,PERSON_00381,grocery,25748,VENDOR_097,grocery
TXN_001825,2022-10-09,ACCT_00194,PERSON_00077,fuel,20180,VENDOR_040,fuel
TXN_001826,2026-06-18,ACCT_00210,PERSON_00290,vendor payment,48928,PERSON_00281,registration/document fee
TXN_001827,2024-03-28,ACCT_00350,PERSON_00059,supplier settlement,414597,VENDOR_045,legitimate cash-intensive retail/festival activity
TXN_001828,2025-02-17,ACCT_00173,PERSON_00146,medical,26593,VENDOR_087,medical
TXN_001829,2022-11-11,ACCT_00210,PERSON_00290,salary,16098,VENDOR_035,salary
TXN_001830,2021-03-13,ACCT_00029,PERSON_00037,restaurant,3356,VENDOR_055,restaurant
TXN_001831,2023-05-22,ACCT_00346,PERSON_00359,transfer,250835,PERSON_00177,event services
TXN_001832,2026-02-28,ACCT_00467,PERSON_00357,shopping,42186,VENDOR_046,shopping
TXN_001833,2021-11-14,ACCT_00356,PERSON_00338,cash withdrawal,33844,VENDOR_093,cash withdrawal
TXN_001834,2026-03-20,ACCT_00052,PERSON_00438,invoice,357992,PERSON_00181,vehicle advance
TXN_001835,2025-02-14,ACCT_00090,PERSON_00084,fuel,25160,VENDOR_062,fuel
TXN_001836,2022-01-05,ACCT_00041,PERSON_00354,shopping,29039,VENDOR_023,shopping
TXN_001837,2025-07-27,ACCT_00325,PERSON_00145,invoice,66034,PERSON_00236,site material settlement
TXN_001838,2022-07-25,ACCT_00479,PERSON_00082,invoice,596216,PERSON_00141,transport settlement
TXN_001839,2023-11-23,ACCT_00397,PERSON_00052,invoice,372034,PERSON_00133,event services
TXN_001840,2023-09-16,ACCT_00345,PERSON_00064,salary,26178,VENDOR_064,salary
TXN_001841,2021-07-01,ACCT_00381,PERSON_00200,school fee,6645,VENDOR_082,school fee
TXN_001842,2024-02-01,ACCT_00280,PERSON_00205,grocery,2728,VENDOR_080,grocery
TXN_001843,2023-03-25,ACCT_00420,PERSON_00159,rent,13624,VENDOR_045,rent
TXN_001844,2021-10-27,ACCT_00083,PERSON_00220,settlement,221952,PERSON_00159,premium settlement
TXN_001845,2025-02-14,ACCT_00271,PERSON_00050,cash withdrawal,188048,PERSON_00444,freight settlement
TXN_001846,2024-12-15,ACCT_00310,PERSON_00162,shopping,27113,VENDOR_072,shopping
TXN_001847,2021-04-07,ACCT_00349,PERSON_00384,transport,17023,VENDOR_065,transport
TXN_001848,2021-07-08,ACCT_00230,PERSON_00191,shopping,19383,VENDOR_062,shopping
TXN_001849,2023-07-16,ACCT_00223,PERSON_00298,transport,23620,VENDOR_007,transport
TXN_001850,2021-01-08,ACCT_00135,PERSON_00102,medical,9137,VENDOR_062,medical
TXN_001851,2022-08-01,ACCT_00052,PERSON_00438,invoice,590265,PERSON_00181,vehicle advance
TXN_001852,2022-12-19,ACCT_00407,PERSON_00011,gold purchase,264469,VENDOR_021,legitimate cash-intensive retail/festival activity
TXN_001853,2023-06-17,ACCT_00217,PERSON_00284,mobile recharge,10305,VENDOR_062,mobile recharge
TXN_001854,2022-08-26,ACCT_00012,PERSON_00449,settlement,35113,PERSON_00288,transport settlement
TXN_001855,2023-07-12,ACCT_00242,PERSON_00124,cash deposit,74751,PERSON_00299,freight settlement
TXN_001856,2021-08-16,ACCT_00136,PERSON_00042,cash withdrawal,12922,VENDOR_002,cash withdrawal
TXN_001857,2021-03-19,ACCT_00017,PERSON_00088,cash withdrawal,19260,VENDOR_100,cash withdrawal
TXN_001858,2021-03-11,ACCT_00366,PERSON_00063,cash withdrawal,3724,VENDOR_026,cash withdrawal
TXN_001859,2026-05-13,ACCT_00402,PERSON_00345,cash deposit,300925,PERSON_00434,vehicle advance
TXN_001860,2022-03-14,ACCT_00269,PERSON_00101,transport,25656,VENDOR_034,transport
TXN_001861,2023-05-15,ACCT_00167,PERSON_00088,school fee,28819,VENDOR_040,school fee
TXN_001862,2022-07-29,ACCT_00061,PERSON_00102,salary,30516,VENDOR_091,salary
TXN_001863,2024-09-17,ACCT_00102,PERSON_00173,cash withdrawal,708724,PERSON_00445,service commission
TXN_001864,2023-12-09,ACCT_00395,PERSON_00269,vendor payment,825098,PERSON_00135,registration/document fee
TXN_001865,2025-10-26,ACCT_00058,PERSON_00319,mobile recharge,18238,VENDOR_097,mobile recharge
TXN_001866,2022-07-18,ACCT_00375,PERSON_00403,shopping,37177,VENDOR_019,shopping
TXN_001867,2022-02-17,ACCT_00031,PERSON_00223,settlement,197607,PERSON_00281,site material settlement
TXN_001868,2024-02-26,ACCT_00352,PERSON_00110,grocery,22130,VENDOR_087,grocery
TXN_001869,2022-07-08,ACCT_00111,PERSON_00144,fuel,17900,VENDOR_083,fuel
TXN_001870,2022-09-29,ACCT_00144,PERSON_00312,transport,2044,VENDOR_089,transport
TXN_001871,2024-08-21,ACCT_00013,PERSON_00090,rent,8292,VENDOR_076,rent
TXN_001872,2021-10-05,ACCT_00456,PERSON_00142,restaurant,31408,VENDOR_003,restaurant
TXN_001873,2025-11-02,ACCT_00365,PERSON_00014,grocery,13150,VENDOR_054,grocery
TXN_001874,2023-08-05,ACCT_00242,PERSON_00124,medical,19827,VENDOR_089,medical
TXN_001875,2023-03-06,ACCT_00245,PERSON_00151,vendor payment,69037,PERSON_00265,consultancy settlement
TXN_001876,2026-06-26,ACCT_00071,PERSON_00073,transfer,295914,PERSON_00072,consultancy settlement
TXN_001877,2022-06-10,ACCT_00470,PERSON_00324,school fee,17635,VENDOR_016,school fee
TXN_001878,2025-06-21,ACCT_00392,PERSON_00226,mobile recharge,33039,VENDOR_004,mobile recharge
TXN_001879,2023-08-08,ACCT_00141,PERSON_00356,fuel,22101,VENDOR_004,fuel
TXN_001880,2021-10-03,ACCT_00310,PERSON_00162,salary,4442,VENDOR_043,salary
TXN_001881,2024-06-23,ACCT_00469,PERSON_00060,transport,11988,VENDOR_063,transport
TXN_001882,2023-04-23,ACCT_00102,PERSON_00173,invoice,628109,PERSON_00170,service commission
TXN_001883,2024-11-05,ACCT_00271,PERSON_00050,cash withdrawal,30773,VENDOR_081,cash withdrawal
TXN_001884,2025-01-04,ACCT_00438,PERSON_00074,cash deposit,410623,VENDOR_020,legitimate cash-intensive retail/festival activity
TXN_001885,2024-04-01,ACCT_00167,PERSON_00088,cash deposit,76310,VENDOR_013,legitimate cash-intensive retail/festival activity
TXN_001886,2022-09-27,ACCT_00116,PERSON_00106,school fee,18852,VENDOR_091,school fee
TXN_001887,2024-05-26,ACCT_00253,PERSON_00072,cash withdrawal,104362,PERSON_00359,consultancy settlement
TXN_001888,2022-06-30,ACCT_00056,PERSON_00222,vendor payment,820829,PERSON_00201,transport settlement
TXN_001889,2021-11-13,ACCT_00175,PERSON_00207,invoice,526313,PERSON_00040,transport settlement
TXN_001890,2025-09-22,ACCT_00254,PERSON_00154,medical,8071,VENDOR_030,medical
TXN_001891,2021-03-18,ACCT_00179,PERSON_00332,mobile recharge,7553,VENDOR_005,mobile recharge
TXN_001892,2026-01-03,ACCT_00449,PERSON_00159,invoice,799917,PERSON_00178,premium settlement
TXN_001893,2026-06-29,ACCT_00336,PERSON_00068,transfer,263590,PERSON_00363,site material settlement
TXN_001894,2023-07-06,ACCT_00246,PERSON_00244,supplier settlement,72025,VENDOR_027,legitimate cash-intensive retail/festival activity
TXN_001895,2024-03-13,ACCT_00242,PERSON_00124,grocery,4590,VENDOR_029,grocery
TXN_001896,2024-05-11,ACCT_00034,PERSON_00245,shopping,27075,VENDOR_023,shopping
TXN_001897,2022-06-01,ACCT_00386,PERSON_00276,salary,22800,VENDOR_065,salary
TXN_001898,2021-10-22,ACCT_00383,PERSON_00347,festival advance,291741,VENDOR_097,legitimate cash-intensive retail/festival activity
TXN_001899,2022-12-22,ACCT_00019,PERSON_00175,utility,14991,VENDOR_032,utility
TXN_001900,2026-01-25,ACCT_00258,PERSON_00148,transport,34746,VENDOR_020,transport
TXN_001901,2026-05-16,ACCT_00142,PERSON_00179,festival advance,104970,VENDOR_056,legitimate cash-intensive retail/festival activity
TXN_001902,2025-01-15,ACCT_00287,PERSON_00071,rent,44264,VENDOR_075,rent
TXN_001903,2024-05-18,ACCT_00083,PERSON_00220,cash deposit,200164,PERSON_00259,premium settlement
TXN_001904,2026-04-02,ACCT_00438,PERSON_00074,wholesale jewellery,17644,VENDOR_067,legitimate cash-intensive retail/festival activity
TXN_001905,2022-03-20,ACCT_00393,PERSON_00408,grocery,9146,VENDOR_084,grocery
TXN_001906,2022-01-15,ACCT_00388,PERSON_00149,fuel,28909,VENDOR_067,fuel
TXN_001907,2023-06-16,ACCT_00298,PERSON_00371,restaurant,28110,VENDOR_067,restaurant
TXN_001908,2022-12-16,ACCT_00253,PERSON_00072,fuel,10022,VENDOR_023,fuel
TXN_001909,2022-12-12,ACCT_00290,PERSON_00362,cash withdrawal,205194,PERSON_00259,premium settlement
TXN_001910,2023-09-12,ACCT_00245,PERSON_00151,shopping,42749,VENDOR_083,shopping
TXN_001911,2023-09-12,ACCT_00115,PERSON_00225,grocery,36911,VENDOR_017,grocery
TXN_001912,2026-02-13,ACCT_00246,PERSON_00244,salary,33384,VENDOR_029,salary
TXN_001913,2021-02-24,ACCT_00270,PERSON_00306,transfer,109165,PERSON_00043,wholesale goods
TXN_001914,2021-02-26,ACCT_00181,PERSON_00111,salary,25912,VENDOR_049,salary
TXN_008068,2023-05-14,ACCT_00253,PERSON_00072,transfer,143558,PERSON_00175,intermediary settlement
TXN_001916,2023-07-23,ACCT_00160,PERSON_00417,cash deposit,149332,VENDOR_054,legitimate cash-intensive retail/festival activity
TXN_001917,2024-12-05,ACCT_00317,PERSON_00304,cash withdrawal,26135,VENDOR_007,cash withdrawal
TXN_001918,2024-12-05,ACCT_00011,PERSON_00010,settlement,521395,PERSON_00400,registration/document fee
TXN_001919,2021-09-04,ACCT_00438,PERSON_00074,supplier settlement,292019,VENDOR_025,legitimate cash-intensive retail/festival activity
TXN_001920,2023-08-05,ACCT_00426,PERSON_00322,transfer,219445,PERSON_00127,consultancy settlement
TXN_001921,2025-01-06,ACCT_00220,PERSON_00259,grocery,44433,VENDOR_012,grocery
TXN_001922,2021-09-17,ACCT_00102,PERSON_00173,settlement,726980,PERSON_00163,service commission
TXN_001923,2024-01-23,ACCT_00043,PERSON_00092,restaurant,11380,VENDOR_061,restaurant
TXN_001924,2024-03-24,ACCT_00390,PERSON_00049,cash deposit,855870,PERSON_00125,event services
TXN_001925,2026-05-08,ACCT_00394,PERSON_00187,utility,7966,VENDOR_079,utility
TXN_001926,2024-10-06,ACCT_00426,PERSON_00322,invoice,113489,PERSON_00391,registration/document fee
TXN_001927,2024-12-06,ACCT_00049,PERSON_00260,utility,31906,VENDOR_098,utility
TXN_001928,2022-09-05,ACCT_00100,PERSON_00229,transfer,430114,PERSON_00430,service commission
TXN_001929,2023-10-17,ACCT_00207,PERSON_00239,restaurant,41107,VENDOR_090,restaurant
TXN_001930,2024-12-12,ACCT_00391,PERSON_00377,cash withdrawal,37187,VENDOR_017,cash withdrawal
TXN_001598,2024-01-30,ACCT_00102,PERSON_00173,transfer,122558,PERSON_00173,intermediary settlement
TXN_001932,2025-11-23,ACCT_00080,PERSON_00137,restaurant,34807,VENDOR_059,restaurant
TXN_001933,2026-01-01,ACCT_00126,PERSON_00062,grocery,28104,VENDOR_072,grocery
TXN_001934,2022-06-09,ACCT_00031,PERSON_00223,vendor payment,872064,PERSON_00145,site material settlement
TXN_001935,2021-11-03,ACCT_00397,PERSON_00052,salary,18156,VENDOR_098,salary
TXN_001936,2022-08-16,ACCT_00246,PERSON_00244,grocery,29362,VENDOR_017,grocery
TXN_001937,2024-07-27,ACCT_00242,PERSON_00124,transfer,779259,PERSON_00232,freight settlement
TXN_001938,2025-01-07,ACCT_00376,PERSON_00232,shopping,833,VENDOR_001,shopping
TXN_001939,2024-10-25,ACCT_00135,PERSON_00102,invoice,276025,PERSON_00102,event services
TXN_001940,2021-10-26,ACCT_00257,PERSON_00136,restaurant,13539,VENDOR_040,restaurant
TXN_001941,2023-07-22,ACCT_00369,PERSON_00433,grocery,10130,VENDOR_067,grocery
TXN_001942,2024-09-08,ACCT_00160,PERSON_00417,gold purchase,442875,VENDOR_070,legitimate cash-intensive retail/festival activity
TXN_001943,2022-04-03,ACCT_00438,PERSON_00074,gold purchase,204934,VENDOR_031,legitimate cash-intensive retail/festival activity
TXN_001944,2024-07-06,ACCT_00210,PERSON_00290,vendor payment,580507,PERSON_00400,registration/document fee
TXN_001945,2025-09-04,ACCT_00145,PERSON_00005,grocery,15618,VENDOR_023,grocery
TXN_001946,2026-01-24,ACCT_00049,PERSON_00260,salary,6549,VENDOR_028,salary
TXN_001947,2026-06-01,ACCT_00157,PERSON_00317,rent,33654,VENDOR_006,rent
TXN_001948,2024-08-06,ACCT_00299,PERSON_00386,mobile recharge,270,VENDOR_005,mobile recharge
TXN_001949,2025-08-15,ACCT_00407,PERSON_00011,supplier settlement,386464,VENDOR_034,legitimate cash-intensive retail/festival activity
TXN_001950,2024-05-26,ACCT_00373,PERSON_00141,settlement,63177,PERSON_00425,transport settlement
TXN_001951,2025-04-01,ACCT_00442,PERSON_00079,salary,5845,VENDOR_096,salary
TXN_001952,2026-04-21,ACCT_00358,PERSON_00085,shopping,33034,VENDOR_025,shopping
TXN_001953,2021-06-07,ACCT_00438,PERSON_00074,shopping,3168,VENDOR_060,shopping
TXN_001954,2025-10-10,ACCT_00215,PERSON_00078,fuel,284,VENDOR_019,fuel
TXN_001955,2022-06-21,ACCT_00438,PERSON_00074,school fee,24583,VENDOR_020,school fee
TXN_001956,2023-06-19,ACCT_00032,PERSON_00065,vendor payment,742539,PERSON_00082,transport settlement
TXN_001957,2023-10-27,ACCT_00059,PERSON_00390,settlement,466258,PERSON_00133,event services
TXN_001958,2023-02-16,ACCT_00027,PERSON_00215,rent,13154,VENDOR_024,rent
TXN_001959,2025-10-22,ACCT_00037,PERSON_00113,wholesale jewellery,260106,VENDOR_010,legitimate cash-intensive retail/festival activity
TXN_001960,2021-04-11,ACCT_00005,PERSON_00018,salary,8717,VENDOR_099,salary
TXN_001961,2025-07-21,ACCT_00454,PERSON_00119,salary,29873,VENDOR_033,salary
TXN_001962,2021-07-17,ACCT_00071,PERSON_00073,cash withdrawal,44660,VENDOR_060,cash withdrawal
TXN_001963,2021-10-14,ACCT_00142,PERSON_00179,festival advance,151698,VENDOR_026,legitimate cash-intensive retail/festival activity
TXN_001964,2021-07-08,ACCT_00460,PERSON_00336,cash withdrawal,17070,VENDOR_028,cash withdrawal
TXN_001965,2025-10-19,ACCT_00374,PERSON_00320,restaurant,5550,VENDOR_089,restaurant
TXN_006879,2024-08-08,ACCT_00102,PERSON_00173,transfer,159835,PERSON_00020,intermediary settlement
TXN_001967,2022-05-11,ACCT_00142,PERSON_00179,gold purchase,314960,VENDOR_061,legitimate cash-intensive retail/festival activity
TXN_001968,2021-08-03,ACCT_00470,PERSON_00324,cash deposit,718828,PERSON_00102,event services
TXN_001969,2023-03-21,ACCT_00122,PERSON_00148,invoice,553260,PERSON_00353,consultancy settlement
TXN_001970,2022-08-16,ACCT_00417,PERSON_00076,cash deposit,308178,PERSON_00279,wholesale goods
TXN_001971,2021-02-11,ACCT_00277,PERSON_00182,invoice,166232,PERSON_00402,vehicle advance
TXN_001972,2026-04-29,ACCT_00262,PERSON_00383,invoice,208481,PERSON_00105,registration/document fee
TXN_001973,2021-12-14,ACCT_00071,PERSON_00073,salary,29051,VENDOR_054,salary
TXN_001974,2024-07-05,ACCT_00133,PERSON_00184,salary,7384,VENDOR_007,salary
TXN_001975,2021-10-30,ACCT_00305,PERSON_00020,salary,29642,VENDOR_086,salary
TXN_001976,2021-09-16,ACCT_00287,PERSON_00071,cash withdrawal,530909,PERSON_00040,transport settlement
TXN_001977,2022-05-25,ACCT_00369,PERSON_00433,restaurant,12837,VENDOR_047,restaurant
TXN_001978,2026-01-07,ACCT_00169,PERSON_00249,restaurant,1180,VENDOR_013,restaurant
TXN_001979,2024-04-15,ACCT_00414,PERSON_00130,cash deposit,473996,PERSON_00152,service commission
TXN_001980,2021-07-25,ACCT_00246,PERSON_00244,wholesale jewellery,305994,VENDOR_005,legitimate cash-intensive retail/festival activity
TXN_001981,2024-07-02,ACCT_00097,PERSON_00105,settlement,851790,PERSON_00400,registration/document fee
TXN_001982,2023-01-06,ACCT_00441,PERSON_00304,vendor payment,758192,PERSON_00449,transport settlement
TXN_001983,2022-04-15,ACCT_00310,PERSON_00162,utility,31352,VENDOR_070,utility
TXN_001984,2026-03-02,ACCT_00097,PERSON_00105,settlement,91473,PERSON_00383,registration/document fee
TXN_001985,2026-05-05,ACCT_00411,PERSON_00174,grocery,31731,VENDOR_030,grocery
TXN_001986,2024-11-20,ACCT_00311,PERSON_00006,utility,5623,VENDOR_021,utility
TXN_001987,2021-03-26,ACCT_00431,PERSON_00346,shopping,17296,VENDOR_093,shopping
TXN_001988,2023-08-03,ACCT_00132,PERSON_00100,supplier settlement,345033,VENDOR_074,legitimate cash-intensive retail/festival activity
TXN_001989,2024-08-25,ACCT_00227,PERSON_00023,gold purchase,56143,VENDOR_072,legitimate cash-intensive retail/festival activity
TXN_001990,2022-11-12,ACCT_00142,PERSON_00179,festival advance,261429,VENDOR_008,legitimate cash-intensive retail/festival activity
TXN_001991,2021-02-13,ACCT_00390,PERSON_00049,fuel,4296,VENDOR_099,fuel
TXN_001992,2026-01-01,ACCT_00021,PERSON_00367,cash withdrawal,31921,VENDOR_013,cash withdrawal
TXN_001993,2022-06-30,ACCT_00014,PERSON_00088,gold purchase,383484,VENDOR_091,legitimate cash-intensive retail/festival activity
TXN_001994,2025-10-25,ACCT_00154,PERSON_00117,fuel,1720,VENDOR_076,fuel
TXN_001995,2024-08-14,ACCT_00262,PERSON_00383,salary,6138,VENDOR_064,salary
TXN_001996,2024-05-23,ACCT_00270,PERSON_00306,invoice,525497,PERSON_00192,wholesale goods
TXN_001997,2025-11-04,ACCT_00001,PERSON_00033,fuel,11459,VENDOR_072,fuel
TXN_001998,2023-04-26,ACCT_00270,PERSON_00306,settlement,575712,PERSON_00043,wholesale goods
TXN_001999,2025-11-03,ACCT_00142,PERSON_00179,wholesale jewellery,308833,VENDOR_071,legitimate cash-intensive retail/festival activity
TXN_002000,2022-01-27,ACCT_00031,PERSON_00223,rent,6768,VENDOR_036,rent
TXN_002001,2022-03-12,ACCT_00037,PERSON_00113,gold purchase,395159,VENDOR_076,legitimate cash-intensive retail/festival activity
TXN_002002,2023-07-26,ACCT_00345,PERSON_00064,salary,23262,VENDOR_084,salary
TXN_002003,2024-07-21,ACCT_00136,PERSON_00042,utility,44946,VENDOR_035,utility
TXN_002004,2024-09-21,ACCT_00242,PERSON_00124,grocery,15598,VENDOR_001,grocery
TXN_002005,2024-01-17,ACCT_00437,PERSON_00360,settlement,655403,PERSON_00043,wholesale goods
TXN_002006,2022-08-24,ACCT_00450,PERSON_00445,cash withdrawal,124814,PERSON_00284,service commission
TXN_002007,2026-03-30,ACCT_00253,PERSON_00072,shopping,16316,VENDOR_068,shopping
TXN_002008,2021-09-19,ACCT_00037,PERSON_00113,gold purchase,136730,VENDOR_086,legitimate cash-intensive retail/festival activity
TXN_002009,2023-03-27,ACCT_00031,PERSON_00223,cash withdrawal,23745,VENDOR_094,cash withdrawal
TXN_002010,2023-03-04,ACCT_00160,PERSON_00417,wholesale jewellery,390738,VENDOR_034,legitimate cash-intensive retail/festival activity
TXN_002011,2023-08-01,ACCT_00404,PERSON_00134,rent,6666,VENDOR_011,rent
TXN_002012,2023-03-13,ACCT_00103,PERSON_00323,grocery,18996,VENDOR_032,grocery
TXN_002013,2023-11-10,ACCT_00132,PERSON_00100,cash withdrawal,8524,VENDOR_049,cash withdrawal
TXN_002014,2021-03-19,ACCT_00201,PERSON_00224,mobile recharge,2325,VENDOR_061,mobile recharge
TXN_002015,2022-02-10,ACCT_00339,PERSON_00426,shopping,19654,VENDOR_080,shopping
TXN_002016,2022-01-23,ACCT_00138,PERSON_00381,mobile recharge,42299,VENDOR_025,mobile recharge
TXN_002017,2024-11-04,ACCT_00293,PERSON_00054,school fee,15901,VENDOR_098,school fee
TXN_002018,2022-09-18,ACCT_00253,PERSON_00072,vendor payment,719911,PERSON_00300,vehicle advance
TXN_002019,2023-07-03,ACCT_00088,PERSON_00155,cash deposit,81885,PERSON_00344,freight settlement
TXN_002020,2022-11-13,ACCT_00329,PERSON_00069,vendor payment,174940,PERSON_00170,service commission
TXN_002021,2022-07-30,ACCT_00429,PERSON_00382,vendor payment,453054,PERSON_00181,vehicle advance
TXN_002022,2023-12-29,ACCT_00425,PERSON_00328,shopping,39246,VENDOR_051,shopping
TXN_002023,2025-12-10,ACCT_00026,PERSON_00448,cash withdrawal,30819,VENDOR_004,cash withdrawal
TXN_002024,2024-04-02,ACCT_00189,PERSON_00373,rent,16412,VENDOR_093,rent
TXN_002025,2021-02-17,ACCT_00373,PERSON_00141,transfer,429765,PERSON_00201,transport settlement
TXN_002026,2025-09-05,ACCT_00065,PERSON_00014,salary,13947,VENDOR_003,salary
TXN_002027,2023-06-24,ACCT_00024,PERSON_00201,cash withdrawal,14180,VENDOR_024,cash withdrawal
TXN_002028,2023-01-02,ACCT_00293,PERSON_00054,mobile recharge,10064,VENDOR_003,mobile recharge
TXN_002029,2026-03-10,ACCT_00322,PERSON_00429,cash withdrawal,888400,PERSON_00448,event services
TXN_002030,2021-12-08,ACCT_00139,PERSON_00330,cash deposit,310275,PERSON_00060,freight settlement
TXN_002031,2021-11-21,ACCT_00176,PERSON_00264,rent,26903,VENDOR_022,rent
TXN_002032,2025-05-17,ACCT_00475,PERSON_00108,transfer,842135,PERSON_00147,transport settlement
TXN_002033,2021-11-18,ACCT_00001,PERSON_00033,festival advance,84336,VENDOR_022,legitimate cash-intensive retail/festival activity
TXN_002034,2025-07-22,ACCT_00167,PERSON_00088,salary,34888,VENDOR_030,salary
TXN_002035,2024-11-24,ACCT_00238,PERSON_00321,rent,36708,VENDOR_019,rent
TXN_002036,2025-12-23,ACCT_00180,PERSON_00066,shopping,18276,VENDOR_059,shopping
TXN_002037,2024-12-15,ACCT_00183,PERSON_00286,grocery,37214,VENDOR_027,grocery
TXN_002038,2024-03-04,ACCT_00360,PERSON_00192,grocery,28025,VENDOR_080,grocery
TXN_002039,2022-11-02,ACCT_00406,PERSON_00250,salary,38974,VENDOR_008,salary
TXN_002040,2024-08-09,ACCT_00135,PERSON_00102,salary,30754,VENDOR_099,salary
TXN_002041,2025-08-13,ACCT_00142,PERSON_00179,cash deposit,342665,VENDOR_051,legitimate cash-intensive retail/festival activity
TXN_002042,2021-01-30,ACCT_00034,PERSON_00245,transfer,320696,PERSON_00105,registration/document fee
TXN_002043,2026-04-16,ACCT_00289,PERSON_00131,medical,21994,VENDOR_010,medical
TXN_002044,2025-04-06,ACCT_00260,PERSON_00261,fuel,39414,VENDOR_090,fuel
TXN_002045,2021-06-01,ACCT_00244,PERSON_00221,shopping,34376,VENDOR_026,shopping
TXN_002046,2022-01-19,ACCT_00449,PERSON_00159,cash deposit,869282,PERSON_00259,premium settlement
TXN_002047,2026-04-27,ACCT_00452,PERSON_00369,transport,35069,VENDOR_082,transport
TXN_002048,2026-06-06,ACCT_00439,PERSON_00385,shopping,1630,VENDOR_089,shopping
TXN_002049,2024-02-07,ACCT_00460,PERSON_00336,cash withdrawal,219374,PERSON_00337,wholesale goods
TXN_002050,2024-09-26,ACCT_00049,PERSON_00260,transport,29199,VENDOR_029,transport
TXN_002051,2023-07-20,ACCT_00398,PERSON_00274,school fee,10529,VENDOR_077,school fee
TXN_002052,2024-12-09,ACCT_00017,PERSON_00088,wholesale jewellery,159854,VENDOR_055,legitimate cash-intensive retail/festival activity
TXN_002053,2022-06-15,ACCT_00324,PERSON_00283,rent,24538,VENDOR_066,rent
TXN_002054,2024-07-15,ACCT_00401,PERSON_00210,shopping,27284,VENDOR_030,shopping
TXN_002055,2022-09-14,ACCT_00312,PERSON_00295,grocery,5991,VENDOR_003,grocery
TXN_002056,2022-11-04,ACCT_00374,PERSON_00320,fuel,37089,VENDOR_047,fuel
TXN_002057,2022-05-20,ACCT_00009,PERSON_00057,grocery,13014,VENDOR_062,grocery
TXN_002058,2024-08-09,ACCT_00028,PERSON_00059,gold purchase,307468,VENDOR_013,legitimate cash-intensive retail/festival activity
TXN_002059,2023-01-22,ACCT_00054,PERSON_00157,cash withdrawal,43754,VENDOR_050,cash withdrawal
TXN_002060,2023-02-19,ACCT_00337,PERSON_00279,shopping,3678,VENDOR_086,shopping
TXN_002061,2023-12-11,ACCT_00001,PERSON_00033,gold purchase,55838,VENDOR_052,legitimate cash-intensive retail/festival activity
TXN_002062,2024-04-25,ACCT_00113,PERSON_00334,salary,10623,VENDOR_001,salary
TXN_002063,2025-11-24,ACCT_00431,PERSON_00346,vendor payment,416338,PERSON_00383,registration/document fee
TXN_002064,2022-01-13,ACCT_00068,PERSON_00366,shopping,19676,VENDOR_093,shopping
TXN_002065,2025-05-14,ACCT_00271,PERSON_00050,fuel,1944,VENDOR_077,fuel
TXN_002066,2021-06-18,ACCT_00360,PERSON_00192,invoice,722811,PERSON_00028,wholesale goods
TXN_002067,2024-05-06,ACCT_00093,PERSON_00204,grocery,32576,VENDOR_010,grocery
TXN_002068,2022-03-18,ACCT_00439,PERSON_00385,cash deposit,798278,PERSON_00312,premium settlement
TXN_002069,2022-04-27,ACCT_00197,PERSON_00169,cash withdrawal,11924,VENDOR_048,cash withdrawal
TXN_002070,2022-06-02,ACCT_00447,PERSON_00379,invoice,274559,PERSON_00090,consultancy settlement
TXN_002071,2025-10-17,ACCT_00227,PERSON_00023,festival advance,113716,VENDOR_074,legitimate cash-intensive retail/festival activity
TXN_002072,2022-06-24,ACCT_00042,PERSON_00195,cash withdrawal,8592,VENDOR_067,cash withdrawal
TXN_002073,2024-09-12,ACCT_00413,PERSON_00233,transport,6361,VENDOR_001,transport
TXN_002074,2022-11-04,ACCT_00426,PERSON_00322,mobile recharge,25468,VENDOR_044,mobile recharge
TXN_002075,2025-10-13,ACCT_00244,PERSON_00221,school fee,30259,VENDOR_077,school fee
TXN_002076,2025-01-22,ACCT_00242,PERSON_00124,cash withdrawal,10238,PERSON_00050,freight settlement
TXN_002077,2023-02-04,ACCT_00423,PERSON_00439,salary,36006,VENDOR_061,salary
TXN_002078,2026-06-20,ACCT_00059,PERSON_00390,fuel,41813,VENDOR_031,fuel
TXN_002079,2024-09-22,ACCT_00144,PERSON_00312,settlement,437489,PERSON_00057,premium settlement
TXN_002080,2023-05-12,ACCT_00437,PERSON_00360,invoice,364480,PERSON_00343,wholesale goods
TXN_002081,2025-09-17,ACCT_00438,PERSON_00074,festival advance,129203,VENDOR_012,legitimate cash-intensive retail/festival activity
TXN_005443,2025-04-09,ACCT_00102,PERSON_00173,transfer,154471,PERSON_00325,intermediary settlement
TXN_002083,2024-06-12,ACCT_00170,PERSON_00123,salary,29990,VENDOR_081,salary
TXN_002084,2023-11-18,ACCT_00272,PERSON_00128,cash withdrawal,32031,VENDOR_046,cash withdrawal
TXN_002085,2022-11-17,ACCT_00104,PERSON_00027,utility,2287,VENDOR_046,utility
TXN_002086,2026-01-01,ACCT_00377,PERSON_00417,festival advance,341118,Festival Jewel Mart,legitimate cash-intensive retail/festival activity
TXN_002087,2023-04-15,ACCT_00052,PERSON_00438,grocery,42133,VENDOR_043,grocery
TXN_002088,2023-08-07,ACCT_00060,PERSON_00435,school fee,12023,VENDOR_097,school fee
TXN_002089,2024-12-03,ACCT_00414,PERSON_00130,school fee,33772,VENDOR_078,school fee
TXN_002090,2023-12-27,ACCT_00236,PERSON_00275,transport,8565,VENDOR_092,transport
TXN_002091,2025-04-12,ACCT_00429,PERSON_00382,cash withdrawal,3176,VENDOR_005,cash withdrawal
TXN_002092,2021-02-03,ACCT_00015,PERSON_00294,utility,3305,VENDOR_062,utility
TXN_002093,2021-10-31,ACCT_00432,PERSON_00170,invoice,610752,PERSON_00163,service commission
TXN_002094,2023-09-03,ACCT_00320,PERSON_00327,cash withdrawal,34365,VENDOR_031,cash withdrawal
TXN_002095,2025-12-07,ACCT_00355,PERSON_00263,cash withdrawal,310520,PERSON_00259,premium settlement
TXN_002096,2022-06-12,ACCT_00335,PERSON_00248,cash withdrawal,10658,VENDOR_083,cash withdrawal
TXN_002097,2026-06-12,ACCT_00111,PERSON_00144,salary,35679,VENDOR_031,salary
TXN_002098,2024-06-03,ACCT_00130,PERSON_00416,invoice,213640,PERSON_00263,premium settlement
TXN_002099,2024-08-23,ACCT_00271,PERSON_00050,cash withdrawal,413866,PERSON_00010,freight settlement
TXN_002100,2022-05-17,ACCT_00263,PERSON_00034,cash withdrawal,8301,VENDOR_041,cash withdrawal
TXN_002101,2021-12-03,ACCT_00115,PERSON_00225,shopping,39626,VENDOR_040,shopping
TXN_002102,2026-04-08,ACCT_00432,PERSON_00170,vendor payment,720620,PERSON_00370,service commission
TXN_002103,2022-06-19,ACCT_00026,PERSON_00448,cash withdrawal,155911,PERSON_00177,event services
TXN_002104,2024-02-17,ACCT_00404,PERSON_00134,school fee,37293,VENDOR_019,school fee
TXN_002105,2021-11-06,ACCT_00282,PERSON_00436,mobile recharge,17879,VENDOR_037,mobile recharge
TXN_002106,2022-04-08,ACCT_00377,PERSON_00417,supplier settlement,417821,VENDOR_024,legitimate cash-intensive retail/festival activity
TXN_002107,2024-10-03,ACCT_00040,PERSON_00384,transfer,572251,PERSON_00177,event services
TXN_002108,2023-06-15,ACCT_00090,PERSON_00084,salary,23628,VENDOR_035,salary
TXN_002109,2022-01-01,ACCT_00343,PERSON_00303,shopping,42153,VENDOR_074,shopping
TXN_002110,2022-03-15,ACCT_00188,PERSON_00348,shopping,16926,VENDOR_046,shopping
TXN_002111,2023-12-25,ACCT_00293,PERSON_00054,mobile recharge,14331,VENDOR_001,mobile recharge
TXN_002112,2023-02-12,ACCT_00346,PERSON_00359,cash deposit,841079,PERSON_00107,consultancy settlement
TXN_002113,2023-10-20,ACCT_00416,PERSON_00043,shopping,19014,VENDOR_035,shopping
TXN_002114,2021-05-28,ACCT_00422,PERSON_00052,fuel,14592,VENDOR_073,fuel
TXN_002115,2022-06-21,ACCT_00266,PERSON_00402,vendor payment,536093,PERSON_00182,vehicle advance
TXN_002116,2023-09-22,ACCT_00438,PERSON_00074,wholesale jewellery,82872,VENDOR_100,legitimate cash-intensive retail/festival activity
TXN_002117,2023-01-18,ACCT_00377,PERSON_00417,cash deposit,132363,VENDOR_045,legitimate cash-intensive retail/festival activity
TXN_002118,2026-05-17,ACCT_00429,PERSON_00382,school fee,20152,VENDOR_016,school fee
TXN_002119,2025-11-25,ACCT_00132,PERSON_00100,festival advance,18287,VENDOR_040,legitimate cash-intensive retail/festival activity
TXN_002120,2024-10-14,ACCT_00442,PERSON_00079,fuel,3391,VENDOR_087,fuel
TXN_002121,2023-03-05,ACCT_00384,PERSON_00299,fuel,28275,VENDOR_076,fuel
TXN_002122,2022-01-02,ACCT_00383,PERSON_00347,wholesale jewellery,336865,VENDOR_081,legitimate cash-intensive retail/festival activity
TXN_002123,2023-11-12,ACCT_00364,PERSON_00103,medical,16308,VENDOR_059,medical
TXN_002124,2021-10-10,ACCT_00132,PERSON_00100,cash deposit,243059,VENDOR_053,legitimate cash-intensive retail/festival activity
TXN_002125,2024-04-24,ACCT_00074,PERSON_00293,cash withdrawal,34451,VENDOR_060,cash withdrawal
TXN_002126,2026-05-10,ACCT_00438,PERSON_00074,festival advance,387013,VENDOR_051,legitimate cash-intensive retail/festival activity
TXN_002127,2023-01-11,ACCT_00397,PERSON_00052,shopping,26071,VENDOR_091,shopping
TXN_004323,2024-11-04,ACCT_00451,PERSON_00281,transfer,164368,PERSON_00269,intermediary settlement
TXN_002129,2021-01-27,ACCT_00180,PERSON_00066,school fee,20232,VENDOR_032,school fee
TXN_002130,2022-08-25,ACCT_00195,PERSON_00185,restaurant,4473,VENDOR_079,restaurant
TXN_002131,2025-04-15,ACCT_00056,PERSON_00222,mobile recharge,29296,VENDOR_066,mobile recharge
TXN_002132,2022-09-28,ACCT_00195,PERSON_00185,settlement,360921,PERSON_00343,wholesale goods
TXN_002133,2024-03-08,ACCT_00374,PERSON_00320,transfer,800418,PERSON_00284,service commission
TXN_002134,2021-01-27,ACCT_00066,PERSON_00004,cash deposit,371647,PERSON_00020,service commission
TXN_002135,2022-06-26,ACCT_00451,PERSON_00281,vendor payment,123024,PERSON_00391,registration/document fee
TXN_002136,2025-02-17,ACCT_00317,PERSON_00304,restaurant,19686,VENDOR_045,restaurant
TXN_002137,2023-11-18,ACCT_00290,PERSON_00362,vendor payment,598098,PERSON_00159,premium settlement
TXN_002138,2021-11-03,ACCT_00299,PERSON_00386,grocery,44153,VENDOR_028,grocery
TXN_002139,2023-01-05,ACCT_00249,PERSON_00358,rent,15724,VENDOR_035,rent
TXN_002140,2021-10-15,ACCT_00428,PERSON_00234,medical,16176,VENDOR_099,medical
TXN_002141,2025-03-02,ACCT_00201,PERSON_00224,mobile recharge,32289,VENDOR_066,mobile recharge
TXN_002142,2023-08-10,ACCT_00415,PERSON_00309,shopping,36394,VENDOR_042,shopping
TXN_002143,2021-10-26,ACCT_00169,PERSON_00249,fuel,41710,VENDOR_003,fuel
TXN_002144,2021-09-22,ACCT_00018,PERSON_00156,utility,5240,VENDOR_014,utility
TXN_002145,2026-01-26,ACCT_00358,PERSON_00085,cash withdrawal,619022,PERSON_00281,site material settlement
TXN_002146,2024-06-01,ACCT_00460,PERSON_00336,school fee,44791,VENDOR_044,school fee
TXN_002147,2023-05-19,ACCT_00029,PERSON_00037,transport,44817,VENDOR_093,transport
TXN_002148,2024-03-19,ACCT_00220,PERSON_00259,cash withdrawal,728631,PERSON_00178,premium settlement
TXN_002149,2024-05-31,ACCT_00267,PERSON_00029,salary,1135,VENDOR_085,salary
TXN_002150,2021-07-23,ACCT_00152,PERSON_00219,salary,32379,VENDOR_035,salary
TXN_002151,2024-08-24,ACCT_00455,PERSON_00016,invoice,223400,PERSON_00052,event services
TXN_002152,2024-09-24,ACCT_00260,PERSON_00261,rent,989,VENDOR_004,rent
TXN_002153,2021-06-29,ACCT_00276,PERSON_00154,shopping,22363,VENDOR_004,shopping
TXN_002154,2021-04-22,ACCT_00262,PERSON_00383,settlement,451420,PERSON_00322,registration/document fee
TXN_002155,2023-07-19,ACCT_00037,PERSON_00113,festival advance,294705,VENDOR_024,legitimate cash-intensive retail/festival activity
TXN_002156,2022-12-15,ACCT_00320,PERSON_00327,transfer,851357,PERSON_00445,service commission
TXN_002157,2026-03-11,ACCT_00220,PERSON_00259,rent,1167,VENDOR_037,rent
TXN_002158,2021-04-12,ACCT_00400,PERSON_00296,mobile recharge,15056,VENDOR_063,mobile recharge
TXN_002159,2025-02-15,ACCT_00079,PERSON_00266,salary,20220,VENDOR_004,salary
TXN_002160,2022-04-24,ACCT_00020,PERSON_00143,medical,6596,VENDOR_059,medical
TXN_002161,2021-09-15,ACCT_00421,PERSON_00444,transfer,43626,PERSON_00065,transport settlement
TXN_002162,2021-08-22,ACCT_00330,PERSON_00038,medical,7148,VENDOR_019,medical
TXN_002163,2026-02-06,ACCT_00416,PERSON_00043,cash withdrawal,513064,PERSON_00078,wholesale goods
TXN_002164,2025-01-11,ACCT_00069,PERSON_00165,vendor payment,789145,PERSON_00288,transport settlement
TXN_002165,2023-10-08,ACCT_00173,PERSON_00146,grocery,41578,VENDOR_072,grocery
TXN_002166,2021-10-16,ACCT_00007,PERSON_00247,restaurant,7436,VENDOR_009,restaurant
TXN_002167,2023-04-17,ACCT_00425,PERSON_00328,grocery,5656,VENDOR_015,grocery
TXN_002168,2025-09-23,ACCT_00383,PERSON_00347,festival advance,12292,VENDOR_013,legitimate cash-intensive retail/festival activity
TXN_002169,2024-09-27,ACCT_00009,PERSON_00057,cash withdrawal,38549,VENDOR_003,cash withdrawal
TXN_002170,2024-07-20,ACCT_00343,PERSON_00303,fuel,44713,VENDOR_028,fuel
TXN_002171,2023-06-23,ACCT_00227,PERSON_00023,cash deposit,138867,VENDOR_061,legitimate cash-intensive retail/festival activity
TXN_002172,2022-04-25,ACCT_00097,PERSON_00105,invoice,59856,PERSON_00400,registration/document fee
TXN_002173,2024-05-14,ACCT_00219,PERSON_00316,salary,8791,VENDOR_003,salary
TXN_002174,2025-06-27,ACCT_00380,PERSON_00178,cash withdrawal,565383,PERSON_00362,premium settlement
TXN_002175,2025-05-02,ACCT_00171,PERSON_00370,restaurant,11379,VENDOR_086,restaurant
TXN_002176,2022-10-16,ACCT_00380,PERSON_00178,vendor payment,136843,PERSON_00070,premium settlement
TXN_002177,2022-04-07,ACCT_00104,PERSON_00027,transfer,473043,PERSON_00436,site material settlement
TXN_002178,2022-07-06,ACCT_00053,PERSON_00152,restaurant,24334,VENDOR_093,restaurant
TXN_002179,2021-05-26,ACCT_00010,PERSON_00325,cash withdrawal,87861,PERSON_00173,service commission
TXN_002180,2026-03-23,ACCT_00227,PERSON_00023,gold purchase,85638,VENDOR_019,legitimate cash-intensive retail/festival activity
TXN_002181,2021-08-22,ACCT_00266,PERSON_00402,settlement,302137,PERSON_00181,vehicle advance
TXN_002182,2022-08-24,ACCT_00432,PERSON_00170,shopping,42852,VENDOR_093,shopping
TXN_002183,2025-09-21,ACCT_00280,PERSON_00205,grocery,41569,VENDOR_092,grocery
TXN_002184,2024-04-12,ACCT_00426,PERSON_00322,vendor payment,793612,PERSON_00033,registration/document fee
TXN_002185,2026-03-13,ACCT_00075,PERSON_00271,grocery,11588,VENDOR_060,grocery
TXN_002186,2021-04-30,ACCT_00284,PERSON_00238,grocery,29324,VENDOR_016,grocery
TXN_002187,2025-12-12,ACCT_00438,PERSON_00074,supplier settlement,68468,VENDOR_091,legitimate cash-intensive retail/festival activity
TXN_002188,2022-06-09,ACCT_00150,PERSON_00231,cash deposit,686377,PERSON_00185,wholesale goods
TXN_002189,2025-06-16,ACCT_00397,PERSON_00052,cash deposit,819876,PERSON_00188,event services
TXN_002190,2025-01-22,ACCT_00424,PERSON_00055,mobile recharge,34501,VENDOR_068,mobile recharge
TXN_002191,2021-08-31,ACCT_00142,PERSON_00179,cash deposit,671183,PERSON_00033,registration/document fee
TXN_002192,2023-08-03,ACCT_00422,PERSON_00052,cash withdrawal,335970,PERSON_00177,event services
TXN_002193,2025-11-22,ACCT_00247,PERSON_00047,utility,18828,VENDOR_042,utility
TXN_002194,2022-01-25,ACCT_00175,PERSON_00207,grocery,23676,VENDOR_008,grocery
TXN_002195,2022-12-29,ACCT_00136,PERSON_00042,shopping,5745,VENDOR_028,shopping
TXN_002196,2024-09-16,ACCT_00021,PERSON_00367,restaurant,16535,VENDOR_089,restaurant
TXN_002197,2021-07-22,ACCT_00191,PERSON_00208,grocery,24291,VENDOR_050,grocery
TXN_002198,2022-09-12,ACCT_00319,PERSON_00404,cash withdrawal,33071,VENDOR_084,cash withdrawal
TXN_002199,2022-09-17,ACCT_00142,PERSON_00179,cash deposit,397014,VENDOR_004,legitimate cash-intensive retail/festival activity
TXN_002200,2025-02-13,ACCT_00188,PERSON_00348,grocery,35817,VENDOR_049,grocery
TXN_002201,2021-12-20,ACCT_00460,PERSON_00336,transfer,51751,PERSON_00337,wholesale goods
TXN_002202,2021-05-23,ACCT_00453,PERSON_00009,school fee,13677,VENDOR_042,school fee
TXN_002203,2023-10-14,ACCT_00246,PERSON_00244,shopping,27231,VENDOR_043,shopping
TXN_002204,2023-06-05,ACCT_00107,PERSON_00341,shopping,11092,VENDOR_071,shopping
TXN_002205,2025-07-04,ACCT_00231,PERSON_00246,grocery,35521,VENDOR_090,grocery
TXN_002206,2021-11-02,ACCT_00222,PERSON_00226,utility,31979,VENDOR_083,utility
TXN_002207,2024-04-21,ACCT_00260,PERSON_00261,grocery,21536,VENDOR_034,grocery
TXN_002208,2021-05-27,ACCT_00270,PERSON_00306,transfer,25636,PERSON_00231,wholesale goods
TXN_002209,2021-01-20,ACCT_00127,PERSON_00198,grocery,30363,VENDOR_083,grocery
TXN_002210,2024-11-24,ACCT_00062,PERSON_00388,cash deposit,743729,PERSON_00152,service commission
TXN_002211,2023-09-30,ACCT_00295,PERSON_00269,school fee,44596,VENDOR_035,school fee
TXN_002212,2026-03-18,ACCT_00383,PERSON_00347,gold purchase,147604,VENDOR_019,legitimate cash-intensive retail/festival activity
TXN_002213,2022-05-06,ACCT_00254,PERSON_00154,utility,7623,VENDOR_062,utility
TXN_002214,2025-04-28,ACCT_00048,PERSON_00067,shopping,31385,VENDOR_064,shopping
TXN_002215,2026-04-28,ACCT_00227,PERSON_00023,festival advance,82236,VENDOR_052,legitimate cash-intensive retail/festival activity
TXN_002216,2025-09-02,ACCT_00345,PERSON_00064,shopping,17206,VENDOR_094,shopping
TXN_002217,2026-01-15,ACCT_00227,PERSON_00023,wholesale jewellery,297936,VENDOR_053,legitimate cash-intensive retail/festival activity
TXN_002218,2021-06-13,ACCT_00396,PERSON_00115,cash withdrawal,2639,VENDOR_006,cash withdrawal
TXN_002219,2022-02-09,ACCT_00345,PERSON_00064,settlement,870558,PERSON_00125,event services
TXN_002220,2026-06-26,ACCT_00225,PERSON_00163,settlement,265605,PERSON_00243,service commission
TXN_002221,2022-04-04,ACCT_00167,PERSON_00088,festival advance,270600,VENDOR_081,legitimate cash-intensive retail/festival activity
TXN_002222,2021-03-07,ACCT_00071,PERSON_00073,grocery,35557,VENDOR_014,grocery
TXN_002223,2025-03-15,ACCT_00421,PERSON_00444,salary,37735,VENDOR_073,salary
TXN_002224,2024-05-09,ACCT_00053,PERSON_00152,salary,27438,VENDOR_084,salary
TXN_002225,2026-02-11,ACCT_00132,PERSON_00100,supplier settlement,53439,Festival Jewel Mart,legitimate cash-intensive retail/festival activity
TXN_002226,2025-03-30,ACCT_00323,PERSON_00302,mobile recharge,33443,VENDOR_068,mobile recharge
TXN_002227,2022-05-30,ACCT_00338,PERSON_00118,shopping,42999,VENDOR_009,shopping
TXN_002228,2021-11-20,ACCT_00102,PERSON_00173,salary,35215,VENDOR_096,salary
TXN_002229,2025-03-07,ACCT_00225,PERSON_00163,shopping,15438,VENDOR_020,shopping
TXN_002230,2022-05-17,ACCT_00448,PERSON_00032,transfer,51158,PERSON_00415,consultancy settlement
TXN_002231,2025-11-12,ACCT_00377,PERSON_00417,cash deposit,132088,VENDOR_036,legitimate cash-intensive retail/festival activity
TXN_002232,2023-03-05,ACCT_00419,PERSON_00380,medical,24880,VENDOR_046,medical
TXN_002233,2023-08-03,ACCT_00343,PERSON_00303,grocery,5126,VENDOR_016,grocery
TXN_002234,2021-04-06,ACCT_00150,PERSON_00231,grocery,4692,VENDOR_064,grocery
TXN_002235,2024-04-19,ACCT_00215,PERSON_00078,invoice,285042,PERSON_00336,wholesale goods
TXN_002236,2022-06-18,ACCT_00259,PERSON_00166,salary,31339,VENDOR_010,salary
TXN_002237,2024-04-13,ACCT_00449,PERSON_00159,fuel,10553,VENDOR_068,fuel
TXN_002238,2022-08-21,ACCT_00057,PERSON_00311,settlement,431393,PERSON_00407,premium settlement
TXN_002239,2022-10-30,ACCT_00177,PERSON_00209,transport,38533,VENDOR_042,transport
TXN_002240,2025-09-29,ACCT_00428,PERSON_00234,transport,32651,VENDOR_088,transport
TXN_002241,2024-01-09,ACCT_00225,PERSON_00163,fuel,43095,VENDOR_028,fuel
TXN_002242,2021-02-16,ACCT_00001,PERSON_00033,grocery,20662,VENDOR_063,grocery
TXN_002243,2024-07-22,ACCT_00237,PERSON_00285,transfer,13104,PERSON_00012,site material settlement
TXN_002244,2021-11-25,ACCT_00049,PERSON_00260,shopping,374,VENDOR_046,shopping
TXN_002245,2025-02-28,ACCT_00374,PERSON_00320,cash deposit,703184,PERSON_00325,service commission
TXN_002246,2021-07-30,ACCT_00084,PERSON_00133,shopping,23355,VENDOR_094,shopping
TXN_002247,2025-12-19,ACCT_00193,PERSON_00135,mobile recharge,21561,VENDOR_044,mobile recharge
TXN_002248,2024-10-30,ACCT_00155,PERSON_00268,rent,21695,VENDOR_084,rent
TXN_002249,2024-02-15,ACCT_00178,PERSON_00413,shopping,14541,VENDOR_033,shopping
TXN_002250,2023-11-30,ACCT_00377,PERSON_00417,festival advance,339859,VENDOR_069,legitimate cash-intensive retail/festival activity
TXN_002251,2026-04-24,ACCT_00097,PERSON_00105,transport,28288,VENDOR_099,transport
TXN_002252,2025-10-23,ACCT_00368,PERSON_00019,cash withdrawal,13982,VENDOR_046,cash withdrawal
TXN_002253,2023-12-26,ACCT_00387,PERSON_00361,shopping,23844,VENDOR_003,shopping
TXN_002254,2021-03-05,ACCT_00319,PERSON_00404,shopping,1015,VENDOR_077,shopping
TXN_002255,2025-10-28,ACCT_00388,PERSON_00149,salary,2630,VENDOR_081,salary
TXN_002256,2025-01-27,ACCT_00407,PERSON_00011,utility,15962,VENDOR_062,utility
TXN_002257,2021-03-19,ACCT_00146,PERSON_00287,restaurant,38277,VENDOR_062,restaurant
TXN_002258,2025-11-11,ACCT_00375,PERSON_00403,utility,14867,VENDOR_019,utility
TXN_002259,2023-05-02,ACCT_00407,PERSON_00011,cash deposit,366191,VENDOR_016,legitimate cash-intensive retail/festival activity
TXN_002260,2023-12-30,ACCT_00311,PERSON_00006,grocery,10684,VENDOR_092,grocery
TXN_002261,2022-01-28,ACCT_00142,PERSON_00179,vendor payment,129015,PERSON_00269,registration/document fee
TXN_002262,2026-01-29,ACCT_00320,PERSON_00327,medical,36749,VENDOR_057,medical
TXN_002263,2026-05-02,ACCT_00392,PERSON_00226,grocery,42980,VENDOR_061,grocery
TXN_002264,2026-04-14,ACCT_00001,PERSON_00033,wholesale jewellery,240895,VENDOR_033,legitimate cash-intensive retail/festival activity
TXN_002265,2024-04-28,ACCT_00025,PERSON_00315,grocery,22996,VENDOR_015,grocery
TXN_002266,2022-01-13,ACCT_00394,PERSON_00187,medical,4848,VENDOR_011,medical
TXN_002267,2023-08-19,ACCT_00463,PERSON_00125,cash withdrawal,731483,PERSON_00188,event services
TXN_002268,2025-07-30,ACCT_00451,PERSON_00281,rent,28084,VENDOR_041,rent
TXN_002269,2025-05-04,ACCT_00233,PERSON_00344,medical,17662,VENDOR_073,medical
TXN_002270,2024-10-16,ACCT_00473,PERSON_00121,shopping,39726,VENDOR_030,shopping
TXN_002271,2024-07-15,ACCT_00360,PERSON_00192,vendor payment,498001,PERSON_00076,wholesale goods
TXN_002272,2023-06-05,ACCT_00400,PERSON_00296,cash withdrawal,30236,VENDOR_004,cash withdrawal
TXN_002273,2023-11-29,ACCT_00350,PERSON_00059,festival advance,265769,VENDOR_048,legitimate cash-intensive retail/festival activity
TXN_002274,2022-11-04,ACCT_00282,PERSON_00436,salary,2950,VENDOR_030,salary
TXN_002275,2022-11-21,ACCT_00006,PERSON_00424,transport,43544,VENDOR_012,transport
TXN_002276,2024-12-28,ACCT_00077,PERSON_00308,grocery,812,VENDOR_096,grocery
TXN_002277,2022-07-03,ACCT_00163,PERSON_00255,cash withdrawal,20532,VENDOR_034,cash withdrawal
TXN_002278,2023-11-15,ACCT_00228,PERSON_00098,grocery,26390,VENDOR_073,grocery
TXN_002279,2023-01-13,ACCT_00275,PERSON_00304,grocery,6810,VENDOR_035,grocery
TXN_002280,2026-05-31,ACCT_00438,PERSON_00074,gold purchase,237952,VENDOR_010,legitimate cash-intensive retail/festival activity
TXN_002281,2025-08-06,ACCT_00448,PERSON_00032,cash withdrawal,2235,VENDOR_002,cash withdrawal
TXN_002282,2023-03-03,ACCT_00131,PERSON_00331,shopping,33888,VENDOR_093,shopping
TXN_002283,2023-02-23,ACCT_00468,PERSON_00398,invoice,89080,PERSON_00331,transport settlement
TXN_002284,2024-08-29,ACCT_00245,PERSON_00151,vendor payment,557032,PERSON_00415,consultancy settlement
TXN_002285,2021-05-14,ACCT_00005,PERSON_00018,medical,20896,VENDOR_043,medical
TXN_002286,2025-01-30,ACCT_00438,PERSON_00074,supplier settlement,240763,VENDOR_039,legitimate cash-intensive retail/festival activity
TXN_002287,2026-03-25,ACCT_00197,PERSON_00169,transfer,572639,PERSON_00126,transport settlement
TXN_002288,2024-11-20,ACCT_00447,PERSON_00379,fuel,41493,VENDOR_011,fuel
TXN_002289,2024-01-03,ACCT_00039,PERSON_00078,vendor payment,352219,PERSON_00192,wholesale goods
TXN_002290,2021-10-06,ACCT_00274,PERSON_00188,invoice,10136,PERSON_00055,event services
TXN_002291,2021-07-02,ACCT_00371,PERSON_00004,settlement,864862,PERSON_00388,service commission
TXN_002292,2025-03-21,ACCT_00076,PERSON_00441,fuel,33045,VENDOR_016,fuel
TXN_002293,2021-02-06,ACCT_00185,PERSON_00412,rent,35158,VENDOR_051,rent
TXN_002294,2024-10-23,ACCT_00037,PERSON_00113,cash deposit,72999,VENDOR_041,legitimate cash-intensive retail/festival activity
TXN_002295,2023-08-02,ACCT_00331,PERSON_00140,cash withdrawal,17768,VENDOR_047,cash withdrawal
TXN_002296,2023-07-23,ACCT_00126,PERSON_00062,cash withdrawal,19297,VENDOR_050,cash withdrawal
TXN_002297,2026-04-29,ACCT_00439,PERSON_00385,cash deposit,7973,PERSON_00362,premium settlement
TXN_002298,2023-03-24,ACCT_00406,PERSON_00250,cash withdrawal,25208,VENDOR_082,cash withdrawal
TXN_002299,2021-08-19,ACCT_00378,PERSON_00397,utility,26728,VENDOR_091,utility
TXN_002300,2023-09-10,ACCT_00037,PERSON_00113,supplier settlement,278491,VENDOR_025,legitimate cash-intensive retail/festival activity
TXN_002301,2024-06-19,ACCT_00191,PERSON_00208,fuel,24275,VENDOR_054,fuel
TXN_002302,2025-03-06,ACCT_00350,PERSON_00059,gold purchase,225821,VENDOR_004,legitimate cash-intensive retail/festival activity
TXN_002303,2024-04-20,ACCT_00327,PERSON_00285,salary,41724,VENDOR_035,salary
TXN_002304,2022-02-26,ACCT_00356,PERSON_00338,shopping,221,VENDOR_085,shopping
TXN_002305,2024-03-09,ACCT_00409,PERSON_00193,grocery,18608,VENDOR_027,grocery
TXN_002306,2024-09-08,ACCT_00423,PERSON_00439,shopping,15812,VENDOR_010,shopping
TXN_002307,2025-01-27,ACCT_00155,PERSON_00268,grocery,12122,VENDOR_019,grocery
TXN_002308,2023-07-18,ACCT_00198,PERSON_00359,transfer,845517,PERSON_00186,consultancy settlement
TXN_002309,2023-06-14,ACCT_00388,PERSON_00149,utility,28108,VENDOR_003,utility
TXN_002310,2025-05-22,ACCT_00202,PERSON_00149,cash withdrawal,27057,VENDOR_061,cash withdrawal
TXN_002311,2023-11-24,ACCT_00372,PERSON_00028,vendor payment,151208,PERSON_00231,wholesale goods
TXN_002312,2026-05-27,ACCT_00360,PERSON_00192,invoice,294244,PERSON_00231,wholesale goods
TXN_002313,2026-01-04,ACCT_00451,PERSON_00281,cash deposit,352507,PERSON_00376,site material settlement
TXN_002314,2025-08-09,ACCT_00421,PERSON_00444,shopping,4816,VENDOR_059,shopping
TXN_002315,2026-02-07,ACCT_00083,PERSON_00220,settlement,723102,PERSON_00011,premium settlement
TXN_002316,2023-07-11,ACCT_00478,PERSON_00218,shopping,14661,VENDOR_016,shopping
TXN_002317,2024-05-24,ACCT_00270,PERSON_00306,shopping,19444,VENDOR_010,shopping
TXN_002318,2025-09-25,ACCT_00052,PERSON_00438,grocery,5326,VENDOR_035,grocery
TXN_002319,2024-04-13,ACCT_00405,PERSON_00329,vendor payment,524409,PERSON_00444,freight settlement
TXN_002320,2024-07-10,ACCT_00421,PERSON_00444,cash withdrawal,121325,PERSON_00309,freight settlement
TXN_002321,2025-12-14,ACCT_00171,PERSON_00370,utility,38902,VENDOR_008,utility
TXN_002322,2025-10-25,ACCT_00200,PERSON_00423,grocery,16674,VENDOR_088,grocery
TXN_002323,2024-03-26,ACCT_00168,PERSON_00415,rent,18370,VENDOR_044,rent
TXN_002324,2023-11-06,ACCT_00142,PERSON_00179,festival advance,433171,VENDOR_058,legitimate cash-intensive retail/festival activity
TXN_002325,2023-04-07,ACCT_00001,PERSON_00033,wholesale jewellery,319156,VENDOR_046,legitimate cash-intensive retail/festival activity
TXN_002326,2021-07-21,ACCT_00407,PERSON_00011,cash deposit,322375,PERSON_00362,premium settlement
TXN_002327,2021-12-30,ACCT_00135,PERSON_00102,cash withdrawal,737452,PERSON_00374,event services
TXN_002328,2025-07-19,ACCT_00209,PERSON_00227,grocery,35330,VENDOR_057,grocery
TXN_002329,2023-11-08,ACCT_00438,PERSON_00074,cash deposit,445863,VENDOR_083,legitimate cash-intensive retail/festival activity
TXN_002330,2025-01-25,ACCT_00049,PERSON_00260,salary,41820,VENDOR_015,salary
TXN_002331,2022-08-02,ACCT_00025,PERSON_00315,salary,8462,VENDOR_091,salary
TXN_002332,2021-09-04,ACCT_00364,PERSON_00103,rent,27670,VENDOR_020,rent
TXN_002333,2022-10-08,ACCT_00050,PERSON_00008,medical,42416,VENDOR_066,medical
TXN_002334,2024-07-09,ACCT_00361,PERSON_00035,utility,35674,VENDOR_038,utility
TXN_002335,2024-06-24,ACCT_00132,PERSON_00100,transport,44061,VENDOR_037,transport
TXN_002336,2023-12-11,ACCT_00307,PERSON_00305,fuel,14591,VENDOR_072,fuel
TXN_002337,2021-07-09,ACCT_00119,PERSON_00318,cash withdrawal,42244,VENDOR_019,cash withdrawal
TXN_002338,2025-06-30,ACCT_00364,PERSON_00103,grocery,32119,VENDOR_009,grocery
TXN_002339,2025-07-21,ACCT_00056,PERSON_00222,transport,14571,VENDOR_087,transport
TXN_002340,2023-09-15,ACCT_00097,PERSON_00105,cash withdrawal,10560,VENDOR_026,cash withdrawal
TXN_002341,2023-12-29,ACCT_00202,PERSON_00149,restaurant,37275,VENDOR_028,restaurant
TXN_002342,2025-06-13,ACCT_00021,PERSON_00367,grocery,18286,VENDOR_026,grocery
TXN_002343,2026-06-12,ACCT_00306,PERSON_00330,salary,32224,VENDOR_068,salary
TXN_002344,2025-07-12,ACCT_00103,PERSON_00323,grocery,2390,VENDOR_083,grocery
TXN_002345,2024-03-31,ACCT_00331,PERSON_00140,grocery,40803,VENDOR_008,grocery
TXN_002346,2022-12-21,ACCT_00085,PERSON_00370,shopping,12251,VENDOR_061,shopping
TXN_002347,2025-09-03,ACCT_00341,PERSON_00310,school fee,5836,VENDOR_061,school fee
TXN_002348,2023-06-19,ACCT_00357,PERSON_00126,transfer,806042,PERSON_00176,vehicle advance
TXN_002349,2023-06-05,ACCT_00033,PERSON_00029,restaurant,18356,VENDOR_004,restaurant
TXN_002350,2021-06-11,ACCT_00122,PERSON_00148,transport,13735,VENDOR_034,transport
TXN_002351,2021-05-13,ACCT_00032,PERSON_00065,vendor payment,644646,PERSON_00165,transport settlement
TXN_002352,2022-03-02,ACCT_00093,PERSON_00204,transfer,157357,PERSON_00009,consultancy settlement
TXN_002353,2024-06-22,ACCT_00162,PERSON_00376,salary,9351,VENDOR_005,salary
TXN_002354,2023-08-05,ACCT_00145,PERSON_00005,medical,13710,VENDOR_062,medical
TXN_002355,2024-07-05,ACCT_00001,PERSON_00033,festival advance,43558,VENDOR_074,legitimate cash-intensive retail/festival activity
TXN_002356,2021-08-07,ACCT_00253,PERSON_00072,transfer,323128,PERSON_00181,vehicle advance
TXN_002357,2024-02-28,ACCT_00012,PERSON_00449,restaurant,40185,VENDOR_074,restaurant
TXN_002358,2023-11-29,ACCT_00216,PERSON_00230,shopping,5166,VENDOR_037,shopping
TXN_002359,2025-04-03,ACCT_00156,PERSON_00335,salary,28366,VENDOR_072,salary
TXN_002360,2024-03-23,ACCT_00168,PERSON_00415,vendor payment,401064,PERSON_00072,consultancy settlement
TXN_002361,2025-01-21,ACCT_00348,PERSON_00055,cash withdrawal,30097,VENDOR_009,cash withdrawal
TXN_002362,2021-02-27,ACCT_00142,PERSON_00179,festival advance,289834,VENDOR_069,legitimate cash-intensive retail/festival activity
TXN_002363,2026-06-02,ACCT_00230,PERSON_00191,vendor payment,11210,PERSON_00281,site material settlement
TXN_002364,2026-04-11,ACCT_00357,PERSON_00126,settlement,515424,PERSON_00398,transport settlement
TXN_002365,2024-08-29,ACCT_00305,PERSON_00020,shopping,3001,VENDOR_014,shopping
TXN_002366,2021-11-08,ACCT_00070,PERSON_00216,salary,42547,VENDOR_079,salary
TXN_002367,2023-05-08,ACCT_00119,PERSON_00318,invoice,562301,PERSON_00255,freight settlement
TXN_002368,2023-08-14,ACCT_00190,PERSON_00271,shopping,20918,VENDOR_076,shopping
TXN_002369,2021-06-15,ACCT_00065,PERSON_00014,settlement,684122,PERSON_00050,freight settlement
TXN_002370,2022-06-10,ACCT_00016,PERSON_00220,cash deposit,797035,PERSON_00312,premium settlement
TXN_002371,2024-06-01,ACCT_00450,PERSON_00445,invoice,861989,PERSON_00101,service commission
TXN_002372,2025-12-28,ACCT_00383,PERSON_00347,festival advance,372319,Astra Gold House,legitimate cash-intensive retail/festival activity
TXN_002373,2025-04-21,ACCT_00238,PERSON_00321,rent,16563,VENDOR_076,rent
TXN_002374,2022-01-01,ACCT_00022,PERSON_00372,restaurant,9578,VENDOR_013,restaurant
TXN_002375,2024-10-03,ACCT_00294,PERSON_00177,mobile recharge,7204,VENDOR_068,mobile recharge
TXN_002376,2025-12-12,ACCT_00305,PERSON_00020,fuel,39399,VENDOR_004,fuel
TXN_002377,2021-05-17,ACCT_00322,PERSON_00429,shopping,37213,VENDOR_014,shopping
TXN_002378,2025-04-30,ACCT_00267,PERSON_00029,utility,40246,VENDOR_023,utility
TXN_002379,2023-05-12,ACCT_00205,PERSON_00349,grocery,8451,VENDOR_052,grocery
TXN_002380,2021-09-14,ACCT_00191,PERSON_00208,cash withdrawal,28535,VENDOR_070,cash withdrawal
TXN_002381,2025-05-26,ACCT_00223,PERSON_00298,cash withdrawal,24114,VENDOR_020,cash withdrawal
TXN_002382,2025-10-20,ACCT_00462,PERSON_00186,grocery,22508,VENDOR_026,grocery
TXN_002383,2024-12-07,ACCT_00383,PERSON_00347,supplier settlement,275096,VENDOR_029,legitimate cash-intensive retail/festival activity
TXN_002384,2022-01-05,ACCT_00022,PERSON_00372,transport,25475,VENDOR_093,transport
TXN_002385,2024-07-09,ACCT_00083,PERSON_00220,vendor payment,798657,PERSON_00311,premium settlement
TXN_002386,2022-02-28,ACCT_00216,PERSON_00230,salary,29472,VENDOR_058,salary
TXN_002387,2025-08-17,ACCT_00467,PERSON_00357,restaurant,8988,VENDOR_008,restaurant
TXN_002388,2023-11-06,ACCT_00315,PERSON_00202,transport,20866,VENDOR_009,transport
TXN_002389,2021-07-16,ACCT_00358,PERSON_00085,transfer,699621,PERSON_00363,site material settlement
TXN_002390,2021-02-21,ACCT_00299,PERSON_00386,mobile recharge,1891,VENDOR_036,mobile recharge
TXN_002391,2024-12-15,ACCT_00450,PERSON_00445,medical,41285,VENDOR_077,medical
TXN_002392,2021-07-02,ACCT_00384,PERSON_00299,grocery,8754,VENDOR_096,grocery
TXN_002393,2022-09-22,ACCT_00334,PERSON_00419,grocery,5189,VENDOR_010,grocery
TXN_002394,2024-05-13,ACCT_00352,PERSON_00110,grocery,32161,VENDOR_064,grocery
TXN_002395,2023-11-28,ACCT_00412,PERSON_00089,fuel,4133,VENDOR_023,fuel
TXN_002396,2023-12-17,ACCT_00067,PERSON_00150,cash deposit,588823,PERSON_00390,event services
TXN_002397,2023-10-01,ACCT_00292,PERSON_00007,salary,12509,VENDOR_097,salary
TXN_002398,2023-10-16,ACCT_00398,PERSON_00274,rent,10896,VENDOR_038,rent
TXN_002399,2022-08-22,ACCT_00264,PERSON_00015,cash withdrawal,26431,VENDOR_030,cash withdrawal
TXN_002400,2021-03-01,ACCT_00049,PERSON_00260,fuel,3273,VENDOR_041,fuel
TXN_002401,2023-06-01,ACCT_00372,PERSON_00028,settlement,866217,PERSON_00035,consultancy settlement
TXN_002402,2023-02-12,ACCT_00462,PERSON_00186,cash withdrawal,26355,VENDOR_062,cash withdrawal
TXN_002403,2022-08-23,ACCT_00095,PERSON_00012,cash deposit,27506,PERSON_00433,site material settlement
TXN_002404,2026-05-14,ACCT_00345,PERSON_00064,cash deposit,755136,PERSON_00188,event services
TXN_002405,2025-04-05,ACCT_00111,PERSON_00144,shopping,13390,VENDOR_018,shopping
TXN_002406,2021-04-01,ACCT_00480,PERSON_00040,fuel,34090,VENDOR_066,fuel
TXN_002407,2022-03-18,ACCT_00227,PERSON_00023,grocery,12646,VENDOR_018,grocery
TXN_002408,2023-01-30,ACCT_00142,PERSON_00179,festival advance,73869,VENDOR_010,legitimate cash-intensive retail/festival activity
TXN_002409,2026-04-07,ACCT_00004,PERSON_00425,cash withdrawal,331800,PERSON_00091,transport settlement
TXN_002410,2022-05-10,ACCT_00017,PERSON_00088,supplier settlement,302775,VENDOR_048,legitimate cash-intensive retail/festival activity
TXN_002411,2023-03-29,ACCT_00131,PERSON_00331,cash withdrawal,8101,VENDOR_068,cash withdrawal
TXN_002412,2024-05-21,ACCT_00233,PERSON_00344,fuel,19329,VENDOR_010,fuel
TXN_002413,2021-06-30,ACCT_00355,PERSON_00263,cash deposit,44974,PERSON_00220,premium settlement
TXN_002414,2021-05-24,ACCT_00195,PERSON_00185,invoice,715177,PERSON_00336,wholesale goods
TXN_002415,2026-05-24,ACCT_00473,PERSON_00121,rent,16179,VENDOR_082,rent
TXN_002416,2021-03-24,ACCT_00229,PERSON_00094,transfer,372221,PERSON_00227,site material settlement
TXN_002417,2022-12-08,ACCT_00093,PERSON_00204,medical,43581,VENDOR_044,medical
TXN_002418,2023-09-25,ACCT_00071,PERSON_00073,settlement,367820,PERSON_00105,registration/document fee
TXN_002419,2024-04-22,ACCT_00408,PERSON_00407,invoice,219692,PERSON_00312,premium settlement
TXN_002420,2023-06-02,ACCT_00216,PERSON_00230,rent,17962,VENDOR_080,rent
TXN_002421,2021-03-12,ACCT_00163,PERSON_00255,settlement,827103,PERSON_00060,freight settlement
TXN_002422,2023-08-06,ACCT_00287,PERSON_00071,shopping,21959,VENDOR_086,shopping
TXN_002423,2025-01-29,ACCT_00319,PERSON_00404,school fee,33051,VENDOR_072,school fee
TXN_002424,2022-08-22,ACCT_00001,PERSON_00033,supplier settlement,391849,VENDOR_044,legitimate cash-intensive retail/festival activity
TXN_002425,2023-10-21,ACCT_00168,PERSON_00415,shopping,6425,VENDOR_028,shopping
TXN_002426,2022-12-16,ACCT_00419,PERSON_00380,rent,33241,VENDOR_077,rent
TXN_002427,2022-01-03,ACCT_00450,PERSON_00445,school fee,43003,VENDOR_028,school fee
TXN_002428,2025-03-28,ACCT_00131,PERSON_00331,rent,20519,VENDOR_041,rent
TXN_002429,2022-11-10,ACCT_00405,PERSON_00329,invoice,51136,PERSON_00212,freight settlement
TXN_002430,2026-02-19,ACCT_00132,PERSON_00100,gold purchase,72667,VENDOR_004,legitimate cash-intensive retail/festival activity
TXN_006649,2024-04-18,ACCT_00253,PERSON_00072,transfer,97683,PERSON_00378,intermediary settlement
TXN_002432,2024-09-10,ACCT_00167,PERSON_00088,grocery,44727,VENDOR_013,grocery
TXN_002433,2022-03-03,ACCT_00310,PERSON_00162,transport,5348,VENDOR_010,transport
TXN_002434,2025-02-19,ACCT_00455,PERSON_00016,cash deposit,628742,PERSON_00064,event services
TXN_002435,2021-03-15,ACCT_00139,PERSON_00330,medical,10328,VENDOR_099,medical
TXN_002436,2021-01-18,ACCT_00295,PERSON_00269,mobile recharge,32031,VENDOR_060,mobile recharge
TXN_002437,2024-08-07,ACCT_00185,PERSON_00412,fuel,44668,VENDOR_033,fuel
TXN_002438,2024-01-28,ACCT_00453,PERSON_00009,grocery,23392,VENDOR_027,grocery
TXN_002439,2023-11-03,ACCT_00202,PERSON_00149,shopping,14281,VENDOR_048,shopping
TXN_002440,2021-04-10,ACCT_00157,PERSON_00317,mobile recharge,31951,VENDOR_053,mobile recharge
TXN_002441,2024-02-24,ACCT_00241,PERSON_00430,cash withdrawal,873199,PERSON_00445,service commission
TXN_002442,2022-04-25,ACCT_00377,PERSON_00417,grocery,29683,VENDOR_021,grocery
TXN_002443,2026-06-02,ACCT_00246,PERSON_00244,gold purchase,153404,VENDOR_037,legitimate cash-intensive retail/festival activity
TXN_002444,2021-10-04,ACCT_00246,PERSON_00244,festival advance,395377,VENDOR_038,legitimate cash-intensive retail/festival activity
TXN_002445,2021-07-28,ACCT_00382,PERSON_00096,school fee,15038,VENDOR_031,school fee
TXN_002446,2025-01-12,ACCT_00035,PERSON_00228,salary,32909,VENDOR_076,salary
TXN_002447,2025-05-15,ACCT_00039,PERSON_00078,transport,1578,VENDOR_048,transport
TXN_002448,2024-05-12,ACCT_00001,PERSON_00033,gold purchase,401420,VENDOR_073,legitimate cash-intensive retail/festival activity
TXN_002449,2025-04-13,ACCT_00285,PERSON_00203,rent,1104,VENDOR_072,rent
TXN_002450,2026-02-04,ACCT_00421,PERSON_00444,shopping,34710,VENDOR_002,shopping
TXN_002451,2024-04-06,ACCT_00031,PERSON_00223,cash deposit,806395,PERSON_00376,site material settlement
TXN_002452,2022-11-13,ACCT_00431,PERSON_00346,cash deposit,445690,PERSON_00105,registration/document fee
TXN_002453,2022-04-02,ACCT_00274,PERSON_00188,shopping,44053,VENDOR_004,shopping
TXN_002454,2023-06-04,ACCT_00035,PERSON_00228,grocery,21904,VENDOR_074,grocery
TXN_002455,2026-04-25,ACCT_00263,PERSON_00034,medical,32526,VENDOR_082,medical
TXN_002456,2023-09-19,ACCT_00147,PERSON_00214,medical,23652,VENDOR_057,medical
TXN_002457,2023-05-23,ACCT_00142,PERSON_00179,supplier settlement,426504,VENDOR_088,legitimate cash-intensive retail/festival activity
TXN_002458,2024-06-20,ACCT_00023,PERSON_00437,transport,3461,VENDOR_041,transport
TXN_002459,2022-05-19,ACCT_00272,PERSON_00128,cash withdrawal,1838,VENDOR_095,cash withdrawal
TXN_002460,2021-11-07,ACCT_00397,PERSON_00052,cash withdrawal,227139,PERSON_00064,event services
TXN_002461,2024-01-26,ACCT_00008,PERSON_00069,cash deposit,351149,PERSON_00229,service commission
TXN_002462,2025-11-06,ACCT_00204,PERSON_00070,settlement,440102,PERSON_00362,premium settlement
TXN_002463,2021-07-31,ACCT_00251,PERSON_00383,settlement,692328,PERSON_00429,event services
TXN_002464,2026-01-23,ACCT_00039,PERSON_00078,cash deposit,526111,PERSON_00336,wholesale goods
TXN_002465,2026-01-12,ACCT_00385,PERSON_00257,shopping,18791,VENDOR_061,shopping
TXN_002466,2022-04-19,ACCT_00331,PERSON_00140,mobile recharge,18450,VENDOR_026,mobile recharge
TXN_002467,2025-02-02,ACCT_00060,PERSON_00435,medical,14597,VENDOR_031,medical
TXN_002468,2026-04-08,ACCT_00227,PERSON_00023,supplier settlement,438393,VENDOR_059,legitimate cash-intensive retail/festival activity
TXN_002469,2023-10-30,ACCT_00147,PERSON_00214,settlement,523423,PERSON_00012,site material settlement
TXN_002470,2022-08-12,ACCT_00142,PERSON_00179,vendor payment,622594,PERSON_00033,registration/document fee
TXN_002471,2024-09-02,ACCT_00112,PERSON_00351,transfer,546074,PERSON_00028,wholesale goods
TXN_002472,2023-01-02,ACCT_00203,PERSON_00365,shopping,41451,VENDOR_099,shopping
TXN_002473,2023-03-04,ACCT_00202,PERSON_00149,fuel,21482,VENDOR_088,fuel
TXN_002474,2026-01-26,ACCT_00355,PERSON_00263,transfer,408004,PERSON_00178,premium settlement
TXN_002475,2025-01-16,ACCT_00248,PERSON_00025,utility,36575,VENDOR_065,utility
TXN_002476,2023-04-19,ACCT_00408,PERSON_00407,cash withdrawal,338008,PERSON_00220,premium settlement
TXN_002477,2025-08-25,ACCT_00117,PERSON_00155,rent,27939,VENDOR_090,rent
TXN_002478,2025-12-25,ACCT_00090,PERSON_00084,cash withdrawal,37351,VENDOR_036,cash withdrawal
TXN_002479,2025-01-01,ACCT_00156,PERSON_00335,shopping,11775,VENDOR_006,shopping
TXN_002480,2025-11-11,ACCT_00468,PERSON_00398,cash deposit,63788,PERSON_00165,transport settlement
TXN_002481,2023-02-06,ACCT_00402,PERSON_00345,cash withdrawal,883193,PERSON_00382,vehicle advance
TXN_002482,2024-09-22,ACCT_00013,PERSON_00090,settlement,408201,PERSON_00265,consultancy settlement
TXN_002483,2021-01-08,ACCT_00246,PERSON_00244,wholesale jewellery,325405,VENDOR_067,legitimate cash-intensive retail/festival activity
TXN_002484,2022-10-01,ACCT_00162,PERSON_00376,cash deposit,893551,PERSON_00448,event services
TXN_002485,2025-08-03,ACCT_00309,PERSON_00127,salary,20219,VENDOR_021,salary
TXN_002486,2022-12-22,ACCT_00097,PERSON_00105,vendor payment,698450,PERSON_00281,registration/document fee
TXN_008384,2025-04-26,ACCT_00451,PERSON_00281,transfer,143071,PERSON_00237,intermediary settlement
TXN_002488,2024-01-05,ACCT_00110,PERSON_00292,fuel,35542,VENDOR_056,fuel
TXN_002489,2024-02-26,ACCT_00241,PERSON_00430,utility,13042,VENDOR_076,utility
TXN_002490,2024-02-07,ACCT_00407,PERSON_00011,supplier settlement,331851,VENDOR_044,legitimate cash-intensive retail/festival activity
TXN_002491,2021-04-05,ACCT_00125,PERSON_00026,transport,993,VENDOR_082,transport
TXN_002492,2021-06-26,ACCT_00256,PERSON_00309,invoice,71504,PERSON_00344,freight settlement
TXN_002493,2024-09-16,ACCT_00407,PERSON_00011,gold purchase,353728,VENDOR_047,legitimate cash-intensive retail/festival activity
TXN_002494,2025-06-03,ACCT_00284,PERSON_00238,cash withdrawal,36087,VENDOR_056,cash withdrawal
TXN_002495,2026-03-03,ACCT_00041,PERSON_00354,grocery,38964,VENDOR_058,grocery
TXN_002496,2023-06-07,ACCT_00110,PERSON_00292,restaurant,37168,VENDOR_051,restaurant
TXN_002497,2025-06-20,ACCT_00038,PERSON_00254,medical,637,VENDOR_007,medical
TXN_002498,2025-08-24,ACCT_00215,PERSON_00078,rent,36326,VENDOR_086,rent
TXN_002499,2022-04-27,ACCT_00228,PERSON_00098,grocery,23362,VENDOR_061,grocery
TXN_002500,2023-08-01,ACCT_00337,PERSON_00279,salary,37635,VENDOR_095,salary
TXN_002501,2022-12-13,ACCT_00465,PERSON_00282,settlement,664671,PERSON_00175,vehicle advance
TXN_002502,2024-08-21,ACCT_00209,PERSON_00227,cash withdrawal,231920,PERSON_00145,site material settlement
TXN_002503,2024-12-24,ACCT_00257,PERSON_00136,restaurant,42953,VENDOR_062,restaurant
TXN_002504,2022-11-19,ACCT_00380,PERSON_00178,cash deposit,646779,PERSON_00011,premium settlement
TXN_002505,2021-07-24,ACCT_00442,PERSON_00079,rent,32250,VENDOR_010,rent
TXN_002506,2024-01-25,ACCT_00111,PERSON_00144,grocery,25663,VENDOR_037,grocery
TXN_002507,2022-01-31,ACCT_00100,PERSON_00229,restaurant,4668,VENDOR_041,restaurant
TXN_002508,2026-01-19,ACCT_00412,PERSON_00089,transport,30143,VENDOR_078,transport
TXN_002509,2021-07-12,ACCT_00359,PERSON_00427,grocery,23613,VENDOR_055,grocery
TXN_002510,2026-06-14,ACCT_00335,PERSON_00248,cash withdrawal,19724,VENDOR_071,cash withdrawal
TXN_002511,2025-01-03,ACCT_00367,PERSON_00256,cash withdrawal,2864,VENDOR_033,cash withdrawal
TXN_002512,2023-04-03,ACCT_00181,PERSON_00111,mobile recharge,30220,VENDOR_030,mobile recharge
TXN_002513,2024-03-10,ACCT_00421,PERSON_00444,grocery,2259,VENDOR_055,grocery
TXN_002514,2024-04-04,ACCT_00081,PERSON_00242,grocery,33975,VENDOR_020,grocery
TXN_002515,2024-09-19,ACCT_00287,PERSON_00071,fuel,44076,VENDOR_017,fuel
TXN_002516,2021-02-10,ACCT_00160,PERSON_00417,supplier settlement,380493,VENDOR_053,legitimate cash-intensive retail/festival activity
TXN_006318,2025-06-12,ACCT_00451,PERSON_00281,transfer,158181,PERSON_00322,intermediary settlement
TXN_002518,2026-03-17,ACCT_00100,PERSON_00229,rent,13368,VENDOR_077,rent
TXN_002519,2023-06-16,ACCT_00239,PERSON_00401,cash withdrawal,858,VENDOR_088,cash withdrawal
TXN_002520,2023-07-20,ACCT_00406,PERSON_00250,school fee,32934,VENDOR_062,school fee
TXN_002521,2025-03-31,ACCT_00255,PERSON_00129,mobile recharge,18263,VENDOR_094,mobile recharge
TXN_002522,2024-05-04,ACCT_00273,PERSON_00080,school fee,18118,VENDOR_035,school fee
TXN_002523,2023-12-23,ACCT_00239,PERSON_00401,salary,19596,VENDOR_069,salary
TXN_002524,2024-10-11,ACCT_00250,PERSON_00253,rent,30450,VENDOR_072,rent
TXN_002525,2025-05-26,ACCT_00140,PERSON_00180,restaurant,2002,VENDOR_088,restaurant
TXN_002526,2025-06-05,ACCT_00249,PERSON_00358,utility,33832,VENDOR_032,utility
TXN_002527,2021-01-16,ACCT_00056,PERSON_00222,school fee,39551,VENDOR_009,school fee
TXN_002528,2026-06-24,ACCT_00024,PERSON_00201,vendor payment,425533,PERSON_00141,transport settlement
TXN_002529,2023-05-18,ACCT_00363,PERSON_00122,restaurant,14355,VENDOR_063,restaurant
TXN_002530,2023-05-22,ACCT_00225,PERSON_00163,cash withdrawal,15993,VENDOR_094,cash withdrawal
TXN_002531,2023-10-05,ACCT_00189,PERSON_00373,salary,37293,VENDOR_037,salary
TXN_002532,2024-03-09,ACCT_00273,PERSON_00080,medical,35467,VENDOR_004,medical
TXN_002533,2026-04-27,ACCT_00437,PERSON_00360,shopping,32491,VENDOR_074,shopping
TXN_002534,2022-09-27,ACCT_00431,PERSON_00346,rent,36118,VENDOR_049,rent
TXN_002535,2022-09-17,ACCT_00337,PERSON_00279,vendor payment,550048,PERSON_00078,wholesale goods
TXN_002536,2022-04-01,ACCT_00050,PERSON_00008,grocery,18585,VENDOR_045,grocery
TXN_002537,2024-01-25,ACCT_00153,PERSON_00420,salary,24651,VENDOR_099,salary
TXN_002538,2024-06-04,ACCT_00282,PERSON_00436,shopping,39050,VENDOR_057,shopping
TXN_002539,2025-02-26,ACCT_00249,PERSON_00358,grocery,29633,VENDOR_060,grocery
TXN_002540,2024-03-21,ACCT_00423,PERSON_00439,shopping,41903,VENDOR_100,shopping
TXN_002541,2022-05-24,ACCT_00350,PERSON_00059,cash deposit,264946,VENDOR_044,legitimate cash-intensive retail/festival activity
TXN_002542,2024-10-13,ACCT_00214,PERSON_00277,transport,43637,VENDOR_037,transport
TXN_002543,2021-01-29,ACCT_00271,PERSON_00050,fuel,33880,VENDOR_026,fuel
TXN_002544,2026-01-18,ACCT_00350,PERSON_00059,wholesale jewellery,62548,VENDOR_004,legitimate cash-intensive retail/festival activity
TXN_002545,2023-03-26,ACCT_00053,PERSON_00152,medical,31540,VENDOR_030,medical
TXN_002546,2025-11-30,ACCT_00017,PERSON_00088,festival advance,99448,VENDOR_092,legitimate cash-intensive retail/festival activity
TXN_002547,2022-03-29,ACCT_00330,PERSON_00038,mobile recharge,31179,VENDOR_030,mobile recharge
TXN_002548,2023-11-12,ACCT_00117,PERSON_00155,vendor payment,349527,PERSON_00329,freight settlement
TXN_002549,2022-06-20,ACCT_00047,PERSON_00409,school fee,3938,VENDOR_058,school fee
TXN_002550,2025-08-06,ACCT_00367,PERSON_00256,cash withdrawal,198101,PERSON_00227,site material settlement
TXN_002551,2023-07-20,ACCT_00187,PERSON_00273,restaurant,18376,VENDOR_077,restaurant
TXN_002552,2025-08-27,ACCT_00360,PERSON_00192,fuel,8370,VENDOR_077,fuel
TXN_002553,2023-09-01,ACCT_00225,PERSON_00163,grocery,17114,VENDOR_051,grocery
TXN_002554,2025-02-12,ACCT_00465,PERSON_00282,grocery,25229,VENDOR_047,grocery
TXN_002555,2022-05-17,ACCT_00437,PERSON_00360,grocery,24520,VENDOR_059,grocery
TXN_002556,2023-11-14,ACCT_00401,PERSON_00210,rent,36777,VENDOR_086,rent
TXN_002557,2021-03-05,ACCT_00037,PERSON_00113,gold purchase,271317,VENDOR_021,legitimate cash-intensive retail/festival activity
TXN_002558,2021-12-28,ACCT_00227,PERSON_00023,cash deposit,243955,VENDOR_004,legitimate cash-intensive retail/festival activity
TXN_002559,2024-09-22,ACCT_00148,PERSON_00442,cash withdrawal,37925,VENDOR_045,cash withdrawal
TXN_002560,2026-06-08,ACCT_00077,PERSON_00308,fuel,34369,VENDOR_021,fuel
TXN_002561,2025-08-08,ACCT_00133,PERSON_00184,fuel,31559,VENDOR_088,fuel
TXN_002562,2025-04-07,ACCT_00197,PERSON_00169,cash withdrawal,837944,PERSON_00073,consultancy settlement
TXN_002563,2021-05-20,ACCT_00241,PERSON_00430,salary,35508,VENDOR_076,salary
TXN_002564,2024-06-12,ACCT_00264,PERSON_00015,vendor payment,291447,PERSON_00212,freight settlement
TXN_002565,2022-01-03,ACCT_00048,PERSON_00067,cash withdrawal,18865,VENDOR_087,cash withdrawal
TXN_002566,2021-02-09,ACCT_00031,PERSON_00223,invoice,90682,PERSON_00227,site material settlement
TXN_002567,2021-08-26,ACCT_00302,PERSON_00426,cash withdrawal,421581,PERSON_00014,freight settlement
TXN_002568,2021-07-01,ACCT_00463,PERSON_00125,transfer,256465,PERSON_00133,event services
TXN_002569,2021-03-09,ACCT_00342,PERSON_00045,salary,8609,VENDOR_056,salary
TXN_002570,2023-09-14,ACCT_00384,PERSON_00299,cash deposit,40697,PERSON_00014,freight settlement
TXN_002571,2025-11-08,ACCT_00370,PERSON_00046,shopping,34637,VENDOR_009,shopping
TXN_002572,2024-08-14,ACCT_00200,PERSON_00423,cash withdrawal,14222,VENDOR_091,cash withdrawal
TXN_002573,2022-06-21,ACCT_00329,PERSON_00069,cash withdrawal,325107,PERSON_00243,service commission
TXN_002574,2023-10-02,ACCT_00238,PERSON_00321,rent,16652,VENDOR_050,rent
TXN_002575,2023-05-30,ACCT_00438,PERSON_00074,festival advance,238342,VENDOR_067,legitimate cash-intensive retail/festival activity
TXN_002576,2021-04-04,ACCT_00324,PERSON_00283,rent,40586,VENDOR_011,rent
TXN_002577,2025-08-03,ACCT_00454,PERSON_00119,salary,13781,VENDOR_003,salary
TXN_002578,2024-01-02,ACCT_00356,PERSON_00338,rent,38128,VENDOR_041,rent
TXN_002579,2022-07-12,ACCT_00411,PERSON_00174,cash withdrawal,28159,VENDOR_070,cash withdrawal
TXN_002580,2023-04-07,ACCT_00089,PERSON_00395,school fee,8390,VENDOR_082,school fee
TXN_002581,2025-02-11,ACCT_00196,PERSON_00278,cash withdrawal,38616,VENDOR_057,cash withdrawal
TXN_002582,2021-07-17,ACCT_00001,PERSON_00033,supplier settlement,423088,VENDOR_076,legitimate cash-intensive retail/festival activity
TXN_002583,2023-12-02,ACCT_00353,PERSON_00411,invoice,116266,PERSON_00402,vehicle advance
TXN_002584,2021-10-05,ACCT_00142,PERSON_00179,supplier settlement,440420,VENDOR_011,legitimate cash-intensive retail/festival activity
TXN_002585,2024-12-28,ACCT_00179,PERSON_00332,school fee,3967,VENDOR_067,school fee
TXN_002586,2024-04-27,ACCT_00431,PERSON_00346,invoice,118966,PERSON_00033,registration/document fee
TXN_002587,2026-01-26,ACCT_00350,PERSON_00059,restaurant,26031,VENDOR_084,restaurant
TXN_002588,2024-12-03,ACCT_00028,PERSON_00059,wholesale jewellery,215187,Astra Gold House,legitimate cash-intensive retail/festival activity
TXN_002589,2024-10-22,ACCT_00287,PERSON_00071,shopping,5096,VENDOR_061,shopping
TXN_008931,2023-05-10,ACCT_00253,PERSON_00072,transfer,116310,PERSON_00402,intermediary settlement
TXN_002591,2025-03-31,ACCT_00001,PERSON_00033,wholesale jewellery,373232,VENDOR_062,legitimate cash-intensive retail/festival activity
TXN_002592,2026-05-29,ACCT_00137,PERSON_00432,mobile recharge,31278,VENDOR_068,mobile recharge
TXN_002593,2025-03-10,ACCT_00457,PERSON_00300,cash withdrawal,27642,VENDOR_031,cash withdrawal
TXN_002594,2024-02-14,ACCT_00284,PERSON_00238,fuel,22050,VENDOR_058,fuel
TXN_002595,2026-03-07,ACCT_00437,PERSON_00360,invoice,95244,PERSON_00184,wholesale goods
TXN_002596,2023-10-30,ACCT_00457,PERSON_00300,rent,29854,VENDOR_021,rent
TXN_002597,2026-01-13,ACCT_00067,PERSON_00150,grocery,16060,VENDOR_097,grocery
TXN_002598,2024-04-02,ACCT_00284,PERSON_00238,salary,33248,VENDOR_089,salary
TXN_002599,2025-01-13,ACCT_00331,PERSON_00140,rent,597,VENDOR_008,rent
TXN_002600,2025-09-09,ACCT_00213,PERSON_00048,settlement,49821,PERSON_00433,site material settlement
TXN_002601,2023-10-04,ACCT_00097,PERSON_00105,cash withdrawal,53928,PERSON_00033,registration/document fee
TXN_002602,2025-11-15,ACCT_00080,PERSON_00137,salary,19196,VENDOR_029,salary
TXN_002603,2025-07-26,ACCT_00145,PERSON_00005,shopping,5405,VENDOR_043,shopping
TXN_002604,2025-01-27,ACCT_00102,PERSON_00173,restaurant,43622,VENDOR_091,restaurant
TXN_002605,2024-06-07,ACCT_00012,PERSON_00449,shopping,37505,VENDOR_024,shopping
TXN_002606,2022-11-12,ACCT_00287,PERSON_00071,transport,8158,VENDOR_019,transport
TXN_002607,2024-11-27,ACCT_00229,PERSON_00094,fuel,27669,VENDOR_005,fuel
TXN_002608,2026-06-17,ACCT_00108,PERSON_00147,vendor payment,121681,PERSON_00065,transport settlement
TXN_002609,2025-03-19,ACCT_00479,PERSON_00082,mobile recharge,27776,VENDOR_015,mobile recharge
TXN_002610,2025-11-14,ACCT_00026,PERSON_00448,grocery,39421,VENDOR_097,grocery
TXN_002611,2024-02-04,ACCT_00031,PERSON_00223,fuel,4141,VENDOR_078,fuel
TXN_002612,2022-02-05,ACCT_00039,PERSON_00078,cash withdrawal,64059,PERSON_00076,wholesale goods
TXN_002613,2025-09-18,ACCT_00207,PERSON_00239,settlement,349074,PERSON_00032,consultancy settlement
TXN_002614,2023-11-26,ACCT_00043,PERSON_00092,fuel,37404,VENDOR_046,fuel
TXN_002615,2022-05-15,ACCT_00389,PERSON_00313,cash withdrawal,18741,VENDOR_091,cash withdrawal
TXN_002616,2022-02-10,ACCT_00020,PERSON_00143,rent,31106,VENDOR_035,rent
TXN_002617,2025-08-27,ACCT_00473,PERSON_00121,grocery,26175,VENDOR_003,grocery
TXN_002618,2023-02-28,ACCT_00142,PERSON_00179,cash deposit,441444,VENDOR_086,legitimate cash-intensive retail/festival activity
TXN_002619,2023-07-12,ACCT_00346,PERSON_00359,rent,12271,VENDOR_087,rent
TXN_002620,2025-07-04,ACCT_00142,PERSON_00179,cash deposit,40571,VENDOR_088,legitimate cash-intensive retail/festival activity
TXN_002621,2023-02-22,ACCT_00414,PERSON_00130,school fee,4159,VENDOR_032,school fee
TXN_002622,2025-09-29,ACCT_00194,PERSON_00077,restaurant,26730,VENDOR_008,restaurant
TXN_002623,2025-08-09,ACCT_00167,PERSON_00088,festival advance,195598,VENDOR_084,legitimate cash-intensive retail/festival activity
TXN_002624,2022-12-22,ACCT_00045,PERSON_00061,salary,26196,VENDOR_041,salary
TXN_002625,2023-08-18,ACCT_00091,PERSON_00138,fuel,25990,VENDOR_022,fuel
TXN_002626,2022-09-29,ACCT_00115,PERSON_00225,medical,29121,VENDOR_067,medical
TXN_002627,2023-12-02,ACCT_00037,PERSON_00113,mobile recharge,42453,VENDOR_034,mobile recharge
TXN_002628,2022-05-23,ACCT_00282,PERSON_00436,vendor payment,566184,PERSON_00360,wholesale goods
TXN_002629,2024-09-11,ACCT_00298,PERSON_00371,fuel,18982,VENDOR_027,fuel
TXN_002630,2022-05-02,ACCT_00342,PERSON_00045,grocery,38261,VENDOR_094,grocery
TXN_002631,2026-03-27,ACCT_00272,PERSON_00128,medical,25857,VENDOR_062,medical
TXN_002632,2022-12-05,ACCT_00388,PERSON_00149,fuel,43583,VENDOR_082,fuel
TXN_002633,2025-02-04,ACCT_00319,PERSON_00404,salary,44368,VENDOR_028,salary
TXN_002634,2022-01-04,ACCT_00350,PERSON_00059,cash deposit,400969,VENDOR_096,legitimate cash-intensive retail/festival activity
TXN_002635,2022-05-16,ACCT_00332,PERSON_00240,cash withdrawal,18503,VENDOR_054,cash withdrawal
TXN_002636,2024-04-25,ACCT_00125,PERSON_00026,grocery,36682,VENDOR_078,grocery
TXN_002637,2024-01-23,ACCT_00371,PERSON_00004,grocery,8974,VENDOR_058,grocery
TXN_002638,2022-07-25,ACCT_00258,PERSON_00148,transfer,160227,PERSON_00035,consultancy settlement
TXN_002639,2021-08-23,ACCT_00207,PERSON_00239,settlement,852345,PERSON_00387,consultancy settlement
TXN_002640,2022-04-22,ACCT_00416,PERSON_00043,cash withdrawal,58296,PERSON_00028,wholesale goods
TXN_002641,2024-10-21,ACCT_00080,PERSON_00137,rent,30924,VENDOR_029,rent
TXN_002642,2021-11-02,ACCT_00238,PERSON_00321,utility,20732,VENDOR_042,utility
TXN_002643,2026-04-18,ACCT_00369,PERSON_00433,transfer,635728,PERSON_00094,site material settlement
TXN_002644,2025-02-26,ACCT_00132,PERSON_00100,festival advance,151012,VENDOR_044,legitimate cash-intensive retail/festival activity
TXN_002645,2021-05-24,ACCT_00076,PERSON_00441,mobile recharge,33486,VENDOR_043,mobile recharge
TXN_002646,2024-06-09,ACCT_00377,PERSON_00417,festival advance,247418,VENDOR_048,legitimate cash-intensive retail/festival activity
TXN_002647,2022-04-08,ACCT_00144,PERSON_00312,settlement,721517,PERSON_00407,premium settlement
TXN_002648,2026-02-08,ACCT_00014,PERSON_00088,supplier settlement,162471,VENDOR_050,legitimate cash-intensive retail/festival activity
TXN_002649,2022-10-09,ACCT_00475,PERSON_00108,medical,13986,VENDOR_007,medical
TXN_002650,2021-04-20,ACCT_00032,PERSON_00065,salary,24700,VENDOR_045,salary
TXN_002651,2026-04-22,ACCT_00195,PERSON_00185,invoice,890837,PERSON_00279,wholesale goods
TXN_002652,2024-10-02,ACCT_00176,PERSON_00264,fuel,9863,VENDOR_069,fuel
TXN_002653,2026-03-26,ACCT_00142,PERSON_00179,rent,25246,VENDOR_072,rent
TXN_002654,2026-04-26,ACCT_00414,PERSON_00130,vendor payment,611773,PERSON_00203,service commission
TXN_002655,2023-11-22,ACCT_00405,PERSON_00329,utility,19492,VENDOR_001,utility
TXN_002656,2026-05-23,ACCT_00071,PERSON_00073,utility,32015,VENDOR_082,utility
TXN_002657,2026-04-05,ACCT_00040,PERSON_00384,utility,19772,VENDOR_009,utility
TXN_002658,2023-08-12,ACCT_00287,PERSON_00071,cash withdrawal,2593,VENDOR_053,cash withdrawal
TXN_002659,2022-04-30,ACCT_00407,PERSON_00011,supplier settlement,443370,VENDOR_064,legitimate cash-intensive retail/festival activity
TXN_002660,2022-01-22,ACCT_00418,PERSON_00314,cash withdrawal,594239,PERSON_00053,freight settlement
TXN_002661,2021-08-24,ACCT_00324,PERSON_00283,restaurant,9676,VENDOR_060,restaurant
TXN_002662,2025-11-07,ACCT_00009,PERSON_00057,restaurant,6993,VENDOR_030,restaurant
TXN_002663,2023-01-15,ACCT_00148,PERSON_00442,cash withdrawal,862390,PERSON_00337,wholesale goods
TXN_002664,2021-08-09,ACCT_00466,PERSON_00252,shopping,38160,VENDOR_065,shopping
TXN_002665,2022-05-10,ACCT_00014,PERSON_00088,gold purchase,154715,VENDOR_094,legitimate cash-intensive retail/festival activity
TXN_002666,2022-04-28,ACCT_00003,PERSON_00434,cash deposit,181736,PERSON_00072,vehicle advance
TXN_002667,2023-01-11,ACCT_00418,PERSON_00314,transfer,334134,PERSON_00025,freight settlement
TXN_002668,2023-10-16,ACCT_00310,PERSON_00162,fuel,38334,VENDOR_075,fuel
TXN_002669,2021-10-09,ACCT_00448,PERSON_00032,cash withdrawal,657735,PERSON_00090,consultancy settlement
TXN_002670,2024-08-24,ACCT_00001,PERSON_00033,school fee,8382,VENDOR_067,school fee
TXN_002671,2026-04-19,ACCT_00269,PERSON_00101,fuel,44544,VENDOR_097,fuel
TXN_002672,2023-11-21,ACCT_00011,PERSON_00010,invoice,141145,PERSON_00381,freight settlement
TXN_002673,2025-05-26,ACCT_00451,PERSON_00281,cash withdrawal,21034,VENDOR_049,cash withdrawal
TXN_002674,2021-07-31,ACCT_00407,PERSON_00011,supplier settlement,173131,VENDOR_027,legitimate cash-intensive retail/festival activity
TXN_002675,2022-10-12,ACCT_00074,PERSON_00293,school fee,39157,VENDOR_038,school fee
TXN_002676,2022-04-27,ACCT_00232,PERSON_00416,cash deposit,546104,PERSON_00312,premium settlement
TXN_002677,2025-09-26,ACCT_00395,PERSON_00269,medical,22229,VENDOR_097,medical
TXN_002678,2021-11-22,ACCT_00067,PERSON_00150,rent,28182,VENDOR_094,rent
TXN_002679,2024-11-16,ACCT_00028,PERSON_00059,supplier settlement,206778,VENDOR_001,legitimate cash-intensive retail/festival activity
TXN_002680,2025-08-07,ACCT_00114,PERSON_00194,fuel,20268,VENDOR_048,fuel
TXN_002681,2021-09-01,ACCT_00153,PERSON_00420,salary,20141,VENDOR_040,salary
TXN_002682,2023-06-10,ACCT_00046,PERSON_00183,salary,28170,VENDOR_040,salary
TXN_002683,2026-01-31,ACCT_00407,PERSON_00011,salary,9837,VENDOR_026,salary
TXN_002684,2025-03-11,ACCT_00277,PERSON_00182,cash deposit,314273,PERSON_00434,vehicle advance
TXN_002685,2025-09-21,ACCT_00075,PERSON_00271,utility,30579,VENDOR_080,utility
TXN_002686,2023-04-02,ACCT_00025,PERSON_00315,fuel,10066,VENDOR_081,fuel
TXN_002687,2025-10-27,ACCT_00307,PERSON_00305,medical,17177,VENDOR_004,medical
TXN_002688,2024-02-15,ACCT_00407,PERSON_00011,shopping,21470,VENDOR_072,shopping
TXN_002689,2025-06-03,ACCT_00146,PERSON_00287,fuel,851,VENDOR_079,fuel
TXN_002690,2023-11-15,ACCT_00413,PERSON_00233,rent,23247,VENDOR_021,rent
TXN_002691,2026-04-11,ACCT_00118,PERSON_00340,restaurant,43325,VENDOR_077,restaurant
TXN_002692,2024-01-28,ACCT_00235,PERSON_00431,fuel,18515,VENDOR_052,fuel
TXN_002693,2025-04-23,ACCT_00242,PERSON_00124,grocery,24255,VENDOR_015,grocery
TXN_002694,2021-11-14,ACCT_00017,PERSON_00088,supplier settlement,241530,Astra Gold House,legitimate cash-intensive retail/festival activity
TXN_002695,2021-01-31,ACCT_00255,PERSON_00129,rent,17175,VENDOR_044,rent
TXN_002696,2025-12-15,ACCT_00385,PERSON_00257,shopping,42510,VENDOR_086,shopping
TXN_002697,2021-06-08,ACCT_00018,PERSON_00156,rent,9329,VENDOR_051,rent
TXN_002698,2022-09-22,ACCT_00021,PERSON_00367,salary,10037,VENDOR_081,salary
TXN_002699,2025-12-29,ACCT_00099,PERSON_00419,grocery,33870,VENDOR_030,grocery
TXN_002700,2023-06-13,ACCT_00108,PERSON_00147,shopping,13231,VENDOR_064,shopping
TXN_002701,2023-11-19,ACCT_00142,PERSON_00179,gold purchase,251184,VENDOR_054,legitimate cash-intensive retail/festival activity
TXN_002702,2025-10-05,ACCT_00146,PERSON_00287,salary,16459,VENDOR_063,salary
TXN_002703,2022-01-14,ACCT_00423,PERSON_00439,shopping,17910,VENDOR_022,shopping
TXN_002704,2021-09-10,ACCT_00085,PERSON_00370,invoice,711127,PERSON_00130,service commission
TXN_002705,2024-07-16,ACCT_00406,PERSON_00250,grocery,28347,VENDOR_014,grocery
TXN_002706,2022-11-02,ACCT_00183,PERSON_00286,fuel,18188,VENDOR_022,fuel
TXN_002707,2026-03-17,ACCT_00131,PERSON_00331,settlement,611426,PERSON_00082,transport settlement
TXN_002708,2024-06-11,ACCT_00085,PERSON_00370,fuel,31881,VENDOR_082,fuel
TXN_002709,2026-02-23,ACCT_00001,PERSON_00033,cash withdrawal,28468,VENDOR_074,cash withdrawal
TXN_002710,2025-09-14,ACCT_00433,PERSON_00116,cash withdrawal,12957,VENDOR_097,cash withdrawal
TXN_002711,2021-05-15,ACCT_00246,PERSON_00244,cash deposit,438465,VENDOR_097,legitimate cash-intensive retail/festival activity
TXN_002712,2024-09-24,ACCT_00330,PERSON_00038,mobile recharge,2665,VENDOR_003,mobile recharge
TXN_002713,2025-09-09,ACCT_00246,PERSON_00244,supplier settlement,371520,VENDOR_049,legitimate cash-intensive retail/festival activity
TXN_002714,2025-10-01,ACCT_00071,PERSON_00073,transfer,113162,PERSON_00127,consultancy settlement
TXN_002715,2022-12-14,ACCT_00465,PERSON_00282,cash withdrawal,668815,PERSON_00402,vehicle advance
TXN_000628,2023-03-17,ACCT_00451,PERSON_00281,transfer,178301,PERSON_00269,intermediary settlement
TXN_002717,2022-03-28,ACCT_00187,PERSON_00273,school fee,32494,VENDOR_056,school fee
TXN_002718,2022-06-08,ACCT_00424,PERSON_00055,salary,32763,VENDOR_053,salary
TXN_002719,2024-04-25,ACCT_00073,PERSON_00198,rent,31292,VENDOR_004,rent
TXN_002720,2025-04-26,ACCT_00431,PERSON_00346,cash withdrawal,173663,PERSON_00383,registration/document fee
TXN_002721,2023-05-23,ACCT_00410,PERSON_00307,restaurant,29673,VENDOR_017,restaurant
TXN_002722,2026-03-05,ACCT_00455,PERSON_00016,mobile recharge,14375,VENDOR_060,mobile recharge
TXN_002723,2026-01-07,ACCT_00208,PERSON_00368,restaurant,35166,VENDOR_023,restaurant
TXN_002724,2023-01-02,ACCT_00426,PERSON_00322,transfer,518069,PERSON_00105,registration/document fee
TXN_002725,2021-04-27,ACCT_00455,PERSON_00016,cash deposit,837685,PERSON_00143,event services
TXN_002726,2022-11-26,ACCT_00341,PERSON_00310,fuel,1268,VENDOR_046,fuel
TXN_002727,2022-05-04,ACCT_00020,PERSON_00143,shopping,38521,VENDOR_027,shopping
TXN_002728,2023-04-26,ACCT_00371,PERSON_00004,shopping,25241,VENDOR_097,shopping
TXN_002729,2022-04-17,ACCT_00187,PERSON_00273,fuel,22982,VENDOR_088,fuel
TXN_002730,2023-11-21,ACCT_00463,PERSON_00125,medical,29286,VENDOR_061,medical
TXN_002731,2022-04-03,ACCT_00178,PERSON_00413,shopping,25034,VENDOR_020,shopping
TXN_002732,2025-12-04,ACCT_00107,PERSON_00341,rent,25499,VENDOR_087,rent
TXN_002733,2024-11-22,ACCT_00447,PERSON_00379,mobile recharge,16898,VENDOR_091,mobile recharge
TXN_002734,2024-07-30,ACCT_00249,PERSON_00358,fuel,12861,VENDOR_079,fuel
TXN_002735,2024-06-21,ACCT_00146,PERSON_00287,settlement,839627,PERSON_00282,vehicle advance
TXN_002736,2025-06-10,ACCT_00001,PERSON_00033,supplier settlement,106786,VENDOR_072,legitimate cash-intensive retail/festival activity
TXN_002737,2023-08-06,ACCT_00357,PERSON_00126,cash deposit,836472,PERSON_00091,transport settlement
TXN_002738,2022-02-07,ACCT_00183,PERSON_00286,fuel,949,VENDOR_091,fuel
TXN_002739,2023-12-14,ACCT_00372,PERSON_00028,mobile recharge,24691,VENDOR_018,mobile recharge
TXN_002740,2023-12-05,ACCT_00152,PERSON_00219,grocery,37965,VENDOR_073,grocery
TXN_002741,2023-02-27,ACCT_00028,PERSON_00059,wholesale jewellery,449019,VENDOR_088,legitimate cash-intensive retail/festival activity
TXN_002742,2023-01-16,ACCT_00084,PERSON_00133,rent,27036,VENDOR_020,rent
TXN_002743,2025-02-10,ACCT_00455,PERSON_00016,fuel,38994,VENDOR_053,fuel
TXN_002744,2022-01-12,ACCT_00307,PERSON_00305,salary,39258,VENDOR_098,salary
TXN_002745,2022-08-05,ACCT_00460,PERSON_00336,cash withdrawal,10250,VENDOR_002,cash withdrawal
TXN_002746,2024-10-28,ACCT_00404,PERSON_00134,grocery,24983,VENDOR_044,grocery
TXN_002747,2026-05-09,ACCT_00095,PERSON_00012,mobile recharge,4529,VENDOR_015,mobile recharge
TXN_002748,2026-04-16,ACCT_00468,PERSON_00398,cash deposit,56607,PERSON_00201,transport settlement
TXN_002749,2022-05-06,ACCT_00130,PERSON_00416,settlement,866417,PERSON_00125,event services
TXN_002750,2023-09-22,ACCT_00125,PERSON_00026,utility,37519,VENDOR_041,utility
TXN_002751,2023-03-27,ACCT_00407,PERSON_00011,gold purchase,276169,VENDOR_073,legitimate cash-intensive retail/festival activity
TXN_001934,2024-11-06,ACCT_00102,PERSON_00173,transfer,75880,PERSON_00004,intermediary settlement
TXN_002753,2023-01-03,ACCT_00407,PERSON_00011,grocery,10515,VENDOR_037,grocery
TXN_002754,2024-02-09,ACCT_00051,PERSON_00099,school fee,31412,VENDOR_044,school fee
TXN_002755,2023-12-10,ACCT_00438,PERSON_00074,supplier settlement,108304,VENDOR_038,legitimate cash-intensive retail/festival activity
TXN_002756,2024-05-21,ACCT_00104,PERSON_00027,fuel,6472,VENDOR_022,fuel
TXN_002757,2022-05-02,ACCT_00037,PERSON_00113,supplier settlement,119633,VENDOR_079,legitimate cash-intensive retail/festival activity
TXN_002758,2025-05-17,ACCT_00401,PERSON_00210,school fee,20715,VENDOR_029,school fee
TXN_002759,2025-02-15,ACCT_00461,PERSON_00217,grocery,26709,VENDOR_058,grocery
TXN_002760,2023-10-07,ACCT_00325,PERSON_00145,cash withdrawal,24729,VENDOR_052,cash withdrawal
TXN_002761,2025-10-09,ACCT_00043,PERSON_00092,fuel,2050,VENDOR_027,fuel
TXN_002762,2026-01-11,ACCT_00391,PERSON_00377,cash deposit,871918,PERSON_00155,freight settlement
TXN_002763,2022-10-19,ACCT_00454,PERSON_00119,restaurant,6562,VENDOR_081,restaurant
TXN_002764,2024-09-29,ACCT_00154,PERSON_00117,cash withdrawal,20653,VENDOR_069,cash withdrawal
TXN_002765,2024-03-04,ACCT_00450,PERSON_00445,restaurant,12244,VENDOR_053,restaurant
TXN_002766,2022-06-26,ACCT_00325,PERSON_00145,rent,41317,VENDOR_087,rent
TXN_002767,2023-06-30,ACCT_00377,PERSON_00417,cash deposit,280937,VENDOR_038,legitimate cash-intensive retail/festival activity
TXN_002768,2024-06-03,ACCT_00325,PERSON_00145,transfer,729714,PERSON_00246,site material settlement
TXN_002769,2025-07-27,ACCT_00377,PERSON_00417,cash deposit,382779,VENDOR_052,legitimate cash-intensive retail/festival activity
TXN_002770,2025-01-08,ACCT_00200,PERSON_00423,medical,22230,VENDOR_070,medical
TXN_002771,2022-08-23,ACCT_00246,PERSON_00244,wholesale jewellery,281051,VENDOR_002,legitimate cash-intensive retail/festival activity
TXN_002772,2021-02-18,ACCT_00132,PERSON_00100,supplier settlement,95469,VENDOR_074,legitimate cash-intensive retail/festival activity
TXN_002773,2022-02-28,ACCT_00086,PERSON_00206,restaurant,29918,VENDOR_015,restaurant
TXN_002774,2024-05-29,ACCT_00138,PERSON_00381,cash withdrawal,567212,PERSON_00344,freight settlement
TXN_002775,2022-09-08,ACCT_00028,PERSON_00059,festival advance,427868,VENDOR_049,legitimate cash-intensive retail/festival activity
TXN_002776,2022-12-17,ACCT_00062,PERSON_00388,vendor payment,643557,PERSON_00243,service commission
TXN_002777,2025-01-13,ACCT_00053,PERSON_00152,cash deposit,423243,PERSON_00044,service commission
TXN_002778,2025-02-22,ACCT_00284,PERSON_00238,school fee,35471,VENDOR_005,school fee
TXN_002779,2025-02-01,ACCT_00009,PERSON_00057,invoice,379305,PERSON_00159,premium settlement
TXN_002780,2022-06-04,ACCT_00303,PERSON_00442,shopping,28388,VENDOR_099,shopping
TXN_002781,2022-03-12,ACCT_00324,PERSON_00283,fuel,11183,VENDOR_022,fuel
TXN_002782,2023-05-28,ACCT_00393,PERSON_00408,transport,39976,VENDOR_059,transport
TXN_002783,2024-10-01,ACCT_00355,PERSON_00263,invoice,526486,PERSON_00311,premium settlement
TXN_002784,2022-01-23,ACCT_00266,PERSON_00402,cash withdrawal,495879,PERSON_00182,vehicle advance
TXN_002785,2022-10-27,ACCT_00398,PERSON_00274,salary,20704,VENDOR_058,salary
TXN_002786,2023-02-08,ACCT_00040,PERSON_00384,rent,9338,VENDOR_039,rent
TXN_002787,2026-04-03,ACCT_00079,PERSON_00266,vendor payment,449284,PERSON_00331,transport settlement
TXN_002788,2021-03-31,ACCT_00130,PERSON_00416,transport,7354,VENDOR_063,transport
TXN_002789,2023-12-13,ACCT_00240,PERSON_00450,mobile recharge,15375,VENDOR_085,mobile recharge
TXN_002790,2025-05-03,ACCT_00218,PERSON_00117,mobile recharge,39761,VENDOR_088,mobile recharge
TXN_002791,2022-04-07,ACCT_00115,PERSON_00225,transfer,109511,PERSON_00186,consultancy settlement
TXN_002792,2022-12-27,ACCT_00244,PERSON_00221,transfer,638547,PERSON_00035,consultancy settlement
TXN_002793,2024-12-11,ACCT_00322,PERSON_00429,transport,1195,VENDOR_048,transport
TXN_002794,2024-06-10,ACCT_00030,PERSON_00363,mobile recharge,39335,VENDOR_094,mobile recharge
TXN_002795,2023-04-06,ACCT_00382,PERSON_00096,medical,5289,VENDOR_063,medical
TXN_002796,2026-02-11,ACCT_00070,PERSON_00216,medical,41372,VENDOR_095,medical
TXN_002797,2024-09-16,ACCT_00167,PERSON_00088,supplier settlement,159609,VENDOR_070,legitimate cash-intensive retail/festival activity
TXN_002798,2024-07-20,ACCT_00438,PERSON_00074,supplier settlement,327652,VENDOR_078,legitimate cash-intensive retail/festival activity
TXN_002799,2025-10-06,ACCT_00005,PERSON_00018,utility,43760,VENDOR_028,utility
TXN_002800,2023-07-06,ACCT_00256,PERSON_00309,fuel,4972,VENDOR_023,fuel
TXN_002801,2023-01-16,ACCT_00170,PERSON_00123,shopping,18108,VENDOR_073,shopping
TXN_002802,2022-05-30,ACCT_00210,PERSON_00290,invoice,862962,PERSON_00010,registration/document fee
TXN_002803,2024-08-29,ACCT_00145,PERSON_00005,grocery,39725,VENDOR_071,grocery
TXN_002804,2021-02-14,ACCT_00285,PERSON_00203,vendor payment,811075,PERSON_00072,vehicle advance
TXN_002805,2023-04-28,ACCT_00407,PERSON_00011,wholesale jewellery,294258,VENDOR_021,legitimate cash-intensive retail/festival activity
TXN_002806,2022-06-11,ACCT_00062,PERSON_00388,transport,19378,VENDOR_082,transport
TXN_002807,2021-12-14,ACCT_00124,PERSON_00270,utility,19409,VENDOR_099,utility
TXN_002808,2024-06-21,ACCT_00280,PERSON_00205,rent,41554,VENDOR_043,rent
TXN_002809,2021-11-01,ACCT_00132,PERSON_00100,supplier settlement,95091,VENDOR_015,legitimate cash-intensive retail/festival activity
TXN_002810,2025-02-14,ACCT_00340,PERSON_00058,transport,29129,VENDOR_090,transport
TXN_002811,2023-08-21,ACCT_00280,PERSON_00205,transfer,464850,PERSON_00060,freight settlement
TXN_002812,2023-06-07,ACCT_00429,PERSON_00382,transfer,379505,PERSON_00182,vehicle advance
TXN_002813,2023-06-29,ACCT_00225,PERSON_00163,cash deposit,367480,PERSON_00430,service commission
TXN_002814,2023-10-22,ACCT_00266,PERSON_00402,invoice,506371,PERSON_00382,vehicle advance
TXN_002815,2024-05-12,ACCT_00193,PERSON_00135,rent,6018,VENDOR_058,rent
TXN_002816,2022-08-10,ACCT_00319,PERSON_00404,salary,32312,VENDOR_099,salary
TXN_002817,2022-03-23,ACCT_00364,PERSON_00103,cash withdrawal,40934,VENDOR_075,cash withdrawal
TXN_002818,2023-12-25,ACCT_00142,PERSON_00179,supplier settlement,167907,VENDOR_015,legitimate cash-intensive retail/festival activity
TXN_002819,2023-09-13,ACCT_00019,PERSON_00175,vendor payment,557902,PERSON_00176,vehicle advance
TXN_002820,2022-07-03,ACCT_00225,PERSON_00163,utility,6187,VENDOR_086,utility
TXN_002821,2024-11-18,ACCT_00013,PERSON_00090,cash deposit,310316,PERSON_00107,consultancy settlement
TXN_002822,2021-06-24,ACCT_00277,PERSON_00182,shopping,41316,VENDOR_025,shopping
TXN_002823,2026-06-04,ACCT_00383,PERSON_00347,gold purchase,258262,VENDOR_022,legitimate cash-intensive retail/festival activity
TXN_002824,2024-04-20,ACCT_00163,PERSON_00255,transfer,601312,PERSON_00025,freight settlement
TXN_002825,2022-07-30,ACCT_00048,PERSON_00067,grocery,3688,VENDOR_051,grocery
TXN_002826,2021-08-17,ACCT_00464,PERSON_00109,school fee,26653,VENDOR_091,school fee
TXN_002827,2023-04-15,ACCT_00460,PERSON_00336,fuel,16585,VENDOR_077,fuel
TXN_002828,2026-04-01,ACCT_00087,PERSON_00010,transfer,564285,PERSON_00346,registration/document fee
TXN_002829,2025-04-05,ACCT_00172,PERSON_00252,salary,24242,VENDOR_077,salary
TXN_002830,2023-03-12,ACCT_00141,PERSON_00356,utility,42157,VENDOR_034,utility
TXN_002831,2025-03-07,ACCT_00181,PERSON_00111,grocery,22240,VENDOR_094,grocery
TXN_002832,2025-05-10,ACCT_00368,PERSON_00019,grocery,15982,VENDOR_036,grocery
TXN_002833,2024-03-07,ACCT_00312,PERSON_00295,shopping,3551,VENDOR_071,shopping
TXN_002834,2022-03-19,ACCT_00246,PERSON_00244,supplier settlement,307054,VENDOR_009,legitimate cash-intensive retail/festival activity
TXN_002835,2024-06-15,ACCT_00329,PERSON_00069,cash withdrawal,336005,PERSON_00353,consultancy settlement
TXN_002836,2023-04-01,ACCT_00250,PERSON_00253,salary,2917,VENDOR_082,salary
TXN_002837,2021-12-18,ACCT_00026,PERSON_00448,cash withdrawal,145613,PERSON_00055,event services
TXN_002838,2025-03-16,ACCT_00174,PERSON_00414,restaurant,24982,VENDOR_083,restaurant
TXN_002839,2024-07-07,ACCT_00298,PERSON_00371,school fee,2336,VENDOR_054,school fee
TXN_002840,2023-05-12,ACCT_00225,PERSON_00163,invoice,888095,PERSON_00445,service commission
TXN_002841,2023-09-17,ACCT_00343,PERSON_00303,rent,26841,VENDOR_013,rent
TXN_002842,2023-12-10,ACCT_00052,PERSON_00438,vendor payment,700749,PERSON_00282,vehicle advance
TXN_002843,2021-04-04,ACCT_00460,PERSON_00336,grocery,30424,VENDOR_069,grocery
TXN_002844,2023-03-07,ACCT_00088,PERSON_00155,school fee,28182,VENDOR_038,school fee
TXN_002845,2023-06-02,ACCT_00136,PERSON_00042,cash withdrawal,31891,VENDOR_021,cash withdrawal
TXN_002846,2021-12-16,ACCT_00246,PERSON_00244,cash deposit,88228,VENDOR_005,legitimate cash-intensive retail/festival activity
TXN_002847,2023-10-29,ACCT_00429,PERSON_00382,grocery,30607,VENDOR_007,grocery
TXN_002848,2023-11-22,ACCT_00465,PERSON_00282,settlement,276282,PERSON_00345,vehicle advance
TXN_002849,2026-01-17,ACCT_00254,PERSON_00154,settlement,122760,PERSON_00246,site material settlement
TXN_002850,2025-02-20,ACCT_00130,PERSON_00416,settlement,104148,PERSON_00259,premium settlement
TXN_002851,2025-10-17,ACCT_00402,PERSON_00345,utility,33938,VENDOR_077,utility
TXN_002852,2022-10-24,ACCT_00142,PERSON_00179,festival advance,57754,VENDOR_026,legitimate cash-intensive retail/festival activity
TXN_002853,2021-10-19,ACCT_00274,PERSON_00188,utility,18087,VENDOR_042,utility
TXN_002854,2026-05-16,ACCT_00438,PERSON_00074,cash deposit,39117,VENDOR_028,legitimate cash-intensive retail/festival activity
TXN_002855,2025-06-16,ACCT_00261,PERSON_00235,rent,34319,VENDOR_073,rent
TXN_002856,2023-08-20,ACCT_00319,PERSON_00404,cash withdrawal,9787,VENDOR_072,cash withdrawal
TXN_002857,2025-05-10,ACCT_00059,PERSON_00390,medical,26031,VENDOR_099,medical
TXN_002858,2022-11-23,ACCT_00358,PERSON_00085,transfer,405335,PERSON_00048,site material settlement
TXN_002859,2026-04-03,ACCT_00467,PERSON_00357,shopping,4333,VENDOR_063,shopping
TXN_002860,2024-04-07,ACCT_00373,PERSON_00141,cash deposit,837261,PERSON_00040,transport settlement
TXN_002861,2026-01-06,ACCT_00014,PERSON_00088,festival advance,268270,VENDOR_060,legitimate cash-intensive retail/festival activity
TXN_002862,2024-04-08,ACCT_00056,PERSON_00222,utility,29400,VENDOR_037,utility
TXN_002863,2023-03-05,ACCT_00141,PERSON_00356,rent,4684,VENDOR_008,rent
TXN_002864,2023-07-27,ACCT_00478,PERSON_00218,cash withdrawal,25234,VENDOR_058,cash withdrawal
TXN_002865,2025-01-06,ACCT_00375,PERSON_00403,shopping,30339,VENDOR_054,shopping
TXN_002866,2022-06-02,ACCT_00470,PERSON_00324,grocery,2958,VENDOR_051,grocery
TXN_002867,2024-01-09,ACCT_00431,PERSON_00346,utility,38261,VENDOR_004,utility
TXN_002868,2022-09-17,ACCT_00142,PERSON_00179,festival advance,84736,VENDOR_088,legitimate cash-intensive retail/festival activity
TXN_002869,2023-08-11,ACCT_00264,PERSON_00015,utility,7761,VENDOR_010,utility
TXN_002870,2025-08-23,ACCT_00201,PERSON_00224,grocery,19511,VENDOR_011,grocery
TXN_002871,2024-12-03,ACCT_00215,PERSON_00078,utility,8001,VENDOR_008,utility
TXN_002872,2022-08-24,ACCT_00366,PERSON_00063,rent,11113,VENDOR_034,rent
TXN_002873,2024-02-12,ACCT_00146,PERSON_00287,cash withdrawal,591684,PERSON_00227,site material settlement
TXN_002874,2025-04-15,ACCT_00142,PERSON_00179,supplier settlement,79647,VENDOR_044,legitimate cash-intensive retail/festival activity
TXN_002875,2025-07-05,ACCT_00121,PERSON_00056,medical,26267,VENDOR_033,medical
TXN_002876,2022-05-13,ACCT_00227,PERSON_00023,wholesale jewellery,291126,VENDOR_024,legitimate cash-intensive retail/festival activity
TXN_002877,2025-12-15,ACCT_00078,PERSON_00428,fuel,38465,VENDOR_008,fuel
TXN_002878,2023-01-23,ACCT_00289,PERSON_00131,shopping,41640,VENDOR_027,shopping
TXN_002879,2025-09-02,ACCT_00157,PERSON_00317,medical,19052,VENDOR_030,medical
TXN_002880,2023-11-05,ACCT_00132,PERSON_00100,grocery,11689,VENDOR_070,grocery
TXN_002881,2021-07-30,ACCT_00239,PERSON_00401,shopping,3420,VENDOR_043,shopping
TXN_002882,2025-12-24,ACCT_00447,PERSON_00379,vendor payment,860316,PERSON_00035,consultancy settlement
TXN_002883,2026-05-29,ACCT_00220,PERSON_00259,fuel,5896,VENDOR_097,fuel
TXN_002884,2021-11-21,ACCT_00414,PERSON_00130,vendor payment,243709,PERSON_00173,service commission
TXN_002885,2022-12-11,ACCT_00232,PERSON_00416,cash withdrawal,243996,PERSON_00220,premium settlement
TXN_002886,2023-11-28,ACCT_00037,PERSON_00113,transport,24318,VENDOR_065,transport
TXN_002887,2025-03-18,ACCT_00141,PERSON_00356,fuel,9724,VENDOR_039,fuel
TXN_002888,2023-12-26,ACCT_00021,PERSON_00367,salary,13843,VENDOR_078,salary
TXN_002889,2024-06-17,ACCT_00454,PERSON_00119,rent,8864,VENDOR_042,rent
TXN_002890,2025-12-22,ACCT_00170,PERSON_00123,shopping,38572,VENDOR_060,shopping
TXN_002891,2025-08-11,ACCT_00338,PERSON_00118,grocery,31278,VENDOR_044,grocery
TXN_002892,2021-07-10,ACCT_00414,PERSON_00130,rent,2380,VENDOR_080,rent
TXN_002893,2025-07-02,ACCT_00238,PERSON_00321,shopping,27818,VENDOR_098,shopping
TXN_004703,2024-07-14,ACCT_00102,PERSON_00173,transfer,77780,PERSON_00101,intermediary settlement
TXN_002895,2026-06-09,ACCT_00290,PERSON_00362,settlement,735267,PERSON_00070,premium settlement
TXN_002896,2022-05-24,ACCT_00461,PERSON_00217,grocery,22244,VENDOR_018,grocery
TXN_002897,2024-07-21,ACCT_00136,PERSON_00042,restaurant,8431,VENDOR_023,restaurant
TXN_002898,2022-09-18,ACCT_00407,PERSON_00011,salary,28326,VENDOR_051,salary
TXN_002899,2021-05-31,ACCT_00032,PERSON_00065,utility,5097,VENDOR_067,utility
TXN_002900,2021-11-13,ACCT_00026,PERSON_00448,cash withdrawal,41739,VENDOR_053,cash withdrawal
TXN_002901,2021-01-06,ACCT_00456,PERSON_00142,medical,5329,VENDOR_016,medical
TXN_002902,2023-03-02,ACCT_00413,PERSON_00233,cash withdrawal,42426,VENDOR_086,cash withdrawal
TXN_002903,2022-06-27,ACCT_00057,PERSON_00311,cash deposit,568218,PERSON_00259,premium settlement
TXN_002904,2023-07-04,ACCT_00062,PERSON_00388,fuel,41305,VENDOR_013,fuel
TXN_002905,2021-01-23,ACCT_00039,PERSON_00078,settlement,614379,PERSON_00185,wholesale goods
TXN_002906,2025-10-19,ACCT_00213,PERSON_00048,cash withdrawal,716332,PERSON_00027,site material settlement
TXN_002907,2024-03-17,ACCT_00069,PERSON_00165,transfer,590957,PERSON_00398,transport settlement
TXN_002908,2022-12-23,ACCT_00248,PERSON_00025,cash withdrawal,39546,VENDOR_078,cash withdrawal
TXN_002909,2024-04-05,ACCT_00201,PERSON_00224,salary,36872,VENDOR_044,salary
TXN_002910,2022-11-21,ACCT_00331,PERSON_00140,rent,29628,VENDOR_078,rent
TXN_002911,2023-07-19,ACCT_00132,PERSON_00100,grocery,42107,VENDOR_016,grocery
TXN_002912,2022-10-03,ACCT_00333,PERSON_00112,school fee,1964,VENDOR_085,school fee
TXN_002913,2023-06-05,ACCT_00056,PERSON_00222,mobile recharge,35891,VENDOR_094,mobile recharge
TXN_002914,2021-07-21,ACCT_00052,PERSON_00438,fuel,22023,VENDOR_038,fuel
TXN_002915,2025-12-18,ACCT_00020,PERSON_00143,school fee,25862,VENDOR_070,school fee
TXN_002916,2025-06-11,ACCT_00331,PERSON_00140,grocery,5740,VENDOR_046,grocery
TXN_002917,2024-02-28,ACCT_00037,PERSON_00113,wholesale jewellery,359158,VENDOR_079,legitimate cash-intensive retail/festival activity
TXN_002918,2024-04-28,ACCT_00131,PERSON_00331,settlement,685224,PERSON_00333,transport settlement
TXN_002919,2026-06-27,ACCT_00184,PERSON_00343,transport,18649,VENDOR_094,transport
TXN_002920,2025-07-30,ACCT_00283,PERSON_00112,rent,38806,VENDOR_052,rent
TXN_002921,2025-01-10,ACCT_00354,PERSON_00164,utility,41938,VENDOR_073,utility
TXN_002922,2022-05-22,ACCT_00174,PERSON_00414,utility,11358,VENDOR_021,utility
TXN_002923,2021-05-21,ACCT_00150,PERSON_00231,cash deposit,824113,PERSON_00336,wholesale goods
TXN_002924,2024-03-14,ACCT_00070,PERSON_00216,mobile recharge,22370,VENDOR_039,mobile recharge
TXN_002925,2024-04-20,ACCT_00354,PERSON_00164,cash withdrawal,11763,VENDOR_031,cash withdrawal
TXN_002926,2021-09-10,ACCT_00300,PERSON_00272,restaurant,38389,VENDOR_013,restaurant
TXN_002927,2022-05-14,ACCT_00398,PERSON_00274,restaurant,24299,VENDOR_094,restaurant
TXN_002928,2024-06-28,ACCT_00152,PERSON_00219,grocery,1340,VENDOR_022,grocery
TXN_002929,2022-08-17,ACCT_00298,PERSON_00371,cash withdrawal,44904,VENDOR_009,cash withdrawal
TXN_002930,2022-01-25,ACCT_00456,PERSON_00142,medical,35586,VENDOR_042,medical
TXN_002931,2026-02-09,ACCT_00054,PERSON_00157,salary,4081,VENDOR_027,salary
TXN_002932,2026-03-25,ACCT_00178,PERSON_00413,cash withdrawal,13579,VENDOR_016,cash withdrawal
TXN_002933,2021-04-21,ACCT_00376,PERSON_00232,restaurant,9630,VENDOR_069,restaurant
TXN_002934,2026-04-29,ACCT_00001,PERSON_00033,grocery,27453,VENDOR_031,grocery
TXN_002935,2023-11-06,ACCT_00471,PERSON_00353,cash withdrawal,1095,VENDOR_060,cash withdrawal
TXN_002936,2025-05-04,ACCT_00280,PERSON_00205,utility,18025,VENDOR_063,utility
TXN_002937,2024-07-15,ACCT_00391,PERSON_00377,school fee,37769,VENDOR_074,school fee
TXN_002938,2022-06-03,ACCT_00305,PERSON_00020,rent,28713,VENDOR_031,rent
TXN_002939,2022-04-11,ACCT_00184,PERSON_00343,transfer,380525,PERSON_00078,wholesale goods
TXN_002940,2025-06-01,ACCT_00056,PERSON_00222,restaurant,11505,VENDOR_011,restaurant
TXN_002941,2022-02-12,ACCT_00090,PERSON_00084,rent,15694,VENDOR_014,rent
TXN_002942,2022-01-02,ACCT_00419,PERSON_00380,grocery,21210,VENDOR_009,grocery
TXN_002943,2024-05-14,ACCT_00367,PERSON_00256,restaurant,25130,VENDOR_040,restaurant
TXN_002944,2025-08-16,ACCT_00427,PERSON_00109,utility,4015,VENDOR_080,utility
TXN_002945,2024-09-06,ACCT_00251,PERSON_00383,cash withdrawal,32401,VENDOR_049,cash withdrawal
TXN_002946,2022-08-04,ACCT_00359,PERSON_00427,cash deposit,878551,PERSON_00048,site material settlement
TXN_002947,2023-10-14,ACCT_00185,PERSON_00412,grocery,25305,VENDOR_064,grocery
TXN_002948,2023-01-14,ACCT_00432,PERSON_00170,salary,30791,VENDOR_021,salary
TXN_002949,2021-03-04,ACCT_00003,PERSON_00434,cash withdrawal,688134,PERSON_00130,service commission
TXN_002950,2021-05-07,ACCT_00457,PERSON_00300,grocery,33693,VENDOR_060,grocery
TXN_002951,2025-01-31,ACCT_00438,PERSON_00074,supplier settlement,425149,VENDOR_074,legitimate cash-intensive retail/festival activity
TXN_002952,2021-06-07,ACCT_00359,PERSON_00427,grocery,25301,VENDOR_001,grocery
TXN_002953,2025-07-15,ACCT_00035,PERSON_00228,fuel,3950,VENDOR_005,fuel
TXN_002954,2026-06-06,ACCT_00001,PERSON_00033,cash deposit,65959,VENDOR_085,legitimate cash-intensive retail/festival activity
TXN_002955,2022-04-16,ACCT_00231,PERSON_00246,cash withdrawal,11777,VENDOR_045,cash withdrawal
TXN_002956,2022-01-21,ACCT_00013,PERSON_00090,fuel,42955,VENDOR_045,fuel
TXN_002957,2023-07-05,ACCT_00240,PERSON_00450,salary,7760,VENDOR_052,salary
TXN_002958,2022-04-08,ACCT_00181,PERSON_00111,shopping,40600,VENDOR_079,shopping
TXN_002959,2022-04-10,ACCT_00208,PERSON_00368,grocery,41599,VENDOR_022,grocery
TXN_002960,2024-03-14,ACCT_00200,PERSON_00423,restaurant,43753,VENDOR_006,restaurant
TXN_002961,2023-08-08,ACCT_00364,PERSON_00103,restaurant,31192,VENDOR_075,restaurant
TXN_002962,2022-12-01,ACCT_00338,PERSON_00118,mobile recharge,10860,VENDOR_052,mobile recharge
TXN_002963,2023-11-11,ACCT_00211,PERSON_00039,shopping,15956,VENDOR_022,shopping
TXN_002964,2023-06-16,ACCT_00028,PERSON_00059,wholesale jewellery,175648,VENDOR_099,legitimate cash-intensive retail/festival activity
TXN_002965,2023-08-25,ACCT_00390,PERSON_00049,shopping,26567,VENDOR_085,shopping
TXN_002966,2022-09-21,ACCT_00108,PERSON_00147,settlement,721198,PERSON_00394,transport settlement
TXN_002967,2025-12-09,ACCT_00061,PERSON_00102,invoice,576089,PERSON_00177,event services
TXN_002968,2022-01-30,ACCT_00065,PERSON_00014,cash deposit,801762,PERSON_00309,freight settlement
TXN_002969,2021-10-13,ACCT_00432,PERSON_00170,cash deposit,258251,PERSON_00130,service commission
TXN_002970,2023-12-22,ACCT_00245,PERSON_00151,cash withdrawal,416384,PERSON_00375,consultancy settlement
TXN_002971,2025-09-04,ACCT_00053,PERSON_00152,cash withdrawal,36689,VENDOR_098,cash withdrawal
TXN_002972,2021-11-22,ACCT_00408,PERSON_00407,rent,44107,VENDOR_046,rent
TXN_002973,2025-10-03,ACCT_00361,PERSON_00035,salary,25513,VENDOR_051,salary
TXN_002974,2025-10-06,ACCT_00376,PERSON_00232,cash withdrawal,662876,PERSON_00157,freight settlement
TXN_002975,2024-04-07,ACCT_00439,PERSON_00385,fuel,19219,VENDOR_043,fuel
TXN_002976,2023-04-30,ACCT_00097,PERSON_00105,invoice,882499,PERSON_00135,registration/document fee
TXN_002977,2025-02-18,ACCT_00362,PERSON_00147,settlement,72032,PERSON_00201,transport settlement
TXN_002978,2021-11-29,ACCT_00132,PERSON_00100,cash deposit,437067,VENDOR_076,legitimate cash-intensive retail/festival activity
TXN_002979,2024-03-26,ACCT_00331,PERSON_00140,shopping,17299,VENDOR_003,shopping
TXN_002980,2024-08-11,ACCT_00373,PERSON_00141,shopping,14360,VENDOR_024,shopping
TXN_002981,2021-08-19,ACCT_00422,PERSON_00052,cash withdrawal,404712,PERSON_00374,event services
TXN_002982,2023-04-04,ACCT_00144,PERSON_00312,invoice,169341,PERSON_00220,premium settlement
TXN_002983,2026-05-23,ACCT_00187,PERSON_00273,grocery,41105,VENDOR_069,grocery
TXN_002984,2024-01-06,ACCT_00195,PERSON_00185,invoice,585256,PERSON_00337,wholesale goods
TXN_002985,2022-09-21,ACCT_00422,PERSON_00052,rent,23978,VENDOR_094,rent
TXN_002986,2023-06-22,ACCT_00061,PERSON_00102,vendor payment,178891,PERSON_00448,event services
TXN_002987,2021-10-15,ACCT_00437,PERSON_00360,rent,6464,VENDOR_023,rent
TXN_002988,2025-06-22,ACCT_00221,PERSON_00112,fuel,34064,VENDOR_010,fuel
TXN_002989,2024-12-11,ACCT_00078,PERSON_00428,cash withdrawal,21976,VENDOR_026,cash withdrawal
TXN_002990,2025-03-22,ACCT_00184,PERSON_00343,invoice,384972,PERSON_00043,wholesale goods
TXN_002991,2023-08-02,ACCT_00084,PERSON_00133,vendor payment,650305,PERSON_00064,event services
TXN_002992,2022-09-10,ACCT_00200,PERSON_00423,medical,6371,VENDOR_073,medical
TXN_002993,2024-01-23,ACCT_00303,PERSON_00442,cash deposit,626053,PERSON_00175,vehicle advance
TXN_002994,2023-05-16,ACCT_00103,PERSON_00323,grocery,40893,VENDOR_061,grocery
TXN_002995,2023-02-25,ACCT_00147,PERSON_00214,rent,12649,VENDOR_067,rent
TXN_002996,2021-02-04,ACCT_00283,PERSON_00112,rent,27600,VENDOR_057,rent
TXN_002997,2021-11-03,ACCT_00391,PERSON_00377,salary,38915,VENDOR_026,salary
TXN_002998,2021-04-16,ACCT_00176,PERSON_00264,shopping,27379,VENDOR_007,shopping
TXN_002999,2021-06-03,ACCT_00349,PERSON_00384,transfer,433323,PERSON_00165,transport settlement
TXN_003000,2024-05-01,ACCT_00030,PERSON_00363,invoice,531736,PERSON_00250,site material settlement
TXN_003001,2021-01-01,ACCT_00470,PERSON_00324,fuel,15315,VENDOR_084,fuel
TXN_003002,2023-02-02,ACCT_00144,PERSON_00312,school fee,39123,VENDOR_096,school fee
TXN_003003,2022-05-18,ACCT_00361,PERSON_00035,cash withdrawal,39912,VENDOR_074,cash withdrawal
TXN_003004,2021-05-03,ACCT_00028,PERSON_00059,supplier settlement,83286,VENDOR_069,legitimate cash-intensive retail/festival activity
TXN_003005,2023-02-01,ACCT_00408,PERSON_00407,vendor payment,675763,PERSON_00011,premium settlement
TXN_003006,2025-08-21,ACCT_00120,PERSON_00153,mobile recharge,40813,VENDOR_001,mobile recharge
TXN_003007,2025-09-02,ACCT_00370,PERSON_00046,rent,10737,VENDOR_027,rent
TXN_003008,2022-12-13,ACCT_00241,PERSON_00430,transfer,609580,PERSON_00044,service commission
TXN_003009,2021-01-31,ACCT_00376,PERSON_00232,shopping,17552,VENDOR_082,shopping
TXN_003010,2024-12-30,ACCT_00350,PERSON_00059,supplier settlement,31646,VENDOR_029,legitimate cash-intensive retail/festival activity
TXN_003011,2026-01-07,ACCT_00437,PERSON_00360,grocery,32476,VENDOR_084,grocery
TXN_003012,2024-11-05,ACCT_00479,PERSON_00082,grocery,11518,VENDOR_070,grocery
TXN_003013,2025-12-24,ACCT_00075,PERSON_00271,fuel,10940,VENDOR_027,fuel
TXN_003014,2022-01-07,ACCT_00383,PERSON_00347,cash deposit,45034,VENDOR_061,legitimate cash-intensive retail/festival activity
TXN_003015,2021-11-14,ACCT_00414,PERSON_00130,grocery,39041,VENDOR_086,grocery
TXN_003016,2022-08-16,ACCT_00331,PERSON_00140,salary,16004,VENDOR_049,salary
TXN_003017,2022-08-11,ACCT_00126,PERSON_00062,grocery,42072,VENDOR_087,grocery
TXN_003018,2024-06-21,ACCT_00414,PERSON_00130,grocery,21135,VENDOR_032,grocery
TXN_003019,2021-09-28,ACCT_00040,PERSON_00384,salary,44716,VENDOR_013,salary
TXN_003020,2023-07-08,ACCT_00474,PERSON_00116,transport,14996,VENDOR_003,transport
TXN_003021,2022-07-16,ACCT_00347,PERSON_00291,rent,21782,VENDOR_100,rent
TXN_003022,2024-11-06,ACCT_00248,PERSON_00025,cash withdrawal,19127,VENDOR_059,cash withdrawal
TXN_003023,2021-09-05,ACCT_00210,PERSON_00290,shopping,882,VENDOR_055,shopping
TXN_003024,2022-02-26,ACCT_00452,PERSON_00369,salary,31754,VENDOR_068,salary
TXN_003025,2023-04-17,ACCT_00477,PERSON_00031,settlement,553696,PERSON_00188,event services
TXN_003026,2025-09-26,ACCT_00142,PERSON_00179,cash deposit,12727,VENDOR_028,legitimate cash-intensive retail/festival activity
TXN_003027,2022-08-25,ACCT_00290,PERSON_00362,grocery,18666,VENDOR_061,grocery
TXN_003028,2025-12-02,ACCT_00210,PERSON_00290,fuel,8186,VENDOR_029,fuel
TXN_003029,2025-08-26,ACCT_00009,PERSON_00057,cash withdrawal,30683,VENDOR_019,cash withdrawal
TXN_003030,2023-09-15,ACCT_00015,PERSON_00294,cash deposit,892177,PERSON_00068,site material settlement
TXN_003031,2021-09-03,ACCT_00132,PERSON_00100,gold purchase,83216,VENDOR_007,legitimate cash-intensive retail/festival activity
TXN_003032,2026-06-19,ACCT_00366,PERSON_00063,rent,20587,VENDOR_065,rent
TXN_003033,2022-01-07,ACCT_00337,PERSON_00279,transfer,54679,PERSON_00185,wholesale goods
TXN_003034,2022-06-24,ACCT_00002,PERSON_00337,settlement,358797,PERSON_00184,wholesale goods
TXN_003035,2022-07-24,ACCT_00133,PERSON_00184,rent,16888,VENDOR_047,rent
TXN_003036,2021-12-21,ACCT_00052,PERSON_00438,shopping,37629,VENDOR_030,shopping
TXN_003037,2022-03-18,ACCT_00021,PERSON_00367,shopping,19331,VENDOR_050,shopping
TXN_003038,2021-03-15,ACCT_00415,PERSON_00309,rent,28416,VENDOR_037,rent
TXN_003039,2024-12-10,ACCT_00314,PERSON_00189,cash withdrawal,17650,VENDOR_037,cash withdrawal
TXN_003040,2022-11-07,ACCT_00015,PERSON_00294,cash withdrawal,23757,VENDOR_096,cash withdrawal
TXN_003041,2021-04-29,ACCT_00192,PERSON_00405,cash deposit,221226,PERSON_00072,vehicle advance
TXN_003042,2022-02-16,ACCT_00261,PERSON_00235,salary,31057,VENDOR_085,salary
TXN_003043,2023-09-30,ACCT_00114,PERSON_00194,mobile recharge,13587,VENDOR_004,mobile recharge
TXN_003044,2024-11-15,ACCT_00350,PERSON_00059,school fee,3948,VENDOR_071,school fee
TXN_003045,2025-05-29,ACCT_00001,PERSON_00033,wholesale jewellery,149107,VENDOR_050,legitimate cash-intensive retail/festival activity
TXN_003046,2026-01-18,ACCT_00353,PERSON_00411,shopping,11556,VENDOR_075,shopping
TXN_003047,2023-03-27,ACCT_00462,PERSON_00186,restaurant,33303,VENDOR_097,restaurant
TXN_003048,2026-06-07,ACCT_00142,PERSON_00179,cash deposit,266237,VENDOR_078,legitimate cash-intensive retail/festival activity
TXN_003049,2021-02-12,ACCT_00241,PERSON_00430,shopping,27651,VENDOR_002,shopping
TXN_003050,2025-07-13,ACCT_00405,PERSON_00329,transfer,865730,PERSON_00157,freight settlement
TXN_003051,2024-10-19,ACCT_00162,PERSON_00376,cash withdrawal,312059,PERSON_00325,service commission
TXN_003052,2025-06-20,ACCT_00256,PERSON_00309,cash deposit,462680,PERSON_00053,freight settlement
TXN_003053,2024-05-13,ACCT_00390,PERSON_00049,grocery,35152,VENDOR_006,grocery
TXN_003054,2023-05-02,ACCT_00366,PERSON_00063,shopping,15201,VENDOR_020,shopping
TXN_003055,2024-02-08,ACCT_00462,PERSON_00186,school fee,10221,VENDOR_031,school fee
TXN_003056,2025-04-12,ACCT_00479,PERSON_00082,cash withdrawal,30165,VENDOR_081,cash withdrawal
TXN_003057,2025-04-15,ACCT_00191,PERSON_00208,transport,19367,VENDOR_086,transport
TXN_003058,2022-07-27,ACCT_00414,PERSON_00130,cash deposit,545490,PERSON_00430,service commission
TXN_003059,2025-01-05,ACCT_00063,PERSON_00400,cash deposit,579469,PERSON_00010,registration/document fee
TXN_003060,2021-11-24,ACCT_00018,PERSON_00156,rent,31481,VENDOR_100,rent
TXN_003061,2024-05-28,ACCT_00236,PERSON_00275,cash withdrawal,4753,VENDOR_078,cash withdrawal
TXN_003062,2023-05-03,ACCT_00350,PERSON_00059,restaurant,17153,VENDOR_028,restaurant
TXN_003063,2024-07-21,ACCT_00390,PERSON_00049,school fee,16582,VENDOR_072,school fee
TXN_003064,2025-11-10,ACCT_00407,PERSON_00011,settlement,750395,PERSON_00220,premium settlement
TXN_003065,2026-06-19,ACCT_00124,PERSON_00270,shopping,7189,VENDOR_090,shopping
TXN_003066,2022-01-17,ACCT_00204,PERSON_00070,salary,34862,VENDOR_033,salary
TXN_003067,2023-09-16,ACCT_00014,PERSON_00088,gold purchase,275131,VENDOR_037,legitimate cash-intensive retail/festival activity
TXN_003068,2021-04-10,ACCT_00294,PERSON_00177,transport,5908,VENDOR_018,transport
TXN_003069,2021-07-28,ACCT_00116,PERSON_00106,salary,14116,VENDOR_077,salary
TXN_003070,2021-09-29,ACCT_00438,PERSON_00074,festival advance,114760,VENDOR_060,legitimate cash-intensive retail/festival activity
TXN_003071,2025-12-09,ACCT_00361,PERSON_00035,mobile recharge,22744,VENDOR_096,mobile recharge
TXN_003072,2023-08-16,ACCT_00396,PERSON_00115,rent,32769,VENDOR_030,rent
TXN_003073,2024-09-15,ACCT_00111,PERSON_00144,fuel,39154,VENDOR_083,fuel
TXN_003074,2026-02-10,ACCT_00016,PERSON_00220,vendor payment,602561,PERSON_00434,vehicle advance
TXN_003075,2025-09-03,ACCT_00250,PERSON_00253,grocery,8364,VENDOR_078,grocery
TXN_003076,2024-01-24,ACCT_00321,PERSON_00167,utility,41857,VENDOR_029,utility
TXN_003077,2021-04-16,ACCT_00218,PERSON_00117,grocery,19916,VENDOR_042,grocery
TXN_003078,2022-03-07,ACCT_00435,PERSON_00352,shopping,5861,VENDOR_028,shopping
TXN_003079,2022-01-15,ACCT_00234,PERSON_00158,grocery,38225,VENDOR_048,grocery
TXN_003080,2021-09-16,ACCT_00171,PERSON_00370,cash withdrawal,327069,PERSON_00325,service commission
TXN_003081,2025-08-28,ACCT_00051,PERSON_00099,cash withdrawal,17207,VENDOR_004,cash withdrawal
TXN_003082,2024-06-10,ACCT_00003,PERSON_00434,cash withdrawal,42912,VENDOR_057,cash withdrawal
TXN_003083,2022-02-20,ACCT_00044,PERSON_00086,transport,15459,VENDOR_071,transport
TXN_003084,2026-03-11,ACCT_00452,PERSON_00369,shopping,40500,VENDOR_047,shopping
TXN_003085,2024-07-01,ACCT_00361,PERSON_00035,rent,15318,VENDOR_074,rent
TXN_003086,2021-02-28,ACCT_00142,PERSON_00179,grocery,23178,VENDOR_053,grocery
TXN_003087,2026-03-10,ACCT_00083,PERSON_00220,vendor payment,459741,PERSON_00159,premium settlement
TXN_003088,2025-12-11,ACCT_00241,PERSON_00430,fuel,19041,VENDOR_052,fuel
TXN_007937,2023-02-09,ACCT_00451,PERSON_00281,transfer,94913,PERSON_00146,intermediary settlement
TXN_003090,2021-04-06,ACCT_00438,PERSON_00074,wholesale jewellery,279356,VENDOR_044,legitimate cash-intensive retail/festival activity
TXN_003091,2024-08-21,ACCT_00119,PERSON_00318,shopping,14546,VENDOR_098,shopping
TXN_003092,2022-04-06,ACCT_00227,PERSON_00023,school fee,23843,VENDOR_015,school fee
TXN_003093,2022-02-10,ACCT_00361,PERSON_00035,rent,4401,VENDOR_044,rent
TXN_003094,2023-07-23,ACCT_00102,PERSON_00173,settlement,831861,PERSON_00445,service commission
TXN_003095,2021-02-09,ACCT_00385,PERSON_00257,utility,41879,VENDOR_028,utility
TXN_003096,2025-07-07,ACCT_00246,PERSON_00244,supplier settlement,94344,VENDOR_089,legitimate cash-intensive retail/festival activity
TXN_003097,2022-06-05,ACCT_00133,PERSON_00184,invoice,176590,PERSON_00192,wholesale goods
TXN_003098,2022-06-10,ACCT_00376,PERSON_00232,cash withdrawal,37209,VENDOR_026,cash withdrawal
TXN_003099,2021-11-24,ACCT_00282,PERSON_00436,grocery,4046,VENDOR_073,grocery
TXN_003100,2022-11-06,ACCT_00132,PERSON_00100,gold purchase,302550,VENDOR_057,legitimate cash-intensive retail/festival activity
TXN_003101,2021-06-14,ACCT_00031,PERSON_00223,salary,20759,VENDOR_045,salary
TXN_003102,2025-11-24,ACCT_00461,PERSON_00217,salary,29867,VENDOR_047,salary
TXN_003103,2021-06-08,ACCT_00229,PERSON_00094,grocery,14701,VENDOR_082,grocery
TXN_003104,2024-08-23,ACCT_00339,PERSON_00426,settlement,827080,PERSON_00155,freight settlement
TXN_003105,2021-12-05,ACCT_00385,PERSON_00257,mobile recharge,41719,VENDOR_064,mobile recharge
TXN_003106,2021-04-27,ACCT_00407,PERSON_00011,gold purchase,407285,VENDOR_048,legitimate cash-intensive retail/festival activity
TXN_003107,2024-05-13,ACCT_00461,PERSON_00217,shopping,39631,VENDOR_099,shopping
TXN_003108,2023-09-04,ACCT_00011,PERSON_00010,medical,33019,VENDOR_070,medical
TXN_003109,2026-02-05,ACCT_00369,PERSON_00433,cash withdrawal,681565,PERSON_00256,site material settlement
TXN_003110,2022-10-13,ACCT_00388,PERSON_00149,shopping,6077,VENDOR_081,shopping
TXN_003111,2022-02-04,ACCT_00473,PERSON_00121,invoice,305808,PERSON_00151,consultancy settlement
TXN_003112,2026-05-10,ACCT_00467,PERSON_00357,transport,14629,VENDOR_003,transport
TXN_003113,2023-03-02,ACCT_00276,PERSON_00154,medical,30554,VENDOR_057,medical
TXN_003114,2026-06-15,ACCT_00355,PERSON_00263,cash deposit,526698,PERSON_00220,premium settlement
TXN_003115,2024-11-24,ACCT_00244,PERSON_00221,invoice,59527,PERSON_00387,consultancy settlement
TXN_003116,2026-06-07,ACCT_00337,PERSON_00279,vendor payment,550690,PERSON_00076,wholesale goods
TXN_003117,2023-05-23,ACCT_00469,PERSON_00060,fuel,7128,VENDOR_010,fuel
TXN_003118,2022-08-07,ACCT_00407,PERSON_00011,gold purchase,169107,VENDOR_026,legitimate cash-intensive retail/festival activity
TXN_003119,2021-01-02,ACCT_00300,PERSON_00272,transfer,110887,PERSON_00204,consultancy settlement
TXN_003120,2024-01-28,ACCT_00417,PERSON_00076,mobile recharge,4152,VENDOR_028,mobile recharge
TXN_003121,2022-04-10,ACCT_00227,PERSON_00023,school fee,38021,VENDOR_094,school fee
TXN_003122,2024-05-04,ACCT_00272,PERSON_00128,fuel,33623,VENDOR_087,fuel
TXN_003123,2024-01-11,ACCT_00403,PERSON_00258,cash withdrawal,4848,VENDOR_002,cash withdrawal
TXN_003124,2023-09-26,ACCT_00248,PERSON_00025,shopping,23104,VENDOR_080,shopping
TXN_003125,2021-11-22,ACCT_00442,PERSON_00079,fuel,9434,VENDOR_090,fuel
TXN_003126,2023-02-15,ACCT_00096,PERSON_00139,rent,16140,VENDOR_050,rent
TXN_003127,2024-01-19,ACCT_00058,PERSON_00319,medical,37401,VENDOR_044,medical
TXN_003128,2026-01-15,ACCT_00132,PERSON_00100,cash deposit,361078,VENDOR_033,legitimate cash-intensive retail/festival activity
TXN_003129,2026-05-11,ACCT_00001,PERSON_00033,festival advance,230009,VENDOR_023,legitimate cash-intensive retail/festival activity
TXN_003130,2021-05-27,ACCT_00331,PERSON_00140,salary,1721,VENDOR_077,salary
TXN_003131,2024-12-16,ACCT_00245,PERSON_00151,restaurant,21481,VENDOR_092,restaurant
TXN_003132,2023-05-19,ACCT_00240,PERSON_00450,restaurant,37271,VENDOR_010,restaurant
TXN_003133,2026-06-23,ACCT_00350,PERSON_00059,festival advance,53068,VENDOR_079,legitimate cash-intensive retail/festival activity
TXN_003134,2021-11-09,ACCT_00381,PERSON_00200,shopping,39658,VENDOR_095,shopping
TXN_003135,2025-01-26,ACCT_00287,PERSON_00071,rent,33052,VENDOR_054,rent
TXN_003136,2022-10-26,ACCT_00305,PERSON_00020,settlement,743353,PERSON_00152,service commission
TXN_003137,2025-03-13,ACCT_00429,PERSON_00382,mobile recharge,15162,VENDOR_083,mobile recharge
TXN_003138,2025-10-12,ACCT_00341,PERSON_00310,salary,23310,VENDOR_097,salary
TXN_003139,2024-06-03,ACCT_00032,PERSON_00065,grocery,35377,VENDOR_093,grocery
TXN_003140,2021-04-02,ACCT_00132,PERSON_00100,gold purchase,422197,VENDOR_051,legitimate cash-intensive retail/festival activity
TXN_003141,2025-11-01,ACCT_00376,PERSON_00232,invoice,354341,PERSON_00386,freight settlement
TXN_003142,2025-05-22,ACCT_00324,PERSON_00283,rent,11448,VENDOR_083,rent
TXN_003143,2022-10-04,ACCT_00272,PERSON_00128,cash withdrawal,38255,VENDOR_089,cash withdrawal
TXN_003144,2022-08-01,ACCT_00407,PERSON_00011,cash deposit,481040,PERSON_00220,premium settlement
TXN_003145,2025-08-01,ACCT_00226,PERSON_00168,transport,17538,VENDOR_060,transport
TXN_003146,2021-03-28,ACCT_00479,PERSON_00082,vendor payment,512599,PERSON_00398,transport settlement
TXN_003147,2025-12-31,ACCT_00002,PERSON_00337,mobile recharge,4370,VENDOR_009,mobile recharge
TXN_003148,2021-09-12,ACCT_00328,PERSON_00161,school fee,391,VENDOR_045,school fee
TXN_003149,2025-08-18,ACCT_00021,PERSON_00367,school fee,12179,VENDOR_073,school fee
TXN_003150,2026-02-02,ACCT_00292,PERSON_00007,grocery,13362,VENDOR_094,grocery
TXN_003151,2021-05-05,ACCT_00417,PERSON_00076,transport,20483,VENDOR_034,transport
TXN_003152,2025-06-28,ACCT_00001,PERSON_00033,festival advance,141855,VENDOR_058,legitimate cash-intensive retail/festival activity
TXN_003153,2023-04-24,ACCT_00229,PERSON_00094,cash deposit,531163,PERSON_00145,site material settlement
TXN_003154,2025-07-29,ACCT_00455,PERSON_00016,utility,27255,VENDOR_061,utility
TXN_003155,2024-07-20,ACCT_00290,PERSON_00362,cash deposit,231522,PERSON_00259,premium settlement
TXN_003156,2021-02-04,ACCT_00294,PERSON_00177,vendor payment,116713,PERSON_00448,event services
TXN_003157,2022-02-02,ACCT_00313,PERSON_00397,mobile recharge,32576,VENDOR_057,mobile recharge
TXN_003158,2026-03-18,ACCT_00270,PERSON_00306,cash withdrawal,55571,PERSON_00337,wholesale goods
TXN_003159,2022-06-26,ACCT_00197,PERSON_00169,invoice,597083,PERSON_00415,consultancy settlement
TXN_003160,2026-04-15,ACCT_00024,PERSON_00201,settlement,835300,PERSON_00082,transport settlement
TXN_003161,2022-08-07,ACCT_00316,PERSON_00237,fuel,37078,VENDOR_061,fuel
TXN_003162,2023-05-22,ACCT_00407,PERSON_00011,supplier settlement,430516,VENDOR_086,legitimate cash-intensive retail/festival activity
TXN_003163,2022-05-11,ACCT_00384,PERSON_00299,grocery,21932,VENDOR_026,grocery
TXN_003164,2021-02-11,ACCT_00423,PERSON_00439,salary,17715,VENDOR_091,salary
TXN_003165,2024-03-06,ACCT_00346,PERSON_00359,vendor payment,558891,PERSON_00094,site material settlement
TXN_003166,2023-11-12,ACCT_00451,PERSON_00281,invoice,143403,PERSON_00146,registration/document fee
TXN_003167,2022-12-21,ACCT_00057,PERSON_00311,grocery,10644,VENDOR_067,grocery
TXN_003168,2026-02-16,ACCT_00354,PERSON_00164,salary,2513,VENDOR_092,salary
TXN_003169,2023-02-28,ACCT_00145,PERSON_00005,grocery,26949,VENDOR_063,grocery
TXN_003170,2024-02-23,ACCT_00195,PERSON_00185,settlement,575362,PERSON_00343,wholesale goods
TXN_003171,2022-03-08,ACCT_00215,PERSON_00078,cash withdrawal,174666,PERSON_00360,wholesale goods
TXN_003172,2024-11-10,ACCT_00022,PERSON_00372,cash withdrawal,21017,VENDOR_031,cash withdrawal
TXN_003173,2025-03-25,ACCT_00216,PERSON_00230,cash withdrawal,3897,VENDOR_051,cash withdrawal
TXN_003174,2024-04-15,ACCT_00451,PERSON_00281,settlement,857539,PERSON_00237,registration/document fee
TXN_003175,2024-05-02,ACCT_00084,PERSON_00133,utility,41333,VENDOR_050,utility
TXN_003176,2025-09-17,ACCT_00210,PERSON_00290,settlement,295129,PERSON_00146,registration/document fee
TXN_003177,2021-04-09,ACCT_00112,PERSON_00351,restaurant,12158,VENDOR_078,restaurant
TXN_003178,2024-07-28,ACCT_00094,PERSON_00406,shopping,35196,VENDOR_025,shopping
TXN_003179,2021-01-24,ACCT_00339,PERSON_00426,medical,27197,VENDOR_059,medical
TXN_003180,2024-02-23,ACCT_00095,PERSON_00012,transfer,173206,PERSON_00281,site material settlement
TXN_003181,2026-05-02,ACCT_00315,PERSON_00202,mobile recharge,31991,VENDOR_033,mobile recharge
TXN_003182,2021-02-08,ACCT_00173,PERSON_00146,settlement,734798,PERSON_00346,registration/document fee
TXN_003183,2025-07-17,ACCT_00293,PERSON_00054,salary,11753,VENDOR_051,salary
TXN_003184,2022-09-26,ACCT_00233,PERSON_00344,mobile recharge,32009,VENDOR_061,mobile recharge
TXN_003185,2022-04-10,ACCT_00261,PERSON_00235,mobile recharge,27038,VENDOR_097,mobile recharge
TXN_003186,2022-07-21,ACCT_00062,PERSON_00388,shopping,11175,VENDOR_048,shopping
TXN_003187,2023-12-11,ACCT_00361,PERSON_00035,invoice,85407,PERSON_00359,consultancy settlement
TXN_003188,2021-08-13,ACCT_00172,PERSON_00252,restaurant,27266,VENDOR_065,restaurant
TXN_003189,2025-05-04,ACCT_00383,PERSON_00347,cash deposit,368236,VENDOR_018,legitimate cash-intensive retail/festival activity
TXN_003190,2023-01-22,ACCT_00407,PERSON_00011,wholesale jewellery,342437,VENDOR_082,legitimate cash-intensive retail/festival activity
TXN_003191,2024-04-15,ACCT_00216,PERSON_00230,mobile recharge,2949,VENDOR_038,mobile recharge
TXN_003192,2025-10-01,ACCT_00125,PERSON_00026,fuel,20637,VENDOR_080,fuel
TXN_003193,2025-11-09,ACCT_00023,PERSON_00437,transport,26945,VENDOR_038,transport
TXN_003194,2026-06-03,ACCT_00140,PERSON_00180,transport,19763,VENDOR_059,transport
TXN_003195,2021-07-20,ACCT_00039,PERSON_00078,cash withdrawal,600177,PERSON_00043,wholesale goods
TXN_003196,2023-04-28,ACCT_00028,PERSON_00059,cash deposit,55623,VENDOR_068,legitimate cash-intensive retail/festival activity
TXN_003197,2022-03-28,ACCT_00009,PERSON_00057,cash withdrawal,263884,PERSON_00385,premium settlement
TXN_003198,2025-11-27,ACCT_00246,PERSON_00244,salary,38636,VENDOR_007,salary
TXN_003199,2022-05-25,ACCT_00168,PERSON_00415,transport,1147,VENDOR_074,transport
TXN_003200,2024-04-13,ACCT_00367,PERSON_00256,transport,44738,VENDOR_080,transport
TXN_003201,2024-06-21,ACCT_00429,PERSON_00382,cash withdrawal,395769,PERSON_00282,vehicle advance
TXN_003202,2023-10-20,ACCT_00009,PERSON_00057,medical,4333,VENDOR_075,medical
TXN_003203,2023-06-29,ACCT_00227,PERSON_00023,festival advance,21469,VENDOR_082,legitimate cash-intensive retail/festival activity
TXN_003204,2021-07-25,ACCT_00236,PERSON_00275,vendor payment,13439,PERSON_00382,vehicle advance
TXN_003205,2024-11-01,ACCT_00227,PERSON_00023,festival advance,330863,VENDOR_015,legitimate cash-intensive retail/festival activity
TXN_003206,2025-08-31,ACCT_00028,PERSON_00059,festival advance,178076,VENDOR_001,legitimate cash-intensive retail/festival activity
TXN_003207,2025-03-01,ACCT_00441,PERSON_00304,grocery,5250,VENDOR_055,grocery
TXN_003208,2025-10-06,ACCT_00146,PERSON_00287,invoice,817773,PERSON_00382,vehicle advance
TXN_003209,2025-09-14,ACCT_00253,PERSON_00072,transfer,321140,PERSON_00322,consultancy settlement
TXN_003210,2023-12-07,ACCT_00219,PERSON_00316,cash withdrawal,23823,VENDOR_047,cash withdrawal
TXN_003211,2026-02-19,ACCT_00452,PERSON_00369,shopping,26367,VENDOR_034,shopping
TXN_003212,2023-06-14,ACCT_00039,PERSON_00078,transfer,609055,PERSON_00279,wholesale goods
TXN_003213,2021-04-03,ACCT_00451,PERSON_00281,shopping,3748,VENDOR_083,shopping
TXN_003214,2022-09-26,ACCT_00063,PERSON_00400,transfer,202875,PERSON_00105,registration/document fee
TXN_003215,2021-11-20,ACCT_00209,PERSON_00227,cash deposit,269771,PERSON_00363,site material settlement
TXN_003216,2022-03-16,ACCT_00269,PERSON_00101,settlement,155744,PERSON_00163,service commission
TXN_003217,2022-02-10,ACCT_00037,PERSON_00113,wholesale jewellery,263888,VENDOR_099,legitimate cash-intensive retail/festival activity
TXN_003218,2026-05-25,ACCT_00325,PERSON_00145,cash withdrawal,710852,PERSON_00236,site material settlement
TXN_003219,2025-10-09,ACCT_00339,PERSON_00426,cash deposit,298239,PERSON_00060,freight settlement
TXN_003220,2022-03-29,ACCT_00257,PERSON_00136,medical,21312,VENDOR_099,medical
TXN_003221,2022-11-21,ACCT_00097,PERSON_00105,cash withdrawal,689376,PERSON_00346,registration/document fee
TXN_003222,2023-08-16,ACCT_00095,PERSON_00012,restaurant,1709,VENDOR_062,restaurant
TXN_003223,2021-10-06,ACCT_00158,PERSON_00002,medical,25512,VENDOR_035,medical
TXN_003224,2024-12-01,ACCT_00220,PERSON_00259,cash deposit,499100,PERSON_00159,premium settlement
TXN_003225,2024-07-27,ACCT_00355,PERSON_00263,cash deposit,566477,PERSON_00057,premium settlement
TXN_003226,2025-05-10,ACCT_00417,PERSON_00076,settlement,689233,PERSON_00343,wholesale goods
TXN_003227,2024-07-04,ACCT_00309,PERSON_00127,cash withdrawal,6354,VENDOR_036,cash withdrawal
TXN_003228,2023-05-20,ACCT_00014,PERSON_00088,restaurant,32176,VENDOR_069,restaurant
TXN_003229,2026-06-09,ACCT_00449,PERSON_00159,vendor payment,425539,PERSON_00178,premium settlement
TXN_003230,2021-11-29,ACCT_00253,PERSON_00072,cash withdrawal,30546,VENDOR_073,cash withdrawal
TXN_003231,2024-07-11,ACCT_00057,PERSON_00311,shopping,40051,VENDOR_011,shopping
TXN_003232,2022-10-02,ACCT_00142,PERSON_00179,festival advance,401735,VENDOR_082,legitimate cash-intensive retail/festival activity
TXN_003233,2022-01-10,ACCT_00115,PERSON_00225,transfer,546050,PERSON_00221,consultancy settlement
TXN_003234,2024-06-16,ACCT_00197,PERSON_00169,transfer,150398,PERSON_00359,consultancy settlement
TXN_003235,2025-02-28,ACCT_00012,PERSON_00449,invoice,477181,PERSON_00378,vehicle advance
TXN_003236,2021-10-01,ACCT_00041,PERSON_00354,shopping,37036,VENDOR_004,shopping
TXN_003237,2021-10-29,ACCT_00037,PERSON_00113,wholesale jewellery,113476,Family Gold Traders,legitimate cash-intensive retail/festival activity
TXN_003238,2024-09-22,ACCT_00293,PERSON_00054,cash withdrawal,31340,VENDOR_084,cash withdrawal
TXN_003239,2022-08-31,ACCT_00136,PERSON_00042,vendor payment,248724,PERSON_00033,registration/document fee
TXN_003240,2026-01-05,ACCT_00341,PERSON_00310,cash withdrawal,24347,VENDOR_062,cash withdrawal
TXN_003241,2026-03-05,ACCT_00037,PERSON_00113,supplier settlement,429950,VENDOR_043,legitimate cash-intensive retail/festival activity
TXN_003242,2021-04-27,ACCT_00012,PERSON_00449,cash deposit,842920,PERSON_00082,transport settlement
TXN_003243,2021-06-11,ACCT_00130,PERSON_00416,grocery,7842,VENDOR_090,grocery
TXN_003244,2022-03-31,ACCT_00273,PERSON_00080,cash withdrawal,27863,VENDOR_029,cash withdrawal
TXN_003245,2025-11-15,ACCT_00086,PERSON_00206,transport,43685,VENDOR_037,transport
TXN_003246,2022-10-16,ACCT_00145,PERSON_00005,mobile recharge,7776,VENDOR_048,mobile recharge
TXN_003247,2025-07-02,ACCT_00383,PERSON_00347,supplier settlement,396494,VENDOR_021,legitimate cash-intensive retail/festival activity
TXN_003248,2022-08-13,ACCT_00195,PERSON_00185,cash withdrawal,739475,PERSON_00171,wholesale goods
TXN_003249,2023-06-16,ACCT_00316,PERSON_00237,cash deposit,248180,PERSON_00400,registration/document fee
TXN_003250,2023-09-11,ACCT_00445,PERSON_00259,grocery,21126,VENDOR_005,grocery
TXN_003251,2023-08-13,ACCT_00309,PERSON_00127,invoice,686987,PERSON_00239,consultancy settlement
TXN_003252,2025-06-05,ACCT_00460,PERSON_00336,cash deposit,740840,PERSON_00043,wholesale goods
TXN_003253,2024-09-16,ACCT_00268,PERSON_00422,cash withdrawal,11939,VENDOR_071,cash withdrawal
TXN_003254,2024-09-11,ACCT_00017,PERSON_00088,wholesale jewellery,380602,VENDOR_056,legitimate cash-intensive retail/festival activity
TXN_003255,2024-09-17,ACCT_00015,PERSON_00294,rent,31169,VENDOR_035,rent
TXN_003256,2025-12-31,ACCT_00407,PERSON_00011,cash deposit,114445,VENDOR_026,legitimate cash-intensive retail/festival activity
TXN_003257,2025-11-20,ACCT_00335,PERSON_00248,fuel,34779,VENDOR_089,fuel
TXN_003258,2022-09-17,ACCT_00386,PERSON_00276,restaurant,18364,VENDOR_062,restaurant
TXN_003259,2024-11-14,ACCT_00108,PERSON_00147,rent,44380,VENDOR_012,rent
TXN_003260,2023-02-17,ACCT_00001,PERSON_00033,settlement,150446,PERSON_00237,registration/document fee
TXN_003261,2025-11-23,ACCT_00383,PERSON_00347,cash deposit,292328,VENDOR_019,legitimate cash-intensive retail/festival activity
TXN_003262,2026-02-25,ACCT_00039,PERSON_00078,school fee,21373,VENDOR_010,school fee
TXN_003263,2022-01-28,ACCT_00014,PERSON_00088,rent,37920,VENDOR_087,rent
TXN_003264,2022-08-19,ACCT_00037,PERSON_00113,festival advance,14496,VENDOR_076,legitimate cash-intensive retail/festival activity
TXN_003265,2024-02-10,ACCT_00397,PERSON_00052,restaurant,29581,VENDOR_092,restaurant
TXN_003266,2024-06-27,ACCT_00246,PERSON_00244,cash deposit,244754,VENDOR_039,legitimate cash-intensive retail/festival activity
TXN_005769,2023-07-31,ACCT_00102,PERSON_00173,transfer,43796,PERSON_00152,intermediary settlement
TXN_003268,2022-08-09,ACCT_00013,PERSON_00090,salary,34011,VENDOR_084,salary
TXN_003269,2021-09-29,ACCT_00432,PERSON_00170,grocery,24141,VENDOR_050,grocery
TXN_003270,2024-06-08,ACCT_00218,PERSON_00117,restaurant,35927,VENDOR_067,restaurant
TXN_003271,2021-01-18,ACCT_00273,PERSON_00080,shopping,233,VENDOR_042,shopping
TXN_003272,2025-05-21,ACCT_00090,PERSON_00084,transport,41357,VENDOR_075,transport
TXN_003273,2024-12-25,ACCT_00353,PERSON_00411,fuel,10779,VENDOR_013,fuel
TXN_003274,2026-02-03,ACCT_00407,PERSON_00011,festival advance,219423,VENDOR_006,legitimate cash-intensive retail/festival activity
TXN_003275,2021-02-17,ACCT_00269,PERSON_00101,cash withdrawal,50728,PERSON_00163,service commission
TXN_003276,2024-10-21,ACCT_00136,PERSON_00042,shopping,9454,VENDOR_063,shopping
TXN_003277,2026-04-13,ACCT_00287,PERSON_00071,cash withdrawal,46152,PERSON_00394,transport settlement
TXN_003278,2026-05-27,ACCT_00440,PERSON_00421,rent,15424,VENDOR_048,rent
TXN_007159,2023-03-13,ACCT_00451,PERSON_00281,transfer,38263,PERSON_00146,intermediary settlement
TXN_003280,2024-03-22,ACCT_00460,PERSON_00336,school fee,36161,VENDOR_082,school fee
TXN_003281,2024-12-24,ACCT_00078,PERSON_00428,grocery,30638,VENDOR_093,grocery
TXN_003282,2025-11-04,ACCT_00338,PERSON_00118,medical,9687,VENDOR_084,medical
TXN_003283,2023-06-16,ACCT_00444,PERSON_00051,transport,22549,VENDOR_097,transport
TXN_003284,2025-03-18,ACCT_00294,PERSON_00177,cash withdrawal,18139,VENDOR_057,cash withdrawal
TXN_003285,2021-08-24,ACCT_00224,PERSON_00051,rent,42594,VENDOR_097,rent
TXN_003286,2021-08-30,ACCT_00046,PERSON_00183,fuel,24638,VENDOR_051,fuel
TXN_003287,2022-07-07,ACCT_00002,PERSON_00337,settlement,709487,PERSON_00279,wholesale goods
TXN_003288,2026-03-12,ACCT_00264,PERSON_00015,cash deposit,767623,PERSON_00248,freight settlement
TXN_003289,2022-11-14,ACCT_00254,PERSON_00154,rent,39123,VENDOR_033,rent
TXN_003290,2021-12-14,ACCT_00066,PERSON_00004,shopping,15216,VENDOR_089,shopping
TXN_003291,2023-09-07,ACCT_00350,PERSON_00059,fuel,26141,VENDOR_023,fuel
TXN_003292,2021-08-20,ACCT_00138,PERSON_00381,invoice,717757,PERSON_00329,freight settlement
TXN_003293,2022-12-27,ACCT_00252,PERSON_00447,mobile recharge,24050,VENDOR_048,mobile recharge
TXN_003294,2024-09-01,ACCT_00043,PERSON_00092,salary,38162,VENDOR_074,salary
TXN_003295,2022-12-18,ACCT_00178,PERSON_00413,shopping,33491,VENDOR_027,shopping
TXN_003296,2023-10-08,ACCT_00089,PERSON_00395,grocery,23597,VENDOR_035,grocery
TXN_003297,2024-12-08,ACCT_00453,PERSON_00009,transfer,445919,PERSON_00072,consultancy settlement
TXN_003298,2023-11-30,ACCT_00277,PERSON_00182,cash withdrawal,74086,PERSON_00393,vehicle advance
TXN_003299,2023-06-09,ACCT_00407,PERSON_00011,invoice,736009,PERSON_00057,premium settlement
TXN_003300,2023-02-08,ACCT_00026,PERSON_00448,transfer,67024,PERSON_00177,event services
TXN_003301,2025-09-13,ACCT_00246,PERSON_00244,cash deposit,200929,VENDOR_095,legitimate cash-intensive retail/festival activity
TXN_003302,2022-01-03,ACCT_00042,PERSON_00195,mobile recharge,29400,VENDOR_097,mobile recharge
TXN_003303,2025-11-16,ACCT_00080,PERSON_00137,cash withdrawal,28204,VENDOR_063,cash withdrawal
TXN_003304,2026-06-09,ACCT_00459,PERSON_00211,grocery,37791,VENDOR_070,grocery
TXN_003305,2026-01-21,ACCT_00038,PERSON_00254,invoice,19940,PERSON_00390,event services
TXN_003306,2021-10-23,ACCT_00315,PERSON_00202,grocery,24453,VENDOR_066,grocery
TXN_003307,2021-05-24,ACCT_00071,PERSON_00073,cash withdrawal,2605,VENDOR_037,cash withdrawal
TXN_003308,2022-05-17,ACCT_00402,PERSON_00345,settlement,352872,PERSON_00287,vehicle advance
TXN_003309,2024-01-08,ACCT_00246,PERSON_00244,gold purchase,414248,VENDOR_064,legitimate cash-intensive retail/festival activity
TXN_003310,2023-04-06,ACCT_00333,PERSON_00112,transport,7011,VENDOR_003,transport
TXN_003311,2023-10-02,ACCT_00285,PERSON_00203,settlement,324628,PERSON_00173,service commission
TXN_003312,2021-06-26,ACCT_00229,PERSON_00094,cash deposit,446111,PERSON_00256,site material settlement
TXN_003313,2021-08-28,ACCT_00142,PERSON_00179,supplier settlement,280868,VENDOR_049,legitimate cash-intensive retail/festival activity
TXN_003314,2025-11-25,ACCT_00064,PERSON_00039,utility,37337,VENDOR_034,utility
TXN_003315,2025-01-31,ACCT_00068,PERSON_00366,restaurant,17473,VENDOR_010,restaurant
TXN_003316,2021-06-02,ACCT_00351,PERSON_00163,salary,2812,VENDOR_015,salary
TXN_003317,2023-11-07,ACCT_00324,PERSON_00283,fuel,23400,VENDOR_072,fuel
TXN_003318,2023-04-24,ACCT_00114,PERSON_00194,cash withdrawal,37314,VENDOR_011,cash withdrawal
TXN_003319,2025-12-26,ACCT_00384,PERSON_00299,cash withdrawal,123285,PERSON_00212,freight settlement
TXN_003320,2023-01-13,ACCT_00277,PERSON_00182,invoice,164317,PERSON_00175,vehicle advance
TXN_003321,2025-02-01,ACCT_00319,PERSON_00404,grocery,10509,VENDOR_063,grocery
TXN_003322,2024-09-25,ACCT_00232,PERSON_00416,fuel,22347,VENDOR_078,fuel
TXN_003323,2025-12-17,ACCT_00410,PERSON_00307,shopping,30345,VENDOR_078,shopping
TXN_003324,2021-06-06,ACCT_00362,PERSON_00147,utility,22860,VENDOR_059,utility
TXN_003325,2022-05-15,ACCT_00427,PERSON_00109,grocery,363,VENDOR_044,grocery
TXN_003326,2025-06-01,ACCT_00354,PERSON_00164,school fee,24615,VENDOR_039,school fee
TXN_003327,2023-10-28,ACCT_00183,PERSON_00286,fuel,21467,VENDOR_085,fuel
TXN_003328,2021-11-05,ACCT_00075,PERSON_00271,medical,15467,VENDOR_083,medical
TXN_003329,2021-03-30,ACCT_00132,PERSON_00100,gold purchase,141568,VENDOR_015,legitimate cash-intensive retail/festival activity
TXN_003330,2024-02-25,ACCT_00094,PERSON_00406,cash withdrawal,24928,VENDOR_047,cash withdrawal
TXN_003331,2023-03-24,ACCT_00239,PERSON_00401,mobile recharge,10316,VENDOR_070,mobile recharge
TXN_003332,2022-12-08,ACCT_00346,PERSON_00359,cash withdrawal,41612,VENDOR_062,cash withdrawal
TXN_003333,2024-06-15,ACCT_00380,PERSON_00178,cash withdrawal,18270,VENDOR_031,cash withdrawal
TXN_003334,2021-10-30,ACCT_00037,PERSON_00113,gold purchase,208881,VENDOR_004,legitimate cash-intensive retail/festival activity
TXN_003335,2026-02-10,ACCT_00046,PERSON_00183,grocery,16362,VENDOR_020,grocery
TXN_003336,2024-03-25,ACCT_00122,PERSON_00148,shopping,25642,VENDOR_091,shopping
TXN_003337,2023-06-26,ACCT_00100,PERSON_00229,mobile recharge,41756,VENDOR_025,mobile recharge
TXN_003338,2023-09-17,ACCT_00269,PERSON_00101,cash withdrawal,224555,PERSON_00069,service commission
TXN_003339,2023-11-17,ACCT_00347,PERSON_00291,cash withdrawal,29512,VENDOR_046,cash withdrawal
TXN_003340,2025-07-04,ACCT_00277,PERSON_00182,cash deposit,477577,PERSON_00393,vehicle advance
TXN_003341,2024-06-28,ACCT_00167,PERSON_00088,cash deposit,386103,VENDOR_083,legitimate cash-intensive retail/festival activity
TXN_003342,2022-05-26,ACCT_00246,PERSON_00244,supplier settlement,339081,VENDOR_035,legitimate cash-intensive retail/festival activity
TXN_003343,2025-12-04,ACCT_00412,PERSON_00089,grocery,37499,VENDOR_092,grocery
TXN_003344,2023-12-28,ACCT_00405,PERSON_00329,mobile recharge,20293,VENDOR_064,mobile recharge
TXN_003345,2025-06-11,ACCT_00287,PERSON_00071,cash withdrawal,22019,PERSON_00165,transport settlement
TXN_003346,2023-05-03,ACCT_00411,PERSON_00174,medical,14830,VENDOR_071,medical
TXN_003347,2025-11-02,ACCT_00010,PERSON_00325,mobile recharge,41510,VENDOR_045,mobile recharge
TXN_003348,2026-03-29,ACCT_00042,PERSON_00195,salary,37611,VENDOR_058,salary
TXN_003349,2021-11-10,ACCT_00439,PERSON_00385,rent,37521,VENDOR_093,rent
TXN_003350,2023-03-25,ACCT_00195,PERSON_00185,transfer,353879,PERSON_00184,wholesale goods
TXN_003351,2024-08-11,ACCT_00062,PERSON_00388,cash withdrawal,639454,PERSON_00370,service commission
TXN_003352,2023-03-05,ACCT_00287,PERSON_00071,vendor payment,399745,PERSON_00040,transport settlement
TXN_003353,2025-02-03,ACCT_00011,PERSON_00010,transfer,802368,PERSON_00157,freight settlement
TXN_003354,2022-08-27,ACCT_00253,PERSON_00072,invoice,557205,PERSON_00151,consultancy settlement
TXN_003355,2022-05-29,ACCT_00160,PERSON_00417,grocery,16870,VENDOR_091,grocery
TXN_003356,2024-07-22,ACCT_00350,PERSON_00059,cash deposit,157131,VENDOR_003,legitimate cash-intensive retail/festival activity
TXN_003357,2024-03-18,ACCT_00074,PERSON_00293,salary,16717,VENDOR_074,salary
TXN_003358,2024-12-19,ACCT_00042,PERSON_00195,grocery,26959,VENDOR_049,grocery
TXN_003359,2022-03-18,ACCT_00227,PERSON_00023,cash deposit,445735,VENDOR_037,legitimate cash-intensive retail/festival activity
TXN_003360,2025-03-10,ACCT_00469,PERSON_00060,transport,26141,VENDOR_053,transport
TXN_003361,2023-08-30,ACCT_00383,PERSON_00347,cash deposit,393643,VENDOR_027,legitimate cash-intensive retail/festival activity
TXN_003362,2026-03-11,ACCT_00343,PERSON_00303,restaurant,7915,VENDOR_057,restaurant
TXN_003363,2023-02-03,ACCT_00142,PERSON_00179,wholesale jewellery,206065,VENDOR_093,legitimate cash-intensive retail/festival activity
TXN_003364,2021-01-26,ACCT_00010,PERSON_00325,cash withdrawal,40013,VENDOR_075,cash withdrawal
TXN_003365,2024-02-13,ACCT_00313,PERSON_00397,cash withdrawal,2947,VENDOR_008,cash withdrawal
TXN_003366,2023-04-25,ACCT_00086,PERSON_00206,medical,31409,VENDOR_011,medical
TXN_003367,2025-08-28,ACCT_00025,PERSON_00315,fuel,37477,VENDOR_061,fuel
TXN_003368,2026-04-28,ACCT_00170,PERSON_00123,fuel,28204,VENDOR_051,fuel
TXN_003369,2022-08-19,ACCT_00210,PERSON_00290,cash deposit,358380,PERSON_00135,registration/document fee
TXN_003370,2023-12-13,ACCT_00471,PERSON_00353,shopping,30874,VENDOR_066,shopping
TXN_003371,2025-08-16,ACCT_00407,PERSON_00011,supplier settlement,267904,VENDOR_066,legitimate cash-intensive retail/festival activity
TXN_003372,2022-01-06,ACCT_00350,PERSON_00059,supplier settlement,172971,VENDOR_017,legitimate cash-intensive retail/festival activity
TXN_003373,2024-09-20,ACCT_00383,PERSON_00347,cash deposit,340056,VENDOR_043,legitimate cash-intensive retail/festival activity
TXN_003374,2021-12-23,ACCT_00120,PERSON_00153,salary,13498,VENDOR_011,salary
TXN_003375,2023-10-27,ACCT_00184,PERSON_00343,transfer,776849,PERSON_00171,wholesale goods
TXN_003376,2024-01-15,ACCT_00423,PERSON_00439,grocery,42738,VENDOR_034,grocery
TXN_003377,2021-05-11,ACCT_00235,PERSON_00431,restaurant,31349,VENDOR_066,restaurant
TXN_003378,2025-08-29,ACCT_00028,PERSON_00059,gold purchase,222361,VENDOR_014,legitimate cash-intensive retail/festival activity
TXN_003379,2025-04-10,ACCT_00049,PERSON_00260,salary,30328,VENDOR_019,salary
TXN_003380,2025-06-20,ACCT_00437,PERSON_00360,invoice,166919,PERSON_00184,wholesale goods
TXN_003381,2021-04-27,ACCT_00264,PERSON_00015,vendor payment,728886,PERSON_00299,freight settlement
TXN_003382,2025-01-05,ACCT_00142,PERSON_00179,gold purchase,317655,VENDOR_081,legitimate cash-intensive retail/festival activity
TXN_003383,2024-08-31,ACCT_00160,PERSON_00417,cash deposit,428650,VENDOR_028,legitimate cash-intensive retail/festival activity
TXN_003384,2025-12-25,ACCT_00471,PERSON_00353,restaurant,3387,VENDOR_011,restaurant
TXN_003385,2021-03-10,ACCT_00325,PERSON_00145,grocery,3896,VENDOR_002,grocery
TXN_003386,2024-08-18,ACCT_00042,PERSON_00195,rent,32966,VENDOR_040,rent
TXN_003387,2025-04-03,ACCT_00028,PERSON_00059,cash deposit,55155,VENDOR_074,legitimate cash-intensive retail/festival activity
TXN_003388,2022-01-19,ACCT_00260,PERSON_00261,transport,7190,VENDOR_028,transport
TXN_003389,2023-10-10,ACCT_00357,PERSON_00126,cash withdrawal,3549,VENDOR_020,cash withdrawal
TXN_003390,2022-11-10,ACCT_00150,PERSON_00231,cash withdrawal,811188,PERSON_00306,wholesale goods
TXN_003391,2023-07-30,ACCT_00408,PERSON_00407,transport,7945,VENDOR_053,transport
TXN_003392,2024-11-19,ACCT_00217,PERSON_00284,fuel,8182,VENDOR_081,fuel
TXN_003393,2023-11-06,ACCT_00203,PERSON_00365,school fee,24140,VENDOR_035,school fee
TXN_003394,2022-01-02,ACCT_00102,PERSON_00173,school fee,32438,VENDOR_009,school fee
TXN_003395,2024-03-05,ACCT_00227,PERSON_00023,wholesale jewellery,141274,VENDOR_050,legitimate cash-intensive retail/festival activity
TXN_003396,2023-12-27,ACCT_00229,PERSON_00094,cash withdrawal,285879,PERSON_00345,vehicle advance
TXN_003397,2025-02-12,ACCT_00029,PERSON_00037,medical,31191,VENDOR_063,medical
TXN_003398,2022-04-14,ACCT_00002,PERSON_00337,settlement,501058,PERSON_00306,wholesale goods
TXN_003399,2026-03-17,ACCT_00271,PERSON_00050,shopping,41584,VENDOR_016,shopping
TXN_003400,2025-06-09,ACCT_00069,PERSON_00165,settlement,98166,PERSON_00288,transport settlement
TXN_003401,2022-05-22,ACCT_00355,PERSON_00263,medical,22374,VENDOR_051,medical
TXN_003402,2026-06-26,ACCT_00350,PERSON_00059,supplier settlement,414544,VENDOR_024,legitimate cash-intensive retail/festival activity
TXN_003403,2022-11-04,ACCT_00180,PERSON_00066,cash withdrawal,40605,VENDOR_051,cash withdrawal
TXN_003404,2026-06-13,ACCT_00008,PERSON_00069,cash withdrawal,29507,VENDOR_082,cash withdrawal
TXN_003405,2021-06-20,ACCT_00015,PERSON_00294,restaurant,8386,VENDOR_016,restaurant
TXN_003406,2021-03-13,ACCT_00004,PERSON_00425,vendor payment,469531,PERSON_00331,transport settlement
TXN_003407,2023-01-09,ACCT_00390,PERSON_00049,cash withdrawal,455350,PERSON_00188,event services
TXN_003408,2024-05-28,ACCT_00415,PERSON_00309,restaurant,5452,VENDOR_072,restaurant
TXN_003409,2023-02-01,ACCT_00142,PERSON_00179,wholesale jewellery,102261,VENDOR_085,legitimate cash-intensive retail/festival activity
TXN_003410,2024-12-23,ACCT_00350,PERSON_00059,gold purchase,369917,VENDOR_046,legitimate cash-intensive retail/festival activity
TXN_003411,2024-10-28,ACCT_00396,PERSON_00115,grocery,43199,VENDOR_091,grocery
TXN_003412,2023-08-23,ACCT_00087,PERSON_00010,transfer,690729,PERSON_00105,registration/document fee
TXN_003413,2023-11-18,ACCT_00306,PERSON_00330,fuel,9943,VENDOR_083,fuel
TXN_003414,2022-08-01,ACCT_00001,PERSON_00033,festival advance,254132,VENDOR_015,legitimate cash-intensive retail/festival activity
TXN_003415,2023-08-23,ACCT_00324,PERSON_00283,transfer,296465,PERSON_00237,registration/document fee
TXN_003416,2022-05-19,ACCT_00187,PERSON_00273,grocery,28889,VENDOR_054,grocery
TXN_003417,2023-02-19,ACCT_00240,PERSON_00450,restaurant,2189,VENDOR_084,restaurant
TXN_003418,2023-08-30,ACCT_00160,PERSON_00417,gold purchase,429556,VENDOR_038,legitimate cash-intensive retail/festival activity
TXN_003419,2022-10-07,ACCT_00038,PERSON_00254,cash deposit,782326,PERSON_00148,consultancy settlement
TXN_003420,2025-11-11,ACCT_00233,PERSON_00344,settlement,792180,PERSON_00255,freight settlement
TXN_003421,2025-10-06,ACCT_00369,PERSON_00433,transfer,757795,PERSON_00256,site material settlement
TXN_003422,2024-10-12,ACCT_00475,PERSON_00108,school fee,44762,VENDOR_047,school fee
TXN_003423,2021-01-29,ACCT_00043,PERSON_00092,cash withdrawal,11713,VENDOR_087,cash withdrawal
TXN_003424,2025-09-17,ACCT_00014,PERSON_00088,grocery,16835,VENDOR_054,grocery
TXN_003425,2025-08-02,ACCT_00382,PERSON_00096,rent,12544,VENDOR_055,rent
TXN_003426,2024-03-15,ACCT_00335,PERSON_00248,cash withdrawal,399338,PERSON_00255,freight settlement
TXN_003427,2026-03-16,ACCT_00472,PERSON_00278,vendor payment,445244,PERSON_00434,vehicle advance
TXN_003428,2024-04-18,ACCT_00142,PERSON_00179,gold purchase,407324,VENDOR_015,legitimate cash-intensive retail/festival activity
TXN_003429,2023-06-25,ACCT_00094,PERSON_00406,grocery,1937,VENDOR_076,grocery
TXN_003430,2025-06-20,ACCT_00142,PERSON_00179,wholesale jewellery,126016,VENDOR_095,legitimate cash-intensive retail/festival activity
TXN_003431,2023-02-01,ACCT_00022,PERSON_00372,shopping,5400,VENDOR_089,shopping
TXN_003432,2023-12-21,ACCT_00115,PERSON_00225,restaurant,38950,VENDOR_094,restaurant
TXN_003433,2024-06-13,ACCT_00405,PERSON_00329,salary,21823,VENDOR_073,salary
TXN_003434,2026-06-04,ACCT_00257,PERSON_00136,school fee,11263,VENDOR_087,school fee
TXN_003435,2025-11-26,ACCT_00001,PERSON_00033,gold purchase,194944,VENDOR_051,legitimate cash-intensive retail/festival activity
TXN_003436,2021-01-17,ACCT_00057,PERSON_00311,cash withdrawal,658260,PERSON_00416,premium settlement
TXN_003437,2025-06-28,ACCT_00077,PERSON_00308,cash withdrawal,23328,VENDOR_009,cash withdrawal
TXN_003438,2022-09-11,ACCT_00175,PERSON_00207,mobile recharge,10886,VENDOR_047,mobile recharge
TXN_003439,2025-01-11,ACCT_00049,PERSON_00260,medical,21315,VENDOR_037,medical
TXN_003440,2022-06-29,ACCT_00246,PERSON_00244,cash deposit,436811,VENDOR_086,legitimate cash-intensive retail/festival activity
TXN_003441,2021-06-27,ACCT_00251,PERSON_00383,transport,1433,VENDOR_023,transport
TXN_003442,2021-04-07,ACCT_00138,PERSON_00381,medical,13303,VENDOR_053,medical
TXN_003443,2025-11-21,ACCT_00005,PERSON_00018,transport,5924,VENDOR_005,transport
TXN_003444,2024-05-09,ACCT_00374,PERSON_00320,shopping,24946,VENDOR_017,shopping
TXN_003445,2021-07-25,ACCT_00176,PERSON_00264,grocery,495,VENDOR_040,grocery
TXN_003446,2024-01-31,ACCT_00172,PERSON_00252,transfer,240832,PERSON_00192,wholesale goods
TXN_003447,2023-10-30,ACCT_00100,PERSON_00229,transfer,770376,PERSON_00020,service commission
TXN_003448,2022-11-09,ACCT_00077,PERSON_00308,rent,16835,VENDOR_011,rent
TXN_003449,2024-08-01,ACCT_00133,PERSON_00184,cash deposit,503235,PERSON_00360,wholesale goods
TXN_003450,2024-03-05,ACCT_00214,PERSON_00277,shopping,12894,VENDOR_027,shopping
TXN_003451,2024-08-31,ACCT_00299,PERSON_00386,fuel,10496,VENDOR_046,fuel
TXN_003452,2025-03-12,ACCT_00241,PERSON_00430,vendor payment,255404,PERSON_00370,service commission
TXN_003453,2023-12-25,ACCT_00436,PERSON_00199,mobile recharge,263,VENDOR_034,mobile recharge
TXN_003454,2021-10-14,ACCT_00282,PERSON_00436,mobile recharge,10381,VENDOR_097,mobile recharge
TXN_003455,2025-06-13,ACCT_00210,PERSON_00290,grocery,39673,VENDOR_081,grocery
TXN_003456,2025-07-05,ACCT_00406,PERSON_00250,salary,12271,VENDOR_087,salary
TXN_003457,2023-08-18,ACCT_00173,PERSON_00146,salary,37199,VENDOR_022,salary
TXN_003458,2022-01-25,ACCT_00051,PERSON_00099,fuel,31211,VENDOR_046,fuel
TXN_003459,2021-06-13,ACCT_00429,PERSON_00382,cash withdrawal,89815,PERSON_00282,vehicle advance
TXN_003460,2022-06-10,ACCT_00090,PERSON_00084,mobile recharge,2736,VENDOR_071,mobile recharge
TXN_003461,2023-05-22,ACCT_00167,PERSON_00088,cash deposit,16771,VENDOR_007,legitimate cash-intensive retail/festival activity
TXN_003462,2026-03-02,ACCT_00437,PERSON_00360,fuel,5045,VENDOR_021,fuel
TXN_003463,2021-03-18,ACCT_00170,PERSON_00123,medical,27061,VENDOR_068,medical
TXN_003464,2025-05-04,ACCT_00189,PERSON_00373,transport,44782,VENDOR_062,transport
TXN_003465,2021-02-19,ACCT_00282,PERSON_00436,cash withdrawal,39934,VENDOR_006,cash withdrawal
TXN_003466,2025-05-06,ACCT_00367,PERSON_00256,restaurant,3407,VENDOR_007,restaurant
TXN_003467,2023-10-18,ACCT_00455,PERSON_00016,rent,25187,VENDOR_028,rent
TXN_003468,2026-04-08,ACCT_00438,PERSON_00074,festival advance,135101,VENDOR_063,legitimate cash-intensive retail/festival activity
TXN_003469,2025-06-28,ACCT_00294,PERSON_00177,school fee,30284,VENDOR_042,school fee
TXN_003470,2025-06-27,ACCT_00340,PERSON_00058,rent,35961,VENDOR_074,rent
TXN_003471,2024-01-28,ACCT_00345,PERSON_00064,salary,14515,VENDOR_067,salary
TXN_003472,2026-05-01,ACCT_00037,PERSON_00113,festival advance,395358,VENDOR_046,legitimate cash-intensive retail/festival activity
TXN_003473,2026-02-10,ACCT_00132,PERSON_00100,supplier settlement,268980,VENDOR_068,legitimate cash-intensive retail/festival activity
TXN_003474,2025-09-16,ACCT_00402,PERSON_00345,shopping,20659,VENDOR_036,shopping
TXN_003475,2022-12-10,ACCT_00126,PERSON_00062,rent,30373,VENDOR_005,rent
TXN_003476,2025-11-08,ACCT_00311,PERSON_00006,salary,21515,VENDOR_050,salary
TXN_003477,2024-07-14,ACCT_00037,PERSON_00113,wholesale jewellery,371069,VENDOR_087,legitimate cash-intensive retail/festival activity
TXN_003478,2021-01-01,ACCT_00354,PERSON_00164,grocery,14187,VENDOR_063,grocery
TXN_003479,2021-11-04,ACCT_00330,PERSON_00038,cash withdrawal,40595,VENDOR_046,cash withdrawal
TXN_003480,2024-04-10,ACCT_00144,PERSON_00312,cash withdrawal,831164,PERSON_00057,premium settlement
TXN_003481,2022-04-23,ACCT_00037,PERSON_00113,wholesale jewellery,211217,VENDOR_082,legitimate cash-intensive retail/festival activity
TXN_003482,2023-09-14,ACCT_00380,PERSON_00178,cash withdrawal,229246,PERSON_00159,premium settlement
TXN_003483,2024-12-31,ACCT_00282,PERSON_00436,vendor payment,290033,PERSON_00154,site material settlement
TXN_003484,2021-11-23,ACCT_00383,PERSON_00347,festival advance,262206,VENDOR_080,legitimate cash-intensive retail/festival activity
TXN_003485,2021-12-25,ACCT_00247,PERSON_00047,cash withdrawal,3744,VENDOR_079,cash withdrawal
TXN_003486,2021-11-06,ACCT_00331,PERSON_00140,invoice,460206,PERSON_00288,transport settlement
TXN_003487,2022-05-21,ACCT_00434,PERSON_00342,transport,20292,VENDOR_056,transport
TXN_003488,2022-06-15,ACCT_00255,PERSON_00129,cash withdrawal,9478,VENDOR_083,cash withdrawal
TXN_003489,2022-06-22,ACCT_00150,PERSON_00231,cash withdrawal,842655,PERSON_00337,wholesale goods
TXN_003490,2022-03-24,ACCT_00001,PERSON_00033,cash deposit,437720,VENDOR_057,legitimate cash-intensive retail/festival activity
TXN_003491,2026-04-02,ACCT_00165,PERSON_00242,restaurant,35956,VENDOR_021,restaurant
TXN_003492,2022-12-28,ACCT_00150,PERSON_00231,cash withdrawal,146326,PERSON_00279,wholesale goods
TXN_003493,2021-07-01,ACCT_00060,PERSON_00435,utility,20102,VENDOR_068,utility
TXN_003494,2024-11-12,ACCT_00352,PERSON_00110,grocery,20274,VENDOR_003,grocery
TXN_003495,2025-04-29,ACCT_00168,PERSON_00415,salary,41525,VENDOR_092,salary
TXN_003496,2025-06-23,ACCT_00111,PERSON_00144,invoice,785466,PERSON_00155,freight settlement
TXN_003497,2024-12-15,ACCT_00383,PERSON_00347,cash deposit,298035,VENDOR_082,legitimate cash-intensive retail/festival activity
TXN_003498,2022-05-15,ACCT_00162,PERSON_00376,cash withdrawal,32056,VENDOR_039,cash withdrawal
TXN_003499,2023-03-09,ACCT_00142,PERSON_00179,wholesale jewellery,238304,VENDOR_040,legitimate cash-intensive retail/festival activity
TXN_003500,2023-08-01,ACCT_00445,PERSON_00259,shopping,2085,VENDOR_100,shopping
TXN_003501,2021-04-07,ACCT_00028,PERSON_00059,wholesale jewellery,70200,VENDOR_094,legitimate cash-intensive retail/festival activity
TXN_003502,2022-12-05,ACCT_00153,PERSON_00420,restaurant,6426,VENDOR_071,restaurant
TXN_003503,2023-04-05,ACCT_00357,PERSON_00126,cash withdrawal,654281,PERSON_00398,transport settlement
TXN_003504,2024-12-30,ACCT_00194,PERSON_00077,utility,15731,VENDOR_006,utility
TXN_003505,2022-10-01,ACCT_00044,PERSON_00086,grocery,20164,VENDOR_070,grocery
TXN_003506,2021-05-04,ACCT_00069,PERSON_00165,settlement,504026,PERSON_00398,transport settlement
TXN_003507,2023-06-02,ACCT_00217,PERSON_00284,cash deposit,37459,PERSON_00229,service commission
TXN_003508,2025-12-16,ACCT_00353,PERSON_00411,cash withdrawal,26478,VENDOR_056,cash withdrawal
TXN_003509,2025-06-20,ACCT_00111,PERSON_00144,cash withdrawal,21146,VENDOR_075,cash withdrawal
TXN_003510,2022-10-24,ACCT_00144,PERSON_00312,grocery,20915,VENDOR_020,grocery
TXN_003511,2024-07-14,ACCT_00037,PERSON_00113,shopping,9288,VENDOR_056,shopping
TXN_003512,2024-11-30,ACCT_00114,PERSON_00194,medical,4431,VENDOR_076,medical
TXN_003513,2023-10-01,ACCT_00274,PERSON_00188,cash deposit,667712,PERSON_00036,event services
TXN_003514,2023-10-19,ACCT_00443,PERSON_00396,fuel,1024,VENDOR_023,fuel
TXN_003515,2022-07-09,ACCT_00270,PERSON_00306,transport,41490,VENDOR_029,transport
TXN_003516,2026-04-16,ACCT_00270,PERSON_00306,cash deposit,663460,PERSON_00360,wholesale goods
TXN_003517,2021-03-26,ACCT_00050,PERSON_00008,rent,41356,VENDOR_009,rent
TXN_003518,2021-08-11,ACCT_00056,PERSON_00222,restaurant,40696,VENDOR_074,restaurant
TXN_003519,2021-01-24,ACCT_00053,PERSON_00152,settlement,202291,PERSON_00069,service commission
TXN_003520,2022-12-19,ACCT_00350,PERSON_00059,supplier settlement,39771,VENDOR_038,legitimate cash-intensive retail/festival activity
TXN_003521,2022-06-13,ACCT_00003,PERSON_00434,grocery,17258,VENDOR_081,grocery
TXN_003522,2022-04-23,ACCT_00133,PERSON_00184,fuel,19694,VENDOR_051,fuel
TXN_003523,2024-10-20,ACCT_00124,PERSON_00270,fuel,19717,VENDOR_044,fuel
TXN_003524,2024-11-24,ACCT_00462,PERSON_00186,settlement,271417,PERSON_00090,consultancy settlement
TXN_003525,2022-04-09,ACCT_00150,PERSON_00231,cash withdrawal,6320,VENDOR_066,cash withdrawal
TXN_003526,2021-09-27,ACCT_00344,PERSON_00410,shopping,41677,VENDOR_043,shopping
TXN_003527,2026-02-13,ACCT_00001,PERSON_00033,shopping,11139,VENDOR_093,shopping
TXN_003528,2021-05-20,ACCT_00407,PERSON_00011,festival advance,273853,VENDOR_075,legitimate cash-intensive retail/festival activity
TXN_003529,2021-02-26,ACCT_00084,PERSON_00133,school fee,33625,VENDOR_065,school fee
TXN_003530,2025-04-12,ACCT_00440,PERSON_00421,rent,11975,VENDOR_065,rent
TXN_003531,2021-02-09,ACCT_00394,PERSON_00187,shopping,13342,VENDOR_066,shopping
TXN_003532,2025-01-30,ACCT_00276,PERSON_00154,vendor payment,295570,PERSON_00250,site material settlement
TXN_003533,2024-12-01,ACCT_00237,PERSON_00285,salary,29191,VENDOR_059,salary
TXN_003534,2021-03-22,ACCT_00335,PERSON_00248,grocery,8825,VENDOR_008,grocery
TXN_003535,2021-11-17,ACCT_00285,PERSON_00203,cash withdrawal,20951,VENDOR_022,cash withdrawal
TXN_003536,2022-09-18,ACCT_00372,PERSON_00028,cash withdrawal,498423,PERSON_00231,wholesale goods
TXN_003537,2022-01-16,ACCT_00287,PERSON_00071,rent,5718,VENDOR_009,rent
TXN_003538,2025-04-16,ACCT_00105,PERSON_00212,medical,1366,VENDOR_033,medical
TXN_003539,2025-11-13,ACCT_00360,PERSON_00192,rent,10333,VENDOR_058,rent
TXN_003540,2021-06-20,ACCT_00001,PERSON_00033,festival advance,79979,VENDOR_013,legitimate cash-intensive retail/festival activity
TXN_003541,2024-05-06,ACCT_00012,PERSON_00449,cash withdrawal,36366,VENDOR_015,cash withdrawal
TXN_003542,2021-09-15,ACCT_00195,PERSON_00185,cash deposit,189200,PERSON_00343,wholesale goods
TXN_003543,2021-11-04,ACCT_00001,PERSON_00033,festival advance,423578,VENDOR_093,legitimate cash-intensive retail/festival activity
TXN_003544,2025-12-01,ACCT_00344,PERSON_00410,transport,22869,VENDOR_073,transport
TXN_003545,2021-03-02,ACCT_00132,PERSON_00100,wholesale jewellery,185739,VENDOR_015,legitimate cash-intensive retail/festival activity
TXN_003546,2021-03-15,ACCT_00339,PERSON_00426,cash deposit,568837,PERSON_00386,freight settlement
TXN_003547,2021-05-16,ACCT_00312,PERSON_00295,salary,22051,VENDOR_093,salary
TXN_003548,2026-01-18,ACCT_00383,PERSON_00347,wholesale jewellery,257030,VENDOR_049,legitimate cash-intensive retail/festival activity
TXN_003549,2021-09-24,ACCT_00386,PERSON_00276,mobile recharge,13309,VENDOR_017,mobile recharge
TXN_003550,2022-11-29,ACCT_00383,PERSON_00347,gold purchase,448000,VENDOR_006,legitimate cash-intensive retail/festival activity
TXN_003551,2025-11-14,ACCT_00011,PERSON_00010,salary,2874,VENDOR_039,salary
TXN_003552,2022-02-05,ACCT_00053,PERSON_00152,settlement,621110,PERSON_00203,service commission
TXN_003553,2026-04-18,ACCT_00246,PERSON_00244,festival advance,370600,VENDOR_073,legitimate cash-intensive retail/festival activity
TXN_003554,2022-01-13,ACCT_00079,PERSON_00266,mobile recharge,25829,VENDOR_046,mobile recharge
TXN_003555,2025-07-11,ACCT_00006,PERSON_00424,invoice,888910,PERSON_00085,site material settlement
TXN_003556,2025-07-30,ACCT_00030,PERSON_00363,rent,11392,VENDOR_076,rent
TXN_003557,2024-08-05,ACCT_00140,PERSON_00180,cash withdrawal,24826,VENDOR_093,cash withdrawal
TXN_003558,2021-04-11,ACCT_00246,PERSON_00244,gold purchase,420924,VENDOR_020,legitimate cash-intensive retail/festival activity
TXN_003559,2025-09-27,ACCT_00294,PERSON_00177,transfer,497695,PERSON_00125,event services
TXN_003560,2025-11-07,ACCT_00295,PERSON_00269,grocery,10789,VENDOR_085,grocery
TXN_003561,2023-11-12,ACCT_00287,PERSON_00071,cash deposit,511583,PERSON_00394,transport settlement
TXN_003562,2021-02-12,ACCT_00002,PERSON_00337,grocery,2657,VENDOR_090,grocery
TXN_003563,2023-07-05,ACCT_00324,PERSON_00283,settlement,751524,PERSON_00383,registration/document fee
TXN_003564,2025-07-05,ACCT_00432,PERSON_00170,settlement,224363,PERSON_00203,service commission
TXN_003565,2022-07-31,ACCT_00407,PERSON_00011,festival advance,203692,VENDOR_013,legitimate cash-intensive retail/festival activity
TXN_003566,2025-01-12,ACCT_00195,PERSON_00185,salary,38682,VENDOR_049,salary
TXN_003567,2025-10-15,ACCT_00382,PERSON_00096,fuel,29717,VENDOR_045,fuel
TXN_003568,2022-07-31,ACCT_00439,PERSON_00385,cash withdrawal,87065,PERSON_00311,premium settlement
TXN_003569,2022-08-30,ACCT_00325,PERSON_00145,cash withdrawal,681020,PERSON_00376,site material settlement
TXN_003570,2022-04-07,ACCT_00138,PERSON_00381,cash deposit,387858,PERSON_00213,freight settlement
TXN_003571,2024-12-22,ACCT_00256,PERSON_00309,shopping,7783,VENDOR_036,shopping
TXN_003572,2024-11-21,ACCT_00238,PERSON_00321,shopping,25562,VENDOR_064,shopping
TXN_003573,2023-11-18,ACCT_00018,PERSON_00156,grocery,15091,VENDOR_097,grocery
TXN_003574,2023-07-24,ACCT_00217,PERSON_00284,salary,33553,VENDOR_057,salary
TXN_003575,2023-04-30,ACCT_00015,PERSON_00294,fuel,2655,VENDOR_043,fuel
TXN_003576,2022-12-16,ACCT_00070,PERSON_00216,cash withdrawal,44541,VENDOR_072,cash withdrawal
TXN_003577,2022-01-09,ACCT_00024,PERSON_00201,cash withdrawal,195363,PERSON_00394,transport settlement
TXN_003578,2023-11-03,ACCT_00199,PERSON_00190,mobile recharge,24241,VENDOR_063,mobile recharge
TXN_003579,2021-03-12,ACCT_00062,PERSON_00388,cash withdrawal,2772,VENDOR_083,cash withdrawal
TXN_003580,2024-10-16,ACCT_00011,PERSON_00010,transfer,721004,PERSON_00344,freight settlement
TXN_003581,2022-11-13,ACCT_00457,PERSON_00300,vendor payment,714343,PERSON_00072,vehicle advance
TXN_003582,2025-09-02,ACCT_00340,PERSON_00058,transport,8412,VENDOR_056,transport
TXN_003583,2024-06-17,ACCT_00034,PERSON_00245,fuel,16070,VENDOR_053,fuel
TXN_003584,2023-02-21,ACCT_00144,PERSON_00312,school fee,27744,VENDOR_064,school fee
TXN_003585,2024-08-02,ACCT_00209,PERSON_00227,cash withdrawal,24579,PERSON_00364,site material settlement
TXN_003586,2025-01-21,ACCT_00061,PERSON_00102,cash withdrawal,510731,PERSON_00049,event services
TXN_003587,2024-04-18,ACCT_00150,PERSON_00231,restaurant,23583,VENDOR_042,restaurant
TXN_003588,2021-11-09,ACCT_00413,PERSON_00233,utility,21649,VENDOR_058,utility
TXN_003589,2026-02-04,ACCT_00136,PERSON_00042,invoice,243155,PERSON_00415,consultancy settlement
TXN_003590,2022-08-31,ACCT_00344,PERSON_00410,salary,11583,VENDOR_049,salary
TXN_003591,2025-10-15,ACCT_00024,PERSON_00201,salary,8042,VENDOR_084,salary
TXN_003592,2021-01-10,ACCT_00432,PERSON_00170,vendor payment,77889,PERSON_00320,service commission
TXN_003593,2023-06-16,ACCT_00367,PERSON_00256,restaurant,7512,VENDOR_088,restaurant
TXN_003594,2022-11-21,ACCT_00436,PERSON_00199,cash withdrawal,5540,VENDOR_059,cash withdrawal
TXN_003595,2024-04-19,ACCT_00251,PERSON_00383,shopping,11504,VENDOR_069,shopping
TXN_003596,2025-08-18,ACCT_00205,PERSON_00349,school fee,33167,VENDOR_063,school fee
TXN_003597,2023-10-24,ACCT_00293,PERSON_00054,mobile recharge,2727,VENDOR_031,mobile recharge
TXN_003598,2022-07-02,ACCT_00149,PERSON_00380,restaurant,35079,VENDOR_033,restaurant
TXN_003599,2023-01-22,ACCT_00079,PERSON_00266,grocery,16779,VENDOR_055,grocery
TXN_003600,2025-08-12,ACCT_00261,PERSON_00235,cash deposit,14236,PERSON_00176,vehicle advance
TXN_003601,2023-10-03,ACCT_00227,PERSON_00023,cash deposit,165234,Festival Jewel Mart,legitimate cash-intensive retail/festival activity
TXN_003602,2021-07-21,ACCT_00438,PERSON_00074,wholesale jewellery,192433,VENDOR_067,legitimate cash-intensive retail/festival activity
TXN_003603,2025-05-27,ACCT_00197,PERSON_00169,cash withdrawal,19218,VENDOR_060,cash withdrawal
TXN_003604,2025-05-17,ACCT_00079,PERSON_00266,medical,43745,VENDOR_041,medical
TXN_003605,2026-05-10,ACCT_00084,PERSON_00133,grocery,39652,VENDOR_027,grocery
TXN_003606,2021-06-24,ACCT_00134,PERSON_00339,school fee,9877,VENDOR_015,school fee
TXN_003607,2022-02-23,ACCT_00458,PERSON_00389,restaurant,38288,VENDOR_033,restaurant
TXN_003608,2023-01-01,ACCT_00323,PERSON_00302,cash withdrawal,5201,VENDOR_016,cash withdrawal
TXN_003609,2023-02-14,ACCT_00292,PERSON_00007,restaurant,22937,VENDOR_010,restaurant
TXN_003610,2026-01-02,ACCT_00471,PERSON_00353,grocery,1366,VENDOR_046,grocery
TXN_003611,2023-07-08,ACCT_00039,PERSON_00078,medical,32317,VENDOR_006,medical
TXN_003612,2022-03-11,ACCT_00354,PERSON_00164,cash withdrawal,38225,VENDOR_038,cash withdrawal
TXN_003613,2025-10-14,ACCT_00407,PERSON_00011,wholesale jewellery,82066,VENDOR_014,legitimate cash-intensive retail/festival activity
TXN_003614,2025-11-13,ACCT_00304,PERSON_00280,mobile recharge,5047,VENDOR_090,mobile recharge
TXN_003615,2021-03-03,ACCT_00116,PERSON_00106,vendor payment,622496,PERSON_00071,transport settlement
TXN_003616,2023-01-24,ACCT_00457,PERSON_00300,settlement,762978,PERSON_00149,vehicle advance
TXN_003617,2022-06-19,ACCT_00037,PERSON_00113,wholesale jewellery,305735,Family Gold Traders,legitimate cash-intensive retail/festival activity
TXN_003618,2022-05-01,ACCT_00460,PERSON_00336,settlement,156991,PERSON_00343,wholesale goods
TXN_003619,2025-10-30,ACCT_00438,PERSON_00074,festival advance,134429,VENDOR_041,legitimate cash-intensive retail/festival activity
TXN_003620,2025-03-05,ACCT_00131,PERSON_00331,cash deposit,606593,PERSON_00288,transport settlement
TXN_003621,2021-02-10,ACCT_00032,PERSON_00065,invoice,640678,PERSON_00082,transport settlement
TXN_003622,2025-07-12,ACCT_00320,PERSON_00327,shopping,12851,VENDOR_074,shopping
TXN_003623,2021-10-29,ACCT_00285,PERSON_00203,vendor payment,342637,PERSON_00388,service commission
TXN_003624,2025-09-24,ACCT_00002,PERSON_00337,settlement,188895,PERSON_00185,wholesale goods
TXN_003625,2024-11-12,ACCT_00242,PERSON_00124,vendor payment,543054,PERSON_00386,freight settlement
TXN_003626,2024-06-25,ACCT_00205,PERSON_00349,rent,29552,VENDOR_098,rent
TXN_003627,2021-05-30,ACCT_00286,PERSON_00104,transport,41345,VENDOR_016,transport
TXN_003628,2022-03-24,ACCT_00383,PERSON_00347,gold purchase,180552,VENDOR_013,legitimate cash-intensive retail/festival activity
TXN_003629,2026-01-17,ACCT_00438,PERSON_00074,supplier settlement,199337,VENDOR_062,legitimate cash-intensive retail/festival activity
TXN_003630,2024-08-18,ACCT_00201,PERSON_00224,salary,24721,VENDOR_075,salary
TXN_003631,2024-11-10,ACCT_00132,PERSON_00100,cash deposit,128143,VENDOR_050,legitimate cash-intensive retail/festival activity
TXN_003632,2026-02-08,ACCT_00360,PERSON_00192,vendor payment,222999,PERSON_00231,wholesale goods
TXN_003633,2021-08-07,ACCT_00403,PERSON_00258,cash withdrawal,4887,VENDOR_053,cash withdrawal
TXN_003634,2025-08-20,ACCT_00248,PERSON_00025,grocery,17409,VENDOR_068,grocery
TXN_003635,2023-10-29,ACCT_00235,PERSON_00431,grocery,35472,VENDOR_066,grocery
TXN_003636,2022-04-29,ACCT_00089,PERSON_00395,medical,30335,VENDOR_093,medical
TXN_003637,2023-09-09,ACCT_00343,PERSON_00303,utility,43334,VENDOR_006,utility
TXN_003638,2025-02-10,ACCT_00124,PERSON_00270,grocery,35349,VENDOR_079,grocery
TXN_003639,2024-01-20,ACCT_00092,PERSON_00139,rent,36707,VENDOR_074,rent
TXN_003640,2021-05-24,ACCT_00325,PERSON_00145,settlement,226564,PERSON_00262,site material settlement
TXN_003641,2025-07-15,ACCT_00451,PERSON_00281,salary,40738,VENDOR_083,salary
TXN_003642,2022-03-03,ACCT_00384,PERSON_00299,shopping,36532,VENDOR_084,shopping
TXN_003643,2023-09-02,ACCT_00173,PERSON_00146,rent,39906,VENDOR_034,rent
TXN_003644,2022-03-21,ACCT_00177,PERSON_00209,cash withdrawal,31690,VENDOR_026,cash withdrawal
TXN_003645,2025-05-02,ACCT_00480,PERSON_00040,restaurant,26980,VENDOR_082,restaurant
TXN_003646,2025-09-26,ACCT_00184,PERSON_00343,settlement,491364,PERSON_00336,wholesale goods
TXN_003647,2023-07-05,ACCT_00144,PERSON_00312,vendor payment,29453,PERSON_00362,premium settlement
TXN_003648,2025-09-12,ACCT_00450,PERSON_00445,cash withdrawal,24384,VENDOR_005,cash withdrawal
TXN_003649,2024-09-13,ACCT_00162,PERSON_00376,school fee,43874,VENDOR_090,school fee
TXN_003650,2025-02-03,ACCT_00477,PERSON_00031,restaurant,42699,VENDOR_035,restaurant
TXN_003651,2024-05-02,ACCT_00233,PERSON_00344,cash withdrawal,15344,VENDOR_082,cash withdrawal
TXN_003652,2023-07-07,ACCT_00341,PERSON_00310,rent,31986,VENDOR_037,rent
TXN_003653,2024-01-18,ACCT_00370,PERSON_00046,grocery,6353,VENDOR_033,grocery
TXN_003654,2021-12-15,ACCT_00001,PERSON_00033,supplier settlement,122124,VENDOR_084,legitimate cash-intensive retail/festival activity
TXN_003655,2025-07-10,ACCT_00383,PERSON_00347,gold purchase,108839,VENDOR_059,legitimate cash-intensive retail/festival activity
TXN_003656,2021-01-29,ACCT_00407,PERSON_00011,supplier settlement,413046,VENDOR_012,legitimate cash-intensive retail/festival activity
TXN_003657,2022-03-31,ACCT_00476,PERSON_00160,rent,27466,VENDOR_081,rent
TXN_003658,2024-07-10,ACCT_00134,PERSON_00339,grocery,32691,VENDOR_073,grocery
TXN_003659,2025-05-08,ACCT_00322,PERSON_00429,utility,26702,VENDOR_006,utility
TXN_003660,2024-01-12,ACCT_00417,PERSON_00076,vendor payment,473577,PERSON_00336,wholesale goods
TXN_003661,2022-07-21,ACCT_00439,PERSON_00385,cash deposit,532230,PERSON_00220,premium settlement
TXN_003662,2024-08-30,ACCT_00352,PERSON_00110,shopping,24141,VENDOR_098,shopping
TXN_003663,2022-11-12,ACCT_00142,PERSON_00179,festival advance,306374,VENDOR_085,legitimate cash-intensive retail/festival activity
TXN_003664,2022-05-08,ACCT_00231,PERSON_00246,grocery,21368,VENDOR_090,grocery
TXN_003665,2021-09-01,ACCT_00108,PERSON_00147,utility,3549,VENDOR_028,utility
TXN_003666,2022-03-28,ACCT_00160,PERSON_00417,supplier settlement,449762,VENDOR_055,legitimate cash-intensive retail/festival activity
TXN_003667,2021-04-13,ACCT_00289,PERSON_00131,grocery,23491,VENDOR_060,grocery
TXN_003668,2026-02-14,ACCT_00111,PERSON_00144,fuel,37676,VENDOR_026,fuel
TXN_003669,2024-10-21,ACCT_00292,PERSON_00007,grocery,35037,VENDOR_064,grocery
TXN_003670,2026-03-15,ACCT_00337,PERSON_00279,transfer,189109,PERSON_00337,wholesale goods
TXN_003671,2021-10-11,ACCT_00149,PERSON_00380,school fee,32771,VENDOR_057,school fee
TXN_003672,2021-12-12,ACCT_00406,PERSON_00250,rent,29873,VENDOR_048,rent
TXN_003673,2022-12-16,ACCT_00319,PERSON_00404,salary,9959,VENDOR_037,salary
TXN_003674,2022-05-04,ACCT_00312,PERSON_00295,salary,13838,VENDOR_054,salary
TXN_006085,2025-02-20,ACCT_00102,PERSON_00173,transfer,127009,PERSON_00069,intermediary settlement
TXN_003676,2022-05-03,ACCT_00111,PERSON_00144,grocery,15425,VENDOR_037,grocery
TXN_003677,2025-09-28,ACCT_00264,PERSON_00015,grocery,34881,VENDOR_055,grocery
TXN_003678,2024-10-28,ACCT_00199,PERSON_00190,shopping,3920,VENDOR_009,shopping
TXN_003679,2022-08-03,ACCT_00365,PERSON_00014,shopping,2929,VENDOR_017,shopping
TXN_003680,2025-12-22,ACCT_00432,PERSON_00170,cash withdrawal,582737,PERSON_00163,service commission
TXN_003681,2022-04-07,ACCT_00284,PERSON_00238,shopping,23219,VENDOR_099,shopping
TXN_003682,2021-10-04,ACCT_00017,PERSON_00088,festival advance,199081,VENDOR_085,legitimate cash-intensive retail/festival activity
TXN_003683,2025-05-16,ACCT_00116,PERSON_00106,shopping,3398,VENDOR_098,shopping
TXN_003684,2024-07-10,ACCT_00208,PERSON_00368,shopping,24155,VENDOR_026,shopping
TXN_003685,2022-12-21,ACCT_00014,PERSON_00088,cash deposit,227681,VENDOR_068,legitimate cash-intensive retail/festival activity
TXN_003686,2023-09-07,ACCT_00070,PERSON_00216,cash withdrawal,10113,VENDOR_069,cash withdrawal
TXN_003687,2024-10-09,ACCT_00041,PERSON_00354,grocery,41071,VENDOR_039,grocery
TXN_003688,2022-11-30,ACCT_00278,PERSON_00301,medical,20021,VENDOR_018,medical
TXN_003689,2023-12-24,ACCT_00040,PERSON_00384,cash withdrawal,14591,VENDOR_008,cash withdrawal
TXN_003690,2025-02-06,ACCT_00468,PERSON_00398,cash withdrawal,19749,VENDOR_006,cash withdrawal
TXN_003691,2025-06-21,ACCT_00205,PERSON_00349,fuel,42633,VENDOR_029,fuel
TXN_003692,2024-08-14,ACCT_00377,PERSON_00417,cash deposit,247907,VENDOR_077,legitimate cash-intensive retail/festival activity
TXN_003693,2021-11-01,ACCT_00463,PERSON_00125,cash withdrawal,266898,PERSON_00027,site material settlement
TXN_003694,2024-04-20,ACCT_00390,PERSON_00049,medical,5261,VENDOR_032,medical
TXN_003695,2022-11-05,ACCT_00102,PERSON_00173,vendor payment,380562,PERSON_00370,service commission
TXN_003696,2024-05-25,ACCT_00285,PERSON_00203,invoice,276709,PERSON_00370,service commission
TXN_003697,2025-09-17,ACCT_00356,PERSON_00338,salary,2099,VENDOR_045,salary
TXN_003698,2021-07-10,ACCT_00246,PERSON_00244,festival advance,24207,VENDOR_064,legitimate cash-intensive retail/festival activity
TXN_003699,2021-11-03,ACCT_00407,PERSON_00011,cash deposit,247205,VENDOR_011,legitimate cash-intensive retail/festival activity
TXN_003700,2023-06-08,ACCT_00264,PERSON_00015,cash deposit,119416,PERSON_00060,freight settlement
TXN_003701,2023-02-25,ACCT_00043,PERSON_00092,salary,9979,VENDOR_030,salary
TXN_003702,2022-10-18,ACCT_00268,PERSON_00422,utility,16301,VENDOR_100,utility
TXN_003703,2021-09-12,ACCT_00434,PERSON_00342,shopping,16922,VENDOR_082,shopping
TXN_003704,2022-08-14,ACCT_00343,PERSON_00303,grocery,10700,VENDOR_084,grocery
TXN_003705,2026-02-20,ACCT_00245,PERSON_00151,shopping,21988,VENDOR_095,shopping
TXN_003706,2023-11-18,ACCT_00382,PERSON_00096,shopping,23836,VENDOR_032,shopping
TXN_003707,2021-08-29,ACCT_00345,PERSON_00064,settlement,342777,PERSON_00133,event services
TXN_003708,2026-02-10,ACCT_00405,PERSON_00329,cash deposit,211994,PERSON_00444,freight settlement
TXN_003709,2024-06-07,ACCT_00037,PERSON_00113,gold purchase,226025,VENDOR_092,legitimate cash-intensive retail/festival activity
TXN_003710,2022-11-16,ACCT_00192,PERSON_00405,salary,43852,VENDOR_068,salary
TXN_003711,2024-11-29,ACCT_00001,PERSON_00033,transfer,478037,PERSON_00078,wholesale goods
TXN_003712,2023-04-28,ACCT_00455,PERSON_00016,cash deposit,295726,PERSON_00411,event services
TXN_003713,2021-07-27,ACCT_00150,PERSON_00231,fuel,8827,VENDOR_079,fuel
TXN_003714,2024-04-08,ACCT_00097,PERSON_00105,transfer,222827,PERSON_00290,registration/document fee
TXN_003715,2023-10-31,ACCT_00429,PERSON_00382,grocery,44525,VENDOR_054,grocery
TXN_003716,2024-10-25,ACCT_00235,PERSON_00431,grocery,16315,VENDOR_038,grocery
TXN_003717,2021-03-12,ACCT_00080,PERSON_00137,rent,24249,VENDOR_031,rent
TXN_003718,2024-06-19,ACCT_00197,PERSON_00169,salary,26126,VENDOR_100,salary
TXN_003719,2025-09-23,ACCT_00311,PERSON_00006,mobile recharge,9505,VENDOR_045,mobile recharge
TXN_003720,2025-08-28,ACCT_00382,PERSON_00096,shopping,6250,VENDOR_019,shopping
TXN_003721,2023-11-11,ACCT_00412,PERSON_00089,shopping,19208,VENDOR_016,shopping
TXN_003722,2025-07-27,ACCT_00287,PERSON_00071,cash withdrawal,610045,PERSON_00398,transport settlement
TXN_003723,2024-06-29,ACCT_00405,PERSON_00329,mobile recharge,23248,VENDOR_020,mobile recharge
TXN_003724,2022-01-25,ACCT_00475,PERSON_00108,salary,42320,VENDOR_093,salary
TXN_003725,2023-06-12,ACCT_00324,PERSON_00283,restaurant,7674,VENDOR_093,restaurant
TXN_003726,2022-03-20,ACCT_00111,PERSON_00144,utility,13611,VENDOR_075,utility
TXN_003727,2023-08-10,ACCT_00209,PERSON_00227,vendor payment,821556,PERSON_00246,site material settlement
TXN_003728,2023-05-11,ACCT_00023,PERSON_00437,cash withdrawal,14361,VENDOR_099,cash withdrawal
TXN_003729,2022-07-11,ACCT_00081,PERSON_00242,school fee,28936,VENDOR_087,school fee
TXN_003730,2026-04-27,ACCT_00264,PERSON_00015,settlement,244979,PERSON_00299,freight settlement
TXN_003731,2026-02-19,ACCT_00137,PERSON_00432,mobile recharge,1484,VENDOR_069,mobile recharge
TXN_003732,2021-10-22,ACCT_00143,PERSON_00069,shopping,16679,VENDOR_041,shopping
TXN_003733,2025-08-30,ACCT_00400,PERSON_00296,grocery,36401,VENDOR_003,grocery
TXN_003734,2021-09-22,ACCT_00132,PERSON_00100,wholesale jewellery,90712,VENDOR_069,legitimate cash-intensive retail/festival activity
TXN_003735,2023-03-31,ACCT_00218,PERSON_00117,shopping,26016,VENDOR_013,shopping
TXN_003736,2024-08-15,ACCT_00237,PERSON_00285,fuel,23898,VENDOR_098,fuel
TXN_003737,2024-04-06,ACCT_00418,PERSON_00314,transport,9420,VENDOR_098,transport
TXN_003738,2022-10-16,ACCT_00132,PERSON_00100,cash deposit,420712,VENDOR_042,legitimate cash-intensive retail/festival activity
TXN_003739,2023-11-07,ACCT_00379,PERSON_00326,restaurant,26680,VENDOR_011,restaurant
TXN_003740,2023-04-11,ACCT_00227,PERSON_00023,supplier settlement,331020,VENDOR_048,legitimate cash-intensive retail/festival activity
TXN_003741,2023-03-10,ACCT_00187,PERSON_00273,shopping,38369,VENDOR_026,shopping
TXN_003742,2026-04-17,ACCT_00069,PERSON_00165,transport,38886,VENDOR_089,transport
TXN_003743,2024-10-31,ACCT_00241,PERSON_00430,transport,42355,VENDOR_099,transport
TXN_003744,2025-01-25,ACCT_00106,PERSON_00314,settlement,619937,PERSON_00157,freight settlement
TXN_003745,2021-10-28,ACCT_00280,PERSON_00205,fuel,17922,VENDOR_029,fuel
TXN_003746,2025-12-13,ACCT_00200,PERSON_00423,rent,21859,VENDOR_081,rent
TXN_003747,2023-05-28,ACCT_00017,PERSON_00088,utility,7797,VENDOR_005,utility
TXN_003748,2022-07-10,ACCT_00227,PERSON_00023,gold purchase,109310,VENDOR_033,legitimate cash-intensive retail/festival activity
TXN_003749,2024-04-17,ACCT_00023,PERSON_00437,grocery,8255,VENDOR_004,grocery
TXN_003750,2024-09-06,ACCT_00142,PERSON_00179,cash deposit,61643,VENDOR_045,legitimate cash-intensive retail/festival activity
TXN_003751,2026-02-21,ACCT_00138,PERSON_00381,transfer,744819,PERSON_00212,freight settlement
TXN_003752,2023-07-29,ACCT_00369,PERSON_00433,fuel,12609,VENDOR_064,fuel
TXN_003753,2021-02-03,ACCT_00432,PERSON_00170,cash deposit,153000,PERSON_00181,vehicle advance
TXN_003754,2021-04-24,ACCT_00104,PERSON_00027,grocery,8095,VENDOR_030,grocery
TXN_003755,2023-04-19,ACCT_00438,PERSON_00074,gold purchase,95426,VENDOR_061,legitimate cash-intensive retail/festival activity
TXN_003756,2026-06-29,ACCT_00091,PERSON_00138,school fee,32005,VENDOR_001,school fee
TXN_003757,2021-09-05,ACCT_00292,PERSON_00007,cash withdrawal,6184,VENDOR_024,cash withdrawal
TXN_003758,2022-11-13,ACCT_00393,PERSON_00408,fuel,42367,VENDOR_070,fuel
TXN_003759,2025-04-24,ACCT_00028,PERSON_00059,gold purchase,244251,VENDOR_072,legitimate cash-intensive retail/festival activity
TXN_003760,2025-07-03,ACCT_00414,PERSON_00130,grocery,2182,VENDOR_005,grocery
TXN_003761,2025-01-02,ACCT_00345,PERSON_00064,cash deposit,410875,PERSON_00411,event services
TXN_003762,2024-01-28,ACCT_00252,PERSON_00447,school fee,16067,VENDOR_061,school fee
TXN_003763,2021-10-06,ACCT_00048,PERSON_00067,rent,8440,VENDOR_031,rent
TXN_003764,2024-08-08,ACCT_00372,PERSON_00028,cash withdrawal,401449,PERSON_00078,wholesale goods
TXN_003765,2022-02-21,ACCT_00367,PERSON_00256,invoice,334759,PERSON_00364,site material settlement
TXN_003766,2025-08-25,ACCT_00108,PERSON_00147,settlement,401930,PERSON_00425,transport settlement
TXN_003767,2024-04-25,ACCT_00312,PERSON_00295,fuel,36570,VENDOR_002,fuel
TXN_003768,2022-09-16,ACCT_00449,PERSON_00159,restaurant,22441,VENDOR_056,restaurant
TXN_003769,2025-06-15,ACCT_00249,PERSON_00358,school fee,44269,VENDOR_013,school fee
TXN_003770,2023-01-15,ACCT_00279,PERSON_00212,settlement,132915,PERSON_00232,freight settlement
TXN_003771,2026-04-13,ACCT_00202,PERSON_00149,invoice,550287,PERSON_00182,vehicle advance
TXN_003772,2023-08-19,ACCT_00449,PERSON_00159,settlement,706935,PERSON_00220,premium settlement
TXN_003773,2022-02-16,ACCT_00397,PERSON_00052,salary,17203,VENDOR_088,salary
TXN_003774,2024-11-01,ACCT_00270,PERSON_00306,settlement,208652,PERSON_00184,wholesale goods
TXN_003775,2023-07-16,ACCT_00294,PERSON_00177,settlement,289253,PERSON_00052,event services
TXN_003776,2025-12-25,ACCT_00438,PERSON_00074,supplier settlement,83482,VENDOR_069,legitimate cash-intensive retail/festival activity
TXN_003777,2023-03-16,ACCT_00090,PERSON_00084,medical,8883,VENDOR_036,medical
TXN_003778,2025-09-22,ACCT_00438,PERSON_00074,supplier settlement,69408,VENDOR_015,legitimate cash-intensive retail/festival activity
TXN_003779,2024-05-13,ACCT_00384,PERSON_00299,rent,34240,VENDOR_052,rent
TXN_003780,2025-06-22,ACCT_00090,PERSON_00084,school fee,34893,VENDOR_041,school fee
TXN_003781,2022-05-29,ACCT_00429,PERSON_00382,cash withdrawal,67084,PERSON_00072,vehicle advance
TXN_003782,2025-05-30,ACCT_00368,PERSON_00019,grocery,22596,VENDOR_069,grocery
TXN_003783,2024-06-09,ACCT_00048,PERSON_00067,utility,38305,VENDOR_003,utility
TXN_003784,2024-03-04,ACCT_00144,PERSON_00312,transport,43238,VENDOR_008,transport
TXN_003785,2023-02-27,ACCT_00367,PERSON_00256,settlement,788185,PERSON_00236,site material settlement
TXN_003786,2022-04-01,ACCT_00285,PERSON_00203,cash deposit,872975,PERSON_00173,service commission
TXN_003787,2024-12-01,ACCT_00070,PERSON_00216,transport,37261,VENDOR_054,transport
TXN_003788,2025-02-05,ACCT_00359,PERSON_00427,salary,10015,VENDOR_021,salary
TXN_003789,2021-12-08,ACCT_00100,PERSON_00229,shopping,42332,VENDOR_047,shopping
TXN_003790,2025-11-24,ACCT_00037,PERSON_00113,wholesale jewellery,243159,VENDOR_010,legitimate cash-intensive retail/festival activity
TXN_003791,2025-04-04,ACCT_00263,PERSON_00034,mobile recharge,21721,VENDOR_067,mobile recharge
TXN_003792,2026-03-05,ACCT_00118,PERSON_00340,grocery,41702,VENDOR_062,grocery
TXN_003793,2022-09-06,ACCT_00412,PERSON_00089,restaurant,44796,VENDOR_090,restaurant
TXN_003794,2025-07-05,ACCT_00168,PERSON_00415,transfer,548962,PERSON_00169,consultancy settlement
TXN_003795,2024-09-28,ACCT_00461,PERSON_00217,cash withdrawal,22273,VENDOR_063,cash withdrawal
TXN_003796,2021-08-02,ACCT_00036,PERSON_00087,cash withdrawal,39954,VENDOR_078,cash withdrawal
TXN_003797,2021-01-10,ACCT_00205,PERSON_00349,rent,15546,VENDOR_064,rent
TXN_003798,2021-01-31,ACCT_00035,PERSON_00228,shopping,11130,VENDOR_042,shopping
TXN_003799,2021-04-18,ACCT_00383,PERSON_00347,fuel,5794,VENDOR_100,fuel
TXN_003800,2021-05-04,ACCT_00265,PERSON_00093,shopping,44997,VENDOR_065,shopping
TXN_003801,2021-12-17,ACCT_00377,PERSON_00417,cash deposit,263360,VENDOR_045,legitimate cash-intensive retail/festival activity
TXN_003802,2023-05-02,ACCT_00253,PERSON_00072,restaurant,850,VENDOR_083,restaurant
TXN_003803,2023-02-04,ACCT_00078,PERSON_00428,salary,6576,VENDOR_027,salary
TXN_003804,2025-03-16,ACCT_00104,PERSON_00027,cash withdrawal,367297,PERSON_00363,site material settlement
TXN_003805,2021-04-21,ACCT_00102,PERSON_00173,transfer,233501,PERSON_00243,service commission
TXN_003806,2023-05-09,ACCT_00417,PERSON_00076,restaurant,41688,VENDOR_086,restaurant
TXN_003807,2023-05-25,ACCT_00143,PERSON_00069,mobile recharge,8339,VENDOR_073,mobile recharge
TXN_003808,2026-03-09,ACCT_00372,PERSON_00028,cash deposit,788659,PERSON_00336,wholesale goods
TXN_003809,2022-03-23,ACCT_00132,PERSON_00100,gold purchase,283878,Family Gold Traders,legitimate cash-intensive retail/festival activity
TXN_003810,2021-09-10,ACCT_00252,PERSON_00447,salary,43952,VENDOR_036,salary
TXN_003811,2022-07-07,ACCT_00329,PERSON_00069,transfer,335857,PERSON_00152,service commission
TXN_003812,2025-04-18,ACCT_00253,PERSON_00072,transfer,604387,PERSON_00393,vehicle advance
TXN_003813,2025-01-28,ACCT_00457,PERSON_00300,cash deposit,406188,PERSON_00438,vehicle advance
TXN_003814,2025-06-28,ACCT_00454,PERSON_00119,grocery,11103,VENDOR_028,grocery
TXN_003815,2022-12-11,ACCT_00405,PERSON_00329,transfer,191655,PERSON_00309,freight settlement
TXN_003816,2022-03-24,ACCT_00469,PERSON_00060,salary,16518,VENDOR_059,salary
TXN_003817,2023-05-14,ACCT_00455,PERSON_00016,cash withdrawal,29792,PERSON_00429,event services
TXN_003818,2021-08-18,ACCT_00473,PERSON_00121,settlement,300017,PERSON_00186,consultancy settlement
TXN_003819,2021-06-16,ACCT_00279,PERSON_00212,medical,23482,VENDOR_085,medical
TXN_003820,2023-12-04,ACCT_00023,PERSON_00437,fuel,12224,VENDOR_009,fuel
TXN_003821,2022-06-05,ACCT_00399,PERSON_00363,cash deposit,306567,PERSON_00027,site material settlement
TXN_003822,2024-12-03,ACCT_00104,PERSON_00027,transfer,185101,PERSON_00376,site material settlement
TXN_003823,2022-12-30,ACCT_00071,PERSON_00073,shopping,38400,VENDOR_045,shopping
TXN_000867,2025-06-30,ACCT_00253,PERSON_00072,transfer,154338,PERSON_00434,intermediary settlement
TXN_003825,2023-06-04,ACCT_00220,PERSON_00259,grocery,34773,VENDOR_040,grocery
TXN_003826,2021-12-19,ACCT_00361,PERSON_00035,utility,43080,VENDOR_026,utility
TXN_003827,2023-02-15,ACCT_00376,PERSON_00232,medical,13941,VENDOR_019,medical
TXN_003828,2024-03-22,ACCT_00037,PERSON_00113,festival advance,425938,VENDOR_083,legitimate cash-intensive retail/festival activity
TXN_003829,2022-05-28,ACCT_00465,PERSON_00282,grocery,34165,VENDOR_076,grocery
TXN_003830,2024-07-28,ACCT_00228,PERSON_00098,school fee,15294,VENDOR_060,school fee
TXN_003831,2022-08-10,ACCT_00253,PERSON_00072,cash withdrawal,15997,VENDOR_096,cash withdrawal
TXN_003832,2023-10-09,ACCT_00449,PERSON_00159,grocery,39732,VENDOR_036,grocery
TXN_003833,2022-09-12,ACCT_00129,PERSON_00025,cash deposit,708676,PERSON_00053,freight settlement
TXN_003834,2022-10-02,ACCT_00360,PERSON_00192,utility,8070,VENDOR_079,utility
TXN_003835,2024-05-05,ACCT_00368,PERSON_00019,salary,41067,VENDOR_039,salary
TXN_003836,2021-05-20,ACCT_00115,PERSON_00225,rent,470,VENDOR_062,rent
TXN_003837,2022-12-05,ACCT_00390,PERSON_00049,vendor payment,278883,PERSON_00016,event services
TXN_003838,2022-10-18,ACCT_00104,PERSON_00027,invoice,369716,PERSON_00068,site material settlement
TXN_003839,2023-06-16,ACCT_00407,PERSON_00011,gold purchase,139085,VENDOR_021,legitimate cash-intensive retail/festival activity
TXN_003840,2024-06-03,ACCT_00091,PERSON_00138,restaurant,44320,VENDOR_100,restaurant
TXN_003841,2024-06-27,ACCT_00037,PERSON_00113,wholesale jewellery,184802,VENDOR_023,legitimate cash-intensive retail/festival activity
TXN_003842,2022-02-25,ACCT_00217,PERSON_00284,cash deposit,715853,PERSON_00320,service commission
TXN_003843,2021-07-01,ACCT_00144,PERSON_00312,vendor payment,250243,PERSON_00416,premium settlement
TXN_003844,2024-02-01,ACCT_00020,PERSON_00143,school fee,9359,VENDOR_005,school fee
TXN_003845,2021-10-07,ACCT_00100,PERSON_00229,fuel,17747,VENDOR_053,fuel
TXN_003846,2022-08-09,ACCT_00387,PERSON_00361,fuel,6507,VENDOR_045,fuel
TXN_003847,2021-08-17,ACCT_00083,PERSON_00220,vendor payment,8410,PERSON_00362,premium settlement
TXN_003848,2026-06-17,ACCT_00142,PERSON_00179,cash deposit,491249,PERSON_00283,registration/document fee
TXN_003849,2025-03-07,ACCT_00073,PERSON_00198,salary,26585,VENDOR_026,salary
TXN_003850,2021-09-06,ACCT_00298,PERSON_00371,cash withdrawal,24939,VENDOR_059,cash withdrawal
TXN_003851,2022-10-22,ACCT_00201,PERSON_00224,rent,37893,VENDOR_087,rent
TXN_003852,2022-07-30,ACCT_00288,PERSON_00180,restaurant,42273,VENDOR_068,restaurant
TXN_003853,2021-12-24,ACCT_00119,PERSON_00318,rent,26561,VENDOR_087,rent
TXN_003854,2023-01-12,ACCT_00228,PERSON_00098,shopping,19761,VENDOR_044,shopping
TXN_003855,2021-03-18,ACCT_00138,PERSON_00381,salary,32516,VENDOR_002,salary
TXN_003856,2024-06-23,ACCT_00020,PERSON_00143,cash withdrawal,676588,PERSON_00049,event services
TXN_003857,2022-12-17,ACCT_00167,PERSON_00088,cash deposit,48099,VENDOR_055,legitimate cash-intensive retail/festival activity
TXN_003858,2024-10-21,ACCT_00249,PERSON_00358,utility,31760,VENDOR_052,utility
TXN_003859,2023-04-10,ACCT_00363,PERSON_00122,school fee,7578,VENDOR_030,school fee
TXN_003860,2024-05-04,ACCT_00400,PERSON_00296,utility,7491,VENDOR_044,utility
TXN_003861,2021-02-20,ACCT_00132,PERSON_00100,festival advance,179537,VENDOR_039,legitimate cash-intensive retail/festival activity
TXN_003862,2021-01-18,ACCT_00018,PERSON_00156,restaurant,19260,VENDOR_092,restaurant
TXN_003863,2026-03-25,ACCT_00059,PERSON_00390,medical,27899,VENDOR_038,medical
TXN_003864,2025-07-05,ACCT_00003,PERSON_00434,fuel,172,VENDOR_044,fuel
TXN_003865,2024-10-05,ACCT_00451,PERSON_00281,settlement,517843,PERSON_00105,registration/document fee
TXN_003866,2022-10-02,ACCT_00438,PERSON_00074,gold purchase,242990,VENDOR_060,legitimate cash-intensive retail/festival activity
TXN_003867,2022-08-20,ACCT_00002,PERSON_00337,cash withdrawal,6570,PERSON_00192,wholesale goods
TXN_003868,2026-01-13,ACCT_00405,PERSON_00329,medical,1021,VENDOR_044,medical
TXN_003869,2025-09-04,ACCT_00024,PERSON_00201,school fee,39880,VENDOR_079,school fee
TXN_003870,2022-06-07,ACCT_00104,PERSON_00027,mobile recharge,27597,VENDOR_087,mobile recharge
TXN_003871,2024-04-06,ACCT_00278,PERSON_00301,cash withdrawal,44787,VENDOR_065,cash withdrawal
TXN_003872,2021-08-24,ACCT_00031,PERSON_00223,mobile recharge,44242,VENDOR_020,mobile recharge
TXN_003873,2022-05-06,ACCT_00319,PERSON_00404,transport,1953,VENDOR_017,transport
TXN_003874,2025-08-01,ACCT_00132,PERSON_00100,supplier settlement,356881,VENDOR_084,legitimate cash-intensive retail/festival activity
TXN_003875,2021-10-08,ACCT_00131,PERSON_00331,cash deposit,788207,PERSON_00425,transport settlement
TXN_003876,2022-02-19,ACCT_00071,PERSON_00073,vendor payment,641548,PERSON_00272,consultancy settlement
TXN_003877,2023-05-07,ACCT_00132,PERSON_00100,supplier settlement,307340,VENDOR_076,legitimate cash-intensive retail/festival activity
TXN_008883,2023-12-01,ACCT_00102,PERSON_00173,transfer,160174,PERSON_00152,intermediary settlement
TXN_003879,2023-05-18,ACCT_00056,PERSON_00222,salary,20714,VENDOR_018,salary
TXN_003880,2025-01-27,ACCT_00265,PERSON_00093,cash withdrawal,43025,VENDOR_055,cash withdrawal
TXN_003881,2026-04-01,ACCT_00257,PERSON_00136,cash withdrawal,31108,VENDOR_038,cash withdrawal
TXN_003882,2022-04-09,ACCT_00132,PERSON_00100,cash deposit,77224,VENDOR_032,legitimate cash-intensive retail/festival activity
TXN_003883,2024-11-05,ACCT_00413,PERSON_00233,restaurant,29180,VENDOR_077,restaurant
TXN_003884,2021-10-13,ACCT_00299,PERSON_00386,medical,9159,VENDOR_058,medical
TXN_003885,2021-08-18,ACCT_00091,PERSON_00138,rent,33709,VENDOR_063,rent
TXN_003886,2024-04-11,ACCT_00095,PERSON_00012,cash withdrawal,534893,PERSON_00065,transport settlement
TXN_003887,2025-06-03,ACCT_00184,PERSON_00343,shopping,41794,VENDOR_047,shopping
TXN_003888,2023-05-28,ACCT_00368,PERSON_00019,rent,5097,VENDOR_016,rent
TXN_003889,2022-05-26,ACCT_00183,PERSON_00286,salary,17976,VENDOR_021,salary
TXN_003890,2021-02-24,ACCT_00290,PERSON_00362,cash withdrawal,403403,PERSON_00011,premium settlement
TXN_003891,2021-03-11,ACCT_00147,PERSON_00214,grocery,6468,VENDOR_033,grocery
TXN_003892,2025-04-24,ACCT_00350,PERSON_00059,cash deposit,291791,VENDOR_055,legitimate cash-intensive retail/festival activity
TXN_003893,2025-02-13,ACCT_00227,PERSON_00023,cash deposit,437753,VENDOR_004,legitimate cash-intensive retail/festival activity
TXN_003894,2025-04-25,ACCT_00181,PERSON_00111,shopping,23597,VENDOR_077,shopping
TXN_003895,2026-01-23,ACCT_00304,PERSON_00280,rent,42326,VENDOR_064,rent
TXN_003896,2021-11-26,ACCT_00145,PERSON_00005,grocery,4588,VENDOR_009,grocery
TXN_003897,2025-05-03,ACCT_00260,PERSON_00261,grocery,38780,VENDOR_015,grocery
TXN_003898,2023-05-03,ACCT_00364,PERSON_00103,salary,1651,VENDOR_008,salary
TXN_003899,2026-02-04,ACCT_00001,PERSON_00033,gold purchase,436074,VENDOR_042,legitimate cash-intensive retail/festival activity
TXN_003900,2025-10-27,ACCT_00285,PERSON_00203,shopping,31339,VENDOR_018,shopping
TXN_003901,2022-10-31,ACCT_00431,PERSON_00346,cash withdrawal,1946,VENDOR_022,cash withdrawal
TXN_003902,2026-01-02,ACCT_00244,PERSON_00221,salary,20747,VENDOR_002,salary
TXN_003903,2025-09-07,ACCT_00289,PERSON_00131,rent,23331,VENDOR_081,rent
TXN_003904,2022-11-14,ACCT_00263,PERSON_00034,settlement,481013,PERSON_00379,consultancy settlement
TXN_003905,2023-06-09,ACCT_00050,PERSON_00008,school fee,14395,VENDOR_040,school fee
TXN_003906,2023-06-10,ACCT_00287,PERSON_00071,invoice,666565,PERSON_00398,transport settlement
TXN_003907,2022-04-20,ACCT_00234,PERSON_00158,medical,2733,VENDOR_004,medical
TXN_003908,2021-11-10,ACCT_00062,PERSON_00388,vendor payment,698397,PERSON_00243,service commission
TXN_003909,2023-08-04,ACCT_00407,PERSON_00011,invoice,427468,PERSON_00312,premium settlement
TXN_003910,2022-12-21,ACCT_00014,PERSON_00088,festival advance,30778,VENDOR_038,legitimate cash-intensive retail/festival activity
TXN_003911,2023-06-09,ACCT_00176,PERSON_00264,grocery,17058,VENDOR_075,grocery
TXN_003912,2021-10-30,ACCT_00345,PERSON_00064,cash withdrawal,789895,PERSON_00188,event services
TXN_003913,2022-04-10,ACCT_00030,PERSON_00363,transfer,158336,PERSON_00068,site material settlement
TXN_003914,2026-04-09,ACCT_00433,PERSON_00116,transport,16488,VENDOR_094,transport
TXN_003915,2025-12-28,ACCT_00211,PERSON_00039,shopping,15690,VENDOR_067,shopping
TXN_003916,2025-01-14,ACCT_00361,PERSON_00035,cash deposit,273134,PERSON_00173,consultancy settlement
TXN_003917,2021-06-22,ACCT_00278,PERSON_00301,shopping,12393,VENDOR_093,shopping
TXN_003918,2022-09-17,ACCT_00168,PERSON_00415,restaurant,19519,VENDOR_008,restaurant
TXN_003919,2025-06-09,ACCT_00059,PERSON_00390,salary,26682,VENDOR_065,salary
TXN_003920,2021-06-14,ACCT_00465,PERSON_00282,cash deposit,787119,PERSON_00320,service commission
TXN_003921,2022-08-06,ACCT_00370,PERSON_00046,medical,28310,VENDOR_067,medical
TXN_003922,2024-10-21,ACCT_00316,PERSON_00237,cash withdrawal,42713,VENDOR_080,cash withdrawal
TXN_003923,2021-01-14,ACCT_00294,PERSON_00177,rent,8683,VENDOR_098,rent
TXN_003924,2025-11-15,ACCT_00271,PERSON_00050,vendor payment,824682,PERSON_00232,freight settlement
TXN_003925,2021-11-22,ACCT_00115,PERSON_00225,cash deposit,63578,PERSON_00151,consultancy settlement
TXN_002612,2025-07-24,ACCT_00253,PERSON_00072,transfer,120221,PERSON_00378,intermediary settlement
TXN_003927,2022-03-10,ACCT_00209,PERSON_00227,grocery,34778,VENDOR_069,grocery
TXN_003928,2022-05-06,ACCT_00246,PERSON_00244,supplier settlement,220805,VENDOR_028,legitimate cash-intensive retail/festival activity
TXN_003929,2022-02-24,ACCT_00465,PERSON_00282,cash withdrawal,854116,PERSON_00402,vehicle advance
TXN_003930,2021-06-03,ACCT_00253,PERSON_00072,utility,11562,VENDOR_016,utility
TXN_003931,2022-09-13,ACCT_00102,PERSON_00173,vendor payment,355850,PERSON_00032,consultancy settlement
TXN_003932,2021-04-09,ACCT_00117,PERSON_00155,fuel,25549,VENDOR_018,fuel
TXN_003933,2024-09-28,ACCT_00325,PERSON_00145,settlement,118671,PERSON_00012,site material settlement
TXN_003934,2025-07-21,ACCT_00117,PERSON_00155,cash deposit,566116,PERSON_00124,freight settlement
TXN_003935,2021-02-10,ACCT_00227,PERSON_00023,salary,41816,VENDOR_014,salary
TXN_003936,2024-01-04,ACCT_00325,PERSON_00145,cash deposit,861944,PERSON_00376,site material settlement
TXN_003937,2022-02-02,ACCT_00299,PERSON_00386,transfer,159348,PERSON_00053,freight settlement
TXN_003938,2023-01-14,ACCT_00457,PERSON_00300,invoice,870426,PERSON_00181,vehicle advance
TXN_003939,2024-02-18,ACCT_00289,PERSON_00131,shopping,4661,VENDOR_054,shopping
TXN_003940,2021-09-08,ACCT_00114,PERSON_00194,settlement,7648,PERSON_00314,freight settlement
TXN_003941,2022-12-15,ACCT_00036,PERSON_00087,salary,34086,VENDOR_033,salary
TXN_003942,2026-04-27,ACCT_00241,PERSON_00430,cash deposit,731537,PERSON_00152,service commission
TXN_003943,2021-03-08,ACCT_00223,PERSON_00298,fuel,35081,VENDOR_021,fuel
TXN_003944,2021-05-23,ACCT_00001,PERSON_00033,salary,3645,VENDOR_031,salary
TXN_003945,2024-12-12,ACCT_00030,PERSON_00363,cash withdrawal,19295,VENDOR_087,cash withdrawal
TXN_003946,2023-12-19,ACCT_00412,PERSON_00089,mobile recharge,34379,VENDOR_017,mobile recharge
TXN_003947,2026-03-09,ACCT_00383,PERSON_00347,supplier settlement,73474,VENDOR_080,legitimate cash-intensive retail/festival activity
TXN_003948,2026-04-02,ACCT_00226,PERSON_00168,shopping,26576,VENDOR_011,shopping
TXN_003949,2025-09-16,ACCT_00364,PERSON_00103,fuel,13128,VENDOR_002,fuel
TXN_003950,2021-12-14,ACCT_00135,PERSON_00102,cash withdrawal,30750,VENDOR_074,cash withdrawal
TXN_003951,2023-12-06,ACCT_00180,PERSON_00066,grocery,17503,VENDOR_014,grocery
TXN_003952,2022-01-24,ACCT_00132,PERSON_00100,supplier settlement,99824,VENDOR_083,legitimate cash-intensive retail/festival activity
TXN_003953,2023-02-14,ACCT_00240,PERSON_00450,cash withdrawal,17691,VENDOR_001,cash withdrawal
TXN_003954,2025-12-22,ACCT_00352,PERSON_00110,cash withdrawal,43743,VENDOR_007,cash withdrawal
TXN_003955,2023-12-22,ACCT_00047,PERSON_00409,cash withdrawal,6422,VENDOR_026,cash withdrawal
TXN_003956,2023-04-19,ACCT_00231,PERSON_00246,vendor payment,600069,PERSON_00223,site material settlement
TXN_003957,2022-09-18,ACCT_00227,PERSON_00023,festival advance,249979,VENDOR_057,legitimate cash-intensive retail/festival activity
TXN_003958,2025-04-11,ACCT_00305,PERSON_00020,mobile recharge,9205,VENDOR_037,mobile recharge
TXN_003959,2021-04-09,ACCT_00426,PERSON_00322,rent,27014,VENDOR_066,rent
TXN_003960,2022-03-14,ACCT_00370,PERSON_00046,school fee,29804,VENDOR_088,school fee
TXN_003961,2026-04-04,ACCT_00208,PERSON_00368,rent,29852,VENDOR_068,rent
TXN_003962,2024-10-01,ACCT_00016,PERSON_00220,transfer,475140,PERSON_00259,premium settlement
TXN_003963,2021-10-02,ACCT_00135,PERSON_00102,school fee,3716,VENDOR_059,school fee
TXN_003964,2022-04-26,ACCT_00132,PERSON_00100,wholesale jewellery,316573,VENDOR_096,legitimate cash-intensive retail/festival activity
TXN_003965,2022-09-09,ACCT_00447,PERSON_00379,school fee,1565,VENDOR_017,school fee
TXN_003966,2022-09-30,ACCT_00106,PERSON_00314,settlement,266547,PERSON_00232,freight settlement
TXN_002485,2024-06-20,ACCT_00102,PERSON_00173,transfer,94089,PERSON_00152,intermediary settlement
TXN_003968,2021-09-15,ACCT_00356,PERSON_00338,grocery,43209,VENDOR_033,grocery
TXN_003969,2024-10-21,ACCT_00352,PERSON_00110,cash withdrawal,25064,VENDOR_055,cash withdrawal
TXN_003970,2021-01-24,ACCT_00031,PERSON_00223,vendor payment,632977,PERSON_00154,site material settlement
TXN_003971,2025-08-13,ACCT_00002,PERSON_00337,shopping,3524,VENDOR_059,shopping
TXN_003972,2022-10-03,ACCT_00350,PERSON_00059,festival advance,278005,VENDOR_039,legitimate cash-intensive retail/festival activity
TXN_003973,2026-02-04,ACCT_00358,PERSON_00085,cash deposit,885426,PERSON_00048,site material settlement
TXN_003974,2021-03-27,ACCT_00202,PERSON_00149,medical,2349,VENDOR_060,medical
TXN_003975,2023-11-15,ACCT_00350,PERSON_00059,cash deposit,400895,VENDOR_027,legitimate cash-intensive retail/festival activity
TXN_003976,2024-02-01,ACCT_00241,PERSON_00430,settlement,390162,PERSON_00130,service commission
TXN_003977,2025-11-26,ACCT_00209,PERSON_00227,medical,3599,VENDOR_013,medical
TXN_003978,2021-08-15,ACCT_00385,PERSON_00257,salary,25227,VENDOR_051,salary
TXN_003979,2021-06-06,ACCT_00025,PERSON_00315,utility,32361,VENDOR_031,utility
TXN_003980,2025-05-24,ACCT_00191,PERSON_00208,shopping,34018,VENDOR_075,shopping
TXN_003981,2024-06-03,ACCT_00309,PERSON_00127,utility,37777,VENDOR_067,utility
TXN_003982,2024-09-22,ACCT_00126,PERSON_00062,transport,22361,VENDOR_046,transport
TXN_003983,2023-02-20,ACCT_00246,PERSON_00244,wholesale jewellery,356354,VENDOR_076,legitimate cash-intensive retail/festival activity
TXN_003984,2021-04-18,ACCT_00473,PERSON_00121,rent,5893,VENDOR_081,rent
TXN_003985,2026-04-04,ACCT_00027,PERSON_00215,salary,42468,VENDOR_091,salary
TXN_003986,2022-10-27,ACCT_00081,PERSON_00242,shopping,35346,VENDOR_037,shopping
TXN_003987,2024-11-20,ACCT_00004,PERSON_00425,transfer,500768,PERSON_00449,transport settlement
TXN_003988,2023-07-26,ACCT_00251,PERSON_00383,settlement,97897,PERSON_00010,registration/document fee
TXN_003989,2024-11-07,ACCT_00480,PERSON_00040,mobile recharge,31815,VENDOR_073,mobile recharge
TXN_003990,2024-02-06,ACCT_00400,PERSON_00296,rent,28233,VENDOR_069,rent
TXN_003991,2021-09-24,ACCT_00417,PERSON_00076,shopping,33175,VENDOR_095,shopping
TXN_003992,2025-03-09,ACCT_00371,PERSON_00004,shopping,8735,VENDOR_079,shopping
TXN_003993,2026-02-26,ACCT_00383,PERSON_00347,gold purchase,428103,VENDOR_063,legitimate cash-intensive retail/festival activity
TXN_003994,2022-04-10,ACCT_00047,PERSON_00409,cash withdrawal,30049,VENDOR_056,cash withdrawal
TXN_003995,2025-01-21,ACCT_00471,PERSON_00353,restaurant,26354,VENDOR_094,restaurant
TXN_003996,2022-06-04,ACCT_00280,PERSON_00205,restaurant,17521,VENDOR_076,restaurant
TXN_003997,2024-06-14,ACCT_00324,PERSON_00283,shopping,31003,VENDOR_002,shopping
TXN_003998,2024-12-12,ACCT_00228,PERSON_00098,settlement,627288,PERSON_00081,vehicle advance
TXN_003999,2021-01-10,ACCT_00471,PERSON_00353,settlement,814422,PERSON_00169,consultancy settlement
TXN_004000,2025-08-24,ACCT_00167,PERSON_00088,wholesale jewellery,356959,VENDOR_076,legitimate cash-intensive retail/festival activity
TXN_004001,2023-06-29,ACCT_00361,PERSON_00035,grocery,25937,VENDOR_020,grocery
TXN_004002,2022-12-17,ACCT_00457,PERSON_00300,mobile recharge,18087,VENDOR_084,mobile recharge
TXN_004003,2023-12-11,ACCT_00367,PERSON_00256,settlement,568135,PERSON_00433,site material settlement
TXN_004004,2022-04-20,ACCT_00037,PERSON_00113,supplier settlement,47243,VENDOR_040,legitimate cash-intensive retail/festival activity
TXN_004005,2021-11-20,ACCT_00119,PERSON_00318,grocery,43252,VENDOR_051,grocery
TXN_004006,2023-04-11,ACCT_00260,PERSON_00261,shopping,38917,VENDOR_029,shopping
TXN_002754,2023-05-09,ACCT_00253,PERSON_00072,transfer,37289,PERSON_00434,intermediary settlement
TXN_004008,2023-10-16,ACCT_00415,PERSON_00309,settlement,620817,PERSON_00212,freight settlement
TXN_004009,2021-12-13,ACCT_00335,PERSON_00248,settlement,412193,PERSON_00309,freight settlement
TXN_004010,2022-02-12,ACCT_00147,PERSON_00214,salary,4296,VENDOR_039,salary
TXN_004011,2022-11-19,ACCT_00395,PERSON_00269,cash withdrawal,866629,PERSON_00146,registration/document fee
TXN_004012,2021-03-18,ACCT_00191,PERSON_00208,rent,9736,VENDOR_079,rent
TXN_004013,2025-09-19,ACCT_00001,PERSON_00033,mobile recharge,35665,VENDOR_083,mobile recharge
TXN_004014,2021-06-12,ACCT_00285,PERSON_00203,cash withdrawal,11274,VENDOR_046,cash withdrawal
TXN_004015,2022-01-06,ACCT_00295,PERSON_00269,settlement,604440,PERSON_00283,registration/document fee
TXN_004016,2023-11-27,ACCT_00271,PERSON_00050,settlement,226209,PERSON_00381,freight settlement
TXN_004017,2022-11-11,ACCT_00074,PERSON_00293,grocery,20944,VENDOR_061,grocery
TXN_004018,2021-04-28,ACCT_00337,PERSON_00279,transfer,654408,PERSON_00171,wholesale goods
TXN_004019,2024-12-15,ACCT_00428,PERSON_00234,fuel,20317,VENDOR_042,fuel
TXN_004020,2024-03-11,ACCT_00383,PERSON_00347,wholesale jewellery,162173,VENDOR_014,legitimate cash-intensive retail/festival activity
TXN_004021,2025-04-23,ACCT_00423,PERSON_00439,rent,4803,VENDOR_031,rent
TXN_004022,2025-09-08,ACCT_00313,PERSON_00397,restaurant,40153,VENDOR_051,restaurant
TXN_004023,2026-04-24,ACCT_00452,PERSON_00369,shopping,23351,VENDOR_028,shopping
TXN_004024,2023-09-27,ACCT_00452,PERSON_00369,mobile recharge,35982,VENDOR_069,mobile recharge
TXN_004025,2024-06-03,ACCT_00130,PERSON_00416,transport,29699,VENDOR_020,transport
TXN_004026,2024-08-27,ACCT_00037,PERSON_00113,utility,13097,VENDOR_086,utility
TXN_004027,2023-10-08,ACCT_00369,PERSON_00433,shopping,34777,VENDOR_024,shopping
TXN_004028,2022-03-26,ACCT_00432,PERSON_00170,mobile recharge,30376,VENDOR_064,mobile recharge
TXN_004029,2024-01-28,ACCT_00142,PERSON_00179,supplier settlement,328675,VENDOR_085,legitimate cash-intensive retail/festival activity
TXN_004030,2023-07-29,ACCT_00435,PERSON_00352,rent,35167,VENDOR_007,rent
TXN_004031,2023-12-30,ACCT_00038,PERSON_00254,rent,44972,VENDOR_005,rent
TXN_004032,2024-02-25,ACCT_00390,PERSON_00049,cash withdrawal,594899,PERSON_00177,event services
TXN_004033,2025-02-23,ACCT_00059,PERSON_00390,restaurant,26319,VENDOR_032,restaurant
TXN_004034,2025-09-09,ACCT_00242,PERSON_00124,salary,21142,VENDOR_034,salary
TXN_004035,2022-12-14,ACCT_00400,PERSON_00296,cash withdrawal,38779,VENDOR_015,cash withdrawal
TXN_004036,2024-04-05,ACCT_00396,PERSON_00115,rent,36923,VENDOR_031,rent
TXN_004037,2021-06-14,ACCT_00253,PERSON_00072,restaurant,34579,VENDOR_089,restaurant
TXN_004038,2026-04-04,ACCT_00271,PERSON_00050,cash withdrawal,35299,VENDOR_036,cash withdrawal
TXN_004039,2022-11-11,ACCT_00239,PERSON_00401,restaurant,17264,VENDOR_089,restaurant
TXN_004040,2024-12-21,ACCT_00246,PERSON_00244,festival advance,332228,VENDOR_092,legitimate cash-intensive retail/festival activity
TXN_004041,2024-11-11,ACCT_00450,PERSON_00445,grocery,4886,VENDOR_050,grocery
TXN_004042,2021-09-10,ACCT_00059,PERSON_00390,rent,3054,VENDOR_005,rent
TXN_004043,2022-11-20,ACCT_00013,PERSON_00090,grocery,34010,VENDOR_046,grocery
TXN_004044,2021-01-30,ACCT_00228,PERSON_00098,cash withdrawal,13187,VENDOR_019,cash withdrawal
TXN_004045,2021-11-23,ACCT_00142,PERSON_00179,wholesale jewellery,377364,VENDOR_047,legitimate cash-intensive retail/festival activity
TXN_004046,2025-01-03,ACCT_00014,PERSON_00088,gold purchase,158948,VENDOR_089,legitimate cash-intensive retail/festival activity
TXN_004047,2024-11-15,ACCT_00320,PERSON_00327,grocery,30035,VENDOR_041,grocery
TXN_004048,2024-07-23,ACCT_00365,PERSON_00014,cash withdrawal,790462,PERSON_00309,freight settlement
TXN_004049,2022-06-25,ACCT_00358,PERSON_00085,cash withdrawal,843184,PERSON_00246,site material settlement
TXN_004050,2022-02-18,ACCT_00132,PERSON_00100,wholesale jewellery,59159,Festival Jewel Mart,legitimate cash-intensive retail/festival activity
TXN_004051,2023-09-23,ACCT_00161,PERSON_00030,fuel,42257,VENDOR_022,fuel
TXN_004052,2025-01-26,ACCT_00006,PERSON_00424,shopping,22832,VENDOR_070,shopping
TXN_004053,2023-01-26,ACCT_00274,PERSON_00188,settlement,145968,PERSON_00177,event services
TXN_004054,2022-01-26,ACCT_00327,PERSON_00285,mobile recharge,35593,VENDOR_084,mobile recharge
TXN_004055,2024-04-23,ACCT_00302,PERSON_00426,grocery,1342,VENDOR_080,grocery
TXN_004056,2022-11-15,ACCT_00089,PERSON_00395,cash withdrawal,8424,VENDOR_045,cash withdrawal
TXN_004057,2024-11-25,ACCT_00430,PERSON_00025,salary,7928,VENDOR_020,salary
TXN_004058,2024-11-08,ACCT_00415,PERSON_00309,school fee,39253,VENDOR_011,school fee
TXN_004059,2024-12-14,ACCT_00385,PERSON_00257,shopping,471,VENDOR_017,shopping
TXN_004060,2025-01-03,ACCT_00230,PERSON_00191,fuel,29951,VENDOR_036,fuel
TXN_004061,2022-09-07,ACCT_00437,PERSON_00360,settlement,51675,PERSON_00231,wholesale goods
TXN_004062,2021-06-25,ACCT_00167,PERSON_00088,supplier settlement,202788,VENDOR_039,legitimate cash-intensive retail/festival activity
TXN_004063,2022-11-04,ACCT_00266,PERSON_00402,vendor payment,218558,PERSON_00300,vehicle advance
TXN_004064,2024-09-22,ACCT_00375,PERSON_00403,rent,23141,VENDOR_035,rent
TXN_004065,2024-07-03,ACCT_00279,PERSON_00212,transfer,24106,PERSON_00393,vehicle advance
TXN_004066,2021-11-08,ACCT_00250,PERSON_00253,grocery,6151,VENDOR_075,grocery
TXN_004067,2025-07-23,ACCT_00455,PERSON_00016,salary,13892,VENDOR_086,salary
TXN_004068,2022-06-24,ACCT_00395,PERSON_00269,transfer,158017,PERSON_00135,registration/document fee
TXN_004069,2024-11-02,ACCT_00192,PERSON_00405,transfer,382595,PERSON_00182,vehicle advance
TXN_004070,2022-12-25,ACCT_00372,PERSON_00028,grocery,3730,VENDOR_069,grocery
TXN_004071,2022-04-08,ACCT_00431,PERSON_00346,shopping,43519,VENDOR_041,shopping
TXN_004072,2022-07-25,ACCT_00475,PERSON_00108,fuel,35001,VENDOR_088,fuel
TXN_004073,2023-12-14,ACCT_00383,PERSON_00347,cash deposit,427708,VENDOR_031,legitimate cash-intensive retail/festival activity
TXN_004074,2021-06-22,ACCT_00135,PERSON_00102,shopping,13074,VENDOR_083,shopping
TXN_004075,2022-09-20,ACCT_00208,PERSON_00368,salary,14393,VENDOR_075,salary
TXN_004076,2025-06-11,ACCT_00024,PERSON_00201,cash deposit,193451,PERSON_00082,transport settlement
TXN_004077,2021-11-30,ACCT_00242,PERSON_00124,cash withdrawal,7851,VENDOR_076,cash withdrawal
TXN_004078,2024-04-19,ACCT_00136,PERSON_00042,shopping,11775,VENDOR_029,shopping
TXN_004079,2021-07-08,ACCT_00419,PERSON_00380,school fee,44737,VENDOR_023,school fee
TXN_004080,2026-02-24,ACCT_00132,PERSON_00100,festival advance,303128,VENDOR_041,legitimate cash-intensive retail/festival activity
TXN_004081,2023-09-28,ACCT_00227,PERSON_00023,shopping,38132,VENDOR_077,shopping
TXN_004082,2026-04-05,ACCT_00227,PERSON_00023,gold purchase,261767,VENDOR_069,legitimate cash-intensive retail/festival activity
TXN_004083,2023-03-03,ACCT_00102,PERSON_00173,transfer,103357,PERSON_00169,consultancy settlement
TXN_004084,2023-11-21,ACCT_00430,PERSON_00025,rent,40395,VENDOR_100,rent
TXN_004085,2021-01-05,ACCT_00013,PERSON_00090,fuel,25560,VENDOR_074,fuel
TXN_004086,2025-05-24,ACCT_00023,PERSON_00437,shopping,41775,VENDOR_003,shopping
TXN_004087,2024-02-21,ACCT_00410,PERSON_00307,utility,36751,VENDOR_010,utility
TXN_004088,2026-04-05,ACCT_00246,PERSON_00244,cash deposit,402855,VENDOR_057,legitimate cash-intensive retail/festival activity
TXN_004089,2023-04-06,ACCT_00247,PERSON_00047,cash deposit,397309,PERSON_00256,site material settlement
TXN_004090,2024-07-30,ACCT_00150,PERSON_00231,transfer,597392,PERSON_00184,wholesale goods
TXN_004091,2026-04-21,ACCT_00171,PERSON_00370,salary,28666,VENDOR_048,salary
TXN_004092,2022-06-03,ACCT_00132,PERSON_00100,supplier settlement,70356,VENDOR_047,legitimate cash-intensive retail/festival activity
TXN_004093,2021-09-28,ACCT_00445,PERSON_00259,settlement,404170,PERSON_00057,premium settlement
TXN_004094,2023-11-09,ACCT_00061,PERSON_00102,school fee,26608,VENDOR_081,school fee
TXN_004095,2024-10-07,ACCT_00241,PERSON_00430,settlement,174075,PERSON_00163,service commission
TXN_004096,2024-05-06,ACCT_00031,PERSON_00223,cash withdrawal,17901,VENDOR_015,cash withdrawal
TXN_004097,2021-08-13,ACCT_00001,PERSON_00033,restaurant,33027,VENDOR_067,restaurant
TXN_004098,2023-05-04,ACCT_00374,PERSON_00320,rent,20062,VENDOR_041,rent
TXN_004099,2021-04-12,ACCT_00142,PERSON_00179,fuel,15874,VENDOR_078,fuel
TXN_004100,2024-06-23,ACCT_00256,PERSON_00309,grocery,30513,VENDOR_070,grocery
TXN_004101,2024-05-27,ACCT_00199,PERSON_00190,shopping,32046,VENDOR_093,shopping
TXN_004102,2023-10-07,ACCT_00071,PERSON_00073,transport,44519,VENDOR_096,transport
TXN_004103,2021-07-26,ACCT_00204,PERSON_00070,settlement,588570,PERSON_00057,premium settlement
TXN_004104,2026-01-30,ACCT_00142,PERSON_00179,festival advance,35494,VENDOR_078,legitimate cash-intensive retail/festival activity
TXN_004105,2025-05-18,ACCT_00008,PERSON_00069,rent,30507,VENDOR_087,rent
TXN_004106,2026-01-24,ACCT_00413,PERSON_00233,shopping,23428,VENDOR_069,shopping
TXN_004107,2021-10-14,ACCT_00424,PERSON_00055,transport,6769,VENDOR_092,transport
TXN_004108,2023-09-26,ACCT_00406,PERSON_00250,transfer,469853,PERSON_00145,site material settlement
TXN_004109,2023-10-15,ACCT_00465,PERSON_00282,vendor payment,9232,PERSON_00176,vehicle advance
TXN_004110,2026-06-26,ACCT_00355,PERSON_00263,transfer,278938,PERSON_00311,premium settlement
TXN_004111,2025-10-04,ACCT_00086,PERSON_00206,utility,2793,VENDOR_043,utility
TXN_004112,2023-04-15,ACCT_00015,PERSON_00294,shopping,4264,VENDOR_082,shopping
TXN_004113,2025-06-22,ACCT_00363,PERSON_00122,fuel,19092,VENDOR_062,fuel
TXN_004114,2025-12-08,ACCT_00271,PERSON_00050,vendor payment,449900,PERSON_00124,freight settlement
TXN_004115,2025-07-04,ACCT_00216,PERSON_00230,fuel,15280,VENDOR_013,fuel
TXN_004116,2022-01-05,ACCT_00465,PERSON_00282,settlement,651643,PERSON_00287,vehicle advance
TXN_004117,2023-07-08,ACCT_00116,PERSON_00106,salary,17492,VENDOR_006,salary
TXN_004118,2024-05-24,ACCT_00112,PERSON_00351,cash withdrawal,42731,VENDOR_093,cash withdrawal
TXN_004119,2023-03-27,ACCT_00191,PERSON_00208,mobile recharge,43737,VENDOR_031,mobile recharge
TXN_004120,2023-05-21,ACCT_00451,PERSON_00281,cash deposit,518079,PERSON_00290,registration/document fee
TXN_004121,2022-01-08,ACCT_00076,PERSON_00441,salary,4838,VENDOR_057,salary
TXN_004122,2021-06-09,ACCT_00438,PERSON_00074,gold purchase,130451,VENDOR_081,legitimate cash-intensive retail/festival activity
TXN_004123,2024-06-12,ACCT_00185,PERSON_00412,restaurant,40592,VENDOR_012,restaurant
TXN_004124,2024-02-24,ACCT_00384,PERSON_00299,transfer,303892,PERSON_00014,freight settlement
TXN_004125,2023-09-24,ACCT_00165,PERSON_00242,salary,15290,VENDOR_016,salary
TXN_004126,2024-08-09,ACCT_00264,PERSON_00015,vendor payment,666349,PERSON_00309,freight settlement
TXN_004127,2022-02-13,ACCT_00447,PERSON_00379,cash deposit,549172,PERSON_00107,consultancy settlement
TXN_004128,2024-12-06,ACCT_00231,PERSON_00246,transfer,56906,PERSON_00227,site material settlement
TXN_004129,2024-07-20,ACCT_00238,PERSON_00321,shopping,431,VENDOR_060,shopping
TXN_004130,2025-08-01,ACCT_00304,PERSON_00280,salary,44888,VENDOR_065,salary
TXN_004131,2022-06-01,ACCT_00450,PERSON_00445,settlement,875311,PERSON_00173,service commission
TXN_004132,2025-02-18,ACCT_00362,PERSON_00147,cash deposit,192230,PERSON_00040,transport settlement
TXN_004133,2026-05-10,ACCT_00407,PERSON_00011,cash deposit,392404,VENDOR_052,legitimate cash-intensive retail/festival activity
TXN_004134,2021-01-30,ACCT_00003,PERSON_00434,invoice,489800,PERSON_00282,vehicle advance
TXN_004135,2022-09-06,ACCT_00410,PERSON_00307,restaurant,6550,VENDOR_011,restaurant
TXN_004136,2021-11-17,ACCT_00119,PERSON_00318,utility,7270,VENDOR_015,utility
TXN_004137,2023-01-27,ACCT_00237,PERSON_00285,rent,11640,VENDOR_014,rent
TXN_004138,2024-09-28,ACCT_00011,PERSON_00010,cash deposit,272623,PERSON_00269,registration/document fee
TXN_004139,2021-06-22,ACCT_00436,PERSON_00199,fuel,21902,VENDOR_016,fuel
TXN_004140,2022-01-12,ACCT_00027,PERSON_00215,transport,41482,VENDOR_058,transport
TXN_004141,2024-10-01,ACCT_00024,PERSON_00201,restaurant,37525,VENDOR_088,restaurant
TXN_004142,2022-02-11,ACCT_00377,PERSON_00417,festival advance,358884,VENDOR_057,legitimate cash-intensive retail/festival activity
TXN_004143,2022-08-22,ACCT_00090,PERSON_00084,mobile recharge,16326,VENDOR_003,mobile recharge
TXN_004144,2021-06-26,ACCT_00018,PERSON_00156,salary,17811,VENDOR_027,salary
TXN_004145,2023-08-20,ACCT_00060,PERSON_00435,transport,6934,VENDOR_094,transport
TXN_004146,2024-07-15,ACCT_00158,PERSON_00002,restaurant,14922,VENDOR_072,restaurant
TXN_004147,2021-06-15,ACCT_00466,PERSON_00252,cash withdrawal,20506,VENDOR_012,cash withdrawal
TXN_004148,2024-03-14,ACCT_00092,PERSON_00139,settlement,158708,PERSON_00145,site material settlement
TXN_004149,2022-06-04,ACCT_00438,PERSON_00074,supplier settlement,376779,VENDOR_039,legitimate cash-intensive retail/festival activity
TXN_004150,2022-01-16,ACCT_00010,PERSON_00325,salary,41115,VENDOR_015,salary
TXN_004151,2025-04-04,ACCT_00461,PERSON_00217,transfer,197765,PERSON_00386,freight settlement
TXN_004152,2022-10-29,ACCT_00193,PERSON_00135,cash withdrawal,28239,VENDOR_021,cash withdrawal
TXN_004153,2024-01-12,ACCT_00022,PERSON_00372,cash withdrawal,32168,VENDOR_022,cash withdrawal
TXN_004154,2026-06-25,ACCT_00380,PERSON_00178,transfer,881262,PERSON_00385,premium settlement
TXN_004155,2025-02-24,ACCT_00246,PERSON_00244,cash withdrawal,16108,VENDOR_051,cash withdrawal
TXN_004156,2022-03-30,ACCT_00267,PERSON_00029,mobile recharge,12173,VENDOR_096,mobile recharge
TXN_004157,2023-09-27,ACCT_00106,PERSON_00314,salary,29770,VENDOR_054,salary
TXN_004158,2023-06-25,ACCT_00259,PERSON_00166,mobile recharge,38366,VENDOR_002,mobile recharge
TXN_004159,2024-10-09,ACCT_00430,PERSON_00025,shopping,10288,VENDOR_034,shopping
TXN_004160,2024-01-22,ACCT_00407,PERSON_00011,cash deposit,337648,VENDOR_050,legitimate cash-intensive retail/festival activity
TXN_004161,2023-01-04,ACCT_00227,PERSON_00023,gold purchase,176224,VENDOR_050,legitimate cash-intensive retail/festival activity
TXN_004162,2025-02-13,ACCT_00253,PERSON_00072,salary,26741,VENDOR_056,salary
TXN_004163,2025-11-28,ACCT_00463,PERSON_00125,settlement,841358,PERSON_00411,event services
TXN_004164,2022-07-30,ACCT_00359,PERSON_00427,transfer,130478,PERSON_00094,site material settlement
TXN_004165,2021-03-08,ACCT_00291,PERSON_00409,shopping,27819,VENDOR_067,shopping
TXN_004166,2021-11-17,ACCT_00179,PERSON_00332,shopping,40443,VENDOR_031,shopping
TXN_004167,2024-05-25,ACCT_00372,PERSON_00028,invoice,65943,PERSON_00343,wholesale goods
TXN_004168,2025-09-28,ACCT_00067,PERSON_00150,school fee,43053,VENDOR_010,school fee
TXN_004169,2023-07-14,ACCT_00272,PERSON_00128,rent,735,VENDOR_071,rent
TXN_004170,2023-10-31,ACCT_00089,PERSON_00395,salary,2723,VENDOR_010,salary
TXN_004171,2025-12-26,ACCT_00407,PERSON_00011,vendor payment,458425,PERSON_00070,premium settlement
TXN_004172,2023-03-21,ACCT_00244,PERSON_00221,fuel,1441,VENDOR_051,fuel
TXN_004173,2025-07-12,ACCT_00377,PERSON_00417,gold purchase,167156,VENDOR_045,legitimate cash-intensive retail/festival activity
TXN_004174,2024-10-31,ACCT_00337,PERSON_00279,cash deposit,740044,PERSON_00337,wholesale goods
TXN_004175,2025-08-23,ACCT_00157,PERSON_00317,mobile recharge,14036,VENDOR_012,mobile recharge
TXN_004176,2024-07-06,ACCT_00381,PERSON_00200,fuel,44232,VENDOR_070,fuel
TXN_004177,2021-04-02,ACCT_00177,PERSON_00209,fuel,15304,VENDOR_027,fuel
TXN_004178,2023-04-28,ACCT_00132,PERSON_00100,cash deposit,113720,VENDOR_017,legitimate cash-intensive retail/festival activity
TXN_004179,2025-11-26,ACCT_00065,PERSON_00014,mobile recharge,44293,VENDOR_067,mobile recharge
TXN_004180,2022-07-08,ACCT_00358,PERSON_00085,rent,27592,VENDOR_059,rent
TXN_004181,2025-06-10,ACCT_00429,PERSON_00382,shopping,31006,VENDOR_073,shopping
TXN_004182,2024-10-22,ACCT_00129,PERSON_00025,restaurant,37830,VENDOR_078,restaurant
TXN_004183,2021-10-01,ACCT_00006,PERSON_00424,shopping,22769,VENDOR_022,shopping
TXN_004184,2022-08-06,ACCT_00203,PERSON_00365,medical,5568,VENDOR_070,medical
TXN_004185,2021-11-18,ACCT_00409,PERSON_00193,grocery,654,VENDOR_060,grocery
TXN_004186,2025-10-18,ACCT_00384,PERSON_00299,restaurant,1993,VENDOR_045,restaurant
TXN_004187,2023-12-26,ACCT_00056,PERSON_00222,medical,1936,VENDOR_031,medical
TXN_004188,2026-02-27,ACCT_00142,PERSON_00179,vendor payment,479109,PERSON_00290,registration/document fee
TXN_004189,2024-05-20,ACCT_00268,PERSON_00422,shopping,34949,VENDOR_055,shopping
TXN_004190,2024-08-04,ACCT_00074,PERSON_00293,salary,19129,VENDOR_043,salary
TXN_004191,2022-05-17,ACCT_00401,PERSON_00210,cash withdrawal,29646,VENDOR_027,cash withdrawal
TXN_004192,2025-06-18,ACCT_00369,PERSON_00433,restaurant,29225,VENDOR_043,restaurant
TXN_004193,2025-10-22,ACCT_00361,PERSON_00035,invoice,75129,PERSON_00009,consultancy settlement
TXN_004194,2025-11-15,ACCT_00299,PERSON_00386,vendor payment,511777,PERSON_00060,freight settlement
TXN_004195,2022-07-23,ACCT_00095,PERSON_00012,cash deposit,684164,PERSON_00227,site material settlement
TXN_004196,2023-05-05,ACCT_00037,PERSON_00113,cash deposit,172010,VENDOR_077,legitimate cash-intensive retail/festival activity
TXN_004197,2023-01-03,ACCT_00377,PERSON_00417,cash deposit,446801,VENDOR_061,legitimate cash-intensive retail/festival activity
TXN_004198,2023-12-27,ACCT_00085,PERSON_00370,grocery,38648,VENDOR_019,grocery
TXN_004199,2025-07-26,ACCT_00437,PERSON_00360,shopping,37855,VENDOR_022,shopping
TXN_004200,2024-05-09,ACCT_00042,PERSON_00195,medical,3202,VENDOR_080,medical
TXN_004201,2023-01-13,ACCT_00097,PERSON_00105,medical,22482,VENDOR_065,medical
TXN_004202,2021-11-01,ACCT_00073,PERSON_00198,salary,39133,VENDOR_062,salary
TXN_004203,2025-05-14,ACCT_00460,PERSON_00336,mobile recharge,42907,VENDOR_099,mobile recharge
TXN_004204,2025-11-25,ACCT_00431,PERSON_00346,salary,13702,VENDOR_029,salary
TXN_004205,2023-12-10,ACCT_00131,PERSON_00331,mobile recharge,18089,VENDOR_001,mobile recharge
TXN_004206,2023-05-17,ACCT_00002,PERSON_00337,transfer,306475,PERSON_00078,wholesale goods
TXN_004207,2026-05-19,ACCT_00072,PERSON_00418,utility,22401,VENDOR_075,utility
TXN_004208,2021-11-24,ACCT_00417,PERSON_00076,shopping,14491,VENDOR_099,shopping
TXN_004209,2021-08-27,ACCT_00432,PERSON_00170,salary,30818,VENDOR_018,salary
TXN_004210,2023-01-13,ACCT_00431,PERSON_00346,settlement,11063,PERSON_00135,registration/document fee
TXN_004211,2023-10-08,ACCT_00407,PERSON_00011,gold purchase,54584,VENDOR_064,legitimate cash-intensive retail/festival activity
TXN_004212,2021-08-17,ACCT_00024,PERSON_00201,vendor payment,167658,PERSON_00065,transport settlement
TXN_004213,2023-07-05,ACCT_00377,PERSON_00417,salary,20299,VENDOR_024,salary
TXN_004214,2025-10-28,ACCT_00225,PERSON_00163,cash withdrawal,43676,VENDOR_017,cash withdrawal
TXN_004215,2022-11-10,ACCT_00286,PERSON_00104,cash withdrawal,17121,VENDOR_053,cash withdrawal
TXN_004216,2023-10-17,ACCT_00426,PERSON_00322,transport,40715,VENDOR_078,transport
TXN_004217,2023-03-10,ACCT_00463,PERSON_00125,rent,33377,VENDOR_083,rent
TXN_004218,2023-04-22,ACCT_00470,PERSON_00324,medical,21552,VENDOR_031,medical
TXN_004219,2026-01-03,ACCT_00342,PERSON_00045,cash withdrawal,36962,VENDOR_007,cash withdrawal
TXN_004220,2021-12-29,ACCT_00466,PERSON_00252,grocery,31314,VENDOR_062,grocery
TXN_004221,2021-04-13,ACCT_00363,PERSON_00122,grocery,33981,VENDOR_085,grocery
TXN_004222,2021-12-26,ACCT_00446,PERSON_00114,grocery,12069,VENDOR_021,grocery
TXN_004223,2022-06-04,ACCT_00301,PERSON_00251,salary,43917,VENDOR_054,salary
TXN_004224,2021-10-03,ACCT_00460,PERSON_00336,cash deposit,482404,PERSON_00337,wholesale goods
TXN_004225,2025-03-23,ACCT_00450,PERSON_00445,vendor payment,225126,PERSON_00004,service commission
TXN_004226,2023-12-17,ACCT_00458,PERSON_00389,rent,1097,VENDOR_073,rent
TXN_004227,2021-07-21,ACCT_00274,PERSON_00188,school fee,39803,VENDOR_039,school fee
TXN_004228,2021-10-07,ACCT_00322,PERSON_00429,grocery,36655,VENDOR_067,grocery
TXN_004229,2023-04-09,ACCT_00361,PERSON_00035,cash withdrawal,31683,VENDOR_065,cash withdrawal
TXN_004230,2026-03-29,ACCT_00390,PERSON_00049,invoice,365277,PERSON_00429,event services
TXN_004231,2021-02-03,ACCT_00354,PERSON_00164,grocery,30840,VENDOR_005,grocery
TXN_004232,2024-10-17,ACCT_00178,PERSON_00413,fuel,20131,VENDOR_038,fuel
TXN_004233,2023-02-24,ACCT_00451,PERSON_00281,transfer,156751,PERSON_00048,site material settlement
TXN_004234,2021-03-07,ACCT_00057,PERSON_00311,transfer,270126,PERSON_00407,premium settlement
TXN_004235,2024-08-29,ACCT_00177,PERSON_00209,grocery,1481,VENDOR_098,grocery
TXN_004236,2022-02-20,ACCT_00037,PERSON_00113,cash deposit,344479,VENDOR_005,legitimate cash-intensive retail/festival activity
TXN_004237,2021-06-04,ACCT_00320,PERSON_00327,grocery,40962,VENDOR_025,grocery
TXN_004238,2025-04-24,ACCT_00407,PERSON_00011,festival advance,133025,VENDOR_018,legitimate cash-intensive retail/festival activity
TXN_004239,2022-04-01,ACCT_00421,PERSON_00444,shopping,5148,VENDOR_011,shopping
TXN_004240,2026-03-18,ACCT_00452,PERSON_00369,rent,41926,VENDOR_023,rent
TXN_004241,2024-06-30,ACCT_00377,PERSON_00417,gold purchase,260476,VENDOR_075,legitimate cash-intensive retail/festival activity
TXN_004242,2024-04-22,ACCT_00013,PERSON_00090,transfer,329172,PERSON_00353,consultancy settlement
TXN_004243,2023-02-28,ACCT_00213,PERSON_00048,vendor payment,396976,PERSON_00068,site material settlement
TXN_004244,2023-05-05,ACCT_00417,PERSON_00076,shopping,16620,VENDOR_008,shopping
TXN_004245,2025-08-17,ACCT_00362,PERSON_00147,vendor payment,285836,PERSON_00040,transport settlement
TXN_006000,2024-08-02,ACCT_00253,PERSON_00072,transfer,165458,PERSON_00287,intermediary settlement
TXN_004247,2023-07-02,ACCT_00438,PERSON_00074,festival advance,310130,VENDOR_027,legitimate cash-intensive retail/festival activity
TXN_004248,2021-09-10,ACCT_00322,PERSON_00429,salary,36140,VENDOR_081,salary
TXN_004249,2025-03-13,ACCT_00189,PERSON_00373,utility,37078,VENDOR_001,utility
TXN_004250,2026-05-06,ACCT_00051,PERSON_00099,school fee,37704,VENDOR_061,school fee
TXN_004251,2024-09-26,ACCT_00322,PERSON_00429,vendor payment,403914,PERSON_00133,event services
TXN_004252,2022-02-02,ACCT_00141,PERSON_00356,mobile recharge,38470,VENDOR_061,mobile recharge
TXN_004253,2026-04-29,ACCT_00339,PERSON_00426,vendor payment,531644,PERSON_00344,freight settlement
TXN_004254,2021-07-24,ACCT_00006,PERSON_00424,grocery,42704,VENDOR_003,grocery
TXN_003201,2023-06-20,ACCT_00102,PERSON_00173,transfer,174357,PERSON_00020,intermediary settlement
TXN_004256,2026-05-20,ACCT_00269,PERSON_00101,vendor payment,101380,PERSON_00243,service commission
TXN_004257,2021-08-01,ACCT_00407,PERSON_00011,transfer,776789,PERSON_00070,premium settlement
TXN_004258,2024-08-20,ACCT_00455,PERSON_00016,grocery,24318,VENDOR_080,grocery
TXN_004259,2024-04-30,ACCT_00252,PERSON_00447,rent,11801,VENDOR_071,rent
TXN_004260,2024-09-09,ACCT_00039,PERSON_00078,transfer,85458,PERSON_00184,wholesale goods
TXN_004261,2023-12-23,ACCT_00251,PERSON_00383,settlement,628065,PERSON_00105,registration/document fee
TXN_004262,2025-04-20,ACCT_00027,PERSON_00215,grocery,20986,VENDOR_036,grocery
TXN_004263,2023-02-27,ACCT_00184,PERSON_00343,cash withdrawal,268319,PERSON_00336,wholesale goods
TXN_004264,2022-05-24,ACCT_00312,PERSON_00295,cash withdrawal,404257,PERSON_00405,vehicle advance
TXN_004265,2021-08-16,ACCT_00132,PERSON_00100,festival advance,394950,VENDOR_063,legitimate cash-intensive retail/festival activity
TXN_004266,2022-07-08,ACCT_00358,PERSON_00085,cash withdrawal,229184,PERSON_00068,site material settlement
TXN_004267,2024-12-10,ACCT_00460,PERSON_00336,settlement,547056,PERSON_00076,wholesale goods
TXN_004268,2025-10-16,ACCT_00004,PERSON_00425,invoice,181794,PERSON_00040,transport settlement
TXN_004269,2026-03-14,ACCT_00213,PERSON_00048,mobile recharge,29454,VENDOR_031,mobile recharge
TXN_004270,2024-01-19,ACCT_00412,PERSON_00089,grocery,3886,VENDOR_008,grocery
TXN_004271,2023-04-09,ACCT_00014,PERSON_00088,wholesale jewellery,159977,VENDOR_030,legitimate cash-intensive retail/festival activity
TXN_007465,2025-07-01,ACCT_00102,PERSON_00173,transfer,76309,PERSON_00069,intermediary settlement
TXN_004273,2025-10-10,ACCT_00259,PERSON_00166,salary,13066,VENDOR_019,salary
TXN_004274,2024-05-13,ACCT_00476,PERSON_00160,school fee,9382,VENDOR_018,school fee
TXN_004275,2024-05-11,ACCT_00068,PERSON_00366,salary,34305,VENDOR_038,salary
TXN_004276,2021-05-02,ACCT_00209,PERSON_00227,settlement,234552,PERSON_00364,site material settlement
TXN_004277,2023-01-15,ACCT_00357,PERSON_00126,invoice,525414,PERSON_00333,transport settlement
TXN_004278,2022-08-09,ACCT_00407,PERSON_00011,wholesale jewellery,378398,VENDOR_080,legitimate cash-intensive retail/festival activity
TXN_004279,2025-10-31,ACCT_00204,PERSON_00070,settlement,446112,PERSON_00071,transport settlement
TXN_004280,2023-03-24,ACCT_00135,PERSON_00102,transfer,315701,PERSON_00448,event services
TXN_004281,2024-06-23,ACCT_00140,PERSON_00180,grocery,34529,VENDOR_089,grocery
TXN_004282,2024-05-23,ACCT_00292,PERSON_00007,grocery,5966,VENDOR_085,grocery
TXN_004283,2022-06-17,ACCT_00378,PERSON_00397,fuel,17611,VENDOR_092,fuel
TXN_004284,2022-10-20,ACCT_00403,PERSON_00258,cash withdrawal,11311,VENDOR_050,cash withdrawal
TXN_004285,2024-06-08,ACCT_00272,PERSON_00128,cash withdrawal,11335,VENDOR_072,cash withdrawal
TXN_004286,2024-01-21,ACCT_00476,PERSON_00160,shopping,11678,VENDOR_033,shopping
TXN_004287,2025-05-25,ACCT_00004,PERSON_00425,restaurant,2528,VENDOR_075,restaurant
TXN_004288,2024-05-08,ACCT_00226,PERSON_00168,shopping,29369,VENDOR_042,shopping
TXN_004289,2021-07-04,ACCT_00293,PERSON_00054,grocery,34184,VENDOR_050,grocery
TXN_004290,2023-04-05,ACCT_00129,PERSON_00025,grocery,4692,VENDOR_090,grocery
TXN_004291,2023-05-01,ACCT_00227,PERSON_00023,festival advance,413743,VENDOR_092,legitimate cash-intensive retail/festival activity
TXN_004292,2023-08-03,ACCT_00019,PERSON_00175,restaurant,21235,VENDOR_025,restaurant
TXN_004293,2022-04-12,ACCT_00001,PERSON_00033,wholesale jewellery,136389,VENDOR_100,legitimate cash-intensive retail/festival activity
TXN_004294,2023-01-04,ACCT_00227,PERSON_00023,gold purchase,336709,VENDOR_017,legitimate cash-intensive retail/festival activity
TXN_004295,2023-11-15,ACCT_00285,PERSON_00203,transfer,146056,PERSON_00101,service commission
TXN_004296,2022-08-12,ACCT_00193,PERSON_00135,cash withdrawal,34222,VENDOR_012,cash withdrawal
TXN_004297,2022-07-12,ACCT_00093,PERSON_00204,settlement,467808,PERSON_00322,consultancy settlement
TXN_004298,2026-01-04,ACCT_00075,PERSON_00271,mobile recharge,23880,VENDOR_028,mobile recharge
TXN_004299,2024-11-01,ACCT_00283,PERSON_00112,mobile recharge,42089,VENDOR_037,mobile recharge
TXN_004300,2024-11-30,ACCT_00039,PERSON_00078,transfer,645800,PERSON_00231,wholesale goods
TXN_004301,2021-01-06,ACCT_00431,PERSON_00346,cash withdrawal,18597,VENDOR_066,cash withdrawal
TXN_004302,2022-11-10,ACCT_00431,PERSON_00346,transfer,698846,PERSON_00269,registration/document fee
TXN_004303,2025-10-17,ACCT_00129,PERSON_00025,grocery,33863,VENDOR_050,grocery
TXN_004304,2021-05-23,ACCT_00384,PERSON_00299,vendor payment,876023,PERSON_00314,freight settlement
TXN_004305,2023-06-18,ACCT_00180,PERSON_00066,rent,37002,VENDOR_056,rent
TXN_004306,2022-01-03,ACCT_00148,PERSON_00442,utility,23896,VENDOR_003,utility
TXN_004307,2021-04-30,ACCT_00179,PERSON_00332,medical,8528,VENDOR_026,medical
TXN_004308,2021-04-30,ACCT_00324,PERSON_00283,shopping,19950,VENDOR_087,shopping
TXN_004309,2022-04-03,ACCT_00304,PERSON_00280,restaurant,31044,VENDOR_099,restaurant
TXN_004310,2024-04-24,ACCT_00088,PERSON_00155,cash deposit,572949,PERSON_00025,freight settlement
TXN_004311,2021-11-04,ACCT_00004,PERSON_00425,shopping,9676,VENDOR_063,shopping
TXN_004312,2022-10-11,ACCT_00036,PERSON_00087,school fee,41318,VENDOR_089,school fee
TXN_004313,2021-01-30,ACCT_00277,PERSON_00182,fuel,23481,VENDOR_027,fuel
TXN_004314,2025-02-24,ACCT_00178,PERSON_00413,medical,33698,VENDOR_043,medical
TXN_004315,2026-05-15,ACCT_00014,PERSON_00088,cash deposit,319504,VENDOR_074,legitimate cash-intensive retail/festival activity
TXN_004316,2026-01-28,ACCT_00266,PERSON_00402,utility,23100,VENDOR_076,utility
TXN_004317,2022-10-18,ACCT_00328,PERSON_00161,cash withdrawal,6318,VENDOR_079,cash withdrawal
TXN_004318,2023-11-13,ACCT_00453,PERSON_00009,shopping,789,VENDOR_039,shopping
TXN_004319,2021-03-28,ACCT_00073,PERSON_00198,vendor payment,494565,PERSON_00141,transport settlement
TXN_004320,2026-02-18,ACCT_00029,PERSON_00037,cash withdrawal,35744,VENDOR_010,cash withdrawal
TXN_004321,2023-01-16,ACCT_00197,PERSON_00169,fuel,27865,VENDOR_055,fuel
TXN_004322,2023-10-06,ACCT_00407,PERSON_00011,festival advance,231482,VENDOR_017,legitimate cash-intensive retail/festival activity
TXN_004323,2024-11-10,ACCT_00246,PERSON_00244,gold purchase,135755,VENDOR_066,legitimate cash-intensive retail/festival activity
TXN_004324,2023-07-01,ACCT_00031,PERSON_00223,grocery,16692,VENDOR_055,grocery
TXN_004325,2021-05-19,ACCT_00354,PERSON_00164,school fee,29798,VENDOR_034,school fee
TXN_004326,2026-03-06,ACCT_00354,PERSON_00164,grocery,34540,VENDOR_018,grocery
TXN_004327,2023-12-21,ACCT_00416,PERSON_00043,school fee,16003,VENDOR_097,school fee
TXN_004328,2022-02-17,ACCT_00222,PERSON_00226,transfer,229659,PERSON_00284,service commission
TXN_004329,2025-04-06,ACCT_00383,PERSON_00347,wholesale jewellery,244993,VENDOR_093,legitimate cash-intensive retail/festival activity
TXN_004330,2024-12-06,ACCT_00385,PERSON_00257,shopping,29733,VENDOR_097,shopping
TXN_004331,2021-12-15,ACCT_00296,PERSON_00316,grocery,6640,VENDOR_004,grocery
TXN_004332,2024-02-18,ACCT_00002,PERSON_00337,medical,28594,VENDOR_061,medical
TXN_004333,2021-04-10,ACCT_00239,PERSON_00401,transport,36189,VENDOR_010,transport
TXN_004334,2025-12-20,ACCT_00002,PERSON_00337,cash withdrawal,10152,VENDOR_077,cash withdrawal
TXN_004335,2022-10-16,ACCT_00057,PERSON_00311,medical,16822,VENDOR_062,medical
TXN_004336,2026-03-09,ACCT_00402,PERSON_00345,transfer,391889,PERSON_00081,vehicle advance
TXN_004337,2021-10-02,ACCT_00283,PERSON_00112,cash withdrawal,39406,VENDOR_028,cash withdrawal
TXN_004338,2021-05-01,ACCT_00398,PERSON_00274,fuel,22883,VENDOR_072,fuel
TXN_004339,2022-08-09,ACCT_00227,PERSON_00023,festival advance,240541,VENDOR_058,legitimate cash-intensive retail/festival activity
TXN_002005,2024-06-03,ACCT_00451,PERSON_00281,transfer,134930,PERSON_00281,intermediary settlement
TXN_004341,2022-04-01,ACCT_00480,PERSON_00040,transfer,512443,PERSON_00398,transport settlement
TXN_004342,2023-08-01,ACCT_00018,PERSON_00156,school fee,25869,VENDOR_090,school fee
TXN_004343,2023-09-01,ACCT_00248,PERSON_00025,invoice,650742,PERSON_00309,freight settlement
TXN_004344,2023-12-31,ACCT_00192,PERSON_00405,settlement,355155,PERSON_00434,vehicle advance
TXN_004345,2021-04-05,ACCT_00323,PERSON_00302,transport,10986,VENDOR_096,transport
TXN_004346,2025-10-10,ACCT_00446,PERSON_00114,shopping,11407,VENDOR_026,shopping
TXN_004347,2024-01-17,ACCT_00325,PERSON_00145,grocery,43769,VENDOR_041,grocery
TXN_004348,2023-06-26,ACCT_00225,PERSON_00163,transfer,19023,PERSON_00069,service commission
TXN_004349,2023-12-06,ACCT_00045,PERSON_00061,fuel,26486,VENDOR_001,fuel
TXN_004350,2026-01-17,ACCT_00374,PERSON_00320,grocery,31051,VENDOR_012,grocery
TXN_004351,2021-03-08,ACCT_00177,PERSON_00209,mobile recharge,37950,VENDOR_020,mobile recharge
TXN_004352,2021-01-19,ACCT_00471,PERSON_00353,utility,4345,VENDOR_041,utility
TXN_004353,2021-12-07,ACCT_00066,PERSON_00004,restaurant,11178,VENDOR_002,restaurant
TXN_004354,2024-07-17,ACCT_00191,PERSON_00208,school fee,7525,VENDOR_025,school fee
TXN_004355,2023-03-29,ACCT_00017,PERSON_00088,wholesale jewellery,260442,VENDOR_025,legitimate cash-intensive retail/festival activity
TXN_004356,2022-03-29,ACCT_00270,PERSON_00306,medical,16949,VENDOR_019,medical
TXN_004357,2024-07-17,ACCT_00303,PERSON_00442,transport,25719,VENDOR_022,transport
TXN_004358,2022-03-12,ACCT_00056,PERSON_00222,salary,31601,VENDOR_057,salary
TXN_004359,2021-05-13,ACCT_00383,PERSON_00347,wholesale jewellery,400505,VENDOR_050,legitimate cash-intensive retail/festival activity
TXN_004360,2022-01-02,ACCT_00067,PERSON_00150,transfer,70288,PERSON_00055,event services
TXN_004361,2021-10-07,ACCT_00287,PERSON_00071,salary,31276,VENDOR_087,salary
TXN_004362,2021-02-16,ACCT_00004,PERSON_00425,rent,15976,VENDOR_044,rent
TXN_004363,2022-07-21,ACCT_00343,PERSON_00303,cash withdrawal,31740,VENDOR_061,cash withdrawal
TXN_004364,2025-03-19,ACCT_00131,PERSON_00331,vendor payment,594587,PERSON_00065,transport settlement
TXN_004365,2022-06-06,ACCT_00429,PERSON_00382,transport,4831,VENDOR_059,transport
TXN_004366,2022-06-25,ACCT_00078,PERSON_00428,cash withdrawal,33940,VENDOR_032,cash withdrawal
TXN_004367,2025-08-26,ACCT_00344,PERSON_00410,restaurant,27374,VENDOR_017,restaurant
TXN_004368,2023-05-21,ACCT_00480,PERSON_00040,cash withdrawal,38103,VENDOR_076,cash withdrawal
TXN_004369,2024-10-17,ACCT_00375,PERSON_00403,cash withdrawal,36815,VENDOR_060,cash withdrawal
TXN_001237,2024-12-05,ACCT_00253,PERSON_00072,transfer,145300,PERSON_00149,intermediary settlement
TXN_004371,2026-06-28,ACCT_00332,PERSON_00240,cash withdrawal,27444,VENDOR_064,cash withdrawal
TXN_004372,2024-09-21,ACCT_00144,PERSON_00312,cash withdrawal,309027,PERSON_00259,premium settlement
TXN_004373,2024-10-06,ACCT_00044,PERSON_00086,fuel,8149,VENDOR_072,fuel
TXN_004374,2022-09-11,ACCT_00174,PERSON_00414,shopping,38522,VENDOR_096,shopping
TXN_004375,2022-04-23,ACCT_00453,PERSON_00009,utility,15753,VENDOR_077,utility
TXN_004376,2025-06-08,ACCT_00373,PERSON_00141,cash withdrawal,830865,PERSON_00398,transport settlement
TXN_004377,2022-01-30,ACCT_00230,PERSON_00191,restaurant,28701,VENDOR_003,restaurant
TXN_004378,2024-09-11,ACCT_00010,PERSON_00325,transfer,206589,PERSON_00203,service commission
TXN_004379,2021-05-06,ACCT_00463,PERSON_00125,cash withdrawal,23387,VENDOR_005,cash withdrawal
TXN_004380,2024-04-09,ACCT_00117,PERSON_00155,salary,23765,VENDOR_008,salary
TXN_004381,2022-04-10,ACCT_00063,PERSON_00400,salary,35605,VENDOR_047,salary
TXN_004382,2023-02-16,ACCT_00246,PERSON_00244,gold purchase,331691,VENDOR_002,legitimate cash-intensive retail/festival activity
TXN_004383,2021-09-17,ACCT_00342,PERSON_00045,mobile recharge,27592,VENDOR_026,mobile recharge
TXN_004384,2023-08-29,ACCT_00223,PERSON_00298,medical,28092,VENDOR_094,medical
TXN_004385,2024-03-11,ACCT_00364,PERSON_00103,transport,17858,VENDOR_012,transport
TXN_004386,2024-11-25,ACCT_00059,PERSON_00390,cash withdrawal,59684,PERSON_00064,event services
TXN_006806,2025-06-19,ACCT_00451,PERSON_00281,transfer,95894,PERSON_00146,intermediary settlement
TXN_004388,2023-11-08,ACCT_00168,PERSON_00415,salary,32253,VENDOR_063,salary
TXN_004389,2025-01-01,ACCT_00016,PERSON_00220,utility,34864,VENDOR_032,utility
TXN_004390,2023-07-03,ACCT_00457,PERSON_00300,invoice,863835,PERSON_00393,vehicle advance
TXN_004391,2023-05-22,ACCT_00062,PERSON_00388,shopping,19498,VENDOR_043,shopping
TXN_004392,2024-12-10,ACCT_00305,PERSON_00020,fuel,35113,VENDOR_098,fuel
TXN_004393,2021-10-22,ACCT_00460,PERSON_00336,fuel,9849,VENDOR_046,fuel
TXN_004394,2021-11-02,ACCT_00037,PERSON_00113,festival advance,204477,VENDOR_038,legitimate cash-intensive retail/festival activity
TXN_004395,2021-12-29,ACCT_00083,PERSON_00220,shopping,12789,VENDOR_040,shopping
TXN_004396,2022-04-17,ACCT_00188,PERSON_00348,grocery,23040,VENDOR_069,grocery
TXN_004397,2021-07-20,ACCT_00416,PERSON_00043,medical,34359,VENDOR_009,medical
TXN_004398,2025-06-14,ACCT_00119,PERSON_00318,cash withdrawal,77345,PERSON_00091,transport settlement
TXN_004399,2025-09-28,ACCT_00055,PERSON_00013,school fee,7631,VENDOR_007,school fee
TXN_004400,2026-01-22,ACCT_00397,PERSON_00052,mobile recharge,13905,VENDOR_033,mobile recharge
TXN_004401,2021-10-03,ACCT_00246,PERSON_00244,cash deposit,382558,VENDOR_049,legitimate cash-intensive retail/festival activity
TXN_004402,2026-06-09,ACCT_00113,PERSON_00334,cash withdrawal,43323,VENDOR_064,cash withdrawal
TXN_004403,2022-09-04,ACCT_00369,PERSON_00433,transfer,619005,PERSON_00262,site material settlement
TXN_004404,2022-11-18,ACCT_00438,PERSON_00074,wholesale jewellery,117880,VENDOR_065,legitimate cash-intensive retail/festival activity
TXN_004405,2021-09-20,ACCT_00182,PERSON_00241,school fee,20001,VENDOR_033,school fee
TXN_004406,2025-08-05,ACCT_00181,PERSON_00111,salary,8935,VENDOR_086,salary
TXN_004407,2025-11-17,ACCT_00407,PERSON_00011,salary,28734,VENDOR_087,salary
TXN_004408,2021-11-17,ACCT_00227,PERSON_00023,festival advance,245604,VENDOR_028,legitimate cash-intensive retail/festival activity
TXN_004409,2024-09-03,ACCT_00019,PERSON_00175,invoice,249133,PERSON_00345,vehicle advance
TXN_004410,2026-06-02,ACCT_00232,PERSON_00416,cash deposit,422629,PERSON_00312,premium settlement
TXN_004411,2023-06-22,ACCT_00298,PERSON_00371,salary,18135,VENDOR_032,salary
TXN_004412,2022-10-27,ACCT_00440,PERSON_00421,fuel,4942,VENDOR_024,fuel
TXN_004413,2024-11-21,ACCT_00057,PERSON_00311,cash withdrawal,25154,VENDOR_075,cash withdrawal
TXN_004414,2023-09-08,ACCT_00359,PERSON_00427,grocery,43833,VENDOR_061,grocery
TXN_004415,2021-03-04,ACCT_00089,PERSON_00395,salary,7441,VENDOR_045,salary
TXN_004416,2022-09-19,ACCT_00372,PERSON_00028,restaurant,42837,VENDOR_012,restaurant
TXN_004417,2025-12-23,ACCT_00305,PERSON_00020,invoice,37502,PERSON_00243,service commission
TXN_004418,2025-09-04,ACCT_00188,PERSON_00348,grocery,6315,VENDOR_007,grocery
TXN_004419,2022-07-21,ACCT_00267,PERSON_00029,cash deposit,824580,PERSON_00213,freight settlement
TXN_004420,2022-11-17,ACCT_00350,PERSON_00059,supplier settlement,291746,VENDOR_054,legitimate cash-intensive retail/festival activity
TXN_004421,2023-10-14,ACCT_00407,PERSON_00011,cash deposit,830724,PERSON_00070,premium settlement
TXN_004422,2025-07-05,ACCT_00374,PERSON_00320,cash withdrawal,892612,PERSON_00130,service commission
TXN_004423,2021-02-05,ACCT_00255,PERSON_00129,cash withdrawal,19625,VENDOR_016,cash withdrawal
TXN_004424,2025-08-20,ACCT_00254,PERSON_00154,settlement,419330,PERSON_00027,site material settlement
TXN_004425,2023-11-15,ACCT_00037,PERSON_00113,cash deposit,256530,VENDOR_060,legitimate cash-intensive retail/festival activity
TXN_004426,2021-01-27,ACCT_00383,PERSON_00347,rent,28802,VENDOR_069,rent
TXN_004427,2022-09-14,ACCT_00361,PERSON_00035,salary,15880,VENDOR_083,salary
TXN_004428,2025-02-01,ACCT_00136,PERSON_00042,cash deposit,856444,PERSON_00433,site material settlement
TXN_004429,2024-03-31,ACCT_00235,PERSON_00431,school fee,1421,VENDOR_078,school fee
TXN_004430,2022-10-18,ACCT_00398,PERSON_00274,salary,12162,VENDOR_034,salary
TXN_004431,2023-11-21,ACCT_00192,PERSON_00405,fuel,28826,VENDOR_036,fuel
TXN_004432,2023-12-01,ACCT_00252,PERSON_00447,rent,34198,VENDOR_068,rent
TXN_004433,2026-05-06,ACCT_00337,PERSON_00279,transfer,510877,PERSON_00185,wholesale goods
TXN_004434,2021-05-14,ACCT_00460,PERSON_00336,transport,16150,VENDOR_081,transport
TXN_004435,2023-04-26,ACCT_00459,PERSON_00211,school fee,14849,VENDOR_035,school fee
TXN_004436,2022-12-15,ACCT_00451,PERSON_00281,cash withdrawal,648885,PERSON_00048,site material settlement
TXN_004437,2021-04-29,ACCT_00050,PERSON_00008,transport,7467,VENDOR_052,transport
TXN_004438,2022-03-18,ACCT_00337,PERSON_00279,cash deposit,736254,PERSON_00231,wholesale goods
TXN_004439,2023-02-17,ACCT_00142,PERSON_00179,festival advance,256726,VENDOR_062,legitimate cash-intensive retail/festival activity
TXN_004440,2024-02-14,ACCT_00251,PERSON_00383,invoice,127681,PERSON_00391,registration/document fee
TXN_004441,2024-06-14,ACCT_00292,PERSON_00007,rent,1181,VENDOR_068,rent
TXN_004442,2022-08-20,ACCT_00129,PERSON_00025,transfer,409335,PERSON_00282,vehicle advance
TXN_004443,2021-08-30,ACCT_00188,PERSON_00348,grocery,32299,VENDOR_091,grocery
TXN_004444,2025-10-27,ACCT_00377,PERSON_00417,festival advance,441181,VENDOR_014,legitimate cash-intensive retail/festival activity
TXN_004445,2024-04-13,ACCT_00408,PERSON_00407,cash withdrawal,871669,PERSON_00159,premium settlement
TXN_004446,2023-10-15,ACCT_00400,PERSON_00296,shopping,29855,VENDOR_010,shopping
TXN_004447,2025-01-09,ACCT_00377,PERSON_00417,cash deposit,101471,VENDOR_034,legitimate cash-intensive retail/festival activity
TXN_004448,2026-01-16,ACCT_00408,PERSON_00407,vendor payment,208835,PERSON_00178,premium settlement
TXN_004449,2022-05-28,ACCT_00281,PERSON_00041,medical,43222,VENDOR_052,medical
TXN_004450,2024-12-30,ACCT_00150,PERSON_00231,cash withdrawal,237578,PERSON_00043,wholesale goods
TXN_004451,2023-09-30,ACCT_00100,PERSON_00229,school fee,28616,VENDOR_055,school fee
TXN_004452,2021-04-25,ACCT_00097,PERSON_00105,grocery,9238,VENDOR_026,grocery
TXN_004453,2022-04-14,ACCT_00450,PERSON_00445,cash deposit,735417,PERSON_00430,service commission
TXN_004454,2022-01-26,ACCT_00337,PERSON_00279,grocery,19422,VENDOR_047,grocery
TXN_004455,2024-02-09,ACCT_00020,PERSON_00143,shopping,5976,VENDOR_095,shopping
TXN_004456,2025-01-06,ACCT_00249,PERSON_00358,salary,13348,VENDOR_046,salary
TXN_004457,2023-10-17,ACCT_00214,PERSON_00277,rent,29680,VENDOR_013,rent
TXN_004458,2022-02-03,ACCT_00132,PERSON_00100,festival advance,314051,VENDOR_097,legitimate cash-intensive retail/festival activity
TXN_004459,2024-06-03,ACCT_00012,PERSON_00449,salary,24319,VENDOR_001,salary
TXN_004460,2023-03-08,ACCT_00376,PERSON_00232,cash deposit,241095,PERSON_00255,freight settlement
TXN_004461,2021-12-07,ACCT_00168,PERSON_00415,salary,2910,VENDOR_001,salary
TXN_004462,2024-01-22,ACCT_00417,PERSON_00076,cash withdrawal,162936,PERSON_00306,wholesale goods
TXN_004463,2022-03-04,ACCT_00132,PERSON_00100,festival advance,109501,VENDOR_075,legitimate cash-intensive retail/festival activity
TXN_004464,2021-07-05,ACCT_00070,PERSON_00216,school fee,2048,VENDOR_007,school fee
TXN_004465,2022-09-16,ACCT_00063,PERSON_00400,salary,43200,VENDOR_080,salary
TXN_004466,2024-11-05,ACCT_00407,PERSON_00011,supplier settlement,206432,VENDOR_098,legitimate cash-intensive retail/festival activity
TXN_004467,2024-03-16,ACCT_00160,PERSON_00417,cash withdrawal,35841,VENDOR_002,cash withdrawal
TXN_004468,2026-04-11,ACCT_00037,PERSON_00113,festival advance,115850,VENDOR_040,legitimate cash-intensive retail/festival activity
TXN_004469,2022-03-20,ACCT_00292,PERSON_00007,grocery,44500,VENDOR_012,grocery
TXN_004470,2025-08-20,ACCT_00434,PERSON_00342,medical,42240,VENDOR_049,medical
TXN_004471,2022-11-03,ACCT_00264,PERSON_00015,grocery,244,VENDOR_039,grocery
TXN_004472,2023-08-19,ACCT_00046,PERSON_00183,school fee,22301,VENDOR_072,school fee
TXN_004473,2026-04-10,ACCT_00352,PERSON_00110,salary,23834,VENDOR_006,salary
TXN_004474,2021-05-01,ACCT_00438,PERSON_00074,supplier settlement,68030,VENDOR_006,legitimate cash-intensive retail/festival activity
TXN_004475,2025-09-07,ACCT_00207,PERSON_00239,grocery,11682,VENDOR_075,grocery
TXN_004476,2022-07-12,ACCT_00229,PERSON_00094,invoice,203466,PERSON_00145,site material settlement
TXN_004477,2021-04-21,ACCT_00383,PERSON_00347,gold purchase,47614,VENDOR_094,legitimate cash-intensive retail/festival activity
TXN_004478,2025-04-13,ACCT_00277,PERSON_00182,cash withdrawal,1919,VENDOR_029,cash withdrawal
TXN_004479,2022-11-06,ACCT_00233,PERSON_00344,mobile recharge,42946,VENDOR_099,mobile recharge
TXN_004480,2021-12-20,ACCT_00467,PERSON_00357,utility,36725,VENDOR_030,utility
TXN_004481,2026-04-24,ACCT_00477,PERSON_00031,shopping,15452,VENDOR_057,shopping
TXN_004482,2022-11-07,ACCT_00053,PERSON_00152,mobile recharge,27389,VENDOR_089,mobile recharge
TXN_004483,2024-01-17,ACCT_00083,PERSON_00220,invoice,681895,PERSON_00416,premium settlement
TXN_004484,2021-10-21,ACCT_00413,PERSON_00233,rent,31363,VENDOR_055,rent
TXN_004485,2022-02-06,ACCT_00210,PERSON_00290,rent,36953,VENDOR_081,rent
TXN_004486,2021-01-06,ACCT_00012,PERSON_00449,transport,42565,VENDOR_025,transport
TXN_004487,2024-01-10,ACCT_00001,PERSON_00033,cash deposit,298773,VENDOR_023,legitimate cash-intensive retail/festival activity
TXN_004488,2025-06-05,ACCT_00195,PERSON_00185,cash withdrawal,37777,VENDOR_078,cash withdrawal
TXN_004489,2023-04-23,ACCT_00010,PERSON_00325,invoice,583478,PERSON_00173,service commission
TXN_004490,2021-10-03,ACCT_00269,PERSON_00101,fuel,8068,VENDOR_070,fuel
TXN_004491,2022-07-29,ACCT_00438,PERSON_00074,gold purchase,205821,VENDOR_090,legitimate cash-intensive retail/festival activity
TXN_004492,2023-08-18,ACCT_00259,PERSON_00166,restaurant,41892,VENDOR_034,restaurant
TXN_004493,2023-05-04,ACCT_00024,PERSON_00201,cash withdrawal,29264,VENDOR_049,cash withdrawal
TXN_004494,2024-01-18,ACCT_00472,PERSON_00278,restaurant,5410,VENDOR_021,restaurant
TXN_004495,2024-01-27,ACCT_00006,PERSON_00424,rent,26665,VENDOR_051,rent
TXN_004496,2021-09-15,ACCT_00310,PERSON_00162,rent,1567,VENDOR_094,rent
TXN_004497,2025-03-05,ACCT_00150,PERSON_00231,settlement,187162,PERSON_00078,wholesale goods
TXN_004498,2026-02-11,ACCT_00442,PERSON_00079,salary,23315,VENDOR_019,salary
TXN_004499,2023-10-05,ACCT_00351,PERSON_00163,vendor payment,157375,PERSON_00181,vehicle advance
TXN_004500,2024-08-16,ACCT_00470,PERSON_00324,salary,21089,VENDOR_068,salary
TXN_004501,2025-07-17,ACCT_00407,PERSON_00011,cash deposit,175936,VENDOR_089,legitimate cash-intensive retail/festival activity
TXN_004502,2021-11-13,ACCT_00274,PERSON_00188,grocery,8423,VENDOR_076,grocery
TXN_004503,2025-10-09,ACCT_00095,PERSON_00012,restaurant,40782,VENDOR_089,restaurant
TXN_004504,2024-01-25,ACCT_00420,PERSON_00159,settlement,441785,PERSON_00312,premium settlement
TXN_004505,2025-11-19,ACCT_00258,PERSON_00148,school fee,4287,VENDOR_041,school fee
TXN_004506,2021-05-05,ACCT_00004,PERSON_00425,grocery,26666,VENDOR_060,grocery
TXN_004507,2025-01-04,ACCT_00184,PERSON_00343,cash withdrawal,334379,PERSON_00360,wholesale goods
TXN_004508,2024-05-08,ACCT_00417,PERSON_00076,cash withdrawal,7010,VENDOR_034,cash withdrawal
TXN_004509,2026-03-30,ACCT_00324,PERSON_00283,cash withdrawal,892131,PERSON_00146,registration/document fee
TXN_004510,2026-04-20,ACCT_00455,PERSON_00016,transfer,634435,PERSON_00133,event services
TXN_004511,2026-06-02,ACCT_00305,PERSON_00020,cash withdrawal,356225,PERSON_00069,service commission
TXN_004512,2026-05-04,ACCT_00426,PERSON_00322,transfer,49916,PERSON_00135,registration/document fee
TXN_004513,2022-03-20,ACCT_00427,PERSON_00109,salary,15492,VENDOR_074,salary
TXN_004514,2024-08-03,ACCT_00468,PERSON_00398,transfer,620622,PERSON_00165,transport settlement
TXN_004515,2023-05-19,ACCT_00054,PERSON_00157,cash withdrawal,16373,VENDOR_020,cash withdrawal
TXN_004516,2022-12-22,ACCT_00350,PERSON_00059,festival advance,106417,VENDOR_046,legitimate cash-intensive retail/festival activity
TXN_004517,2021-11-11,ACCT_00310,PERSON_00162,school fee,27913,VENDOR_044,school fee
TXN_004518,2021-04-25,ACCT_00457,PERSON_00300,rent,34964,VENDOR_022,rent
TXN_004519,2022-05-04,ACCT_00324,PERSON_00283,mobile recharge,19445,VENDOR_037,mobile recharge
TXN_004520,2023-01-10,ACCT_00197,PERSON_00169,settlement,257717,PERSON_00035,consultancy settlement
TXN_004521,2022-10-15,ACCT_00121,PERSON_00056,utility,26647,VENDOR_092,utility
TXN_004522,2021-07-04,ACCT_00468,PERSON_00398,cash withdrawal,655435,PERSON_00141,transport settlement
TXN_004523,2022-05-16,ACCT_00374,PERSON_00320,cash withdrawal,100657,PERSON_00130,service commission
TXN_004524,2025-11-22,ACCT_00226,PERSON_00168,rent,17386,VENDOR_036,rent
TXN_004525,2021-03-23,ACCT_00112,PERSON_00351,fuel,13649,VENDOR_065,fuel
TXN_004526,2024-02-25,ACCT_00209,PERSON_00227,grocery,4080,VENDOR_092,grocery
TXN_004527,2023-11-12,ACCT_00405,PERSON_00329,cash withdrawal,687481,PERSON_00213,freight settlement
TXN_004528,2023-12-19,ACCT_00196,PERSON_00278,utility,21632,VENDOR_038,utility
TXN_004529,2023-04-15,ACCT_00320,PERSON_00327,grocery,16164,VENDOR_043,grocery
TXN_004530,2024-10-25,ACCT_00142,PERSON_00179,supplier settlement,74656,VENDOR_024,legitimate cash-intensive retail/festival activity
TXN_004531,2025-02-24,ACCT_00227,PERSON_00023,cash deposit,242707,VENDOR_013,legitimate cash-intensive retail/festival activity
TXN_004532,2023-03-10,ACCT_00407,PERSON_00011,festival advance,166762,VENDOR_065,legitimate cash-intensive retail/festival activity
TXN_004533,2022-02-28,ACCT_00031,PERSON_00223,cash withdrawal,690745,PERSON_00250,site material settlement
TXN_004534,2021-04-16,ACCT_00080,PERSON_00137,shopping,31525,VENDOR_023,shopping
TXN_004535,2022-10-30,ACCT_00453,PERSON_00009,shopping,33367,VENDOR_046,shopping
TXN_004536,2025-10-20,ACCT_00272,PERSON_00128,fuel,39819,VENDOR_077,fuel
TXN_004537,2025-05-19,ACCT_00198,PERSON_00359,cash deposit,478578,PERSON_00375,consultancy settlement
TXN_004538,2023-08-19,ACCT_00271,PERSON_00050,utility,25938,VENDOR_060,utility
TXN_004539,2023-10-29,ACCT_00344,PERSON_00410,cash withdrawal,2320,VENDOR_009,cash withdrawal
TXN_004540,2026-01-20,ACCT_00451,PERSON_00281,cash withdrawal,617575,PERSON_00322,registration/document fee
TXN_004541,2025-09-11,ACCT_00355,PERSON_00263,salary,7232,VENDOR_068,salary
TXN_004542,2024-05-05,ACCT_00003,PERSON_00434,cash withdrawal,742626,PERSON_00378,vehicle advance
TXN_004543,2024-03-29,ACCT_00432,PERSON_00170,shopping,12562,VENDOR_014,shopping
TXN_004544,2022-12-19,ACCT_00198,PERSON_00359,cash deposit,422223,PERSON_00379,consultancy settlement
TXN_004545,2021-11-23,ACCT_00091,PERSON_00138,cash withdrawal,43695,VENDOR_098,cash withdrawal
TXN_004546,2022-06-25,ACCT_00166,PERSON_00272,grocery,31140,VENDOR_088,grocery
TXN_004547,2023-04-21,ACCT_00383,PERSON_00347,gold purchase,100750,VENDOR_062,legitimate cash-intensive retail/festival activity
TXN_004548,2025-04-22,ACCT_00457,PERSON_00300,shopping,20632,VENDOR_050,shopping
TXN_004549,2025-06-22,ACCT_00108,PERSON_00147,cash withdrawal,35853,VENDOR_054,cash withdrawal
TXN_004550,2022-10-08,ACCT_00167,PERSON_00088,supplier settlement,307850,VENDOR_015,legitimate cash-intensive retail/festival activity
TXN_004551,2025-12-21,ACCT_00077,PERSON_00308,transport,5908,VENDOR_077,transport
TXN_004552,2021-01-13,ACCT_00248,PERSON_00025,grocery,3224,VENDOR_087,grocery
TXN_004553,2023-08-14,ACCT_00217,PERSON_00284,cash withdrawal,15319,VENDOR_052,cash withdrawal
TXN_004554,2023-07-31,ACCT_00365,PERSON_00014,transfer,46561,PERSON_00255,freight settlement
TXN_004555,2024-12-07,ACCT_00314,PERSON_00189,cash withdrawal,24286,VENDOR_084,cash withdrawal
TXN_004556,2023-06-17,ACCT_00011,PERSON_00010,settlement,517004,PERSON_00281,registration/document fee
TXN_004557,2022-03-12,ACCT_00104,PERSON_00027,grocery,12129,VENDOR_038,grocery
TXN_004558,2022-01-31,ACCT_00376,PERSON_00232,cash deposit,857859,PERSON_00015,freight settlement
TXN_004559,2021-04-27,ACCT_00383,PERSON_00347,cash deposit,413799,VENDOR_004,legitimate cash-intensive retail/festival activity
TXN_004560,2022-03-05,ACCT_00461,PERSON_00217,medical,36437,VENDOR_048,medical
TXN_004561,2026-03-05,ACCT_00079,PERSON_00266,mobile recharge,43494,VENDOR_003,mobile recharge
TXN_004562,2023-11-30,ACCT_00403,PERSON_00258,utility,20599,VENDOR_022,utility
TXN_004563,2022-05-21,ACCT_00261,PERSON_00235,shopping,40080,VENDOR_006,shopping
TXN_004564,2022-04-23,ACCT_00236,PERSON_00275,rent,43359,VENDOR_049,rent
TXN_004565,2024-03-27,ACCT_00326,PERSON_00392,salary,3040,VENDOR_023,salary
TXN_004566,2024-03-17,ACCT_00227,PERSON_00023,wholesale jewellery,91592,VENDOR_018,legitimate cash-intensive retail/festival activity
TXN_004567,2024-01-25,ACCT_00322,PERSON_00429,settlement,566798,PERSON_00102,event services
TXN_004568,2023-08-21,ACCT_00001,PERSON_00033,festival advance,313479,VENDOR_061,legitimate cash-intensive retail/festival activity
TXN_004569,2022-08-29,ACCT_00001,PERSON_00033,transfer,753742,PERSON_00346,registration/document fee
TXN_004570,2026-03-27,ACCT_00438,PERSON_00074,wholesale jewellery,267150,VENDOR_093,legitimate cash-intensive retail/festival activity
TXN_004571,2023-01-21,ACCT_00203,PERSON_00365,medical,25180,VENDOR_050,medical
TXN_004572,2025-08-19,ACCT_00463,PERSON_00125,utility,34765,VENDOR_098,utility
TXN_004573,2026-02-15,ACCT_00059,PERSON_00390,invoice,772566,PERSON_00125,event services
TXN_004574,2024-09-29,ACCT_00400,PERSON_00296,grocery,30497,VENDOR_001,grocery
TXN_004575,2022-05-01,ACCT_00369,PERSON_00433,cash deposit,192189,PERSON_00012,site material settlement
TXN_004576,2025-01-30,ACCT_00195,PERSON_00185,cash deposit,728640,PERSON_00336,wholesale goods
TXN_004577,2023-06-19,ACCT_00174,PERSON_00414,cash withdrawal,10094,VENDOR_039,cash withdrawal
TXN_004578,2021-02-28,ACCT_00103,PERSON_00323,cash withdrawal,29580,VENDOR_031,cash withdrawal
TXN_004579,2025-06-22,ACCT_00175,PERSON_00207,grocery,23945,VENDOR_081,grocery
TXN_004580,2024-08-05,ACCT_00017,PERSON_00088,shopping,8050,VENDOR_096,shopping
TXN_004581,2024-12-14,ACCT_00448,PERSON_00032,grocery,32026,VENDOR_090,grocery
TXN_004582,2023-08-22,ACCT_00337,PERSON_00279,rent,4183,VENDOR_095,rent
TXN_004583,2022-05-02,ACCT_00065,PERSON_00014,cash withdrawal,20723,VENDOR_082,cash withdrawal
TXN_004584,2021-08-30,ACCT_00162,PERSON_00376,cash withdrawal,32357,VENDOR_028,cash withdrawal
TXN_004585,2023-01-03,ACCT_00226,PERSON_00168,mobile recharge,2339,VENDOR_009,mobile recharge
TXN_004586,2023-09-30,ACCT_00459,PERSON_00211,salary,9536,VENDOR_098,salary
TXN_004587,2024-11-27,ACCT_00358,PERSON_00085,transfer,288776,PERSON_00281,site material settlement
TXN_004588,2025-08-04,ACCT_00293,PERSON_00054,shopping,33221,VENDOR_030,shopping
TXN_004589,2026-02-22,ACCT_00088,PERSON_00155,invoice,631513,PERSON_00097,freight settlement
TXN_004590,2023-03-09,ACCT_00362,PERSON_00147,medical,5789,VENDOR_015,medical
TXN_004591,2024-05-20,ACCT_00407,PERSON_00011,festival advance,390915,VENDOR_008,legitimate cash-intensive retail/festival activity
TXN_004592,2022-07-28,ACCT_00277,PERSON_00182,cash withdrawal,651100,PERSON_00402,vehicle advance
TXN_004593,2021-06-07,ACCT_00058,PERSON_00319,transport,34180,VENDOR_100,transport
TXN_004594,2023-03-06,ACCT_00350,PERSON_00059,supplier settlement,118272,VENDOR_078,legitimate cash-intensive retail/festival activity
TXN_004595,2023-08-23,ACCT_00421,PERSON_00444,shopping,15818,VENDOR_065,shopping
TXN_004596,2025-03-17,ACCT_00170,PERSON_00123,salary,43718,VENDOR_087,salary
TXN_004597,2021-09-05,ACCT_00102,PERSON_00173,shopping,11598,VENDOR_037,shopping
TXN_004598,2021-12-06,ACCT_00170,PERSON_00123,medical,38132,VENDOR_043,medical
TXN_004599,2023-12-22,ACCT_00280,PERSON_00205,cash withdrawal,39932,VENDOR_037,cash withdrawal
TXN_004600,2024-07-26,ACCT_00180,PERSON_00066,salary,7300,VENDOR_036,salary
TXN_004601,2023-10-28,ACCT_00452,PERSON_00369,vendor payment,767210,PERSON_00170,service commission
TXN_004602,2026-01-27,ACCT_00327,PERSON_00285,fuel,28851,VENDOR_077,fuel
TXN_004603,2025-06-05,ACCT_00258,PERSON_00148,restaurant,12530,VENDOR_051,restaurant
TXN_004604,2023-12-22,ACCT_00479,PERSON_00082,cash deposit,416049,PERSON_00394,transport settlement
TXN_004605,2021-07-30,ACCT_00439,PERSON_00385,transfer,700927,PERSON_00416,premium settlement
TXN_007031,2024-06-07,ACCT_00102,PERSON_00173,transfer,79094,PERSON_00388,intermediary settlement
TXN_004607,2024-10-24,ACCT_00213,PERSON_00048,grocery,31811,VENDOR_083,grocery
TXN_004608,2021-12-25,ACCT_00403,PERSON_00258,utility,36498,VENDOR_079,utility
TXN_004609,2023-07-02,ACCT_00336,PERSON_00068,settlement,67092,PERSON_00223,site material settlement
TXN_004610,2023-12-13,ACCT_00471,PERSON_00353,salary,40445,VENDOR_055,salary
TXN_004611,2023-06-11,ACCT_00010,PERSON_00325,salary,23176,VENDOR_025,salary
TXN_004612,2026-05-20,ACCT_00011,PERSON_00010,cash withdrawal,208356,PERSON_00135,registration/document fee
TXN_004613,2025-12-21,ACCT_00445,PERSON_00259,transport,18705,VENDOR_025,transport
TXN_004614,2024-07-03,ACCT_00414,PERSON_00130,settlement,252446,PERSON_00004,service commission
TXN_004615,2023-12-18,ACCT_00398,PERSON_00274,salary,29795,VENDOR_002,salary
TXN_004616,2022-08-22,ACCT_00033,PERSON_00029,transport,40455,VENDOR_031,transport
TXN_004617,2024-09-16,ACCT_00266,PERSON_00402,cash withdrawal,222764,PERSON_00434,vehicle advance
TXN_004618,2024-06-28,ACCT_00269,PERSON_00101,grocery,33287,VENDOR_073,grocery
TXN_004619,2021-10-15,ACCT_00227,PERSON_00023,wholesale jewellery,156831,Family Gold Traders,legitimate cash-intensive retail/festival activity
TXN_004620,2021-04-05,ACCT_00204,PERSON_00070,grocery,898,VENDOR_045,grocery
TXN_004621,2021-03-20,ACCT_00260,PERSON_00261,shopping,22026,VENDOR_077,shopping
TXN_004622,2021-05-16,ACCT_00152,PERSON_00219,fuel,34627,VENDOR_090,fuel
TXN_004623,2021-11-16,ACCT_00306,PERSON_00330,cash withdrawal,8791,VENDOR_042,cash withdrawal
TXN_004624,2024-10-26,ACCT_00288,PERSON_00180,grocery,33934,VENDOR_050,grocery
TXN_004625,2023-05-23,ACCT_00193,PERSON_00135,invoice,111701,PERSON_00400,registration/document fee
TXN_004626,2023-09-21,ACCT_00001,PERSON_00033,gold purchase,123085,VENDOR_064,legitimate cash-intensive retail/festival activity
TXN_004627,2022-08-24,ACCT_00372,PERSON_00028,vendor payment,489723,PERSON_00043,wholesale goods
TXN_004628,2021-07-18,ACCT_00292,PERSON_00007,mobile recharge,5360,VENDOR_077,mobile recharge
TXN_004629,2024-10-15,ACCT_00357,PERSON_00126,cash withdrawal,32329,VENDOR_074,cash withdrawal
TXN_004630,2026-06-01,ACCT_00246,PERSON_00244,supplier settlement,341383,VENDOR_096,legitimate cash-intensive retail/festival activity
TXN_004631,2023-05-25,ACCT_00005,PERSON_00018,grocery,39547,VENDOR_084,grocery
TXN_004632,2025-11-08,ACCT_00293,PERSON_00054,shopping,468,VENDOR_100,shopping
TXN_008467,2025-12-04,ACCT_00102,PERSON_00173,transfer,171708,PERSON_00370,intermediary settlement
TXN_004634,2025-11-19,ACCT_00062,PERSON_00388,vendor payment,840008,PERSON_00370,service commission
TXN_004635,2024-03-16,ACCT_00269,PERSON_00101,mobile recharge,20836,VENDOR_012,mobile recharge
TXN_004636,2022-06-27,ACCT_00379,PERSON_00326,grocery,2448,VENDOR_049,grocery
TXN_004637,2021-09-09,ACCT_00357,PERSON_00126,cash withdrawal,599599,PERSON_00141,transport settlement
TXN_004638,2022-08-22,ACCT_00012,PERSON_00449,grocery,33128,VENDOR_008,grocery
TXN_004639,2023-06-27,ACCT_00143,PERSON_00069,grocery,20977,VENDOR_015,grocery
TXN_004640,2023-01-30,ACCT_00214,PERSON_00277,rent,32658,VENDOR_046,rent
TXN_004641,2025-08-09,ACCT_00178,PERSON_00413,grocery,31037,VENDOR_034,grocery
TXN_004642,2021-07-08,ACCT_00388,PERSON_00149,salary,25226,VENDOR_082,salary
TXN_004643,2024-11-21,ACCT_00387,PERSON_00361,rent,38962,VENDOR_025,rent
TXN_004644,2022-05-14,ACCT_00002,PERSON_00337,transport,26934,VENDOR_060,transport
TXN_004645,2025-05-28,ACCT_00350,PERSON_00059,festival advance,305885,VENDOR_068,legitimate cash-intensive retail/festival activity
TXN_004646,2025-06-14,ACCT_00128,PERSON_00061,fuel,28939,VENDOR_095,fuel
TXN_004647,2025-03-29,ACCT_00043,PERSON_00092,cash withdrawal,2286,VENDOR_010,cash withdrawal
TXN_004648,2022-07-14,ACCT_00163,PERSON_00255,grocery,35295,VENDOR_084,grocery
TXN_004649,2022-02-14,ACCT_00473,PERSON_00121,grocery,19612,VENDOR_080,grocery
TXN_004650,2022-08-09,ACCT_00439,PERSON_00385,salary,34050,VENDOR_080,salary
TXN_004651,2022-11-23,ACCT_00138,PERSON_00381,invoice,708638,PERSON_00025,freight settlement
TXN_004652,2025-05-27,ACCT_00165,PERSON_00242,shopping,7978,VENDOR_030,shopping
TXN_004653,2023-11-15,ACCT_00375,PERSON_00403,utility,33223,VENDOR_092,utility
TXN_004654,2025-03-11,ACCT_00372,PERSON_00028,invoice,252727,PERSON_00360,wholesale goods
TXN_004655,2021-08-11,ACCT_00268,PERSON_00422,rent,14785,VENDOR_037,rent
TXN_004656,2024-01-30,ACCT_00444,PERSON_00051,medical,14756,VENDOR_097,medical
TXN_004657,2024-10-17,ACCT_00132,PERSON_00100,festival advance,386528,VENDOR_095,legitimate cash-intensive retail/festival activity
TXN_004658,2021-07-18,ACCT_00379,PERSON_00326,rent,1414,VENDOR_019,rent
TXN_004659,2024-09-30,ACCT_00471,PERSON_00353,utility,31071,VENDOR_034,utility
TXN_004660,2025-11-11,ACCT_00335,PERSON_00248,mobile recharge,30685,VENDOR_020,mobile recharge
TXN_004661,2021-08-15,ACCT_00285,PERSON_00203,invoice,671032,PERSON_00163,service commission
TXN_004662,2026-06-13,ACCT_00172,PERSON_00252,transport,12371,VENDOR_100,transport
TXN_004663,2023-08-24,ACCT_00274,PERSON_00188,invoice,629658,PERSON_00390,event services
TXN_004664,2025-12-17,ACCT_00385,PERSON_00257,cash deposit,226980,PERSON_00141,transport settlement
TXN_004665,2022-11-26,ACCT_00265,PERSON_00093,shopping,15972,VENDOR_020,shopping
TXN_004666,2023-08-02,ACCT_00350,PERSON_00059,supplier settlement,123024,VENDOR_082,legitimate cash-intensive retail/festival activity
TXN_004667,2024-11-16,ACCT_00338,PERSON_00118,rent,10322,VENDOR_017,rent
TXN_004668,2025-07-25,ACCT_00356,PERSON_00338,rent,35826,VENDOR_043,rent
TXN_004669,2021-09-09,ACCT_00302,PERSON_00426,shopping,20782,VENDOR_064,shopping
TXN_004670,2023-08-07,ACCT_00223,PERSON_00298,school fee,12239,VENDOR_004,school fee
TXN_004671,2022-12-26,ACCT_00044,PERSON_00086,transport,25876,VENDOR_031,transport
TXN_004672,2024-04-29,ACCT_00454,PERSON_00119,fuel,40878,VENDOR_090,fuel
TXN_004673,2025-01-29,ACCT_00369,PERSON_00433,settlement,201129,PERSON_00436,site material settlement
TXN_004674,2021-06-24,ACCT_00471,PERSON_00353,utility,3002,VENDOR_033,utility
TXN_004675,2024-04-02,ACCT_00352,PERSON_00110,shopping,33905,VENDOR_007,shopping
TXN_004676,2025-09-22,ACCT_00388,PERSON_00149,salary,41261,VENDOR_052,salary
TXN_004677,2023-05-18,ACCT_00265,PERSON_00093,salary,8047,VENDOR_015,salary
TXN_004678,2025-08-09,ACCT_00285,PERSON_00203,grocery,38336,VENDOR_082,grocery
TXN_004679,2024-07-07,ACCT_00077,PERSON_00308,cash deposit,224710,PERSON_00127,consultancy settlement
TXN_004680,2023-04-01,ACCT_00016,PERSON_00220,cash withdrawal,41447,VENDOR_012,cash withdrawal
TXN_004681,2024-08-06,ACCT_00332,PERSON_00240,grocery,20520,VENDOR_018,grocery
TXN_004682,2024-01-01,ACCT_00244,PERSON_00221,vendor payment,389283,PERSON_00009,consultancy settlement
TXN_004683,2025-10-01,ACCT_00049,PERSON_00260,fuel,3556,VENDOR_022,fuel
TXN_004684,2022-09-24,ACCT_00038,PERSON_00254,school fee,28679,VENDOR_047,school fee
TXN_004685,2025-10-24,ACCT_00094,PERSON_00406,cash withdrawal,11770,VENDOR_031,cash withdrawal
TXN_004686,2025-03-18,ACCT_00229,PERSON_00094,cash withdrawal,401582,PERSON_00246,site material settlement
TXN_004687,2025-02-04,ACCT_00162,PERSON_00376,school fee,18606,VENDOR_055,school fee
TXN_004688,2022-07-02,ACCT_00191,PERSON_00208,salary,32901,VENDOR_082,salary
TXN_004689,2021-06-11,ACCT_00369,PERSON_00433,cash deposit,654800,PERSON_00094,site material settlement
TXN_004690,2024-09-26,ACCT_00162,PERSON_00376,invoice,633131,PERSON_00094,site material settlement
TXN_004691,2023-01-13,ACCT_00407,PERSON_00011,settlement,38630,PERSON_00259,premium settlement
TXN_004692,2024-04-17,ACCT_00028,PERSON_00059,wholesale jewellery,350783,VENDOR_032,legitimate cash-intensive retail/festival activity
TXN_004693,2025-06-28,ACCT_00003,PERSON_00434,settlement,207448,PERSON_00182,vehicle advance
TXN_004694,2024-04-09,ACCT_00160,PERSON_00417,transport,43118,VENDOR_006,transport
TXN_004695,2022-08-04,ACCT_00154,PERSON_00117,medical,37309,VENDOR_074,medical
TXN_004696,2021-05-03,ACCT_00372,PERSON_00028,settlement,353084,PERSON_00184,wholesale goods
TXN_004697,2026-06-01,ACCT_00227,PERSON_00023,supplier settlement,309827,VENDOR_011,legitimate cash-intensive retail/festival activity
TXN_004698,2025-12-21,ACCT_00372,PERSON_00028,transfer,230952,PERSON_00343,wholesale goods
TXN_004699,2023-08-20,ACCT_00024,PERSON_00201,grocery,16104,VENDOR_083,grocery
TXN_004700,2022-03-13,ACCT_00227,PERSON_00023,festival advance,406750,VENDOR_026,legitimate cash-intensive retail/festival activity
TXN_004701,2022-04-27,ACCT_00207,PERSON_00239,rent,27757,VENDOR_088,rent
TXN_004702,2022-08-25,ACCT_00314,PERSON_00189,grocery,273,VENDOR_014,grocery
TXN_004703,2022-03-01,ACCT_00288,PERSON_00180,shopping,22328,VENDOR_076,shopping
TXN_004704,2023-04-28,ACCT_00426,PERSON_00322,rent,36584,VENDOR_075,rent
TXN_004705,2022-05-17,ACCT_00418,PERSON_00314,cash withdrawal,40628,VENDOR_082,cash withdrawal
TXN_004706,2024-07-06,ACCT_00227,PERSON_00023,wholesale jewellery,437462,VENDOR_056,legitimate cash-intensive retail/festival activity
TXN_004707,2023-06-20,ACCT_00383,PERSON_00347,festival advance,282561,VENDOR_078,legitimate cash-intensive retail/festival activity
TXN_004708,2023-06-25,ACCT_00069,PERSON_00165,rent,15045,VENDOR_003,rent
TXN_004709,2026-01-02,ACCT_00304,PERSON_00280,cash withdrawal,21332,VENDOR_053,cash withdrawal
TXN_004710,2023-04-06,ACCT_00407,PERSON_00011,cash deposit,378137,VENDOR_100,legitimate cash-intensive retail/festival activity
TXN_004711,2025-02-22,ACCT_00083,PERSON_00220,mobile recharge,19303,VENDOR_032,mobile recharge
TXN_004712,2024-01-14,ACCT_00069,PERSON_00165,restaurant,30547,VENDOR_094,restaurant
TXN_004713,2023-05-07,ACCT_00018,PERSON_00156,shopping,30951,VENDOR_089,shopping
TXN_004714,2023-12-16,ACCT_00171,PERSON_00370,restaurant,8901,VENDOR_045,restaurant
TXN_004715,2023-04-05,ACCT_00456,PERSON_00142,restaurant,14001,VENDOR_040,restaurant
TXN_004716,2022-01-07,ACCT_00339,PERSON_00426,utility,43834,VENDOR_001,utility
TXN_004717,2023-05-18,ACCT_00242,PERSON_00124,rent,26915,VENDOR_059,rent
TXN_004718,2021-09-16,ACCT_00003,PERSON_00434,cash withdrawal,18973,VENDOR_071,cash withdrawal
TXN_004719,2021-05-14,ACCT_00449,PERSON_00159,school fee,18223,VENDOR_067,school fee
TXN_004720,2022-12-01,ACCT_00061,PERSON_00102,cash withdrawal,37004,VENDOR_070,cash withdrawal
TXN_004721,2021-07-22,ACCT_00225,PERSON_00163,transfer,556931,PERSON_00152,service commission
TXN_004722,2022-05-31,ACCT_00434,PERSON_00342,utility,36701,VENDOR_013,utility
TXN_004723,2021-09-13,ACCT_00445,PERSON_00259,cash deposit,559364,PERSON_00312,premium settlement
TXN_004724,2021-03-10,ACCT_00097,PERSON_00105,school fee,40756,VENDOR_064,school fee
TXN_004725,2026-01-30,ACCT_00208,PERSON_00368,shopping,20517,VENDOR_076,shopping
TXN_004726,2023-01-29,ACCT_00324,PERSON_00283,cash deposit,407361,PERSON_00060,freight settlement
TXN_004727,2023-12-24,ACCT_00349,PERSON_00384,shopping,27103,VENDOR_074,shopping
TXN_004728,2022-01-20,ACCT_00251,PERSON_00383,restaurant,9199,VENDOR_095,restaurant
TXN_004729,2025-03-13,ACCT_00189,PERSON_00373,salary,44128,VENDOR_025,salary
TXN_004730,2026-06-20,ACCT_00322,PERSON_00429,invoice,83606,PERSON_00143,event services
TXN_004731,2023-06-07,ACCT_00376,PERSON_00232,mobile recharge,6267,VENDOR_075,mobile recharge
TXN_004732,2026-05-18,ACCT_00210,PERSON_00290,vendor payment,407510,PERSON_00391,registration/document fee
TXN_004733,2023-08-13,ACCT_00321,PERSON_00167,transport,4309,VENDOR_078,transport
TXN_004734,2025-02-22,ACCT_00077,PERSON_00308,salary,2518,VENDOR_007,salary
TXN_004735,2022-05-26,ACCT_00468,PERSON_00398,vendor payment,858302,PERSON_00425,transport settlement
TXN_004736,2023-01-08,ACCT_00388,PERSON_00149,restaurant,29830,VENDOR_070,restaurant
TXN_004737,2021-07-24,ACCT_00048,PERSON_00067,shopping,38213,VENDOR_035,shopping
TXN_004738,2023-08-20,ACCT_00105,PERSON_00212,cash deposit,464003,PERSON_00170,service commission
TXN_004739,2022-07-09,ACCT_00270,PERSON_00306,rent,4006,VENDOR_039,rent
TXN_004740,2025-06-14,ACCT_00436,PERSON_00199,restaurant,2422,VENDOR_057,restaurant
TXN_004741,2023-09-27,ACCT_00012,PERSON_00449,settlement,512342,PERSON_00040,transport settlement
TXN_004742,2026-06-30,ACCT_00401,PERSON_00210,school fee,29723,VENDOR_058,school fee
TXN_004743,2023-02-21,ACCT_00006,PERSON_00424,school fee,30531,VENDOR_052,school fee
TXN_004744,2025-08-07,ACCT_00056,PERSON_00222,mobile recharge,27727,VENDOR_040,mobile recharge
TXN_004745,2023-11-11,ACCT_00264,PERSON_00015,transfer,94316,PERSON_00155,freight settlement
TXN_004746,2021-05-25,ACCT_00467,PERSON_00357,utility,25483,VENDOR_036,utility
TXN_004747,2021-10-26,ACCT_00395,PERSON_00269,shopping,32443,VENDOR_029,shopping
TXN_004748,2024-10-04,ACCT_00142,PERSON_00179,supplier settlement,19292,VENDOR_095,legitimate cash-intensive retail/festival activity
TXN_004749,2023-11-05,ACCT_00004,PERSON_00425,transfer,866415,PERSON_00065,transport settlement
TXN_004750,2025-07-15,ACCT_00383,PERSON_00347,supplier settlement,162748,VENDOR_096,legitimate cash-intensive retail/festival activity
TXN_004751,2024-05-18,ACCT_00216,PERSON_00230,cash withdrawal,18839,VENDOR_036,cash withdrawal
TXN_004752,2024-04-20,ACCT_00084,PERSON_00133,vendor payment,774879,PERSON_00374,event services
TXN_004753,2022-01-29,ACCT_00226,PERSON_00168,shopping,806,VENDOR_045,shopping
TXN_004754,2024-03-27,ACCT_00378,PERSON_00397,shopping,20047,VENDOR_009,shopping
TXN_004755,2023-11-02,ACCT_00301,PERSON_00251,transport,1924,VENDOR_033,transport
TXN_004756,2026-01-23,ACCT_00049,PERSON_00260,grocery,16716,VENDOR_029,grocery
TXN_004757,2022-07-28,ACCT_00012,PERSON_00449,mobile recharge,17383,VENDOR_092,mobile recharge
TXN_004758,2024-07-25,ACCT_00259,PERSON_00166,salary,2660,VENDOR_066,salary
TXN_004759,2022-02-05,ACCT_00377,PERSON_00417,supplier settlement,106756,VENDOR_052,legitimate cash-intensive retail/festival activity
TXN_004760,2021-01-31,ACCT_00390,PERSON_00049,mobile recharge,23435,VENDOR_063,mobile recharge
TXN_004761,2021-06-24,ACCT_00270,PERSON_00306,cash withdrawal,379406,PERSON_00337,wholesale goods
TXN_004762,2023-12-10,ACCT_00276,PERSON_00154,cash withdrawal,21693,VENDOR_031,cash withdrawal
TXN_004763,2025-09-13,ACCT_00154,PERSON_00117,school fee,37684,VENDOR_038,school fee
TXN_004764,2023-06-06,ACCT_00002,PERSON_00337,settlement,135092,PERSON_00231,wholesale goods
TXN_004765,2024-05-11,ACCT_00385,PERSON_00257,utility,6611,VENDOR_002,utility
TXN_004766,2021-08-25,ACCT_00246,PERSON_00244,festival advance,425679,VENDOR_063,legitimate cash-intensive retail/festival activity
TXN_004767,2025-06-26,ACCT_00069,PERSON_00165,transfer,19268,PERSON_00398,transport settlement
TXN_004768,2026-06-02,ACCT_00001,PERSON_00033,supplier settlement,34904,VENDOR_098,legitimate cash-intensive retail/festival activity
TXN_004769,2021-01-29,ACCT_00407,PERSON_00011,vendor payment,54648,PERSON_00312,premium settlement
TXN_004770,2025-07-17,ACCT_00002,PERSON_00337,cash withdrawal,580160,PERSON_00171,wholesale goods
TXN_004771,2022-07-31,ACCT_00062,PERSON_00388,rent,31914,VENDOR_025,rent
TXN_004772,2022-10-18,ACCT_00388,PERSON_00149,grocery,43505,VENDOR_080,grocery
TXN_004773,2021-06-19,ACCT_00013,PERSON_00090,settlement,188271,PERSON_00173,consultancy settlement
TXN_004774,2026-06-03,ACCT_00427,PERSON_00109,fuel,17177,VENDOR_072,fuel
TXN_004775,2024-02-04,ACCT_00404,PERSON_00134,vendor payment,7454,PERSON_00306,wholesale goods
TXN_004776,2025-10-10,ACCT_00468,PERSON_00398,settlement,501028,PERSON_00333,transport settlement
TXN_004777,2025-05-19,ACCT_00320,PERSON_00327,school fee,9429,VENDOR_061,school fee
TXN_004778,2021-09-29,ACCT_00370,PERSON_00046,rent,27959,VENDOR_007,rent
TXN_004779,2024-06-05,ACCT_00142,PERSON_00179,festival advance,157070,VENDOR_003,legitimate cash-intensive retail/festival activity
TXN_004780,2023-12-28,ACCT_00366,PERSON_00063,school fee,37488,VENDOR_018,school fee
TXN_004781,2025-11-13,ACCT_00400,PERSON_00296,grocery,36425,VENDOR_089,grocery
TXN_004782,2021-08-21,ACCT_00160,PERSON_00417,gold purchase,210361,VENDOR_020,legitimate cash-intensive retail/festival activity
TXN_004783,2025-02-26,ACCT_00096,PERSON_00139,cash withdrawal,28912,VENDOR_044,cash withdrawal
TXN_004784,2024-03-02,ACCT_00460,PERSON_00336,settlement,300870,PERSON_00337,wholesale goods
TXN_004785,2024-06-11,ACCT_00014,PERSON_00088,gold purchase,17495,VENDOR_100,legitimate cash-intensive retail/festival activity
TXN_004786,2023-05-11,ACCT_00281,PERSON_00041,shopping,37778,VENDOR_041,shopping
TXN_004787,2021-08-10,ACCT_00197,PERSON_00169,vendor payment,586543,PERSON_00078,wholesale goods
TXN_004788,2023-03-30,ACCT_00462,PERSON_00186,shopping,18579,VENDOR_045,shopping
TXN_004789,2022-04-08,ACCT_00057,PERSON_00311,transport,20159,VENDOR_071,transport
TXN_004790,2022-04-19,ACCT_00475,PERSON_00108,school fee,43117,VENDOR_059,school fee
TXN_004791,2022-09-25,ACCT_00234,PERSON_00158,mobile recharge,17538,VENDOR_006,mobile recharge
TXN_004792,2023-01-05,ACCT_00016,PERSON_00220,utility,28591,VENDOR_007,utility
TXN_004793,2022-10-16,ACCT_00405,PERSON_00329,school fee,42183,VENDOR_084,school fee
TXN_004794,2026-02-23,ACCT_00001,PERSON_00033,gold purchase,190341,VENDOR_064,legitimate cash-intensive retail/festival activity
TXN_004795,2021-06-30,ACCT_00397,PERSON_00052,shopping,32507,VENDOR_062,shopping
TXN_004796,2025-10-30,ACCT_00291,PERSON_00409,shopping,44768,VENDOR_065,shopping
TXN_004797,2023-06-15,ACCT_00269,PERSON_00101,cash deposit,716169,PERSON_00044,service commission
TXN_004798,2025-03-19,ACCT_00253,PERSON_00072,fuel,34002,VENDOR_061,fuel
TXN_004799,2026-06-28,ACCT_00239,PERSON_00401,grocery,25364,VENDOR_078,grocery
TXN_004800,2025-09-02,ACCT_00455,PERSON_00016,cash deposit,606750,PERSON_00390,event services
TXN_004801,2025-02-27,ACCT_00105,PERSON_00212,fuel,28246,VENDOR_065,fuel
TXN_004802,2023-05-01,ACCT_00438,PERSON_00074,festival advance,373421,VENDOR_094,legitimate cash-intensive retail/festival activity
TXN_004803,2025-11-19,ACCT_00017,PERSON_00088,cash deposit,428603,VENDOR_053,legitimate cash-intensive retail/festival activity
TXN_004804,2026-02-28,ACCT_00315,PERSON_00202,rent,37752,VENDOR_001,rent
TXN_004805,2026-02-14,ACCT_00162,PERSON_00376,cash withdrawal,828585,PERSON_00048,site material settlement
TXN_004806,2023-02-11,ACCT_00400,PERSON_00296,salary,3297,VENDOR_056,salary
TXN_004807,2021-10-30,ACCT_00306,PERSON_00330,mobile recharge,30331,VENDOR_035,mobile recharge
TXN_004808,2025-03-06,ACCT_00052,PERSON_00438,cash deposit,741860,PERSON_00287,vehicle advance
TXN_004809,2021-11-06,ACCT_00335,PERSON_00248,restaurant,32449,VENDOR_056,restaurant
TXN_004810,2023-07-07,ACCT_00003,PERSON_00434,restaurant,11269,VENDOR_045,restaurant
TXN_004811,2023-09-02,ACCT_00253,PERSON_00072,salary,31219,VENDOR_004,salary
TXN_004812,2023-01-14,ACCT_00039,PERSON_00078,transport,2616,VENDOR_019,transport
TXN_004813,2021-01-01,ACCT_00242,PERSON_00124,grocery,5361,VENDOR_036,grocery
TXN_004814,2026-02-27,ACCT_00142,PERSON_00179,vendor payment,315988,PERSON_00269,registration/document fee
TXN_004815,2024-08-20,ACCT_00248,PERSON_00025,restaurant,600,VENDOR_088,restaurant
TXN_004816,2021-06-28,ACCT_00266,PERSON_00402,vendor payment,336087,PERSON_00081,vehicle advance
TXN_004817,2026-06-09,ACCT_00438,PERSON_00074,transport,15036,VENDOR_002,transport
TXN_004818,2021-03-27,ACCT_00244,PERSON_00221,restaurant,9388,VENDOR_008,restaurant
TXN_004819,2026-06-29,ACCT_00207,PERSON_00239,cash withdrawal,11067,VENDOR_036,cash withdrawal
TXN_004820,2021-05-06,ACCT_00185,PERSON_00412,cash withdrawal,4441,VENDOR_047,cash withdrawal
TXN_004821,2023-04-12,ACCT_00407,PERSON_00011,utility,21634,VENDOR_014,utility
TXN_004822,2024-12-30,ACCT_00434,PERSON_00342,rent,2887,VENDOR_024,rent
TXN_004823,2021-08-11,ACCT_00014,PERSON_00088,wholesale jewellery,20419,VENDOR_062,legitimate cash-intensive retail/festival activity
TXN_004824,2022-02-10,ACCT_00206,PERSON_00075,rent,774,VENDOR_058,rent
TXN_004825,2024-03-30,ACCT_00438,PERSON_00074,cash deposit,225663,VENDOR_033,legitimate cash-intensive retail/festival activity
TXN_004826,2021-05-21,ACCT_00124,PERSON_00270,rent,35722,VENDOR_015,rent
TXN_004827,2023-08-12,ACCT_00381,PERSON_00200,shopping,8060,VENDOR_031,shopping
TXN_004828,2021-05-28,ACCT_00416,PERSON_00043,grocery,38155,VENDOR_082,grocery
TXN_004829,2023-06-19,ACCT_00413,PERSON_00233,school fee,36054,VENDOR_058,school fee
TXN_004830,2024-02-16,ACCT_00226,PERSON_00168,cash withdrawal,34852,VENDOR_072,cash withdrawal
TXN_004831,2025-02-16,ACCT_00296,PERSON_00316,transport,29880,VENDOR_095,transport
TXN_004832,2024-07-20,ACCT_00255,PERSON_00129,shopping,23993,VENDOR_016,shopping
TXN_004833,2022-04-26,ACCT_00242,PERSON_00124,vendor payment,684485,PERSON_00025,freight settlement
TXN_004834,2022-02-07,ACCT_00208,PERSON_00368,shopping,28028,VENDOR_046,shopping
TXN_004835,2025-12-17,ACCT_00374,PERSON_00320,cash withdrawal,757419,PERSON_00445,service commission
TXN_004836,2022-07-31,ACCT_00056,PERSON_00222,cash withdrawal,21702,VENDOR_072,cash withdrawal
TXN_004837,2026-05-01,ACCT_00474,PERSON_00116,restaurant,32828,VENDOR_092,restaurant
TXN_004838,2025-12-06,ACCT_00316,PERSON_00237,mobile recharge,2854,VENDOR_093,mobile recharge
TXN_004839,2024-11-17,ACCT_00447,PERSON_00379,fuel,19016,VENDOR_026,fuel
TXN_004840,2021-11-07,ACCT_00341,PERSON_00310,mobile recharge,35259,VENDOR_009,mobile recharge
TXN_004841,2023-10-14,ACCT_00090,PERSON_00084,restaurant,9235,VENDOR_045,restaurant
TXN_004842,2025-06-02,ACCT_00087,PERSON_00010,settlement,639892,PERSON_00281,registration/document fee
TXN_004843,2026-04-26,ACCT_00001,PERSON_00033,supplier settlement,304158,VENDOR_033,legitimate cash-intensive retail/festival activity
TXN_004844,2021-02-22,ACCT_00345,PERSON_00064,salary,1703,VENDOR_075,salary
TXN_004845,2025-06-09,ACCT_00377,PERSON_00417,cash deposit,429027,VENDOR_054,legitimate cash-intensive retail/festival activity
TXN_004846,2021-01-12,ACCT_00296,PERSON_00316,grocery,30784,VENDOR_098,grocery
TXN_004847,2021-11-12,ACCT_00167,PERSON_00088,cash withdrawal,35871,VENDOR_067,cash withdrawal
TXN_004848,2024-09-27,ACCT_00246,PERSON_00244,cash deposit,393590,VENDOR_045,legitimate cash-intensive retail/festival activity
TXN_004849,2021-12-07,ACCT_00024,PERSON_00201,fuel,29888,VENDOR_006,fuel
TXN_004850,2025-08-06,ACCT_00344,PERSON_00410,vendor payment,567676,PERSON_00388,service commission
TXN_004851,2025-07-16,ACCT_00132,PERSON_00100,cash deposit,408506,VENDOR_055,legitimate cash-intensive retail/festival activity
TXN_004852,2025-07-08,ACCT_00162,PERSON_00376,cash withdrawal,23580,VENDOR_032,cash withdrawal
TXN_004853,2022-12-10,ACCT_00177,PERSON_00209,restaurant,9098,VENDOR_061,restaurant
TXN_004854,2021-10-18,ACCT_00405,PERSON_00329,cash withdrawal,3744,VENDOR_039,cash withdrawal
TXN_004855,2021-05-15,ACCT_00347,PERSON_00291,transfer,352030,PERSON_00427,site material settlement
TXN_004856,2026-05-04,ACCT_00471,PERSON_00353,mobile recharge,36059,VENDOR_033,mobile recharge
TXN_004857,2023-08-29,ACCT_00474,PERSON_00116,grocery,22476,VENDOR_096,grocery
TXN_004858,2021-04-15,ACCT_00464,PERSON_00109,vendor payment,552023,PERSON_00028,wholesale goods
TXN_004859,2026-04-11,ACCT_00348,PERSON_00055,cash withdrawal,559109,PERSON_00052,event services
TXN_004860,2025-02-23,ACCT_00104,PERSON_00027,rent,24971,VENDOR_026,rent
TXN_004861,2021-05-28,ACCT_00132,PERSON_00100,mobile recharge,14524,VENDOR_048,mobile recharge
TXN_004862,2023-07-17,ACCT_00332,PERSON_00240,fuel,41808,VENDOR_084,fuel
TXN_004863,2024-11-12,ACCT_00407,PERSON_00011,supplier settlement,105565,VENDOR_038,legitimate cash-intensive retail/festival activity
TXN_004864,2021-03-29,ACCT_00089,PERSON_00395,utility,16490,VENDOR_020,utility
TXN_004865,2026-04-06,ACCT_00098,PERSON_00370,fuel,30657,VENDOR_080,fuel
TXN_004866,2023-02-28,ACCT_00001,PERSON_00033,cash deposit,291345,VENDOR_048,legitimate cash-intensive retail/festival activity
TXN_004867,2021-01-10,ACCT_00459,PERSON_00211,salary,9093,VENDOR_030,salary
TXN_004868,2022-11-09,ACCT_00168,PERSON_00415,vendor payment,146466,PERSON_00272,consultancy settlement
TXN_004869,2022-09-29,ACCT_00093,PERSON_00204,grocery,15370,VENDOR_018,grocery
TXN_004870,2025-12-20,ACCT_00126,PERSON_00062,shopping,26609,VENDOR_051,shopping
TXN_004871,2023-07-25,ACCT_00081,PERSON_00242,transport,15313,VENDOR_058,transport
TXN_004872,2023-05-15,ACCT_00160,PERSON_00417,cash deposit,391891,VENDOR_042,legitimate cash-intensive retail/festival activity
TXN_004873,2021-01-14,ACCT_00448,PERSON_00032,salary,9763,VENDOR_046,salary
TXN_004874,2024-05-31,ACCT_00204,PERSON_00070,vendor payment,158057,PERSON_00385,premium settlement
TXN_004875,2023-04-28,ACCT_00108,PERSON_00147,salary,6893,VENDOR_019,salary
TXN_004876,2023-01-13,ACCT_00051,PERSON_00099,mobile recharge,4652,VENDOR_100,mobile recharge
TXN_004877,2025-03-02,ACCT_00326,PERSON_00392,shopping,8942,VENDOR_074,shopping
TXN_004878,2022-10-17,ACCT_00344,PERSON_00410,medical,35787,VENDOR_050,medical
TXN_004879,2023-09-19,ACCT_00311,PERSON_00006,medical,30004,VENDOR_066,medical
TXN_004880,2025-12-27,ACCT_00098,PERSON_00370,rent,33115,VENDOR_004,rent
TXN_004881,2024-11-06,ACCT_00262,PERSON_00383,fuel,41506,VENDOR_068,fuel
TXN_004882,2025-01-30,ACCT_00244,PERSON_00221,grocery,38406,VENDOR_012,grocery
TXN_004883,2024-07-27,ACCT_00204,PERSON_00070,vendor payment,697529,PERSON_00259,premium settlement
TXN_004884,2021-06-01,ACCT_00253,PERSON_00072,invoice,725879,PERSON_00073,consultancy settlement
TXN_004885,2023-07-26,ACCT_00019,PERSON_00175,fuel,11768,VENDOR_018,fuel
TXN_004886,2023-08-13,ACCT_00034,PERSON_00245,fuel,36955,VENDOR_018,fuel
TXN_004887,2025-07-01,ACCT_00473,PERSON_00121,fuel,7801,VENDOR_064,fuel
TXN_004888,2023-02-19,ACCT_00359,PERSON_00427,settlement,796109,PERSON_00364,site material settlement
TXN_004889,2021-03-14,ACCT_00017,PERSON_00088,gold purchase,197567,VENDOR_027,legitimate cash-intensive retail/festival activity
TXN_004890,2021-04-22,ACCT_00435,PERSON_00352,grocery,36343,VENDOR_072,grocery
TXN_004891,2026-01-15,ACCT_00215,PERSON_00078,grocery,30926,VENDOR_053,grocery
TXN_004892,2023-05-20,ACCT_00235,PERSON_00431,mobile recharge,42841,VENDOR_098,mobile recharge
TXN_004893,2025-01-13,ACCT_00163,PERSON_00255,grocery,34684,VENDOR_027,grocery
TXN_004894,2026-04-11,ACCT_00315,PERSON_00202,school fee,26734,VENDOR_032,school fee
TXN_004895,2024-03-18,ACCT_00246,PERSON_00244,festival advance,72794,VENDOR_079,legitimate cash-intensive retail/festival activity
TXN_004896,2025-12-14,ACCT_00343,PERSON_00303,cash withdrawal,35855,VENDOR_082,cash withdrawal
TXN_004897,2024-01-13,ACCT_00439,PERSON_00385,vendor payment,346727,PERSON_00416,premium settlement
TXN_004898,2026-03-01,ACCT_00102,PERSON_00173,restaurant,40474,VENDOR_069,restaurant
TXN_004899,2025-03-16,ACCT_00426,PERSON_00322,settlement,825524,PERSON_00072,consultancy settlement
TXN_004900,2021-04-15,ACCT_00001,PERSON_00033,gold purchase,435742,VENDOR_046,legitimate cash-intensive retail/festival activity
TXN_004901,2022-03-06,ACCT_00148,PERSON_00442,utility,24224,VENDOR_001,utility
TXN_004902,2023-09-18,ACCT_00227,PERSON_00023,cash deposit,200704,VENDOR_074,legitimate cash-intensive retail/festival activity
TXN_004903,2024-06-02,ACCT_00005,PERSON_00018,grocery,22471,VENDOR_081,grocery
TXN_004904,2021-08-31,ACCT_00397,PERSON_00052,salary,17874,VENDOR_004,salary
TXN_004905,2024-01-02,ACCT_00034,PERSON_00245,rent,14983,VENDOR_025,rent
TXN_004906,2026-03-06,ACCT_00264,PERSON_00015,rent,32568,VENDOR_068,rent
TXN_004907,2024-02-04,ACCT_00096,PERSON_00139,restaurant,44163,VENDOR_050,restaurant
TXN_004908,2021-03-12,ACCT_00037,PERSON_00113,festival advance,305037,VENDOR_083,legitimate cash-intensive retail/festival activity
TXN_004909,2021-05-08,ACCT_00353,PERSON_00411,settlement,15125,PERSON_00133,event services
TXN_004910,2022-12-15,ACCT_00432,PERSON_00170,settlement,320877,PERSON_00320,service commission
TXN_004911,2025-08-14,ACCT_00377,PERSON_00417,gold purchase,118962,VENDOR_087,legitimate cash-intensive retail/festival activity
TXN_004912,2023-11-06,ACCT_00441,PERSON_00304,cash withdrawal,31813,VENDOR_028,cash withdrawal
TXN_004913,2022-05-19,ACCT_00062,PERSON_00388,cash withdrawal,319683,PERSON_00130,service commission
TXN_004914,2023-02-25,ACCT_00164,PERSON_00229,shopping,21990,VENDOR_040,shopping
TXN_004915,2024-02-28,ACCT_00166,PERSON_00272,vendor payment,655618,PERSON_00173,consultancy settlement
TXN_004916,2025-06-28,ACCT_00169,PERSON_00249,restaurant,30570,VENDOR_089,restaurant
TXN_004917,2023-11-02,ACCT_00355,PERSON_00263,vendor payment,298453,PERSON_00259,premium settlement
TXN_004918,2024-11-23,ACCT_00380,PERSON_00178,cash withdrawal,170689,PERSON_00220,premium settlement
TXN_004919,2024-06-18,ACCT_00090,PERSON_00084,cash withdrawal,22491,VENDOR_032,cash withdrawal
TXN_004920,2026-03-24,ACCT_00032,PERSON_00065,shopping,38627,VENDOR_028,shopping
TXN_004921,2024-05-14,ACCT_00141,PERSON_00356,shopping,37571,VENDOR_095,shopping
TXN_004922,2025-10-17,ACCT_00353,PERSON_00411,shopping,10007,VENDOR_091,shopping
TXN_004923,2021-04-02,ACCT_00419,PERSON_00380,grocery,17901,VENDOR_024,grocery
TXN_004924,2023-06-26,ACCT_00335,PERSON_00248,transfer,229572,PERSON_00212,freight settlement
TXN_004925,2021-05-31,ACCT_00028,PERSON_00059,salary,3292,VENDOR_096,salary
TXN_004926,2026-02-26,ACCT_00179,PERSON_00332,cash withdrawal,42828,VENDOR_017,cash withdrawal
TXN_004927,2025-09-24,ACCT_00129,PERSON_00025,cash withdrawal,11359,VENDOR_025,cash withdrawal
TXN_004928,2024-12-11,ACCT_00246,PERSON_00244,grocery,23103,VENDOR_094,grocery
TXN_004929,2026-01-30,ACCT_00146,PERSON_00287,cash withdrawal,179968,PERSON_00072,vehicle advance
TXN_004930,2022-01-10,ACCT_00135,PERSON_00102,restaurant,36816,VENDOR_072,restaurant
TXN_004931,2022-10-04,ACCT_00001,PERSON_00033,gold purchase,189438,VENDOR_002,legitimate cash-intensive retail/festival activity
TXN_004932,2026-03-04,ACCT_00196,PERSON_00278,shopping,18229,VENDOR_060,shopping
TXN_004933,2024-02-23,ACCT_00273,PERSON_00080,rent,24431,VENDOR_085,rent
TXN_004934,2025-03-03,ACCT_00106,PERSON_00314,medical,14036,VENDOR_044,medical
TXN_004935,2021-03-07,ACCT_00204,PERSON_00070,settlement,407141,PERSON_00057,premium settlement
TXN_004936,2023-02-17,ACCT_00065,PERSON_00014,medical,10906,VENDOR_021,medical
TXN_004937,2023-01-16,ACCT_00074,PERSON_00293,cash withdrawal,28636,VENDOR_088,cash withdrawal
TXN_004938,2025-06-06,ACCT_00438,PERSON_00074,cash deposit,171350,VENDOR_068,legitimate cash-intensive retail/festival activity
TXN_004939,2021-12-28,ACCT_00417,PERSON_00076,transfer,87094,PERSON_00231,wholesale goods
TXN_004940,2024-05-10,ACCT_00037,PERSON_00113,festival advance,25002,VENDOR_090,legitimate cash-intensive retail/festival activity
TXN_004941,2025-07-08,ACCT_00208,PERSON_00368,mobile recharge,13367,VENDOR_072,mobile recharge
TXN_004942,2025-05-01,ACCT_00406,PERSON_00250,grocery,24981,VENDOR_034,grocery
TXN_004943,2025-08-28,ACCT_00238,PERSON_00321,grocery,40298,VENDOR_040,grocery
TXN_004944,2021-07-18,ACCT_00357,PERSON_00126,transfer,162439,PERSON_00449,transport settlement
TXN_004945,2024-11-11,ACCT_00304,PERSON_00280,restaurant,28152,VENDOR_007,restaurant
TXN_004946,2023-02-08,ACCT_00392,PERSON_00226,medical,29879,VENDOR_081,medical
TXN_004947,2025-02-12,ACCT_00083,PERSON_00220,utility,22076,VENDOR_010,utility
TXN_004948,2026-06-19,ACCT_00480,PERSON_00040,cash withdrawal,269212,PERSON_00165,transport settlement
TXN_004949,2022-10-26,ACCT_00026,PERSON_00448,cash deposit,887020,PERSON_00016,event services
TXN_004950,2026-01-22,ACCT_00388,PERSON_00149,vendor payment,638838,PERSON_00434,vehicle advance
TXN_004951,2024-05-05,ACCT_00442,PERSON_00079,cash withdrawal,24919,VENDOR_051,cash withdrawal
TXN_004952,2025-09-03,ACCT_00320,PERSON_00327,utility,913,VENDOR_060,utility
TXN_004953,2024-04-19,ACCT_00019,PERSON_00175,school fee,12038,VENDOR_058,school fee
TXN_004954,2025-09-10,ACCT_00184,PERSON_00343,cash deposit,574741,PERSON_00043,wholesale goods
TXN_004955,2021-10-26,ACCT_00197,PERSON_00169,cash deposit,476191,PERSON_00265,consultancy settlement
TXN_004956,2024-02-14,ACCT_00426,PERSON_00322,vendor payment,53648,PERSON_00010,registration/document fee
TXN_004957,2023-10-30,ACCT_00478,PERSON_00218,settlement,348900,PERSON_00402,vehicle advance
TXN_004958,2022-09-16,ACCT_00016,PERSON_00220,shopping,37467,VENDOR_053,shopping
TXN_004959,2022-01-02,ACCT_00330,PERSON_00038,salary,12390,VENDOR_069,salary
TXN_004960,2025-02-01,ACCT_00461,PERSON_00217,rent,2945,VENDOR_034,rent
TXN_004961,2026-04-30,ACCT_00142,PERSON_00179,cash deposit,81813,VENDOR_086,legitimate cash-intensive retail/festival activity
TXN_004962,2025-04-16,ACCT_00005,PERSON_00018,utility,13093,VENDOR_048,utility
TXN_004963,2026-06-29,ACCT_00230,PERSON_00191,rent,7166,VENDOR_054,rent
TXN_004964,2023-11-28,ACCT_00376,PERSON_00232,grocery,12526,VENDOR_061,grocery
TXN_004965,2023-08-16,ACCT_00084,PERSON_00133,invoice,730340,PERSON_00150,event services
TXN_004966,2026-01-06,ACCT_00009,PERSON_00057,cash withdrawal,700191,PERSON_00312,premium settlement
TXN_004967,2021-02-01,ACCT_00438,PERSON_00074,cash deposit,166463,VENDOR_059,legitimate cash-intensive retail/festival activity
TXN_004968,2022-07-13,ACCT_00324,PERSON_00283,rent,35287,VENDOR_098,rent
TXN_004969,2026-02-02,ACCT_00376,PERSON_00232,vendor payment,14229,PERSON_00387,consultancy settlement
TXN_004970,2022-11-08,ACCT_00133,PERSON_00184,cash deposit,812853,PERSON_00076,wholesale goods
TXN_004971,2025-11-29,ACCT_00046,PERSON_00183,shopping,873,VENDOR_061,shopping
TXN_004972,2021-03-17,ACCT_00167,PERSON_00088,cash deposit,23788,VENDOR_030,legitimate cash-intensive retail/festival activity
TXN_004973,2021-05-23,ACCT_00235,PERSON_00431,grocery,33814,VENDOR_062,grocery
TXN_004974,2025-05-15,ACCT_00429,PERSON_00382,mobile recharge,3077,VENDOR_017,mobile recharge
TXN_004975,2026-03-16,ACCT_00328,PERSON_00161,medical,23948,VENDOR_032,medical
TXN_004976,2023-07-29,ACCT_00095,PERSON_00012,shopping,4019,VENDOR_023,shopping
TXN_004977,2023-03-01,ACCT_00216,PERSON_00230,shopping,28583,VENDOR_027,shopping
TXN_004978,2023-09-21,ACCT_00469,PERSON_00060,cash deposit,450027,PERSON_00124,freight settlement
TXN_004979,2023-05-21,ACCT_00418,PERSON_00314,settlement,666078,PERSON_00426,freight settlement
TXN_004980,2026-04-18,ACCT_00004,PERSON_00425,mobile recharge,40965,VENDOR_069,mobile recharge
TXN_004981,2022-11-26,ACCT_00393,PERSON_00408,cash withdrawal,279,VENDOR_061,cash withdrawal
TXN_004982,2021-05-12,ACCT_00290,PERSON_00362,cash withdrawal,694189,PERSON_00070,premium settlement
TXN_004983,2024-12-20,ACCT_00284,PERSON_00238,fuel,17471,VENDOR_099,fuel
TXN_004984,2025-08-27,ACCT_00231,PERSON_00246,vendor payment,524489,PERSON_00154,site material settlement
TXN_004985,2021-03-14,ACCT_00120,PERSON_00153,school fee,38765,VENDOR_062,school fee
TXN_004986,2024-08-16,ACCT_00315,PERSON_00202,cash withdrawal,22170,VENDOR_033,cash withdrawal
TXN_004987,2023-09-29,ACCT_00277,PERSON_00182,fuel,38671,VENDOR_100,fuel
TXN_004988,2026-05-17,ACCT_00210,PERSON_00290,settlement,577859,PERSON_00146,registration/document fee
TXN_004989,2021-04-09,ACCT_00015,PERSON_00294,cash withdrawal,1817,VENDOR_091,cash withdrawal
TXN_004990,2025-09-10,ACCT_00197,PERSON_00169,transfer,554917,PERSON_00035,consultancy settlement
TXN_004991,2022-06-10,ACCT_00231,PERSON_00246,mobile recharge,17440,VENDOR_072,mobile recharge
TXN_004992,2026-05-14,ACCT_00195,PERSON_00185,rent,9508,VENDOR_006,rent
TXN_004993,2021-06-11,ACCT_00009,PERSON_00057,mobile recharge,14042,VENDOR_031,mobile recharge
TXN_004994,2024-03-31,ACCT_00102,PERSON_00173,cash withdrawal,35736,VENDOR_096,cash withdrawal
TXN_004995,2025-09-22,ACCT_00407,PERSON_00011,wholesale jewellery,160913,VENDOR_064,legitimate cash-intensive retail/festival activity
TXN_004996,2025-06-29,ACCT_00082,PERSON_00210,utility,12843,VENDOR_031,utility
TXN_004997,2026-05-30,ACCT_00188,PERSON_00348,grocery,34037,VENDOR_061,grocery
TXN_004998,2024-01-19,ACCT_00004,PERSON_00425,vendor payment,25241,PERSON_00141,transport settlement
TXN_004999,2025-04-06,ACCT_00418,PERSON_00314,medical,17516,VENDOR_021,medical
TXN_005000,2025-02-16,ACCT_00392,PERSON_00226,grocery,32206,VENDOR_094,grocery
TXN_005001,2024-05-17,ACCT_00092,PERSON_00139,transport,23722,VENDOR_020,transport
TXN_005002,2024-11-27,ACCT_00299,PERSON_00386,cash withdrawal,5861,VENDOR_037,cash withdrawal
TXN_005003,2026-04-05,ACCT_00167,PERSON_00088,supplier settlement,236238,VENDOR_021,legitimate cash-intensive retail/festival activity
TXN_005004,2021-07-10,ACCT_00448,PERSON_00032,utility,16249,VENDOR_036,utility
TXN_005005,2022-07-01,ACCT_00407,PERSON_00011,supplier settlement,307912,VENDOR_021,legitimate cash-intensive retail/festival activity
TXN_005006,2026-04-19,ACCT_00402,PERSON_00345,shopping,36635,VENDOR_083,shopping
TXN_005007,2021-11-29,ACCT_00020,PERSON_00143,cash deposit,689894,PERSON_00016,event services
TXN_005008,2024-11-16,ACCT_00067,PERSON_00150,cash deposit,31948,PERSON_00177,event services
TXN_005009,2021-10-17,ACCT_00205,PERSON_00349,shopping,14119,VENDOR_014,shopping
TXN_005010,2021-10-19,ACCT_00204,PERSON_00070,fuel,821,VENDOR_053,fuel
TXN_005011,2025-01-21,ACCT_00071,PERSON_00073,transfer,575284,PERSON_00148,consultancy settlement
TXN_005012,2025-06-05,ACCT_00017,PERSON_00088,supplier settlement,431425,VENDOR_044,legitimate cash-intensive retail/festival activity
TXN_005013,2022-01-06,ACCT_00393,PERSON_00408,grocery,16751,VENDOR_064,grocery
TXN_005014,2024-07-04,ACCT_00052,PERSON_00438,restaurant,17095,VENDOR_041,restaurant
TXN_005015,2023-02-12,ACCT_00093,PERSON_00204,transfer,789564,PERSON_00378,vehicle advance
TXN_005016,2024-09-18,ACCT_00407,PERSON_00011,gold purchase,130751,VENDOR_055,legitimate cash-intensive retail/festival activity
TXN_005017,2021-03-29,ACCT_00300,PERSON_00272,cash deposit,28835,PERSON_00127,consultancy settlement
TXN_005018,2022-12-24,ACCT_00459,PERSON_00211,grocery,39231,VENDOR_031,grocery
TXN_005019,2022-05-27,ACCT_00132,PERSON_00100,supplier settlement,293558,Family Gold Traders,legitimate cash-intensive retail/festival activity
TXN_005020,2026-01-02,ACCT_00178,PERSON_00413,cash deposit,848112,PERSON_00382,vehicle advance
TXN_005021,2023-11-28,ACCT_00041,PERSON_00354,utility,44417,VENDOR_097,utility
TXN_005022,2021-10-06,ACCT_00324,PERSON_00283,cash deposit,345248,PERSON_00383,registration/document fee
TXN_005023,2022-04-13,ACCT_00352,PERSON_00110,school fee,15142,VENDOR_070,school fee
TXN_005024,2025-06-12,ACCT_00465,PERSON_00282,transfer,165570,PERSON_00176,vehicle advance
TXN_005025,2023-02-16,ACCT_00473,PERSON_00121,invoice,841082,PERSON_00239,consultancy settlement
TXN_005026,2021-03-17,ACCT_00195,PERSON_00185,vendor payment,751725,PERSON_00306,wholesale goods
TXN_005027,2024-05-11,ACCT_00453,PERSON_00009,vendor payment,345244,PERSON_00043,wholesale goods
TXN_005028,2023-02-14,ACCT_00320,PERSON_00327,rent,41060,VENDOR_085,rent
TXN_005029,2024-01-12,ACCT_00125,PERSON_00026,shopping,17524,VENDOR_026,shopping
TXN_005030,2025-10-09,ACCT_00438,PERSON_00074,cash deposit,37313,Festival Jewel Mart,legitimate cash-intensive retail/festival activity
TXN_005031,2024-05-02,ACCT_00097,PERSON_00105,transfer,79806,PERSON_00269,registration/document fee
TXN_005032,2023-11-08,ACCT_00157,PERSON_00317,salary,5567,VENDOR_085,salary
TXN_005033,2021-11-26,ACCT_00246,PERSON_00244,festival advance,285324,VENDOR_038,legitimate cash-intensive retail/festival activity
TXN_005034,2024-09-14,ACCT_00073,PERSON_00198,cash withdrawal,35968,VENDOR_022,cash withdrawal
TXN_005035,2022-03-01,ACCT_00404,PERSON_00134,restaurant,16037,VENDOR_007,restaurant
TXN_005036,2021-01-17,ACCT_00037,PERSON_00113,festival advance,243295,VENDOR_044,legitimate cash-intensive retail/festival activity
TXN_005037,2025-10-24,ACCT_00349,PERSON_00384,salary,1015,VENDOR_038,salary
TXN_005038,2023-03-01,ACCT_00246,PERSON_00244,grocery,39067,VENDOR_087,grocery
TXN_005039,2022-10-28,ACCT_00471,PERSON_00353,cash deposit,11143,PERSON_00035,consultancy settlement
TXN_005040,2023-01-30,ACCT_00314,PERSON_00189,fuel,7419,VENDOR_022,fuel
TXN_005041,2022-07-09,ACCT_00270,PERSON_00306,cash deposit,340285,PERSON_00076,wholesale goods
TXN_005042,2021-10-07,ACCT_00239,PERSON_00401,transfer,194215,PERSON_00148,consultancy settlement
TXN_005043,2021-03-19,ACCT_00438,PERSON_00074,supplier settlement,125329,VENDOR_051,legitimate cash-intensive retail/festival activity
TXN_005044,2024-12-04,ACCT_00351,PERSON_00163,transport,33430,VENDOR_033,transport
TXN_005045,2022-03-23,ACCT_00377,PERSON_00417,cash deposit,406169,Festival Jewel Mart,legitimate cash-intensive retail/festival activity
TXN_005046,2024-03-05,ACCT_00209,PERSON_00227,transfer,189638,PERSON_00256,site material settlement
TXN_005047,2021-07-04,ACCT_00468,PERSON_00398,salary,28926,VENDOR_044,salary
TXN_005048,2023-10-15,ACCT_00227,PERSON_00023,supplier settlement,340884,VENDOR_022,legitimate cash-intensive retail/festival activity
TXN_005049,2021-04-07,ACCT_00332,PERSON_00240,rent,32460,VENDOR_044,rent
TXN_005050,2025-08-22,ACCT_00462,PERSON_00186,settlement,398307,PERSON_00375,consultancy settlement
TXN_005051,2023-11-04,ACCT_00197,PERSON_00169,invoice,639515,PERSON_00090,consultancy settlement
TXN_005052,2023-07-03,ACCT_00436,PERSON_00199,fuel,29727,VENDOR_017,fuel
TXN_002882,2025-07-14,ACCT_00253,PERSON_00072,transfer,109966,PERSON_00393,intermediary settlement
TXN_005054,2025-12-22,ACCT_00120,PERSON_00153,restaurant,36045,VENDOR_050,restaurant
TXN_005055,2023-04-07,ACCT_00018,PERSON_00156,medical,12572,VENDOR_012,medical
TXN_005056,2022-07-08,ACCT_00323,PERSON_00302,rent,505,VENDOR_090,rent
TXN_005057,2022-01-22,ACCT_00026,PERSON_00448,mobile recharge,12053,VENDOR_087,mobile recharge
TXN_005058,2021-11-27,ACCT_00353,PERSON_00411,transfer,89818,PERSON_00143,event services
TXN_005059,2022-08-24,ACCT_00001,PERSON_00033,vendor payment,806328,PERSON_00391,registration/document fee
TXN_005060,2021-06-17,ACCT_00024,PERSON_00201,cash withdrawal,673318,PERSON_00398,transport settlement
TXN_005061,2025-04-16,ACCT_00405,PERSON_00329,cash withdrawal,15821,VENDOR_090,cash withdrawal
TXN_005062,2026-06-01,ACCT_00174,PERSON_00414,cash withdrawal,22323,VENDOR_014,cash withdrawal
TXN_005063,2021-03-09,ACCT_00142,PERSON_00179,cash deposit,430577,PERSON_00391,registration/document fee
TXN_005064,2026-02-14,ACCT_00220,PERSON_00259,medical,41240,VENDOR_074,medical
TXN_005065,2024-08-28,ACCT_00084,PERSON_00133,cash withdrawal,479863,PERSON_00143,event services
TXN_005066,2021-01-26,ACCT_00231,PERSON_00246,cash withdrawal,365636,PERSON_00376,site material settlement
TXN_005067,2025-04-18,ACCT_00163,PERSON_00255,mobile recharge,38873,VENDOR_029,mobile recharge
TXN_005068,2024-12-17,ACCT_00325,PERSON_00145,cash withdrawal,35174,VENDOR_087,cash withdrawal
TXN_005069,2023-08-13,ACCT_00184,PERSON_00343,invoice,529157,PERSON_00360,wholesale goods
TXN_005070,2022-03-06,ACCT_00184,PERSON_00343,medical,25421,VENDOR_006,medical
TXN_005071,2022-10-14,ACCT_00323,PERSON_00302,cash withdrawal,18453,VENDOR_059,cash withdrawal
TXN_005072,2023-12-30,ACCT_00477,PERSON_00031,medical,40013,VENDOR_015,medical
TXN_005073,2021-11-29,ACCT_00212,PERSON_00247,restaurant,21181,VENDOR_042,restaurant
TXN_005074,2021-10-06,ACCT_00372,PERSON_00028,vendor payment,285998,PERSON_00078,wholesale goods
TXN_005075,2023-10-01,ACCT_00063,PERSON_00400,invoice,491657,PERSON_00290,registration/document fee
TXN_005076,2022-05-07,ACCT_00029,PERSON_00037,cash withdrawal,15252,VENDOR_097,cash withdrawal
TXN_005077,2024-12-06,ACCT_00362,PERSON_00147,transfer,58805,PERSON_00288,transport settlement
TXN_005078,2024-04-25,ACCT_00081,PERSON_00242,shopping,14942,VENDOR_084,shopping
TXN_005079,2022-10-18,ACCT_00162,PERSON_00376,rent,6254,VENDOR_065,rent
TXN_005080,2024-04-09,ACCT_00363,PERSON_00122,cash withdrawal,43832,VENDOR_061,cash withdrawal
TXN_005081,2023-06-07,ACCT_00214,PERSON_00277,restaurant,13035,VENDOR_093,restaurant
TXN_005082,2025-02-06,ACCT_00149,PERSON_00380,medical,1059,VENDOR_075,medical
TXN_005083,2021-01-31,ACCT_00230,PERSON_00191,medical,28020,VENDOR_071,medical
TXN_005084,2023-11-01,ACCT_00019,PERSON_00175,mobile recharge,14169,VENDOR_034,mobile recharge
TXN_005085,2021-08-03,ACCT_00086,PERSON_00206,grocery,2137,VENDOR_073,grocery
TXN_005086,2023-11-17,ACCT_00355,PERSON_00263,settlement,588446,PERSON_00259,premium settlement
TXN_005087,2023-09-02,ACCT_00053,PERSON_00152,rent,39568,VENDOR_071,rent
TXN_005088,2021-12-28,ACCT_00239,PERSON_00401,rent,24636,VENDOR_070,rent
TXN_005089,2024-08-26,ACCT_00246,PERSON_00244,supplier settlement,141281,Festival Jewel Mart,legitimate cash-intensive retail/festival activity
TXN_005090,2025-01-16,ACCT_00388,PERSON_00149,salary,9505,VENDOR_051,salary
TXN_005091,2024-04-07,ACCT_00004,PERSON_00425,cash withdrawal,325376,PERSON_00082,transport settlement
TXN_005092,2022-09-18,ACCT_00061,PERSON_00102,transfer,77551,PERSON_00040,transport settlement
TXN_005093,2023-06-30,ACCT_00082,PERSON_00210,restaurant,12949,VENDOR_014,restaurant
TXN_005094,2021-09-19,ACCT_00101,PERSON_00160,cash withdrawal,40884,VENDOR_058,cash withdrawal
TXN_005095,2023-01-23,ACCT_00408,PERSON_00407,rent,7539,VENDOR_017,rent
TXN_005096,2025-12-30,ACCT_00331,PERSON_00140,rent,16178,VENDOR_082,rent
TXN_005097,2021-11-24,ACCT_00013,PERSON_00090,settlement,176412,PERSON_00265,consultancy settlement
TXN_005098,2023-10-30,ACCT_00386,PERSON_00276,transfer,144719,PERSON_00248,freight settlement
TXN_005099,2024-06-18,ACCT_00345,PERSON_00064,cash withdrawal,3394,VENDOR_092,cash withdrawal
TXN_005100,2024-12-17,ACCT_00052,PERSON_00438,settlement,390545,PERSON_00176,vehicle advance
TXN_005101,2025-08-03,ACCT_00194,PERSON_00077,salary,35542,VENDOR_057,salary
TXN_005102,2022-06-05,ACCT_00245,PERSON_00151,invoice,899117,PERSON_00073,consultancy settlement
TXN_005103,2025-01-12,ACCT_00076,PERSON_00441,grocery,14588,VENDOR_003,grocery
TXN_005104,2021-01-04,ACCT_00381,PERSON_00200,mobile recharge,12691,VENDOR_093,mobile recharge
TXN_005105,2024-06-17,ACCT_00133,PERSON_00184,rent,8915,VENDOR_059,rent
TXN_005106,2021-03-30,ACCT_00290,PERSON_00362,vendor payment,85570,PERSON_00263,premium settlement
TXN_005107,2021-07-08,ACCT_00297,PERSON_00440,transport,20741,VENDOR_017,transport
TXN_005108,2022-10-03,ACCT_00307,PERSON_00305,mobile recharge,31131,VENDOR_077,mobile recharge
TXN_005109,2026-01-15,ACCT_00026,PERSON_00448,utility,17004,VENDOR_042,utility
TXN_005110,2021-08-02,ACCT_00407,PERSON_00011,supplier settlement,209171,VENDOR_031,legitimate cash-intensive retail/festival activity
TXN_005111,2023-06-02,ACCT_00022,PERSON_00372,shopping,37196,VENDOR_017,shopping
TXN_005112,2023-06-24,ACCT_00204,PERSON_00070,shopping,25674,VENDOR_079,shopping
TXN_005113,2024-04-28,ACCT_00282,PERSON_00436,rent,26774,VENDOR_011,rent
TXN_005114,2022-12-21,ACCT_00357,PERSON_00126,salary,29095,VENDOR_093,salary
TXN_005115,2022-07-07,ACCT_00232,PERSON_00416,salary,32881,VENDOR_087,salary
TXN_005116,2023-03-16,ACCT_00263,PERSON_00034,grocery,41392,VENDOR_095,grocery
TXN_005117,2023-07-04,ACCT_00114,PERSON_00194,rent,14147,VENDOR_017,rent
TXN_005118,2022-01-28,ACCT_00229,PERSON_00094,transfer,483972,PERSON_00364,site material settlement
TXN_005119,2023-04-05,ACCT_00480,PERSON_00040,medical,218,VENDOR_091,medical
TXN_005120,2023-05-31,ACCT_00018,PERSON_00156,school fee,18116,VENDOR_009,school fee
TXN_005121,2026-05-03,ACCT_00400,PERSON_00296,cash withdrawal,28615,VENDOR_040,cash withdrawal
TXN_005122,2021-04-16,ACCT_00407,PERSON_00011,supplier settlement,75787,VENDOR_086,legitimate cash-intensive retail/festival activity
TXN_005123,2023-06-23,ACCT_00192,PERSON_00405,cash withdrawal,503952,PERSON_00345,vehicle advance
TXN_005124,2022-02-08,ACCT_00456,PERSON_00142,cash withdrawal,31063,VENDOR_008,cash withdrawal
TXN_005125,2024-08-05,ACCT_00014,PERSON_00088,festival advance,401833,VENDOR_082,legitimate cash-intensive retail/festival activity
TXN_005126,2023-09-05,ACCT_00081,PERSON_00242,shopping,41462,VENDOR_019,shopping
TXN_005127,2025-02-28,ACCT_00072,PERSON_00418,grocery,35130,VENDOR_030,grocery
TXN_005128,2021-03-22,ACCT_00025,PERSON_00315,salary,31971,VENDOR_079,salary
TXN_005129,2022-04-13,ACCT_00035,PERSON_00228,transfer,38970,PERSON_00072,consultancy settlement
TXN_005130,2022-08-27,ACCT_00132,PERSON_00100,gold purchase,152005,VENDOR_006,legitimate cash-intensive retail/festival activity
TXN_005131,2024-09-12,ACCT_00401,PERSON_00210,rent,35277,VENDOR_023,rent
TXN_005132,2025-05-16,ACCT_00474,PERSON_00116,fuel,25457,VENDOR_094,fuel
TXN_005133,2022-03-14,ACCT_00059,PERSON_00390,cash deposit,533903,PERSON_00102,event services
TXN_005134,2023-03-20,ACCT_00358,PERSON_00085,fuel,44905,VENDOR_084,fuel
TXN_005135,2021-05-19,ACCT_00286,PERSON_00104,restaurant,3611,VENDOR_099,restaurant
TXN_005136,2024-12-12,ACCT_00367,PERSON_00256,shopping,38293,VENDOR_018,shopping
TXN_005137,2021-02-22,ACCT_00473,PERSON_00121,vendor payment,455966,PERSON_00379,consultancy settlement
TXN_005138,2025-08-03,ACCT_00142,PERSON_00179,gold purchase,355391,VENDOR_083,legitimate cash-intensive retail/festival activity
TXN_005139,2025-02-02,ACCT_00407,PERSON_00011,supplier settlement,283458,VENDOR_026,legitimate cash-intensive retail/festival activity
TXN_000899,2023-09-08,ACCT_00102,PERSON_00173,transfer,124025,PERSON_00320,intermediary settlement
TXN_005141,2024-10-17,ACCT_00105,PERSON_00212,shopping,3448,VENDOR_074,shopping
TXN_005142,2021-02-05,ACCT_00037,PERSON_00113,cash deposit,327172,VENDOR_065,legitimate cash-intensive retail/festival activity
TXN_005143,2021-06-04,ACCT_00371,PERSON_00004,grocery,34573,VENDOR_035,grocery
TXN_005144,2025-02-04,ACCT_00137,PERSON_00432,shopping,40969,VENDOR_077,shopping
TXN_005145,2023-02-22,ACCT_00386,PERSON_00276,cash withdrawal,5596,VENDOR_055,cash withdrawal
TXN_005146,2022-08-31,ACCT_00358,PERSON_00085,fuel,4817,VENDOR_031,fuel
TXN_005147,2023-02-12,ACCT_00084,PERSON_00133,transfer,167519,PERSON_00188,event services
TXN_005148,2025-07-12,ACCT_00001,PERSON_00033,wholesale jewellery,422306,VENDOR_093,legitimate cash-intensive retail/festival activity
TXN_005149,2026-05-08,ACCT_00038,PERSON_00254,shopping,36093,VENDOR_041,shopping
TXN_005150,2021-05-23,ACCT_00177,PERSON_00209,transport,1156,VENDOR_093,transport
TXN_005151,2025-11-18,ACCT_00179,PERSON_00332,mobile recharge,27314,VENDOR_085,mobile recharge
TXN_005152,2022-11-12,ACCT_00195,PERSON_00185,cash withdrawal,13627,VENDOR_081,cash withdrawal
TXN_005153,2025-07-31,ACCT_00071,PERSON_00073,invoice,831160,PERSON_00127,consultancy settlement
TXN_005154,2023-07-30,ACCT_00432,PERSON_00170,grocery,37266,VENDOR_016,grocery
TXN_005155,2025-07-20,ACCT_00019,PERSON_00175,settlement,180046,PERSON_00175,vehicle advance
TXN_005156,2022-07-06,ACCT_00233,PERSON_00344,settlement,595301,PERSON_00314,freight settlement
TXN_005157,2025-05-22,ACCT_00372,PERSON_00028,shopping,7259,VENDOR_008,shopping
TXN_005158,2022-04-01,ACCT_00383,PERSON_00347,festival advance,186031,VENDOR_086,legitimate cash-intensive retail/festival activity
TXN_005159,2025-06-14,ACCT_00144,PERSON_00312,vendor payment,49071,PERSON_00416,premium settlement
TXN_005160,2025-07-27,ACCT_00130,PERSON_00416,cash withdrawal,358899,PERSON_00312,premium settlement
TXN_005161,2021-12-06,ACCT_00086,PERSON_00206,restaurant,36931,VENDOR_093,restaurant
TXN_005162,2023-12-18,ACCT_00445,PERSON_00259,transport,42558,VENDOR_100,transport
TXN_005163,2021-01-03,ACCT_00075,PERSON_00271,fuel,4977,VENDOR_018,fuel
TXN_005164,2024-04-22,ACCT_00132,PERSON_00100,cash deposit,291038,VENDOR_004,legitimate cash-intensive retail/festival activity
TXN_005165,2021-12-19,ACCT_00277,PERSON_00182,fuel,29614,VENDOR_082,fuel
TXN_005166,2021-02-28,ACCT_00117,PERSON_00155,rent,31725,VENDOR_089,rent
TXN_005167,2024-12-23,ACCT_00266,PERSON_00402,salary,2176,VENDOR_018,salary
TXN_005168,2024-09-20,ACCT_00052,PERSON_00438,mobile recharge,15739,VENDOR_017,mobile recharge
TXN_005169,2021-08-22,ACCT_00096,PERSON_00139,vendor payment,788812,PERSON_00091,transport settlement
TXN_005170,2026-02-11,ACCT_00442,PERSON_00079,grocery,13549,VENDOR_003,grocery
TXN_005171,2023-03-19,ACCT_00195,PERSON_00185,medical,16666,VENDOR_026,medical
TXN_005172,2023-08-10,ACCT_00001,PERSON_00033,festival advance,327491,VENDOR_094,legitimate cash-intensive retail/festival activity
TXN_005173,2024-05-25,ACCT_00471,PERSON_00353,fuel,17046,VENDOR_026,fuel
TXN_005174,2021-03-23,ACCT_00387,PERSON_00361,transport,4495,VENDOR_042,transport
TXN_005175,2023-09-16,ACCT_00436,PERSON_00199,medical,15855,VENDOR_100,medical
TXN_005176,2022-12-17,ACCT_00160,PERSON_00417,festival advance,108144,VENDOR_068,legitimate cash-intensive retail/festival activity
TXN_005177,2022-10-13,ACCT_00310,PERSON_00162,rent,36843,VENDOR_055,rent
TXN_005178,2025-11-21,ACCT_00119,PERSON_00318,transfer,795571,PERSON_00072,consultancy settlement
TXN_005179,2025-07-19,ACCT_00431,PERSON_00346,cash withdrawal,57889,PERSON_00287,vehicle advance
TXN_005180,2021-08-28,ACCT_00463,PERSON_00125,cash deposit,273459,PERSON_00374,event services
TXN_005181,2022-12-06,ACCT_00197,PERSON_00169,restaurant,10761,VENDOR_098,restaurant
TXN_005182,2023-10-22,ACCT_00196,PERSON_00278,rent,15413,VENDOR_047,rent
TXN_005183,2025-04-15,ACCT_00012,PERSON_00449,cash withdrawal,44439,VENDOR_013,cash withdrawal
TXN_005184,2024-04-19,ACCT_00232,PERSON_00416,cash withdrawal,505977,PERSON_00159,premium settlement
TXN_005185,2025-06-15,ACCT_00353,PERSON_00411,rent,43977,VENDOR_003,rent
TXN_005186,2021-05-13,ACCT_00242,PERSON_00124,cash withdrawal,25862,VENDOR_008,cash withdrawal
TXN_005187,2025-01-31,ACCT_00220,PERSON_00259,cash withdrawal,742734,PERSON_00178,premium settlement
TXN_005188,2025-12-29,ACCT_00304,PERSON_00280,salary,18971,VENDOR_059,salary
TXN_005189,2022-01-23,ACCT_00380,PERSON_00178,cash deposit,171431,PERSON_00011,premium settlement
TXN_005190,2021-06-17,ACCT_00097,PERSON_00105,medical,22673,VENDOR_031,medical
TXN_005191,2024-11-27,ACCT_00420,PERSON_00159,invoice,596634,PERSON_00263,premium settlement
TXN_005192,2025-08-29,ACCT_00372,PERSON_00028,settlement,409656,PERSON_00306,wholesale goods
TXN_005193,2023-01-08,ACCT_00142,PERSON_00179,festival advance,212926,VENDOR_071,legitimate cash-intensive retail/festival activity
TXN_005194,2026-05-26,ACCT_00269,PERSON_00101,salary,32861,VENDOR_036,salary
TXN_005195,2024-11-07,ACCT_00174,PERSON_00414,grocery,10926,VENDOR_039,grocery
TXN_005196,2025-11-18,ACCT_00215,PERSON_00078,school fee,8847,VENDOR_005,school fee
TXN_005197,2021-06-14,ACCT_00072,PERSON_00418,rent,20970,VENDOR_096,rent
TXN_005198,2021-10-04,ACCT_00322,PERSON_00429,cash deposit,173254,PERSON_00411,event services
TXN_005199,2022-03-28,ACCT_00279,PERSON_00212,transfer,545222,PERSON_00060,freight settlement
TXN_005200,2024-07-14,ACCT_00351,PERSON_00163,vendor payment,768364,PERSON_00325,service commission
TXN_005201,2025-05-05,ACCT_00057,PERSON_00311,shopping,9206,VENDOR_048,shopping
TXN_005202,2021-05-17,ACCT_00227,PERSON_00023,gold purchase,357149,VENDOR_021,legitimate cash-intensive retail/festival activity
TXN_005203,2022-06-02,ACCT_00241,PERSON_00430,settlement,311851,PERSON_00243,service commission
TXN_005204,2024-11-14,ACCT_00026,PERSON_00448,rent,9546,VENDOR_048,rent
TXN_005205,2023-11-14,ACCT_00163,PERSON_00255,grocery,27641,VENDOR_001,grocery
TXN_005206,2024-07-07,ACCT_00130,PERSON_00416,cash deposit,523185,PERSON_00178,premium settlement
TXN_005207,2021-12-16,ACCT_00150,PERSON_00231,grocery,6227,VENDOR_083,grocery
TXN_005208,2021-11-20,ACCT_00012,PERSON_00449,school fee,33855,VENDOR_085,school fee
TXN_005209,2025-04-07,ACCT_00317,PERSON_00304,medical,9217,VENDOR_072,medical
TXN_005210,2024-07-08,ACCT_00146,PERSON_00287,transport,7026,VENDOR_010,transport
TXN_005211,2023-03-14,ACCT_00164,PERSON_00229,invoice,871376,PERSON_00170,service commission
TXN_005212,2024-12-07,ACCT_00193,PERSON_00135,salary,42936,VENDOR_011,salary
TXN_005213,2021-11-12,ACCT_00142,PERSON_00179,festival advance,55375,VENDOR_075,legitimate cash-intensive retail/festival activity
TXN_005214,2025-03-13,ACCT_00189,PERSON_00373,salary,41700,VENDOR_032,salary
TXN_005215,2023-09-04,ACCT_00193,PERSON_00135,mobile recharge,13694,VENDOR_062,mobile recharge
TXN_005216,2022-10-20,ACCT_00271,PERSON_00050,cash deposit,209409,PERSON_00344,freight settlement
TXN_005217,2024-07-26,ACCT_00035,PERSON_00228,cash withdrawal,789458,PERSON_00173,consultancy settlement
TXN_005218,2021-06-11,ACCT_00266,PERSON_00402,vendor payment,318697,PERSON_00382,vehicle advance
TXN_005219,2023-03-24,ACCT_00215,PERSON_00078,transfer,211921,PERSON_00028,wholesale goods
TXN_005220,2022-05-21,ACCT_00440,PERSON_00421,cash withdrawal,4190,VENDOR_037,cash withdrawal
TXN_005221,2022-12-29,ACCT_00067,PERSON_00150,transfer,695655,PERSON_00016,event services
TXN_005222,2025-10-20,ACCT_00407,PERSON_00011,gold purchase,418988,VENDOR_079,legitimate cash-intensive retail/festival activity
TXN_005223,2021-01-30,ACCT_00314,PERSON_00189,utility,32633,VENDOR_028,utility
TXN_005224,2025-04-05,ACCT_00372,PERSON_00028,transfer,10803,PERSON_00343,wholesale goods
TXN_005225,2024-09-25,ACCT_00074,PERSON_00293,salary,10047,VENDOR_071,salary
TXN_005226,2025-05-22,ACCT_00266,PERSON_00402,medical,41190,VENDOR_045,medical
TXN_005227,2021-04-17,ACCT_00347,PERSON_00291,grocery,6243,VENDOR_054,grocery
TXN_005228,2022-05-27,ACCT_00465,PERSON_00282,mobile recharge,19310,VENDOR_069,mobile recharge
TXN_005229,2026-05-22,ACCT_00479,PERSON_00082,cash withdrawal,33927,VENDOR_016,cash withdrawal
TXN_005230,2025-08-31,ACCT_00227,PERSON_00023,cash deposit,193533,VENDOR_074,legitimate cash-intensive retail/festival activity
TXN_005231,2022-08-01,ACCT_00316,PERSON_00237,vendor payment,783871,PERSON_00283,registration/document fee
TXN_005232,2024-08-09,ACCT_00208,PERSON_00368,shopping,459,VENDOR_092,shopping
TXN_005233,2024-08-17,ACCT_00264,PERSON_00015,transport,1658,VENDOR_010,transport
TXN_005234,2021-12-16,ACCT_00305,PERSON_00020,cash deposit,403957,PERSON_00101,service commission
TXN_005235,2022-06-26,ACCT_00020,PERSON_00143,school fee,13191,VENDOR_048,school fee
TXN_005236,2022-11-21,ACCT_00265,PERSON_00093,school fee,15580,VENDOR_026,school fee
TXN_005237,2021-04-17,ACCT_00165,PERSON_00242,salary,29941,VENDOR_054,salary
TXN_005238,2021-01-26,ACCT_00005,PERSON_00018,cash withdrawal,40584,VENDOR_013,cash withdrawal
TXN_005239,2021-05-01,ACCT_00415,PERSON_00309,settlement,95979,PERSON_00212,freight settlement
TXN_005240,2025-12-09,ACCT_00164,PERSON_00229,shopping,26373,VENDOR_064,shopping
TXN_005241,2026-06-21,ACCT_00438,PERSON_00074,supplier settlement,224012,VENDOR_086,legitimate cash-intensive retail/festival activity
TXN_005242,2023-11-14,ACCT_00431,PERSON_00346,vendor payment,45563,PERSON_00146,registration/document fee
TXN_005243,2026-05-22,ACCT_00456,PERSON_00142,school fee,16536,VENDOR_076,school fee
TXN_005244,2026-02-10,ACCT_00185,PERSON_00412,grocery,2132,VENDOR_025,grocery
TXN_005245,2023-12-06,ACCT_00377,PERSON_00417,supplier settlement,269453,VENDOR_065,legitimate cash-intensive retail/festival activity
TXN_005246,2025-10-03,ACCT_00451,PERSON_00281,invoice,82095,PERSON_00010,registration/document fee
TXN_005247,2025-09-05,ACCT_00380,PERSON_00178,cash withdrawal,651932,PERSON_00015,freight settlement
TXN_005248,2024-07-10,ACCT_00161,PERSON_00030,cash deposit,491066,PERSON_00165,transport settlement
TXN_005249,2026-01-08,ACCT_00112,PERSON_00351,salary,8381,VENDOR_011,salary
TXN_005250,2025-05-15,ACCT_00354,PERSON_00164,shopping,10746,VENDOR_075,shopping
TXN_005251,2024-03-20,ACCT_00418,PERSON_00314,cash deposit,660872,PERSON_00060,freight settlement
TXN_005252,2023-02-20,ACCT_00026,PERSON_00448,vendor payment,705027,PERSON_00390,event services
TXN_005253,2022-11-08,ACCT_00260,PERSON_00261,shopping,38534,VENDOR_023,shopping
TXN_005254,2023-03-15,ACCT_00010,PERSON_00325,fuel,9019,VENDOR_055,fuel
TXN_005255,2022-04-28,ACCT_00407,PERSON_00011,invoice,552498,PERSON_00220,premium settlement
TXN_005256,2021-12-28,ACCT_00195,PERSON_00185,vendor payment,141216,PERSON_00231,wholesale goods
TXN_005257,2023-01-29,ACCT_00377,PERSON_00417,festival advance,328699,VENDOR_021,legitimate cash-intensive retail/festival activity
TXN_005258,2025-03-07,ACCT_00202,PERSON_00149,utility,4096,VENDOR_050,utility
TXN_005259,2021-04-22,ACCT_00279,PERSON_00212,transfer,669472,PERSON_00309,freight settlement
TXN_005260,2023-02-02,ACCT_00136,PERSON_00042,rent,28529,VENDOR_025,rent
TXN_005261,2024-11-21,ACCT_00408,PERSON_00407,settlement,563557,PERSON_00220,premium settlement
TXN_005262,2024-12-14,ACCT_00264,PERSON_00015,salary,5847,VENDOR_002,salary
TXN_005263,2022-05-22,ACCT_00322,PERSON_00429,utility,25097,VENDOR_054,utility
TXN_005264,2023-03-31,ACCT_00227,PERSON_00023,cash deposit,440208,VENDOR_041,legitimate cash-intensive retail/festival activity
TXN_005265,2024-05-22,ACCT_00459,PERSON_00211,salary,8365,VENDOR_060,salary
TXN_005266,2026-04-14,ACCT_00343,PERSON_00303,cash withdrawal,9076,VENDOR_066,cash withdrawal
TXN_005267,2022-07-23,ACCT_00227,PERSON_00023,wholesale jewellery,264466,VENDOR_037,legitimate cash-intensive retail/festival activity
TXN_005268,2021-11-16,ACCT_00019,PERSON_00175,cash deposit,155856,PERSON_00405,vehicle advance
TXN_005269,2024-01-28,ACCT_00037,PERSON_00113,wholesale jewellery,196098,VENDOR_061,legitimate cash-intensive retail/festival activity
TXN_005270,2025-08-16,ACCT_00019,PERSON_00175,vendor payment,124270,PERSON_00378,vehicle advance
TXN_005271,2021-08-18,ACCT_00377,PERSON_00417,wholesale jewellery,110369,Festival Jewel Mart,legitimate cash-intensive retail/festival activity
TXN_005272,2021-10-14,ACCT_00357,PERSON_00126,restaurant,5415,VENDOR_030,restaurant
TXN_005273,2023-12-10,ACCT_00342,PERSON_00045,grocery,25856,VENDOR_006,grocery
TXN_005274,2022-07-25,ACCT_00360,PERSON_00192,settlement,127014,PERSON_00336,wholesale goods
TXN_005275,2021-08-01,ACCT_00139,PERSON_00330,restaurant,11084,VENDOR_015,restaurant
TXN_005276,2024-05-31,ACCT_00417,PERSON_00076,invoice,613369,PERSON_00231,wholesale goods
TXN_005277,2024-07-31,ACCT_00214,PERSON_00277,medical,7989,VENDOR_013,medical
TXN_005278,2022-05-28,ACCT_00016,PERSON_00220,transport,33604,VENDOR_068,transport
TXN_005279,2021-04-03,ACCT_00407,PERSON_00011,festival advance,320682,VENDOR_059,legitimate cash-intensive retail/festival activity
TXN_005280,2021-08-14,ACCT_00351,PERSON_00163,rent,448,VENDOR_065,rent
TXN_005281,2026-06-09,ACCT_00004,PERSON_00425,cash withdrawal,515417,PERSON_00331,transport settlement
TXN_005282,2024-12-16,ACCT_00469,PERSON_00060,cash withdrawal,41230,VENDOR_048,cash withdrawal
TXN_005283,2021-08-19,ACCT_00244,PERSON_00221,settlement,210975,PERSON_00169,consultancy settlement
TXN_005284,2022-09-16,ACCT_00217,PERSON_00284,medical,40612,VENDOR_045,medical
TXN_005285,2024-06-30,ACCT_00460,PERSON_00336,shopping,40328,VENDOR_055,shopping
TXN_005286,2024-08-29,ACCT_00350,PERSON_00059,shopping,18022,VENDOR_098,shopping
TXN_005287,2026-05-26,ACCT_00227,PERSON_00023,cash withdrawal,11680,VENDOR_011,cash withdrawal
TXN_005288,2024-06-11,ACCT_00346,PERSON_00359,mobile recharge,41184,VENDOR_066,mobile recharge
TXN_005289,2021-01-28,ACCT_00167,PERSON_00088,wholesale jewellery,307957,VENDOR_055,legitimate cash-intensive retail/festival activity
TXN_005290,2021-10-24,ACCT_00080,PERSON_00137,medical,15970,VENDOR_004,medical
TXN_005291,2023-09-04,ACCT_00009,PERSON_00057,cash deposit,46815,PERSON_00385,premium settlement
TXN_005292,2023-06-03,ACCT_00364,PERSON_00103,grocery,12296,VENDOR_100,grocery
TXN_005293,2025-04-03,ACCT_00343,PERSON_00303,shopping,37219,VENDOR_040,shopping
TXN_005294,2025-09-10,ACCT_00473,PERSON_00121,cash withdrawal,16111,VENDOR_003,cash withdrawal
TXN_005295,2021-12-29,ACCT_00407,PERSON_00011,mobile recharge,18230,VENDOR_045,mobile recharge
TXN_005296,2026-01-29,ACCT_00078,PERSON_00428,utility,20827,VENDOR_081,utility
TXN_005297,2022-12-04,ACCT_00053,PERSON_00152,restaurant,13593,VENDOR_068,restaurant
TXN_005298,2024-06-10,ACCT_00127,PERSON_00198,rent,14662,VENDOR_049,rent
TXN_005299,2024-12-15,ACCT_00265,PERSON_00093,medical,35525,VENDOR_092,medical
TXN_005300,2023-07-11,ACCT_00320,PERSON_00327,fuel,16935,VENDOR_008,fuel
TXN_005301,2022-05-04,ACCT_00295,PERSON_00269,invoice,768861,PERSON_00391,registration/document fee
TXN_005302,2024-09-15,ACCT_00285,PERSON_00203,settlement,23049,PERSON_00163,service commission
TXN_005303,2021-04-21,ACCT_00329,PERSON_00069,transfer,14291,PERSON_00370,service commission
TXN_005304,2025-05-03,ACCT_00360,PERSON_00192,school fee,8017,VENDOR_049,school fee
TXN_005305,2021-05-17,ACCT_00152,PERSON_00219,fuel,42571,VENDOR_028,fuel
TXN_005306,2025-03-09,ACCT_00457,PERSON_00300,rent,2000,VENDOR_050,rent
TXN_005307,2025-10-25,ACCT_00430,PERSON_00025,school fee,37589,VENDOR_034,school fee
TXN_005308,2026-06-25,ACCT_00144,PERSON_00312,transfer,532224,PERSON_00178,premium settlement
TXN_005309,2025-04-07,ACCT_00150,PERSON_00231,grocery,38412,VENDOR_056,grocery
TXN_002707,2023-09-19,ACCT_00253,PERSON_00072,transfer,80377,PERSON_00176,intermediary settlement
TXN_005311,2025-02-05,ACCT_00031,PERSON_00223,vendor payment,398900,PERSON_00145,site material settlement
TXN_005312,2023-11-16,ACCT_00093,PERSON_00204,shopping,10958,VENDOR_044,shopping
TXN_005313,2024-07-04,ACCT_00451,PERSON_00281,transfer,894187,PERSON_00391,registration/document fee
TXN_005314,2025-02-06,ACCT_00059,PERSON_00390,salary,24301,VENDOR_058,salary
TXN_005315,2022-06-08,ACCT_00442,PERSON_00079,cash withdrawal,401264,PERSON_00225,consultancy settlement
TXN_005316,2023-08-13,ACCT_00454,PERSON_00119,rent,7328,VENDOR_047,rent
TXN_005317,2023-01-13,ACCT_00379,PERSON_00326,transport,10913,VENDOR_046,transport
TXN_005318,2026-06-26,ACCT_00230,PERSON_00191,cash withdrawal,31363,VENDOR_009,cash withdrawal
TXN_005319,2025-05-27,ACCT_00301,PERSON_00251,cash withdrawal,10696,VENDOR_036,cash withdrawal
TXN_005320,2024-12-23,ACCT_00017,PERSON_00088,gold purchase,91714,VENDOR_045,legitimate cash-intensive retail/festival activity
TXN_005321,2024-04-04,ACCT_00407,PERSON_00011,festival advance,315873,VENDOR_077,legitimate cash-intensive retail/festival activity
TXN_005322,2024-07-21,ACCT_00413,PERSON_00233,mobile recharge,31136,VENDOR_015,mobile recharge
TXN_005323,2024-06-18,ACCT_00438,PERSON_00074,cash deposit,291512,VENDOR_059,legitimate cash-intensive retail/festival activity
TXN_005324,2023-01-11,ACCT_00245,PERSON_00151,restaurant,12861,VENDOR_032,restaurant
TXN_005325,2025-06-27,ACCT_00242,PERSON_00124,shopping,30057,VENDOR_079,shopping
TXN_005326,2022-10-12,ACCT_00287,PERSON_00071,vendor payment,298182,PERSON_00288,transport settlement
TXN_005327,2021-10-20,ACCT_00244,PERSON_00221,mobile recharge,25718,VENDOR_096,mobile recharge
TXN_005328,2023-07-19,ACCT_00151,PERSON_00335,fuel,10789,VENDOR_032,fuel
TXN_005329,2026-03-30,ACCT_00041,PERSON_00354,mobile recharge,8475,VENDOR_068,mobile recharge
TXN_005330,2023-09-20,ACCT_00331,PERSON_00140,fuel,5179,VENDOR_096,fuel
TXN_005331,2026-05-29,ACCT_00037,PERSON_00113,wholesale jewellery,233594,VENDOR_045,legitimate cash-intensive retail/festival activity
TXN_005332,2022-04-21,ACCT_00424,PERSON_00055,transfer,647935,PERSON_00102,event services
TXN_005333,2021-11-23,ACCT_00069,PERSON_00165,cash deposit,805236,PERSON_00331,transport settlement
TXN_005334,2023-08-21,ACCT_00102,PERSON_00173,vendor payment,580612,PERSON_00121,consultancy settlement
TXN_005335,2026-01-02,ACCT_00199,PERSON_00190,shopping,25066,VENDOR_091,shopping
TXN_005336,2023-02-09,ACCT_00034,PERSON_00245,grocery,20701,VENDOR_011,grocery
TXN_005337,2022-03-22,ACCT_00320,PERSON_00327,rent,24522,VENDOR_024,rent
TXN_005338,2021-11-20,ACCT_00016,PERSON_00220,mobile recharge,29167,VENDOR_074,mobile recharge
TXN_005339,2023-07-20,ACCT_00014,PERSON_00088,rent,38041,VENDOR_092,rent
TXN_005340,2024-01-04,ACCT_00277,PERSON_00182,shopping,24212,VENDOR_054,shopping
TXN_005341,2025-12-04,ACCT_00337,PERSON_00279,cash deposit,102338,PERSON_00336,wholesale goods
TXN_005342,2024-10-13,ACCT_00251,PERSON_00383,grocery,32472,VENDOR_072,grocery
TXN_005343,2024-04-22,ACCT_00118,PERSON_00340,transport,15540,VENDOR_007,transport
TXN_005344,2024-03-01,ACCT_00039,PERSON_00078,rent,10156,VENDOR_068,rent
TXN_005345,2022-07-24,ACCT_00477,PERSON_00031,restaurant,32362,VENDOR_094,restaurant
TXN_005346,2021-06-06,ACCT_00236,PERSON_00275,restaurant,40277,VENDOR_084,restaurant
TXN_005347,2022-08-12,ACCT_00175,PERSON_00207,cash withdrawal,8707,VENDOR_053,cash withdrawal
TXN_005348,2021-05-02,ACCT_00119,PERSON_00318,cash withdrawal,41893,VENDOR_067,cash withdrawal
TXN_005349,2021-10-12,ACCT_00355,PERSON_00263,vendor payment,103121,PERSON_00057,premium settlement
TXN_005350,2026-03-14,ACCT_00132,PERSON_00100,festival advance,393758,VENDOR_085,legitimate cash-intensive retail/festival activity
TXN_005351,2021-07-13,ACCT_00430,PERSON_00025,shopping,14143,VENDOR_096,shopping
TXN_005352,2023-05-20,ACCT_00068,PERSON_00366,shopping,696,VENDOR_013,shopping
TXN_005353,2025-06-27,ACCT_00053,PERSON_00152,cash deposit,605314,PERSON_00130,service commission
TXN_005354,2022-03-20,ACCT_00142,PERSON_00179,festival advance,257754,VENDOR_016,legitimate cash-intensive retail/festival activity
TXN_005355,2021-02-27,ACCT_00477,PERSON_00031,medical,27107,VENDOR_092,medical
TXN_005356,2021-07-23,ACCT_00087,PERSON_00010,grocery,38270,VENDOR_018,grocery
TXN_005357,2022-09-19,ACCT_00103,PERSON_00323,transport,2596,VENDOR_001,transport
TXN_005358,2025-05-19,ACCT_00181,PERSON_00111,grocery,42130,VENDOR_037,grocery
TXN_005359,2025-05-03,ACCT_00478,PERSON_00218,grocery,27233,VENDOR_043,grocery
TXN_005360,2023-05-30,ACCT_00358,PERSON_00085,cash deposit,837422,PERSON_00012,site material settlement
TXN_005361,2022-05-17,ACCT_00392,PERSON_00226,shopping,21673,VENDOR_001,shopping
TXN_005362,2026-06-29,ACCT_00407,PERSON_00011,supplier settlement,20503,VENDOR_010,legitimate cash-intensive retail/festival activity
TXN_005363,2023-02-18,ACCT_00162,PERSON_00376,invoice,859388,PERSON_00246,site material settlement
TXN_005364,2024-06-08,ACCT_00074,PERSON_00293,salary,20686,VENDOR_024,salary
TXN_005365,2025-01-06,ACCT_00311,PERSON_00006,salary,13954,VENDOR_026,salary
TXN_005366,2021-05-20,ACCT_00047,PERSON_00409,cash withdrawal,15623,VENDOR_030,cash withdrawal
TXN_005367,2024-12-20,ACCT_00463,PERSON_00125,vendor payment,886234,PERSON_00411,event services
TXN_005368,2026-03-03,ACCT_00250,PERSON_00253,grocery,28917,VENDOR_096,grocery
TXN_005369,2023-11-10,ACCT_00447,PERSON_00379,vendor payment,492282,PERSON_00375,consultancy settlement
TXN_005370,2022-07-24,ACCT_00245,PERSON_00151,invoice,573519,PERSON_00034,consultancy settlement
TXN_005371,2021-09-04,ACCT_00380,PERSON_00178,rent,18854,VENDOR_044,rent
TXN_005372,2024-07-26,ACCT_00224,PERSON_00051,shopping,1826,VENDOR_026,shopping
TXN_005373,2025-10-30,ACCT_00346,PERSON_00359,cash deposit,285906,PERSON_00148,consultancy settlement
TXN_007031,2023-10-13,ACCT_00102,PERSON_00173,transfer,55576,PERSON_00004,intermediary settlement
TXN_005375,2024-03-31,ACCT_00001,PERSON_00033,wholesale jewellery,297241,VENDOR_030,legitimate cash-intensive retail/festival activity
TXN_005376,2023-11-07,ACCT_00230,PERSON_00191,fuel,200,VENDOR_089,fuel
TXN_005377,2022-03-12,ACCT_00160,PERSON_00417,supplier settlement,353505,VENDOR_046,legitimate cash-intensive retail/festival activity
TXN_005378,2022-06-07,ACCT_00024,PERSON_00201,mobile recharge,39604,VENDOR_081,mobile recharge
TXN_000101,2024-05-08,ACCT_00451,PERSON_00281,transfer,20450,PERSON_00269,intermediary settlement
TXN_005380,2025-03-13,ACCT_00391,PERSON_00377,utility,40047,VENDOR_067,utility
TXN_005381,2022-04-27,ACCT_00032,PERSON_00065,grocery,10539,VENDOR_094,grocery
TXN_005382,2022-09-14,ACCT_00310,PERSON_00162,cash withdrawal,40406,VENDOR_001,cash withdrawal
TXN_005383,2024-11-09,ACCT_00308,PERSON_00443,grocery,30767,VENDOR_071,grocery
TXN_005384,2021-08-12,ACCT_00383,PERSON_00347,festival advance,271864,VENDOR_061,legitimate cash-intensive retail/festival activity
TXN_005385,2026-06-06,ACCT_00324,PERSON_00283,salary,36263,VENDOR_040,salary
TXN_005386,2023-01-27,ACCT_00360,PERSON_00192,cash withdrawal,29730,VENDOR_094,cash withdrawal
TXN_005387,2025-02-06,ACCT_00372,PERSON_00028,cash deposit,150397,PERSON_00171,wholesale goods
TXN_005388,2021-09-03,ACCT_00141,PERSON_00356,rent,24721,VENDOR_076,rent
TXN_005389,2021-09-07,ACCT_00093,PERSON_00204,medical,3126,VENDOR_071,medical
TXN_005390,2021-10-28,ACCT_00163,PERSON_00255,invoice,290200,PERSON_00381,freight settlement
TXN_005391,2022-02-20,ACCT_00064,PERSON_00039,grocery,11320,VENDOR_058,grocery
TXN_005392,2021-01-03,ACCT_00197,PERSON_00169,fuel,9134,VENDOR_027,fuel
TXN_005393,2024-07-11,ACCT_00451,PERSON_00281,cash withdrawal,251438,PERSON_00010,registration/document fee
TXN_005394,2021-01-15,ACCT_00146,PERSON_00287,transfer,374956,PERSON_00282,vehicle advance
TXN_005395,2021-10-11,ACCT_00222,PERSON_00226,shopping,6158,VENDOR_073,shopping
TXN_005396,2025-05-09,ACCT_00219,PERSON_00316,mobile recharge,2996,VENDOR_041,mobile recharge
TXN_005397,2023-05-27,ACCT_00363,PERSON_00122,school fee,7236,VENDOR_098,school fee
TXN_005398,2025-10-25,ACCT_00134,PERSON_00339,restaurant,17693,VENDOR_076,restaurant
TXN_005399,2023-11-01,ACCT_00034,PERSON_00245,medical,416,VENDOR_040,medical
TXN_005400,2025-05-30,ACCT_00350,PERSON_00059,rent,10497,VENDOR_013,rent
TXN_005401,2026-02-01,ACCT_00227,PERSON_00023,wholesale jewellery,149781,VENDOR_061,legitimate cash-intensive retail/festival activity
TXN_005402,2024-05-23,ACCT_00408,PERSON_00407,restaurant,10964,VENDOR_076,restaurant
TXN_005403,2022-01-29,ACCT_00240,PERSON_00450,school fee,14733,VENDOR_045,school fee
TXN_005404,2025-03-21,ACCT_00422,PERSON_00052,school fee,20102,VENDOR_084,school fee
TXN_005405,2023-03-05,ACCT_00078,PERSON_00428,shopping,44240,VENDOR_079,shopping
TXN_005406,2022-06-02,ACCT_00001,PERSON_00033,transfer,240826,PERSON_00346,registration/document fee
TXN_005407,2025-08-01,ACCT_00048,PERSON_00067,salary,11261,VENDOR_059,salary
TXN_005408,2022-05-19,ACCT_00116,PERSON_00106,mobile recharge,41816,VENDOR_084,mobile recharge
TXN_005409,2022-07-18,ACCT_00223,PERSON_00298,grocery,21177,VENDOR_050,grocery
TXN_005410,2024-10-08,ACCT_00055,PERSON_00013,rent,20250,VENDOR_065,rent
TXN_005411,2024-03-12,ACCT_00383,PERSON_00347,cash deposit,415131,VENDOR_003,legitimate cash-intensive retail/festival activity
TXN_005412,2026-05-19,ACCT_00383,PERSON_00347,supplier settlement,213237,VENDOR_047,legitimate cash-intensive retail/festival activity
TXN_005413,2024-07-21,ACCT_00054,PERSON_00157,vendor payment,587336,PERSON_00025,freight settlement
TXN_005414,2024-09-09,ACCT_00037,PERSON_00113,shopping,29569,VENDOR_075,shopping
TXN_005415,2025-06-16,ACCT_00310,PERSON_00162,salary,6585,VENDOR_024,salary
TXN_005416,2023-12-05,ACCT_00071,PERSON_00073,grocery,12841,VENDOR_044,grocery
TXN_005417,2025-11-18,ACCT_00380,PERSON_00178,salary,5189,VENDOR_087,salary
TXN_005418,2026-02-08,ACCT_00292,PERSON_00007,mobile recharge,13159,VENDOR_081,mobile recharge
TXN_005419,2026-02-20,ACCT_00350,PERSON_00059,cash deposit,206359,VENDOR_012,legitimate cash-intensive retail/festival activity
TXN_005420,2022-02-25,ACCT_00110,PERSON_00292,mobile recharge,37801,VENDOR_060,mobile recharge
TXN_005421,2023-08-01,ACCT_00170,PERSON_00123,mobile recharge,25763,VENDOR_067,mobile recharge
TXN_005422,2025-05-11,ACCT_00001,PERSON_00033,cash deposit,142349,VENDOR_009,legitimate cash-intensive retail/festival activity
TXN_005423,2025-05-17,ACCT_00316,PERSON_00237,cash withdrawal,2920,VENDOR_091,cash withdrawal
TXN_005424,2026-06-03,ACCT_00284,PERSON_00238,medical,7298,VENDOR_048,medical
TXN_005425,2021-04-05,ACCT_00001,PERSON_00033,utility,921,VENDOR_055,utility
TXN_005426,2025-03-20,ACCT_00341,PERSON_00310,transfer,133703,PERSON_00146,registration/document fee
TXN_005427,2023-06-19,ACCT_00443,PERSON_00396,mobile recharge,11916,VENDOR_084,mobile recharge
TXN_005428,2021-08-14,ACCT_00120,PERSON_00153,cash withdrawal,24505,VENDOR_029,cash withdrawal
TXN_005429,2026-01-26,ACCT_00119,PERSON_00318,school fee,11776,VENDOR_034,school fee
TXN_005430,2023-05-21,ACCT_00409,PERSON_00193,grocery,31858,VENDOR_065,grocery
TXN_005431,2026-04-16,ACCT_00383,PERSON_00347,wholesale jewellery,138492,VENDOR_002,legitimate cash-intensive retail/festival activity
TXN_005432,2024-09-06,ACCT_00028,PERSON_00059,wholesale jewellery,236557,VENDOR_022,legitimate cash-intensive retail/festival activity
TXN_005433,2021-06-03,ACCT_00361,PERSON_00035,transfer,651779,PERSON_00379,consultancy settlement
TXN_005434,2022-07-28,ACCT_00350,PERSON_00059,fuel,2253,VENDOR_046,fuel
TXN_005435,2022-07-07,ACCT_00383,PERSON_00347,supplier settlement,203839,VENDOR_042,legitimate cash-intensive retail/festival activity
TXN_005436,2023-08-10,ACCT_00420,PERSON_00159,salary,42851,VENDOR_042,salary
TXN_005437,2022-10-07,ACCT_00436,PERSON_00199,school fee,38722,VENDOR_061,school fee
TXN_005438,2021-09-27,ACCT_00352,PERSON_00110,grocery,42286,VENDOR_011,grocery
TXN_005439,2025-11-20,ACCT_00380,PERSON_00178,cash withdrawal,396265,PERSON_00070,premium settlement
TXN_005440,2023-12-31,ACCT_00447,PERSON_00379,cash deposit,807483,PERSON_00225,consultancy settlement
TXN_005441,2021-11-30,ACCT_00438,PERSON_00074,gold purchase,239957,VENDOR_025,legitimate cash-intensive retail/festival activity
TXN_005442,2023-09-30,ACCT_00406,PERSON_00250,vendor payment,277404,PERSON_00085,site material settlement
TXN_005443,2023-06-16,ACCT_00299,PERSON_00386,vendor payment,29609,PERSON_00015,freight settlement
TXN_005444,2021-06-08,ACCT_00173,PERSON_00146,grocery,34164,VENDOR_085,grocery
TXN_005445,2023-10-02,ACCT_00381,PERSON_00200,medical,32628,VENDOR_006,medical
TXN_005446,2021-06-09,ACCT_00246,PERSON_00244,cash deposit,390481,VENDOR_070,legitimate cash-intensive retail/festival activity
TXN_005447,2024-02-18,ACCT_00240,PERSON_00450,cash withdrawal,24738,VENDOR_023,cash withdrawal
TXN_005448,2026-01-30,ACCT_00359,PERSON_00427,medical,43406,VENDOR_031,medical
TXN_005449,2025-05-22,ACCT_00262,PERSON_00383,mobile recharge,43265,VENDOR_048,mobile recharge
TXN_005450,2026-01-25,ACCT_00263,PERSON_00034,restaurant,16137,VENDOR_085,restaurant
TXN_005451,2021-07-01,ACCT_00220,PERSON_00259,settlement,69484,PERSON_00011,premium settlement
TXN_005452,2025-05-12,ACCT_00181,PERSON_00111,grocery,39150,VENDOR_062,grocery
TXN_005453,2022-02-18,ACCT_00378,PERSON_00397,cash withdrawal,14155,VENDOR_018,cash withdrawal
TXN_005454,2023-05-14,ACCT_00407,PERSON_00011,gold purchase,376739,VENDOR_035,legitimate cash-intensive retail/festival activity
TXN_005455,2023-06-19,ACCT_00394,PERSON_00187,grocery,31906,VENDOR_080,grocery
TXN_005456,2024-12-24,ACCT_00430,PERSON_00025,salary,26418,VENDOR_006,salary
TXN_005457,2023-05-19,ACCT_00095,PERSON_00012,invoice,614977,PERSON_00154,site material settlement
TXN_005458,2021-02-17,ACCT_00407,PERSON_00011,cash deposit,402562,Festival Jewel Mart,legitimate cash-intensive retail/festival activity
TXN_005459,2021-09-15,ACCT_00457,PERSON_00300,vendor payment,66490,PERSON_00393,vehicle advance
TXN_005460,2022-10-09,ACCT_00084,PERSON_00133,salary,27123,VENDOR_015,salary
TXN_005461,2021-07-08,ACCT_00160,PERSON_00417,wholesale jewellery,383296,VENDOR_011,legitimate cash-intensive retail/festival activity
TXN_005462,2025-04-27,ACCT_00254,PERSON_00154,vendor payment,510563,PERSON_00145,site material settlement
TXN_005463,2021-07-24,ACCT_00030,PERSON_00363,utility,20861,VENDOR_081,utility
TXN_005464,2023-08-11,ACCT_00359,PERSON_00427,settlement,67197,PERSON_00236,site material settlement
TXN_005465,2025-01-14,ACCT_00395,PERSON_00269,cash withdrawal,627757,PERSON_00391,registration/document fee
TXN_005466,2024-10-07,ACCT_00398,PERSON_00274,shopping,20596,VENDOR_018,shopping
TXN_005467,2021-11-09,ACCT_00037,PERSON_00113,gold purchase,195602,VENDOR_004,legitimate cash-intensive retail/festival activity
TXN_005468,2024-12-15,ACCT_00451,PERSON_00281,settlement,657269,PERSON_00346,registration/document fee
TXN_005469,2024-09-04,ACCT_00310,PERSON_00162,grocery,3939,VENDOR_018,grocery
TXN_005470,2024-11-23,ACCT_00249,PERSON_00358,school fee,4997,VENDOR_027,school fee
TXN_005471,2021-10-28,ACCT_00145,PERSON_00005,salary,9354,VENDOR_085,salary
TXN_005472,2021-08-28,ACCT_00347,PERSON_00291,grocery,22954,VENDOR_029,grocery
TXN_005473,2025-06-03,ACCT_00187,PERSON_00273,transfer,791347,PERSON_00331,transport settlement
TXN_005474,2024-05-09,ACCT_00083,PERSON_00220,cash deposit,505393,PERSON_00416,premium settlement
TXN_005475,2021-10-03,ACCT_00009,PERSON_00057,cash deposit,830160,PERSON_00259,premium settlement
TXN_005476,2026-05-09,ACCT_00001,PERSON_00033,cash deposit,297626,PERSON_00290,registration/document fee
TXN_005477,2024-03-08,ACCT_00248,PERSON_00025,fuel,23471,VENDOR_027,fuel
TXN_005478,2025-11-25,ACCT_00451,PERSON_00281,utility,30106,VENDOR_001,utility
TXN_005479,2022-08-08,ACCT_00169,PERSON_00249,mobile recharge,9147,VENDOR_056,mobile recharge
TXN_005480,2023-09-15,ACCT_00063,PERSON_00400,cash deposit,394259,PERSON_00269,registration/document fee
TXN_005481,2021-06-21,ACCT_00250,PERSON_00253,school fee,43019,VENDOR_096,school fee
TXN_005482,2021-04-21,ACCT_00192,PERSON_00405,vendor payment,407913,PERSON_00438,vehicle advance
TXN_005483,2022-11-29,ACCT_00404,PERSON_00134,cash withdrawal,15761,VENDOR_048,cash withdrawal
TXN_005484,2022-12-14,ACCT_00196,PERSON_00278,shopping,13358,VENDOR_091,shopping
TXN_005485,2021-04-17,ACCT_00360,PERSON_00192,grocery,38489,VENDOR_028,grocery
TXN_005486,2025-12-25,ACCT_00017,PERSON_00088,supplier settlement,123913,VENDOR_060,legitimate cash-intensive retail/festival activity
TXN_005487,2026-01-27,ACCT_00020,PERSON_00143,transfer,660957,PERSON_00177,event services
TXN_005488,2022-09-11,ACCT_00335,PERSON_00248,rent,10713,VENDOR_010,rent
TXN_005489,2023-06-06,ACCT_00259,PERSON_00166,medical,17706,VENDOR_018,medical
TXN_005490,2026-06-09,ACCT_00377,PERSON_00417,wholesale jewellery,151216,VENDOR_058,legitimate cash-intensive retail/festival activity
TXN_005491,2024-09-10,ACCT_00376,PERSON_00232,settlement,33460,PERSON_00381,freight settlement
TXN_005492,2022-09-10,ACCT_00367,PERSON_00256,grocery,17258,VENDOR_058,grocery
TXN_005493,2023-10-29,ACCT_00426,PERSON_00322,transfer,195065,PERSON_00225,consultancy settlement
TXN_005494,2023-12-17,ACCT_00264,PERSON_00015,shopping,40703,VENDOR_068,shopping
TXN_005495,2023-06-07,ACCT_00001,PERSON_00033,gold purchase,123958,VENDOR_031,legitimate cash-intensive retail/festival activity
TXN_005496,2023-12-12,ACCT_00438,PERSON_00074,cash deposit,376321,VENDOR_035,legitimate cash-intensive retail/festival activity
TXN_005497,2025-11-04,ACCT_00239,PERSON_00401,rent,26069,VENDOR_050,rent
TXN_005498,2021-11-13,ACCT_00240,PERSON_00450,grocery,39027,VENDOR_094,grocery
TXN_005499,2023-07-08,ACCT_00164,PERSON_00229,salary,30062,VENDOR_058,salary
TXN_005500,2024-06-13,ACCT_00130,PERSON_00416,cash withdrawal,38777,VENDOR_049,cash withdrawal
TXN_005501,2023-09-27,ACCT_00210,PERSON_00290,transport,38156,VENDOR_034,transport
TXN_005502,2026-01-20,ACCT_00059,PERSON_00390,mobile recharge,1940,VENDOR_100,mobile recharge
TXN_005503,2023-05-15,ACCT_00086,PERSON_00206,cash withdrawal,17577,VENDOR_078,cash withdrawal
TXN_005504,2023-06-18,ACCT_00377,PERSON_00417,wholesale jewellery,45851,VENDOR_054,legitimate cash-intensive retail/festival activity
TXN_005505,2024-05-02,ACCT_00451,PERSON_00281,settlement,366035,PERSON_00400,registration/document fee
TXN_005506,2022-02-17,ACCT_00380,PERSON_00178,shopping,35562,VENDOR_087,shopping
TXN_005507,2023-10-16,ACCT_00471,PERSON_00353,invoice,299148,PERSON_00072,consultancy settlement
TXN_005508,2021-08-08,ACCT_00393,PERSON_00408,salary,14878,VENDOR_063,salary
TXN_005509,2024-08-28,ACCT_00360,PERSON_00192,restaurant,38349,VENDOR_045,restaurant
TXN_005510,2022-01-28,ACCT_00157,PERSON_00317,utility,30252,VENDOR_054,utility
TXN_005511,2025-10-24,ACCT_00128,PERSON_00061,grocery,24391,VENDOR_011,grocery
TXN_005512,2024-04-23,ACCT_00287,PERSON_00071,cash withdrawal,31326,VENDOR_003,cash withdrawal
TXN_005513,2022-05-30,ACCT_00071,PERSON_00073,fuel,10705,VENDOR_037,fuel
TXN_005514,2023-06-22,ACCT_00382,PERSON_00096,rent,2962,VENDOR_041,rent
TXN_005515,2023-01-03,ACCT_00210,PERSON_00290,grocery,14833,VENDOR_033,grocery
TXN_005516,2025-09-24,ACCT_00358,PERSON_00085,cash withdrawal,89791,PERSON_00427,site material settlement
TXN_005517,2022-12-06,ACCT_00004,PERSON_00425,fuel,19110,VENDOR_091,fuel
TXN_005518,2021-07-13,ACCT_00058,PERSON_00319,medical,31676,VENDOR_093,medical
TXN_005519,2025-06-07,ACCT_00437,PERSON_00360,invoice,192405,PERSON_00343,wholesale goods
TXN_005520,2023-04-12,ACCT_00366,PERSON_00063,transport,17540,VENDOR_097,transport
TXN_005521,2023-09-18,ACCT_00224,PERSON_00051,cash withdrawal,880043,PERSON_00133,event services
TXN_005522,2025-07-22,ACCT_00118,PERSON_00340,cash withdrawal,20449,VENDOR_052,cash withdrawal
TXN_005523,2024-07-24,ACCT_00148,PERSON_00442,fuel,15948,VENDOR_025,fuel
TXN_005524,2025-10-19,ACCT_00278,PERSON_00301,rent,3732,VENDOR_085,rent
TXN_005525,2021-06-06,ACCT_00038,PERSON_00254,cash withdrawal,26882,VENDOR_016,cash withdrawal
TXN_005526,2023-07-09,ACCT_00194,PERSON_00077,salary,6329,VENDOR_035,salary
TXN_005527,2025-07-20,ACCT_00383,PERSON_00347,supplier settlement,382401,VENDOR_088,legitimate cash-intensive retail/festival activity
TXN_005528,2023-09-22,ACCT_00104,PERSON_00027,cash deposit,781083,PERSON_00364,site material settlement
TXN_005529,2025-10-03,ACCT_00198,PERSON_00359,transport,35221,VENDOR_046,transport
TXN_005530,2022-03-15,ACCT_00168,PERSON_00415,salary,7702,VENDOR_006,salary
TXN_005531,2022-12-14,ACCT_00390,PERSON_00049,cash withdrawal,40065,VENDOR_049,cash withdrawal
TXN_005532,2022-08-30,ACCT_00287,PERSON_00071,utility,6770,VENDOR_086,utility
TXN_005533,2026-04-09,ACCT_00194,PERSON_00077,grocery,22740,VENDOR_064,grocery
TXN_005534,2025-12-15,ACCT_00338,PERSON_00118,fuel,20474,VENDOR_014,fuel
TXN_005535,2024-04-27,ACCT_00246,PERSON_00244,supplier settlement,264112,VENDOR_020,legitimate cash-intensive retail/festival activity
TXN_005536,2022-02-19,ACCT_00279,PERSON_00212,settlement,477308,PERSON_00050,freight settlement
TXN_005537,2023-12-14,ACCT_00042,PERSON_00195,shopping,27812,VENDOR_021,shopping
TXN_005538,2022-10-05,ACCT_00277,PERSON_00182,cash deposit,29903,PERSON_00149,vehicle advance
TXN_005539,2026-06-08,ACCT_00179,PERSON_00332,salary,24338,VENDOR_043,salary
TXN_005540,2026-03-28,ACCT_00478,PERSON_00218,grocery,19064,VENDOR_049,grocery
TXN_005541,2024-11-22,ACCT_00454,PERSON_00119,salary,28701,VENDOR_089,salary
TXN_005542,2023-10-13,ACCT_00242,PERSON_00124,rent,28664,VENDOR_034,rent
TXN_005543,2026-03-18,ACCT_00322,PERSON_00429,transfer,28596,PERSON_00064,event services
TXN_005544,2021-04-07,ACCT_00356,PERSON_00338,restaurant,20974,VENDOR_001,restaurant
TXN_005545,2021-02-14,ACCT_00191,PERSON_00208,school fee,26258,VENDOR_008,school fee
TXN_005546,2025-03-01,ACCT_00362,PERSON_00147,shopping,5876,VENDOR_019,shopping
TXN_005547,2024-08-12,ACCT_00227,PERSON_00023,festival advance,161302,VENDOR_038,legitimate cash-intensive retail/festival activity
TXN_005548,2021-10-14,ACCT_00001,PERSON_00033,gold purchase,445492,VENDOR_004,legitimate cash-intensive retail/festival activity
TXN_005549,2024-04-04,ACCT_00356,PERSON_00338,restaurant,42934,VENDOR_056,restaurant
TXN_005550,2021-11-22,ACCT_00359,PERSON_00427,transfer,48882,PERSON_00154,site material settlement
TXN_005551,2022-07-29,ACCT_00384,PERSON_00299,shopping,26895,VENDOR_072,shopping
TXN_005552,2022-06-09,ACCT_00294,PERSON_00177,grocery,12295,VENDOR_029,grocery
TXN_005553,2025-07-25,ACCT_00460,PERSON_00336,cash deposit,496649,PERSON_00343,wholesale goods
TXN_005554,2021-09-26,ACCT_00099,PERSON_00419,fuel,33114,VENDOR_033,fuel
TXN_005555,2026-01-15,ACCT_00195,PERSON_00185,transport,12352,VENDOR_087,transport
TXN_005556,2021-11-28,ACCT_00113,PERSON_00334,transport,31775,VENDOR_014,transport
TXN_005557,2022-10-31,ACCT_00037,PERSON_00113,cash deposit,162168,VENDOR_027,legitimate cash-intensive retail/festival activity
TXN_005558,2023-01-06,ACCT_00227,PERSON_00023,gold purchase,144017,VENDOR_026,legitimate cash-intensive retail/festival activity
TXN_005559,2026-01-27,ACCT_00078,PERSON_00428,mobile recharge,24125,VENDOR_087,mobile recharge
TXN_005560,2022-02-25,ACCT_00395,PERSON_00269,cash deposit,110422,PERSON_00400,registration/document fee
TXN_005561,2022-01-31,ACCT_00373,PERSON_00141,cash withdrawal,7173,VENDOR_058,cash withdrawal
TXN_005562,2026-05-19,ACCT_00424,PERSON_00055,transfer,592947,PERSON_00125,event services
TXN_005563,2022-12-25,ACCT_00246,PERSON_00244,cash deposit,320138,VENDOR_036,legitimate cash-intensive retail/festival activity
TXN_005564,2022-11-18,ACCT_00090,PERSON_00084,cash withdrawal,26516,VENDOR_094,cash withdrawal
TXN_005565,2022-06-11,ACCT_00421,PERSON_00444,transport,3392,VENDOR_006,transport
TXN_005566,2022-09-10,ACCT_00328,PERSON_00161,restaurant,23907,VENDOR_057,restaurant
TXN_005567,2023-10-13,ACCT_00379,PERSON_00326,shopping,4425,VENDOR_047,shopping
TXN_005568,2026-01-13,ACCT_00041,PERSON_00354,salary,19031,VENDOR_031,salary
TXN_005569,2025-03-22,ACCT_00160,PERSON_00417,wholesale jewellery,269713,VENDOR_089,legitimate cash-intensive retail/festival activity
TXN_005570,2023-05-20,ACCT_00383,PERSON_00347,restaurant,39032,VENDOR_079,restaurant
TXN_005571,2025-08-24,ACCT_00388,PERSON_00149,mobile recharge,5949,VENDOR_051,mobile recharge
TXN_005572,2025-07-22,ACCT_00119,PERSON_00318,utility,15388,VENDOR_099,utility
TXN_005573,2022-02-08,ACCT_00016,PERSON_00220,settlement,183075,PERSON_00178,premium settlement
TXN_005574,2023-04-05,ACCT_00323,PERSON_00302,rent,39937,VENDOR_065,rent
TXN_005575,2022-12-26,ACCT_00421,PERSON_00444,settlement,46723,PERSON_00157,freight settlement
TXN_005576,2023-04-24,ACCT_00160,PERSON_00417,wholesale jewellery,323806,VENDOR_076,legitimate cash-intensive retail/festival activity
TXN_005577,2023-02-19,ACCT_00207,PERSON_00239,school fee,19430,VENDOR_025,school fee
TXN_005578,2025-04-12,ACCT_00299,PERSON_00386,cash withdrawal,18026,VENDOR_048,cash withdrawal
TXN_005579,2023-01-09,ACCT_00353,PERSON_00411,vendor payment,612262,PERSON_00052,event services
TXN_005580,2025-08-04,ACCT_00467,PERSON_00357,transport,36409,VENDOR_039,transport
TXN_005581,2023-05-25,ACCT_00395,PERSON_00269,vendor payment,851236,PERSON_00146,registration/document fee
TXN_005582,2022-03-23,ACCT_00242,PERSON_00124,restaurant,32094,VENDOR_006,restaurant
TXN_000883,2024-03-08,ACCT_00451,PERSON_00281,transfer,170760,PERSON_00322,intermediary settlement
TXN_005584,2025-07-14,ACCT_00131,PERSON_00331,salary,38706,VENDOR_001,salary
TXN_005585,2022-10-31,ACCT_00071,PERSON_00073,restaurant,3256,VENDOR_029,restaurant
TXN_005586,2023-05-08,ACCT_00405,PERSON_00329,transfer,597003,PERSON_00015,freight settlement
TXN_005587,2023-03-21,ACCT_00406,PERSON_00250,rent,34759,VENDOR_016,rent
TXN_005588,2026-05-14,ACCT_00038,PERSON_00254,shopping,9793,VENDOR_092,shopping
TXN_005589,2025-09-20,ACCT_00097,PERSON_00105,invoice,55912,PERSON_00383,registration/document fee
TXN_005590,2024-04-10,ACCT_00415,PERSON_00309,salary,42399,VENDOR_049,salary
TXN_005591,2023-12-21,ACCT_00459,PERSON_00211,grocery,1153,VENDOR_036,grocery
TXN_005592,2024-05-11,ACCT_00343,PERSON_00303,salary,1853,VENDOR_059,salary
TXN_005593,2025-08-04,ACCT_00233,PERSON_00344,transfer,242662,PERSON_00248,freight settlement
TXN_005594,2021-04-20,ACCT_00059,PERSON_00390,cash withdrawal,25906,VENDOR_060,cash withdrawal
TXN_005595,2025-05-20,ACCT_00020,PERSON_00143,mobile recharge,27066,VENDOR_076,mobile recharge
TXN_005596,2021-09-23,ACCT_00160,PERSON_00417,festival advance,75490,VENDOR_035,legitimate cash-intensive retail/festival activity
TXN_005597,2021-04-29,ACCT_00309,PERSON_00127,cash withdrawal,8932,VENDOR_042,cash withdrawal
TXN_005598,2022-09-13,ACCT_00074,PERSON_00293,cash withdrawal,2219,VENDOR_043,cash withdrawal
TXN_005599,2022-07-21,ACCT_00001,PERSON_00033,cash deposit,19250,VENDOR_064,legitimate cash-intensive retail/festival activity
TXN_005600,2025-01-23,ACCT_00083,PERSON_00220,transfer,848137,PERSON_00312,premium settlement
TXN_005601,2022-03-20,ACCT_00053,PERSON_00152,cash withdrawal,37825,VENDOR_036,cash withdrawal
TXN_008695,2024-04-12,ACCT_00102,PERSON_00173,transfer,166254,PERSON_00243,intermediary settlement
TXN_005603,2022-02-04,ACCT_00168,PERSON_00415,invoice,583109,PERSON_00353,consultancy settlement
TXN_005604,2024-07-02,ACCT_00026,PERSON_00448,salary,6438,VENDOR_056,salary
TXN_005605,2026-06-12,ACCT_00001,PERSON_00033,transfer,339644,PERSON_00346,registration/document fee
TXN_005606,2026-05-11,ACCT_00360,PERSON_00192,school fee,24375,VENDOR_013,school fee
TXN_005607,2022-10-13,ACCT_00375,PERSON_00403,grocery,2981,VENDOR_057,grocery
TXN_005608,2025-01-20,ACCT_00316,PERSON_00237,transfer,146056,PERSON_00105,registration/document fee
TXN_005609,2025-05-17,ACCT_00417,PERSON_00076,cash deposit,779832,PERSON_00306,wholesale goods
TXN_005610,2024-08-04,ACCT_00453,PERSON_00009,fuel,19077,VENDOR_079,fuel
TXN_005611,2023-07-03,ACCT_00024,PERSON_00201,medical,28226,VENDOR_071,medical
TXN_005612,2022-01-10,ACCT_00457,PERSON_00300,fuel,16878,VENDOR_083,fuel
TXN_005613,2023-05-03,ACCT_00253,PERSON_00072,cash withdrawal,24037,VENDOR_081,cash withdrawal
TXN_005614,2024-08-04,ACCT_00471,PERSON_00353,cash withdrawal,41737,VENDOR_052,cash withdrawal
TXN_005615,2022-09-03,ACCT_00479,PERSON_00082,school fee,29411,VENDOR_016,school fee
TXN_005616,2025-04-04,ACCT_00162,PERSON_00376,mobile recharge,26467,VENDOR_068,mobile recharge
TXN_005617,2026-03-01,ACCT_00350,PERSON_00059,cash deposit,428527,VENDOR_049,legitimate cash-intensive retail/festival activity
TXN_005618,2023-01-31,ACCT_00264,PERSON_00015,invoice,721054,PERSON_00053,freight settlement
TXN_005619,2023-01-20,ACCT_00322,PERSON_00429,salary,26091,VENDOR_064,salary
TXN_005620,2024-05-06,ACCT_00335,PERSON_00248,fuel,28956,VENDOR_040,fuel
TXN_005621,2024-02-06,ACCT_00360,PERSON_00192,rent,34564,VENDOR_043,rent
TXN_005622,2021-05-25,ACCT_00132,PERSON_00100,cash withdrawal,19435,VENDOR_072,cash withdrawal
TXN_005623,2023-11-23,ACCT_00140,PERSON_00180,restaurant,14370,VENDOR_074,restaurant
TXN_005624,2024-06-16,ACCT_00161,PERSON_00030,school fee,13619,VENDOR_032,school fee
TXN_005625,2022-03-06,ACCT_00372,PERSON_00028,rent,16258,VENDOR_017,rent
TXN_005626,2024-05-22,ACCT_00375,PERSON_00403,rent,938,VENDOR_004,rent
TXN_005627,2021-08-26,ACCT_00204,PERSON_00070,vendor payment,51908,PERSON_00220,premium settlement
TXN_005628,2022-12-22,ACCT_00380,PERSON_00178,invoice,265722,PERSON_00407,premium settlement
TXN_005629,2026-03-16,ACCT_00309,PERSON_00127,rent,40598,VENDOR_027,rent
TXN_005630,2022-10-25,ACCT_00249,PERSON_00358,salary,7197,VENDOR_088,salary
TXN_005631,2022-05-13,ACCT_00253,PERSON_00072,vendor payment,18124,PERSON_00173,consultancy settlement
TXN_005632,2026-01-16,ACCT_00438,PERSON_00074,festival advance,231042,VENDOR_043,legitimate cash-intensive retail/festival activity
TXN_005633,2022-09-20,ACCT_00210,PERSON_00290,shopping,5895,VENDOR_099,shopping
TXN_005634,2021-02-16,ACCT_00096,PERSON_00139,vendor payment,646787,PERSON_00300,vehicle advance
TXN_005635,2022-07-19,ACCT_00039,PERSON_00078,medical,20583,VENDOR_072,medical
TXN_005636,2023-02-19,ACCT_00307,PERSON_00305,shopping,17490,VENDOR_044,shopping
TXN_005637,2024-02-20,ACCT_00291,PERSON_00409,school fee,29005,VENDOR_063,school fee
TXN_005638,2026-04-29,ACCT_00032,PERSON_00065,utility,15230,VENDOR_061,utility
TXN_005639,2022-10-16,ACCT_00207,PERSON_00239,grocery,36121,VENDOR_073,grocery
TXN_005640,2022-10-09,ACCT_00373,PERSON_00141,fuel,41971,VENDOR_042,fuel
TXN_005641,2023-05-31,ACCT_00112,PERSON_00351,transfer,174716,PERSON_00438,vehicle advance
TXN_005642,2024-08-17,ACCT_00397,PERSON_00052,cash withdrawal,771593,PERSON_00143,event services
TXN_005643,2021-12-05,ACCT_00313,PERSON_00397,rent,21545,VENDOR_099,rent
TXN_005644,2021-03-15,ACCT_00354,PERSON_00164,rent,44920,VENDOR_059,rent
TXN_005645,2021-12-11,ACCT_00173,PERSON_00146,cash withdrawal,483147,PERSON_00033,registration/document fee
TXN_005646,2022-07-26,ACCT_00454,PERSON_00119,fuel,28476,VENDOR_005,fuel
TXN_005647,2022-06-01,ACCT_00205,PERSON_00349,fuel,163,VENDOR_058,fuel
TXN_005648,2022-10-27,ACCT_00273,PERSON_00080,medical,33334,VENDOR_015,medical
TXN_005649,2021-12-14,ACCT_00337,PERSON_00279,transfer,101768,PERSON_00231,wholesale goods
TXN_005650,2024-09-20,ACCT_00385,PERSON_00257,cash withdrawal,13696,VENDOR_072,cash withdrawal
TXN_005651,2022-06-12,ACCT_00301,PERSON_00251,restaurant,33960,VENDOR_017,restaurant
TXN_005652,2026-05-28,ACCT_00364,PERSON_00103,restaurant,32523,VENDOR_076,restaurant
TXN_005653,2026-03-17,ACCT_00293,PERSON_00054,utility,37817,VENDOR_093,utility
TXN_005654,2023-04-27,ACCT_00377,PERSON_00417,cash deposit,104830,VENDOR_032,legitimate cash-intensive retail/festival activity
TXN_005655,2023-03-15,ACCT_00294,PERSON_00177,invoice,68953,PERSON_00036,event services
TXN_005656,2023-03-17,ACCT_00377,PERSON_00417,rent,43771,VENDOR_013,rent
TXN_005657,2021-07-18,ACCT_00001,PERSON_00033,wholesale jewellery,223113,VENDOR_068,legitimate cash-intensive retail/festival activity
TXN_005658,2024-06-19,ACCT_00001,PERSON_00033,shopping,43579,VENDOR_045,shopping
TXN_005659,2025-01-12,ACCT_00057,PERSON_00311,cash deposit,710930,PERSON_00407,premium settlement
TXN_005660,2025-01-03,ACCT_00443,PERSON_00396,grocery,12095,VENDOR_045,grocery
TXN_005661,2022-02-08,ACCT_00064,PERSON_00039,grocery,42142,VENDOR_031,grocery
TXN_005662,2023-08-29,ACCT_00416,PERSON_00043,vendor payment,652075,PERSON_00028,wholesale goods
TXN_005663,2022-12-31,ACCT_00102,PERSON_00173,restaurant,30643,VENDOR_034,restaurant
TXN_005664,2022-05-04,ACCT_00074,PERSON_00293,utility,17725,VENDOR_084,utility
TXN_005665,2021-10-16,ACCT_00402,PERSON_00345,cash withdrawal,33908,VENDOR_006,cash withdrawal
TXN_005666,2025-04-30,ACCT_00108,PERSON_00147,settlement,373175,PERSON_00288,transport settlement
TXN_005667,2024-06-28,ACCT_00247,PERSON_00047,cash withdrawal,384528,PERSON_00449,transport settlement
TXN_005668,2025-11-07,ACCT_00401,PERSON_00210,grocery,21425,VENDOR_025,grocery
TXN_005669,2021-10-29,ACCT_00233,PERSON_00344,rent,37591,VENDOR_079,rent
TXN_005670,2026-04-29,ACCT_00032,PERSON_00065,vendor payment,714156,PERSON_00165,transport settlement
TXN_005671,2022-01-30,ACCT_00407,PERSON_00011,transfer,715572,PERSON_00070,premium settlement
TXN_005672,2025-04-08,ACCT_00159,PERSON_00297,salary,34235,VENDOR_032,salary
TXN_005673,2025-04-07,ACCT_00027,PERSON_00215,cash withdrawal,44534,VENDOR_002,cash withdrawal
TXN_005674,2023-06-22,ACCT_00347,PERSON_00291,restaurant,43168,VENDOR_013,restaurant
TXN_005675,2025-10-25,ACCT_00391,PERSON_00377,transport,14916,VENDOR_007,transport
TXN_005676,2023-11-07,ACCT_00110,PERSON_00292,cash withdrawal,2426,VENDOR_012,cash withdrawal
TXN_005516,2023-12-28,ACCT_00253,PERSON_00072,transfer,84162,PERSON_00182,intermediary settlement
TXN_005678,2021-01-05,ACCT_00142,PERSON_00179,transport,38054,VENDOR_057,transport
TXN_005679,2021-11-28,ACCT_00229,PERSON_00094,restaurant,33927,VENDOR_034,restaurant
TXN_005680,2025-06-15,ACCT_00012,PERSON_00449,invoice,828961,PERSON_00165,transport settlement
TXN_005681,2021-03-01,ACCT_00465,PERSON_00282,settlement,776143,PERSON_00405,vehicle advance
TXN_005682,2022-11-30,ACCT_00332,PERSON_00240,rent,38457,VENDOR_069,rent
TXN_005683,2023-06-30,ACCT_00402,PERSON_00345,transfer,561367,PERSON_00300,vehicle advance
TXN_005684,2025-08-25,ACCT_00274,PERSON_00188,vendor payment,309049,PERSON_00411,event services
TXN_005685,2021-05-21,ACCT_00257,PERSON_00136,cash withdrawal,13774,VENDOR_088,cash withdrawal
TXN_005686,2025-07-03,ACCT_00471,PERSON_00353,transfer,164725,PERSON_00073,consultancy settlement
TXN_005687,2024-04-17,ACCT_00122,PERSON_00148,fuel,39774,VENDOR_069,fuel
TXN_005688,2026-02-21,ACCT_00353,PERSON_00411,fuel,11267,VENDOR_043,fuel
TXN_005689,2023-05-21,ACCT_00263,PERSON_00034,invoice,669250,PERSON_00173,consultancy settlement
TXN_005690,2023-09-12,ACCT_00001,PERSON_00033,supplier settlement,276264,VENDOR_072,legitimate cash-intensive retail/festival activity
TXN_005691,2024-09-27,ACCT_00294,PERSON_00177,transfer,79079,PERSON_00102,event services
TXN_005692,2025-02-14,ACCT_00407,PERSON_00011,fuel,38630,VENDOR_007,fuel
TXN_005693,2021-12-11,ACCT_00070,PERSON_00216,grocery,32580,VENDOR_012,grocery
TXN_005694,2021-12-13,ACCT_00290,PERSON_00362,transfer,392403,PERSON_00057,premium settlement
TXN_005695,2022-01-15,ACCT_00030,PERSON_00363,grocery,22831,VENDOR_077,grocery
TXN_005696,2026-06-08,ACCT_00235,PERSON_00431,rent,27294,VENDOR_093,rent
TXN_005697,2022-08-11,ACCT_00078,PERSON_00428,grocery,32687,VENDOR_032,grocery
TXN_005698,2023-01-15,ACCT_00067,PERSON_00150,rent,12175,VENDOR_003,rent
TXN_005699,2022-09-22,ACCT_00417,PERSON_00076,vendor payment,781807,PERSON_00034,consultancy settlement
TXN_005700,2025-10-24,ACCT_00136,PERSON_00042,salary,25526,VENDOR_045,salary
TXN_005701,2021-07-06,ACCT_00390,PERSON_00049,cash withdrawal,264642,PERSON_00150,event services
TXN_005702,2023-06-03,ACCT_00246,PERSON_00244,rent,23121,VENDOR_068,rent
TXN_005703,2023-02-03,ACCT_00016,PERSON_00220,settlement,452804,PERSON_00311,premium settlement
TXN_005704,2022-08-01,ACCT_00402,PERSON_00345,vendor payment,141415,PERSON_00072,vehicle advance
TXN_005705,2023-01-16,ACCT_00052,PERSON_00438,salary,12583,VENDOR_074,salary
TXN_005706,2024-09-11,ACCT_00104,PERSON_00027,utility,20688,VENDOR_027,utility
TXN_005707,2025-10-11,ACCT_00057,PERSON_00311,transfer,671079,PERSON_00312,premium settlement
TXN_005708,2022-07-23,ACCT_00214,PERSON_00277,shopping,35594,VENDOR_006,shopping
TXN_005709,2022-05-16,ACCT_00446,PERSON_00114,restaurant,42729,VENDOR_004,restaurant
TXN_005710,2025-05-12,ACCT_00229,PERSON_00094,cash withdrawal,29308,VENDOR_100,cash withdrawal
TXN_005711,2023-10-23,ACCT_00438,PERSON_00074,gold purchase,189457,VENDOR_038,legitimate cash-intensive retail/festival activity
TXN_005712,2024-01-21,ACCT_00307,PERSON_00305,school fee,21242,VENDOR_006,school fee
TXN_005713,2022-05-03,ACCT_00328,PERSON_00161,rent,35919,VENDOR_001,rent
TXN_005714,2021-09-24,ACCT_00175,PERSON_00207,rent,34604,VENDOR_004,rent
TXN_005715,2023-08-25,ACCT_00438,PERSON_00074,festival advance,317978,VENDOR_044,legitimate cash-intensive retail/festival activity
TXN_005716,2024-01-26,ACCT_00407,PERSON_00011,gold purchase,218371,VENDOR_006,legitimate cash-intensive retail/festival activity
TXN_005717,2024-03-04,ACCT_00268,PERSON_00422,cash withdrawal,1988,VENDOR_078,cash withdrawal
TXN_005718,2023-08-14,ACCT_00182,PERSON_00241,mobile recharge,14308,VENDOR_053,mobile recharge
TXN_005719,2021-11-14,ACCT_00185,PERSON_00412,cash withdrawal,31841,VENDOR_077,cash withdrawal
TXN_005720,2022-04-30,ACCT_00323,PERSON_00302,shopping,9420,VENDOR_063,shopping
TXN_005721,2022-03-03,ACCT_00407,PERSON_00011,wholesale jewellery,276603,Festival Jewel Mart,legitimate cash-intensive retail/festival activity
TXN_005722,2024-11-03,ACCT_00420,PERSON_00159,transfer,342124,PERSON_00312,premium settlement
TXN_005723,2023-06-15,ACCT_00458,PERSON_00389,restaurant,15800,VENDOR_019,restaurant
TXN_005724,2022-05-23,ACCT_00142,PERSON_00179,settlement,283615,PERSON_00146,registration/document fee
TXN_005725,2024-02-05,ACCT_00358,PERSON_00085,transfer,51595,PERSON_00427,site material settlement
TXN_005726,2022-04-27,ACCT_00424,PERSON_00055,vendor payment,541005,PERSON_00177,event services
TXN_005727,2024-09-25,ACCT_00360,PERSON_00192,shopping,21937,VENDOR_008,shopping
TXN_005728,2023-08-15,ACCT_00089,PERSON_00395,cash withdrawal,21087,VENDOR_001,cash withdrawal
TXN_005729,2024-11-13,ACCT_00383,PERSON_00347,festival advance,310846,VENDOR_068,legitimate cash-intensive retail/festival activity
TXN_005730,2025-08-13,ACCT_00285,PERSON_00203,cash withdrawal,573029,PERSON_00445,service commission
TXN_005731,2024-11-26,ACCT_00339,PERSON_00426,cash withdrawal,540091,PERSON_00050,freight settlement
TXN_005732,2024-12-26,ACCT_00263,PERSON_00034,mobile recharge,15575,VENDOR_019,mobile recharge
TXN_005733,2025-01-15,ACCT_00420,PERSON_00159,transfer,803765,PERSON_00220,premium settlement
TXN_005734,2025-06-05,ACCT_00450,PERSON_00445,utility,22970,VENDOR_036,utility
TXN_005735,2022-03-11,ACCT_00437,PERSON_00360,fuel,5516,VENDOR_015,fuel
TXN_005736,2023-09-07,ACCT_00137,PERSON_00432,salary,38059,VENDOR_040,salary
TXN_005737,2025-12-15,ACCT_00146,PERSON_00287,transfer,531246,PERSON_00402,vehicle advance
TXN_005738,2024-06-21,ACCT_00246,PERSON_00244,wholesale jewellery,381236,VENDOR_047,legitimate cash-intensive retail/festival activity
TXN_005739,2023-06-19,ACCT_00383,PERSON_00347,wholesale jewellery,12830,VENDOR_019,legitimate cash-intensive retail/festival activity
TXN_005740,2023-10-20,ACCT_00309,PERSON_00127,grocery,16696,VENDOR_056,grocery
TXN_005741,2021-01-06,ACCT_00052,PERSON_00438,invoice,575999,PERSON_00149,vehicle advance
TXN_005742,2023-11-09,ACCT_00173,PERSON_00146,salary,8557,VENDOR_017,salary
TXN_005743,2022-03-19,ACCT_00347,PERSON_00291,shopping,19462,VENDOR_024,shopping
TXN_005744,2023-12-02,ACCT_00147,PERSON_00214,salary,22415,VENDOR_011,salary
TXN_005745,2022-09-08,ACCT_00380,PERSON_00178,rent,41016,VENDOR_100,rent
TXN_005746,2023-05-14,ACCT_00133,PERSON_00184,invoice,708570,PERSON_00076,wholesale goods
TXN_005747,2024-11-06,ACCT_00440,PERSON_00421,salary,22042,VENDOR_016,salary
TXN_005748,2024-05-02,ACCT_00448,PERSON_00032,cash deposit,716786,PERSON_00415,consultancy settlement
TXN_005749,2021-11-06,ACCT_00030,PERSON_00363,restaurant,16691,VENDOR_031,restaurant
TXN_005750,2024-11-18,ACCT_00155,PERSON_00268,school fee,26876,VENDOR_055,school fee
TXN_005751,2026-06-01,ACCT_00253,PERSON_00072,invoice,873037,PERSON_00287,vehicle advance
TXN_005752,2024-02-04,ACCT_00001,PERSON_00033,cash deposit,101224,VENDOR_062,legitimate cash-intensive retail/festival activity
TXN_005753,2025-09-03,ACCT_00436,PERSON_00199,rent,8959,VENDOR_069,rent
TXN_005754,2021-04-26,ACCT_00034,PERSON_00245,cash withdrawal,17900,VENDOR_046,cash withdrawal
TXN_005755,2025-08-12,ACCT_00422,PERSON_00052,mobile recharge,23550,VENDOR_068,mobile recharge
TXN_005756,2023-04-15,ACCT_00149,PERSON_00380,shopping,41470,VENDOR_043,shopping
TXN_005757,2024-04-10,ACCT_00345,PERSON_00064,school fee,16914,VENDOR_067,school fee
TXN_005758,2024-10-16,ACCT_00041,PERSON_00354,shopping,8100,VENDOR_080,shopping
TXN_005759,2026-02-20,ACCT_00405,PERSON_00329,grocery,35678,VENDOR_040,grocery
TXN_005760,2025-07-22,ACCT_00246,PERSON_00244,gold purchase,86711,Festival Jewel Mart,legitimate cash-intensive retail/festival activity
TXN_005761,2025-08-21,ACCT_00018,PERSON_00156,rent,30411,VENDOR_092,rent
TXN_005762,2025-09-16,ACCT_00460,PERSON_00336,invoice,643152,PERSON_00043,wholesale goods
TXN_005763,2024-06-02,ACCT_00167,PERSON_00088,gold purchase,445059,VENDOR_038,legitimate cash-intensive retail/festival activity
TXN_005764,2021-08-09,ACCT_00320,PERSON_00327,fuel,18721,VENDOR_047,fuel
TXN_005765,2024-07-15,ACCT_00001,PERSON_00033,cash withdrawal,43722,VENDOR_068,cash withdrawal
TXN_005766,2023-09-25,ACCT_00390,PERSON_00049,grocery,20821,VENDOR_061,grocery
TXN_005767,2024-04-18,ACCT_00215,PERSON_00078,salary,6657,VENDOR_035,salary
TXN_005768,2022-04-27,ACCT_00069,PERSON_00165,invoice,509506,PERSON_00425,transport settlement
TXN_005769,2024-09-11,ACCT_00438,PERSON_00074,supplier settlement,448020,VENDOR_089,legitimate cash-intensive retail/festival activity
TXN_005770,2024-08-27,ACCT_00229,PERSON_00094,vendor payment,321958,PERSON_00256,site material settlement
TXN_005771,2022-04-17,ACCT_00309,PERSON_00127,rent,36741,VENDOR_022,rent
TXN_005772,2024-12-21,ACCT_00272,PERSON_00128,school fee,33497,VENDOR_091,school fee
TXN_005773,2025-10-15,ACCT_00020,PERSON_00143,medical,4894,VENDOR_035,medical
TXN_005774,2022-12-02,ACCT_00042,PERSON_00195,grocery,34738,VENDOR_066,grocery
TXN_005775,2021-04-19,ACCT_00244,PERSON_00221,cash withdrawal,10349,VENDOR_018,cash withdrawal
TXN_005776,2024-02-13,ACCT_00438,PERSON_00074,cash deposit,23414,Family Gold Traders,legitimate cash-intensive retail/festival activity
TXN_005777,2024-06-19,ACCT_00365,PERSON_00014,shopping,14432,VENDOR_037,shopping
TXN_005778,2024-05-25,ACCT_00412,PERSON_00089,shopping,42476,VENDOR_071,shopping
TXN_005779,2024-05-01,ACCT_00037,PERSON_00113,supplier settlement,75897,VENDOR_034,legitimate cash-intensive retail/festival activity
TXN_005780,2025-11-23,ACCT_00087,PERSON_00010,transfer,337453,PERSON_00346,registration/document fee
TXN_005781,2021-10-05,ACCT_00350,PERSON_00059,cash deposit,383400,VENDOR_086,legitimate cash-intensive retail/festival activity
TXN_005782,2024-02-05,ACCT_00300,PERSON_00272,cash withdrawal,4669,VENDOR_027,cash withdrawal
TXN_005783,2022-02-08,ACCT_00280,PERSON_00205,medical,29973,VENDOR_063,medical
TXN_005784,2022-11-18,ACCT_00091,PERSON_00138,rent,9284,VENDOR_012,rent
TXN_005785,2024-01-30,ACCT_00150,PERSON_00231,invoice,839832,PERSON_00360,wholesale goods
TXN_005786,2023-11-17,ACCT_00116,PERSON_00106,cash withdrawal,12774,VENDOR_083,cash withdrawal
TXN_005787,2023-03-13,ACCT_00318,PERSON_00328,school fee,2160,VENDOR_035,school fee
TXN_005788,2023-03-02,ACCT_00419,PERSON_00380,fuel,8307,VENDOR_058,fuel
TXN_005789,2025-03-01,ACCT_00443,PERSON_00396,grocery,19535,VENDOR_060,grocery
TXN_005790,2024-12-10,ACCT_00383,PERSON_00347,wholesale jewellery,393694,VENDOR_029,legitimate cash-intensive retail/festival activity
TXN_005791,2023-12-21,ACCT_00358,PERSON_00085,settlement,437126,PERSON_00094,site material settlement
TXN_005792,2023-02-18,ACCT_00005,PERSON_00018,cash withdrawal,21451,VENDOR_089,cash withdrawal
TXN_005793,2023-05-31,ACCT_00060,PERSON_00435,mobile recharge,1491,VENDOR_012,mobile recharge
TXN_005794,2026-06-13,ACCT_00448,PERSON_00032,vendor payment,708479,PERSON_00034,consultancy settlement
TXN_005795,2021-06-17,ACCT_00084,PERSON_00133,invoice,242285,PERSON_00411,event services
TXN_005796,2022-08-25,ACCT_00014,PERSON_00088,wholesale jewellery,83780,VENDOR_041,legitimate cash-intensive retail/festival activity
TXN_005797,2024-06-18,ACCT_00037,PERSON_00113,wholesale jewellery,125404,VENDOR_079,legitimate cash-intensive retail/festival activity
TXN_005798,2024-07-14,ACCT_00357,PERSON_00126,vendor payment,836673,PERSON_00376,site material settlement
TXN_005799,2022-12-08,ACCT_00160,PERSON_00417,supplier settlement,93345,VENDOR_033,legitimate cash-intensive retail/festival activity
TXN_005800,2026-01-06,ACCT_00244,PERSON_00221,mobile recharge,20195,VENDOR_053,mobile recharge
TXN_005801,2021-05-08,ACCT_00372,PERSON_00028,invoice,752278,PERSON_00325,service commission
TXN_005802,2023-09-12,ACCT_00350,PERSON_00059,cash deposit,26679,VENDOR_030,legitimate cash-intensive retail/festival activity
TXN_005803,2023-06-25,ACCT_00409,PERSON_00193,rent,35869,VENDOR_034,rent
TXN_005804,2024-09-04,ACCT_00217,PERSON_00284,invoice,557896,PERSON_00445,service commission
TXN_005805,2023-05-12,ACCT_00246,PERSON_00244,wholesale jewellery,96518,VENDOR_009,legitimate cash-intensive retail/festival activity
TXN_005806,2025-12-30,ACCT_00324,PERSON_00283,transfer,719191,PERSON_00383,registration/document fee
TXN_005807,2023-03-07,ACCT_00119,PERSON_00318,cash withdrawal,39575,VENDOR_014,cash withdrawal
TXN_005808,2022-04-10,ACCT_00182,PERSON_00241,cash withdrawal,24887,VENDOR_009,cash withdrawal
TXN_005809,2022-01-15,ACCT_00091,PERSON_00138,cash withdrawal,42261,VENDOR_022,cash withdrawal
TXN_005810,2025-01-17,ACCT_00285,PERSON_00203,cash withdrawal,217101,PERSON_00101,service commission
TXN_005811,2021-05-05,ACCT_00274,PERSON_00188,cash withdrawal,792681,PERSON_00036,event services
TXN_005812,2021-02-20,ACCT_00372,PERSON_00028,cash withdrawal,544836,PERSON_00400,registration/document fee
TXN_005813,2026-04-29,ACCT_00365,PERSON_00014,cash withdrawal,41610,VENDOR_100,cash withdrawal
TXN_005814,2025-04-16,ACCT_00033,PERSON_00029,rent,562,VENDOR_096,rent
TXN_005815,2024-03-16,ACCT_00414,PERSON_00130,transport,30419,VENDOR_003,transport
TXN_001170,2023-04-28,ACCT_00451,PERSON_00281,transfer,30554,PERSON_00146,intermediary settlement
TXN_005817,2025-08-11,ACCT_00424,PERSON_00055,settlement,29873,PERSON_00016,event services
TXN_005818,2025-11-23,ACCT_00300,PERSON_00272,mobile recharge,19012,VENDOR_044,mobile recharge
TXN_005819,2021-06-03,ACCT_00102,PERSON_00173,utility,23383,VENDOR_041,utility
TXN_005820,2025-06-18,ACCT_00147,PERSON_00214,salary,7251,VENDOR_037,salary
TXN_005821,2023-08-03,ACCT_00316,PERSON_00237,restaurant,33584,VENDOR_012,restaurant
TXN_005822,2021-07-18,ACCT_00447,PERSON_00379,invoice,339445,PERSON_00169,consultancy settlement
TXN_005823,2021-03-20,ACCT_00478,PERSON_00218,transport,2287,VENDOR_100,transport
TXN_005824,2023-03-05,ACCT_00478,PERSON_00218,shopping,23506,VENDOR_020,shopping
TXN_005825,2022-12-01,ACCT_00355,PERSON_00263,vendor payment,364285,PERSON_00407,premium settlement
TXN_005826,2021-04-13,ACCT_00210,PERSON_00290,shopping,38236,VENDOR_010,shopping
TXN_005827,2023-11-08,ACCT_00014,PERSON_00088,festival advance,386896,VENDOR_098,legitimate cash-intensive retail/festival activity
TXN_005828,2021-03-30,ACCT_00240,PERSON_00450,restaurant,2375,VENDOR_071,restaurant
TXN_005829,2021-05-10,ACCT_00270,PERSON_00306,cash deposit,249132,PERSON_00184,wholesale goods
TXN_005830,2024-01-03,ACCT_00361,PERSON_00035,invoice,282929,PERSON_00009,consultancy settlement
TXN_005831,2022-03-26,ACCT_00133,PERSON_00184,transfer,501518,PERSON_00337,wholesale goods
TXN_005832,2025-01-24,ACCT_00364,PERSON_00103,cash withdrawal,13031,VENDOR_046,cash withdrawal
TXN_005833,2025-04-05,ACCT_00336,PERSON_00068,transfer,271403,PERSON_00145,site material settlement
TXN_005834,2024-02-07,ACCT_00367,PERSON_00256,settlement,717047,PERSON_00427,site material settlement
TXN_005835,2024-05-03,ACCT_00024,PERSON_00201,transfer,252389,PERSON_00449,transport settlement
TXN_005836,2025-01-09,ACCT_00274,PERSON_00188,fuel,20683,VENDOR_034,fuel
TXN_005837,2025-02-25,ACCT_00053,PERSON_00152,medical,5169,VENDOR_024,medical
TXN_005838,2021-01-25,ACCT_00125,PERSON_00026,restaurant,9664,VENDOR_047,restaurant
TXN_005839,2025-12-12,ACCT_00237,PERSON_00285,grocery,22458,VENDOR_038,grocery
TXN_005840,2021-07-14,ACCT_00227,PERSON_00023,gold purchase,178601,VENDOR_039,legitimate cash-intensive retail/festival activity
TXN_005841,2025-01-27,ACCT_00322,PERSON_00429,transfer,91908,PERSON_00016,event services
TXN_005842,2024-05-05,ACCT_00446,PERSON_00114,shopping,1643,VENDOR_100,shopping
TXN_005843,2025-04-01,ACCT_00142,PERSON_00179,festival advance,86118,VENDOR_056,legitimate cash-intensive retail/festival activity
TXN_005844,2025-12-03,ACCT_00380,PERSON_00178,fuel,37509,VENDOR_093,fuel
TXN_005845,2021-07-10,ACCT_00102,PERSON_00173,vendor payment,385596,PERSON_00388,service commission
TXN_005846,2023-10-09,ACCT_00194,PERSON_00077,grocery,2698,VENDOR_029,grocery
TXN_005847,2025-02-23,ACCT_00061,PERSON_00102,shopping,39599,VENDOR_068,shopping
TXN_005848,2025-12-27,ACCT_00298,PERSON_00371,rent,30435,VENDOR_058,rent
TXN_005849,2022-03-29,ACCT_00103,PERSON_00323,shopping,2024,VENDOR_007,shopping
TXN_005850,2021-07-09,ACCT_00223,PERSON_00298,fuel,7973,VENDOR_046,fuel
TXN_005851,2022-05-19,ACCT_00360,PERSON_00192,transfer,144573,PERSON_00360,wholesale goods
TXN_005852,2021-10-30,ACCT_00404,PERSON_00134,cash withdrawal,308924,PERSON_00272,consultancy settlement
TXN_005853,2025-10-18,ACCT_00396,PERSON_00115,school fee,40065,VENDOR_063,school fee
TXN_005854,2026-05-08,ACCT_00116,PERSON_00106,rent,15016,VENDOR_087,rent
TXN_005855,2024-08-10,ACCT_00407,PERSON_00011,invoice,139655,PERSON_00416,premium settlement
TXN_005856,2024-12-19,ACCT_00160,PERSON_00417,cash deposit,339730,VENDOR_005,legitimate cash-intensive retail/festival activity
TXN_005857,2024-01-18,ACCT_00389,PERSON_00313,medical,20299,VENDOR_023,medical
TXN_005858,2026-03-28,ACCT_00280,PERSON_00205,restaurant,41342,VENDOR_038,restaurant
TXN_005859,2021-04-29,ACCT_00120,PERSON_00153,school fee,9799,VENDOR_039,school fee
TXN_005860,2021-12-31,ACCT_00099,PERSON_00419,salary,44862,VENDOR_019,salary
TXN_005861,2022-10-25,ACCT_00072,PERSON_00418,shopping,33977,VENDOR_066,shopping
TXN_005862,2025-03-19,ACCT_00183,PERSON_00286,shopping,39039,VENDOR_041,shopping
TXN_005863,2022-04-09,ACCT_00287,PERSON_00071,medical,30830,VENDOR_065,medical
TXN_005864,2023-04-24,ACCT_00438,PERSON_00074,festival advance,317034,VENDOR_091,legitimate cash-intensive retail/festival activity
TXN_005865,2024-03-30,ACCT_00063,PERSON_00400,invoice,351304,PERSON_00346,registration/document fee
TXN_005866,2022-08-15,ACCT_00320,PERSON_00327,fuel,25004,VENDOR_100,fuel
TXN_005867,2022-01-31,ACCT_00232,PERSON_00416,settlement,425674,PERSON_00220,premium settlement
TXN_005868,2022-03-15,ACCT_00041,PERSON_00354,salary,31324,VENDOR_018,salary
TXN_005869,2026-06-16,ACCT_00131,PERSON_00331,fuel,20067,VENDOR_093,fuel
TXN_005870,2025-09-14,ACCT_00123,PERSON_00277,salary,34067,VENDOR_010,salary
TXN_005871,2022-04-05,ACCT_00398,PERSON_00274,medical,22467,VENDOR_046,medical
TXN_005872,2025-06-22,ACCT_00412,PERSON_00089,shopping,29108,VENDOR_100,shopping
TXN_005873,2022-02-05,ACCT_00330,PERSON_00038,mobile recharge,14010,VENDOR_050,mobile recharge
TXN_005874,2024-07-28,ACCT_00151,PERSON_00335,fuel,31350,VENDOR_095,fuel
TXN_005875,2023-06-16,ACCT_00368,PERSON_00019,mobile recharge,6760,VENDOR_015,mobile recharge
TXN_005876,2024-12-01,ACCT_00368,PERSON_00019,salary,41654,VENDOR_024,salary
TXN_005877,2022-09-28,ACCT_00309,PERSON_00127,mobile recharge,43297,VENDOR_042,mobile recharge
TXN_005878,2021-05-20,ACCT_00127,PERSON_00198,cash withdrawal,20604,VENDOR_004,cash withdrawal
TXN_005879,2025-06-01,ACCT_00028,PERSON_00059,cash deposit,103434,VENDOR_099,legitimate cash-intensive retail/festival activity
TXN_005880,2024-09-02,ACCT_00001,PERSON_00033,cash deposit,364048,PERSON_00290,registration/document fee
TXN_005881,2021-07-28,ACCT_00223,PERSON_00298,grocery,14126,VENDOR_031,grocery
TXN_005882,2024-03-11,ACCT_00020,PERSON_00143,grocery,14574,VENDOR_031,grocery
TXN_005883,2025-06-17,ACCT_00147,PERSON_00214,cash withdrawal,13736,VENDOR_079,cash withdrawal
TXN_005884,2023-10-05,ACCT_00021,PERSON_00367,grocery,37462,VENDOR_042,grocery
TXN_005885,2023-02-09,ACCT_00299,PERSON_00386,vendor payment,358903,PERSON_00255,freight settlement
TXN_005886,2021-05-29,ACCT_00268,PERSON_00422,utility,20054,VENDOR_070,utility
TXN_005887,2023-01-14,ACCT_00063,PERSON_00400,grocery,30609,VENDOR_017,grocery
TXN_005888,2023-06-09,ACCT_00383,PERSON_00347,festival advance,413326,VENDOR_098,legitimate cash-intensive retail/festival activity
TXN_005889,2022-07-12,ACCT_00357,PERSON_00126,mobile recharge,8343,VENDOR_003,mobile recharge
TXN_005890,2023-12-20,ACCT_00142,PERSON_00179,cash deposit,287591,VENDOR_055,legitimate cash-intensive retail/festival activity
TXN_005891,2022-05-26,ACCT_00088,PERSON_00155,cash withdrawal,527537,PERSON_00255,freight settlement
TXN_005892,2025-07-15,ACCT_00058,PERSON_00319,shopping,25230,VENDOR_027,shopping
TXN_005893,2021-07-26,ACCT_00192,PERSON_00405,transfer,589156,PERSON_00393,vehicle advance
TXN_005894,2026-06-03,ACCT_00350,PERSON_00059,gold purchase,441717,VENDOR_083,legitimate cash-intensive retail/festival activity
TXN_005895,2023-11-23,ACCT_00167,PERSON_00088,wholesale jewellery,167871,VENDOR_036,legitimate cash-intensive retail/festival activity
TXN_005896,2022-08-17,ACCT_00079,PERSON_00266,cash withdrawal,7305,VENDOR_077,cash withdrawal
TXN_005897,2023-11-01,ACCT_00161,PERSON_00030,grocery,10777,VENDOR_063,grocery
TXN_005898,2026-05-14,ACCT_00468,PERSON_00398,vendor payment,339119,PERSON_00165,transport settlement
TXN_005899,2024-11-15,ACCT_00194,PERSON_00077,grocery,16231,VENDOR_052,grocery
TXN_005900,2024-10-28,ACCT_00426,PERSON_00322,cash withdrawal,22028,VENDOR_084,cash withdrawal
TXN_005901,2022-10-28,ACCT_00197,PERSON_00169,grocery,36125,VENDOR_079,grocery
TXN_005902,2021-03-26,ACCT_00316,PERSON_00237,rent,32072,VENDOR_060,rent
TXN_005903,2025-06-11,ACCT_00227,PERSON_00023,wholesale jewellery,365040,VENDOR_073,legitimate cash-intensive retail/festival activity
TXN_005904,2023-05-05,ACCT_00480,PERSON_00040,grocery,13741,VENDOR_046,grocery
TXN_005905,2021-03-14,ACCT_00084,PERSON_00133,fuel,17439,VENDOR_027,fuel
TXN_005906,2021-09-20,ACCT_00410,PERSON_00307,salary,37591,VENDOR_072,salary
TXN_005907,2022-09-28,ACCT_00255,PERSON_00129,rent,8682,VENDOR_007,rent
TXN_005908,2024-06-16,ACCT_00216,PERSON_00230,grocery,24033,VENDOR_100,grocery
TXN_005909,2023-05-28,ACCT_00055,PERSON_00013,school fee,10698,VENDOR_039,school fee
TXN_005910,2025-01-09,ACCT_00478,PERSON_00218,grocery,38971,VENDOR_003,grocery
TXN_005911,2025-06-02,ACCT_00217,PERSON_00284,shopping,6506,VENDOR_063,shopping
TXN_005912,2026-06-25,ACCT_00192,PERSON_00405,shopping,10554,VENDOR_050,shopping
TXN_005913,2021-05-07,ACCT_00376,PERSON_00232,grocery,27074,VENDOR_057,grocery
TXN_005914,2024-04-26,ACCT_00347,PERSON_00291,rent,39862,VENDOR_081,rent
TXN_005915,2022-07-25,ACCT_00086,PERSON_00206,medical,25409,VENDOR_090,medical
TXN_005916,2021-08-28,ACCT_00266,PERSON_00402,cash deposit,369993,PERSON_00393,vehicle advance
TXN_005917,2022-10-30,ACCT_00407,PERSON_00011,rent,15776,VENDOR_007,rent
TXN_005918,2024-08-02,ACCT_00295,PERSON_00269,transport,16908,VENDOR_018,transport
TXN_005919,2024-09-12,ACCT_00196,PERSON_00278,salary,13817,VENDOR_095,salary
TXN_005920,2021-03-15,ACCT_00466,PERSON_00252,shopping,13597,VENDOR_059,shopping
TXN_005921,2024-03-19,ACCT_00374,PERSON_00320,settlement,860755,PERSON_00445,service commission
TXN_005922,2022-04-20,ACCT_00003,PERSON_00434,vendor payment,765385,PERSON_00402,vehicle advance
TXN_005923,2021-05-16,ACCT_00184,PERSON_00343,rent,9572,VENDOR_086,rent
TXN_005924,2024-01-22,ACCT_00133,PERSON_00184,settlement,885247,PERSON_00043,wholesale goods
TXN_005925,2022-05-19,ACCT_00146,PERSON_00287,grocery,11267,VENDOR_077,grocery
TXN_005926,2023-08-11,ACCT_00457,PERSON_00300,grocery,41177,VENDOR_023,grocery
TXN_005927,2021-10-03,ACCT_00335,PERSON_00248,medical,34783,VENDOR_095,medical
TXN_005928,2021-06-15,ACCT_00001,PERSON_00033,supplier settlement,326300,VENDOR_039,legitimate cash-intensive retail/festival activity
TXN_005929,2023-11-24,ACCT_00413,PERSON_00233,grocery,42634,VENDOR_100,grocery
TXN_005930,2021-04-29,ACCT_00416,PERSON_00043,vendor payment,503498,PERSON_00306,wholesale goods
TXN_005931,2023-07-08,ACCT_00285,PERSON_00203,invoice,598785,PERSON_00170,service commission
TXN_005932,2023-02-16,ACCT_00257,PERSON_00136,rent,29779,VENDOR_052,rent
TXN_005933,2023-05-27,ACCT_00132,PERSON_00100,cash deposit,48151,VENDOR_064,legitimate cash-intensive retail/festival activity
TXN_005934,2025-01-13,ACCT_00190,PERSON_00271,mobile recharge,9961,VENDOR_035,mobile recharge
TXN_005935,2021-04-11,ACCT_00382,PERSON_00096,rent,35075,VENDOR_095,rent
TXN_005936,2022-09-14,ACCT_00300,PERSON_00272,utility,17465,VENDOR_017,utility
TXN_005937,2026-06-17,ACCT_00202,PERSON_00149,transfer,383002,PERSON_00081,vehicle advance
TXN_005938,2021-04-24,ACCT_00227,PERSON_00023,cash withdrawal,25998,VENDOR_014,cash withdrawal
TXN_005939,2022-02-18,ACCT_00299,PERSON_00386,rent,41644,VENDOR_076,rent
TXN_005940,2025-07-19,ACCT_00428,PERSON_00234,vendor payment,319445,PERSON_00269,registration/document fee
TXN_005941,2026-04-28,ACCT_00202,PERSON_00149,fuel,14744,VENDOR_055,fuel
TXN_005942,2022-06-13,ACCT_00228,PERSON_00098,grocery,5127,VENDOR_048,grocery
TXN_005943,2025-09-02,ACCT_00428,PERSON_00234,rent,31076,VENDOR_088,rent
TXN_005944,2025-09-03,ACCT_00341,PERSON_00310,medical,42798,VENDOR_088,medical
TXN_005945,2022-12-04,ACCT_00242,PERSON_00124,vendor payment,311235,PERSON_00329,freight settlement
TXN_005946,2024-03-02,ACCT_00033,PERSON_00029,cash withdrawal,15577,VENDOR_089,cash withdrawal
TXN_005947,2022-12-13,ACCT_00287,PERSON_00071,cash deposit,496353,PERSON_00165,transport settlement
TXN_005948,2025-09-04,ACCT_00124,PERSON_00270,school fee,25799,VENDOR_094,school fee
TXN_005949,2022-06-23,ACCT_00097,PERSON_00105,restaurant,21529,VENDOR_089,restaurant
TXN_005950,2024-08-08,ACCT_00037,PERSON_00113,cash deposit,355297,VENDOR_054,legitimate cash-intensive retail/festival activity
TXN_005951,2022-12-18,ACCT_00037,PERSON_00113,festival advance,36872,VENDOR_057,legitimate cash-intensive retail/festival activity
TXN_005952,2022-02-18,ACCT_00373,PERSON_00141,invoice,470989,PERSON_00425,transport settlement
TXN_005953,2024-07-31,ACCT_00398,PERSON_00274,shopping,14167,VENDOR_020,shopping
TXN_005954,2022-10-23,ACCT_00044,PERSON_00086,grocery,26092,VENDOR_054,grocery
TXN_005955,2025-11-25,ACCT_00417,PERSON_00076,vendor payment,36350,PERSON_00231,wholesale goods
TXN_005956,2021-08-10,ACCT_00383,PERSON_00347,wholesale jewellery,56675,VENDOR_074,legitimate cash-intensive retail/festival activity
TXN_005957,2025-08-09,ACCT_00101,PERSON_00160,medical,36251,VENDOR_030,medical
TXN_005958,2026-05-17,ACCT_00414,PERSON_00130,shopping,20780,VENDOR_009,shopping
TXN_005959,2025-09-16,ACCT_00170,PERSON_00123,shopping,18217,VENDOR_012,shopping
TXN_005960,2021-06-26,ACCT_00256,PERSON_00309,settlement,367169,PERSON_00053,freight settlement
TXN_005961,2025-02-21,ACCT_00268,PERSON_00422,grocery,26484,VENDOR_092,grocery
TXN_005962,2024-01-02,ACCT_00142,PERSON_00179,wholesale jewellery,397119,Festival Jewel Mart,legitimate cash-intensive retail/festival activity
TXN_005963,2025-10-28,ACCT_00227,PERSON_00023,supplier settlement,382155,VENDOR_006,legitimate cash-intensive retail/festival activity
TXN_005964,2025-06-01,ACCT_00160,PERSON_00417,wholesale jewellery,338128,VENDOR_064,legitimate cash-intensive retail/festival activity
TXN_005965,2022-09-22,ACCT_00454,PERSON_00119,fuel,35465,VENDOR_100,fuel
TXN_005966,2022-04-02,ACCT_00227,PERSON_00023,supplier settlement,377293,VENDOR_063,legitimate cash-intensive retail/festival activity
TXN_005967,2025-05-18,ACCT_00150,PERSON_00231,vendor payment,713569,PERSON_00185,wholesale goods
TXN_005968,2021-03-06,ACCT_00424,PERSON_00055,grocery,33982,VENDOR_031,grocery
TXN_005969,2025-04-07,ACCT_00256,PERSON_00309,fuel,25006,VENDOR_033,fuel
TXN_005970,2023-03-04,ACCT_00017,PERSON_00088,supplier settlement,438946,VENDOR_017,legitimate cash-intensive retail/festival activity
TXN_005971,2026-03-25,ACCT_00155,PERSON_00268,shopping,15057,VENDOR_060,shopping
TXN_005972,2021-11-25,ACCT_00447,PERSON_00379,shopping,43611,VENDOR_083,shopping
TXN_005973,2024-07-04,ACCT_00063,PERSON_00400,cash withdrawal,44532,VENDOR_092,cash withdrawal
TXN_005974,2025-03-12,ACCT_00390,PERSON_00049,salary,7890,VENDOR_036,salary
TXN_005975,2023-09-08,ACCT_00228,PERSON_00098,restaurant,44478,VENDOR_020,restaurant
TXN_005976,2025-11-19,ACCT_00367,PERSON_00256,transport,19439,VENDOR_062,transport
TXN_005977,2024-12-12,ACCT_00335,PERSON_00248,fuel,20419,VENDOR_094,fuel
TXN_005978,2025-03-04,ACCT_00192,PERSON_00405,cash deposit,262115,PERSON_00149,vehicle advance
TXN_005979,2023-12-02,ACCT_00162,PERSON_00376,cash withdrawal,880316,PERSON_00094,site material settlement
TXN_005980,2022-09-04,ACCT_00417,PERSON_00076,vendor payment,541437,PERSON_00336,wholesale goods
TXN_005981,2024-07-08,ACCT_00189,PERSON_00373,settlement,713311,PERSON_00436,site material settlement
TXN_005982,2024-08-21,ACCT_00020,PERSON_00143,shopping,34782,VENDOR_053,shopping
TXN_005983,2025-02-23,ACCT_00332,PERSON_00240,salary,33850,VENDOR_066,salary
TXN_005984,2025-02-22,ACCT_00097,PERSON_00105,invoice,525109,PERSON_00290,registration/document fee
TXN_005985,2021-03-19,ACCT_00438,PERSON_00074,festival advance,169047,VENDOR_081,legitimate cash-intensive retail/festival activity
TXN_005986,2022-12-16,ACCT_00187,PERSON_00273,salary,6536,VENDOR_014,salary
TXN_005987,2024-04-08,ACCT_00065,PERSON_00014,grocery,31413,VENDOR_084,grocery
TXN_005988,2022-06-07,ACCT_00122,PERSON_00148,shopping,24073,VENDOR_072,shopping
TXN_005989,2023-04-14,ACCT_00050,PERSON_00008,school fee,6678,VENDOR_006,school fee
TXN_005990,2025-01-16,ACCT_00003,PERSON_00434,school fee,8959,VENDOR_099,school fee
TXN_005991,2025-09-17,ACCT_00021,PERSON_00367,fuel,16301,VENDOR_078,fuel
TXN_005992,2022-02-22,ACCT_00437,PERSON_00360,cash deposit,586937,PERSON_00192,wholesale goods
TXN_005993,2021-04-19,ACCT_00406,PERSON_00250,cash withdrawal,11140,VENDOR_014,cash withdrawal
TXN_005994,2023-01-14,ACCT_00097,PERSON_00105,rent,35525,VENDOR_049,rent
TXN_005995,2025-06-16,ACCT_00383,PERSON_00347,gold purchase,178093,VENDOR_007,legitimate cash-intensive retail/festival activity
TXN_005996,2026-04-06,ACCT_00438,PERSON_00074,cash deposit,340802,VENDOR_062,legitimate cash-intensive retail/festival activity
TXN_005997,2025-09-01,ACCT_00349,PERSON_00384,school fee,37079,VENDOR_084,school fee
TXN_005998,2025-02-25,ACCT_00383,PERSON_00347,fuel,39869,VENDOR_040,fuel
TXN_005999,2022-07-31,ACCT_00369,PERSON_00433,vendor payment,329971,PERSON_00246,site material settlement
TXN_006000,2023-11-18,ACCT_00277,PERSON_00182,salary,31612,VENDOR_016,salary
TXN_006001,2022-11-17,ACCT_00213,PERSON_00048,grocery,29235,VENDOR_061,grocery
TXN_006002,2021-02-04,ACCT_00414,PERSON_00130,cash deposit,140914,PERSON_00325,service commission
TXN_006003,2022-04-04,ACCT_00350,PERSON_00059,supplier settlement,25773,VENDOR_065,legitimate cash-intensive retail/festival activity
TXN_006004,2024-11-23,ACCT_00128,PERSON_00061,rent,11435,VENDOR_003,rent
TXN_006005,2026-06-24,ACCT_00289,PERSON_00131,mobile recharge,9656,VENDOR_014,mobile recharge
TXN_006006,2024-02-25,ACCT_00270,PERSON_00306,mobile recharge,32789,VENDOR_063,mobile recharge
TXN_006007,2022-10-26,ACCT_00124,PERSON_00270,restaurant,41016,VENDOR_047,restaurant
TXN_006008,2021-12-26,ACCT_00004,PERSON_00425,cash withdrawal,566,VENDOR_051,cash withdrawal
TXN_006009,2022-04-11,ACCT_00456,PERSON_00142,medical,5484,VENDOR_084,medical
TXN_006010,2021-01-20,ACCT_00246,PERSON_00244,cash deposit,283471,VENDOR_055,legitimate cash-intensive retail/festival activity
TXN_006011,2025-04-12,ACCT_00366,PERSON_00063,salary,12973,VENDOR_036,salary
TXN_006012,2025-04-06,ACCT_00227,PERSON_00023,cash deposit,333467,VENDOR_014,legitimate cash-intensive retail/festival activity
TXN_006013,2024-04-19,ACCT_00120,PERSON_00153,rent,20342,VENDOR_013,rent
TXN_006014,2023-03-24,ACCT_00358,PERSON_00085,cash deposit,246358,PERSON_00094,site material settlement
TXN_006015,2024-10-14,ACCT_00435,PERSON_00352,fuel,16000,VENDOR_044,fuel
TXN_006016,2021-03-10,ACCT_00070,PERSON_00216,salary,24741,VENDOR_040,salary
TXN_006017,2023-06-19,ACCT_00246,PERSON_00244,supplier settlement,143373,VENDOR_011,legitimate cash-intensive retail/festival activity
TXN_006018,2024-01-02,ACCT_00137,PERSON_00432,school fee,5861,VENDOR_061,school fee
TXN_006019,2022-02-20,ACCT_00383,PERSON_00347,salary,21946,VENDOR_065,salary
TXN_006020,2022-01-12,ACCT_00001,PERSON_00033,gold purchase,65615,VENDOR_100,legitimate cash-intensive retail/festival activity
TXN_006021,2024-08-21,ACCT_00173,PERSON_00146,cash withdrawal,456586,PERSON_00010,registration/document fee
TXN_006022,2021-03-11,ACCT_00173,PERSON_00146,medical,4883,VENDOR_047,medical
TXN_006023,2024-01-01,ACCT_00176,PERSON_00264,cash withdrawal,35673,VENDOR_071,cash withdrawal
TXN_006024,2023-10-23,ACCT_00307,PERSON_00305,salary,16541,VENDOR_093,salary
TXN_006025,2023-07-01,ACCT_00391,PERSON_00377,mobile recharge,22632,VENDOR_009,mobile recharge
TXN_006026,2022-12-14,ACCT_00244,PERSON_00221,settlement,9449,PERSON_00034,consultancy settlement
TXN_006027,2024-01-24,ACCT_00285,PERSON_00203,cash withdrawal,460619,PERSON_00170,service commission
TXN_006028,2025-05-23,ACCT_00455,PERSON_00016,grocery,22485,VENDOR_034,grocery
TXN_006029,2025-01-05,ACCT_00316,PERSON_00237,fuel,34607,VENDOR_029,fuel
TXN_006030,2022-04-21,ACCT_00157,PERSON_00317,cash withdrawal,34237,VENDOR_095,cash withdrawal
TXN_006031,2021-12-08,ACCT_00411,PERSON_00174,salary,39841,VENDOR_080,salary
TXN_006032,2022-04-29,ACCT_00303,PERSON_00442,salary,24956,VENDOR_019,salary
TXN_006033,2024-05-05,ACCT_00245,PERSON_00151,grocery,25218,VENDOR_041,grocery
TXN_006034,2024-08-31,ACCT_00345,PERSON_00064,shopping,33234,VENDOR_002,shopping
TXN_006035,2021-11-16,ACCT_00305,PERSON_00020,cash withdrawal,813360,PERSON_00173,service commission
TXN_006036,2022-10-04,ACCT_00480,PERSON_00040,vendor payment,388795,PERSON_00398,transport settlement
TXN_006037,2023-07-23,ACCT_00277,PERSON_00182,mobile recharge,34333,VENDOR_057,mobile recharge
TXN_006038,2022-04-21,ACCT_00371,PERSON_00004,transfer,158873,PERSON_00177,event services
TXN_006039,2022-04-15,ACCT_00231,PERSON_00246,rent,32503,VENDOR_042,rent
TXN_006040,2025-01-23,ACCT_00057,PERSON_00311,cash withdrawal,496365,PERSON_00407,premium settlement
TXN_006041,2025-02-22,ACCT_00440,PERSON_00421,fuel,9619,VENDOR_048,fuel
TXN_006042,2021-03-21,ACCT_00357,PERSON_00126,shopping,18379,VENDOR_088,shopping
TXN_006043,2023-12-04,ACCT_00438,PERSON_00074,cash deposit,251844,VENDOR_026,legitimate cash-intensive retail/festival activity
TXN_006044,2023-01-16,ACCT_00344,PERSON_00410,rent,40062,VENDOR_055,rent
TXN_006045,2026-02-27,ACCT_00409,PERSON_00193,cash withdrawal,4641,VENDOR_034,cash withdrawal
TXN_006046,2022-03-16,ACCT_00327,PERSON_00285,salary,7536,VENDOR_036,salary
TXN_006047,2026-03-14,ACCT_00480,PERSON_00040,school fee,1904,VENDOR_083,school fee
TXN_006048,2022-02-16,ACCT_00339,PERSON_00426,transfer,872437,PERSON_00010,freight settlement
TXN_006049,2021-02-09,ACCT_00042,PERSON_00195,rent,15361,VENDOR_035,rent
TXN_006050,2025-10-18,ACCT_00130,PERSON_00416,invoice,690462,PERSON_00362,premium settlement
TXN_006051,2026-06-01,ACCT_00351,PERSON_00163,cash deposit,756732,PERSON_00449,transport settlement
TXN_006052,2021-06-26,ACCT_00416,PERSON_00043,vendor payment,152001,PERSON_00192,wholesale goods
TXN_006053,2024-10-17,ACCT_00207,PERSON_00239,restaurant,7261,VENDOR_031,restaurant
TXN_006054,2024-06-11,ACCT_00383,PERSON_00347,grocery,5726,VENDOR_094,grocery
TXN_006055,2022-08-08,ACCT_00471,PERSON_00353,cash withdrawal,6675,VENDOR_064,cash withdrawal
TXN_006056,2023-05-03,ACCT_00229,PERSON_00094,transport,38458,VENDOR_026,transport
TXN_006057,2026-06-11,ACCT_00382,PERSON_00096,grocery,39543,VENDOR_029,grocery
TXN_006058,2025-05-09,ACCT_00440,PERSON_00421,cash deposit,598671,PERSON_00281,site material settlement
TXN_006059,2023-05-16,ACCT_00438,PERSON_00074,wholesale jewellery,238838,VENDOR_010,legitimate cash-intensive retail/festival activity
TXN_006060,2021-09-02,ACCT_00019,PERSON_00175,transfer,302962,PERSON_00405,vehicle advance
TXN_006061,2021-10-06,ACCT_00284,PERSON_00238,grocery,42113,VENDOR_037,grocery
TXN_006062,2022-09-02,ACCT_00346,PERSON_00359,vendor payment,209933,PERSON_00379,consultancy settlement
TXN_006063,2025-12-04,ACCT_00408,PERSON_00407,vendor payment,35151,PERSON_00220,premium settlement
TXN_006064,2021-01-26,ACCT_00006,PERSON_00424,utility,5057,VENDOR_067,utility
TXN_006065,2022-12-02,ACCT_00001,PERSON_00033,gold purchase,370636,VENDOR_004,legitimate cash-intensive retail/festival activity
TXN_006066,2022-04-22,ACCT_00124,PERSON_00270,shopping,14567,VENDOR_092,shopping
TXN_006067,2025-05-18,ACCT_00315,PERSON_00202,rent,40849,VENDOR_080,rent
TXN_006068,2022-05-25,ACCT_00030,PERSON_00363,shopping,12657,VENDOR_013,shopping
TXN_006069,2022-05-16,ACCT_00434,PERSON_00342,utility,8450,VENDOR_069,utility
TXN_006070,2023-01-15,ACCT_00213,PERSON_00048,settlement,787886,PERSON_00250,site material settlement
TXN_006071,2023-11-30,ACCT_00352,PERSON_00110,shopping,5417,VENDOR_084,shopping
TXN_006072,2022-04-28,ACCT_00059,PERSON_00390,cash deposit,54081,PERSON_00133,event services
TXN_006073,2021-10-21,ACCT_00038,PERSON_00254,fuel,21272,VENDOR_006,fuel
TXN_006074,2026-04-16,ACCT_00231,PERSON_00246,cash deposit,672372,PERSON_00012,site material settlement
TXN_006075,2024-12-11,ACCT_00277,PERSON_00182,school fee,23539,VENDOR_013,school fee
TXN_006076,2025-11-10,ACCT_00407,PERSON_00011,gold purchase,156092,VENDOR_013,legitimate cash-intensive retail/festival activity
TXN_006077,2025-06-12,ACCT_00438,PERSON_00074,gold purchase,306775,VENDOR_061,legitimate cash-intensive retail/festival activity
TXN_006078,2026-05-22,ACCT_00021,PERSON_00367,school fee,23239,VENDOR_062,school fee
TXN_006079,2025-10-31,ACCT_00019,PERSON_00175,cash deposit,481631,PERSON_00149,vehicle advance
TXN_006080,2022-04-16,ACCT_00227,PERSON_00023,supplier settlement,48182,Festival Jewel Mart,legitimate cash-intensive retail/festival activity
TXN_006081,2023-11-17,ACCT_00312,PERSON_00295,transport,33112,VENDOR_076,transport
TXN_006082,2025-10-29,ACCT_00421,PERSON_00444,vendor payment,884032,PERSON_00050,freight settlement
TXN_006083,2024-10-29,ACCT_00437,PERSON_00360,rent,40129,VENDOR_091,rent
TXN_006084,2023-09-28,ACCT_00055,PERSON_00013,mobile recharge,7663,VENDOR_076,mobile recharge
TXN_006085,2025-11-29,ACCT_00093,PERSON_00204,medical,5374,VENDOR_100,medical
TXN_006086,2022-07-28,ACCT_00001,PERSON_00033,salary,23798,VENDOR_090,salary
TXN_006087,2026-01-17,ACCT_00251,PERSON_00383,grocery,13083,VENDOR_013,grocery
TXN_006088,2023-03-18,ACCT_00451,PERSON_00281,transfer,473228,PERSON_00246,site material settlement
TXN_006089,2025-06-23,ACCT_00197,PERSON_00169,transport,11797,VENDOR_091,transport
TXN_006090,2024-05-19,ACCT_00305,PERSON_00020,settlement,42499,PERSON_00430,service commission
TXN_006091,2022-06-26,ACCT_00420,PERSON_00159,medical,11859,VENDOR_069,medical
TXN_006092,2024-02-22,ACCT_00076,PERSON_00441,transport,29530,VENDOR_067,transport
TXN_006093,2025-03-21,ACCT_00004,PERSON_00425,cash deposit,769286,PERSON_00147,transport settlement
TXN_006094,2022-08-27,ACCT_00192,PERSON_00405,fuel,29312,VENDOR_025,fuel
TXN_006095,2024-01-27,ACCT_00127,PERSON_00198,restaurant,35360,VENDOR_036,restaurant
TXN_006096,2024-10-01,ACCT_00356,PERSON_00338,restaurant,40334,VENDOR_007,restaurant
TXN_006097,2023-12-28,ACCT_00321,PERSON_00167,grocery,7076,VENDOR_012,grocery
TXN_006098,2022-04-19,ACCT_00402,PERSON_00345,cash deposit,390413,PERSON_00282,vehicle advance
TXN_006099,2026-06-11,ACCT_00103,PERSON_00323,shopping,41342,VENDOR_066,shopping
TXN_006100,2024-08-07,ACCT_00421,PERSON_00444,vendor payment,57293,PERSON_00053,freight settlement
TXN_006101,2024-08-01,ACCT_00132,PERSON_00100,wholesale jewellery,263726,VENDOR_091,legitimate cash-intensive retail/festival activity
TXN_006102,2022-01-05,ACCT_00153,PERSON_00420,restaurant,2040,VENDOR_045,restaurant
TXN_006103,2021-03-02,ACCT_00365,PERSON_00014,rent,17149,VENDOR_072,rent
TXN_006104,2021-10-27,ACCT_00403,PERSON_00258,shopping,38697,VENDOR_001,shopping
TXN_006105,2025-09-03,ACCT_00381,PERSON_00200,salary,39199,VENDOR_009,salary
TXN_006106,2023-09-30,ACCT_00003,PERSON_00434,settlement,578848,PERSON_00378,vehicle advance
TXN_006107,2022-10-08,ACCT_00212,PERSON_00247,salary,29214,VENDOR_017,salary
TXN_006108,2022-01-26,ACCT_00184,PERSON_00343,settlement,311772,PERSON_00076,wholesale goods
TXN_006109,2023-09-20,ACCT_00037,PERSON_00113,cash deposit,83627,VENDOR_097,legitimate cash-intensive retail/festival activity
TXN_006110,2022-12-15,ACCT_00021,PERSON_00367,grocery,13113,VENDOR_049,grocery
TXN_006111,2021-10-21,ACCT_00017,PERSON_00088,gold purchase,303584,VENDOR_033,legitimate cash-intensive retail/festival activity
TXN_006112,2021-11-01,ACCT_00035,PERSON_00228,mobile recharge,13541,VENDOR_074,mobile recharge
TXN_006113,2023-03-13,ACCT_00330,PERSON_00038,school fee,10692,VENDOR_063,school fee
TXN_006114,2024-01-05,ACCT_00345,PERSON_00064,grocery,11096,VENDOR_043,grocery
TXN_006115,2025-01-08,ACCT_00377,PERSON_00417,wholesale jewellery,238762,VENDOR_066,legitimate cash-intensive retail/festival activity
TXN_006116,2025-12-05,ACCT_00393,PERSON_00408,cash withdrawal,32076,VENDOR_027,cash withdrawal
TXN_006117,2022-05-07,ACCT_00158,PERSON_00002,medical,38129,VENDOR_063,medical
TXN_006118,2023-04-11,ACCT_00390,PERSON_00049,vendor payment,531622,PERSON_00052,event services
TXN_006119,2025-07-13,ACCT_00179,PERSON_00332,restaurant,27647,VENDOR_048,restaurant
TXN_006120,2021-08-11,ACCT_00131,PERSON_00331,cash withdrawal,23953,VENDOR_073,cash withdrawal
TXN_006121,2023-01-19,ACCT_00454,PERSON_00119,utility,44400,VENDOR_044,utility
TXN_006122,2024-06-13,ACCT_00024,PERSON_00201,transport,13748,VENDOR_096,transport
TXN_006123,2022-11-25,ACCT_00071,PERSON_00073,transfer,74069,PERSON_00272,consultancy settlement
TXN_006124,2022-09-25,ACCT_00244,PERSON_00221,settlement,774867,PERSON_00359,consultancy settlement
TXN_006125,2023-09-08,ACCT_00142,PERSON_00179,wholesale jewellery,373402,VENDOR_026,legitimate cash-intensive retail/festival activity
TXN_006126,2025-06-18,ACCT_00374,PERSON_00320,salary,1877,VENDOR_077,salary
TXN_006127,2023-05-30,ACCT_00350,PERSON_00059,wholesale jewellery,14155,VENDOR_023,legitimate cash-intensive retail/festival activity
TXN_006128,2021-12-28,ACCT_00457,PERSON_00300,transfer,849244,PERSON_00176,vehicle advance
TXN_006129,2023-11-10,ACCT_00068,PERSON_00366,restaurant,43684,VENDOR_081,restaurant
TXN_006130,2024-05-19,ACCT_00192,PERSON_00405,cash deposit,212519,PERSON_00378,vehicle advance
TXN_006131,2025-08-09,ACCT_00251,PERSON_00383,transfer,45988,PERSON_00283,registration/document fee
TXN_006132,2026-01-14,ACCT_00133,PERSON_00184,invoice,750940,PERSON_00336,wholesale goods
TXN_006133,2023-04-10,ACCT_00220,PERSON_00259,rent,603,VENDOR_089,rent
TXN_006134,2024-04-26,ACCT_00245,PERSON_00151,shopping,23667,VENDOR_047,shopping
TXN_006135,2023-03-11,ACCT_00093,PERSON_00204,restaurant,1436,VENDOR_035,restaurant
TXN_006136,2025-06-22,ACCT_00069,PERSON_00165,transfer,618689,PERSON_00449,transport settlement
TXN_006137,2025-11-15,ACCT_00144,PERSON_00312,cash withdrawal,23905,VENDOR_012,cash withdrawal
TXN_006138,2023-07-08,ACCT_00001,PERSON_00033,cash deposit,412300,VENDOR_067,legitimate cash-intensive retail/festival activity
TXN_006139,2024-09-30,ACCT_00399,PERSON_00363,transfer,52517,PERSON_00376,site material settlement
TXN_006140,2022-10-07,ACCT_00258,PERSON_00148,vendor payment,239371,PERSON_00225,consultancy settlement
TXN_006141,2025-01-14,ACCT_00063,PERSON_00400,restaurant,28095,VENDOR_052,restaurant
TXN_006142,2024-08-09,ACCT_00150,PERSON_00231,cash deposit,443999,PERSON_00078,wholesale goods
TXN_007177,2024-08-13,ACCT_00451,PERSON_00281,transfer,107394,PERSON_00391,intermediary settlement
TXN_006144,2024-01-19,ACCT_00435,PERSON_00352,grocery,8955,VENDOR_086,grocery
TXN_006145,2022-12-27,ACCT_00059,PERSON_00390,grocery,20513,VENDOR_066,grocery
TXN_006146,2026-06-24,ACCT_00029,PERSON_00037,medical,42166,VENDOR_044,medical
TXN_006147,2024-07-22,ACCT_00142,PERSON_00179,gold purchase,13843,Family Gold Traders,legitimate cash-intensive retail/festival activity
TXN_006148,2023-06-20,ACCT_00019,PERSON_00175,invoice,84433,PERSON_00405,vehicle advance
TXN_006149,2026-06-22,ACCT_00044,PERSON_00086,grocery,11621,VENDOR_048,grocery
TXN_006150,2024-11-02,ACCT_00093,PERSON_00204,invoice,108083,PERSON_00265,consultancy settlement
TXN_006151,2023-10-15,ACCT_00348,PERSON_00055,cash deposit,405025,PERSON_00016,event services
TXN_006152,2026-03-21,ACCT_00282,PERSON_00436,cash deposit,642262,PERSON_00154,site material settlement
TXN_006153,2022-12-10,ACCT_00416,PERSON_00043,cash withdrawal,172248,PERSON_00231,wholesale goods
TXN_006154,2024-02-18,ACCT_00163,PERSON_00255,settlement,825046,PERSON_00050,freight settlement
TXN_006155,2025-02-17,ACCT_00159,PERSON_00297,rent,21014,VENDOR_092,rent
TXN_006156,2025-12-11,ACCT_00160,PERSON_00417,wholesale jewellery,159540,VENDOR_075,legitimate cash-intensive retail/festival activity
TXN_006157,2021-12-27,ACCT_00260,PERSON_00261,shopping,356,VENDOR_032,shopping
TXN_006158,2024-03-15,ACCT_00177,PERSON_00209,cash withdrawal,37775,VENDOR_043,cash withdrawal
TXN_006159,2024-12-11,ACCT_00063,PERSON_00400,salary,19556,VENDOR_020,salary
TXN_006160,2022-04-30,ACCT_00293,PERSON_00054,cash withdrawal,202,VENDOR_022,cash withdrawal
TXN_006161,2023-04-11,ACCT_00080,PERSON_00137,grocery,14985,VENDOR_019,grocery
TXN_006162,2023-03-29,ACCT_00204,PERSON_00070,rent,34595,VENDOR_020,rent
TXN_006163,2026-06-17,ACCT_00226,PERSON_00168,transfer,177485,PERSON_00188,event services
TXN_006164,2025-12-26,ACCT_00341,PERSON_00310,grocery,6811,VENDOR_018,grocery
TXN_006165,2024-05-31,ACCT_00294,PERSON_00177,transport,33280,VENDOR_065,transport
TXN_006166,2026-04-13,ACCT_00241,PERSON_00430,transfer,13605,PERSON_00101,service commission
TXN_006167,2025-09-21,ACCT_00176,PERSON_00264,transport,11323,VENDOR_058,transport
TXN_006168,2025-08-15,ACCT_00265,PERSON_00093,rent,39906,VENDOR_075,rent
TXN_006169,2021-06-28,ACCT_00422,PERSON_00052,transport,36929,VENDOR_093,transport
TXN_006170,2022-04-17,ACCT_00438,PERSON_00074,cash withdrawal,26744,VENDOR_025,cash withdrawal
TXN_006171,2025-07-19,ACCT_00422,PERSON_00052,cash deposit,388269,PERSON_00016,event services
TXN_006172,2022-05-05,ACCT_00165,PERSON_00242,rent,35080,VENDOR_020,rent
TXN_006173,2024-06-15,ACCT_00194,PERSON_00077,grocery,34010,VENDOR_098,grocery
TXN_006174,2022-04-14,ACCT_00471,PERSON_00353,transfer,708824,PERSON_00121,consultancy settlement
TXN_006175,2023-04-24,ACCT_00328,PERSON_00161,grocery,41710,VENDOR_011,grocery
TXN_006176,2023-11-22,ACCT_00249,PERSON_00358,restaurant,40953,VENDOR_044,restaurant
TXN_006177,2024-11-27,ACCT_00462,PERSON_00186,cash withdrawal,2973,VENDOR_079,cash withdrawal
TXN_006178,2025-05-26,ACCT_00074,PERSON_00293,cash withdrawal,25217,VENDOR_033,cash withdrawal
TXN_006179,2022-11-15,ACCT_00407,PERSON_00011,transfer,465146,PERSON_00416,premium settlement
TXN_006180,2022-12-05,ACCT_00191,PERSON_00208,transport,3079,VENDOR_004,transport
TXN_006181,2023-04-19,ACCT_00323,PERSON_00302,invoice,333869,PERSON_00097,freight settlement
TXN_006182,2026-06-22,ACCT_00038,PERSON_00254,rent,11324,VENDOR_089,rent
TXN_006183,2023-12-12,ACCT_00456,PERSON_00142,grocery,6085,VENDOR_007,grocery
TXN_006184,2021-07-12,ACCT_00227,PERSON_00023,supplier settlement,103423,VENDOR_035,legitimate cash-intensive retail/festival activity
TXN_006185,2023-04-03,ACCT_00265,PERSON_00093,cash withdrawal,43501,VENDOR_027,cash withdrawal
TXN_006186,2023-10-29,ACCT_00406,PERSON_00250,cash withdrawal,472086,PERSON_00085,site material settlement
TXN_006187,2022-11-06,ACCT_00151,PERSON_00335,salary,41948,VENDOR_082,salary
TXN_006188,2025-10-30,ACCT_00302,PERSON_00426,settlement,591620,PERSON_00053,freight settlement
TXN_006189,2025-09-12,ACCT_00232,PERSON_00416,cash withdrawal,578085,PERSON_00178,premium settlement
TXN_006190,2022-09-19,ACCT_00322,PERSON_00429,cash withdrawal,772851,PERSON_00150,event services
TXN_006191,2024-01-23,ACCT_00354,PERSON_00164,school fee,24889,VENDOR_034,school fee
TXN_006192,2021-10-21,ACCT_00142,PERSON_00179,cash deposit,12171,VENDOR_079,legitimate cash-intensive retail/festival activity
TXN_006193,2023-04-24,ACCT_00407,PERSON_00011,gold purchase,417913,VENDOR_005,legitimate cash-intensive retail/festival activity
TXN_006194,2023-06-17,ACCT_00284,PERSON_00238,cash withdrawal,24377,VENDOR_077,cash withdrawal
TXN_006195,2025-04-19,ACCT_00383,PERSON_00347,cash deposit,83360,VENDOR_069,legitimate cash-intensive retail/festival activity
TXN_006196,2022-08-27,ACCT_00337,PERSON_00279,transport,25836,VENDOR_051,transport
TXN_006197,2022-07-19,ACCT_00131,PERSON_00331,shopping,24780,VENDOR_025,shopping
TXN_006198,2022-12-20,ACCT_00063,PERSON_00400,transfer,150757,PERSON_00179,registration/document fee
TXN_006199,2024-11-29,ACCT_00412,PERSON_00089,grocery,14684,VENDOR_098,grocery
TXN_006200,2026-04-30,ACCT_00422,PERSON_00052,transfer,482695,PERSON_00064,event services
TXN_006201,2024-12-12,ACCT_00358,PERSON_00085,shopping,14772,VENDOR_005,shopping
TXN_006202,2021-08-30,ACCT_00390,PERSON_00049,shopping,18564,VENDOR_017,shopping
TXN_006257,2024-01-09,ACCT_00253,PERSON_00072,transfer,178945,PERSON_00434,intermediary settlement
TXN_006204,2024-03-28,ACCT_00439,PERSON_00385,grocery,31400,VENDOR_085,grocery
TXN_006205,2024-04-01,ACCT_00281,PERSON_00041,shopping,35359,VENDOR_041,shopping
TXN_006206,2023-09-05,ACCT_00298,PERSON_00371,grocery,42515,VENDOR_075,grocery
TXN_006207,2021-11-05,ACCT_00373,PERSON_00141,transfer,843691,PERSON_00331,transport settlement
TXN_006208,2021-06-06,ACCT_00467,PERSON_00357,rent,13387,VENDOR_055,rent
TXN_006209,2022-11-18,ACCT_00279,PERSON_00212,settlement,661143,PERSON_00050,freight settlement
TXN_007314,2025-08-24,ACCT_00451,PERSON_00281,transfer,156937,PERSON_00346,intermediary settlement
TXN_006211,2025-02-10,ACCT_00136,PERSON_00042,school fee,19325,VENDOR_048,school fee
TXN_007277,2024-04-06,ACCT_00253,PERSON_00072,transfer,62886,PERSON_00300,intermediary settlement
TXN_006213,2022-10-02,ACCT_00013,PERSON_00090,salary,4592,VENDOR_039,salary
TXN_006214,2024-01-01,ACCT_00228,PERSON_00098,grocery,44722,VENDOR_051,grocery
TXN_006215,2022-01-19,ACCT_00324,PERSON_00283,salary,14180,VENDOR_095,salary
TXN_006216,2024-06-01,ACCT_00236,PERSON_00275,cash withdrawal,17255,VENDOR_047,cash withdrawal
TXN_006217,2025-06-13,ACCT_00276,PERSON_00154,fuel,44132,VENDOR_078,fuel
TXN_006218,2022-06-06,ACCT_00162,PERSON_00376,vendor payment,896406,PERSON_00363,site material settlement
TXN_006219,2024-09-21,ACCT_00285,PERSON_00203,utility,13314,VENDOR_080,utility
TXN_006220,2022-12-18,ACCT_00326,PERSON_00392,shopping,34465,VENDOR_086,shopping
TXN_006221,2024-12-13,ACCT_00063,PERSON_00400,cash deposit,503784,PERSON_00033,registration/document fee
TXN_006222,2022-11-17,ACCT_00331,PERSON_00140,grocery,9729,VENDOR_061,grocery
TXN_006223,2021-12-08,ACCT_00205,PERSON_00349,transport,16329,VENDOR_034,transport
TXN_006224,2022-02-08,ACCT_00293,PERSON_00054,mobile recharge,17530,VENDOR_034,mobile recharge
TXN_006225,2023-01-31,ACCT_00429,PERSON_00382,rent,44864,VENDOR_035,rent
TXN_006226,2022-07-16,ACCT_00014,PERSON_00088,cash deposit,202751,VENDOR_030,legitimate cash-intensive retail/festival activity
TXN_006227,2022-09-04,ACCT_00004,PERSON_00425,rent,20151,VENDOR_072,rent
TXN_006228,2023-12-05,ACCT_00195,PERSON_00185,restaurant,29138,VENDOR_054,restaurant
TXN_006229,2021-05-14,ACCT_00233,PERSON_00344,transfer,894581,PERSON_00444,freight settlement
TXN_006230,2023-08-07,ACCT_00049,PERSON_00260,utility,24999,VENDOR_092,utility
TXN_006231,2022-05-25,ACCT_00417,PERSON_00076,transfer,391213,PERSON_00336,wholesale goods
TXN_006232,2022-05-07,ACCT_00076,PERSON_00441,transport,3953,VENDOR_082,transport
TXN_006233,2022-02-23,ACCT_00159,PERSON_00297,cash withdrawal,26179,VENDOR_069,cash withdrawal
TXN_006234,2022-11-09,ACCT_00447,PERSON_00379,transfer,417935,PERSON_00375,consultancy settlement
TXN_006235,2023-05-12,ACCT_00398,PERSON_00274,mobile recharge,42785,VENDOR_069,mobile recharge
TXN_006236,2024-12-06,ACCT_00060,PERSON_00435,grocery,43029,VENDOR_085,grocery
TXN_006237,2025-03-12,ACCT_00145,PERSON_00005,mobile recharge,42265,VENDOR_019,mobile recharge
TXN_006238,2025-10-10,ACCT_00372,PERSON_00028,cash deposit,851192,PERSON_00076,wholesale goods
TXN_006239,2023-09-16,ACCT_00466,PERSON_00252,fuel,6509,VENDOR_069,fuel
TXN_006240,2024-06-12,ACCT_00279,PERSON_00212,vendor payment,790088,PERSON_00053,freight settlement
TXN_006241,2023-05-27,ACCT_00224,PERSON_00051,cash withdrawal,14287,VENDOR_087,cash withdrawal
TXN_006242,2021-01-24,ACCT_00469,PERSON_00060,cash withdrawal,29509,VENDOR_073,cash withdrawal
TXN_006243,2024-08-26,ACCT_00423,PERSON_00439,grocery,34949,VENDOR_061,grocery
TXN_006244,2024-04-05,ACCT_00440,PERSON_00421,school fee,36324,VENDOR_091,school fee
TXN_006245,2022-07-26,ACCT_00290,PERSON_00362,grocery,28277,VENDOR_059,grocery
TXN_006246,2021-03-21,ACCT_00362,PERSON_00147,invoice,385294,PERSON_00394,transport settlement
TXN_006247,2026-06-19,ACCT_00248,PERSON_00025,rent,25164,VENDOR_005,rent
TXN_006248,2025-05-09,ACCT_00211,PERSON_00039,cash withdrawal,64573,PERSON_00169,consultancy settlement
TXN_006249,2024-04-17,ACCT_00005,PERSON_00018,grocery,8627,VENDOR_074,grocery
TXN_006724,2025-10-23,ACCT_00253,PERSON_00072,transfer,33963,PERSON_00300,intermediary settlement
TXN_006251,2025-09-26,ACCT_00013,PERSON_00090,cash withdrawal,467807,PERSON_00225,consultancy settlement
TXN_006252,2023-02-02,ACCT_00299,PERSON_00386,vendor payment,859876,PERSON_00097,freight settlement
TXN_006253,2021-08-24,ACCT_00122,PERSON_00148,cash withdrawal,58439,PERSON_00322,consultancy settlement
TXN_006254,2024-10-11,ACCT_00325,PERSON_00145,mobile recharge,6259,VENDOR_058,mobile recharge
TXN_006255,2025-12-22,ACCT_00471,PERSON_00353,vendor payment,710206,PERSON_00072,consultancy settlement
TXN_006256,2024-05-19,ACCT_00174,PERSON_00414,cash withdrawal,33463,VENDOR_083,cash withdrawal
TXN_006257,2021-11-15,ACCT_00132,PERSON_00100,festival advance,73651,VENDOR_029,legitimate cash-intensive retail/festival activity
TXN_006258,2025-08-01,ACCT_00274,PERSON_00188,cash deposit,533301,PERSON_00049,event services
TXN_006259,2024-12-28,ACCT_00357,PERSON_00126,settlement,620532,PERSON_00147,transport settlement
TXN_006260,2023-04-22,ACCT_00227,PERSON_00023,mobile recharge,26050,VENDOR_002,mobile recharge
TXN_006261,2023-03-26,ACCT_00005,PERSON_00018,grocery,5400,VENDOR_062,grocery
TXN_006262,2022-05-10,ACCT_00001,PERSON_00033,festival advance,63566,VENDOR_029,legitimate cash-intensive retail/festival activity
TXN_006263,2025-09-04,ACCT_00309,PERSON_00127,transport,16411,VENDOR_059,transport
TXN_006264,2021-01-30,ACCT_00407,PERSON_00011,cash deposit,432951,VENDOR_078,legitimate cash-intensive retail/festival activity
TXN_006265,2025-07-16,ACCT_00465,PERSON_00282,cash withdrawal,104941,PERSON_00176,vehicle advance
TXN_006266,2024-01-10,ACCT_00132,PERSON_00100,cash deposit,54963,VENDOR_020,legitimate cash-intensive retail/festival activity
TXN_006267,2021-02-09,ACCT_00227,PERSON_00023,cash deposit,159164,VENDOR_004,legitimate cash-intensive retail/festival activity
TXN_006268,2024-01-28,ACCT_00170,PERSON_00123,mobile recharge,23855,VENDOR_013,mobile recharge
TXN_006269,2024-05-19,ACCT_00459,PERSON_00211,shopping,29839,VENDOR_046,shopping
TXN_006270,2024-08-25,ACCT_00353,PERSON_00411,vendor payment,746806,PERSON_00429,event services
TXN_006271,2022-05-03,ACCT_00452,PERSON_00369,grocery,34176,VENDOR_050,grocery
TXN_006272,2024-07-25,ACCT_00272,PERSON_00128,rent,4686,VENDOR_010,rent
TXN_006273,2023-02-02,ACCT_00387,PERSON_00361,grocery,7752,VENDOR_095,grocery
TXN_006274,2024-10-23,ACCT_00022,PERSON_00372,grocery,24261,VENDOR_017,grocery
TXN_006275,2026-03-30,ACCT_00191,PERSON_00208,transport,32165,VENDOR_024,transport
TXN_006276,2021-12-06,ACCT_00470,PERSON_00324,mobile recharge,761,VENDOR_094,mobile recharge
TXN_006277,2022-05-29,ACCT_00143,PERSON_00069,cash withdrawal,772878,PERSON_00430,service commission
TXN_006278,2025-01-14,ACCT_00347,PERSON_00291,settlement,121103,PERSON_00370,service commission
TXN_006279,2023-03-23,ACCT_00071,PERSON_00073,cash withdrawal,7652,VENDOR_031,cash withdrawal
TXN_006280,2025-02-03,ACCT_00181,PERSON_00111,shopping,21287,VENDOR_051,shopping
TXN_006281,2025-04-24,ACCT_00120,PERSON_00153,shopping,20959,VENDOR_056,shopping
TXN_002621,2023-06-02,ACCT_00253,PERSON_00072,transfer,135315,PERSON_00405,intermediary settlement
TXN_006283,2021-01-28,ACCT_00102,PERSON_00173,cash withdrawal,190551,PERSON_00148,consultancy settlement
TXN_006284,2024-10-21,ACCT_00387,PERSON_00361,salary,9799,VENDOR_027,salary
TXN_006285,2022-01-26,ACCT_00396,PERSON_00115,fuel,10736,VENDOR_051,fuel
TXN_006286,2024-01-11,ACCT_00061,PERSON_00102,cash withdrawal,761025,PERSON_00177,event services
TXN_006287,2021-07-29,ACCT_00082,PERSON_00210,grocery,32563,VENDOR_097,grocery
TXN_006288,2021-11-14,ACCT_00289,PERSON_00131,school fee,35144,VENDOR_026,school fee
TXN_006289,2023-02-19,ACCT_00460,PERSON_00336,transfer,717781,PERSON_00337,wholesale goods
TXN_006290,2025-03-21,ACCT_00201,PERSON_00224,medical,17388,VENDOR_091,medical
TXN_006291,2024-12-13,ACCT_00227,PERSON_00023,gold purchase,392104,VENDOR_098,legitimate cash-intensive retail/festival activity
TXN_006292,2025-08-02,ACCT_00142,PERSON_00179,supplier settlement,183678,VENDOR_067,legitimate cash-intensive retail/festival activity
TXN_006293,2024-02-15,ACCT_00164,PERSON_00229,vendor payment,217699,PERSON_00163,service commission
TXN_006294,2022-03-05,ACCT_00246,PERSON_00244,festival advance,275123,VENDOR_083,legitimate cash-intensive retail/festival activity
TXN_006295,2023-04-16,ACCT_00363,PERSON_00122,cash withdrawal,21130,VENDOR_059,cash withdrawal
TXN_006296,2025-04-02,ACCT_00417,PERSON_00076,cash deposit,554648,PERSON_00185,wholesale goods
TXN_006297,2026-01-19,ACCT_00039,PERSON_00078,grocery,15116,VENDOR_051,grocery
TXN_006298,2023-07-17,ACCT_00145,PERSON_00005,school fee,29461,VENDOR_021,school fee
TXN_006299,2026-05-18,ACCT_00350,PERSON_00059,supplier settlement,294010,VENDOR_041,legitimate cash-intensive retail/festival activity
TXN_006300,2021-11-29,ACCT_00424,PERSON_00055,cash withdrawal,9027,VENDOR_096,cash withdrawal
TXN_006301,2026-02-28,ACCT_00456,PERSON_00142,shopping,6911,VENDOR_047,shopping
TXN_006302,2022-01-20,ACCT_00141,PERSON_00356,transfer,524602,PERSON_00105,registration/document fee
TXN_006303,2026-02-07,ACCT_00462,PERSON_00186,cash withdrawal,890223,PERSON_00072,consultancy settlement
TXN_006304,2023-10-11,ACCT_00150,PERSON_00231,cash withdrawal,17069,VENDOR_041,cash withdrawal
TXN_006305,2021-09-09,ACCT_00389,PERSON_00313,transport,43178,VENDOR_079,transport
TXN_006306,2023-05-22,ACCT_00402,PERSON_00345,cash withdrawal,671705,PERSON_00378,vehicle advance
TXN_006307,2024-10-16,ACCT_00358,PERSON_00085,fuel,22801,VENDOR_064,fuel
TXN_006308,2025-12-16,ACCT_00322,PERSON_00429,invoice,842199,PERSON_00016,event services
TXN_006309,2021-04-22,ACCT_00419,PERSON_00380,shopping,35289,VENDOR_074,shopping
TXN_006310,2023-01-05,ACCT_00057,PERSON_00311,vendor payment,278231,PERSON_00034,consultancy settlement
TXN_006311,2021-09-18,ACCT_00058,PERSON_00319,restaurant,40115,VENDOR_080,restaurant
TXN_006312,2025-05-08,ACCT_00369,PERSON_00433,transfer,635202,PERSON_00376,site material settlement
TXN_006313,2024-04-04,ACCT_00371,PERSON_00004,medical,1751,VENDOR_074,medical
TXN_006314,2021-07-28,ACCT_00093,PERSON_00204,cash deposit,393824,PERSON_00107,consultancy settlement
TXN_006315,2022-03-15,ACCT_00355,PERSON_00263,cash withdrawal,368389,PERSON_00259,premium settlement
TXN_006316,2025-03-11,ACCT_00457,PERSON_00300,transport,21360,VENDOR_057,transport
TXN_006317,2023-04-03,ACCT_00320,PERSON_00327,cash withdrawal,20190,VENDOR_083,cash withdrawal
TXN_006318,2021-08-07,ACCT_00261,PERSON_00235,grocery,5183,VENDOR_027,grocery
TXN_006319,2024-06-27,ACCT_00364,PERSON_00103,grocery,17425,VENDOR_087,grocery
TXN_006320,2022-08-17,ACCT_00131,PERSON_00331,invoice,582714,PERSON_00288,transport settlement
TXN_006321,2022-09-19,ACCT_00262,PERSON_00383,invoice,805457,PERSON_00237,registration/document fee
TXN_006322,2024-10-12,ACCT_00436,PERSON_00199,shopping,36693,VENDOR_014,shopping
TXN_006323,2025-07-08,ACCT_00309,PERSON_00127,grocery,41826,VENDOR_052,grocery
TXN_006324,2022-09-02,ACCT_00138,PERSON_00381,mobile recharge,7044,VENDOR_076,mobile recharge
TXN_006325,2022-07-27,ACCT_00412,PERSON_00089,grocery,34778,VENDOR_061,grocery
TXN_006326,2022-10-26,ACCT_00132,PERSON_00100,cash deposit,390538,VENDOR_024,legitimate cash-intensive retail/festival activity
TXN_006327,2026-05-06,ACCT_00227,PERSON_00023,festival advance,179868,VENDOR_044,legitimate cash-intensive retail/festival activity
TXN_006328,2022-04-22,ACCT_00071,PERSON_00073,mobile recharge,13884,VENDOR_047,mobile recharge
TXN_006329,2022-08-05,ACCT_00383,PERSON_00347,festival advance,432201,VENDOR_061,legitimate cash-intensive retail/festival activity
TXN_006330,2021-12-07,ACCT_00160,PERSON_00417,gold purchase,367524,VENDOR_062,legitimate cash-intensive retail/festival activity
TXN_006331,2021-04-28,ACCT_00437,PERSON_00360,invoice,847354,PERSON_00076,wholesale goods
TXN_006332,2025-12-05,ACCT_00346,PERSON_00359,cash withdrawal,616519,PERSON_00009,consultancy settlement
TXN_006333,2022-05-29,ACCT_00297,PERSON_00440,medical,35142,VENDOR_019,medical
TXN_006334,2022-05-15,ACCT_00022,PERSON_00372,utility,19806,VENDOR_008,utility
TXN_006335,2024-12-26,ACCT_00129,PERSON_00025,grocery,4443,VENDOR_097,grocery
TXN_006336,2023-02-07,ACCT_00136,PERSON_00042,cash withdrawal,44360,VENDOR_002,cash withdrawal
TXN_006337,2024-08-08,ACCT_00367,PERSON_00256,cash deposit,630455,PERSON_00246,site material settlement
TXN_006338,2024-02-25,ACCT_00436,PERSON_00199,grocery,43204,VENDOR_073,grocery
TXN_006339,2022-06-30,ACCT_00377,PERSON_00417,supplier settlement,240611,VENDOR_018,legitimate cash-intensive retail/festival activity
TXN_006340,2021-05-09,ACCT_00428,PERSON_00234,grocery,18733,VENDOR_091,grocery
TXN_006341,2026-04-06,ACCT_00229,PERSON_00094,settlement,412310,PERSON_00364,site material settlement
TXN_006342,2023-09-23,ACCT_00245,PERSON_00151,salary,20509,VENDOR_017,salary
TXN_006343,2024-04-30,ACCT_00056,PERSON_00222,invoice,237035,PERSON_00398,transport settlement
TXN_006344,2025-03-29,ACCT_00282,PERSON_00436,settlement,44747,PERSON_00068,site material settlement
TXN_006345,2026-04-08,ACCT_00302,PERSON_00426,mobile recharge,15725,VENDOR_087,mobile recharge
TXN_006346,2024-03-08,ACCT_00150,PERSON_00231,rent,15211,VENDOR_021,rent
TXN_006347,2024-01-06,ACCT_00320,PERSON_00327,rent,8179,VENDOR_044,rent
TXN_006348,2023-04-23,ACCT_00284,PERSON_00238,fuel,42348,VENDOR_069,fuel
TXN_006349,2024-01-24,ACCT_00064,PERSON_00039,cash withdrawal,420131,PERSON_00149,vehicle advance
TXN_006350,2021-09-21,ACCT_00372,PERSON_00028,grocery,7373,VENDOR_011,grocery
TXN_006351,2026-05-29,ACCT_00457,PERSON_00300,grocery,8342,VENDOR_092,grocery
TXN_001222,2024-09-16,ACCT_00451,PERSON_00281,transfer,90325,PERSON_00135,intermediary settlement
TXN_006353,2025-08-13,ACCT_00360,PERSON_00192,shopping,18758,VENDOR_019,shopping
TXN_006354,2022-03-19,ACCT_00367,PERSON_00256,cash withdrawal,24499,VENDOR_038,cash withdrawal
TXN_006355,2022-10-19,ACCT_00259,PERSON_00166,salary,12378,VENDOR_096,salary
TXN_006356,2022-08-31,ACCT_00336,PERSON_00068,rent,6903,VENDOR_100,rent
TXN_006357,2023-09-11,ACCT_00441,PERSON_00304,cash withdrawal,317380,PERSON_00034,consultancy settlement
TXN_006358,2025-05-11,ACCT_00229,PERSON_00094,grocery,12685,VENDOR_096,grocery
TXN_006359,2025-01-04,ACCT_00142,PERSON_00179,wholesale jewellery,128581,VENDOR_089,legitimate cash-intensive retail/festival activity
TXN_006360,2026-04-01,ACCT_00084,PERSON_00133,cash deposit,509200,PERSON_00055,event services
TXN_006361,2023-04-26,ACCT_00276,PERSON_00154,transport,4083,VENDOR_053,transport
TXN_006362,2021-08-03,ACCT_00035,PERSON_00228,shopping,32031,VENDOR_017,shopping
TXN_006363,2025-12-04,ACCT_00454,PERSON_00119,fuel,14812,VENDOR_091,fuel
TXN_006364,2023-03-19,ACCT_00170,PERSON_00123,shopping,6856,VENDOR_032,shopping
TXN_006365,2025-03-01,ACCT_00130,PERSON_00416,shopping,4776,VENDOR_071,shopping
TXN_006366,2022-12-20,ACCT_00234,PERSON_00158,grocery,11473,VENDOR_019,grocery
TXN_006367,2021-03-20,ACCT_00067,PERSON_00150,transfer,362845,PERSON_00429,event services
TXN_000399,2024-09-28,ACCT_00102,PERSON_00173,transfer,157692,PERSON_00388,intermediary settlement
TXN_006369,2024-12-06,ACCT_00340,PERSON_00058,shopping,27545,VENDOR_049,shopping
TXN_006370,2022-09-01,ACCT_00337,PERSON_00279,transport,4001,VENDOR_085,transport
TXN_006371,2026-04-10,ACCT_00269,PERSON_00101,vendor payment,392265,PERSON_00203,service commission
TXN_006372,2025-05-30,ACCT_00048,PERSON_00067,shopping,6914,VENDOR_043,shopping
TXN_006373,2024-10-27,ACCT_00365,PERSON_00014,medical,6310,VENDOR_008,medical
TXN_006374,2022-06-14,ACCT_00188,PERSON_00348,fuel,20720,VENDOR_088,fuel
TXN_006375,2025-12-15,ACCT_00437,PERSON_00360,vendor payment,339006,PERSON_00078,wholesale goods
TXN_006376,2021-05-11,ACCT_00269,PERSON_00101,cash deposit,826413,PERSON_00243,service commission
TXN_006377,2026-05-29,ACCT_00208,PERSON_00368,cash withdrawal,12536,VENDOR_010,cash withdrawal
TXN_006378,2025-12-21,ACCT_00105,PERSON_00212,cash withdrawal,866729,PERSON_00426,freight settlement
TXN_006379,2021-03-31,ACCT_00133,PERSON_00184,grocery,11809,VENDOR_029,grocery
TXN_006380,2024-07-23,ACCT_00305,PERSON_00020,settlement,737277,PERSON_00152,service commission
TXN_006381,2025-03-23,ACCT_00401,PERSON_00210,fuel,3176,VENDOR_087,fuel
TXN_006382,2022-02-27,ACCT_00456,PERSON_00142,medical,33692,VENDOR_063,medical
TXN_006383,2026-01-09,ACCT_00325,PERSON_00145,fuel,32561,VENDOR_043,fuel
TXN_006384,2025-11-18,ACCT_00352,PERSON_00110,grocery,27055,VENDOR_051,grocery
TXN_006385,2025-11-05,ACCT_00465,PERSON_00282,transfer,431102,PERSON_00382,vehicle advance
TXN_006386,2025-01-19,ACCT_00412,PERSON_00089,mobile recharge,13129,VENDOR_077,mobile recharge
TXN_006387,2026-01-06,ACCT_00184,PERSON_00343,transfer,264239,PERSON_00171,wholesale goods
TXN_006388,2021-06-12,ACCT_00053,PERSON_00152,cash withdrawal,493165,PERSON_00370,service commission
TXN_006389,2026-03-24,ACCT_00002,PERSON_00337,restaurant,10496,VENDOR_078,restaurant
TXN_006390,2025-09-10,ACCT_00003,PERSON_00434,salary,27243,VENDOR_064,salary
TXN_006391,2022-08-30,ACCT_00041,PERSON_00354,rent,23509,VENDOR_060,rent
TXN_006392,2024-08-16,ACCT_00001,PERSON_00033,gold purchase,357918,VENDOR_025,legitimate cash-intensive retail/festival activity
TXN_006393,2024-06-16,ACCT_00457,PERSON_00300,salary,11763,VENDOR_044,salary
TXN_006394,2022-10-13,ACCT_00132,PERSON_00100,mobile recharge,1848,VENDOR_085,mobile recharge
TXN_006395,2026-05-13,ACCT_00461,PERSON_00217,restaurant,13792,VENDOR_058,restaurant
TXN_006396,2025-08-03,ACCT_00359,PERSON_00427,school fee,37090,VENDOR_065,school fee
TXN_006397,2021-12-04,ACCT_00367,PERSON_00256,invoice,853525,PERSON_00364,site material settlement
TXN_006398,2025-06-26,ACCT_00321,PERSON_00167,school fee,15497,VENDOR_072,school fee
TXN_006399,2023-06-29,ACCT_00296,PERSON_00316,restaurant,15380,VENDOR_080,restaurant
TXN_006400,2023-08-30,ACCT_00448,PERSON_00032,shopping,5571,VENDOR_065,shopping
TXN_006401,2021-03-25,ACCT_00382,PERSON_00096,restaurant,1343,VENDOR_079,restaurant
TXN_006402,2021-10-15,ACCT_00265,PERSON_00093,cash withdrawal,20144,VENDOR_085,cash withdrawal
TXN_001782,2024-11-14,ACCT_00451,PERSON_00281,transfer,57637,PERSON_00281,intermediary settlement
TXN_006404,2026-05-18,ACCT_00123,PERSON_00277,shopping,9544,VENDOR_078,shopping
TXN_006405,2024-12-09,ACCT_00310,PERSON_00162,school fee,41740,VENDOR_093,school fee
TXN_006406,2021-09-01,ACCT_00357,PERSON_00126,cash deposit,642348,PERSON_00394,transport settlement
TXN_006407,2023-09-07,ACCT_00263,PERSON_00034,cash withdrawal,10951,VENDOR_034,cash withdrawal
TXN_006408,2024-05-31,ACCT_00372,PERSON_00028,transfer,609009,PERSON_00337,wholesale goods
TXN_006409,2026-01-24,ACCT_00033,PERSON_00029,shopping,12596,VENDOR_055,shopping
TXN_006410,2026-01-22,ACCT_00001,PERSON_00033,festival advance,416532,VENDOR_036,legitimate cash-intensive retail/festival activity
TXN_006411,2021-09-25,ACCT_00010,PERSON_00325,vendor payment,698733,PERSON_00320,service commission
TXN_006412,2025-11-11,ACCT_00438,PERSON_00074,fuel,11881,VENDOR_001,fuel
TXN_006413,2023-06-10,ACCT_00028,PERSON_00059,festival advance,310526,VENDOR_053,legitimate cash-intensive retail/festival activity
TXN_006414,2023-03-16,ACCT_00377,PERSON_00417,wholesale jewellery,412779,VENDOR_048,legitimate cash-intensive retail/festival activity
TXN_006415,2025-02-23,ACCT_00087,PERSON_00010,medical,32791,VENDOR_036,medical
TXN_006416,2023-03-15,ACCT_00070,PERSON_00216,rent,21342,VENDOR_075,rent
TXN_006417,2025-02-04,ACCT_00357,PERSON_00126,utility,20577,VENDOR_059,utility
TXN_006418,2023-04-01,ACCT_00412,PERSON_00089,fuel,25335,VENDOR_028,fuel
TXN_006419,2021-10-20,ACCT_00220,PERSON_00259,cash deposit,56939,PERSON_00416,premium settlement
TXN_006420,2026-01-02,ACCT_00173,PERSON_00146,rent,34316,VENDOR_051,rent
TXN_006421,2026-06-12,ACCT_00097,PERSON_00105,utility,33215,VENDOR_038,utility
TXN_006422,2023-10-14,ACCT_00143,PERSON_00069,cash withdrawal,19441,VENDOR_041,cash withdrawal
TXN_006423,2023-11-03,ACCT_00223,PERSON_00298,salary,36270,VENDOR_008,salary
TXN_006424,2022-02-22,ACCT_00011,PERSON_00010,vendor payment,201309,PERSON_00213,freight settlement
TXN_006425,2025-09-14,ACCT_00407,PERSON_00011,wholesale jewellery,333100,VENDOR_044,legitimate cash-intensive retail/festival activity
TXN_006426,2022-07-17,ACCT_00076,PERSON_00441,transport,36279,VENDOR_056,transport
TXN_006427,2026-05-16,ACCT_00350,PERSON_00059,wholesale jewellery,86366,VENDOR_060,legitimate cash-intensive retail/festival activity
TXN_006428,2023-04-03,ACCT_00132,PERSON_00100,wholesale jewellery,227326,VENDOR_008,legitimate cash-intensive retail/festival activity
TXN_006429,2021-06-14,ACCT_00094,PERSON_00406,utility,39951,VENDOR_013,utility
TXN_006430,2023-06-27,ACCT_00132,PERSON_00100,cash deposit,206437,VENDOR_004,legitimate cash-intensive retail/festival activity
TXN_006431,2022-06-12,ACCT_00165,PERSON_00242,restaurant,26331,VENDOR_054,restaurant
TXN_006432,2021-03-19,ACCT_00383,PERSON_00347,transport,18238,VENDOR_057,transport
TXN_006433,2024-11-23,ACCT_00348,PERSON_00055,settlement,836790,PERSON_00374,event services
TXN_006434,2022-02-27,ACCT_00274,PERSON_00188,salary,22523,VENDOR_090,salary
TXN_006435,2024-12-15,ACCT_00359,PERSON_00427,shopping,17802,VENDOR_042,shopping
TXN_006436,2023-12-12,ACCT_00227,PERSON_00023,supplier settlement,400327,VENDOR_046,legitimate cash-intensive retail/festival activity
TXN_006437,2023-07-15,ACCT_00027,PERSON_00215,restaurant,18145,VENDOR_075,restaurant
TXN_006438,2023-07-06,ACCT_00142,PERSON_00179,fuel,3856,VENDOR_015,fuel
TXN_006439,2021-07-16,ACCT_00063,PERSON_00400,settlement,729040,PERSON_00010,registration/document fee
TXN_006440,2023-03-17,ACCT_00033,PERSON_00029,restaurant,1818,VENDOR_030,restaurant
TXN_006441,2025-06-20,ACCT_00348,PERSON_00055,cash withdrawal,506197,PERSON_00411,event services
TXN_006442,2023-07-02,ACCT_00322,PERSON_00429,cash withdrawal,320146,PERSON_00036,event services
TXN_006443,2026-02-08,ACCT_00460,PERSON_00336,settlement,292404,PERSON_00078,wholesale goods
TXN_006444,2024-07-06,ACCT_00435,PERSON_00352,transport,36521,VENDOR_061,transport
TXN_006445,2022-02-05,ACCT_00383,PERSON_00347,gold purchase,246052,VENDOR_065,legitimate cash-intensive retail/festival activity
TXN_006446,2022-06-18,ACCT_00183,PERSON_00286,rent,9445,VENDOR_062,rent
TXN_006447,2022-08-23,ACCT_00287,PERSON_00071,cash withdrawal,61103,PERSON_00147,transport settlement
TXN_006448,2026-02-19,ACCT_00316,PERSON_00237,rent,2535,VENDOR_030,rent
TXN_006449,2022-02-19,ACCT_00001,PERSON_00033,supplier settlement,165944,VENDOR_034,legitimate cash-intensive retail/festival activity
TXN_006450,2021-04-26,ACCT_00142,PERSON_00179,wholesale jewellery,443673,VENDOR_080,legitimate cash-intensive retail/festival activity
TXN_006451,2023-08-09,ACCT_00084,PERSON_00133,cash deposit,668555,PERSON_00411,event services
TXN_006452,2024-06-16,ACCT_00469,PERSON_00060,settlement,336774,PERSON_00386,freight settlement
TXN_006453,2022-02-03,ACCT_00437,PERSON_00360,transport,43507,VENDOR_063,transport
TXN_006454,2023-11-06,ACCT_00306,PERSON_00330,vendor payment,287568,PERSON_00101,service commission
TXN_006455,2025-02-14,ACCT_00415,PERSON_00309,mobile recharge,22413,VENDOR_040,mobile recharge
TXN_006456,2026-01-12,ACCT_00290,PERSON_00362,settlement,43208,PERSON_00311,premium settlement
TXN_006457,2026-01-07,ACCT_00426,PERSON_00322,restaurant,18913,VENDOR_004,restaurant
TXN_006458,2022-05-21,ACCT_00376,PERSON_00232,settlement,848017,PERSON_00094,site material settlement
TXN_006459,2021-01-20,ACCT_00018,PERSON_00156,utility,33109,VENDOR_077,utility
TXN_006460,2021-11-07,ACCT_00143,PERSON_00069,grocery,16675,VENDOR_092,grocery
TXN_006461,2021-04-05,ACCT_00331,PERSON_00140,settlement,580687,PERSON_00186,consultancy settlement
TXN_006462,2025-03-03,ACCT_00470,PERSON_00324,medical,11093,VENDOR_001,medical
TXN_006463,2025-02-24,ACCT_00104,PERSON_00027,cash withdrawal,545724,PERSON_00223,site material settlement
TXN_006464,2025-10-08,ACCT_00277,PERSON_00182,cash deposit,126728,PERSON_00393,vehicle advance
TXN_006465,2024-03-11,ACCT_00246,PERSON_00244,salary,38262,VENDOR_029,salary
TXN_006466,2023-12-21,ACCT_00173,PERSON_00146,medical,3335,VENDOR_024,medical
TXN_006467,2021-06-02,ACCT_00037,PERSON_00113,cash deposit,32314,VENDOR_042,legitimate cash-intensive retail/festival activity
TXN_006468,2021-08-19,ACCT_00316,PERSON_00237,vendor payment,369786,PERSON_00346,registration/document fee
TXN_006469,2023-10-08,ACCT_00323,PERSON_00302,salary,42650,VENDOR_078,salary
TXN_006470,2021-07-01,ACCT_00428,PERSON_00234,medical,2684,VENDOR_009,medical
TXN_006471,2025-05-28,ACCT_00043,PERSON_00092,cash withdrawal,20463,VENDOR_029,cash withdrawal
TXN_006472,2023-03-22,ACCT_00084,PERSON_00133,settlement,862676,PERSON_00150,event services
TXN_006473,2023-04-04,ACCT_00311,PERSON_00006,salary,19202,VENDOR_007,salary
TXN_006474,2025-11-19,ACCT_00407,PERSON_00011,festival advance,226008,VENDOR_092,legitimate cash-intensive retail/festival activity
TXN_006475,2021-01-16,ACCT_00059,PERSON_00390,rent,1570,VENDOR_020,rent
TXN_006476,2025-09-16,ACCT_00416,PERSON_00043,settlement,565114,PERSON_00337,wholesale goods
TXN_006477,2022-07-12,ACCT_00383,PERSON_00347,festival advance,130757,VENDOR_081,legitimate cash-intensive retail/festival activity
TXN_006478,2021-02-11,ACCT_00335,PERSON_00248,grocery,7812,VENDOR_007,grocery
TXN_006479,2021-03-01,ACCT_00173,PERSON_00146,restaurant,42768,VENDOR_085,restaurant
TXN_006480,2026-02-26,ACCT_00383,PERSON_00347,festival advance,173816,VENDOR_092,legitimate cash-intensive retail/festival activity
TXN_006481,2021-09-05,ACCT_00229,PERSON_00094,mobile recharge,44987,VENDOR_010,mobile recharge
TXN_006482,2024-01-24,ACCT_00017,PERSON_00088,supplier settlement,346763,VENDOR_035,legitimate cash-intensive retail/festival activity
TXN_006483,2025-12-13,ACCT_00193,PERSON_00135,transfer,549710,PERSON_00434,vehicle advance
TXN_006484,2021-07-25,ACCT_00144,PERSON_00312,vendor payment,792562,PERSON_00416,premium settlement
TXN_006485,2026-05-06,ACCT_00124,PERSON_00270,grocery,11337,VENDOR_059,grocery
TXN_006486,2026-03-07,ACCT_00230,PERSON_00191,rent,12834,VENDOR_100,rent
TXN_006487,2022-12-31,ACCT_00195,PERSON_00185,shopping,27987,VENDOR_084,shopping
TXN_006488,2025-07-01,ACCT_00274,PERSON_00188,cash withdrawal,572616,PERSON_00049,event services
TXN_006489,2025-08-19,ACCT_00027,PERSON_00215,medical,44182,VENDOR_096,medical
TXN_006490,2021-02-15,ACCT_00370,PERSON_00046,shopping,29957,VENDOR_015,shopping
TXN_006491,2023-09-12,ACCT_00063,PERSON_00400,salary,17123,VENDOR_043,salary
TXN_006492,2024-06-04,ACCT_00004,PERSON_00425,school fee,37490,VENDOR_048,school fee
TXN_006493,2022-08-28,ACCT_00377,PERSON_00417,grocery,28002,VENDOR_046,grocery
TXN_006494,2025-11-07,ACCT_00459,PERSON_00211,fuel,26204,VENDOR_061,fuel
TXN_006495,2024-08-22,ACCT_00455,PERSON_00016,cash withdrawal,774247,PERSON_00036,event services
TXN_006496,2026-01-01,ACCT_00375,PERSON_00403,rent,43209,VENDOR_069,rent
TXN_006497,2025-09-13,ACCT_00104,PERSON_00027,rent,5846,VENDOR_042,rent
TXN_006498,2021-12-22,ACCT_00479,PERSON_00082,cash withdrawal,610694,PERSON_00147,transport settlement
TXN_006499,2024-05-07,ACCT_00014,PERSON_00088,supplier settlement,329394,VENDOR_078,legitimate cash-intensive retail/festival activity
TXN_006500,2021-04-11,ACCT_00134,PERSON_00339,medical,29372,VENDOR_033,medical
TXN_006501,2022-06-28,ACCT_00264,PERSON_00015,invoice,32919,PERSON_00157,freight settlement
TXN_006502,2022-08-15,ACCT_00354,PERSON_00164,salary,26287,VENDOR_083,salary
TXN_006503,2021-12-21,ACCT_00349,PERSON_00384,grocery,20691,VENDOR_008,grocery
TXN_006504,2021-05-24,ACCT_00326,PERSON_00392,medical,39630,VENDOR_056,medical
TXN_006505,2023-09-24,ACCT_00146,PERSON_00287,cash deposit,314283,PERSON_00149,vehicle advance
TXN_006506,2022-09-30,ACCT_00001,PERSON_00033,rent,34699,VENDOR_099,rent
TXN_006507,2026-02-27,ACCT_00273,PERSON_00080,cash deposit,807342,PERSON_00069,service commission
TXN_006508,2023-12-01,ACCT_00479,PERSON_00082,cash withdrawal,26992,VENDOR_092,cash withdrawal
TXN_006509,2024-11-22,ACCT_00234,PERSON_00158,cash withdrawal,22693,VENDOR_095,cash withdrawal
TXN_006510,2025-08-13,ACCT_00451,PERSON_00281,invoice,353487,PERSON_00027,site material settlement
TXN_006511,2026-04-07,ACCT_00155,PERSON_00268,vendor payment,221855,PERSON_00449,transport settlement
TXN_006512,2022-07-14,ACCT_00438,PERSON_00074,school fee,20554,VENDOR_022,school fee
TXN_006513,2023-12-28,ACCT_00286,PERSON_00104,grocery,21963,VENDOR_021,grocery
TXN_006514,2023-10-07,ACCT_00373,PERSON_00141,invoice,85608,PERSON_00331,transport settlement
TXN_006515,2022-06-08,ACCT_00423,PERSON_00439,salary,10679,VENDOR_094,salary
TXN_006516,2026-05-30,ACCT_00341,PERSON_00310,cash withdrawal,4452,VENDOR_009,cash withdrawal
TXN_006517,2022-04-18,ACCT_00385,PERSON_00257,grocery,25939,VENDOR_001,grocery
TXN_006518,2021-09-13,ACCT_00285,PERSON_00203,transport,37436,VENDOR_003,transport
TXN_006519,2023-05-30,ACCT_00081,PERSON_00242,rent,9666,VENDOR_040,rent
TXN_006520,2025-11-25,ACCT_00293,PERSON_00054,shopping,43746,VENDOR_095,shopping
TXN_006521,2022-09-17,ACCT_00262,PERSON_00383,transport,39688,VENDOR_097,transport
TXN_006522,2023-10-01,ACCT_00207,PERSON_00239,medical,42218,VENDOR_003,medical
TXN_006523,2021-11-05,ACCT_00142,PERSON_00179,wholesale jewellery,359802,VENDOR_029,legitimate cash-intensive retail/festival activity
TXN_006524,2025-04-05,ACCT_00032,PERSON_00065,shopping,42829,VENDOR_014,shopping
TXN_006525,2025-06-01,ACCT_00279,PERSON_00212,cash withdrawal,7946,VENDOR_052,cash withdrawal
TXN_006526,2026-01-04,ACCT_00311,PERSON_00006,cash withdrawal,30722,VENDOR_002,cash withdrawal
TXN_006527,2023-06-08,ACCT_00309,PERSON_00127,shopping,20180,VENDOR_016,shopping
TXN_006528,2021-04-08,ACCT_00178,PERSON_00413,rent,22907,VENDOR_010,rent
TXN_006529,2022-03-25,ACCT_00244,PERSON_00221,medical,9311,VENDOR_017,medical
TXN_006530,2025-11-28,ACCT_00052,PERSON_00438,vendor payment,620182,PERSON_00149,vehicle advance
TXN_006531,2022-09-17,ACCT_00253,PERSON_00072,salary,37288,VENDOR_051,salary
TXN_006532,2025-07-07,ACCT_00018,PERSON_00156,grocery,27330,VENDOR_097,grocery
TXN_006533,2024-12-06,ACCT_00263,PERSON_00034,cash withdrawal,39138,PERSON_00035,consultancy settlement
TXN_006534,2024-11-24,ACCT_00383,PERSON_00347,supplier settlement,237438,Family Gold Traders,legitimate cash-intensive retail/festival activity
TXN_006535,2025-12-27,ACCT_00190,PERSON_00271,cash withdrawal,771450,PERSON_00212,freight settlement
TXN_006536,2024-06-07,ACCT_00355,PERSON_00263,cash deposit,415091,PERSON_00416,premium settlement
TXN_006537,2023-01-12,ACCT_00003,PERSON_00434,utility,41138,VENDOR_073,utility
TXN_006538,2025-06-01,ACCT_00091,PERSON_00138,fuel,12584,VENDOR_052,fuel
TXN_006539,2025-01-13,ACCT_00439,PERSON_00385,school fee,26132,VENDOR_023,school fee
TXN_006540,2025-10-27,ACCT_00052,PERSON_00438,cash withdrawal,24910,VENDOR_035,cash withdrawal
TXN_006541,2024-07-12,ACCT_00365,PERSON_00014,fuel,5525,VENDOR_044,fuel
TXN_006542,2023-08-13,ACCT_00126,PERSON_00062,grocery,42431,VENDOR_068,grocery
TXN_006543,2024-09-11,ACCT_00132,PERSON_00100,gold purchase,28130,VENDOR_088,legitimate cash-intensive retail/festival activity
TXN_006544,2024-04-29,ACCT_00384,PERSON_00299,fuel,23945,VENDOR_074,fuel
TXN_006545,2023-09-22,ACCT_00461,PERSON_00217,fuel,23988,VENDOR_084,fuel
TXN_006546,2021-09-15,ACCT_00246,PERSON_00244,supplier settlement,34827,VENDOR_044,legitimate cash-intensive retail/festival activity
TXN_006547,2026-02-13,ACCT_00320,PERSON_00327,grocery,43870,VENDOR_078,grocery
TXN_006548,2026-05-13,ACCT_00059,PERSON_00390,fuel,26555,VENDOR_009,fuel
TXN_006549,2021-06-19,ACCT_00292,PERSON_00007,vendor payment,639892,PERSON_00376,site material settlement
TXN_006550,2026-03-23,ACCT_00084,PERSON_00133,vendor payment,289015,PERSON_00102,event services
TXN_006551,2024-08-29,ACCT_00250,PERSON_00253,cash withdrawal,26523,VENDOR_037,cash withdrawal
TXN_006552,2022-10-31,ACCT_00173,PERSON_00146,vendor payment,122103,PERSON_00322,registration/document fee
TXN_006553,2023-07-05,ACCT_00144,PERSON_00312,cash deposit,528426,PERSON_00385,premium settlement
TXN_006554,2025-12-01,ACCT_00097,PERSON_00105,settlement,777992,PERSON_00400,registration/document fee
TXN_006555,2024-06-02,ACCT_00142,PERSON_00179,gold purchase,416285,VENDOR_046,legitimate cash-intensive retail/festival activity
TXN_006556,2021-05-28,ACCT_00464,PERSON_00109,rent,36691,VENDOR_086,rent
TXN_006557,2023-11-30,ACCT_00062,PERSON_00388,cash withdrawal,16375,VENDOR_027,cash withdrawal
TXN_006558,2026-03-04,ACCT_00311,PERSON_00006,restaurant,25247,VENDOR_094,restaurant
TXN_006559,2021-07-19,ACCT_00316,PERSON_00237,utility,22514,VENDOR_092,utility
TXN_006560,2026-03-24,ACCT_00322,PERSON_00429,rent,27006,VENDOR_003,rent
TXN_006561,2023-11-15,ACCT_00480,PERSON_00040,shopping,30087,VENDOR_043,shopping
TXN_006562,2023-06-06,ACCT_00407,PERSON_00011,cash deposit,437751,VENDOR_061,legitimate cash-intensive retail/festival activity
TXN_006563,2025-05-12,ACCT_00226,PERSON_00168,transport,30173,VENDOR_077,transport
TXN_006564,2021-10-19,ACCT_00418,PERSON_00314,shopping,29612,VENDOR_013,shopping
TXN_006565,2022-09-16,ACCT_00271,PERSON_00050,vendor payment,704592,PERSON_00363,site material settlement
TXN_006566,2025-03-31,ACCT_00005,PERSON_00018,cash withdrawal,12836,VENDOR_093,cash withdrawal
TXN_006567,2022-06-07,ACCT_00141,PERSON_00356,shopping,25425,VENDOR_035,shopping
TXN_008768,2023-01-25,ACCT_00451,PERSON_00281,transfer,152647,PERSON_00010,intermediary settlement
TXN_006569,2021-10-01,ACCT_00390,PERSON_00049,cash deposit,464108,PERSON_00177,event services
TXN_006570,2022-05-25,ACCT_00297,PERSON_00440,shopping,6204,VENDOR_085,shopping
TXN_006571,2022-02-11,ACCT_00383,PERSON_00347,festival advance,395452,VENDOR_088,legitimate cash-intensive retail/festival activity
TXN_006572,2024-09-06,ACCT_00030,PERSON_00363,invoice,595474,PERSON_00364,site material settlement
TXN_006573,2021-01-05,ACCT_00443,PERSON_00396,transport,13667,VENDOR_049,transport
TXN_006574,2022-05-09,ACCT_00278,PERSON_00301,grocery,2217,VENDOR_007,grocery
TXN_006575,2024-01-04,ACCT_00010,PERSON_00325,vendor payment,59334,PERSON_00020,service commission
TXN_006576,2024-05-13,ACCT_00060,PERSON_00435,shopping,40350,VENDOR_052,shopping
TXN_006577,2024-08-13,ACCT_00323,PERSON_00302,salary,300,VENDOR_043,salary
TXN_006578,2022-11-01,ACCT_00005,PERSON_00018,rent,35205,VENDOR_048,rent
TXN_006579,2022-07-18,ACCT_00268,PERSON_00422,mobile recharge,3835,VENDOR_004,mobile recharge
TXN_006580,2021-10-08,ACCT_00126,PERSON_00062,cash withdrawal,5989,VENDOR_052,cash withdrawal
TXN_006581,2025-04-13,ACCT_00229,PERSON_00094,salary,11319,VENDOR_044,salary
TXN_006582,2023-05-19,ACCT_00133,PERSON_00184,cash withdrawal,734296,PERSON_00181,vehicle advance
TXN_006583,2023-04-27,ACCT_00132,PERSON_00100,festival advance,290635,VENDOR_073,legitimate cash-intensive retail/festival activity
TXN_006584,2026-02-13,ACCT_00054,PERSON_00157,shopping,10033,VENDOR_017,shopping
TXN_006585,2022-10-30,ACCT_00038,PERSON_00254,medical,3669,VENDOR_063,medical
TXN_006586,2022-10-15,ACCT_00165,PERSON_00242,fuel,24265,VENDOR_058,fuel
TXN_006587,2024-10-16,ACCT_00395,PERSON_00269,shopping,7792,VENDOR_056,shopping
TXN_006588,2021-07-13,ACCT_00314,PERSON_00189,transport,38524,VENDOR_059,transport
TXN_006589,2025-10-22,ACCT_00300,PERSON_00272,grocery,19423,VENDOR_075,grocery
TXN_006590,2023-04-07,ACCT_00468,PERSON_00398,cash withdrawal,15821,VENDOR_091,cash withdrawal
TXN_006591,2025-08-10,ACCT_00314,PERSON_00189,fuel,33576,VENDOR_077,fuel
TXN_006592,2024-05-27,ACCT_00343,PERSON_00303,school fee,37390,VENDOR_026,school fee
TXN_006593,2025-03-15,ACCT_00294,PERSON_00177,settlement,376351,PERSON_00125,event services
TXN_006594,2022-04-17,ACCT_00451,PERSON_00281,utility,6651,VENDOR_040,utility
TXN_006595,2026-01-18,ACCT_00114,PERSON_00194,restaurant,23704,VENDOR_072,restaurant
TXN_006596,2021-12-01,ACCT_00114,PERSON_00194,utility,27277,VENDOR_086,utility
TXN_006597,2025-01-31,ACCT_00093,PERSON_00204,shopping,32241,VENDOR_026,shopping
TXN_006598,2022-05-25,ACCT_00213,PERSON_00048,cash deposit,299996,PERSON_00427,site material settlement
TXN_006599,2024-03-01,ACCT_00408,PERSON_00407,invoice,845854,PERSON_00385,premium settlement
TXN_006600,2024-02-13,ACCT_00362,PERSON_00147,vendor payment,210705,PERSON_00398,transport settlement
TXN_006601,2023-06-24,ACCT_00404,PERSON_00134,grocery,31822,VENDOR_017,grocery
TXN_006602,2026-01-03,ACCT_00132,PERSON_00100,gold purchase,272842,VENDOR_068,legitimate cash-intensive retail/festival activity
TXN_006603,2025-09-12,ACCT_00364,PERSON_00103,mobile recharge,39812,VENDOR_091,mobile recharge
TXN_006604,2024-11-17,ACCT_00001,PERSON_00033,festival advance,247541,VENDOR_100,legitimate cash-intensive retail/festival activity
TXN_006605,2023-12-21,ACCT_00287,PERSON_00071,invoice,558460,PERSON_00201,transport settlement
TXN_006606,2022-04-20,ACCT_00413,PERSON_00233,rent,32615,VENDOR_037,rent
TXN_006607,2025-03-24,ACCT_00350,PERSON_00059,cash withdrawal,19917,VENDOR_055,cash withdrawal
TXN_006608,2022-12-16,ACCT_00084,PERSON_00133,transfer,410043,PERSON_00374,event services
TXN_006609,2025-08-14,ACCT_00160,PERSON_00417,supplier settlement,242510,VENDOR_055,legitimate cash-intensive retail/festival activity
TXN_006610,2026-02-27,ACCT_00173,PERSON_00146,transfer,723241,PERSON_00383,registration/document fee
TXN_006611,2021-08-17,ACCT_00102,PERSON_00173,grocery,17439,VENDOR_082,grocery
TXN_006612,2022-10-29,ACCT_00411,PERSON_00174,cash withdrawal,44412,VENDOR_100,cash withdrawal
TXN_006613,2021-03-25,ACCT_00041,PERSON_00354,shopping,19345,VENDOR_005,shopping
TXN_006614,2024-01-31,ACCT_00305,PERSON_00020,transport,21591,VENDOR_075,transport
TXN_006615,2022-10-29,ACCT_00150,PERSON_00231,invoice,37344,PERSON_00306,wholesale goods
TXN_006616,2024-04-06,ACCT_00027,PERSON_00215,fuel,23940,VENDOR_027,fuel
TXN_006617,2023-06-28,ACCT_00013,PERSON_00090,cash withdrawal,22530,VENDOR_039,cash withdrawal
TXN_006618,2023-07-10,ACCT_00240,PERSON_00450,restaurant,7437,VENDOR_017,restaurant
TXN_006619,2026-05-22,ACCT_00292,PERSON_00007,school fee,4774,VENDOR_046,school fee
TXN_006620,2023-10-15,ACCT_00010,PERSON_00325,transfer,481012,PERSON_00152,service commission
TXN_006621,2026-05-11,ACCT_00383,PERSON_00347,transport,25723,VENDOR_019,transport
TXN_006622,2023-05-08,ACCT_00174,PERSON_00414,cash withdrawal,8975,VENDOR_053,cash withdrawal
TXN_006623,2024-01-30,ACCT_00012,PERSON_00449,fuel,41734,VENDOR_038,fuel
TXN_006624,2021-12-24,ACCT_00052,PERSON_00438,transport,29904,VENDOR_070,transport
TXN_006625,2022-06-12,ACCT_00268,PERSON_00422,fuel,32870,VENDOR_044,fuel
TXN_006626,2021-10-24,ACCT_00199,PERSON_00190,utility,19027,VENDOR_063,utility
TXN_006627,2024-07-10,ACCT_00208,PERSON_00368,restaurant,13966,VENDOR_085,restaurant
TXN_006628,2021-09-02,ACCT_00331,PERSON_00140,grocery,36429,VENDOR_061,grocery
TXN_006629,2025-07-06,ACCT_00383,PERSON_00347,cash deposit,435601,VENDOR_081,legitimate cash-intensive retail/festival activity
TXN_006630,2024-04-22,ACCT_00006,PERSON_00424,shopping,8649,VENDOR_047,shopping
TXN_006631,2025-03-05,ACCT_00337,PERSON_00279,shopping,27378,VENDOR_037,shopping
TXN_006632,2024-04-09,ACCT_00163,PERSON_00255,rent,10367,VENDOR_091,rent
TXN_006633,2023-02-19,ACCT_00150,PERSON_00231,transfer,803972,PERSON_00336,wholesale goods
TXN_006634,2024-07-08,ACCT_00207,PERSON_00239,rent,40701,VENDOR_026,rent
TXN_006635,2021-01-28,ACCT_00001,PERSON_00033,cash deposit,345453,VENDOR_080,legitimate cash-intensive retail/festival activity
TXN_006636,2022-03-14,ACCT_00323,PERSON_00302,fuel,20671,VENDOR_004,fuel
TXN_006637,2025-04-25,ACCT_00122,PERSON_00148,settlement,681324,PERSON_00204,consultancy settlement
TXN_006638,2025-04-04,ACCT_00455,PERSON_00016,grocery,29070,VENDOR_031,grocery
TXN_006639,2021-10-06,ACCT_00069,PERSON_00165,medical,17622,VENDOR_052,medical
TXN_006640,2024-05-20,ACCT_00126,PERSON_00062,salary,39340,VENDOR_055,salary
TXN_006641,2022-08-14,ACCT_00185,PERSON_00412,restaurant,8548,VENDOR_058,restaurant
TXN_006642,2024-05-10,ACCT_00135,PERSON_00102,cash withdrawal,744338,PERSON_00143,event services
TXN_006643,2021-04-25,ACCT_00182,PERSON_00241,cash withdrawal,57625,PERSON_00020,service commission
TXN_006644,2025-01-31,ACCT_00209,PERSON_00227,transfer,341822,PERSON_00436,site material settlement
TXN_006645,2024-11-29,ACCT_00438,PERSON_00074,festival advance,352296,VENDOR_042,legitimate cash-intensive retail/festival activity
TXN_006646,2023-03-28,ACCT_00366,PERSON_00063,mobile recharge,38071,VENDOR_083,mobile recharge
TXN_006647,2026-03-06,ACCT_00150,PERSON_00231,cash withdrawal,40779,VENDOR_031,cash withdrawal
TXN_006648,2021-01-08,ACCT_00425,PERSON_00328,grocery,35198,VENDOR_095,grocery
TXN_006649,2025-11-08,ACCT_00386,PERSON_00276,rent,44573,VENDOR_031,rent
TXN_006650,2022-01-25,ACCT_00462,PERSON_00186,mobile recharge,19353,VENDOR_009,mobile recharge
TXN_006651,2025-04-01,ACCT_00017,PERSON_00088,festival advance,145177,VENDOR_032,legitimate cash-intensive retail/festival activity
TXN_006652,2023-04-15,ACCT_00177,PERSON_00209,utility,9205,VENDOR_042,utility
TXN_006653,2021-12-20,ACCT_00068,PERSON_00366,transport,3811,VENDOR_097,transport
TXN_006654,2026-01-01,ACCT_00274,PERSON_00188,invoice,744450,PERSON_00055,event services
TXN_006655,2025-03-31,ACCT_00208,PERSON_00368,cash withdrawal,31705,VENDOR_043,cash withdrawal
TXN_006656,2023-08-28,ACCT_00037,PERSON_00113,festival advance,30392,VENDOR_010,legitimate cash-intensive retail/festival activity
TXN_006657,2026-03-08,ACCT_00085,PERSON_00370,cash withdrawal,721786,PERSON_00203,service commission
TXN_006658,2025-05-21,ACCT_00252,PERSON_00447,grocery,32472,VENDOR_011,grocery
TXN_006659,2021-05-02,ACCT_00421,PERSON_00444,vendor payment,781153,PERSON_00426,freight settlement
TXN_006660,2023-05-25,ACCT_00024,PERSON_00201,medical,33493,VENDOR_022,medical
TXN_006661,2024-06-29,ACCT_00467,PERSON_00357,shopping,18939,VENDOR_039,shopping
TXN_006662,2025-09-09,ACCT_00330,PERSON_00038,fuel,10526,VENDOR_081,fuel
TXN_006663,2023-04-07,ACCT_00263,PERSON_00034,settlement,441636,PERSON_00221,consultancy settlement
TXN_006664,2024-09-15,ACCT_00066,PERSON_00004,settlement,543534,PERSON_00284,service commission
TXN_006665,2023-03-25,ACCT_00179,PERSON_00332,utility,3350,VENDOR_064,utility
TXN_006666,2023-12-03,ACCT_00273,PERSON_00080,shopping,9159,VENDOR_068,shopping
TXN_006667,2023-04-11,ACCT_00170,PERSON_00123,grocery,37453,VENDOR_068,grocery
TXN_006668,2024-11-04,ACCT_00003,PERSON_00434,mobile recharge,5525,VENDOR_001,mobile recharge
TXN_006669,2022-09-06,ACCT_00381,PERSON_00200,mobile recharge,36050,VENDOR_022,mobile recharge
TXN_006670,2022-03-24,ACCT_00268,PERSON_00422,rent,6976,VENDOR_085,rent
TXN_006671,2024-03-09,ACCT_00360,PERSON_00192,shopping,30618,VENDOR_068,shopping
TXN_006672,2022-12-24,ACCT_00006,PERSON_00424,salary,19747,VENDOR_096,salary
TXN_006673,2023-09-11,ACCT_00464,PERSON_00109,shopping,2217,VENDOR_018,shopping
TXN_006674,2022-02-16,ACCT_00367,PERSON_00256,salary,15804,VENDOR_033,salary
TXN_006675,2021-02-08,ACCT_00288,PERSON_00180,grocery,15968,VENDOR_072,grocery
TXN_006676,2021-01-30,ACCT_00118,PERSON_00340,transport,21093,VENDOR_066,transport
TXN_006677,2023-12-05,ACCT_00383,PERSON_00347,cash deposit,338884,VENDOR_032,legitimate cash-intensive retail/festival activity
TXN_006678,2023-06-09,ACCT_00221,PERSON_00112,cash withdrawal,33639,VENDOR_012,cash withdrawal
TXN_006679,2023-02-05,ACCT_00104,PERSON_00027,transfer,522743,PERSON_00250,site material settlement
TXN_006680,2025-07-04,ACCT_00264,PERSON_00015,settlement,847550,PERSON_00381,freight settlement
TXN_006681,2021-04-16,ACCT_00270,PERSON_00306,salary,42137,VENDOR_041,salary
TXN_006682,2025-03-19,ACCT_00028,PERSON_00059,rent,19396,VENDOR_093,rent
TXN_006683,2024-10-15,ACCT_00383,PERSON_00347,wholesale jewellery,34242,VENDOR_082,legitimate cash-intensive retail/festival activity
TXN_006684,2025-03-08,ACCT_00126,PERSON_00062,shopping,35029,VENDOR_077,shopping
TXN_006685,2021-05-15,ACCT_00443,PERSON_00396,utility,36525,VENDOR_024,utility
TXN_006686,2021-10-31,ACCT_00132,PERSON_00100,rent,30032,VENDOR_047,rent
TXN_006687,2024-10-06,ACCT_00111,PERSON_00144,invoice,676368,PERSON_00175,vehicle advance
TXN_006688,2025-07-05,ACCT_00312,PERSON_00295,rent,6536,VENDOR_038,rent
TXN_006689,2021-05-02,ACCT_00421,PERSON_00444,rent,711,VENDOR_008,rent
TXN_006690,2023-02-03,ACCT_00063,PERSON_00400,cash withdrawal,1343,VENDOR_095,cash withdrawal
TXN_006691,2023-11-01,ACCT_00426,PERSON_00322,settlement,111120,PERSON_00135,registration/document fee
TXN_006692,2025-02-25,ACCT_00157,PERSON_00317,cash withdrawal,35171,VENDOR_010,cash withdrawal
TXN_006693,2026-06-06,ACCT_00246,PERSON_00244,supplier settlement,415350,VENDOR_045,legitimate cash-intensive retail/festival activity
TXN_006694,2024-12-16,ACCT_00194,PERSON_00077,salary,11803,VENDOR_045,salary
TXN_006695,2026-05-03,ACCT_00079,PERSON_00266,restaurant,14599,VENDOR_086,restaurant
TXN_006696,2021-12-27,ACCT_00274,PERSON_00188,transfer,627088,PERSON_00177,event services
TXN_006697,2025-01-06,ACCT_00259,PERSON_00166,cash withdrawal,42097,VENDOR_087,cash withdrawal
TXN_006698,2024-03-09,ACCT_00236,PERSON_00275,cash withdrawal,2724,VENDOR_044,cash withdrawal
TXN_006699,2025-10-08,ACCT_00471,PERSON_00353,cash deposit,474692,PERSON_00239,consultancy settlement
TXN_006700,2023-02-01,ACCT_00463,PERSON_00125,grocery,43706,VENDOR_071,grocery
TXN_006701,2022-11-08,ACCT_00296,PERSON_00316,cash withdrawal,30357,VENDOR_057,cash withdrawal
TXN_006702,2024-01-25,ACCT_00282,PERSON_00436,salary,43275,VENDOR_069,salary
TXN_006703,2023-04-27,ACCT_00438,PERSON_00074,wholesale jewellery,365129,VENDOR_099,legitimate cash-intensive retail/festival activity
TXN_006704,2025-09-29,ACCT_00338,PERSON_00118,salary,29621,VENDOR_055,salary
TXN_006705,2023-12-27,ACCT_00174,PERSON_00414,fuel,43946,VENDOR_042,fuel
TXN_006706,2023-10-01,ACCT_00202,PERSON_00149,cash withdrawal,3482,VENDOR_083,cash withdrawal
TXN_006707,2024-11-27,ACCT_00426,PERSON_00322,settlement,642198,PERSON_00010,registration/document fee
TXN_006708,2023-06-20,ACCT_00375,PERSON_00403,restaurant,18856,VENDOR_057,restaurant
TXN_006709,2022-08-07,ACCT_00355,PERSON_00263,school fee,9447,VENDOR_065,school fee
TXN_006710,2022-10-21,ACCT_00346,PERSON_00359,cash withdrawal,9720,VENDOR_033,cash withdrawal
TXN_006711,2022-10-30,ACCT_00355,PERSON_00263,vendor payment,170461,PERSON_00362,premium settlement
TXN_006712,2025-03-23,ACCT_00383,PERSON_00347,wholesale jewellery,256518,VENDOR_053,legitimate cash-intensive retail/festival activity
TXN_006713,2025-10-31,ACCT_00146,PERSON_00287,settlement,784422,PERSON_00181,vehicle advance
TXN_006714,2026-04-25,ACCT_00037,PERSON_00113,gold purchase,213170,VENDOR_075,legitimate cash-intensive retail/festival activity
TXN_006715,2023-01-25,ACCT_00425,PERSON_00328,school fee,6433,VENDOR_011,school fee
TXN_006716,2025-02-18,ACCT_00205,PERSON_00349,utility,14790,VENDOR_056,utility
TXN_006717,2024-09-03,ACCT_00246,PERSON_00244,wholesale jewellery,367851,VENDOR_008,legitimate cash-intensive retail/festival activity
TXN_006718,2023-02-28,ACCT_00375,PERSON_00403,fuel,30430,VENDOR_089,fuel
TXN_006719,2023-03-24,ACCT_00469,PERSON_00060,rent,5384,VENDOR_015,rent
TXN_006720,2022-02-20,ACCT_00270,PERSON_00306,restaurant,42870,VENDOR_003,restaurant
TXN_006721,2021-10-11,ACCT_00215,PERSON_00078,cash withdrawal,338815,PERSON_00043,wholesale goods
TXN_006722,2024-08-28,ACCT_00369,PERSON_00433,restaurant,32025,VENDOR_056,restaurant
TXN_006723,2025-07-09,ACCT_00314,PERSON_00189,salary,11778,VENDOR_006,salary
TXN_006649,2023-10-23,ACCT_00102,PERSON_00173,transfer,146089,PERSON_00173,intermediary settlement
TXN_006725,2023-08-11,ACCT_00407,PERSON_00011,wholesale jewellery,389872,VENDOR_092,legitimate cash-intensive retail/festival activity
TXN_006726,2023-01-05,ACCT_00210,PERSON_00290,medical,22683,VENDOR_020,medical
TXN_006727,2024-02-01,ACCT_00372,PERSON_00028,salary,37252,VENDOR_098,salary
TXN_006728,2021-02-15,ACCT_00067,PERSON_00150,transfer,705307,PERSON_00177,event services
TXN_006729,2023-05-16,ACCT_00477,PERSON_00031,cash withdrawal,42415,VENDOR_016,cash withdrawal
TXN_006730,2021-02-01,ACCT_00167,PERSON_00088,supplier settlement,341362,VENDOR_053,legitimate cash-intensive retail/festival activity
TXN_006731,2022-10-25,ACCT_00114,PERSON_00194,cash withdrawal,22759,VENDOR_046,cash withdrawal
TXN_006732,2023-02-23,ACCT_00437,PERSON_00360,rent,41699,VENDOR_075,rent
TXN_006733,2023-05-29,ACCT_00377,PERSON_00417,supplier settlement,198811,VENDOR_005,legitimate cash-intensive retail/festival activity
TXN_006734,2023-02-19,ACCT_00238,PERSON_00321,grocery,12195,VENDOR_074,grocery
TXN_006735,2026-04-03,ACCT_00207,PERSON_00239,transport,32966,VENDOR_007,transport
TXN_006736,2022-08-03,ACCT_00375,PERSON_00403,school fee,38739,VENDOR_077,school fee
TXN_006737,2023-12-18,ACCT_00329,PERSON_00069,grocery,42966,VENDOR_009,grocery
TXN_006738,2023-10-20,ACCT_00132,PERSON_00100,wholesale jewellery,371275,VENDOR_059,legitimate cash-intensive retail/festival activity
TXN_006739,2024-11-15,ACCT_00030,PERSON_00363,settlement,535311,PERSON_00262,site material settlement
TXN_006740,2026-01-02,ACCT_00004,PERSON_00425,grocery,19936,VENDOR_094,grocery
TXN_006741,2022-04-01,ACCT_00314,PERSON_00189,medical,36337,VENDOR_054,medical
TXN_006742,2026-03-07,ACCT_00307,PERSON_00305,shopping,12340,VENDOR_072,shopping
TXN_006743,2025-06-15,ACCT_00249,PERSON_00358,fuel,22928,VENDOR_016,fuel
TXN_006744,2026-04-14,ACCT_00160,PERSON_00417,wholesale jewellery,77639,VENDOR_074,legitimate cash-intensive retail/festival activity
TXN_006745,2022-04-02,ACCT_00120,PERSON_00153,salary,29965,VENDOR_075,salary
TXN_006746,2023-11-05,ACCT_00462,PERSON_00186,mobile recharge,8518,VENDOR_059,mobile recharge
TXN_006747,2022-08-11,ACCT_00063,PERSON_00400,settlement,437872,PERSON_00314,freight settlement
TXN_006748,2023-02-14,ACCT_00177,PERSON_00209,grocery,9216,VENDOR_040,grocery
TXN_006749,2023-01-28,ACCT_00166,PERSON_00272,fuel,4067,VENDOR_015,fuel
TXN_006750,2023-03-11,ACCT_00457,PERSON_00300,grocery,40028,VENDOR_088,grocery
TXN_006751,2025-07-01,ACCT_00001,PERSON_00033,wholesale jewellery,149790,VENDOR_032,legitimate cash-intensive retail/festival activity
TXN_006752,2025-02-08,ACCT_00231,PERSON_00246,salary,2684,VENDOR_004,salary
TXN_006189,2024-08-25,ACCT_00253,PERSON_00072,transfer,164494,PERSON_00282,intermediary settlement
TXN_006754,2022-02-26,ACCT_00343,PERSON_00303,cash withdrawal,26865,VENDOR_063,cash withdrawal
TXN_006755,2022-07-30,ACCT_00332,PERSON_00240,transport,32630,VENDOR_024,transport
TXN_006756,2021-06-22,ACCT_00074,PERSON_00293,vendor payment,32213,PERSON_00004,service commission
TXN_006757,2022-12-25,ACCT_00001,PERSON_00033,restaurant,41353,VENDOR_074,restaurant
TXN_006758,2023-12-05,ACCT_00416,PERSON_00043,rent,28795,VENDOR_012,rent
TXN_006759,2024-01-13,ACCT_00438,PERSON_00074,festival advance,174014,VENDOR_097,legitimate cash-intensive retail/festival activity
TXN_006760,2023-02-25,ACCT_00161,PERSON_00030,mobile recharge,20406,VENDOR_038,mobile recharge
TXN_006761,2024-09-22,ACCT_00162,PERSON_00376,cash withdrawal,442495,PERSON_00015,freight settlement
TXN_006762,2023-12-09,ACCT_00416,PERSON_00043,cash withdrawal,198090,PERSON_00231,wholesale goods
TXN_006763,2022-03-12,ACCT_00463,PERSON_00125,vendor payment,717592,PERSON_00049,event services
TXN_006764,2025-07-06,ACCT_00056,PERSON_00222,grocery,35433,VENDOR_098,grocery
TXN_006765,2023-01-30,ACCT_00452,PERSON_00369,salary,13088,VENDOR_054,salary
TXN_006766,2021-03-21,ACCT_00336,PERSON_00068,mobile recharge,32351,VENDOR_060,mobile recharge
TXN_006767,2021-08-28,ACCT_00133,PERSON_00184,vendor payment,21469,PERSON_00076,wholesale goods
TXN_006768,2023-12-21,ACCT_00011,PERSON_00010,grocery,442,VENDOR_084,grocery
TXN_006769,2025-10-12,ACCT_00215,PERSON_00078,invoice,783097,PERSON_00231,wholesale goods
TXN_006770,2021-10-23,ACCT_00418,PERSON_00314,invoice,367503,PERSON_00336,wholesale goods
TXN_006771,2024-05-01,ACCT_00452,PERSON_00369,cash withdrawal,11223,VENDOR_021,cash withdrawal
TXN_006772,2025-07-13,ACCT_00438,PERSON_00074,cash deposit,332061,VENDOR_027,legitimate cash-intensive retail/festival activity
TXN_006773,2022-09-30,ACCT_00407,PERSON_00011,festival advance,32773,VENDOR_051,legitimate cash-intensive retail/festival activity
TXN_006774,2024-01-29,ACCT_00110,PERSON_00292,mobile recharge,41901,VENDOR_092,mobile recharge
TXN_006775,2023-03-29,ACCT_00450,PERSON_00445,vendor payment,633842,PERSON_00388,service commission
TXN_006776,2021-07-20,ACCT_00053,PERSON_00152,school fee,14716,VENDOR_076,school fee
TXN_006777,2025-01-18,ACCT_00362,PERSON_00147,cash withdrawal,23380,VENDOR_013,cash withdrawal
TXN_006778,2025-06-29,ACCT_00452,PERSON_00369,cash withdrawal,33897,VENDOR_050,cash withdrawal
TXN_006779,2021-07-28,ACCT_00012,PERSON_00449,transfer,430742,PERSON_00065,transport settlement
TXN_006780,2023-03-17,ACCT_00210,PERSON_00290,restaurant,30916,VENDOR_093,restaurant
TXN_006781,2023-01-02,ACCT_00435,PERSON_00352,grocery,29160,VENDOR_090,grocery
TXN_006782,2025-04-14,ACCT_00053,PERSON_00152,grocery,43161,VENDOR_010,grocery
TXN_006783,2021-04-22,ACCT_00277,PERSON_00182,transport,19221,VENDOR_020,transport
TXN_006784,2023-11-12,ACCT_00146,PERSON_00287,settlement,826949,PERSON_00149,vehicle advance
TXN_006785,2025-07-26,ACCT_00071,PERSON_00073,fuel,8210,VENDOR_092,fuel
TXN_006786,2021-01-31,ACCT_00163,PERSON_00255,rent,15630,VENDOR_009,rent
TXN_006787,2026-02-25,ACCT_00383,PERSON_00347,festival advance,174325,VENDOR_098,legitimate cash-intensive retail/festival activity
TXN_006788,2023-06-20,ACCT_00148,PERSON_00442,cash withdrawal,33450,VENDOR_065,cash withdrawal
TXN_006789,2025-08-09,ACCT_00020,PERSON_00143,cash withdrawal,10583,VENDOR_050,cash withdrawal
TXN_006790,2025-10-06,ACCT_00048,PERSON_00067,salary,30982,VENDOR_085,salary
TXN_006791,2024-02-14,ACCT_00031,PERSON_00223,mobile recharge,9157,VENDOR_046,mobile recharge
TXN_006792,2023-04-06,ACCT_00007,PERSON_00247,medical,37936,VENDOR_061,medical
TXN_006793,2021-01-04,ACCT_00462,PERSON_00186,mobile recharge,44885,VENDOR_100,mobile recharge
TXN_006794,2025-01-04,ACCT_00358,PERSON_00085,grocery,14458,VENDOR_080,grocery
TXN_006795,2022-03-17,ACCT_00063,PERSON_00400,cash deposit,639559,PERSON_00033,registration/document fee
TXN_006796,2025-10-05,ACCT_00389,PERSON_00313,mobile recharge,20873,VENDOR_037,mobile recharge
TXN_006797,2021-08-04,ACCT_00286,PERSON_00104,transport,14788,VENDOR_063,transport
TXN_008528,2023-01-18,ACCT_00253,PERSON_00072,transfer,73884,PERSON_00405,intermediary settlement
TXN_006799,2025-07-27,ACCT_00417,PERSON_00076,rent,33950,VENDOR_039,rent
TXN_006800,2021-05-17,ACCT_00039,PERSON_00078,vendor payment,543808,PERSON_00076,wholesale goods
TXN_006801,2022-01-02,ACCT_00184,PERSON_00343,vendor payment,71089,PERSON_00192,wholesale goods
TXN_006802,2025-07-27,ACCT_00204,PERSON_00070,utility,259,VENDOR_095,utility
TXN_006803,2022-03-10,ACCT_00407,PERSON_00011,cash deposit,302284,VENDOR_025,legitimate cash-intensive retail/festival activity
TXN_006804,2026-05-25,ACCT_00390,PERSON_00049,vendor payment,202389,PERSON_00188,event services
TXN_006805,2025-01-25,ACCT_00476,PERSON_00160,cash withdrawal,30694,VENDOR_076,cash withdrawal
TXN_006806,2026-06-01,ACCT_00359,PERSON_00427,vendor payment,532818,PERSON_00094,site material settlement
TXN_006807,2023-08-09,ACCT_00272,PERSON_00128,restaurant,35675,VENDOR_029,restaurant
TXN_006808,2023-07-13,ACCT_00194,PERSON_00077,mobile recharge,11637,VENDOR_001,mobile recharge
TXN_006809,2024-09-16,ACCT_00206,PERSON_00075,salary,23322,VENDOR_098,salary
TXN_005521,2025-11-16,ACCT_00451,PERSON_00281,transfer,141345,PERSON_00391,intermediary settlement
TXN_006811,2022-04-07,ACCT_00273,PERSON_00080,utility,27928,VENDOR_043,utility
TXN_006812,2023-12-04,ACCT_00210,PERSON_00290,cash deposit,259102,PERSON_00146,registration/document fee
TXN_006813,2025-08-27,ACCT_00097,PERSON_00105,cash withdrawal,9908,VENDOR_074,cash withdrawal
TXN_006814,2022-12-22,ACCT_00407,PERSON_00011,cash deposit,244057,VENDOR_006,legitimate cash-intensive retail/festival activity
TXN_006815,2024-03-19,ACCT_00192,PERSON_00405,utility,41232,VENDOR_012,utility
TXN_006816,2023-07-11,ACCT_00247,PERSON_00047,medical,24417,VENDOR_094,medical
TXN_006817,2022-03-16,ACCT_00028,PERSON_00059,cash deposit,118595,VENDOR_015,legitimate cash-intensive retail/festival activity
TXN_006818,2024-04-10,ACCT_00439,PERSON_00385,cash withdrawal,853315,PERSON_00282,vehicle advance
TXN_006819,2021-12-24,ACCT_00348,PERSON_00055,transfer,20010,PERSON_00411,event services
TXN_006820,2025-09-05,ACCT_00117,PERSON_00155,transport,23212,VENDOR_028,transport
TXN_006821,2022-12-18,ACCT_00218,PERSON_00117,shopping,26106,VENDOR_038,shopping
TXN_006822,2022-03-29,ACCT_00131,PERSON_00331,fuel,9165,VENDOR_086,fuel
TXN_006823,2024-09-01,ACCT_00114,PERSON_00194,shopping,41775,VENDOR_082,shopping
TXN_006824,2023-02-23,ACCT_00132,PERSON_00100,gold purchase,70743,VENDOR_090,legitimate cash-intensive retail/festival activity
TXN_006825,2026-06-30,ACCT_00203,PERSON_00365,mobile recharge,3382,VENDOR_082,mobile recharge
TXN_006826,2023-02-13,ACCT_00014,PERSON_00088,cash deposit,394492,VENDOR_046,legitimate cash-intensive retail/festival activity
TXN_006827,2023-11-11,ACCT_00384,PERSON_00299,medical,18342,VENDOR_002,medical
TXN_006828,2023-07-18,ACCT_00054,PERSON_00157,mobile recharge,1675,VENDOR_018,mobile recharge
TXN_006829,2021-04-28,ACCT_00314,PERSON_00189,shopping,36146,VENDOR_002,shopping
TXN_006830,2024-02-01,ACCT_00336,PERSON_00068,fuel,3899,VENDOR_026,fuel
TXN_006831,2022-12-28,ACCT_00386,PERSON_00276,shopping,29129,VENDOR_038,shopping
TXN_006832,2022-09-18,ACCT_00465,PERSON_00282,shopping,29408,VENDOR_012,shopping
TXN_006833,2021-11-24,ACCT_00227,PERSON_00023,supplier settlement,143777,VENDOR_002,legitimate cash-intensive retail/festival activity
TXN_006834,2021-01-08,ACCT_00330,PERSON_00038,rent,39794,VENDOR_059,rent
TXN_006835,2023-02-07,ACCT_00001,PERSON_00033,festival advance,398430,VENDOR_021,legitimate cash-intensive retail/festival activity
TXN_006836,2022-09-11,ACCT_00001,PERSON_00033,gold purchase,210663,VENDOR_074,legitimate cash-intensive retail/festival activity
TXN_006837,2025-09-08,ACCT_00185,PERSON_00412,rent,31036,VENDOR_034,rent
TXN_006838,2024-04-05,ACCT_00272,PERSON_00128,cash withdrawal,42890,VENDOR_026,cash withdrawal
TXN_006839,2026-06-29,ACCT_00014,PERSON_00088,gold purchase,420478,Family Gold Traders,legitimate cash-intensive retail/festival activity
TXN_006840,2026-01-25,ACCT_00037,PERSON_00113,gold purchase,25879,VENDOR_099,legitimate cash-intensive retail/festival activity
TXN_006841,2022-05-19,ACCT_00195,PERSON_00185,fuel,1742,VENDOR_073,fuel
TXN_006842,2024-05-19,ACCT_00147,PERSON_00214,cash withdrawal,10766,VENDOR_004,cash withdrawal
TXN_006843,2023-01-14,ACCT_00001,PERSON_00033,gold purchase,351991,VENDOR_057,legitimate cash-intensive retail/festival activity
TXN_006844,2022-09-25,ACCT_00185,PERSON_00412,utility,41840,VENDOR_014,utility
TXN_006845,2021-05-10,ACCT_00465,PERSON_00282,cash deposit,31804,PERSON_00176,vehicle advance
TXN_006846,2024-02-28,ACCT_00036,PERSON_00087,restaurant,31258,VENDOR_074,restaurant
TXN_006847,2024-01-01,ACCT_00432,PERSON_00170,rent,38896,VENDOR_057,rent
TXN_006848,2022-11-22,ACCT_00408,PERSON_00407,mobile recharge,7608,VENDOR_071,mobile recharge
TXN_006849,2025-01-14,ACCT_00037,PERSON_00113,supplier settlement,71230,VENDOR_082,legitimate cash-intensive retail/festival activity
TXN_006850,2025-10-24,ACCT_00243,PERSON_00295,restaurant,18582,VENDOR_069,restaurant
TXN_006851,2023-01-19,ACCT_00235,PERSON_00431,fuel,25573,VENDOR_067,fuel
TXN_006852,2025-08-03,ACCT_00117,PERSON_00155,cash withdrawal,11233,VENDOR_072,cash withdrawal
TXN_006853,2024-12-21,ACCT_00392,PERSON_00226,fuel,30648,VENDOR_054,fuel
TXN_006854,2022-03-19,ACCT_00246,PERSON_00244,gold purchase,252868,VENDOR_093,legitimate cash-intensive retail/festival activity
TXN_006855,2026-03-31,ACCT_00033,PERSON_00029,salary,21624,VENDOR_079,salary
TXN_006856,2025-02-10,ACCT_00066,PERSON_00004,cash withdrawal,481887,PERSON_00044,service commission
TXN_006857,2021-06-02,ACCT_00247,PERSON_00047,shopping,9995,VENDOR_012,shopping
TXN_006858,2024-05-25,ACCT_00366,PERSON_00063,grocery,1416,VENDOR_006,grocery
TXN_006859,2025-02-17,ACCT_00336,PERSON_00068,school fee,1289,VENDOR_016,school fee
TXN_006860,2025-04-25,ACCT_00456,PERSON_00142,grocery,1079,VENDOR_065,grocery
TXN_006861,2025-07-25,ACCT_00255,PERSON_00129,mobile recharge,4490,VENDOR_076,mobile recharge
TXN_006862,2025-06-18,ACCT_00193,PERSON_00135,cash withdrawal,291004,PERSON_00105,registration/document fee
TXN_006863,2024-04-19,ACCT_00373,PERSON_00141,invoice,827517,PERSON_00394,transport settlement
TXN_006864,2022-04-30,ACCT_00335,PERSON_00248,fuel,37378,VENDOR_092,fuel
TXN_006865,2022-02-17,ACCT_00379,PERSON_00326,grocery,2410,VENDOR_013,grocery
TXN_006866,2022-06-01,ACCT_00249,PERSON_00358,restaurant,18117,VENDOR_100,restaurant
TXN_006867,2022-04-12,ACCT_00322,PERSON_00429,invoice,791963,PERSON_00133,event services
TXN_006868,2024-03-13,ACCT_00417,PERSON_00076,fuel,22688,VENDOR_089,fuel
TXN_006869,2024-02-19,ACCT_00268,PERSON_00422,rent,21555,VENDOR_076,rent
TXN_006870,2025-09-02,ACCT_00452,PERSON_00369,fuel,36150,VENDOR_059,fuel
TXN_006871,2025-09-28,ACCT_00087,PERSON_00010,vendor payment,29814,PERSON_00346,registration/document fee
TXN_006872,2022-05-07,ACCT_00414,PERSON_00130,rent,31716,VENDOR_060,rent
TXN_006873,2023-09-11,ACCT_00008,PERSON_00069,transport,34413,VENDOR_085,transport
TXN_006874,2025-08-18,ACCT_00162,PERSON_00376,shopping,38698,VENDOR_056,shopping
TXN_006875,2023-10-14,ACCT_00367,PERSON_00256,utility,27139,VENDOR_016,utility
TXN_006876,2023-05-27,ACCT_00054,PERSON_00157,fuel,31356,VENDOR_072,fuel
TXN_006877,2022-12-29,ACCT_00044,PERSON_00086,transport,14067,VENDOR_003,transport
TXN_006878,2021-09-30,ACCT_00075,PERSON_00271,grocery,15303,VENDOR_093,grocery
TXN_006879,2022-11-20,ACCT_00356,PERSON_00338,salary,38476,VENDOR_093,salary
TXN_006880,2025-03-22,ACCT_00203,PERSON_00365,school fee,42303,VENDOR_067,school fee
TXN_006881,2023-06-17,ACCT_00247,PERSON_00047,shopping,10492,VENDOR_076,shopping
TXN_006882,2024-05-07,ACCT_00053,PERSON_00152,cash withdrawal,17566,VENDOR_084,cash withdrawal
TXN_005275,2025-07-01,ACCT_00451,PERSON_00281,transfer,101562,PERSON_00105,intermediary settlement
TXN_006884,2026-06-08,ACCT_00477,PERSON_00031,utility,1624,VENDOR_072,utility
TXN_006885,2025-10-20,ACCT_00287,PERSON_00071,utility,23585,VENDOR_077,utility
TXN_006886,2024-02-25,ACCT_00479,PERSON_00082,vendor payment,430622,PERSON_00141,transport settlement
TXN_006887,2023-04-27,ACCT_00054,PERSON_00157,medical,32084,VENDOR_009,medical
TXN_006888,2022-04-27,ACCT_00294,PERSON_00177,cash deposit,692783,PERSON_00052,event services
TXN_006889,2022-04-22,ACCT_00296,PERSON_00316,shopping,10631,VENDOR_033,shopping
TXN_006890,2025-04-13,ACCT_00454,PERSON_00119,rent,31628,VENDOR_028,rent
TXN_006891,2024-06-27,ACCT_00037,PERSON_00113,supplier settlement,114927,VENDOR_039,legitimate cash-intensive retail/festival activity
TXN_006892,2026-01-04,ACCT_00298,PERSON_00371,rent,44586,VENDOR_002,rent
TXN_006893,2021-04-18,ACCT_00242,PERSON_00124,invoice,718412,PERSON_00097,freight settlement
TXN_006894,2022-12-08,ACCT_00071,PERSON_00073,shopping,30803,VENDOR_010,shopping
TXN_006895,2023-01-10,ACCT_00114,PERSON_00194,fuel,26044,VENDOR_026,fuel
TXN_006896,2021-03-05,ACCT_00366,PERSON_00063,cash withdrawal,9683,VENDOR_012,cash withdrawal
TXN_006897,2024-10-10,ACCT_00175,PERSON_00207,utility,32243,VENDOR_024,utility
TXN_006898,2025-01-11,ACCT_00071,PERSON_00073,transfer,597938,PERSON_00151,consultancy settlement
TXN_006899,2022-09-11,ACCT_00434,PERSON_00342,salary,44506,VENDOR_021,salary
TXN_006900,2022-09-21,ACCT_00407,PERSON_00011,wholesale jewellery,16377,VENDOR_067,legitimate cash-intensive retail/festival activity
TXN_006901,2022-11-22,ACCT_00004,PERSON_00425,shopping,4417,VENDOR_041,shopping
TXN_006902,2024-12-11,ACCT_00428,PERSON_00234,transfer,551397,PERSON_00393,vehicle advance
TXN_006903,2025-11-06,ACCT_00346,PERSON_00359,settlement,494184,PERSON_00387,consultancy settlement
TXN_006904,2024-02-03,ACCT_00442,PERSON_00079,mobile recharge,36792,VENDOR_012,mobile recharge
TXN_006905,2021-12-13,ACCT_00264,PERSON_00015,invoice,629057,PERSON_00050,freight settlement
TXN_006906,2023-11-29,ACCT_00017,PERSON_00088,cash deposit,146693,VENDOR_041,legitimate cash-intensive retail/festival activity
TXN_006907,2022-08-18,ACCT_00018,PERSON_00156,cash withdrawal,34631,VENDOR_036,cash withdrawal
TXN_006908,2025-08-27,ACCT_00091,PERSON_00138,fuel,12495,VENDOR_026,fuel
TXN_006909,2021-08-27,ACCT_00117,PERSON_00155,vendor payment,741320,PERSON_00248,freight settlement
TXN_006910,2022-11-10,ACCT_00478,PERSON_00218,transport,18738,VENDOR_019,transport
TXN_006911,2024-03-16,ACCT_00067,PERSON_00150,medical,19719,VENDOR_097,medical
TXN_006912,2022-02-24,ACCT_00313,PERSON_00397,transport,32624,VENDOR_067,transport
TXN_006913,2022-06-06,ACCT_00340,PERSON_00058,cash withdrawal,34580,VENDOR_063,cash withdrawal
TXN_006914,2026-03-15,ACCT_00350,PERSON_00059,gold purchase,285847,VENDOR_095,legitimate cash-intensive retail/festival activity
TXN_006915,2023-08-05,ACCT_00002,PERSON_00337,cash withdrawal,741332,PERSON_00043,wholesale goods
TXN_006916,2024-06-18,ACCT_00408,PERSON_00407,invoice,269554,PERSON_00311,premium settlement
TXN_006917,2021-11-10,ACCT_00179,PERSON_00332,mobile recharge,29722,VENDOR_053,mobile recharge
TXN_006918,2025-05-06,ACCT_00218,PERSON_00117,cash withdrawal,32101,VENDOR_082,cash withdrawal
TXN_006919,2023-06-21,ACCT_00383,PERSON_00347,festival advance,263148,VENDOR_050,legitimate cash-intensive retail/festival activity
TXN_006920,2021-09-02,ACCT_00307,PERSON_00305,school fee,3267,VENDOR_028,school fee
TXN_006921,2026-06-19,ACCT_00471,PERSON_00353,cash deposit,428513,PERSON_00379,consultancy settlement
TXN_006922,2022-02-14,ACCT_00183,PERSON_00286,restaurant,31570,VENDOR_034,restaurant
TXN_006923,2024-12-27,ACCT_00124,PERSON_00270,medical,9232,VENDOR_052,medical
TXN_006924,2025-10-12,ACCT_00228,PERSON_00098,shopping,1874,VENDOR_022,shopping
TXN_006925,2025-04-04,ACCT_00290,PERSON_00362,invoice,221882,PERSON_00312,premium settlement
TXN_006926,2023-05-05,ACCT_00331,PERSON_00140,rent,21944,VENDOR_080,rent
TXN_006927,2026-02-24,ACCT_00012,PERSON_00449,medical,29741,VENDOR_028,medical
TXN_006928,2021-07-28,ACCT_00376,PERSON_00232,invoice,734168,PERSON_00331,transport settlement
TXN_006929,2024-01-12,ACCT_00185,PERSON_00412,rent,18747,VENDOR_041,rent
TXN_006930,2022-11-06,ACCT_00392,PERSON_00226,cash deposit,142905,PERSON_00246,site material settlement
TXN_006931,2022-01-25,ACCT_00465,PERSON_00282,invoice,561267,PERSON_00300,vehicle advance
TXN_006932,2021-12-09,ACCT_00128,PERSON_00061,shopping,7827,VENDOR_019,shopping
TXN_006933,2024-11-10,ACCT_00193,PERSON_00135,mobile recharge,3030,VENDOR_063,mobile recharge
TXN_006934,2025-10-02,ACCT_00373,PERSON_00141,vendor payment,142757,PERSON_00425,transport settlement
TXN_006935,2025-01-16,ACCT_00264,PERSON_00015,rent,13906,VENDOR_075,rent
TXN_006936,2023-05-16,ACCT_00205,PERSON_00349,fuel,25271,VENDOR_087,fuel
TXN_006937,2023-05-09,ACCT_00417,PERSON_00076,invoice,24977,PERSON_00185,wholesale goods
TXN_006938,2023-06-27,ACCT_00130,PERSON_00416,school fee,31351,VENDOR_042,school fee
TXN_005689,2023-05-07,ACCT_00451,PERSON_00281,transfer,76483,PERSON_00281,intermediary settlement
TXN_006940,2021-10-19,ACCT_00002,PERSON_00337,rent,40199,VENDOR_057,rent
TXN_006941,2025-11-28,ACCT_00106,PERSON_00314,restaurant,12680,VENDOR_013,restaurant
TXN_006942,2025-11-04,ACCT_00378,PERSON_00397,salary,41023,VENDOR_084,salary
TXN_006943,2021-04-17,ACCT_00349,PERSON_00384,invoice,870503,PERSON_00028,wholesale goods
TXN_006944,2023-04-11,ACCT_00146,PERSON_00287,mobile recharge,16845,VENDOR_068,mobile recharge
TXN_006945,2024-08-23,ACCT_00465,PERSON_00282,grocery,37978,VENDOR_041,grocery
TXN_006946,2021-07-01,ACCT_00390,PERSON_00049,invoice,673645,PERSON_00411,event services
TXN_006947,2023-03-08,ACCT_00420,PERSON_00159,fuel,19077,VENDOR_025,fuel
TXN_006948,2024-04-03,ACCT_00407,PERSON_00011,supplier settlement,179360,VENDOR_049,legitimate cash-intensive retail/festival activity
TXN_006949,2021-07-19,ACCT_00368,PERSON_00019,mobile recharge,2531,VENDOR_020,mobile recharge
TXN_006950,2024-10-03,ACCT_00019,PERSON_00175,mobile recharge,25778,VENDOR_076,mobile recharge
TXN_006951,2021-07-01,ACCT_00432,PERSON_00170,cash withdrawal,38336,VENDOR_045,cash withdrawal
TXN_006952,2022-07-16,ACCT_00416,PERSON_00043,mobile recharge,10050,VENDOR_087,mobile recharge
TXN_006953,2023-09-29,ACCT_00066,PERSON_00004,rent,17769,VENDOR_055,rent
TXN_006954,2024-01-21,ACCT_00437,PERSON_00360,transfer,726329,PERSON_00076,wholesale goods
TXN_006955,2021-03-30,ACCT_00461,PERSON_00217,shopping,36463,VENDOR_066,shopping
TXN_006956,2021-02-18,ACCT_00108,PERSON_00147,mobile recharge,3351,VENDOR_077,mobile recharge
TXN_006957,2022-12-16,ACCT_00071,PERSON_00073,school fee,3888,VENDOR_030,school fee
TXN_006958,2026-03-09,ACCT_00285,PERSON_00203,rent,40990,VENDOR_055,rent
TXN_006959,2021-08-24,ACCT_00110,PERSON_00292,transport,977,VENDOR_036,transport
TXN_006960,2026-05-28,ACCT_00244,PERSON_00221,invoice,482675,PERSON_00265,consultancy settlement
TXN_006961,2023-07-08,ACCT_00468,PERSON_00398,vendor payment,207411,PERSON_00331,transport settlement
TXN_006962,2022-07-04,ACCT_00126,PERSON_00062,cash withdrawal,28892,VENDOR_056,cash withdrawal
TXN_006963,2021-05-28,ACCT_00091,PERSON_00138,transport,39711,VENDOR_081,transport
TXN_006964,2026-03-09,ACCT_00144,PERSON_00312,cash deposit,773307,PERSON_00220,premium settlement
TXN_006965,2024-08-18,ACCT_00167,PERSON_00088,wholesale jewellery,389767,VENDOR_041,legitimate cash-intensive retail/festival activity
TXN_006966,2026-05-12,ACCT_00453,PERSON_00009,transport,21953,VENDOR_060,transport
TXN_006967,2026-04-01,ACCT_00093,PERSON_00204,cash withdrawal,38462,VENDOR_025,cash withdrawal
TXN_006968,2021-06-20,ACCT_00282,PERSON_00436,cash withdrawal,16619,VENDOR_054,cash withdrawal
TXN_006969,2025-08-05,ACCT_00031,PERSON_00223,invoice,450814,PERSON_00094,site material settlement
TXN_006970,2025-12-16,ACCT_00013,PERSON_00090,cash withdrawal,515,VENDOR_056,cash withdrawal
TXN_006971,2025-03-06,ACCT_00445,PERSON_00259,vendor payment,440231,PERSON_00057,premium settlement
TXN_006972,2021-09-01,ACCT_00336,PERSON_00068,cash withdrawal,10736,VENDOR_094,cash withdrawal
TXN_006973,2024-01-11,ACCT_00375,PERSON_00403,fuel,18501,VENDOR_090,fuel
TXN_006974,2023-03-28,ACCT_00261,PERSON_00235,settlement,124864,PERSON_00393,vehicle advance
TXN_006975,2025-01-22,ACCT_00142,PERSON_00179,wholesale jewellery,256155,VENDOR_100,legitimate cash-intensive retail/festival activity
TXN_006976,2021-05-11,ACCT_00062,PERSON_00388,utility,29760,VENDOR_046,utility
TXN_006977,2025-09-21,ACCT_00017,PERSON_00088,cash deposit,149170,VENDOR_031,legitimate cash-intensive retail/festival activity
TXN_006978,2022-02-16,ACCT_00426,PERSON_00322,invoice,23913,PERSON_00169,consultancy settlement
TXN_006979,2024-03-15,ACCT_00004,PERSON_00425,transfer,875902,PERSON_00126,transport settlement
TXN_006980,2024-04-29,ACCT_00445,PERSON_00259,transfer,614241,PERSON_00362,premium settlement
TXN_006981,2024-06-07,ACCT_00287,PERSON_00071,utility,24078,VENDOR_026,utility
TXN_006982,2022-09-22,ACCT_00080,PERSON_00137,cash withdrawal,553717,PERSON_00082,transport settlement
TXN_006983,2025-10-25,ACCT_00299,PERSON_00386,shopping,41111,VENDOR_035,shopping
TXN_006984,2023-06-10,ACCT_00187,PERSON_00273,transport,6875,VENDOR_092,transport
TXN_006985,2024-01-10,ACCT_00274,PERSON_00188,cash withdrawal,247186,PERSON_00025,freight settlement
TXN_006986,2023-07-06,ACCT_00441,PERSON_00304,rent,21677,VENDOR_034,rent
TXN_006987,2025-09-04,ACCT_00407,PERSON_00011,cash withdrawal,564671,PERSON_00173,consultancy settlement
TXN_006988,2025-02-18,ACCT_00208,PERSON_00368,mobile recharge,33264,VENDOR_018,mobile recharge
TXN_006989,2021-04-21,ACCT_00203,PERSON_00365,utility,22017,VENDOR_059,utility
TXN_006990,2023-12-31,ACCT_00294,PERSON_00177,settlement,491217,PERSON_00102,event services
TXN_006991,2022-09-07,ACCT_00307,PERSON_00305,grocery,21308,VENDOR_010,grocery
TXN_006992,2025-07-10,ACCT_00460,PERSON_00336,settlement,156740,PERSON_00337,wholesale goods
TXN_006993,2024-10-20,ACCT_00270,PERSON_00306,cash deposit,87848,PERSON_00336,wholesale goods
TXN_006994,2023-06-20,ACCT_00324,PERSON_00283,settlement,635672,PERSON_00146,registration/document fee
TXN_006995,2023-12-10,ACCT_00295,PERSON_00269,cash withdrawal,472341,PERSON_00105,registration/document fee
TXN_006996,2022-02-24,ACCT_00353,PERSON_00411,cash withdrawal,418318,PERSON_00036,event services
TXN_006997,2026-02-15,ACCT_00409,PERSON_00193,rent,1287,VENDOR_035,rent
TXN_006998,2023-10-27,ACCT_00414,PERSON_00130,settlement,215079,PERSON_00170,service commission
TXN_006999,2023-07-09,ACCT_00261,PERSON_00235,school fee,26450,VENDOR_027,school fee
TXN_007000,2024-11-09,ACCT_00227,PERSON_00023,gold purchase,302869,VENDOR_005,legitimate cash-intensive retail/festival activity
TXN_007001,2021-04-18,ACCT_00130,PERSON_00416,shopping,32131,VENDOR_096,shopping
TXN_007002,2022-08-22,ACCT_00032,PERSON_00065,shopping,29516,VENDOR_046,shopping
TXN_007003,2024-04-20,ACCT_00309,PERSON_00127,transfer,514637,PERSON_00151,consultancy settlement
TXN_007004,2026-02-02,ACCT_00132,PERSON_00100,festival advance,320976,VENDOR_051,legitimate cash-intensive retail/festival activity
TXN_007005,2022-10-07,ACCT_00314,PERSON_00189,utility,44739,VENDOR_013,utility
TXN_007006,2023-08-11,ACCT_00305,PERSON_00020,cash deposit,562690,PERSON_00388,service commission
TXN_007007,2024-10-10,ACCT_00472,PERSON_00278,cash withdrawal,26141,VENDOR_049,cash withdrawal
TXN_007008,2025-06-05,ACCT_00061,PERSON_00102,school fee,22739,VENDOR_091,school fee
TXN_007009,2024-04-26,ACCT_00137,PERSON_00432,rent,19644,VENDOR_056,rent
TXN_007010,2021-08-29,ACCT_00385,PERSON_00257,cash withdrawal,38341,VENDOR_004,cash withdrawal
TXN_007011,2022-06-07,ACCT_00025,PERSON_00315,vendor payment,454801,PERSON_00430,service commission
TXN_007012,2023-12-25,ACCT_00143,PERSON_00069,invoice,238412,PERSON_00173,service commission
TXN_007013,2025-04-24,ACCT_00003,PERSON_00434,rent,35649,VENDOR_043,rent
TXN_007014,2021-09-13,ACCT_00046,PERSON_00183,rent,42862,VENDOR_062,rent
TXN_007015,2021-07-28,ACCT_00118,PERSON_00340,shopping,23207,VENDOR_100,shopping
TXN_007016,2026-05-03,ACCT_00429,PERSON_00382,grocery,16415,VENDOR_063,grocery
TXN_007017,2024-09-19,ACCT_00270,PERSON_00306,grocery,17899,VENDOR_056,grocery
TXN_007018,2021-11-13,ACCT_00478,PERSON_00218,cash withdrawal,677825,PERSON_00300,vehicle advance
TXN_007019,2021-12-24,ACCT_00180,PERSON_00066,transfer,897208,PERSON_00201,transport settlement
TXN_007020,2023-01-17,ACCT_00417,PERSON_00076,settlement,415207,PERSON_00185,wholesale goods
TXN_007021,2022-09-27,ACCT_00178,PERSON_00413,transport,37228,VENDOR_059,transport
TXN_007022,2022-08-09,ACCT_00296,PERSON_00316,rent,37952,VENDOR_013,rent
TXN_007023,2024-04-03,ACCT_00373,PERSON_00141,cash withdrawal,1664,VENDOR_097,cash withdrawal
TXN_007024,2026-02-22,ACCT_00407,PERSON_00011,gold purchase,244184,VENDOR_021,legitimate cash-intensive retail/festival activity
TXN_007025,2023-09-08,ACCT_00473,PERSON_00121,shopping,8766,VENDOR_086,shopping
TXN_007026,2021-04-19,ACCT_00438,PERSON_00074,cash deposit,77151,VENDOR_097,legitimate cash-intensive retail/festival activity
TXN_007027,2024-08-10,ACCT_00297,PERSON_00440,cash withdrawal,13133,VENDOR_018,cash withdrawal
TXN_007028,2022-08-02,ACCT_00019,PERSON_00175,medical,44404,VENDOR_066,medical
TXN_007029,2024-05-12,ACCT_00037,PERSON_00113,wholesale jewellery,24708,VENDOR_061,legitimate cash-intensive retail/festival activity
TXN_007030,2024-11-10,ACCT_00173,PERSON_00146,cash withdrawal,5198,VENDOR_052,cash withdrawal
TXN_007031,2023-12-18,ACCT_00205,PERSON_00349,cash withdrawal,28245,VENDOR_017,cash withdrawal
TXN_007032,2022-05-17,ACCT_00069,PERSON_00165,invoice,826458,PERSON_00398,transport settlement
TXN_007033,2022-06-16,ACCT_00458,PERSON_00389,salary,21172,VENDOR_007,salary
TXN_007034,2021-09-25,ACCT_00305,PERSON_00020,restaurant,28086,VENDOR_043,restaurant
TXN_007035,2025-01-02,ACCT_00177,PERSON_00209,settlement,806002,PERSON_00049,event services
TXN_007036,2025-01-11,ACCT_00444,PERSON_00051,invoice,869795,PERSON_00176,vehicle advance
TXN_007037,2022-04-21,ACCT_00374,PERSON_00320,settlement,806706,PERSON_00445,service commission
TXN_007038,2024-01-06,ACCT_00002,PERSON_00337,invoice,824741,PERSON_00360,wholesale goods
TXN_007039,2022-08-06,ACCT_00414,PERSON_00130,cash withdrawal,197794,PERSON_00004,service commission
TXN_007040,2021-09-23,ACCT_00361,PERSON_00035,rent,40741,VENDOR_055,rent
TXN_007041,2023-09-20,ACCT_00072,PERSON_00418,shopping,26316,VENDOR_031,shopping
TXN_007042,2024-06-10,ACCT_00335,PERSON_00248,restaurant,39826,VENDOR_063,restaurant
TXN_007043,2023-07-05,ACCT_00299,PERSON_00386,cash withdrawal,25002,PERSON_00053,freight settlement
TXN_007044,2023-01-09,ACCT_00215,PERSON_00078,cash withdrawal,351422,PERSON_00184,wholesale goods
TXN_007045,2023-01-20,ACCT_00150,PERSON_00231,invoice,160198,PERSON_00043,wholesale goods
TXN_007046,2021-01-06,ACCT_00139,PERSON_00330,rent,38806,VENDOR_027,rent
TXN_007047,2024-07-09,ACCT_00236,PERSON_00275,cash withdrawal,24304,VENDOR_082,cash withdrawal
TXN_007048,2024-04-23,ACCT_00422,PERSON_00052,utility,25995,VENDOR_016,utility
TXN_007049,2022-04-25,ACCT_00239,PERSON_00401,cash withdrawal,23261,VENDOR_053,cash withdrawal
TXN_007050,2022-11-28,ACCT_00377,PERSON_00417,cash deposit,431511,VENDOR_027,legitimate cash-intensive retail/festival activity
TXN_007051,2021-11-01,ACCT_00153,PERSON_00420,medical,15250,VENDOR_022,medical
TXN_007052,2022-03-16,ACCT_00213,PERSON_00048,grocery,41450,VENDOR_019,grocery
TXN_007053,2021-11-08,ACCT_00296,PERSON_00316,fuel,22508,VENDOR_044,fuel
TXN_007054,2026-06-23,ACCT_00381,PERSON_00200,restaurant,43738,VENDOR_033,restaurant
TXN_007055,2023-12-11,ACCT_00300,PERSON_00272,rent,22548,VENDOR_045,rent
TXN_007056,2021-12-01,ACCT_00001,PERSON_00033,rent,36490,VENDOR_063,rent
TXN_007057,2022-08-07,ACCT_00422,PERSON_00052,cash deposit,559245,PERSON_00049,event services
TXN_007058,2026-04-10,ACCT_00228,PERSON_00098,grocery,25051,VENDOR_080,grocery
TXN_007059,2023-03-28,ACCT_00160,PERSON_00417,festival advance,134394,VENDOR_014,legitimate cash-intensive retail/festival activity
TXN_007060,2021-12-16,ACCT_00434,PERSON_00342,salary,6794,VENDOR_008,salary
TXN_007061,2021-08-13,ACCT_00044,PERSON_00086,fuel,7164,VENDOR_083,fuel
TXN_007062,2023-09-22,ACCT_00147,PERSON_00214,shopping,22047,VENDOR_067,shopping
TXN_007063,2022-07-08,ACCT_00103,PERSON_00323,shopping,33453,VENDOR_077,shopping
TXN_007064,2022-11-11,ACCT_00351,PERSON_00163,invoice,637630,PERSON_00173,service commission
TXN_007065,2022-10-15,ACCT_00147,PERSON_00214,medical,5967,VENDOR_007,medical
TXN_007066,2021-06-09,ACCT_00386,PERSON_00276,cash withdrawal,29281,VENDOR_087,cash withdrawal
TXN_007067,2021-11-16,ACCT_00407,PERSON_00011,grocery,17505,VENDOR_010,grocery
TXN_007068,2021-02-09,ACCT_00426,PERSON_00322,cash withdrawal,531260,PERSON_00169,consultancy settlement
TXN_007069,2021-11-23,ACCT_00474,PERSON_00116,salary,2585,VENDOR_052,salary
TXN_007070,2021-12-29,ACCT_00412,PERSON_00089,restaurant,28171,VENDOR_050,restaurant
TXN_007071,2022-12-05,ACCT_00429,PERSON_00382,mobile recharge,21776,VENDOR_010,mobile recharge
TXN_007072,2022-01-07,ACCT_00434,PERSON_00342,salary,27543,VENDOR_021,salary
TXN_007073,2021-12-11,ACCT_00376,PERSON_00232,medical,714,VENDOR_066,medical
TXN_007074,2025-12-20,ACCT_00066,PERSON_00004,invoice,668735,PERSON_00044,service commission
TXN_007075,2021-02-23,ACCT_00352,PERSON_00110,restaurant,25663,VENDOR_076,restaurant
TXN_007076,2021-01-15,ACCT_00183,PERSON_00286,salary,11285,VENDOR_014,salary
TXN_007077,2021-11-10,ACCT_00252,PERSON_00447,restaurant,33788,VENDOR_067,restaurant
TXN_007078,2023-08-14,ACCT_00460,PERSON_00336,transfer,716113,PERSON_00231,wholesale goods
TXN_007079,2025-04-29,ACCT_00160,PERSON_00417,cash deposit,431212,VENDOR_021,legitimate cash-intensive retail/festival activity
TXN_007080,2024-12-05,ACCT_00123,PERSON_00277,rent,9346,VENDOR_076,rent
TXN_007081,2021-10-08,ACCT_00031,PERSON_00223,grocery,37829,VENDOR_005,grocery
TXN_007082,2024-02-26,ACCT_00163,PERSON_00255,shopping,2002,VENDOR_051,shopping
TXN_007083,2024-11-04,ACCT_00364,PERSON_00103,restaurant,25941,VENDOR_046,restaurant
TXN_007084,2024-07-12,ACCT_00407,PERSON_00011,festival advance,403777,VENDOR_046,legitimate cash-intensive retail/festival activity
TXN_007085,2026-06-01,ACCT_00457,PERSON_00300,cash withdrawal,37799,VENDOR_051,cash withdrawal
TXN_007086,2021-03-28,ACCT_00389,PERSON_00313,grocery,9333,VENDOR_033,grocery
TXN_007087,2023-02-17,ACCT_00319,PERSON_00404,salary,20704,VENDOR_006,salary
TXN_007088,2022-05-23,ACCT_00294,PERSON_00177,transport,24909,VENDOR_041,transport
TXN_007089,2022-04-25,ACCT_00055,PERSON_00013,restaurant,32291,VENDOR_027,restaurant
TXN_007090,2024-08-12,ACCT_00447,PERSON_00379,cash deposit,653052,PERSON_00073,consultancy settlement
TXN_007091,2024-09-24,ACCT_00306,PERSON_00330,grocery,11812,VENDOR_099,grocery
TXN_007092,2024-09-10,ACCT_00406,PERSON_00250,settlement,214391,PERSON_00433,site material settlement
TXN_007093,2023-06-05,ACCT_00013,PERSON_00090,cash withdrawal,33629,VENDOR_022,cash withdrawal
TXN_007094,2024-01-09,ACCT_00184,PERSON_00343,cash deposit,680848,PERSON_00076,wholesale goods
TXN_007095,2023-01-06,ACCT_00163,PERSON_00255,settlement,404368,PERSON_00386,freight settlement
TXN_007096,2023-07-30,ACCT_00080,PERSON_00137,rent,21005,VENDOR_013,rent
TXN_007097,2021-11-03,ACCT_00003,PERSON_00434,shopping,7632,VENDOR_017,shopping
TXN_007098,2022-12-01,ACCT_00204,PERSON_00070,salary,20117,VENDOR_085,salary
TXN_007099,2025-07-25,ACCT_00314,PERSON_00189,cash withdrawal,13653,VENDOR_007,cash withdrawal
TXN_007100,2023-08-02,ACCT_00144,PERSON_00312,cash withdrawal,36830,VENDOR_091,cash withdrawal
TXN_007101,2026-05-13,ACCT_00246,PERSON_00244,wholesale jewellery,396162,VENDOR_061,legitimate cash-intensive retail/festival activity
TXN_007102,2022-01-24,ACCT_00199,PERSON_00190,vendor payment,620897,PERSON_00157,freight settlement
TXN_007103,2023-10-28,ACCT_00258,PERSON_00148,fuel,38670,VENDOR_071,fuel
TXN_007104,2025-07-02,ACCT_00103,PERSON_00323,shopping,37935,VENDOR_004,shopping
TXN_007105,2022-02-04,ACCT_00079,PERSON_00266,cash withdrawal,20782,VENDOR_053,cash withdrawal
TXN_007106,2023-07-24,ACCT_00061,PERSON_00102,fuel,40356,VENDOR_049,fuel
TXN_007107,2026-01-25,ACCT_00331,PERSON_00140,cash deposit,148127,PERSON_00097,freight settlement
TXN_007108,2024-05-15,ACCT_00053,PERSON_00152,transfer,872190,PERSON_00203,service commission
TXN_007109,2021-11-19,ACCT_00034,PERSON_00245,mobile recharge,8589,VENDOR_040,mobile recharge
TXN_007110,2021-01-13,ACCT_00246,PERSON_00244,cash withdrawal,23683,VENDOR_087,cash withdrawal
TXN_007111,2024-10-17,ACCT_00169,PERSON_00249,transport,20352,VENDOR_069,transport
TXN_007112,2025-02-26,ACCT_00405,PERSON_00329,grocery,3203,VENDOR_013,grocery
TXN_007113,2025-04-22,ACCT_00264,PERSON_00015,shopping,431,VENDOR_086,shopping
TXN_007114,2025-09-14,ACCT_00162,PERSON_00376,shopping,41889,VENDOR_091,shopping
TXN_007115,2025-04-03,ACCT_00142,PERSON_00179,cash deposit,759256,PERSON_00033,registration/document fee
TXN_007116,2021-05-25,ACCT_00245,PERSON_00151,fuel,16834,VENDOR_004,fuel
TXN_007117,2024-07-09,ACCT_00276,PERSON_00154,salary,6787,VENDOR_080,salary
TXN_007118,2025-12-09,ACCT_00315,PERSON_00202,cash withdrawal,13235,VENDOR_065,cash withdrawal
TXN_007119,2023-03-05,ACCT_00057,PERSON_00311,invoice,521164,PERSON_00159,premium settlement
TXN_007120,2022-08-09,ACCT_00438,PERSON_00074,wholesale jewellery,172229,VENDOR_041,legitimate cash-intensive retail/festival activity
TXN_007121,2021-10-12,ACCT_00002,PERSON_00337,vendor payment,847656,PERSON_00043,wholesale goods
TXN_007122,2024-12-21,ACCT_00130,PERSON_00416,medical,39584,VENDOR_068,medical
TXN_007123,2025-01-23,ACCT_00248,PERSON_00025,transport,32394,VENDOR_031,transport
TXN_007124,2023-11-05,ACCT_00407,PERSON_00011,festival advance,329212,VENDOR_084,legitimate cash-intensive retail/festival activity
TXN_007125,2025-07-07,ACCT_00357,PERSON_00126,settlement,354626,PERSON_00141,transport settlement
TXN_007126,2023-06-27,ACCT_00197,PERSON_00169,cash deposit,573228,PERSON_00265,consultancy settlement
TXN_007127,2021-11-05,ACCT_00063,PERSON_00400,school fee,43399,VENDOR_093,school fee
TXN_007128,2023-06-06,ACCT_00019,PERSON_00175,restaurant,2048,VENDOR_062,restaurant
TXN_007129,2025-07-18,ACCT_00439,PERSON_00385,invoice,175798,PERSON_00259,premium settlement
TXN_007130,2024-03-29,ACCT_00455,PERSON_00016,restaurant,32400,VENDOR_022,restaurant
TXN_007131,2022-02-27,ACCT_00361,PERSON_00035,cash withdrawal,35310,VENDOR_012,cash withdrawal
TXN_007132,2023-03-27,ACCT_00302,PERSON_00426,settlement,831777,PERSON_00309,freight settlement
TXN_007133,2025-04-11,ACCT_00353,PERSON_00411,invoice,874385,PERSON_00064,event services
TXN_007134,2025-01-04,ACCT_00272,PERSON_00128,rent,21222,VENDOR_033,rent
TXN_007135,2022-06-27,ACCT_00009,PERSON_00057,cash deposit,160571,PERSON_00385,premium settlement
TXN_007136,2023-09-17,ACCT_00347,PERSON_00291,transport,977,VENDOR_032,transport
TXN_007137,2026-06-16,ACCT_00115,PERSON_00225,utility,32270,VENDOR_032,utility
TXN_007138,2024-01-31,ACCT_00188,PERSON_00348,school fee,26530,VENDOR_074,school fee
TXN_007139,2021-03-22,ACCT_00161,PERSON_00030,cash withdrawal,42932,VENDOR_010,cash withdrawal
TXN_007140,2021-07-29,ACCT_00062,PERSON_00388,cash withdrawal,19909,VENDOR_063,cash withdrawal
TXN_007141,2025-12-29,ACCT_00253,PERSON_00072,mobile recharge,297,VENDOR_088,mobile recharge
TXN_007142,2024-03-06,ACCT_00084,PERSON_00133,rent,24795,VENDOR_092,rent
TXN_007143,2022-01-19,ACCT_00059,PERSON_00390,invoice,29236,PERSON_00448,event services
TXN_007144,2025-06-18,ACCT_00297,PERSON_00440,grocery,8842,VENDOR_022,grocery
TXN_007145,2022-01-19,ACCT_00184,PERSON_00343,settlement,707737,PERSON_00231,wholesale goods
TXN_007146,2023-07-06,ACCT_00355,PERSON_00263,cash withdrawal,739439,PERSON_00070,premium settlement
TXN_007147,2022-07-24,ACCT_00421,PERSON_00444,school fee,38645,VENDOR_001,school fee
TXN_007148,2024-05-15,ACCT_00455,PERSON_00016,invoice,87326,PERSON_00177,event services
TXN_007149,2021-05-10,ACCT_00466,PERSON_00252,utility,18513,VENDOR_004,utility
TXN_007150,2022-01-20,ACCT_00192,PERSON_00405,invoice,876837,PERSON_00072,vehicle advance
TXN_007151,2024-02-05,ACCT_00097,PERSON_00105,restaurant,3853,VENDOR_064,restaurant
TXN_007152,2021-12-14,ACCT_00184,PERSON_00343,invoice,415333,PERSON_00337,wholesale goods
TXN_007153,2023-03-17,ACCT_00322,PERSON_00429,shopping,29845,VENDOR_003,shopping
TXN_007154,2023-01-03,ACCT_00372,PERSON_00028,invoice,852568,PERSON_00192,wholesale goods
TXN_007155,2021-01-30,ACCT_00282,PERSON_00436,cash deposit,246780,PERSON_00363,site material settlement
TXN_007156,2024-12-16,ACCT_00280,PERSON_00205,settlement,454789,PERSON_00255,freight settlement
TXN_007157,2025-02-02,ACCT_00281,PERSON_00041,restaurant,2086,VENDOR_054,restaurant
TXN_007158,2024-03-09,ACCT_00032,PERSON_00065,cash deposit,766807,PERSON_00288,transport settlement
TXN_007159,2022-09-04,ACCT_00290,PERSON_00362,invoice,514249,PERSON_00057,premium settlement
TXN_007160,2026-05-17,ACCT_00246,PERSON_00244,mobile recharge,35514,VENDOR_099,mobile recharge
TXN_007161,2024-11-23,ACCT_00152,PERSON_00219,cash withdrawal,33714,VENDOR_063,cash withdrawal
TXN_007162,2026-06-23,ACCT_00436,PERSON_00199,cash withdrawal,14776,VENDOR_053,cash withdrawal
TXN_007163,2024-10-04,ACCT_00142,PERSON_00179,salary,32730,VENDOR_061,salary
TXN_007164,2022-03-11,ACCT_00021,PERSON_00367,cash withdrawal,10267,VENDOR_008,cash withdrawal
TXN_007165,2023-12-14,ACCT_00305,PERSON_00020,vendor payment,845318,PERSON_00229,service commission
TXN_007166,2021-03-10,ACCT_00299,PERSON_00386,cash deposit,831721,PERSON_00248,freight settlement
TXN_007167,2023-12-30,ACCT_00331,PERSON_00140,shopping,25622,VENDOR_014,shopping
TXN_007168,2022-02-11,ACCT_00383,PERSON_00347,cash deposit,125561,VENDOR_086,legitimate cash-intensive retail/festival activity
TXN_007169,2022-09-12,ACCT_00132,PERSON_00100,wholesale jewellery,415019,VENDOR_092,legitimate cash-intensive retail/festival activity
TXN_007170,2023-06-13,ACCT_00201,PERSON_00224,cash withdrawal,27617,VENDOR_099,cash withdrawal
TXN_007171,2024-11-19,ACCT_00431,PERSON_00346,fuel,10993,VENDOR_024,fuel
TXN_007172,2026-01-31,ACCT_00422,PERSON_00052,vendor payment,117388,PERSON_00150,event services
TXN_007173,2025-03-29,ACCT_00465,PERSON_00282,settlement,305953,PERSON_00081,vehicle advance
TXN_007174,2021-06-30,ACCT_00020,PERSON_00143,rent,11467,VENDOR_089,rent
TXN_007175,2025-12-15,ACCT_00345,PERSON_00064,invoice,444816,PERSON_00150,event services
TXN_007176,2023-11-21,ACCT_00095,PERSON_00012,transport,23283,VENDOR_070,transport
TXN_007177,2024-12-12,ACCT_00285,PERSON_00203,invoice,724421,PERSON_00152,service commission
TXN_007178,2024-12-04,ACCT_00004,PERSON_00425,fuel,19438,VENDOR_002,fuel
TXN_007179,2022-10-07,ACCT_00197,PERSON_00169,cash withdrawal,2458,VENDOR_062,cash withdrawal
TXN_007180,2024-12-16,ACCT_00192,PERSON_00405,shopping,44993,VENDOR_070,shopping
TXN_007181,2022-05-20,ACCT_00300,PERSON_00272,transport,21875,VENDOR_064,transport
TXN_007182,2021-12-26,ACCT_00431,PERSON_00346,invoice,679108,PERSON_00033,registration/document fee
TXN_007183,2025-02-06,ACCT_00105,PERSON_00212,transport,39990,VENDOR_021,transport
TXN_007184,2024-01-31,ACCT_00414,PERSON_00130,cash withdrawal,765188,PERSON_00163,service commission
TXN_007185,2024-07-24,ACCT_00091,PERSON_00138,restaurant,38854,VENDOR_050,restaurant
TXN_007186,2026-03-30,ACCT_00037,PERSON_00113,wholesale jewellery,236502,VENDOR_042,legitimate cash-intensive retail/festival activity
TXN_007187,2022-07-29,ACCT_00024,PERSON_00201,transport,7603,VENDOR_002,transport
TXN_007188,2022-11-29,ACCT_00013,PERSON_00090,grocery,40958,VENDOR_060,grocery
TXN_007189,2022-05-17,ACCT_00001,PERSON_00033,cash deposit,182360,VENDOR_066,legitimate cash-intensive retail/festival activity
TXN_007190,2023-09-10,ACCT_00028,PERSON_00059,gold purchase,329095,VENDOR_060,legitimate cash-intensive retail/festival activity
TXN_007191,2024-09-01,ACCT_00402,PERSON_00345,cash deposit,37591,PERSON_00402,vehicle advance
TXN_007192,2024-08-26,ACCT_00152,PERSON_00219,rent,1827,VENDOR_049,rent
TXN_007193,2021-03-14,ACCT_00014,PERSON_00088,supplier settlement,197831,VENDOR_066,legitimate cash-intensive retail/festival activity
TXN_007194,2026-02-17,ACCT_00311,PERSON_00006,mobile recharge,28605,VENDOR_015,mobile recharge
TXN_007195,2021-02-22,ACCT_00205,PERSON_00349,cash withdrawal,92177,PERSON_00405,vehicle advance
TXN_007196,2025-04-23,ACCT_00283,PERSON_00112,grocery,41050,VENDOR_092,grocery
TXN_007197,2021-04-01,ACCT_00245,PERSON_00151,settlement,874247,PERSON_00032,consultancy settlement
TXN_007198,2022-03-03,ACCT_00246,PERSON_00244,gold purchase,268102,VENDOR_008,legitimate cash-intensive retail/festival activity
TXN_007199,2024-06-19,ACCT_00202,PERSON_00149,transfer,636715,PERSON_00378,vehicle advance
TXN_007200,2025-03-10,ACCT_00024,PERSON_00201,cash withdrawal,124129,PERSON_00071,transport settlement
TXN_007201,2025-07-23,ACCT_00309,PERSON_00127,shopping,35123,VENDOR_085,shopping
TXN_007202,2023-09-28,ACCT_00168,PERSON_00415,school fee,28786,VENDOR_046,school fee
TXN_007203,2024-02-23,ACCT_00408,PERSON_00407,shopping,27492,VENDOR_043,shopping
TXN_007204,2025-05-26,ACCT_00141,PERSON_00356,shopping,22856,VENDOR_066,shopping
TXN_007205,2023-06-27,ACCT_00323,PERSON_00302,mobile recharge,968,VENDOR_083,mobile recharge
TXN_007206,2023-09-30,ACCT_00227,PERSON_00023,supplier settlement,175150,VENDOR_086,legitimate cash-intensive retail/festival activity
TXN_007207,2025-06-10,ACCT_00379,PERSON_00326,vendor payment,60428,PERSON_00082,transport settlement
TXN_007208,2025-09-25,ACCT_00102,PERSON_00173,invoice,213538,PERSON_00170,service commission
TXN_007209,2023-12-14,ACCT_00296,PERSON_00316,cash deposit,607547,PERSON_00333,transport settlement
TXN_007210,2021-10-11,ACCT_00246,PERSON_00244,gold purchase,320514,VENDOR_083,legitimate cash-intensive retail/festival activity
TXN_007211,2025-02-24,ACCT_00285,PERSON_00203,restaurant,8649,VENDOR_029,restaurant
TXN_007212,2021-09-24,ACCT_00355,PERSON_00263,cash withdrawal,650468,PERSON_00416,premium settlement
TXN_007213,2021-10-03,ACCT_00185,PERSON_00412,rent,43186,VENDOR_083,rent
TXN_007214,2022-11-23,ACCT_00216,PERSON_00230,restaurant,20962,VENDOR_037,restaurant
TXN_007215,2026-06-05,ACCT_00345,PERSON_00064,vendor payment,286589,PERSON_00143,event services
TXN_007216,2022-08-26,ACCT_00310,PERSON_00162,grocery,41495,VENDOR_083,grocery
TXN_007217,2021-10-22,ACCT_00001,PERSON_00033,gold purchase,165988,VENDOR_037,legitimate cash-intensive retail/festival activity
TXN_007218,2021-12-15,ACCT_00285,PERSON_00203,cash deposit,477601,PERSON_00243,service commission
TXN_007219,2021-06-13,ACCT_00451,PERSON_00281,cash withdrawal,740533,PERSON_00085,site material settlement
TXN_007220,2022-02-14,ACCT_00438,PERSON_00074,festival advance,327915,VENDOR_077,legitimate cash-intensive retail/festival activity
TXN_007221,2024-07-01,ACCT_00123,PERSON_00277,cash withdrawal,2300,VENDOR_055,cash withdrawal
TXN_007222,2023-11-05,ACCT_00228,PERSON_00098,grocery,20717,VENDOR_040,grocery
TXN_007223,2022-12-28,ACCT_00145,PERSON_00005,cash withdrawal,14386,VENDOR_043,cash withdrawal
TXN_007224,2024-02-11,ACCT_00376,PERSON_00232,fuel,6693,VENDOR_057,fuel
TXN_007225,2023-02-08,ACCT_00438,PERSON_00074,cash deposit,43902,VENDOR_078,legitimate cash-intensive retail/festival activity
TXN_007226,2023-01-22,ACCT_00214,PERSON_00277,grocery,21728,VENDOR_059,grocery
TXN_007227,2026-06-08,ACCT_00160,PERSON_00417,supplier settlement,144276,VENDOR_085,legitimate cash-intensive retail/festival activity
TXN_007228,2021-10-04,ACCT_00383,PERSON_00347,cash deposit,402759,VENDOR_031,legitimate cash-intensive retail/festival activity
TXN_007229,2025-02-08,ACCT_00003,PERSON_00434,grocery,26769,VENDOR_078,grocery
TXN_007230,2023-04-25,ACCT_00004,PERSON_00425,shopping,27184,VENDOR_090,shopping
TXN_007231,2021-02-14,ACCT_00003,PERSON_00434,settlement,156341,PERSON_00438,vehicle advance
TXN_007232,2021-08-24,ACCT_00039,PERSON_00078,cash withdrawal,83748,PERSON_00028,wholesale goods
TXN_007233,2025-12-11,ACCT_00101,PERSON_00160,shopping,14085,VENDOR_050,shopping
TXN_007234,2021-07-08,ACCT_00178,PERSON_00413,medical,41204,VENDOR_032,medical
TXN_007235,2021-01-17,ACCT_00350,PERSON_00059,transport,40355,VENDOR_063,transport
TXN_007236,2026-04-20,ACCT_00134,PERSON_00339,salary,14246,VENDOR_087,salary
TXN_007237,2022-11-15,ACCT_00016,PERSON_00220,transfer,343074,PERSON_00011,premium settlement
TXN_007238,2026-06-28,ACCT_00426,PERSON_00322,settlement,163019,PERSON_00237,registration/document fee
TXN_007239,2026-04-09,ACCT_00039,PERSON_00078,invoice,834269,PERSON_00192,wholesale goods
TXN_007240,2024-10-13,ACCT_00197,PERSON_00169,rent,39062,VENDOR_004,rent
TXN_007241,2026-05-15,ACCT_00437,PERSON_00360,shopping,26174,VENDOR_071,shopping
TXN_007242,2023-11-30,ACCT_00227,PERSON_00023,wholesale jewellery,172976,VENDOR_063,legitimate cash-intensive retail/festival activity
TXN_007243,2024-11-18,ACCT_00327,PERSON_00285,grocery,6831,VENDOR_059,grocery
TXN_007244,2024-07-28,ACCT_00189,PERSON_00373,salary,3308,VENDOR_008,salary
TXN_007245,2023-01-11,ACCT_00480,PERSON_00040,vendor payment,539882,PERSON_00201,transport settlement
TXN_007246,2024-10-26,ACCT_00004,PERSON_00425,invoice,283519,PERSON_00082,transport settlement
TXN_007247,2026-05-31,ACCT_00455,PERSON_00016,cash deposit,429329,PERSON_00374,event services
TXN_007248,2022-03-16,ACCT_00173,PERSON_00146,shopping,4638,VENDOR_005,shopping
TXN_007249,2021-02-02,ACCT_00154,PERSON_00117,rent,35112,VENDOR_051,rent
TXN_007250,2021-10-16,ACCT_00306,PERSON_00330,restaurant,44368,VENDOR_089,restaurant
TXN_007251,2026-03-30,ACCT_00479,PERSON_00082,transfer,849366,PERSON_00071,transport settlement
TXN_007252,2023-09-01,ACCT_00021,PERSON_00367,rent,2487,VENDOR_046,rent
TXN_007253,2023-03-20,ACCT_00369,PERSON_00433,rent,3181,VENDOR_011,rent
TXN_007254,2021-11-30,ACCT_00430,PERSON_00025,vendor payment,320383,PERSON_00213,freight settlement
TXN_007255,2025-06-04,ACCT_00009,PERSON_00057,salary,44998,VENDOR_073,salary
TXN_007256,2022-04-18,ACCT_00438,PERSON_00074,wholesale jewellery,190612,VENDOR_066,legitimate cash-intensive retail/festival activity
TXN_007257,2022-10-19,ACCT_00207,PERSON_00239,settlement,258452,PERSON_00169,consultancy settlement
TXN_007258,2025-08-09,ACCT_00379,PERSON_00326,grocery,32001,VENDOR_045,grocery
TXN_007259,2022-05-31,ACCT_00473,PERSON_00121,transfer,105810,PERSON_00127,consultancy settlement
TXN_007260,2023-03-12,ACCT_00279,PERSON_00212,cash deposit,86549,PERSON_00344,freight settlement
TXN_007261,2021-12-11,ACCT_00186,PERSON_00039,school fee,30887,VENDOR_027,school fee
TXN_007262,2021-10-08,ACCT_00091,PERSON_00138,grocery,31535,VENDOR_029,grocery
TXN_007263,2021-08-14,ACCT_00441,PERSON_00304,cash withdrawal,18021,VENDOR_098,cash withdrawal
TXN_007264,2022-03-06,ACCT_00322,PERSON_00429,utility,14412,VENDOR_019,utility
TXN_007265,2023-12-04,ACCT_00037,PERSON_00113,cash deposit,326988,VENDOR_062,legitimate cash-intensive retail/festival activity
TXN_007266,2022-08-23,ACCT_00176,PERSON_00264,transport,5725,VENDOR_047,transport
TXN_007267,2025-03-25,ACCT_00037,PERSON_00113,gold purchase,348452,VENDOR_007,legitimate cash-intensive retail/festival activity
TXN_007268,2024-05-11,ACCT_00442,PERSON_00079,salary,23283,VENDOR_020,salary
TXN_007269,2024-05-26,ACCT_00085,PERSON_00370,shopping,26059,VENDOR_049,shopping
TXN_007270,2024-08-03,ACCT_00120,PERSON_00153,rent,4331,VENDOR_008,rent
TXN_007271,2023-12-27,ACCT_00003,PERSON_00434,vendor payment,186741,PERSON_00382,vehicle advance
TXN_007272,2022-04-30,ACCT_00425,PERSON_00328,school fee,22571,VENDOR_074,school fee
TXN_007273,2021-01-06,ACCT_00324,PERSON_00283,settlement,630557,PERSON_00135,registration/document fee
TXN_007274,2021-04-26,ACCT_00069,PERSON_00165,shopping,17500,VENDOR_056,shopping
TXN_007275,2022-12-04,ACCT_00437,PERSON_00360,utility,10249,VENDOR_014,utility
TXN_007276,2022-03-03,ACCT_00076,PERSON_00441,grocery,17293,VENDOR_077,grocery
TXN_007277,2025-02-07,ACCT_00336,PERSON_00068,cash withdrawal,43286,VENDOR_050,cash withdrawal
TXN_007278,2021-03-13,ACCT_00386,PERSON_00276,restaurant,23806,VENDOR_062,restaurant
TXN_007279,2023-07-10,ACCT_00032,PERSON_00065,invoice,112365,PERSON_00333,transport settlement
TXN_007280,2023-12-04,ACCT_00195,PERSON_00185,salary,42261,VENDOR_098,salary
TXN_007281,2022-07-27,ACCT_00246,PERSON_00244,wholesale jewellery,187708,VENDOR_049,legitimate cash-intensive retail/festival activity
TXN_007282,2025-12-11,ACCT_00406,PERSON_00250,transfer,697962,PERSON_00246,site material settlement
TXN_007283,2022-01-10,ACCT_00092,PERSON_00139,cash withdrawal,3805,VENDOR_083,cash withdrawal
TXN_007284,2026-03-07,ACCT_00102,PERSON_00173,fuel,43350,VENDOR_008,fuel
TXN_007285,2023-02-13,ACCT_00251,PERSON_00383,transfer,347168,PERSON_00033,registration/document fee
TXN_007286,2023-09-22,ACCT_00294,PERSON_00177,vendor payment,68085,PERSON_00390,event services
TXN_007287,2022-03-20,ACCT_00020,PERSON_00143,rent,39233,VENDOR_035,rent
TXN_007288,2022-11-10,ACCT_00024,PERSON_00201,cash withdrawal,647150,PERSON_00165,transport settlement
TXN_007289,2022-05-08,ACCT_00330,PERSON_00038,utility,43323,VENDOR_058,utility
TXN_007290,2026-05-16,ACCT_00468,PERSON_00398,shopping,3766,VENDOR_019,shopping
TXN_007291,2022-05-24,ACCT_00353,PERSON_00411,shopping,2308,VENDOR_049,shopping
TXN_007292,2024-07-03,ACCT_00101,PERSON_00160,salary,36268,VENDOR_084,salary
TXN_007293,2022-02-07,ACCT_00439,PERSON_00385,fuel,38153,VENDOR_033,fuel
TXN_007294,2022-11-10,ACCT_00451,PERSON_00281,grocery,14001,VENDOR_016,grocery
TXN_007295,2024-03-03,ACCT_00017,PERSON_00088,supplier settlement,164548,VENDOR_076,legitimate cash-intensive retail/festival activity
TXN_007296,2023-11-26,ACCT_00209,PERSON_00227,fuel,14852,VENDOR_066,fuel
TXN_007297,2022-05-02,ACCT_00337,PERSON_00279,transfer,824545,PERSON_00078,wholesale goods
TXN_007298,2021-05-21,ACCT_00244,PERSON_00221,salary,10184,VENDOR_014,salary
TXN_007299,2026-05-20,ACCT_00266,PERSON_00402,salary,9453,VENDOR_015,salary
TXN_007300,2025-08-16,ACCT_00278,PERSON_00301,cash withdrawal,751603,PERSON_00265,consultancy settlement
TXN_007301,2021-01-24,ACCT_00197,PERSON_00169,grocery,1242,VENDOR_079,grocery
TXN_007302,2026-03-29,ACCT_00437,PERSON_00360,cash withdrawal,773885,PERSON_00078,wholesale goods
TXN_007303,2021-03-01,ACCT_00462,PERSON_00186,transfer,50568,PERSON_00359,consultancy settlement
TXN_007304,2021-01-30,ACCT_00067,PERSON_00150,settlement,15970,PERSON_00177,event services
TXN_007305,2021-03-09,ACCT_00018,PERSON_00156,transport,2275,VENDOR_049,transport
TXN_007306,2025-04-23,ACCT_00223,PERSON_00298,fuel,7673,VENDOR_047,fuel
TXN_007307,2025-03-14,ACCT_00350,PERSON_00059,gold purchase,108006,VENDOR_032,legitimate cash-intensive retail/festival activity
TXN_007308,2024-04-10,ACCT_00246,PERSON_00244,supplier settlement,100280,VENDOR_064,legitimate cash-intensive retail/festival activity
TXN_007309,2023-10-18,ACCT_00001,PERSON_00033,gold purchase,362105,VENDOR_035,legitimate cash-intensive retail/festival activity
TXN_007310,2026-02-09,ACCT_00175,PERSON_00207,grocery,30668,VENDOR_004,grocery
TXN_007311,2025-09-02,ACCT_00376,PERSON_00232,settlement,505225,PERSON_00213,freight settlement
TXN_007312,2021-03-27,ACCT_00226,PERSON_00168,shopping,7017,VENDOR_068,shopping
TXN_007313,2025-03-25,ACCT_00334,PERSON_00419,rent,18040,VENDOR_016,rent
TXN_007314,2025-06-11,ACCT_00360,PERSON_00192,settlement,225056,PERSON_00337,wholesale goods
TXN_007315,2025-10-29,ACCT_00359,PERSON_00427,invoice,317035,PERSON_00281,site material settlement
TXN_007316,2021-03-24,ACCT_00283,PERSON_00112,mobile recharge,6123,VENDOR_015,mobile recharge
TXN_007317,2021-07-11,ACCT_00124,PERSON_00270,mobile recharge,1552,VENDOR_094,mobile recharge
TXN_007318,2025-01-07,ACCT_00374,PERSON_00320,grocery,32280,VENDOR_081,grocery
TXN_007319,2021-10-12,ACCT_00217,PERSON_00284,invoice,78661,PERSON_00229,service commission
TXN_007320,2023-03-02,ACCT_00037,PERSON_00113,restaurant,20495,VENDOR_092,restaurant
TXN_007321,2023-04-16,ACCT_00477,PERSON_00031,fuel,36351,VENDOR_052,fuel
TXN_007322,2023-01-30,ACCT_00218,PERSON_00117,grocery,2300,VENDOR_071,grocery
TXN_007323,2026-03-02,ACCT_00011,PERSON_00010,settlement,57822,PERSON_00309,freight settlement
TXN_007324,2024-09-29,ACCT_00479,PERSON_00082,transfer,847357,PERSON_00141,transport settlement
TXN_007325,2025-01-09,ACCT_00227,PERSON_00023,festival advance,242963,VENDOR_049,legitimate cash-intensive retail/festival activity
TXN_007326,2023-10-05,ACCT_00407,PERSON_00011,cash deposit,172008,VENDOR_072,legitimate cash-intensive retail/festival activity
TXN_007327,2024-07-04,ACCT_00294,PERSON_00177,rent,16390,VENDOR_025,rent
TXN_007328,2022-11-04,ACCT_00358,PERSON_00085,shopping,38173,VENDOR_017,shopping
TXN_007329,2025-12-18,ACCT_00324,PERSON_00283,medical,27690,VENDOR_008,medical
TXN_007330,2021-09-16,ACCT_00016,PERSON_00220,settlement,717421,PERSON_00057,premium settlement
TXN_007331,2022-06-26,ACCT_00396,PERSON_00115,shopping,35393,VENDOR_025,shopping
TXN_007332,2023-11-13,ACCT_00100,PERSON_00229,fuel,35031,VENDOR_030,fuel
TXN_007333,2025-09-25,ACCT_00423,PERSON_00439,utility,28883,VENDOR_015,utility
TXN_007334,2023-04-02,ACCT_00027,PERSON_00215,cash withdrawal,35972,VENDOR_037,cash withdrawal
TXN_007335,2025-03-09,ACCT_00426,PERSON_00322,mobile recharge,29714,VENDOR_096,mobile recharge
TXN_007336,2023-09-03,ACCT_00244,PERSON_00221,salary,28479,VENDOR_078,salary
TXN_007337,2025-05-11,ACCT_00142,PERSON_00179,cash withdrawal,749286,PERSON_00105,registration/document fee
TXN_007338,2021-01-31,ACCT_00061,PERSON_00102,cash deposit,753284,PERSON_00429,event services
TXN_007339,2022-02-28,ACCT_00142,PERSON_00179,wholesale jewellery,126722,VENDOR_098,legitimate cash-intensive retail/festival activity
TXN_007340,2022-08-20,ACCT_00403,PERSON_00258,grocery,31034,VENDOR_002,grocery
TXN_007341,2021-06-05,ACCT_00014,PERSON_00088,gold purchase,106977,VENDOR_091,legitimate cash-intensive retail/festival activity
TXN_007342,2025-04-27,ACCT_00084,PERSON_00133,utility,21940,VENDOR_090,utility
TXN_007343,2021-09-21,ACCT_00407,PERSON_00011,supplier settlement,413180,VENDOR_063,legitimate cash-intensive retail/festival activity
TXN_007344,2025-09-08,ACCT_00418,PERSON_00314,utility,5915,VENDOR_082,utility
TXN_007345,2022-08-26,ACCT_00084,PERSON_00133,restaurant,40044,VENDOR_072,restaurant
TXN_007346,2021-08-15,ACCT_00316,PERSON_00237,invoice,193780,PERSON_00179,registration/document fee
TXN_007347,2021-01-20,ACCT_00319,PERSON_00404,rent,22003,VENDOR_023,rent
TXN_007348,2026-04-29,ACCT_00176,PERSON_00264,medical,10512,VENDOR_005,medical
TXN_007349,2021-11-11,ACCT_00193,PERSON_00135,rent,30847,VENDOR_024,rent
TXN_007350,2021-11-04,ACCT_00377,PERSON_00417,gold purchase,299119,VENDOR_023,legitimate cash-intensive retail/festival activity
TXN_007351,2021-02-21,ACCT_00454,PERSON_00119,mobile recharge,14181,VENDOR_045,mobile recharge
TXN_007352,2023-01-11,ACCT_00178,PERSON_00413,medical,2393,VENDOR_064,medical
TXN_007353,2026-04-22,ACCT_00459,PERSON_00211,grocery,14020,VENDOR_100,grocery
TXN_007354,2025-08-28,ACCT_00356,PERSON_00338,school fee,27104,VENDOR_005,school fee
TXN_007355,2023-08-19,ACCT_00275,PERSON_00304,salary,11053,VENDOR_021,salary
TXN_007356,2024-02-19,ACCT_00451,PERSON_00281,cash withdrawal,211936,PERSON_00237,registration/document fee
TXN_007357,2021-02-03,ACCT_00094,PERSON_00406,transport,29131,VENDOR_041,transport
TXN_007358,2024-07-18,ACCT_00383,PERSON_00347,gold purchase,84769,VENDOR_004,legitimate cash-intensive retail/festival activity
TXN_007359,2023-11-21,ACCT_00106,PERSON_00314,cash withdrawal,2772,VENDOR_017,cash withdrawal
TXN_007360,2024-07-07,ACCT_00150,PERSON_00231,cash withdrawal,9027,VENDOR_041,cash withdrawal
TXN_007361,2022-09-24,ACCT_00277,PERSON_00182,cash withdrawal,670526,PERSON_00300,vehicle advance
TXN_007362,2021-09-12,ACCT_00341,PERSON_00310,school fee,23230,VENDOR_069,school fee
TXN_007363,2025-03-21,ACCT_00165,PERSON_00242,restaurant,1078,VENDOR_058,restaurant
TXN_007364,2021-03-29,ACCT_00016,PERSON_00220,settlement,761572,PERSON_00311,premium settlement
TXN_007365,2025-04-06,ACCT_00131,PERSON_00331,transfer,159622,PERSON_00141,transport settlement
TXN_007366,2024-12-30,ACCT_00020,PERSON_00143,settlement,80501,PERSON_00016,event services
TXN_007367,2026-02-08,ACCT_00335,PERSON_00248,transport,21725,VENDOR_081,transport
TXN_007368,2023-06-14,ACCT_00282,PERSON_00436,settlement,140958,PERSON_00363,site material settlement
TXN_007369,2023-06-25,ACCT_00463,PERSON_00125,cash withdrawal,24473,VENDOR_036,cash withdrawal
TXN_007370,2021-03-22,ACCT_00373,PERSON_00141,cash deposit,737533,PERSON_00449,transport settlement
TXN_007371,2024-10-19,ACCT_00253,PERSON_00072,transfer,779082,PERSON_00181,vehicle advance
TXN_007372,2022-01-07,ACCT_00448,PERSON_00032,mobile recharge,33413,VENDOR_100,mobile recharge
TXN_007373,2022-10-03,ACCT_00290,PERSON_00362,fuel,27322,VENDOR_032,fuel
TXN_007374,2022-11-28,ACCT_00292,PERSON_00007,utility,15687,VENDOR_073,utility
TXN_007375,2025-03-18,ACCT_00253,PERSON_00072,transfer,701611,PERSON_00272,consultancy settlement
TXN_007376,2022-02-28,ACCT_00268,PERSON_00422,cash withdrawal,37441,VENDOR_053,cash withdrawal
TXN_007377,2024-05-23,ACCT_00327,PERSON_00285,school fee,15140,VENDOR_017,school fee
TXN_007378,2021-05-17,ACCT_00012,PERSON_00449,transfer,126515,PERSON_00126,transport settlement
TXN_007379,2024-10-17,ACCT_00438,PERSON_00074,wholesale jewellery,199418,VENDOR_035,legitimate cash-intensive retail/festival activity
TXN_007380,2026-04-30,ACCT_00476,PERSON_00160,rent,26248,VENDOR_025,rent
TXN_007381,2022-05-24,ACCT_00001,PERSON_00033,rent,20940,VENDOR_053,rent
TXN_007382,2026-05-07,ACCT_00274,PERSON_00188,cash withdrawal,234406,PERSON_00016,event services
TXN_007383,2025-08-20,ACCT_00013,PERSON_00090,cash withdrawal,13230,VENDOR_070,cash withdrawal
TXN_007384,2025-11-10,ACCT_00416,PERSON_00043,salary,14047,VENDOR_018,salary
TXN_007385,2022-05-19,ACCT_00227,PERSON_00023,wholesale jewellery,45059,VENDOR_100,legitimate cash-intensive retail/festival activity
TXN_007386,2021-05-27,ACCT_00321,PERSON_00167,rent,43635,VENDOR_027,rent
TXN_007387,2021-06-24,ACCT_00401,PERSON_00210,medical,31124,VENDOR_100,medical
TXN_007388,2022-08-26,ACCT_00184,PERSON_00343,fuel,28987,VENDOR_052,fuel
TXN_007389,2021-10-29,ACCT_00375,PERSON_00403,mobile recharge,28772,VENDOR_004,mobile recharge
TXN_007390,2023-12-09,ACCT_00277,PERSON_00182,salary,29414,VENDOR_019,salary
TXN_007391,2022-06-22,ACCT_00084,PERSON_00133,rent,12197,VENDOR_066,rent
TXN_007392,2025-07-04,ACCT_00263,PERSON_00034,school fee,8778,VENDOR_053,school fee
TXN_007393,2024-09-25,ACCT_00105,PERSON_00212,transport,31276,VENDOR_067,transport
TXN_007394,2023-11-13,ACCT_00212,PERSON_00247,shopping,37272,VENDOR_023,shopping
TXN_007395,2021-07-12,ACCT_00193,PERSON_00135,settlement,225009,PERSON_00105,registration/document fee
TXN_007396,2022-01-29,ACCT_00259,PERSON_00166,mobile recharge,16302,VENDOR_097,mobile recharge
TXN_007397,2024-07-31,ACCT_00111,PERSON_00144,cash withdrawal,26938,VENDOR_091,cash withdrawal
TXN_007398,2026-01-12,ACCT_00228,PERSON_00098,mobile recharge,35934,VENDOR_011,mobile recharge
TXN_007399,2024-02-27,ACCT_00457,PERSON_00300,rent,44086,VENDOR_019,rent
TXN_007400,2021-09-19,ACCT_00270,PERSON_00306,rent,40238,VENDOR_048,rent
TXN_007401,2021-12-12,ACCT_00142,PERSON_00179,wholesale jewellery,403022,VENDOR_070,legitimate cash-intensive retail/festival activity
TXN_007402,2022-12-13,ACCT_00004,PERSON_00425,shopping,18250,VENDOR_050,shopping
TXN_007403,2025-08-31,ACCT_00357,PERSON_00126,transfer,482923,PERSON_00071,transport settlement
TXN_007404,2022-11-12,ACCT_00244,PERSON_00221,rent,23389,VENDOR_069,rent
TXN_007405,2024-06-21,ACCT_00282,PERSON_00436,cash withdrawal,538379,PERSON_00427,site material settlement
TXN_007406,2023-07-19,ACCT_00125,PERSON_00026,cash withdrawal,25212,VENDOR_086,cash withdrawal
TXN_007407,2024-11-27,ACCT_00257,PERSON_00136,invoice,731739,PERSON_00336,wholesale goods
TXN_007408,2025-08-21,ACCT_00321,PERSON_00167,transport,39407,VENDOR_054,transport
TXN_007409,2022-03-19,ACCT_00246,PERSON_00244,festival advance,108667,VENDOR_079,legitimate cash-intensive retail/festival activity
TXN_007410,2026-01-11,ACCT_00155,PERSON_00268,grocery,33557,VENDOR_033,grocery
TXN_007411,2022-01-04,ACCT_00156,PERSON_00335,transport,6800,VENDOR_074,transport
TXN_007412,2021-03-19,ACCT_00277,PERSON_00182,mobile recharge,11718,VENDOR_068,mobile recharge
TXN_007413,2022-11-01,ACCT_00065,PERSON_00014,invoice,444149,PERSON_00053,freight settlement
TXN_007414,2024-03-10,ACCT_00135,PERSON_00102,vendor payment,687912,PERSON_00052,event services
TXN_007415,2021-02-26,ACCT_00349,PERSON_00384,cash withdrawal,23245,VENDOR_071,cash withdrawal
TXN_007416,2023-07-26,ACCT_00019,PERSON_00175,transfer,807910,PERSON_00438,vehicle advance
TXN_007417,2021-06-08,ACCT_00067,PERSON_00150,settlement,302704,PERSON_00125,event services
TXN_007418,2022-04-18,ACCT_00263,PERSON_00034,transport,9083,VENDOR_053,transport
TXN_007419,2021-05-18,ACCT_00078,PERSON_00428,rent,802,VENDOR_064,rent
TXN_007420,2026-04-23,ACCT_00347,PERSON_00291,transport,13623,VENDOR_069,transport
TXN_007421,2025-08-02,ACCT_00307,PERSON_00305,cash withdrawal,26001,VENDOR_093,cash withdrawal
TXN_007422,2024-09-16,ACCT_00160,PERSON_00417,festival advance,291708,VENDOR_035,legitimate cash-intensive retail/festival activity
TXN_007423,2023-05-16,ACCT_00414,PERSON_00130,invoice,840586,PERSON_00320,service commission
TXN_007424,2023-10-20,ACCT_00110,PERSON_00292,fuel,22421,VENDOR_022,fuel
TXN_007425,2023-03-13,ACCT_00405,PERSON_00329,salary,33314,VENDOR_013,salary
TXN_007426,2021-05-21,ACCT_00085,PERSON_00370,transfer,862134,PERSON_00020,service commission
TXN_007427,2021-01-28,ACCT_00442,PERSON_00079,utility,26519,VENDOR_016,utility
TXN_007428,2021-10-17,ACCT_00478,PERSON_00218,grocery,14811,VENDOR_093,grocery
TXN_007429,2021-04-30,ACCT_00099,PERSON_00419,grocery,15944,VENDOR_084,grocery
TXN_007430,2026-06-25,ACCT_00380,PERSON_00178,invoice,156018,PERSON_00416,premium settlement
TXN_007431,2022-10-22,ACCT_00238,PERSON_00321,mobile recharge,698,VENDOR_009,mobile recharge
TXN_007432,2022-07-15,ACCT_00160,PERSON_00417,gold purchase,331866,VENDOR_066,legitimate cash-intensive retail/festival activity
TXN_007433,2023-09-12,ACCT_00456,PERSON_00142,salary,15809,VENDOR_062,salary
TXN_007434,2026-01-05,ACCT_00247,PERSON_00047,restaurant,32004,VENDOR_027,restaurant
TXN_007435,2021-06-24,ACCT_00407,PERSON_00011,wholesale jewellery,379180,VENDOR_098,legitimate cash-intensive retail/festival activity
TXN_007436,2023-01-07,ACCT_00269,PERSON_00101,settlement,376240,PERSON_00325,service commission
TXN_007437,2023-06-11,ACCT_00314,PERSON_00189,cash withdrawal,24652,VENDOR_001,cash withdrawal
TXN_007438,2025-07-05,ACCT_00362,PERSON_00147,salary,43227,VENDOR_036,salary
TXN_007439,2024-11-06,ACCT_00451,PERSON_00281,transport,43124,VENDOR_012,transport
TXN_007440,2026-03-13,ACCT_00002,PERSON_00337,cash withdrawal,5419,PERSON_00028,wholesale goods
TXN_007441,2021-02-28,ACCT_00052,PERSON_00438,transfer,239454,PERSON_00279,wholesale goods
TXN_007442,2021-01-27,ACCT_00144,PERSON_00312,transport,21459,VENDOR_076,transport
TXN_007443,2026-01-18,ACCT_00263,PERSON_00034,shopping,14977,VENDOR_026,shopping
TXN_007444,2021-09-10,ACCT_00465,PERSON_00282,shopping,36528,VENDOR_053,shopping
TXN_007445,2021-08-06,ACCT_00341,PERSON_00310,shopping,20914,VENDOR_067,shopping
TXN_007446,2023-12-26,ACCT_00396,PERSON_00115,utility,14058,VENDOR_032,utility
TXN_007447,2026-05-18,ACCT_00436,PERSON_00199,shopping,44768,VENDOR_100,shopping
TXN_007448,2026-01-03,ACCT_00213,PERSON_00048,cash withdrawal,98829,PERSON_00262,site material settlement
TXN_007449,2024-04-29,ACCT_00287,PERSON_00071,cash deposit,41503,PERSON_00165,transport settlement
TXN_007450,2023-04-28,ACCT_00165,PERSON_00242,cash withdrawal,1686,VENDOR_039,cash withdrawal
TXN_007451,2023-09-27,ACCT_00097,PERSON_00105,utility,14816,VENDOR_021,utility
TXN_007452,2025-06-20,ACCT_00374,PERSON_00320,medical,42597,VENDOR_035,medical
TXN_007453,2023-08-29,ACCT_00270,PERSON_00306,grocery,40801,VENDOR_038,grocery
TXN_007454,2024-11-19,ACCT_00145,PERSON_00005,grocery,33855,VENDOR_062,grocery
TXN_007455,2021-11-17,ACCT_00144,PERSON_00312,transfer,353582,PERSON_00385,premium settlement
TXN_007456,2023-02-11,ACCT_00065,PERSON_00014,vendor payment,446014,PERSON_00426,freight settlement
TXN_007457,2024-02-13,ACCT_00002,PERSON_00337,shopping,28145,VENDOR_004,shopping
TXN_007458,2021-09-30,ACCT_00406,PERSON_00250,fuel,501,VENDOR_058,fuel
TXN_007459,2022-10-04,ACCT_00462,PERSON_00186,grocery,12601,VENDOR_100,grocery
TXN_007460,2025-04-15,ACCT_00272,PERSON_00128,school fee,41170,VENDOR_019,school fee
TXN_007461,2021-11-28,ACCT_00345,PERSON_00064,transfer,123851,PERSON_00102,event services
TXN_007462,2021-06-22,ACCT_00408,PERSON_00407,vendor payment,772527,PERSON_00263,premium settlement
TXN_007463,2022-11-03,ACCT_00220,PERSON_00259,cash deposit,446934,PERSON_00312,premium settlement
TXN_007464,2023-03-05,ACCT_00230,PERSON_00191,settlement,401424,PERSON_00179,registration/document fee
TXN_007465,2024-06-05,ACCT_00142,PERSON_00179,supplier settlement,175383,VENDOR_077,legitimate cash-intensive retail/festival activity
TXN_007466,2023-12-25,ACCT_00292,PERSON_00007,utility,31647,VENDOR_045,utility
TXN_007467,2025-05-17,ACCT_00068,PERSON_00366,rent,43400,VENDOR_036,rent
TXN_007468,2022-04-16,ACCT_00295,PERSON_00269,cash deposit,274573,PERSON_00383,registration/document fee
TXN_007469,2021-01-20,ACCT_00097,PERSON_00105,grocery,16213,VENDOR_083,grocery
TXN_007470,2023-08-28,ACCT_00172,PERSON_00252,settlement,203382,PERSON_00076,wholesale goods
TXN_007471,2023-03-08,ACCT_00145,PERSON_00005,cash withdrawal,31331,VENDOR_077,cash withdrawal
TXN_007472,2021-05-27,ACCT_00299,PERSON_00386,cash withdrawal,251410,PERSON_00014,freight settlement
TXN_007473,2026-06-23,ACCT_00160,PERSON_00417,wholesale jewellery,288409,VENDOR_066,legitimate cash-intensive retail/festival activity
TXN_007474,2023-10-26,ACCT_00113,PERSON_00334,transport,33211,VENDOR_018,transport
TXN_007475,2023-02-08,ACCT_00037,PERSON_00113,wholesale jewellery,383367,VENDOR_074,legitimate cash-intensive retail/festival activity
TXN_007476,2022-07-06,ACCT_00350,PERSON_00059,gold purchase,33925,VENDOR_086,legitimate cash-intensive retail/festival activity
TXN_007477,2021-02-12,ACCT_00462,PERSON_00186,shopping,2455,VENDOR_001,shopping
TXN_007478,2023-11-14,ACCT_00060,PERSON_00435,grocery,22973,VENDOR_094,grocery
TXN_007479,2021-12-21,ACCT_00355,PERSON_00263,cash withdrawal,164649,PERSON_00178,premium settlement
TXN_007480,2026-04-15,ACCT_00260,PERSON_00261,fuel,17097,VENDOR_040,fuel
TXN_007481,2022-04-28,ACCT_00083,PERSON_00220,transfer,217334,PERSON_00311,premium settlement
TXN_007482,2025-06-19,ACCT_00062,PERSON_00388,utility,14515,VENDOR_080,utility
TXN_007483,2021-03-12,ACCT_00448,PERSON_00032,school fee,7267,VENDOR_099,school fee
TXN_007484,2023-05-13,ACCT_00316,PERSON_00237,shopping,35629,VENDOR_093,shopping
TXN_007485,2025-06-02,ACCT_00012,PERSON_00449,invoice,66041,PERSON_00040,transport settlement
TXN_007486,2021-05-12,ACCT_00242,PERSON_00124,salary,26244,VENDOR_035,salary
TXN_007487,2025-04-11,ACCT_00028,PERSON_00059,wholesale jewellery,183292,VENDOR_009,legitimate cash-intensive retail/festival activity
TXN_007488,2022-01-22,ACCT_00336,PERSON_00068,grocery,40461,VENDOR_065,grocery
TXN_007489,2023-04-23,ACCT_00407,PERSON_00011,restaurant,32319,VENDOR_057,restaurant
TXN_007490,2021-12-07,ACCT_00197,PERSON_00169,grocery,37072,VENDOR_093,grocery
TXN_007491,2025-06-19,ACCT_00301,PERSON_00251,transport,11746,VENDOR_031,transport
TXN_007492,2022-11-10,ACCT_00018,PERSON_00156,transport,35975,VENDOR_079,transport
TXN_007493,2021-08-17,ACCT_00119,PERSON_00318,fuel,40240,VENDOR_043,fuel
TXN_007494,2025-10-06,ACCT_00031,PERSON_00223,transport,38304,VENDOR_081,transport
TXN_007495,2025-01-13,ACCT_00079,PERSON_00266,salary,30528,VENDOR_076,salary
TXN_007496,2021-03-07,ACCT_00246,PERSON_00244,gold purchase,230877,VENDOR_001,legitimate cash-intensive retail/festival activity
TXN_007497,2025-07-16,ACCT_00150,PERSON_00231,transfer,110102,PERSON_00185,wholesale goods
TXN_007498,2023-02-13,ACCT_00011,PERSON_00010,vendor payment,707555,PERSON_00157,freight settlement
TXN_007499,2024-02-25,ACCT_00246,PERSON_00244,festival advance,319344,VENDOR_052,legitimate cash-intensive retail/festival activity
TXN_007500,2021-09-30,ACCT_00037,PERSON_00113,gold purchase,394234,VENDOR_024,legitimate cash-intensive retail/festival activity
TXN_007501,2022-09-20,ACCT_00282,PERSON_00436,cash deposit,734920,PERSON_00376,site material settlement
TXN_007502,2025-03-15,ACCT_00150,PERSON_00231,cash deposit,623286,PERSON_00192,wholesale goods
TXN_007503,2025-02-24,ACCT_00126,PERSON_00062,cash withdrawal,31086,VENDOR_033,cash withdrawal
TXN_007504,2025-09-28,ACCT_00422,PERSON_00052,utility,24271,VENDOR_030,utility
TXN_007505,2025-07-15,ACCT_00236,PERSON_00275,grocery,15990,VENDOR_024,grocery
TXN_007506,2025-09-26,ACCT_00440,PERSON_00421,cash withdrawal,25600,VENDOR_069,cash withdrawal
TXN_007507,2021-10-22,ACCT_00166,PERSON_00272,transfer,764176,PERSON_00151,consultancy settlement
TXN_007508,2021-07-18,ACCT_00337,PERSON_00279,cash withdrawal,250842,PERSON_00192,wholesale goods
TXN_007509,2023-05-04,ACCT_00246,PERSON_00244,festival advance,111854,VENDOR_073,legitimate cash-intensive retail/festival activity
TXN_007510,2024-03-29,ACCT_00324,PERSON_00283,cash withdrawal,695849,PERSON_00290,registration/document fee
TXN_007511,2022-03-31,ACCT_00411,PERSON_00174,transport,36730,VENDOR_091,transport
TXN_007512,2026-03-06,ACCT_00309,PERSON_00127,fuel,17247,VENDOR_040,fuel
TXN_007513,2025-10-22,ACCT_00397,PERSON_00052,transfer,830591,PERSON_00049,event services
TXN_007514,2021-02-04,ACCT_00132,PERSON_00100,supplier settlement,303363,VENDOR_044,legitimate cash-intensive retail/festival activity
TXN_007515,2021-05-29,ACCT_00294,PERSON_00177,vendor payment,245700,PERSON_00411,event services
TXN_007516,2024-02-07,ACCT_00455,PERSON_00016,utility,10097,VENDOR_077,utility
TXN_007517,2022-01-31,ACCT_00241,PERSON_00430,settlement,316931,PERSON_00173,service commission
TXN_007518,2025-09-04,ACCT_00020,PERSON_00143,cash withdrawal,41464,VENDOR_041,cash withdrawal
TXN_007519,2024-03-10,ACCT_00359,PERSON_00427,mobile recharge,190,VENDOR_011,mobile recharge
TXN_007520,2021-03-19,ACCT_00024,PERSON_00201,invoice,766602,PERSON_00141,transport settlement
TXN_007521,2023-01-13,ACCT_00293,PERSON_00054,school fee,13051,VENDOR_024,school fee
TXN_007522,2023-06-03,ACCT_00142,PERSON_00179,wholesale jewellery,118611,VENDOR_042,legitimate cash-intensive retail/festival activity
TXN_007523,2021-03-12,ACCT_00160,PERSON_00417,cash deposit,256181,VENDOR_062,legitimate cash-intensive retail/festival activity
TXN_007524,2024-04-27,ACCT_00037,PERSON_00113,supplier settlement,67509,VENDOR_025,legitimate cash-intensive retail/festival activity
TXN_007525,2024-03-23,ACCT_00260,PERSON_00261,medical,2289,VENDOR_090,medical
TXN_007526,2021-08-29,ACCT_00341,PERSON_00310,mobile recharge,8386,VENDOR_009,mobile recharge
TXN_007527,2025-10-07,ACCT_00024,PERSON_00201,invoice,676062,PERSON_00331,transport settlement
TXN_007528,2021-01-19,ACCT_00177,PERSON_00209,grocery,21540,VENDOR_052,grocery
TXN_007529,2023-09-05,ACCT_00378,PERSON_00397,mobile recharge,34858,VENDOR_068,mobile recharge
TXN_007530,2021-10-15,ACCT_00338,PERSON_00118,transport,25586,VENDOR_099,transport
TXN_007531,2024-10-03,ACCT_00014,PERSON_00088,cash deposit,206931,VENDOR_059,legitimate cash-intensive retail/festival activity
TXN_007532,2022-09-07,ACCT_00192,PERSON_00405,grocery,26061,VENDOR_065,grocery
TXN_007533,2022-11-06,ACCT_00109,PERSON_00443,cash withdrawal,674526,PERSON_00085,site material settlement
TXN_007534,2023-02-14,ACCT_00104,PERSON_00027,invoice,792109,PERSON_00048,site material settlement
TXN_007535,2024-11-18,ACCT_00407,PERSON_00011,supplier settlement,169792,VENDOR_046,legitimate cash-intensive retail/festival activity
TXN_007536,2025-04-16,ACCT_00232,PERSON_00416,shopping,37115,VENDOR_048,shopping
TXN_007537,2024-07-08,ACCT_00457,PERSON_00300,invoice,164380,PERSON_00282,vehicle advance
TXN_007538,2023-06-15,ACCT_00377,PERSON_00417,transport,312,VENDOR_034,transport
TXN_007539,2025-03-09,ACCT_00451,PERSON_00281,fuel,34740,VENDOR_066,fuel
TXN_007540,2021-06-20,ACCT_00228,PERSON_00098,rent,31523,VENDOR_050,rent
TXN_007541,2023-02-17,ACCT_00166,PERSON_00272,invoice,616175,PERSON_00387,consultancy settlement
TXN_007542,2021-03-12,ACCT_00294,PERSON_00177,cash withdrawal,2683,VENDOR_041,cash withdrawal
TXN_007543,2022-04-19,ACCT_00351,PERSON_00163,utility,22184,VENDOR_094,utility
TXN_007544,2024-08-31,ACCT_00356,PERSON_00338,grocery,8471,VENDOR_092,grocery
TXN_007545,2025-12-25,ACCT_00168,PERSON_00415,utility,2639,VENDOR_028,utility
TXN_007546,2025-09-25,ACCT_00193,PERSON_00135,invoice,835247,PERSON_00322,registration/document fee
TXN_007547,2025-03-13,ACCT_00331,PERSON_00140,salary,27167,VENDOR_061,salary
TXN_007548,2024-12-09,ACCT_00210,PERSON_00290,invoice,466474,PERSON_00135,registration/document fee
TXN_007549,2024-06-17,ACCT_00155,PERSON_00268,shopping,20295,VENDOR_023,shopping
TXN_007550,2026-04-04,ACCT_00176,PERSON_00264,utility,37317,VENDOR_044,utility
TXN_007551,2023-08-08,ACCT_00354,PERSON_00164,mobile recharge,8443,VENDOR_089,mobile recharge
TXN_007552,2024-01-26,ACCT_00407,PERSON_00011,supplier settlement,210547,VENDOR_010,legitimate cash-intensive retail/festival activity
TXN_007553,2021-02-06,ACCT_00407,PERSON_00011,cash deposit,238681,VENDOR_071,legitimate cash-intensive retail/festival activity
TXN_007554,2022-12-14,ACCT_00028,PERSON_00059,supplier settlement,24017,Family Gold Traders,legitimate cash-intensive retail/festival activity
TXN_007555,2025-06-09,ACCT_00067,PERSON_00150,cash deposit,396297,PERSON_00064,event services
TXN_007556,2024-05-25,ACCT_00337,PERSON_00279,invoice,176040,PERSON_00231,wholesale goods
TXN_007557,2023-01-15,ACCT_00426,PERSON_00322,cash deposit,670091,PERSON_00010,registration/document fee
TXN_007558,2025-09-09,ACCT_00306,PERSON_00330,fuel,2678,VENDOR_059,fuel
TXN_007559,2023-06-02,ACCT_00287,PERSON_00071,salary,19546,VENDOR_075,salary
TXN_007560,2021-09-18,ACCT_00046,PERSON_00183,utility,25966,VENDOR_025,utility
TXN_007561,2021-10-26,ACCT_00159,PERSON_00297,mobile recharge,39476,VENDOR_095,mobile recharge
TXN_007562,2022-04-02,ACCT_00440,PERSON_00421,transport,19631,VENDOR_035,transport
TXN_007563,2021-04-11,ACCT_00471,PERSON_00353,cash withdrawal,40706,VENDOR_023,cash withdrawal
TXN_007564,2023-05-23,ACCT_00234,PERSON_00158,grocery,36511,VENDOR_063,grocery
TXN_007565,2023-01-14,ACCT_00355,PERSON_00263,medical,30387,VENDOR_020,medical
TXN_007566,2024-12-10,ACCT_00386,PERSON_00276,grocery,16170,VENDOR_092,grocery
TXN_007567,2021-01-28,ACCT_00192,PERSON_00405,cash deposit,12328,PERSON_00284,service commission
TXN_007568,2025-11-17,ACCT_00102,PERSON_00173,transfer,870102,PERSON_00379,consultancy settlement
TXN_007569,2023-01-23,ACCT_00327,PERSON_00285,mobile recharge,28884,VENDOR_043,mobile recharge
TXN_007570,2026-02-16,ACCT_00346,PERSON_00359,settlement,713442,PERSON_00353,consultancy settlement
TXN_007571,2026-04-27,ACCT_00276,PERSON_00154,cash deposit,583523,PERSON_00145,site material settlement
TXN_007572,2022-05-22,ACCT_00132,PERSON_00100,festival advance,77669,VENDOR_080,legitimate cash-intensive retail/festival activity
TXN_007573,2024-10-25,ACCT_00251,PERSON_00383,mobile recharge,27294,VENDOR_091,mobile recharge
TXN_007574,2021-02-05,ACCT_00247,PERSON_00047,salary,41788,VENDOR_005,salary
TXN_007575,2021-12-24,ACCT_00108,PERSON_00147,mobile recharge,35533,VENDOR_022,mobile recharge
TXN_007576,2022-01-17,ACCT_00043,PERSON_00092,mobile recharge,4632,VENDOR_067,mobile recharge
TXN_007577,2026-04-03,ACCT_00184,PERSON_00343,shopping,2192,VENDOR_018,shopping
TXN_007578,2025-12-29,ACCT_00330,PERSON_00038,school fee,17844,VENDOR_096,school fee
TXN_007579,2026-05-08,ACCT_00290,PERSON_00362,vendor payment,60163,PERSON_00057,premium settlement
TXN_007580,2024-09-28,ACCT_00142,PERSON_00179,wholesale jewellery,373517,VENDOR_077,legitimate cash-intensive retail/festival activity
TXN_007581,2022-09-19,ACCT_00383,PERSON_00347,cash deposit,271618,VENDOR_053,legitimate cash-intensive retail/festival activity
TXN_007582,2021-09-22,ACCT_00389,PERSON_00313,shopping,22770,VENDOR_022,shopping
TXN_007583,2025-01-03,ACCT_00264,PERSON_00015,shopping,6431,VENDOR_088,shopping
TXN_007584,2022-10-19,ACCT_00361,PERSON_00035,salary,30587,VENDOR_041,salary
TXN_007585,2021-06-08,ACCT_00046,PERSON_00183,restaurant,9099,VENDOR_025,restaurant
TXN_007586,2022-12-22,ACCT_00016,PERSON_00220,transfer,632663,PERSON_00070,premium settlement
TXN_007587,2021-05-03,ACCT_00270,PERSON_00306,shopping,42196,VENDOR_002,shopping
TXN_007588,2021-11-17,ACCT_00272,PERSON_00128,cash withdrawal,743736,PERSON_00149,vehicle advance
TXN_007589,2021-02-04,ACCT_00062,PERSON_00388,transport,40375,VENDOR_092,transport
TXN_007590,2021-03-27,ACCT_00440,PERSON_00421,shopping,31065,VENDOR_034,shopping
TXN_007591,2022-05-12,ACCT_00225,PERSON_00163,salary,26401,VENDOR_022,salary
TXN_007592,2025-03-31,ACCT_00306,PERSON_00330,rent,4731,VENDOR_012,rent
TXN_007593,2024-01-25,ACCT_00291,PERSON_00409,rent,17842,VENDOR_011,rent
TXN_007594,2023-01-06,ACCT_00413,PERSON_00233,fuel,16992,VENDOR_091,fuel
TXN_007595,2021-12-23,ACCT_00383,PERSON_00347,gold purchase,395820,VENDOR_098,legitimate cash-intensive retail/festival activity
TXN_007596,2026-03-11,ACCT_00062,PERSON_00388,settlement,124632,PERSON_00101,service commission
TXN_007597,2024-04-01,ACCT_00104,PERSON_00027,cash deposit,350130,PERSON_00145,site material settlement
TXN_007598,2025-08-10,ACCT_00186,PERSON_00039,mobile recharge,25154,VENDOR_035,mobile recharge
TXN_007599,2024-10-07,ACCT_00468,PERSON_00398,medical,43702,VENDOR_031,medical
TXN_007600,2023-03-09,ACCT_00340,PERSON_00058,fuel,31784,VENDOR_031,fuel
TXN_007601,2025-05-01,ACCT_00116,PERSON_00106,salary,13013,VENDOR_098,salary
TXN_007602,2023-09-05,ACCT_00409,PERSON_00193,mobile recharge,11848,VENDOR_021,mobile recharge
TXN_007603,2023-08-24,ACCT_00246,PERSON_00244,gold purchase,359917,VENDOR_068,legitimate cash-intensive retail/festival activity
TXN_007604,2024-03-28,ACCT_00475,PERSON_00108,salary,2057,VENDOR_095,salary
TXN_007605,2022-10-29,ACCT_00217,PERSON_00284,settlement,414638,PERSON_00101,service commission
TXN_007606,2023-07-20,ACCT_00095,PERSON_00012,cash deposit,254559,PERSON_00436,site material settlement
TXN_007607,2021-03-05,ACCT_00469,PERSON_00060,vendor payment,450267,PERSON_00444,freight settlement
TXN_007608,2024-04-06,ACCT_00477,PERSON_00031,school fee,26202,VENDOR_095,school fee
TXN_007609,2022-05-24,ACCT_00236,PERSON_00275,utility,6460,VENDOR_091,utility
TXN_007610,2024-01-10,ACCT_00336,PERSON_00068,medical,6482,VENDOR_026,medical
TXN_007611,2023-05-18,ACCT_00087,PERSON_00010,cash withdrawal,332570,PERSON_00383,registration/document fee
TXN_007612,2024-11-13,ACCT_00012,PERSON_00449,shopping,12252,VENDOR_033,shopping
TXN_007613,2021-02-03,ACCT_00344,PERSON_00410,rent,38676,VENDOR_073,rent
TXN_007614,2022-03-05,ACCT_00461,PERSON_00217,medical,4727,VENDOR_048,medical
TXN_007615,2025-03-19,ACCT_00235,PERSON_00431,cash withdrawal,18070,VENDOR_039,cash withdrawal
TXN_007616,2025-12-04,ACCT_00287,PERSON_00071,transport,42079,VENDOR_067,transport
TXN_007617,2023-03-08,ACCT_00378,PERSON_00397,restaurant,22917,VENDOR_008,restaurant
TXN_007618,2024-05-02,ACCT_00402,PERSON_00345,cash withdrawal,234731,PERSON_00434,vehicle advance
TXN_007619,2025-03-28,ACCT_00192,PERSON_00405,invoice,26178,PERSON_00438,vehicle advance
TXN_007620,2024-04-19,ACCT_00377,PERSON_00417,supplier settlement,59105,VENDOR_065,legitimate cash-intensive retail/festival activity
TXN_007621,2022-09-05,ACCT_00401,PERSON_00210,mobile recharge,32596,VENDOR_067,mobile recharge
TXN_007622,2025-08-16,ACCT_00041,PERSON_00354,grocery,14635,VENDOR_032,grocery
TXN_007623,2024-03-20,ACCT_00028,PERSON_00059,festival advance,444268,VENDOR_030,legitimate cash-intensive retail/festival activity
TXN_007624,2022-09-28,ACCT_00014,PERSON_00088,salary,5808,VENDOR_020,salary
TXN_007625,2024-11-24,ACCT_00095,PERSON_00012,grocery,44407,VENDOR_074,grocery
TXN_007626,2024-01-23,ACCT_00294,PERSON_00177,utility,31199,VENDOR_042,utility
TXN_007627,2021-08-11,ACCT_00097,PERSON_00105,rent,1663,VENDOR_060,rent
TXN_007628,2023-12-12,ACCT_00121,PERSON_00056,mobile recharge,1391,VENDOR_070,mobile recharge
TXN_007629,2025-08-15,ACCT_00040,PERSON_00384,cash withdrawal,33875,VENDOR_016,cash withdrawal
TXN_007630,2024-05-19,ACCT_00087,PERSON_00010,vendor payment,335864,PERSON_00124,freight settlement
TXN_005700,2025-10-05,ACCT_00253,PERSON_00072,transfer,51961,PERSON_00282,intermediary settlement
TXN_007632,2025-01-16,ACCT_00337,PERSON_00279,school fee,36809,VENDOR_033,school fee
TXN_007633,2021-08-03,ACCT_00023,PERSON_00437,medical,26957,VENDOR_074,medical
TXN_007634,2021-09-14,ACCT_00395,PERSON_00269,fuel,14920,VENDOR_073,fuel
TXN_007635,2025-08-13,ACCT_00378,PERSON_00397,fuel,22386,VENDOR_061,fuel
TXN_007636,2025-12-02,ACCT_00374,PERSON_00320,medical,2583,VENDOR_095,medical
TXN_007637,2025-11-01,ACCT_00457,PERSON_00300,invoice,546969,PERSON_00182,vehicle advance
TXN_007638,2023-06-09,ACCT_00422,PERSON_00052,invoice,823935,PERSON_00049,event services
TXN_007639,2022-02-17,ACCT_00132,PERSON_00100,wholesale jewellery,395943,VENDOR_054,legitimate cash-intensive retail/festival activity
TXN_007640,2021-09-26,ACCT_00208,PERSON_00368,fuel,39489,VENDOR_032,fuel
TXN_007641,2021-12-17,ACCT_00281,PERSON_00041,school fee,5153,VENDOR_021,school fee
TXN_007642,2022-10-15,ACCT_00225,PERSON_00163,grocery,7996,VENDOR_001,grocery
TXN_007643,2022-09-07,ACCT_00442,PERSON_00079,mobile recharge,22280,VENDOR_089,mobile recharge
TXN_007644,2025-04-02,ACCT_00178,PERSON_00413,mobile recharge,4491,VENDOR_034,mobile recharge
TXN_007645,2024-02-20,ACCT_00043,PERSON_00092,rent,664,VENDOR_044,rent
TXN_007646,2025-05-19,ACCT_00227,PERSON_00023,supplier settlement,445695,VENDOR_084,legitimate cash-intensive retail/festival activity
TXN_007647,2021-06-23,ACCT_00045,PERSON_00061,fuel,44188,VENDOR_055,fuel
TXN_007648,2022-11-01,ACCT_00227,PERSON_00023,gold purchase,217026,VENDOR_013,legitimate cash-intensive retail/festival activity
TXN_007649,2022-04-11,ACCT_00299,PERSON_00386,settlement,52043,PERSON_00344,freight settlement
TXN_007650,2025-08-11,ACCT_00138,PERSON_00381,rent,10012,VENDOR_008,rent
TXN_007651,2022-10-28,ACCT_00398,PERSON_00274,fuel,43395,VENDOR_035,fuel
TXN_007652,2026-02-05,ACCT_00316,PERSON_00237,transfer,569002,PERSON_00346,registration/document fee
TXN_007653,2024-03-21,ACCT_00222,PERSON_00226,rent,14636,VENDOR_049,rent
TXN_007654,2025-08-26,ACCT_00037,PERSON_00113,cash deposit,377810,VENDOR_002,legitimate cash-intensive retail/festival activity
TXN_007655,2021-07-30,ACCT_00402,PERSON_00345,transfer,121438,PERSON_00149,vehicle advance
TXN_007656,2021-10-29,ACCT_00035,PERSON_00228,fuel,7085,VENDOR_014,fuel
TXN_007657,2021-08-19,ACCT_00413,PERSON_00233,mobile recharge,17829,VENDOR_099,mobile recharge
TXN_000881,2025-04-12,ACCT_00253,PERSON_00072,transfer,175100,PERSON_00282,intermediary settlement
TXN_007659,2021-03-01,ACCT_00414,PERSON_00130,transfer,56697,PERSON_00152,service commission
TXN_007660,2021-01-26,ACCT_00004,PERSON_00425,vendor payment,355586,PERSON_00065,transport settlement
TXN_007661,2024-04-21,ACCT_00380,PERSON_00178,invoice,57985,PERSON_00220,premium settlement
TXN_007662,2025-04-28,ACCT_00453,PERSON_00009,vendor payment,88899,PERSON_00090,consultancy settlement
TXN_007663,2024-10-17,ACCT_00025,PERSON_00315,utility,780,VENDOR_029,utility
TXN_007664,2022-09-30,ACCT_00276,PERSON_00154,cash withdrawal,34015,PERSON_00426,freight settlement
TXN_007665,2025-11-02,ACCT_00126,PERSON_00062,utility,13059,VENDOR_036,utility
TXN_007666,2025-11-04,ACCT_00063,PERSON_00400,mobile recharge,37184,VENDOR_068,mobile recharge
TXN_007667,2025-02-24,ACCT_00246,PERSON_00244,supplier settlement,110713,VENDOR_030,legitimate cash-intensive retail/festival activity
TXN_007668,2022-04-25,ACCT_00356,PERSON_00338,fuel,33514,VENDOR_026,fuel
TXN_007669,2023-01-15,ACCT_00233,PERSON_00344,shopping,30503,VENDOR_056,shopping
TXN_007670,2021-07-22,ACCT_00094,PERSON_00406,grocery,19717,VENDOR_077,grocery
TXN_007671,2021-03-16,ACCT_00030,PERSON_00363,transfer,772155,PERSON_00229,service commission
TXN_007672,2026-02-09,ACCT_00028,PERSON_00059,wholesale jewellery,234816,VENDOR_005,legitimate cash-intensive retail/festival activity
TXN_007673,2023-01-26,ACCT_00118,PERSON_00340,restaurant,24608,VENDOR_077,restaurant
TXN_007674,2026-04-08,ACCT_00096,PERSON_00139,salary,19450,VENDOR_008,salary
TXN_007675,2024-10-20,ACCT_00014,PERSON_00088,utility,17202,VENDOR_054,utility
TXN_007676,2024-11-25,ACCT_00438,PERSON_00074,cash deposit,260911,VENDOR_058,legitimate cash-intensive retail/festival activity
TXN_007677,2023-09-30,ACCT_00369,PERSON_00433,vendor payment,377868,PERSON_00376,site material settlement
TXN_007678,2025-05-08,ACCT_00290,PERSON_00362,transfer,98793,PERSON_00259,premium settlement
TXN_007679,2021-06-30,ACCT_00026,PERSON_00448,mobile recharge,5892,VENDOR_032,mobile recharge
TXN_007680,2026-06-30,ACCT_00270,PERSON_00306,cash withdrawal,221359,PERSON_00028,wholesale goods
TXN_007681,2023-01-27,ACCT_00158,PERSON_00002,transfer,746275,PERSON_00073,consultancy settlement
TXN_007682,2022-01-02,ACCT_00133,PERSON_00184,transfer,768073,PERSON_00192,wholesale goods
TXN_007683,2025-05-25,ACCT_00002,PERSON_00337,shopping,11082,VENDOR_091,shopping
TXN_007684,2024-04-28,ACCT_00037,PERSON_00113,festival advance,199945,VENDOR_098,legitimate cash-intensive retail/festival activity
TXN_007685,2022-04-29,ACCT_00246,PERSON_00244,wholesale jewellery,265766,VENDOR_066,legitimate cash-intensive retail/festival activity
TXN_007686,2023-07-23,ACCT_00227,PERSON_00023,cash deposit,158796,VENDOR_097,legitimate cash-intensive retail/festival activity
TXN_003817,2024-09-13,ACCT_00253,PERSON_00072,transfer,174594,PERSON_00282,intermediary settlement
TXN_007688,2026-04-01,ACCT_00450,PERSON_00445,cash withdrawal,440555,PERSON_00170,service commission
TXN_007689,2024-05-19,ACCT_00328,PERSON_00161,mobile recharge,26880,VENDOR_057,mobile recharge
TXN_007690,2022-05-07,ACCT_00282,PERSON_00436,invoice,176624,PERSON_00223,site material settlement
TXN_007691,2021-09-29,ACCT_00471,PERSON_00353,salary,44278,VENDOR_088,salary
TXN_007692,2024-03-11,ACCT_00399,PERSON_00363,transfer,602259,PERSON_00433,site material settlement
TXN_007693,2023-05-20,ACCT_00130,PERSON_00416,transfer,820649,PERSON_00220,premium settlement
TXN_007694,2022-02-23,ACCT_00451,PERSON_00281,settlement,728482,PERSON_00237,registration/document fee
TXN_007695,2021-03-05,ACCT_00332,PERSON_00240,rent,9066,VENDOR_062,rent
TXN_007696,2022-02-13,ACCT_00188,PERSON_00348,restaurant,28791,VENDOR_044,restaurant
TXN_007697,2026-03-31,ACCT_00002,PERSON_00337,utility,42046,VENDOR_073,utility
TXN_007698,2023-02-18,ACCT_00360,PERSON_00192,shopping,670,VENDOR_038,shopping
TXN_007699,2022-04-24,ACCT_00201,PERSON_00224,rent,26108,VENDOR_064,rent
TXN_007700,2024-01-05,ACCT_00407,PERSON_00011,supplier settlement,54970,VENDOR_041,legitimate cash-intensive retail/festival activity
TXN_007701,2023-04-01,ACCT_00084,PERSON_00133,settlement,21355,PERSON_00143,event services
TXN_007702,2026-06-15,ACCT_00403,PERSON_00258,shopping,15714,VENDOR_031,shopping
TXN_007703,2024-10-19,ACCT_00270,PERSON_00306,settlement,524610,PERSON_00343,wholesale goods
TXN_007704,2024-01-11,ACCT_00003,PERSON_00434,invoice,89956,PERSON_00378,vehicle advance
TXN_007705,2021-08-09,ACCT_00350,PERSON_00059,wholesale jewellery,349855,VENDOR_018,legitimate cash-intensive retail/festival activity
TXN_007706,2022-12-07,ACCT_00129,PERSON_00025,rent,4214,VENDOR_060,rent
TXN_007707,2025-08-12,ACCT_00167,PERSON_00088,wholesale jewellery,122547,VENDOR_077,legitimate cash-intensive retail/festival activity
TXN_007708,2025-02-17,ACCT_00459,PERSON_00211,mobile recharge,34722,VENDOR_053,mobile recharge
TXN_007709,2023-02-03,ACCT_00338,PERSON_00118,shopping,6175,VENDOR_010,shopping
TXN_007710,2023-01-04,ACCT_00090,PERSON_00084,mobile recharge,34433,VENDOR_072,mobile recharge
TXN_007711,2024-01-18,ACCT_00421,PERSON_00444,grocery,41204,VENDOR_069,grocery
TXN_007712,2023-02-07,ACCT_00257,PERSON_00136,school fee,23239,VENDOR_068,school fee
TXN_007713,2023-06-22,ACCT_00190,PERSON_00271,shopping,37519,VENDOR_032,shopping
TXN_007714,2025-07-22,ACCT_00345,PERSON_00064,vendor payment,461465,PERSON_00102,event services
TXN_007715,2025-10-31,ACCT_00325,PERSON_00145,vendor payment,581794,PERSON_00227,site material settlement
TXN_007716,2025-10-06,ACCT_00204,PERSON_00070,cash withdrawal,132152,PERSON_00057,premium settlement
TXN_007717,2025-01-04,ACCT_00132,PERSON_00100,wholesale jewellery,363412,VENDOR_068,legitimate cash-intensive retail/festival activity
TXN_007718,2023-03-12,ACCT_00331,PERSON_00140,utility,7339,VENDOR_090,utility
TXN_007719,2025-01-16,ACCT_00383,PERSON_00347,wholesale jewellery,396972,VENDOR_035,legitimate cash-intensive retail/festival activity
TXN_007720,2024-07-29,ACCT_00134,PERSON_00339,school fee,22198,VENDOR_001,school fee
TXN_007721,2021-04-29,ACCT_00442,PERSON_00079,fuel,7772,VENDOR_013,fuel
TXN_007722,2021-10-28,ACCT_00429,PERSON_00382,cash withdrawal,5667,VENDOR_063,cash withdrawal
TXN_007723,2025-10-19,ACCT_00246,PERSON_00244,festival advance,320276,VENDOR_032,legitimate cash-intensive retail/festival activity
TXN_007724,2023-11-26,ACCT_00246,PERSON_00244,cash deposit,247547,VENDOR_057,legitimate cash-intensive retail/festival activity
TXN_007725,2025-08-06,ACCT_00088,PERSON_00155,cash withdrawal,6876,VENDOR_030,cash withdrawal
TXN_007726,2025-11-05,ACCT_00238,PERSON_00321,medical,32271,VENDOR_063,medical
TXN_007727,2024-03-20,ACCT_00017,PERSON_00088,gold purchase,59910,Family Gold Traders,legitimate cash-intensive retail/festival activity
TXN_007728,2025-10-25,ACCT_00195,PERSON_00185,cash withdrawal,2308,VENDOR_093,cash withdrawal
TXN_007729,2022-07-01,ACCT_00449,PERSON_00159,salary,13163,VENDOR_097,salary
TXN_007730,2023-01-21,ACCT_00142,PERSON_00179,invoice,303284,PERSON_00383,registration/document fee
TXN_007731,2024-11-03,ACCT_00383,PERSON_00347,festival advance,390627,VENDOR_080,legitimate cash-intensive retail/festival activity
TXN_007732,2024-03-08,ACCT_00241,PERSON_00430,vendor payment,63220,PERSON_00069,service commission
TXN_007733,2021-07-12,ACCT_00017,PERSON_00088,cash withdrawal,24783,VENDOR_013,cash withdrawal
TXN_007734,2021-12-16,ACCT_00239,PERSON_00401,invoice,88871,PERSON_00082,transport settlement
TXN_007735,2024-03-02,ACCT_00220,PERSON_00259,salary,10077,VENDOR_059,salary
TXN_007736,2025-12-11,ACCT_00280,PERSON_00205,cash withdrawal,2604,VENDOR_005,cash withdrawal
TXN_007737,2021-08-25,ACCT_00144,PERSON_00312,shopping,17576,VENDOR_066,shopping
TXN_007738,2023-11-30,ACCT_00232,PERSON_00416,vendor payment,529092,PERSON_00159,premium settlement
TXN_007739,2021-10-03,ACCT_00087,PERSON_00010,shopping,29715,VENDOR_097,shopping
TXN_007740,2022-06-09,ACCT_00114,PERSON_00194,restaurant,24442,VENDOR_023,restaurant
TXN_007741,2026-06-20,ACCT_00227,PERSON_00023,cash deposit,414596,VENDOR_058,legitimate cash-intensive retail/festival activity
TXN_007742,2025-02-10,ACCT_00209,PERSON_00227,rent,11222,VENDOR_074,rent
TXN_007743,2025-03-13,ACCT_00099,PERSON_00419,medical,22506,VENDOR_079,medical
TXN_007744,2021-12-11,ACCT_00245,PERSON_00151,cash withdrawal,265776,PERSON_00173,consultancy settlement
TXN_007745,2022-03-08,ACCT_00458,PERSON_00389,shopping,13006,VENDOR_062,shopping
TXN_007746,2024-09-06,ACCT_00294,PERSON_00177,cash withdrawal,321901,PERSON_00102,event services
TXN_007747,2022-06-25,ACCT_00309,PERSON_00127,salary,19594,VENDOR_035,salary
TXN_007748,2024-01-23,ACCT_00455,PERSON_00016,cash withdrawal,309232,PERSON_00055,event services
TXN_007749,2025-09-07,ACCT_00350,PERSON_00059,cash withdrawal,42478,VENDOR_028,cash withdrawal
TXN_007750,2025-03-13,ACCT_00467,PERSON_00357,restaurant,19478,VENDOR_025,restaurant
TXN_007751,2024-12-29,ACCT_00161,PERSON_00030,transport,17168,VENDOR_068,transport
TXN_007752,2025-10-09,ACCT_00032,PERSON_00065,salary,36258,VENDOR_019,salary
TXN_007753,2023-03-02,ACCT_00078,PERSON_00428,rent,33488,VENDOR_037,rent
TXN_007754,2024-09-05,ACCT_00280,PERSON_00205,grocery,24845,VENDOR_019,grocery
TXN_007755,2023-09-18,ACCT_00407,PERSON_00011,rent,44358,VENDOR_018,rent
TXN_007756,2021-04-06,ACCT_00120,PERSON_00153,shopping,9667,VENDOR_087,shopping
TXN_007757,2026-05-11,ACCT_00381,PERSON_00200,shopping,24720,VENDOR_099,shopping
TXN_007758,2024-02-04,ACCT_00241,PERSON_00430,cash withdrawal,236105,PERSON_00173,service commission
TXN_007759,2023-01-01,ACCT_00382,PERSON_00096,school fee,20534,VENDOR_097,school fee
TXN_007760,2026-05-21,ACCT_00063,PERSON_00400,invoice,476272,PERSON_00069,service commission
TXN_007761,2022-04-13,ACCT_00078,PERSON_00428,mobile recharge,18754,VENDOR_076,mobile recharge
TXN_007762,2025-06-04,ACCT_00472,PERSON_00278,cash withdrawal,9540,VENDOR_085,cash withdrawal
TXN_007763,2023-12-02,ACCT_00455,PERSON_00016,rent,37684,VENDOR_024,rent
TXN_007764,2026-05-17,ACCT_00383,PERSON_00347,supplier settlement,63207,VENDOR_005,legitimate cash-intensive retail/festival activity
TXN_007765,2024-12-16,ACCT_00451,PERSON_00281,invoice,641067,PERSON_00033,registration/document fee
TXN_007766,2023-01-30,ACCT_00160,PERSON_00417,wholesale jewellery,366850,VENDOR_058,legitimate cash-intensive retail/festival activity
TXN_007767,2024-05-01,ACCT_00019,PERSON_00175,restaurant,27194,VENDOR_014,restaurant
TXN_007768,2024-05-03,ACCT_00168,PERSON_00415,cash withdrawal,560120,PERSON_00225,consultancy settlement
TXN_007769,2024-10-29,ACCT_00207,PERSON_00239,medical,8145,VENDOR_056,medical
TXN_007770,2024-10-08,ACCT_00264,PERSON_00015,cash withdrawal,706219,PERSON_00050,freight settlement
TXN_007771,2025-04-18,ACCT_00009,PERSON_00057,salary,2253,VENDOR_062,salary
TXN_007772,2022-04-17,ACCT_00160,PERSON_00417,transport,32021,VENDOR_005,transport
TXN_007773,2026-02-08,ACCT_00389,PERSON_00313,cash withdrawal,42034,VENDOR_098,cash withdrawal
TXN_007774,2022-04-12,ACCT_00052,PERSON_00438,salary,43302,VENDOR_029,salary
TXN_007775,2022-07-22,ACCT_00479,PERSON_00082,transfer,146748,PERSON_00147,transport settlement
TXN_007776,2021-05-19,ACCT_00210,PERSON_00290,cash deposit,614738,PERSON_00322,registration/document fee
TXN_007777,2023-09-18,ACCT_00294,PERSON_00177,invoice,374858,PERSON_00052,event services
TXN_007778,2025-01-06,ACCT_00367,PERSON_00256,transfer,426186,PERSON_00145,site material settlement
TXN_007779,2025-06-03,ACCT_00423,PERSON_00439,mobile recharge,23225,VENDOR_098,mobile recharge
TXN_007780,2024-07-27,ACCT_00305,PERSON_00020,invoice,619699,PERSON_00370,service commission
TXN_007781,2025-10-06,ACCT_00223,PERSON_00298,mobile recharge,6112,VENDOR_062,mobile recharge
TXN_007782,2021-02-21,ACCT_00277,PERSON_00182,settlement,196971,PERSON_00300,vehicle advance
TXN_007783,2023-01-16,ACCT_00448,PERSON_00032,settlement,496840,PERSON_00272,consultancy settlement
TXN_007784,2022-03-11,ACCT_00120,PERSON_00153,mobile recharge,1204,VENDOR_046,mobile recharge
TXN_003050,2023-06-04,ACCT_00253,PERSON_00072,transfer,61600,PERSON_00378,intermediary settlement
TXN_007786,2024-04-02,ACCT_00091,PERSON_00138,cash withdrawal,25651,VENDOR_057,cash withdrawal
TXN_007787,2021-05-01,ACCT_00266,PERSON_00402,invoice,359365,PERSON_00175,vehicle advance
TXN_007788,2024-04-10,ACCT_00126,PERSON_00062,restaurant,23043,VENDOR_086,restaurant
TXN_007789,2021-06-30,ACCT_00377,PERSON_00417,cash deposit,355746,VENDOR_076,legitimate cash-intensive retail/festival activity
TXN_007790,2024-08-13,ACCT_00151,PERSON_00335,rent,22544,VENDOR_054,rent
TXN_007791,2021-03-18,ACCT_00420,PERSON_00159,cash withdrawal,163434,PERSON_00416,premium settlement
TXN_007792,2023-09-28,ACCT_00371,PERSON_00004,invoice,70893,PERSON_00130,service commission
TXN_007793,2022-09-25,ACCT_00132,PERSON_00100,gold purchase,432482,VENDOR_059,legitimate cash-intensive retail/festival activity
TXN_007794,2023-04-01,ACCT_00451,PERSON_00281,settlement,393748,PERSON_00135,registration/document fee
TXN_007795,2025-06-09,ACCT_00179,PERSON_00332,mobile recharge,44329,VENDOR_094,mobile recharge
TXN_007796,2023-02-07,ACCT_00438,PERSON_00074,supplier settlement,130426,VENDOR_066,legitimate cash-intensive retail/festival activity
TXN_007797,2026-03-01,ACCT_00200,PERSON_00423,fuel,30583,VENDOR_050,fuel
TXN_007798,2023-04-25,ACCT_00195,PERSON_00185,shopping,26758,VENDOR_086,shopping
TXN_007799,2022-12-09,ACCT_00336,PERSON_00068,fuel,5856,VENDOR_060,fuel
TXN_007800,2021-02-21,ACCT_00462,PERSON_00186,cash deposit,352336,PERSON_00034,consultancy settlement
TXN_007801,2025-12-19,ACCT_00097,PERSON_00105,salary,19766,VENDOR_100,salary
TXN_007802,2025-08-01,ACCT_00098,PERSON_00370,settlement,673243,PERSON_00044,service commission
TXN_007803,2026-05-14,ACCT_00321,PERSON_00167,rent,10312,VENDOR_006,rent
TXN_007804,2024-08-05,ACCT_00258,PERSON_00148,invoice,398786,PERSON_00154,site material settlement
TXN_007805,2023-05-05,ACCT_00158,PERSON_00002,cash withdrawal,19278,VENDOR_009,cash withdrawal
TXN_007806,2025-12-05,ACCT_00359,PERSON_00427,utility,20950,VENDOR_040,utility
TXN_007807,2026-02-14,ACCT_00049,PERSON_00260,shopping,6901,VENDOR_007,shopping
TXN_007808,2022-04-08,ACCT_00230,PERSON_00191,medical,40157,VENDOR_033,medical
TXN_007809,2025-09-01,ACCT_00151,PERSON_00335,salary,24613,VENDOR_010,salary
TXN_007810,2022-04-25,ACCT_00344,PERSON_00410,cash withdrawal,24372,VENDOR_044,cash withdrawal
TXN_007811,2021-06-01,ACCT_00479,PERSON_00082,salary,42290,VENDOR_045,salary
TXN_007812,2022-06-16,ACCT_00071,PERSON_00073,vendor payment,603377,PERSON_00169,consultancy settlement
TXN_007813,2024-09-14,ACCT_00307,PERSON_00305,salary,31177,VENDOR_076,salary
TXN_007814,2021-06-12,ACCT_00234,PERSON_00158,school fee,39179,VENDOR_096,school fee
TXN_007815,2022-10-08,ACCT_00268,PERSON_00422,transport,34414,VENDOR_051,transport
TXN_007816,2024-05-12,ACCT_00087,PERSON_00010,vendor payment,711572,PERSON_00346,registration/document fee
TXN_007817,2022-03-15,ACCT_00095,PERSON_00012,grocery,23595,VENDOR_046,grocery
TXN_007818,2023-07-28,ACCT_00195,PERSON_00185,cash withdrawal,9278,PERSON_00192,wholesale goods
TXN_007819,2025-01-19,ACCT_00247,PERSON_00047,cash withdrawal,38850,VENDOR_057,cash withdrawal
TXN_007820,2021-11-27,ACCT_00428,PERSON_00234,cash withdrawal,17189,VENDOR_049,cash withdrawal
TXN_007821,2025-10-21,ACCT_00325,PERSON_00145,transport,13872,VENDOR_028,transport
TXN_007822,2022-02-05,ACCT_00359,PERSON_00427,restaurant,4253,VENDOR_057,restaurant
TXN_007823,2026-05-28,ACCT_00438,PERSON_00074,festival advance,199055,Festival Jewel Mart,legitimate cash-intensive retail/festival activity
TXN_007824,2021-03-22,ACCT_00159,PERSON_00297,cash withdrawal,18144,VENDOR_066,cash withdrawal
TXN_007825,2022-08-20,ACCT_00087,PERSON_00010,vendor payment,859458,PERSON_00033,registration/document fee
TXN_007826,2023-04-11,ACCT_00201,PERSON_00224,grocery,21938,VENDOR_011,grocery
TXN_007827,2025-01-24,ACCT_00402,PERSON_00345,vendor payment,171903,PERSON_00378,vehicle advance
TXN_007828,2021-01-06,ACCT_00335,PERSON_00248,vendor payment,804651,PERSON_00386,freight settlement
TXN_007829,2021-06-23,ACCT_00259,PERSON_00166,grocery,16126,VENDOR_088,grocery
TXN_007830,2024-04-19,ACCT_00341,PERSON_00310,mobile recharge,42753,VENDOR_053,mobile recharge
TXN_007831,2026-02-22,ACCT_00438,PERSON_00074,supplier settlement,197289,VENDOR_059,legitimate cash-intensive retail/festival activity
TXN_007832,2024-06-28,ACCT_00432,PERSON_00170,restaurant,2903,VENDOR_034,restaurant
TXN_007833,2026-03-31,ACCT_00132,PERSON_00100,gold purchase,42769,VENDOR_086,legitimate cash-intensive retail/festival activity
TXN_007834,2023-07-18,ACCT_00383,PERSON_00347,wholesale jewellery,344887,VENDOR_078,legitimate cash-intensive retail/festival activity
TXN_007835,2021-06-30,ACCT_00022,PERSON_00372,restaurant,37201,VENDOR_046,restaurant
TXN_007836,2022-09-16,ACCT_00011,PERSON_00010,grocery,32313,VENDOR_081,grocery
TXN_007837,2024-04-08,ACCT_00357,PERSON_00126,settlement,540211,PERSON_00425,transport settlement
TXN_007838,2021-12-26,ACCT_00475,PERSON_00108,shopping,39980,VENDOR_019,shopping
TXN_007839,2024-02-02,ACCT_00189,PERSON_00373,shopping,33885,VENDOR_053,shopping
TXN_007840,2021-09-01,ACCT_00227,PERSON_00023,wholesale jewellery,172640,VENDOR_026,legitimate cash-intensive retail/festival activity
TXN_007841,2026-01-22,ACCT_00278,PERSON_00301,restaurant,32238,VENDOR_093,restaurant
TXN_007842,2024-08-09,ACCT_00132,PERSON_00100,cash deposit,73167,VENDOR_098,legitimate cash-intensive retail/festival activity
TXN_007843,2023-06-25,ACCT_00066,PERSON_00004,grocery,6303,VENDOR_020,grocery
TXN_007844,2025-07-21,ACCT_00023,PERSON_00437,medical,23623,VENDOR_095,medical
TXN_007845,2025-04-19,ACCT_00029,PERSON_00037,cash withdrawal,26707,VENDOR_047,cash withdrawal
TXN_007846,2023-06-21,ACCT_00353,PERSON_00411,cash withdrawal,189994,PERSON_00188,event services
TXN_007847,2026-03-28,ACCT_00014,PERSON_00088,supplier settlement,267096,VENDOR_022,legitimate cash-intensive retail/festival activity
TXN_007848,2023-02-02,ACCT_00359,PERSON_00427,fuel,21399,VENDOR_059,fuel
TXN_007849,2025-02-25,ACCT_00001,PERSON_00033,transfer,312185,PERSON_00105,registration/document fee
TXN_007850,2025-07-06,ACCT_00227,PERSON_00023,wholesale jewellery,430141,Family Gold Traders,legitimate cash-intensive retail/festival activity
TXN_007851,2025-03-02,ACCT_00173,PERSON_00146,medical,15375,VENDOR_062,medical
TXN_007852,2024-05-24,ACCT_00041,PERSON_00354,cash withdrawal,37822,VENDOR_063,cash withdrawal
TXN_007853,2023-02-19,ACCT_00004,PERSON_00425,transfer,785359,PERSON_00288,transport settlement
TXN_007854,2022-09-20,ACCT_00083,PERSON_00220,fuel,13998,VENDOR_013,fuel
TXN_007855,2023-11-13,ACCT_00091,PERSON_00138,shopping,6213,VENDOR_093,shopping
TXN_007856,2023-09-13,ACCT_00184,PERSON_00343,vendor payment,505614,PERSON_00192,wholesale goods
TXN_007857,2021-09-18,ACCT_00401,PERSON_00210,utility,22884,VENDOR_043,utility
TXN_007858,2023-04-24,ACCT_00473,PERSON_00121,cash withdrawal,627343,PERSON_00127,consultancy settlement
TXN_007859,2021-08-10,ACCT_00403,PERSON_00258,shopping,28664,VENDOR_090,shopping
TXN_007860,2025-12-22,ACCT_00004,PERSON_00425,grocery,23614,VENDOR_005,grocery
TXN_002345,2024-09-24,ACCT_00102,PERSON_00173,transfer,53841,PERSON_00229,intermediary settlement
TXN_007862,2024-12-18,ACCT_00259,PERSON_00166,restaurant,24513,VENDOR_044,restaurant
TXN_007863,2026-02-25,ACCT_00429,PERSON_00382,settlement,13521,PERSON_00149,vehicle advance
TXN_007864,2021-08-07,ACCT_00080,PERSON_00137,grocery,3463,VENDOR_063,grocery
TXN_007865,2021-04-10,ACCT_00025,PERSON_00315,rent,31420,VENDOR_004,rent
TXN_007866,2023-03-30,ACCT_00475,PERSON_00108,rent,30931,VENDOR_020,rent
TXN_007867,2025-03-10,ACCT_00331,PERSON_00140,salary,18688,VENDOR_046,salary
TXN_007868,2021-10-06,ACCT_00450,PERSON_00445,transport,3558,VENDOR_010,transport
TXN_007869,2022-04-10,ACCT_00031,PERSON_00223,shopping,7659,VENDOR_013,shopping
TXN_007870,2021-01-18,ACCT_00097,PERSON_00105,cash withdrawal,384178,PERSON_00237,registration/document fee
TXN_007871,2025-10-29,ACCT_00392,PERSON_00226,cash withdrawal,30070,VENDOR_012,cash withdrawal
TXN_007872,2023-10-06,ACCT_00151,PERSON_00335,shopping,37322,VENDOR_069,shopping
TXN_007873,2021-10-14,ACCT_00193,PERSON_00135,invoice,323126,PERSON_00391,registration/document fee
TXN_007874,2026-03-31,ACCT_00209,PERSON_00227,transport,7950,VENDOR_077,transport
TXN_007875,2023-01-21,ACCT_00013,PERSON_00090,cash withdrawal,235102,PERSON_00181,vehicle advance
TXN_007876,2025-04-14,ACCT_00358,PERSON_00085,vendor payment,88150,PERSON_00363,site material settlement
TXN_007877,2022-02-19,ACCT_00360,PERSON_00192,grocery,14732,VENDOR_017,grocery
TXN_007878,2025-03-15,ACCT_00105,PERSON_00212,fuel,2980,VENDOR_053,fuel
TXN_007879,2022-07-31,ACCT_00130,PERSON_00416,medical,27506,VENDOR_072,medical
TXN_007880,2025-05-04,ACCT_00026,PERSON_00448,settlement,148676,PERSON_00125,event services
TXN_007881,2025-01-18,ACCT_00480,PERSON_00040,transfer,627282,PERSON_00331,transport settlement
TXN_007882,2022-12-25,ACCT_00256,PERSON_00309,cash withdrawal,402486,PERSON_00232,freight settlement
TXN_007883,2024-08-17,ACCT_00076,PERSON_00441,school fee,1901,VENDOR_088,school fee
TXN_007884,2023-10-21,ACCT_00075,PERSON_00271,grocery,13274,VENDOR_067,grocery
TXN_007885,2024-06-21,ACCT_00325,PERSON_00145,fuel,19571,VENDOR_035,fuel
TXN_007886,2024-02-15,ACCT_00361,PERSON_00035,settlement,357288,PERSON_00169,consultancy settlement
TXN_007887,2024-12-17,ACCT_00096,PERSON_00139,medical,13596,VENDOR_055,medical
TXN_007888,2021-12-04,ACCT_00031,PERSON_00223,mobile recharge,41603,VENDOR_081,mobile recharge
TXN_007889,2025-10-11,ACCT_00278,PERSON_00301,salary,15160,VENDOR_078,salary
TXN_007890,2021-06-14,ACCT_00383,PERSON_00347,gold purchase,443026,VENDOR_068,legitimate cash-intensive retail/festival activity
TXN_007891,2024-10-30,ACCT_00435,PERSON_00352,grocery,7309,VENDOR_020,grocery
TXN_007892,2023-02-18,ACCT_00347,PERSON_00291,restaurant,26937,VENDOR_062,restaurant
TXN_007893,2026-02-15,ACCT_00284,PERSON_00238,utility,28717,VENDOR_057,utility
TXN_007894,2023-06-19,ACCT_00422,PERSON_00052,shopping,9231,VENDOR_079,shopping
TXN_007895,2026-04-01,ACCT_00062,PERSON_00388,restaurant,5701,VENDOR_062,restaurant
TXN_007896,2025-12-01,ACCT_00058,PERSON_00319,shopping,23882,VENDOR_035,shopping
TXN_007897,2025-12-08,ACCT_00242,PERSON_00124,cash withdrawal,28783,VENDOR_100,cash withdrawal
TXN_007898,2023-10-04,ACCT_00024,PERSON_00201,vendor payment,37310,PERSON_00425,transport settlement
TXN_007899,2023-12-23,ACCT_00227,PERSON_00023,cash deposit,130491,VENDOR_100,legitimate cash-intensive retail/festival activity
TXN_007900,2025-07-18,ACCT_00370,PERSON_00046,salary,28355,VENDOR_076,salary
TXN_007901,2021-12-14,ACCT_00241,PERSON_00430,salary,21263,VENDOR_030,salary
TXN_007902,2022-11-20,ACCT_00247,PERSON_00047,grocery,27675,VENDOR_057,grocery
TXN_007903,2024-04-23,ACCT_00329,PERSON_00069,cash withdrawal,20694,VENDOR_049,cash withdrawal
TXN_007904,2024-05-22,ACCT_00222,PERSON_00226,cash withdrawal,989,VENDOR_029,cash withdrawal
TXN_007905,2025-03-29,ACCT_00200,PERSON_00423,cash deposit,369962,PERSON_00345,vehicle advance
TXN_007906,2026-04-14,ACCT_00450,PERSON_00445,mobile recharge,42447,VENDOR_075,mobile recharge
TXN_007907,2022-04-17,ACCT_00246,PERSON_00244,fuel,27032,VENDOR_070,fuel
TXN_007908,2026-06-15,ACCT_00352,PERSON_00110,cash withdrawal,40610,VENDOR_021,cash withdrawal
TXN_007909,2024-02-26,ACCT_00344,PERSON_00410,grocery,16989,VENDOR_069,grocery
TXN_007910,2024-05-01,ACCT_00269,PERSON_00101,shopping,30798,VENDOR_015,shopping
TXN_007911,2022-04-02,ACCT_00393,PERSON_00408,transport,11807,VENDOR_015,transport
TXN_007912,2026-05-13,ACCT_00274,PERSON_00188,rent,12317,VENDOR_071,rent
TXN_007913,2026-02-12,ACCT_00041,PERSON_00354,restaurant,6037,VENDOR_030,restaurant
TXN_007914,2026-01-13,ACCT_00132,PERSON_00100,gold purchase,93541,VENDOR_088,legitimate cash-intensive retail/festival activity
TXN_007915,2025-04-11,ACCT_00337,PERSON_00279,cash withdrawal,15699,VENDOR_016,cash withdrawal
TXN_007916,2022-10-18,ACCT_00305,PERSON_00020,mobile recharge,16959,VENDOR_087,mobile recharge
TXN_007917,2025-05-07,ACCT_00414,PERSON_00130,rent,16861,VENDOR_003,rent
TXN_007918,2025-03-23,ACCT_00074,PERSON_00293,school fee,24143,VENDOR_006,school fee
TXN_007919,2023-08-24,ACCT_00463,PERSON_00125,cash withdrawal,746128,PERSON_00016,event services
TXN_007920,2024-01-10,ACCT_00406,PERSON_00250,vendor payment,380660,PERSON_00154,site material settlement
TXN_007921,2022-01-22,ACCT_00028,PERSON_00059,wholesale jewellery,413764,VENDOR_004,legitimate cash-intensive retail/festival activity
TXN_007922,2023-01-24,ACCT_00067,PERSON_00150,shopping,43760,VENDOR_028,shopping
TXN_007923,2023-09-02,ACCT_00095,PERSON_00012,cash withdrawal,366886,PERSON_00085,site material settlement
TXN_007924,2024-02-20,ACCT_00412,PERSON_00089,grocery,33521,VENDOR_054,grocery
TXN_007925,2023-10-19,ACCT_00324,PERSON_00283,grocery,41051,VENDOR_022,grocery
TXN_007926,2023-11-25,ACCT_00024,PERSON_00201,transport,13690,VENDOR_072,transport
TXN_007927,2025-08-20,ACCT_00321,PERSON_00167,shopping,8595,VENDOR_077,shopping
TXN_007928,2025-12-28,ACCT_00136,PERSON_00042,school fee,9905,VENDOR_072,school fee
TXN_007929,2021-11-03,ACCT_00449,PERSON_00159,grocery,6271,VENDOR_036,grocery
TXN_007930,2024-10-19,ACCT_00020,PERSON_00143,vendor payment,61993,PERSON_00429,event services
TXN_007931,2025-01-27,ACCT_00175,PERSON_00207,fuel,28851,VENDOR_047,fuel
TXN_007932,2024-02-09,ACCT_00175,PERSON_00207,medical,5944,VENDOR_046,medical
TXN_007933,2023-09-16,ACCT_00328,PERSON_00161,transport,17174,VENDOR_031,transport
TXN_007934,2021-03-10,ACCT_00316,PERSON_00237,invoice,862773,PERSON_00281,registration/document fee
TXN_007935,2021-05-08,ACCT_00431,PERSON_00346,vendor payment,352461,PERSON_00269,registration/document fee
TXN_007936,2023-03-06,ACCT_00037,PERSON_00113,festival advance,147910,VENDOR_084,legitimate cash-intensive retail/festival activity
TXN_007937,2024-05-26,ACCT_00157,PERSON_00317,rent,43788,VENDOR_011,rent
TXN_007938,2022-11-08,ACCT_00196,PERSON_00278,grocery,4246,VENDOR_083,grocery
TXN_007939,2021-05-24,ACCT_00299,PERSON_00386,vendor payment,764496,PERSON_00444,freight settlement
TXN_007940,2024-10-15,ACCT_00447,PERSON_00379,salary,34290,VENDOR_085,salary
TXN_007941,2021-01-13,ACCT_00001,PERSON_00033,supplier settlement,28838,VENDOR_075,legitimate cash-intensive retail/festival activity
TXN_007942,2025-11-08,ACCT_00012,PERSON_00449,utility,44149,VENDOR_022,utility
TXN_007943,2022-08-16,ACCT_00074,PERSON_00293,school fee,8582,VENDOR_018,school fee
TXN_007944,2025-10-07,ACCT_00409,PERSON_00193,rent,31530,VENDOR_033,rent
TXN_007945,2024-06-18,ACCT_00080,PERSON_00137,shopping,13501,VENDOR_057,shopping
TXN_007946,2022-11-16,ACCT_00001,PERSON_00033,festival advance,97288,VENDOR_067,legitimate cash-intensive retail/festival activity
TXN_007947,2023-06-13,ACCT_00185,PERSON_00412,fuel,5287,VENDOR_062,fuel
TXN_007948,2024-06-07,ACCT_00330,PERSON_00038,school fee,39887,VENDOR_078,school fee
TXN_007949,2022-01-15,ACCT_00377,PERSON_00417,wholesale jewellery,229517,VENDOR_064,legitimate cash-intensive retail/festival activity
TXN_007950,2026-02-14,ACCT_00438,PERSON_00074,rent,9990,VENDOR_095,rent
TXN_007951,2025-07-16,ACCT_00452,PERSON_00369,grocery,39076,VENDOR_014,grocery
TXN_007952,2025-11-29,ACCT_00335,PERSON_00248,invoice,153282,PERSON_00124,freight settlement
TXN_007953,2024-10-16,ACCT_00117,PERSON_00155,shopping,2956,VENDOR_022,shopping
TXN_007954,2024-02-17,ACCT_00479,PERSON_00082,transport,7817,VENDOR_033,transport
TXN_007955,2026-06-10,ACCT_00028,PERSON_00059,supplier settlement,310745,VENDOR_080,legitimate cash-intensive retail/festival activity
TXN_007956,2025-12-12,ACCT_00132,PERSON_00100,festival advance,104029,VENDOR_043,legitimate cash-intensive retail/festival activity
TXN_007957,2025-06-06,ACCT_00337,PERSON_00279,salary,28990,VENDOR_085,salary
TXN_007958,2023-02-08,ACCT_00352,PERSON_00110,school fee,37395,VENDOR_098,school fee
TXN_007959,2023-06-16,ACCT_00019,PERSON_00175,salary,1012,VENDOR_099,salary
TXN_007960,2024-12-18,ACCT_00098,PERSON_00370,shopping,23872,VENDOR_075,shopping
TXN_007961,2025-01-16,ACCT_00432,PERSON_00170,school fee,16364,VENDOR_007,school fee
TXN_007962,2023-12-30,ACCT_00387,PERSON_00361,restaurant,28292,VENDOR_070,restaurant
TXN_007963,2022-08-02,ACCT_00142,PERSON_00179,festival advance,112783,VENDOR_091,legitimate cash-intensive retail/festival activity
TXN_007964,2022-04-13,ACCT_00360,PERSON_00192,cash deposit,659854,PERSON_00185,wholesale goods
TXN_007965,2024-06-28,ACCT_00415,PERSON_00309,settlement,734007,PERSON_00124,freight settlement
TXN_007966,2024-09-17,ACCT_00003,PERSON_00434,shopping,21317,VENDOR_056,shopping
TXN_007967,2022-10-20,ACCT_00133,PERSON_00184,salary,40958,VENDOR_010,salary
TXN_007968,2023-02-07,ACCT_00050,PERSON_00008,grocery,12403,VENDOR_044,grocery
TXN_007969,2021-01-04,ACCT_00438,PERSON_00074,rent,33569,VENDOR_019,rent
TXN_007970,2021-06-10,ACCT_00365,PERSON_00014,grocery,41499,VENDOR_077,grocery
TXN_007971,2021-05-28,ACCT_00287,PERSON_00071,rent,13082,VENDOR_021,rent
TXN_007972,2023-11-05,ACCT_00377,PERSON_00417,cash withdrawal,30905,VENDOR_097,cash withdrawal
TXN_007973,2022-10-22,ACCT_00003,PERSON_00434,grocery,29682,VENDOR_014,grocery
TXN_007974,2024-12-23,ACCT_00150,PERSON_00231,invoice,568757,PERSON_00185,wholesale goods
TXN_007975,2025-08-21,ACCT_00175,PERSON_00207,vendor payment,644869,PERSON_00072,vehicle advance
TXN_007976,2025-10-20,ACCT_00253,PERSON_00072,cash withdrawal,304671,PERSON_00173,consultancy settlement
TXN_007977,2026-04-07,ACCT_00142,PERSON_00179,supplier settlement,80430,VENDOR_083,legitimate cash-intensive retail/festival activity
TXN_007978,2021-05-18,ACCT_00426,PERSON_00322,salary,39495,VENDOR_044,salary
TXN_007979,2024-01-15,ACCT_00071,PERSON_00073,cash deposit,750744,PERSON_00107,consultancy settlement
TXN_007980,2021-10-18,ACCT_00154,PERSON_00117,salary,41922,VENDOR_094,salary
TXN_007981,2024-05-19,ACCT_00028,PERSON_00059,festival advance,83607,Festival Jewel Mart,legitimate cash-intensive retail/festival activity
TXN_007982,2023-03-27,ACCT_00142,PERSON_00179,cash deposit,374822,PERSON_00135,registration/document fee
TXN_007983,2024-02-19,ACCT_00146,PERSON_00287,settlement,101711,PERSON_00181,vehicle advance
TXN_007984,2026-04-02,ACCT_00429,PERSON_00382,settlement,485253,PERSON_00072,vehicle advance
TXN_007985,2021-02-19,ACCT_00008,PERSON_00069,cash withdrawal,28759,VENDOR_020,cash withdrawal
TXN_007986,2021-06-23,ACCT_00095,PERSON_00012,cash deposit,171889,PERSON_00246,site material settlement
TXN_007987,2025-03-19,ACCT_00001,PERSON_00033,settlement,433112,PERSON_00383,registration/document fee
TXN_007988,2021-02-01,ACCT_00028,PERSON_00059,supplier settlement,192345,VENDOR_034,legitimate cash-intensive retail/festival activity
TXN_007989,2023-04-27,ACCT_00134,PERSON_00339,utility,37761,VENDOR_051,utility
TXN_007990,2026-02-12,ACCT_00049,PERSON_00260,salary,25181,VENDOR_011,salary
TXN_007991,2025-05-22,ACCT_00407,PERSON_00011,fuel,20963,VENDOR_055,fuel
TXN_007992,2024-11-05,ACCT_00004,PERSON_00425,rent,11388,VENDOR_032,rent
TXN_007993,2021-03-20,ACCT_00390,PERSON_00049,restaurant,8799,VENDOR_011,restaurant
TXN_007994,2026-02-11,ACCT_00242,PERSON_00124,settlement,556416,PERSON_00314,freight settlement
TXN_007995,2025-08-06,ACCT_00069,PERSON_00165,invoice,558108,PERSON_00082,transport settlement
TXN_007996,2024-05-06,ACCT_00123,PERSON_00277,cash withdrawal,44742,VENDOR_045,cash withdrawal
TXN_007997,2021-01-30,ACCT_00095,PERSON_00012,cash withdrawal,735957,PERSON_00154,site material settlement
TXN_007998,2021-08-28,ACCT_00242,PERSON_00124,restaurant,5410,VENDOR_072,restaurant
TXN_007999,2023-08-15,ACCT_00258,PERSON_00148,grocery,44185,VENDOR_096,grocery
TXN_008000,2022-03-01,ACCT_00014,PERSON_00088,supplier settlement,380264,VENDOR_050,legitimate cash-intensive retail/festival activity
TXN_008001,2026-02-01,ACCT_00434,PERSON_00342,grocery,24954,VENDOR_008,grocery
TXN_008002,2023-12-14,ACCT_00159,PERSON_00297,fuel,43982,VENDOR_013,fuel
TXN_008003,2021-10-03,ACCT_00246,PERSON_00244,gold purchase,203249,VENDOR_073,legitimate cash-intensive retail/festival activity
TXN_008004,2024-08-30,ACCT_00132,PERSON_00100,cash deposit,169996,VENDOR_028,legitimate cash-intensive retail/festival activity
TXN_008005,2021-07-04,ACCT_00223,PERSON_00298,grocery,1558,VENDOR_052,grocery
TXN_008006,2024-07-07,ACCT_00451,PERSON_00281,restaurant,37499,VENDOR_050,restaurant
TXN_008007,2022-06-25,ACCT_00070,PERSON_00216,school fee,22160,VENDOR_031,school fee
TXN_008008,2022-12-06,ACCT_00356,PERSON_00338,grocery,8027,VENDOR_066,grocery
TXN_008009,2021-01-09,ACCT_00205,PERSON_00349,school fee,17217,VENDOR_025,school fee
TXN_008010,2026-04-19,ACCT_00307,PERSON_00305,cash withdrawal,5356,VENDOR_056,cash withdrawal
TXN_008011,2023-01-01,ACCT_00057,PERSON_00311,vendor payment,706847,PERSON_00259,premium settlement
TXN_008012,2021-09-25,ACCT_00247,PERSON_00047,grocery,41562,VENDOR_071,grocery
TXN_008013,2025-05-30,ACCT_00055,PERSON_00013,rent,38256,VENDOR_089,rent
TXN_008014,2025-09-26,ACCT_00084,PERSON_00133,cash withdrawal,51199,PERSON_00036,event services
TXN_008015,2026-03-04,ACCT_00211,PERSON_00039,restaurant,33359,VENDOR_098,restaurant
TXN_008016,2021-03-25,ACCT_00341,PERSON_00310,shopping,18680,VENDOR_039,shopping
TXN_008017,2023-09-06,ACCT_00363,PERSON_00122,shopping,21840,VENDOR_049,shopping
TXN_008018,2024-09-14,ACCT_00110,PERSON_00292,salary,43969,VENDOR_009,salary
TXN_008019,2026-05-05,ACCT_00246,PERSON_00244,gold purchase,227380,VENDOR_075,legitimate cash-intensive retail/festival activity
TXN_008020,2024-01-03,ACCT_00004,PERSON_00425,settlement,807484,PERSON_00091,transport settlement
TXN_008021,2024-06-27,ACCT_00406,PERSON_00250,utility,25638,VENDOR_078,utility
TXN_008022,2022-12-21,ACCT_00001,PERSON_00033,cash deposit,293044,VENDOR_066,legitimate cash-intensive retail/festival activity
TXN_008023,2023-05-30,ACCT_00173,PERSON_00146,vendor payment,658156,PERSON_00283,registration/document fee
TXN_008024,2024-04-10,ACCT_00220,PERSON_00259,salary,29994,VENDOR_054,salary
TXN_008025,2024-06-18,ACCT_00037,PERSON_00113,shopping,34880,VENDOR_018,shopping
TXN_008026,2021-10-16,ACCT_00383,PERSON_00347,cash deposit,364586,VENDOR_020,legitimate cash-intensive retail/festival activity
TXN_008027,2023-06-16,ACCT_00326,PERSON_00392,rent,21668,VENDOR_089,rent
TXN_008028,2022-11-14,ACCT_00087,PERSON_00010,cash withdrawal,20062,PERSON_00213,freight settlement
TXN_008029,2024-12-28,ACCT_00001,PERSON_00033,mobile recharge,31782,VENDOR_042,mobile recharge
TXN_008030,2021-02-19,ACCT_00037,PERSON_00113,mobile recharge,11076,VENDOR_041,mobile recharge
TXN_008031,2024-09-26,ACCT_00305,PERSON_00020,shopping,43125,VENDOR_082,shopping
TXN_008032,2025-09-27,ACCT_00217,PERSON_00284,school fee,25160,VENDOR_012,school fee
TXN_008033,2023-11-16,ACCT_00025,PERSON_00315,medical,40962,VENDOR_007,medical
TXN_008034,2025-04-13,ACCT_00142,PERSON_00179,cash deposit,106064,VENDOR_090,legitimate cash-intensive retail/festival activity
TXN_008035,2021-05-28,ACCT_00143,PERSON_00069,grocery,6958,VENDOR_021,grocery
TXN_008036,2021-06-19,ACCT_00207,PERSON_00239,grocery,35509,VENDOR_095,grocery
TXN_008037,2022-10-15,ACCT_00428,PERSON_00234,transport,1514,VENDOR_019,transport
TXN_008038,2025-02-27,ACCT_00466,PERSON_00252,medical,42459,VENDOR_090,medical
TXN_008039,2025-03-18,ACCT_00373,PERSON_00141,invoice,140497,PERSON_00425,transport settlement
TXN_008040,2024-09-22,ACCT_00294,PERSON_00177,grocery,14056,VENDOR_066,grocery
TXN_008041,2022-04-30,ACCT_00246,PERSON_00244,cash deposit,411735,VENDOR_086,legitimate cash-intensive retail/festival activity
TXN_008042,2024-05-06,ACCT_00057,PERSON_00311,vendor payment,287923,PERSON_00178,premium settlement
TXN_008043,2022-11-12,ACCT_00439,PERSON_00385,cash withdrawal,31264,VENDOR_074,cash withdrawal
TXN_008044,2021-05-18,ACCT_00083,PERSON_00220,cash withdrawal,27542,PERSON_00178,premium settlement
TXN_008045,2023-03-31,ACCT_00058,PERSON_00319,rent,7083,VENDOR_031,rent
TXN_008046,2022-04-28,ACCT_00076,PERSON_00441,fuel,22410,VENDOR_006,fuel
TXN_008047,2021-01-04,ACCT_00383,PERSON_00347,festival advance,218147,VENDOR_095,legitimate cash-intensive retail/festival activity
TXN_008048,2024-12-25,ACCT_00450,PERSON_00445,cash deposit,234858,PERSON_00069,service commission
TXN_008049,2024-06-01,ACCT_00014,PERSON_00088,cash deposit,343028,VENDOR_056,legitimate cash-intensive retail/festival activity
TXN_008050,2024-04-07,ACCT_00010,PERSON_00325,cash withdrawal,32394,VENDOR_083,cash withdrawal
TXN_008051,2022-04-01,ACCT_00307,PERSON_00305,mobile recharge,31654,VENDOR_099,mobile recharge
TXN_008052,2025-04-18,ACCT_00247,PERSON_00047,shopping,27887,VENDOR_026,shopping
TXN_008053,2026-05-15,ACCT_00145,PERSON_00005,grocery,21838,VENDOR_041,grocery
TXN_008054,2021-06-28,ACCT_00109,PERSON_00443,medical,13498,VENDOR_072,medical
TXN_008055,2024-07-28,ACCT_00245,PERSON_00151,shopping,21814,VENDOR_076,shopping
TXN_008056,2025-12-26,ACCT_00435,PERSON_00352,fuel,39125,VENDOR_032,fuel
TXN_008057,2021-08-31,ACCT_00479,PERSON_00082,rent,6241,VENDOR_093,rent
TXN_008058,2023-05-28,ACCT_00442,PERSON_00079,rent,4663,VENDOR_076,rent
TXN_008059,2023-08-15,ACCT_00380,PERSON_00178,invoice,433542,PERSON_00362,premium settlement
TXN_008060,2023-06-02,ACCT_00408,PERSON_00407,cash deposit,528239,PERSON_00070,premium settlement
TXN_008061,2026-04-12,ACCT_00480,PERSON_00040,settlement,60793,PERSON_00398,transport settlement
TXN_008062,2025-03-30,ACCT_00440,PERSON_00421,cash withdrawal,5834,VENDOR_065,cash withdrawal
TXN_008063,2022-02-21,ACCT_00236,PERSON_00275,fuel,20108,VENDOR_045,fuel
TXN_008064,2026-01-01,ACCT_00124,PERSON_00270,shopping,13483,VENDOR_036,shopping
TXN_008065,2026-06-07,ACCT_00104,PERSON_00027,cash withdrawal,32577,VENDOR_002,cash withdrawal
TXN_008066,2021-06-01,ACCT_00282,PERSON_00436,rent,3063,VENDOR_074,rent
TXN_008067,2021-08-21,ACCT_00376,PERSON_00232,fuel,15031,VENDOR_093,fuel
TXN_008068,2023-04-15,ACCT_00231,PERSON_00246,fuel,4989,VENDOR_020,fuel
TXN_008069,2023-09-03,ACCT_00142,PERSON_00179,cash deposit,435347,VENDOR_009,legitimate cash-intensive retail/festival activity
TXN_008070,2024-09-13,ACCT_00353,PERSON_00411,shopping,35974,VENDOR_036,shopping
TXN_008071,2022-01-20,ACCT_00387,PERSON_00361,salary,40989,VENDOR_020,salary
TXN_008072,2025-01-22,ACCT_00440,PERSON_00421,rent,41709,VENDOR_079,rent
TXN_008073,2021-01-13,ACCT_00336,PERSON_00068,transfer,522117,PERSON_00012,site material settlement
TXN_008074,2023-06-07,ACCT_00357,PERSON_00126,vendor payment,292965,PERSON_00333,transport settlement
TXN_008075,2025-03-08,ACCT_00451,PERSON_00281,cash deposit,806619,PERSON_00237,registration/document fee
TXN_008076,2025-07-13,ACCT_00043,PERSON_00092,medical,41882,VENDOR_056,medical
TXN_008077,2021-07-15,ACCT_00405,PERSON_00329,grocery,42541,VENDOR_011,grocery
TXN_008078,2026-03-16,ACCT_00463,PERSON_00125,shopping,44234,VENDOR_062,shopping
TXN_008079,2024-09-01,ACCT_00289,PERSON_00131,mobile recharge,2770,VENDOR_029,mobile recharge
TXN_008080,2022-08-24,ACCT_00416,PERSON_00043,settlement,401762,PERSON_00078,wholesale goods
TXN_008081,2025-04-28,ACCT_00354,PERSON_00164,utility,1985,VENDOR_006,utility
TXN_008082,2023-10-07,ACCT_00365,PERSON_00014,cash deposit,801250,PERSON_00232,freight settlement
TXN_008083,2024-05-27,ACCT_00070,PERSON_00216,restaurant,20411,VENDOR_041,restaurant
TXN_008084,2024-06-29,ACCT_00153,PERSON_00420,salary,15466,VENDOR_015,salary
TXN_008085,2023-05-18,ACCT_00371,PERSON_00004,cash withdrawal,484148,PERSON_00445,service commission
TXN_008086,2022-06-18,ACCT_00062,PERSON_00388,cash deposit,377375,PERSON_00430,service commission
TXN_008087,2025-12-21,ACCT_00287,PERSON_00071,rent,11151,VENDOR_090,rent
TXN_008088,2024-01-09,ACCT_00467,PERSON_00357,cash withdrawal,20275,PERSON_00284,service commission
TXN_008089,2024-12-11,ACCT_00032,PERSON_00065,cash deposit,889727,PERSON_00449,transport settlement
TXN_008090,2025-09-05,ACCT_00160,PERSON_00417,cash deposit,151745,VENDOR_015,legitimate cash-intensive retail/festival activity
TXN_008091,2025-04-25,ACCT_00173,PERSON_00146,settlement,351377,PERSON_00322,registration/document fee
TXN_008092,2026-02-12,ACCT_00365,PERSON_00014,school fee,2295,VENDOR_067,school fee
TXN_008093,2025-03-14,ACCT_00405,PERSON_00329,rent,16922,VENDOR_084,rent
TXN_008094,2026-05-27,ACCT_00268,PERSON_00422,fuel,7167,VENDOR_047,fuel
TXN_008095,2026-03-10,ACCT_00093,PERSON_00204,fuel,21397,VENDOR_064,fuel
TXN_008096,2026-04-17,ACCT_00407,PERSON_00011,wholesale jewellery,210693,VENDOR_094,legitimate cash-intensive retail/festival activity
TXN_008097,2023-03-30,ACCT_00224,PERSON_00051,utility,41520,VENDOR_067,utility
TXN_008098,2023-06-22,ACCT_00111,PERSON_00144,shopping,12730,VENDOR_094,shopping
TXN_008099,2024-09-11,ACCT_00403,PERSON_00258,fuel,37105,VENDOR_052,fuel
TXN_008100,2023-06-27,ACCT_00247,PERSON_00047,fuel,31956,VENDOR_097,fuel
TXN_008101,2026-06-26,ACCT_00111,PERSON_00144,shopping,10373,VENDOR_082,shopping
TXN_008102,2024-12-01,ACCT_00451,PERSON_00281,invoice,8379,PERSON_00346,registration/document fee
TXN_008103,2025-12-10,ACCT_00270,PERSON_00306,cash deposit,7716,PERSON_00078,wholesale goods
TXN_008104,2026-02-26,ACCT_00242,PERSON_00124,salary,6537,VENDOR_024,salary
TXN_008105,2026-03-09,ACCT_00457,PERSON_00300,rent,7066,VENDOR_066,rent
TXN_008106,2023-06-11,ACCT_00061,PERSON_00102,transfer,299827,PERSON_00374,event services
TXN_008107,2025-04-12,ACCT_00237,PERSON_00285,school fee,42734,VENDOR_019,school fee
TXN_008108,2023-11-06,ACCT_00394,PERSON_00187,transport,36076,VENDOR_013,transport
TXN_008109,2025-12-26,ACCT_00321,PERSON_00167,mobile recharge,24706,VENDOR_023,mobile recharge
TXN_008110,2025-04-07,ACCT_00012,PERSON_00449,cash withdrawal,374481,PERSON_00040,transport settlement
TXN_008111,2025-02-11,ACCT_00060,PERSON_00435,salary,4026,VENDOR_082,salary
TXN_008112,2024-11-09,ACCT_00239,PERSON_00401,cash withdrawal,40998,VENDOR_082,cash withdrawal
TXN_008113,2022-11-24,ACCT_00132,PERSON_00100,gold purchase,208099,VENDOR_071,legitimate cash-intensive retail/festival activity
TXN_008114,2026-05-12,ACCT_00163,PERSON_00255,cash withdrawal,22067,VENDOR_048,cash withdrawal
TXN_008115,2023-02-05,ACCT_00397,PERSON_00052,rent,31387,VENDOR_050,rent
TXN_008116,2022-01-06,ACCT_00160,PERSON_00417,wholesale jewellery,270256,VENDOR_002,legitimate cash-intensive retail/festival activity
TXN_008117,2024-05-04,ACCT_00447,PERSON_00379,cash withdrawal,8294,VENDOR_060,cash withdrawal
TXN_008118,2021-12-14,ACCT_00132,PERSON_00100,wholesale jewellery,47282,VENDOR_037,legitimate cash-intensive retail/festival activity
TXN_008119,2023-09-28,ACCT_00011,PERSON_00010,mobile recharge,37483,VENDOR_097,mobile recharge
TXN_008120,2023-05-06,ACCT_00014,PERSON_00088,supplier settlement,370539,VENDOR_032,legitimate cash-intensive retail/festival activity
TXN_008121,2025-05-04,ACCT_00268,PERSON_00422,shopping,24179,VENDOR_037,shopping
TXN_008122,2025-09-02,ACCT_00058,PERSON_00319,salary,24193,VENDOR_020,salary
TXN_008123,2024-05-02,ACCT_00416,PERSON_00043,salary,29602,VENDOR_059,salary
TXN_008124,2024-12-21,ACCT_00423,PERSON_00439,fuel,18144,VENDOR_045,fuel
TXN_008125,2021-11-21,ACCT_00228,PERSON_00098,grocery,26616,VENDOR_020,grocery
TXN_008126,2026-04-04,ACCT_00302,PERSON_00426,shopping,39727,VENDOR_013,shopping
TXN_008127,2022-11-14,ACCT_00438,PERSON_00074,fuel,15390,VENDOR_032,fuel
TXN_008128,2023-06-28,ACCT_00041,PERSON_00354,salary,29578,VENDOR_088,salary
TXN_008129,2022-05-09,ACCT_00325,PERSON_00145,invoice,298346,PERSON_00345,vehicle advance
TXN_008130,2023-02-19,ACCT_00438,PERSON_00074,gold purchase,49809,VENDOR_089,legitimate cash-intensive retail/festival activity
TXN_008131,2022-03-30,ACCT_00410,PERSON_00307,salary,10235,VENDOR_100,salary
TXN_008132,2023-03-27,ACCT_00205,PERSON_00349,salary,33254,VENDOR_078,salary
TXN_008133,2023-03-31,ACCT_00367,PERSON_00256,settlement,155022,PERSON_00427,site material settlement
TXN_008134,2025-01-29,ACCT_00459,PERSON_00211,salary,44566,VENDOR_024,salary
TXN_008135,2021-06-25,ACCT_00479,PERSON_00082,transfer,435286,PERSON_00333,transport settlement
TXN_008136,2021-07-02,ACCT_00404,PERSON_00134,grocery,20932,VENDOR_095,grocery
TXN_008137,2023-01-29,ACCT_00036,PERSON_00087,transport,22075,VENDOR_065,transport
TXN_008138,2024-01-11,ACCT_00282,PERSON_00436,cash withdrawal,172756,PERSON_00068,site material settlement
TXN_008139,2025-03-04,ACCT_00137,PERSON_00432,cash withdrawal,37600,VENDOR_041,cash withdrawal
TXN_008140,2024-07-24,ACCT_00065,PERSON_00014,cash withdrawal,24446,VENDOR_050,cash withdrawal
TXN_008141,2022-06-12,ACCT_00438,PERSON_00074,gold purchase,53187,VENDOR_047,legitimate cash-intensive retail/festival activity
TXN_008142,2023-04-27,ACCT_00033,PERSON_00029,fuel,10547,VENDOR_026,fuel
TXN_008143,2022-09-28,ACCT_00263,PERSON_00034,cash withdrawal,43483,VENDOR_065,cash withdrawal
TXN_008144,2023-01-17,ACCT_00304,PERSON_00280,shopping,4306,VENDOR_038,shopping
TXN_008145,2025-06-16,ACCT_00373,PERSON_00141,invoice,681395,PERSON_00425,transport settlement
TXN_008146,2025-02-03,ACCT_00438,PERSON_00074,festival advance,59139,VENDOR_038,legitimate cash-intensive retail/festival activity
TXN_008147,2023-06-13,ACCT_00037,PERSON_00113,wholesale jewellery,413747,VENDOR_042,legitimate cash-intensive retail/festival activity
TXN_008148,2021-05-08,ACCT_00407,PERSON_00011,vendor payment,128419,PERSON_00311,premium settlement
TXN_008149,2023-04-21,ACCT_00155,PERSON_00268,grocery,37363,VENDOR_038,grocery
TXN_008150,2023-02-04,ACCT_00382,PERSON_00096,school fee,1618,VENDOR_060,school fee
TXN_008151,2023-04-04,ACCT_00449,PERSON_00159,shopping,1258,VENDOR_087,shopping
TXN_008152,2026-01-22,ACCT_00325,PERSON_00145,fuel,42489,VENDOR_050,fuel
TXN_008153,2021-03-03,ACCT_00120,PERSON_00153,transport,42291,VENDOR_065,transport
TXN_008154,2022-02-05,ACCT_00182,PERSON_00241,utility,6435,VENDOR_051,utility
TXN_008155,2022-10-18,ACCT_00378,PERSON_00397,salary,40517,VENDOR_056,salary
TXN_008156,2022-09-19,ACCT_00282,PERSON_00436,fuel,32629,VENDOR_060,fuel
TXN_008157,2025-04-23,ACCT_00103,PERSON_00323,grocery,28462,VENDOR_045,grocery
TXN_008158,2024-02-14,ACCT_00460,PERSON_00336,medical,4246,VENDOR_025,medical
TXN_008159,2024-04-03,ACCT_00095,PERSON_00012,cash withdrawal,497452,PERSON_00364,site material settlement
TXN_008160,2024-10-08,ACCT_00213,PERSON_00048,transport,23965,VENDOR_018,transport
TXN_008161,2022-06-08,ACCT_00078,PERSON_00428,rent,21399,VENDOR_085,rent
TXN_008162,2022-04-28,ACCT_00438,PERSON_00074,shopping,5521,VENDOR_042,shopping
TXN_008163,2025-12-09,ACCT_00270,PERSON_00306,invoice,384599,PERSON_00147,transport settlement
TXN_008164,2022-12-19,ACCT_00001,PERSON_00033,supplier settlement,371607,VENDOR_074,legitimate cash-intensive retail/festival activity
TXN_008165,2023-02-26,ACCT_00144,PERSON_00312,cash withdrawal,803609,PERSON_00259,premium settlement
TXN_008166,2026-05-28,ACCT_00359,PERSON_00427,grocery,33434,VENDOR_088,grocery
TXN_008167,2021-01-19,ACCT_00053,PERSON_00152,invoice,458335,PERSON_00069,service commission
TXN_008168,2021-01-21,ACCT_00167,PERSON_00088,cash deposit,128314,VENDOR_057,legitimate cash-intensive retail/festival activity
TXN_008169,2022-01-19,ACCT_00227,PERSON_00023,supplier settlement,161717,VENDOR_082,legitimate cash-intensive retail/festival activity
TXN_008170,2025-11-12,ACCT_00199,PERSON_00190,utility,44673,VENDOR_081,utility
TXN_008171,2021-01-25,ACCT_00324,PERSON_00283,vendor payment,708900,PERSON_00281,registration/document fee
TXN_008172,2023-11-22,ACCT_00180,PERSON_00066,fuel,36624,VENDOR_081,fuel
TXN_008173,2022-09-17,ACCT_00305,PERSON_00020,mobile recharge,2601,VENDOR_037,mobile recharge
TXN_008174,2023-07-12,ACCT_00305,PERSON_00020,invoice,832951,PERSON_00229,service commission
TXN_008175,2021-06-22,ACCT_00377,PERSON_00417,gold purchase,294625,VENDOR_032,legitimate cash-intensive retail/festival activity
TXN_008176,2025-05-25,ACCT_00012,PERSON_00449,invoice,798543,PERSON_00071,transport settlement
TXN_008177,2021-01-23,ACCT_00274,PERSON_00188,cash deposit,67292,PERSON_00052,event services
TXN_008178,2023-09-21,ACCT_00255,PERSON_00129,restaurant,38493,VENDOR_050,restaurant
TXN_008179,2022-07-13,ACCT_00417,PERSON_00076,grocery,1864,VENDOR_021,grocery
TXN_008180,2022-07-29,ACCT_00037,PERSON_00113,festival advance,427640,VENDOR_076,legitimate cash-intensive retail/festival activity
TXN_008181,2024-07-18,ACCT_00245,PERSON_00151,vendor payment,819391,PERSON_00387,consultancy settlement
TXN_008182,2021-06-06,ACCT_00396,PERSON_00115,school fee,16090,VENDOR_031,school fee
TXN_008183,2025-11-19,ACCT_00323,PERSON_00302,cash withdrawal,41210,VENDOR_091,cash withdrawal
TXN_008184,2025-12-09,ACCT_00256,PERSON_00309,utility,8888,VENDOR_010,utility
TXN_008185,2023-10-01,ACCT_00227,PERSON_00023,mobile recharge,2925,VENDOR_071,mobile recharge
TXN_008186,2025-11-01,ACCT_00107,PERSON_00341,grocery,36204,VENDOR_037,grocery
TXN_008187,2025-02-22,ACCT_00102,PERSON_00173,cash withdrawal,470421,PERSON_00272,consultancy settlement
TXN_008188,2023-04-25,ACCT_00286,PERSON_00104,utility,967,VENDOR_021,utility
TXN_008189,2022-02-22,ACCT_00290,PERSON_00362,fuel,23707,VENDOR_050,fuel
TXN_008190,2025-04-13,ACCT_00380,PERSON_00178,invoice,705703,PERSON_00159,premium settlement
TXN_008191,2024-03-09,ACCT_00079,PERSON_00266,transport,28215,VENDOR_003,transport
TXN_008192,2025-01-22,ACCT_00204,PERSON_00070,cash withdrawal,24720,VENDOR_070,cash withdrawal
TXN_008193,2024-03-26,ACCT_00380,PERSON_00178,cash withdrawal,683329,PERSON_00385,premium settlement
TXN_008194,2021-11-14,ACCT_00001,PERSON_00033,school fee,29781,VENDOR_046,school fee
TXN_008195,2023-02-08,ACCT_00014,PERSON_00088,cash deposit,131457,VENDOR_041,legitimate cash-intensive retail/festival activity
TXN_008196,2025-09-21,ACCT_00332,PERSON_00240,grocery,42907,VENDOR_081,grocery
TXN_008197,2021-05-09,ACCT_00094,PERSON_00406,utility,3398,VENDOR_001,utility
TXN_008198,2023-12-23,ACCT_00423,PERSON_00439,invoice,196922,PERSON_00081,vehicle advance
TXN_008199,2024-11-23,ACCT_00287,PERSON_00071,vendor payment,490378,PERSON_00331,transport settlement
TXN_008200,2024-03-08,ACCT_00321,PERSON_00167,salary,25982,VENDOR_021,salary
TXN_008201,2022-01-27,ACCT_00387,PERSON_00361,school fee,36109,VENDOR_001,school fee
TXN_008202,2025-07-17,ACCT_00378,PERSON_00397,grocery,26793,VENDOR_022,grocery
TXN_008203,2025-12-16,ACCT_00301,PERSON_00251,cash withdrawal,38602,VENDOR_051,cash withdrawal
TXN_008204,2021-11-18,ACCT_00268,PERSON_00422,transport,20199,VENDOR_045,transport
TXN_008205,2023-08-01,ACCT_00444,PERSON_00051,grocery,30281,VENDOR_047,grocery
TXN_008206,2025-12-21,ACCT_00438,PERSON_00074,supplier settlement,23172,VENDOR_050,legitimate cash-intensive retail/festival activity
TXN_008207,2023-11-23,ACCT_00142,PERSON_00179,festival advance,309331,VENDOR_006,legitimate cash-intensive retail/festival activity
TXN_008208,2022-01-09,ACCT_00001,PERSON_00033,gold purchase,397958,VENDOR_029,legitimate cash-intensive retail/festival activity
TXN_008209,2025-10-22,ACCT_00132,PERSON_00100,cash deposit,12336,VENDOR_081,legitimate cash-intensive retail/festival activity
TXN_008210,2023-12-01,ACCT_00222,PERSON_00226,grocery,39096,VENDOR_029,grocery
TXN_008211,2024-08-10,ACCT_00146,PERSON_00287,fuel,44914,VENDOR_087,fuel
TXN_008212,2026-04-01,ACCT_00132,PERSON_00100,festival advance,423359,VENDOR_082,legitimate cash-intensive retail/festival activity
TXN_008213,2024-02-18,ACCT_00394,PERSON_00187,transport,29875,VENDOR_048,transport
TXN_008214,2021-02-21,ACCT_00407,PERSON_00011,cash deposit,349729,VENDOR_053,legitimate cash-intensive retail/festival activity
TXN_008215,2026-04-23,ACCT_00144,PERSON_00312,transfer,66809,PERSON_00263,premium settlement
TXN_008216,2024-03-25,ACCT_00167,PERSON_00088,cash deposit,329692,VENDOR_010,legitimate cash-intensive retail/festival activity
TXN_008217,2024-12-20,ACCT_00019,PERSON_00175,salary,21877,VENDOR_001,salary
TXN_008218,2021-06-19,ACCT_00328,PERSON_00161,medical,11707,VENDOR_037,medical
TXN_008219,2026-03-18,ACCT_00367,PERSON_00256,shopping,6836,VENDOR_067,shopping
TXN_008220,2026-02-14,ACCT_00102,PERSON_00173,settlement,860781,PERSON_00229,service commission
TXN_008221,2023-08-20,ACCT_00437,PERSON_00360,medical,20368,VENDOR_057,medical
TXN_008222,2025-06-17,ACCT_00213,PERSON_00048,invoice,227964,PERSON_00145,site material settlement
TXN_008223,2024-08-24,ACCT_00246,PERSON_00244,supplier settlement,98348,VENDOR_054,legitimate cash-intensive retail/festival activity
TXN_008224,2023-12-19,ACCT_00363,PERSON_00122,medical,38369,VENDOR_021,medical
TXN_008225,2025-07-04,ACCT_00351,PERSON_00163,shopping,27908,VENDOR_035,shopping
TXN_008226,2025-03-18,ACCT_00337,PERSON_00279,transfer,802153,PERSON_00306,wholesale goods
TXN_008227,2021-11-06,ACCT_00001,PERSON_00033,festival advance,259433,VENDOR_023,legitimate cash-intensive retail/festival activity
TXN_008228,2025-09-25,ACCT_00132,PERSON_00100,cash withdrawal,1587,VENDOR_075,cash withdrawal
TXN_008229,2023-02-14,ACCT_00080,PERSON_00137,transport,2538,VENDOR_025,transport
TXN_008230,2023-01-19,ACCT_00270,PERSON_00306,cash withdrawal,867687,PERSON_00360,wholesale goods
TXN_008231,2025-01-21,ACCT_00475,PERSON_00108,rent,8162,VENDOR_061,rent
TXN_008232,2025-11-13,ACCT_00287,PERSON_00071,transfer,833247,PERSON_00065,transport settlement
TXN_008233,2025-09-01,ACCT_00243,PERSON_00295,fuel,5371,VENDOR_095,fuel
TXN_008234,2025-11-04,ACCT_00106,PERSON_00314,cash deposit,555216,PERSON_00444,freight settlement
TXN_008235,2024-05-20,ACCT_00150,PERSON_00231,vendor payment,481518,PERSON_00279,wholesale goods
TXN_008236,2024-03-06,ACCT_00254,PERSON_00154,invoice,611531,PERSON_00363,site material settlement
TXN_008237,2025-10-30,ACCT_00264,PERSON_00015,shopping,19547,VENDOR_031,shopping
TXN_008238,2024-08-06,ACCT_00218,PERSON_00117,shopping,18075,VENDOR_068,shopping
TXN_008239,2023-02-03,ACCT_00345,PERSON_00064,settlement,199916,PERSON_00411,event services
TXN_008240,2023-07-17,ACCT_00451,PERSON_00281,salary,31581,VENDOR_027,salary
TXN_008241,2025-05-01,ACCT_00417,PERSON_00076,cash withdrawal,816174,PERSON_00028,wholesale goods
TXN_008242,2025-11-18,ACCT_00389,PERSON_00313,cash withdrawal,657945,PERSON_00175,vehicle advance
TXN_008243,2024-09-21,ACCT_00293,PERSON_00054,medical,25736,VENDOR_072,medical
TXN_008244,2024-03-24,ACCT_00323,PERSON_00302,grocery,9357,VENDOR_089,grocery
TXN_008245,2024-12-16,ACCT_00200,PERSON_00423,transport,38521,VENDOR_037,transport
TXN_008246,2025-09-14,ACCT_00417,PERSON_00076,settlement,865332,PERSON_00231,wholesale goods
TXN_008247,2024-03-07,ACCT_00021,PERSON_00367,grocery,36942,VENDOR_057,grocery
TXN_008248,2021-02-20,ACCT_00351,PERSON_00163,restaurant,31797,VENDOR_055,restaurant
TXN_008249,2021-06-19,ACCT_00402,PERSON_00345,cash withdrawal,30488,VENDOR_095,cash withdrawal
TXN_008250,2022-01-07,ACCT_00336,PERSON_00068,cash deposit,585659,PERSON_00227,site material settlement
TXN_008251,2022-08-03,ACCT_00167,PERSON_00088,festival advance,118266,VENDOR_087,legitimate cash-intensive retail/festival activity
TXN_008252,2021-08-13,ACCT_00031,PERSON_00223,cash withdrawal,83772,PERSON_00262,site material settlement
TXN_008253,2025-11-26,ACCT_00001,PERSON_00033,vendor payment,649502,PERSON_00281,registration/document fee
TXN_008254,2022-05-04,ACCT_00022,PERSON_00372,rent,38958,VENDOR_061,rent
TXN_008255,2024-08-09,ACCT_00416,PERSON_00043,school fee,12771,VENDOR_085,school fee
TXN_008256,2021-07-27,ACCT_00167,PERSON_00088,gold purchase,220294,VENDOR_097,legitimate cash-intensive retail/festival activity
TXN_008257,2021-06-03,ACCT_00050,PERSON_00008,rent,24516,VENDOR_060,rent
TXN_008258,2023-12-03,ACCT_00369,PERSON_00433,grocery,32766,VENDOR_006,grocery
TXN_008259,2021-06-24,ACCT_00275,PERSON_00304,utility,749,VENDOR_080,utility
TXN_008260,2024-02-10,ACCT_00001,PERSON_00033,wholesale jewellery,50341,VENDOR_096,legitimate cash-intensive retail/festival activity
TXN_008261,2023-03-26,ACCT_00451,PERSON_00281,fuel,42058,VENDOR_062,fuel
TXN_008262,2023-03-03,ACCT_00035,PERSON_00228,school fee,23674,VENDOR_018,school fee
TXN_008263,2021-06-18,ACCT_00265,PERSON_00093,fuel,20864,VENDOR_039,fuel
TXN_008264,2021-07-17,ACCT_00415,PERSON_00309,invoice,851979,PERSON_00015,freight settlement
TXN_008265,2023-01-23,ACCT_00478,PERSON_00218,rent,14690,VENDOR_022,rent
TXN_008266,2021-07-27,ACCT_00150,PERSON_00231,transfer,880776,PERSON_00185,wholesale goods
TXN_008267,2025-03-21,ACCT_00053,PERSON_00152,vendor payment,672358,PERSON_00203,service commission
TXN_008268,2021-03-16,ACCT_00124,PERSON_00270,salary,22636,VENDOR_054,salary
TXN_008269,2026-01-03,ACCT_00383,PERSON_00347,festival advance,300390,VENDOR_049,legitimate cash-intensive retail/festival activity
TXN_008270,2025-02-19,ACCT_00403,PERSON_00258,grocery,36449,VENDOR_004,grocery
TXN_008271,2026-02-26,ACCT_00103,PERSON_00323,cash withdrawal,37605,VENDOR_062,cash withdrawal
TXN_008272,2022-02-14,ACCT_00374,PERSON_00320,rent,6221,VENDOR_098,rent
TXN_008273,2026-05-01,ACCT_00049,PERSON_00260,invoice,350709,PERSON_00124,freight settlement
TXN_008274,2025-05-14,ACCT_00246,PERSON_00244,wholesale jewellery,315490,VENDOR_073,legitimate cash-intensive retail/festival activity
TXN_008275,2021-11-15,ACCT_00277,PERSON_00182,cash withdrawal,7754,VENDOR_098,cash withdrawal
TXN_008276,2024-01-21,ACCT_00052,PERSON_00438,school fee,25535,VENDOR_005,school fee
TXN_008277,2025-07-29,ACCT_00184,PERSON_00343,fuel,38719,VENDOR_057,fuel
TXN_008278,2025-01-13,ACCT_00001,PERSON_00033,gold purchase,34331,VENDOR_089,legitimate cash-intensive retail/festival activity
TXN_008279,2022-08-12,ACCT_00170,PERSON_00123,cash withdrawal,43021,VENDOR_099,cash withdrawal
TXN_008280,2021-08-31,ACCT_00256,PERSON_00309,settlement,166954,PERSON_00014,freight settlement
TXN_008281,2022-12-04,ACCT_00407,PERSON_00011,invoice,134027,PERSON_00159,premium settlement
TXN_008282,2022-07-04,ACCT_00319,PERSON_00404,shopping,12863,VENDOR_100,shopping
TXN_008283,2022-02-09,ACCT_00375,PERSON_00403,salary,2512,VENDOR_076,salary
TXN_008284,2021-03-09,ACCT_00388,PERSON_00149,rent,24723,VENDOR_083,rent
TXN_008285,2024-12-23,ACCT_00175,PERSON_00207,grocery,20146,VENDOR_028,grocery
TXN_008286,2024-03-11,ACCT_00451,PERSON_00281,restaurant,28543,VENDOR_021,restaurant
TXN_008287,2026-02-26,ACCT_00066,PERSON_00004,shopping,43460,VENDOR_096,shopping
TXN_008288,2021-05-10,ACCT_00427,PERSON_00109,transport,25863,VENDOR_090,transport
TXN_008289,2022-02-26,ACCT_00046,PERSON_00183,shopping,17118,VENDOR_035,shopping
TXN_008290,2026-05-23,ACCT_00126,PERSON_00062,salary,10051,VENDOR_048,salary
TXN_008291,2023-01-27,ACCT_00001,PERSON_00033,supplier settlement,374943,VENDOR_059,legitimate cash-intensive retail/festival activity
TXN_008292,2021-12-10,ACCT_00227,PERSON_00023,cash deposit,364151,VENDOR_096,legitimate cash-intensive retail/festival activity
TXN_008293,2026-06-01,ACCT_00472,PERSON_00278,transport,39912,VENDOR_052,transport
TXN_008294,2024-07-15,ACCT_00342,PERSON_00045,grocery,26068,VENDOR_063,grocery
TXN_008295,2026-03-24,ACCT_00362,PERSON_00147,invoice,525624,PERSON_00425,transport settlement
TXN_008296,2023-12-15,ACCT_00423,PERSON_00439,rent,13765,VENDOR_099,rent
TXN_008297,2021-06-03,ACCT_00223,PERSON_00298,fuel,18761,VENDOR_007,fuel
TXN_008298,2023-03-29,ACCT_00028,PERSON_00059,supplier settlement,353817,VENDOR_093,legitimate cash-intensive retail/festival activity
TXN_008299,2025-11-06,ACCT_00142,PERSON_00179,gold purchase,426655,VENDOR_007,legitimate cash-intensive retail/festival activity
TXN_000344,2023-04-22,ACCT_00451,PERSON_00281,transfer,37117,PERSON_00010,intermediary settlement
TXN_008301,2024-10-24,ACCT_00337,PERSON_00279,mobile recharge,4419,VENDOR_091,mobile recharge
TXN_008302,2026-01-25,ACCT_00217,PERSON_00284,settlement,262501,PERSON_00243,service commission
TXN_008303,2023-10-09,ACCT_00111,PERSON_00144,salary,42144,VENDOR_014,salary
TXN_008304,2023-05-25,ACCT_00239,PERSON_00401,cash withdrawal,8805,VENDOR_100,cash withdrawal
TXN_008305,2021-01-03,ACCT_00039,PERSON_00078,salary,44570,VENDOR_064,salary
TXN_008306,2023-04-28,ACCT_00229,PERSON_00094,grocery,29721,VENDOR_026,grocery
TXN_008307,2023-09-22,ACCT_00017,PERSON_00088,supplier settlement,420323,Festival Jewel Mart,legitimate cash-intensive retail/festival activity
TXN_008308,2021-04-25,ACCT_00017,PERSON_00088,supplier settlement,198590,VENDOR_069,legitimate cash-intensive retail/festival activity
TXN_008309,2023-01-11,ACCT_00178,PERSON_00413,grocery,22906,VENDOR_021,grocery
TXN_008310,2025-01-31,ACCT_00438,PERSON_00074,cash deposit,56195,VENDOR_079,legitimate cash-intensive retail/festival activity
TXN_008311,2024-09-24,ACCT_00444,PERSON_00051,fuel,29953,VENDOR_079,fuel
TXN_008312,2024-03-19,ACCT_00414,PERSON_00130,grocery,25703,VENDOR_075,grocery
TXN_008313,2023-01-05,ACCT_00037,PERSON_00113,supplier settlement,360966,VENDOR_033,legitimate cash-intensive retail/festival activity
TXN_008314,2025-01-30,ACCT_00407,PERSON_00011,supplier settlement,311368,VENDOR_085,legitimate cash-intensive retail/festival activity
TXN_008315,2023-02-14,ACCT_00102,PERSON_00173,fuel,26833,VENDOR_021,fuel
TXN_008316,2024-07-21,ACCT_00316,PERSON_00237,transfer,828834,PERSON_00179,registration/document fee
TXN_008317,2025-02-04,ACCT_00338,PERSON_00118,grocery,24986,VENDOR_004,grocery
TXN_008318,2025-02-23,ACCT_00049,PERSON_00260,grocery,35519,VENDOR_087,grocery
TXN_008319,2025-01-20,ACCT_00084,PERSON_00133,school fee,39161,VENDOR_077,school fee
TXN_008320,2021-11-01,ACCT_00132,PERSON_00100,salary,22210,VENDOR_084,salary
TXN_008321,2023-09-23,ACCT_00189,PERSON_00373,shopping,28069,VENDOR_038,shopping
TXN_008322,2022-09-14,ACCT_00259,PERSON_00166,grocery,14371,VENDOR_079,grocery
TXN_008323,2021-06-08,ACCT_00003,PERSON_00434,grocery,369,VENDOR_070,grocery
TXN_008324,2024-08-18,ACCT_00381,PERSON_00200,shopping,5396,VENDOR_079,shopping
TXN_008325,2023-04-07,ACCT_00412,PERSON_00089,grocery,901,VENDOR_068,grocery
TXN_008326,2024-02-21,ACCT_00407,PERSON_00011,invoice,77932,PERSON_00159,premium settlement
TXN_008327,2023-01-09,ACCT_00032,PERSON_00065,medical,9235,VENDOR_089,medical
TXN_008328,2021-11-29,ACCT_00211,PERSON_00039,mobile recharge,17670,VENDOR_034,mobile recharge
TXN_008329,2023-08-05,ACCT_00220,PERSON_00259,transfer,388897,PERSON_00311,premium settlement
TXN_008330,2022-05-30,ACCT_00426,PERSON_00322,cash withdrawal,707243,PERSON_00290,registration/document fee
TXN_008331,2021-09-20,ACCT_00147,PERSON_00214,rent,22151,VENDOR_004,rent
TXN_008332,2025-09-22,ACCT_00001,PERSON_00033,cash deposit,201823,Family Gold Traders,legitimate cash-intensive retail/festival activity
TXN_008333,2022-08-19,ACCT_00246,PERSON_00244,wholesale jewellery,46117,VENDOR_066,legitimate cash-intensive retail/festival activity
TXN_008334,2023-12-22,ACCT_00377,PERSON_00417,festival advance,38641,VENDOR_012,legitimate cash-intensive retail/festival activity
TXN_008335,2025-11-05,ACCT_00433,PERSON_00116,cash withdrawal,12394,VENDOR_049,cash withdrawal
TXN_008336,2022-04-26,ACCT_00202,PERSON_00149,transfer,559220,PERSON_00081,vehicle advance
TXN_008337,2024-08-31,ACCT_00448,PERSON_00032,fuel,12479,VENDOR_005,fuel
TXN_008338,2022-09-14,ACCT_00192,PERSON_00405,cash deposit,791014,PERSON_00048,site material settlement
TXN_008339,2021-07-02,ACCT_00142,PERSON_00179,gold purchase,286345,VENDOR_056,legitimate cash-intensive retail/festival activity
TXN_008340,2024-08-20,ACCT_00363,PERSON_00122,salary,24725,VENDOR_046,salary
TXN_008341,2022-12-15,ACCT_00001,PERSON_00033,supplier settlement,425378,Family Gold Traders,legitimate cash-intensive retail/festival activity
TXN_008342,2025-04-25,ACCT_00090,PERSON_00084,salary,28915,VENDOR_049,salary
TXN_008343,2021-12-27,ACCT_00242,PERSON_00124,cash withdrawal,17066,VENDOR_075,cash withdrawal
TXN_008344,2023-06-10,ACCT_00448,PERSON_00032,medical,25620,VENDOR_066,medical
TXN_008345,2024-08-09,ACCT_00281,PERSON_00041,fuel,15343,VENDOR_025,fuel
TXN_008346,2024-10-31,ACCT_00085,PERSON_00370,cash deposit,370107,PERSON_00430,service commission
TXN_008347,2024-04-10,ACCT_00234,PERSON_00158,cash withdrawal,44531,VENDOR_010,cash withdrawal
TXN_008348,2023-08-19,ACCT_00106,PERSON_00314,medical,6048,VENDOR_014,medical
TXN_008349,2023-05-18,ACCT_00046,PERSON_00183,grocery,24066,VENDOR_100,grocery
TXN_008350,2021-01-03,ACCT_00383,PERSON_00347,festival advance,214161,VENDOR_010,legitimate cash-intensive retail/festival activity
TXN_008351,2022-02-12,ACCT_00407,PERSON_00011,transport,7993,VENDOR_098,transport
TXN_008352,2024-03-10,ACCT_00339,PERSON_00426,fuel,21521,VENDOR_072,fuel
TXN_008353,2022-12-03,ACCT_00123,PERSON_00277,transport,24670,VENDOR_020,transport
TXN_008354,2025-08-28,ACCT_00345,PERSON_00064,cash withdrawal,30483,VENDOR_063,cash withdrawal
TXN_008355,2022-07-20,ACCT_00289,PERSON_00131,vendor payment,257703,PERSON_00009,consultancy settlement
TXN_008356,2023-07-18,ACCT_00438,PERSON_00074,wholesale jewellery,403464,VENDOR_041,legitimate cash-intensive retail/festival activity
TXN_008357,2024-11-13,ACCT_00380,PERSON_00178,vendor payment,508286,PERSON_00057,premium settlement
TXN_008358,2021-07-01,ACCT_00202,PERSON_00149,settlement,116722,PERSON_00405,vehicle advance
TXN_008359,2025-03-17,ACCT_00278,PERSON_00301,school fee,24152,VENDOR_053,school fee
TXN_008360,2025-10-28,ACCT_00372,PERSON_00028,rent,27304,VENDOR_046,rent
TXN_008361,2021-03-25,ACCT_00028,PERSON_00059,gold purchase,179731,VENDOR_016,legitimate cash-intensive retail/festival activity
TXN_008362,2024-03-08,ACCT_00319,PERSON_00404,grocery,18395,VENDOR_017,grocery
TXN_008363,2026-03-15,ACCT_00360,PERSON_00192,transfer,31147,PERSON_00184,wholesale goods
TXN_008364,2023-12-05,ACCT_00223,PERSON_00298,cash withdrawal,37422,VENDOR_011,cash withdrawal
TXN_008365,2025-01-16,ACCT_00330,PERSON_00038,rent,14345,VENDOR_042,rent
TXN_008366,2021-08-18,ACCT_00158,PERSON_00002,rent,37615,VENDOR_048,rent
TXN_008367,2021-01-12,ACCT_00245,PERSON_00151,settlement,111325,PERSON_00239,consultancy settlement
TXN_008368,2024-05-07,ACCT_00142,PERSON_00179,festival advance,147029,VENDOR_054,legitimate cash-intensive retail/festival activity
TXN_008369,2021-05-07,ACCT_00138,PERSON_00381,grocery,16667,VENDOR_015,grocery
TXN_008370,2021-03-11,ACCT_00429,PERSON_00382,fuel,32311,VENDOR_068,fuel
TXN_008371,2022-06-05,ACCT_00001,PERSON_00033,cash deposit,118552,VENDOR_057,legitimate cash-intensive retail/festival activity
TXN_008372,2021-06-21,ACCT_00019,PERSON_00175,restaurant,40960,VENDOR_080,restaurant
TXN_008373,2023-05-02,ACCT_00426,PERSON_00322,shopping,28684,VENDOR_033,shopping
TXN_008374,2024-01-30,ACCT_00060,PERSON_00435,shopping,28423,VENDOR_015,shopping
TXN_008375,2023-02-27,ACCT_00300,PERSON_00272,invoice,534590,PERSON_00225,consultancy settlement
TXN_008376,2024-10-23,ACCT_00284,PERSON_00238,cash withdrawal,8704,VENDOR_001,cash withdrawal
TXN_008377,2026-01-12,ACCT_00198,PERSON_00359,transport,38646,VENDOR_097,transport
TXN_008378,2024-09-09,ACCT_00395,PERSON_00269,rent,41867,VENDOR_064,rent
TXN_008379,2021-05-04,ACCT_00322,PERSON_00429,salary,33674,VENDOR_099,salary
TXN_008380,2023-03-17,ACCT_00014,PERSON_00088,wholesale jewellery,303388,VENDOR_004,legitimate cash-intensive retail/festival activity
TXN_008381,2021-10-16,ACCT_00450,PERSON_00445,cash withdrawal,25560,VENDOR_091,cash withdrawal
TXN_008382,2023-02-16,ACCT_00394,PERSON_00187,fuel,36647,VENDOR_019,fuel
TXN_008383,2023-06-23,ACCT_00285,PERSON_00203,settlement,259536,PERSON_00130,service commission
TXN_008384,2021-08-03,ACCT_00377,PERSON_00417,cash withdrawal,530833,PERSON_00185,wholesale goods
TXN_008385,2026-06-05,ACCT_00347,PERSON_00291,cash withdrawal,441155,PERSON_00438,vehicle advance
TXN_008386,2023-11-16,ACCT_00343,PERSON_00303,grocery,2609,VENDOR_086,grocery
TXN_008387,2025-12-20,ACCT_00031,PERSON_00223,shopping,1507,VENDOR_003,shopping
TXN_008388,2021-01-24,ACCT_00315,PERSON_00202,rent,23896,VENDOR_033,rent
TXN_008389,2024-12-07,ACCT_00079,PERSON_00266,cash withdrawal,11947,VENDOR_098,cash withdrawal
TXN_008390,2023-06-19,ACCT_00162,PERSON_00376,rent,35946,VENDOR_023,rent
TXN_008391,2025-08-12,ACCT_00303,PERSON_00442,rent,30410,VENDOR_091,rent
TXN_008392,2021-03-05,ACCT_00355,PERSON_00263,cash withdrawal,12910,VENDOR_089,cash withdrawal
TXN_008393,2026-04-29,ACCT_00215,PERSON_00078,mobile recharge,24895,VENDOR_006,mobile recharge
TXN_008394,2024-10-16,ACCT_00252,PERSON_00447,cash withdrawal,34238,VENDOR_026,cash withdrawal
TXN_008395,2021-03-02,ACCT_00390,PERSON_00049,invoice,897835,PERSON_00036,event services
TXN_008396,2025-04-25,ACCT_00209,PERSON_00227,restaurant,41507,VENDOR_038,restaurant
TXN_008397,2024-06-05,ACCT_00421,PERSON_00444,vendor payment,744695,PERSON_00097,freight settlement
TXN_008398,2021-12-13,ACCT_00039,PERSON_00078,fuel,5273,VENDOR_048,fuel
TXN_008399,2023-03-28,ACCT_00286,PERSON_00104,cash withdrawal,13248,VENDOR_052,cash withdrawal
TXN_008400,2025-08-02,ACCT_00368,PERSON_00019,cash withdrawal,26636,VENDOR_016,cash withdrawal
TXN_008401,2021-05-27,ACCT_00252,PERSON_00447,shopping,5322,VENDOR_078,shopping
TXN_008402,2021-01-28,ACCT_00069,PERSON_00165,cash withdrawal,707591,PERSON_00147,transport settlement
TXN_008403,2021-11-07,ACCT_00419,PERSON_00380,shopping,9770,VENDOR_042,shopping
TXN_008404,2023-02-12,ACCT_00451,PERSON_00281,settlement,494690,PERSON_00068,site material settlement
TXN_008405,2026-04-17,ACCT_00172,PERSON_00252,cash withdrawal,636090,PERSON_00173,service commission
TXN_008406,2022-03-31,ACCT_00468,PERSON_00398,cash withdrawal,5937,VENDOR_092,cash withdrawal
TXN_008407,2026-01-07,ACCT_00227,PERSON_00023,festival advance,415113,VENDOR_046,legitimate cash-intensive retail/festival activity
TXN_008408,2025-08-25,ACCT_00193,PERSON_00135,shopping,16883,VENDOR_006,shopping
TXN_008409,2025-01-13,ACCT_00369,PERSON_00433,vendor payment,260381,PERSON_00376,site material settlement
TXN_008410,2025-05-06,ACCT_00219,PERSON_00316,rent,41085,VENDOR_015,rent
TXN_008411,2022-10-21,ACCT_00354,PERSON_00164,cash withdrawal,24231,VENDOR_065,cash withdrawal
TXN_008412,2023-12-04,ACCT_00170,PERSON_00123,medical,14310,VENDOR_060,medical
TXN_008413,2023-07-14,ACCT_00176,PERSON_00264,mobile recharge,7668,VENDOR_001,mobile recharge
TXN_008414,2022-09-27,ACCT_00060,PERSON_00435,mobile recharge,22657,VENDOR_020,mobile recharge
TXN_008415,2025-12-08,ACCT_00135,PERSON_00102,medical,16471,VENDOR_032,medical
TXN_008416,2021-04-27,ACCT_00303,PERSON_00442,transport,28641,VENDOR_030,transport
TXN_008417,2022-05-02,ACCT_00116,PERSON_00106,salary,20707,VENDOR_069,salary
TXN_008418,2021-05-25,ACCT_00142,PERSON_00179,festival advance,439436,VENDOR_080,legitimate cash-intensive retail/festival activity
TXN_008419,2024-02-02,ACCT_00188,PERSON_00348,grocery,27866,VENDOR_078,grocery
TXN_008420,2021-03-24,ACCT_00168,PERSON_00415,restaurant,20400,VENDOR_021,restaurant
TXN_008421,2021-08-08,ACCT_00330,PERSON_00038,rent,18681,VENDOR_079,rent
TXN_008422,2024-06-06,ACCT_00139,PERSON_00330,salary,29556,VENDOR_073,salary
TXN_008423,2022-03-03,ACCT_00089,PERSON_00395,vendor payment,303181,PERSON_00071,transport settlement
TXN_008424,2021-06-10,ACCT_00032,PERSON_00065,cash deposit,274386,PERSON_00331,transport settlement
TXN_008425,2022-08-19,ACCT_00167,PERSON_00088,wholesale jewellery,236197,VENDOR_083,legitimate cash-intensive retail/festival activity
TXN_008426,2023-08-21,ACCT_00276,PERSON_00154,restaurant,14876,VENDOR_018,restaurant
TXN_008427,2026-05-08,ACCT_00112,PERSON_00351,cash withdrawal,24862,VENDOR_099,cash withdrawal
TXN_008428,2025-08-25,ACCT_00145,PERSON_00005,cash withdrawal,21827,VENDOR_001,cash withdrawal
TXN_008429,2025-08-07,ACCT_00150,PERSON_00231,cash deposit,888191,PERSON_00306,wholesale goods
TXN_008430,2024-10-04,ACCT_00231,PERSON_00246,invoice,670932,PERSON_00145,site material settlement
TXN_008431,2023-10-29,ACCT_00317,PERSON_00304,salary,14394,VENDOR_051,salary
TXN_008432,2025-05-19,ACCT_00397,PERSON_00052,invoice,136078,PERSON_00448,event services
TXN_008433,2025-10-09,ACCT_00362,PERSON_00147,invoice,98699,PERSON_00284,service commission
TXN_008434,2024-09-27,ACCT_00128,PERSON_00061,transport,4296,VENDOR_061,transport
TXN_008435,2026-03-05,ACCT_00028,PERSON_00059,gold purchase,205747,VENDOR_040,legitimate cash-intensive retail/festival activity
TXN_008436,2026-03-18,ACCT_00177,PERSON_00209,school fee,28660,VENDOR_031,school fee
TXN_008437,2025-04-21,ACCT_00157,PERSON_00317,salary,37714,VENDOR_041,salary
TXN_008438,2022-12-02,ACCT_00014,PERSON_00088,gold purchase,50716,VENDOR_049,legitimate cash-intensive retail/festival activity
TXN_008439,2023-12-31,ACCT_00333,PERSON_00112,salary,30380,VENDOR_094,salary
TXN_008440,2021-10-12,ACCT_00338,PERSON_00118,transport,16181,VENDOR_045,transport
TXN_008441,2021-10-16,ACCT_00263,PERSON_00034,transfer,586478,PERSON_00148,consultancy settlement
TXN_008442,2021-03-21,ACCT_00335,PERSON_00248,cash withdrawal,546278,PERSON_00025,freight settlement
TXN_008443,2022-12-01,ACCT_00028,PERSON_00059,supplier settlement,251589,VENDOR_072,legitimate cash-intensive retail/festival activity
TXN_008444,2024-12-02,ACCT_00392,PERSON_00226,school fee,24011,VENDOR_046,school fee
TXN_008445,2024-11-20,ACCT_00381,PERSON_00200,salary,2771,VENDOR_056,salary
TXN_008446,2025-09-02,ACCT_00349,PERSON_00384,rent,373,VENDOR_045,rent
TXN_008447,2026-05-20,ACCT_00377,PERSON_00417,festival advance,400436,VENDOR_028,legitimate cash-intensive retail/festival activity
TXN_008448,2022-09-29,ACCT_00463,PERSON_00125,transport,35263,VENDOR_080,transport
TXN_008449,2025-11-23,ACCT_00390,PERSON_00049,grocery,28593,VENDOR_019,grocery
TXN_008450,2024-07-12,ACCT_00448,PERSON_00032,cash withdrawal,31461,VENDOR_047,cash withdrawal
TXN_008451,2024-01-02,ACCT_00054,PERSON_00157,fuel,39210,VENDOR_046,fuel
TXN_008452,2022-10-13,ACCT_00325,PERSON_00145,settlement,743361,PERSON_00284,service commission
TXN_008453,2025-04-18,ACCT_00132,PERSON_00100,gold purchase,322903,VENDOR_081,legitimate cash-intensive retail/festival activity
TXN_008454,2026-05-05,ACCT_00277,PERSON_00182,settlement,592978,PERSON_00181,vehicle advance
TXN_008455,2021-01-02,ACCT_00323,PERSON_00302,cash withdrawal,4664,VENDOR_062,cash withdrawal
TXN_008456,2021-12-31,ACCT_00473,PERSON_00121,shopping,42750,VENDOR_032,shopping
TXN_008457,2024-10-03,ACCT_00253,PERSON_00072,transfer,159159,PERSON_00204,consultancy settlement
TXN_008458,2021-07-21,ACCT_00406,PERSON_00250,cash withdrawal,585448,PERSON_00433,site material settlement
TXN_008459,2023-10-03,ACCT_00416,PERSON_00043,fuel,6311,VENDOR_091,fuel
TXN_008460,2024-03-28,ACCT_00143,PERSON_00069,salary,33545,VENDOR_075,salary
TXN_008146,2024-12-03,ACCT_00102,PERSON_00173,transfer,44094,PERSON_00163,intermediary settlement
TXN_008462,2026-02-22,ACCT_00341,PERSON_00310,grocery,11820,VENDOR_074,grocery
TXN_008463,2021-03-13,ACCT_00144,PERSON_00312,vendor payment,734798,PERSON_00362,premium settlement
TXN_008464,2023-04-13,ACCT_00316,PERSON_00237,transfer,555573,PERSON_00135,registration/document fee
TXN_008465,2024-09-30,ACCT_00082,PERSON_00210,settlement,258410,PERSON_00382,vehicle advance
TXN_008466,2024-06-16,ACCT_00067,PERSON_00150,cash withdrawal,39418,VENDOR_072,cash withdrawal
TXN_008467,2025-12-05,ACCT_00004,PERSON_00425,fuel,42291,VENDOR_081,fuel
TXN_008468,2022-06-04,ACCT_00072,PERSON_00418,transport,36446,VENDOR_069,transport
TXN_008469,2021-03-29,ACCT_00297,PERSON_00440,fuel,26151,VENDOR_063,fuel
TXN_008470,2021-05-27,ACCT_00246,PERSON_00244,supplier settlement,132641,VENDOR_095,legitimate cash-intensive retail/festival activity
TXN_008471,2024-02-25,ACCT_00001,PERSON_00033,gold purchase,177789,VENDOR_074,legitimate cash-intensive retail/festival activity
TXN_008472,2025-02-26,ACCT_00431,PERSON_00346,mobile recharge,14031,VENDOR_030,mobile recharge
TXN_008473,2023-08-31,ACCT_00194,PERSON_00077,salary,27903,VENDOR_014,salary
TXN_008474,2023-11-29,ACCT_00239,PERSON_00401,salary,40098,VENDOR_011,salary
TXN_008475,2026-01-05,ACCT_00338,PERSON_00118,fuel,8718,VENDOR_008,fuel
TXN_008476,2022-08-23,ACCT_00145,PERSON_00005,cash withdrawal,707603,PERSON_00072,vehicle advance
TXN_008477,2026-03-20,ACCT_00231,PERSON_00246,mobile recharge,33218,VENDOR_066,mobile recharge
TXN_008478,2024-02-09,ACCT_00308,PERSON_00443,rent,26226,VENDOR_030,rent
TXN_008479,2026-05-26,ACCT_00461,PERSON_00217,cash withdrawal,27547,VENDOR_040,cash withdrawal
TXN_008480,2025-09-27,ACCT_00201,PERSON_00224,cash withdrawal,4670,VENDOR_033,cash withdrawal
TXN_008481,2021-09-26,ACCT_00384,PERSON_00299,medical,43579,VENDOR_033,medical
TXN_008482,2021-03-14,ACCT_00380,PERSON_00178,shopping,13779,VENDOR_078,shopping
TXN_008483,2022-12-16,ACCT_00113,PERSON_00334,rent,35534,VENDOR_071,rent
TXN_008484,2025-10-27,ACCT_00457,PERSON_00300,fuel,33215,VENDOR_099,fuel
TXN_008485,2021-01-31,ACCT_00131,PERSON_00331,mobile recharge,25699,VENDOR_052,mobile recharge
TXN_008486,2023-01-16,ACCT_00387,PERSON_00361,cash withdrawal,13339,VENDOR_066,cash withdrawal
TXN_008487,2021-02-05,ACCT_00037,PERSON_00113,shopping,17469,VENDOR_090,shopping
TXN_008488,2024-03-17,ACCT_00062,PERSON_00388,transfer,865439,PERSON_00069,service commission
TXN_008489,2024-03-07,ACCT_00146,PERSON_00287,salary,7847,VENDOR_094,salary
TXN_008490,2023-06-05,ACCT_00438,PERSON_00074,cash deposit,109555,VENDOR_095,legitimate cash-intensive retail/festival activity
TXN_008491,2022-04-20,ACCT_00113,PERSON_00334,shopping,38293,VENDOR_015,shopping
TXN_008492,2026-05-16,ACCT_00423,PERSON_00439,school fee,39552,VENDOR_033,school fee
TXN_008493,2023-01-23,ACCT_00262,PERSON_00383,rent,16073,VENDOR_095,rent
TXN_008494,2025-07-08,ACCT_00036,PERSON_00087,cash withdrawal,10096,VENDOR_073,cash withdrawal
TXN_008495,2025-04-16,ACCT_00055,PERSON_00013,rent,15408,VENDOR_058,rent
TXN_008496,2025-03-17,ACCT_00058,PERSON_00319,salary,29535,VENDOR_064,salary
TXN_008497,2023-09-24,ACCT_00340,PERSON_00058,mobile recharge,38384,VENDOR_002,mobile recharge
TXN_001529,2023-11-03,ACCT_00102,PERSON_00173,transfer,69684,PERSON_00004,intermediary settlement
TXN_008499,2022-12-13,ACCT_00468,PERSON_00398,invoice,14972,PERSON_00449,transport settlement
TXN_008500,2024-06-27,ACCT_00062,PERSON_00388,transfer,420305,PERSON_00152,service commission
TXN_008501,2022-10-13,ACCT_00423,PERSON_00439,rent,33107,VENDOR_043,rent
TXN_008502,2025-06-30,ACCT_00465,PERSON_00282,cash withdrawal,800929,PERSON_00177,event services
TXN_008503,2021-03-26,ACCT_00365,PERSON_00014,mobile recharge,23996,VENDOR_074,mobile recharge
TXN_008504,2024-04-02,ACCT_00085,PERSON_00370,shopping,37386,VENDOR_030,shopping
TXN_008505,2022-10-29,ACCT_00426,PERSON_00322,grocery,10419,VENDOR_046,grocery
TXN_008506,2021-03-06,ACCT_00093,PERSON_00204,grocery,9894,VENDOR_014,grocery
TXN_008507,2023-06-26,ACCT_00338,PERSON_00118,utility,15475,VENDOR_013,utility
TXN_008508,2021-02-11,ACCT_00426,PERSON_00322,fuel,5898,VENDOR_099,fuel
TXN_008509,2026-02-05,ACCT_00324,PERSON_00283,transport,35065,VENDOR_026,transport
TXN_008510,2022-12-20,ACCT_00315,PERSON_00202,fuel,42503,VENDOR_029,fuel
TXN_008511,2021-12-29,ACCT_00407,PERSON_00011,wholesale jewellery,119268,VENDOR_018,legitimate cash-intensive retail/festival activity
TXN_008512,2022-10-15,ACCT_00008,PERSON_00069,salary,14948,VENDOR_007,salary
TXN_008513,2021-06-25,ACCT_00232,PERSON_00416,restaurant,35370,VENDOR_057,restaurant
TXN_008514,2025-10-27,ACCT_00374,PERSON_00320,cash deposit,111005,PERSON_00445,service commission
TXN_008515,2023-06-06,ACCT_00166,PERSON_00272,vendor payment,563007,PERSON_00034,consultancy settlement
TXN_008516,2023-01-09,ACCT_00171,PERSON_00370,invoice,149633,PERSON_00101,service commission
TXN_008517,2024-08-10,ACCT_00227,PERSON_00023,utility,30779,VENDOR_081,utility
TXN_008518,2023-08-14,ACCT_00396,PERSON_00115,fuel,19555,VENDOR_069,fuel
TXN_008519,2025-03-17,ACCT_00229,PERSON_00094,cash deposit,695145,PERSON_00048,site material settlement
TXN_008520,2021-04-17,ACCT_00217,PERSON_00284,cash withdrawal,368181,PERSON_00445,service commission
TXN_008521,2023-09-15,ACCT_00138,PERSON_00381,settlement,179396,PERSON_00232,freight settlement
TXN_008522,2022-02-07,ACCT_00250,PERSON_00253,mobile recharge,43394,VENDOR_047,mobile recharge
TXN_008523,2025-03-02,ACCT_00019,PERSON_00175,fuel,9657,VENDOR_076,fuel
TXN_008524,2024-10-31,ACCT_00381,PERSON_00200,medical,30167,VENDOR_089,medical
TXN_008525,2023-11-04,ACCT_00325,PERSON_00145,grocery,5451,VENDOR_066,grocery
TXN_008526,2026-01-27,ACCT_00462,PERSON_00186,fuel,2240,VENDOR_085,fuel
TXN_008527,2024-02-12,ACCT_00223,PERSON_00298,shopping,37781,VENDOR_037,shopping
TXN_008528,2024-08-09,ACCT_00374,PERSON_00320,rent,26079,VENDOR_037,rent
TXN_008529,2026-01-20,ACCT_00207,PERSON_00239,cash withdrawal,651947,PERSON_00127,consultancy settlement
TXN_008530,2025-09-24,ACCT_00264,PERSON_00015,mobile recharge,21925,VENDOR_010,mobile recharge
TXN_008531,2026-05-01,ACCT_00429,PERSON_00382,grocery,2527,VENDOR_098,grocery
TXN_008532,2021-03-07,ACCT_00412,PERSON_00089,grocery,5321,VENDOR_002,grocery
TXN_008533,2022-04-24,ACCT_00190,PERSON_00271,mobile recharge,22935,VENDOR_005,mobile recharge
TXN_008534,2024-04-16,ACCT_00158,PERSON_00002,fuel,14109,VENDOR_022,fuel
TXN_008535,2022-03-02,ACCT_00393,PERSON_00408,grocery,41728,VENDOR_100,grocery
TXN_008536,2021-10-17,ACCT_00037,PERSON_00113,cash deposit,429414,VENDOR_077,legitimate cash-intensive retail/festival activity
TXN_008537,2023-04-02,ACCT_00353,PERSON_00411,grocery,28089,VENDOR_100,grocery
TXN_008538,2024-04-03,ACCT_00269,PERSON_00101,settlement,53211,PERSON_00069,service commission
TXN_008539,2024-06-04,ACCT_00246,PERSON_00244,gold purchase,430823,VENDOR_035,legitimate cash-intensive retail/festival activity
TXN_008540,2023-03-10,ACCT_00265,PERSON_00093,transport,17042,VENDOR_002,transport
TXN_008541,2022-04-10,ACCT_00340,PERSON_00058,cash withdrawal,15538,VENDOR_086,cash withdrawal
TXN_008542,2021-09-04,ACCT_00246,PERSON_00244,cash deposit,156441,VENDOR_074,legitimate cash-intensive retail/festival activity
TXN_008543,2024-04-26,ACCT_00480,PERSON_00040,restaurant,7451,VENDOR_007,restaurant
TXN_008544,2022-09-01,ACCT_00158,PERSON_00002,school fee,6209,VENDOR_052,school fee
TXN_008545,2024-10-31,ACCT_00448,PERSON_00032,cash deposit,461395,PERSON_00009,consultancy settlement
TXN_008546,2026-01-27,ACCT_00020,PERSON_00143,mobile recharge,3357,VENDOR_016,mobile recharge
TXN_008547,2024-03-28,ACCT_00268,PERSON_00422,shopping,3340,VENDOR_095,shopping
TXN_008548,2025-06-09,ACCT_00060,PERSON_00435,shopping,28464,VENDOR_076,shopping
TXN_008549,2023-01-20,ACCT_00112,PERSON_00351,utility,13506,VENDOR_062,utility
TXN_008550,2024-07-28,ACCT_00275,PERSON_00304,transport,4689,VENDOR_031,transport
TXN_008551,2021-01-04,ACCT_00360,PERSON_00192,grocery,7866,VENDOR_010,grocery
TXN_008552,2021-04-08,ACCT_00250,PERSON_00253,salary,18926,VENDOR_024,salary
TXN_008553,2025-09-08,ACCT_00383,PERSON_00347,restaurant,21917,VENDOR_040,restaurant
TXN_008554,2021-01-13,ACCT_00228,PERSON_00098,transport,19003,VENDOR_051,transport
TXN_008555,2021-12-19,ACCT_00275,PERSON_00304,rent,18001,VENDOR_086,rent
TXN_008556,2021-11-11,ACCT_00306,PERSON_00330,transport,42782,VENDOR_033,transport
TXN_004324,2023-01-06,ACCT_00451,PERSON_00281,transfer,82705,PERSON_00400,intermediary settlement
TXN_008558,2021-06-15,ACCT_00416,PERSON_00043,cash deposit,113314,PERSON_00078,wholesale goods
TXN_008559,2025-12-11,ACCT_00009,PERSON_00057,rent,43835,VENDOR_050,rent
TXN_008560,2025-03-24,ACCT_00144,PERSON_00312,invoice,548651,PERSON_00378,vehicle advance
TXN_008561,2026-02-02,ACCT_00321,PERSON_00167,utility,23887,VENDOR_063,utility
TXN_008562,2024-10-01,ACCT_00438,PERSON_00074,school fee,28602,VENDOR_039,school fee
TXN_008563,2025-11-07,ACCT_00264,PERSON_00015,vendor payment,80240,PERSON_00053,freight settlement
TXN_008564,2025-10-01,ACCT_00314,PERSON_00189,shopping,11732,VENDOR_008,shopping
TXN_008565,2021-09-21,ACCT_00246,PERSON_00244,festival advance,14639,VENDOR_031,legitimate cash-intensive retail/festival activity
TXN_008566,2026-06-27,ACCT_00246,PERSON_00244,cash deposit,101373,VENDOR_079,legitimate cash-intensive retail/festival activity
TXN_008567,2023-08-23,ACCT_00463,PERSON_00125,salary,20778,VENDOR_027,salary
TXN_008568,2022-04-21,ACCT_00047,PERSON_00409,settlement,384809,PERSON_00411,event services
TXN_008569,2021-03-14,ACCT_00312,PERSON_00295,fuel,12808,VENDOR_085,fuel
TXN_008570,2022-10-23,ACCT_00057,PERSON_00311,settlement,452197,PERSON_00312,premium settlement
TXN_008571,2024-04-28,ACCT_00173,PERSON_00146,cash deposit,701736,PERSON_00400,registration/document fee
TXN_008572,2024-08-28,ACCT_00136,PERSON_00042,shopping,29113,VENDOR_021,shopping
TXN_008573,2023-02-13,ACCT_00197,PERSON_00169,invoice,864160,PERSON_00387,consultancy settlement
TXN_008574,2024-01-18,ACCT_00259,PERSON_00166,fuel,36746,VENDOR_063,fuel
TXN_008575,2023-06-23,ACCT_00011,PERSON_00010,shopping,39587,VENDOR_070,shopping
TXN_008576,2022-02-22,ACCT_00203,PERSON_00365,utility,27310,VENDOR_023,utility
TXN_008577,2022-12-26,ACCT_00112,PERSON_00351,mobile recharge,4251,VENDOR_035,mobile recharge
TXN_008578,2022-12-29,ACCT_00394,PERSON_00187,medical,19303,VENDOR_051,medical
TXN_008579,2025-10-05,ACCT_00266,PERSON_00402,cash deposit,536447,PERSON_00393,vehicle advance
TXN_000504,2023-02-14,ACCT_00451,PERSON_00281,transfer,107499,PERSON_00281,intermediary settlement
TXN_008581,2021-11-07,ACCT_00215,PERSON_00078,grocery,926,VENDOR_025,grocery
TXN_008582,2025-03-30,ACCT_00353,PERSON_00411,grocery,27449,VENDOR_016,grocery
TXN_008583,2023-07-09,ACCT_00390,PERSON_00049,invoice,768049,PERSON_00125,event services
TXN_008584,2023-04-08,ACCT_00069,PERSON_00165,cash deposit,795290,PERSON_00147,transport settlement
TXN_008585,2021-04-26,ACCT_00228,PERSON_00098,rent,2682,VENDOR_047,rent
TXN_008586,2024-10-15,ACCT_00267,PERSON_00029,utility,17573,VENDOR_054,utility
TXN_008587,2021-06-23,ACCT_00466,PERSON_00252,grocery,18045,VENDOR_070,grocery
TXN_008588,2022-11-29,ACCT_00298,PERSON_00371,restaurant,31588,VENDOR_032,restaurant
TXN_008589,2022-12-10,ACCT_00336,PERSON_00068,shopping,22209,VENDOR_089,shopping
TXN_008590,2022-06-07,ACCT_00089,PERSON_00395,salary,39416,VENDOR_017,salary
TXN_008591,2023-09-01,ACCT_00372,PERSON_00028,mobile recharge,3258,VENDOR_009,mobile recharge
TXN_008592,2022-08-19,ACCT_00140,PERSON_00180,grocery,41380,VENDOR_072,grocery
TXN_008593,2025-04-17,ACCT_00006,PERSON_00424,shopping,20355,VENDOR_020,shopping
TXN_008594,2021-04-26,ACCT_00174,PERSON_00414,transport,22046,VENDOR_078,transport
TXN_008595,2021-06-27,ACCT_00417,PERSON_00076,settlement,248057,PERSON_00360,wholesale goods
TXN_008596,2021-04-19,ACCT_00393,PERSON_00408,restaurant,19675,VENDOR_003,restaurant
TXN_008597,2025-05-27,ACCT_00001,PERSON_00033,supplier settlement,389093,VENDOR_084,legitimate cash-intensive retail/festival activity
TXN_008598,2022-11-04,ACCT_00439,PERSON_00385,rent,30327,VENDOR_001,rent
TXN_008599,2022-05-20,ACCT_00208,PERSON_00368,rent,43394,VENDOR_066,rent
TXN_008600,2026-05-10,ACCT_00445,PERSON_00259,school fee,26718,VENDOR_049,school fee
TXN_008601,2024-07-09,ACCT_00448,PERSON_00032,medical,43250,VENDOR_083,medical
TXN_008602,2022-05-27,ACCT_00311,PERSON_00006,shopping,27943,VENDOR_060,shopping
TXN_008603,2025-03-16,ACCT_00248,PERSON_00025,grocery,43547,VENDOR_086,grocery
TXN_008604,2024-05-28,ACCT_00002,PERSON_00337,invoice,53311,PERSON_00171,wholesale goods
TXN_008605,2022-06-21,ACCT_00210,PERSON_00290,grocery,23898,VENDOR_095,grocery
TXN_008606,2023-07-20,ACCT_00142,PERSON_00179,gold purchase,220753,VENDOR_015,legitimate cash-intensive retail/festival activity
TXN_008607,2026-06-21,ACCT_00222,PERSON_00226,grocery,23640,VENDOR_013,grocery
TXN_008608,2023-06-04,ACCT_00241,PERSON_00430,shopping,15718,VENDOR_009,shopping
TXN_008609,2021-05-23,ACCT_00406,PERSON_00250,cash withdrawal,720,VENDOR_046,cash withdrawal
TXN_008610,2024-07-03,ACCT_00336,PERSON_00068,fuel,29335,VENDOR_004,fuel
TXN_008611,2021-12-15,ACCT_00037,PERSON_00113,gold purchase,430164,VENDOR_077,legitimate cash-intensive retail/festival activity
TXN_008612,2023-09-17,ACCT_00434,PERSON_00342,transport,13559,VENDOR_064,transport
TXN_008613,2023-10-20,ACCT_00126,PERSON_00062,cash withdrawal,189452,PERSON_00402,vehicle advance
TXN_008614,2026-03-04,ACCT_00088,PERSON_00155,medical,23542,VENDOR_035,medical
TXN_008615,2025-02-04,ACCT_00342,PERSON_00045,mobile recharge,11425,VENDOR_055,mobile recharge
TXN_008616,2025-07-12,ACCT_00207,PERSON_00239,medical,14530,VENDOR_076,medical
TXN_008617,2022-10-14,ACCT_00001,PERSON_00033,gold purchase,226846,VENDOR_047,legitimate cash-intensive retail/festival activity
TXN_008618,2022-01-16,ACCT_00282,PERSON_00436,cash withdrawal,646830,PERSON_00012,site material settlement
TXN_008619,2022-07-25,ACCT_00287,PERSON_00071,fuel,16256,VENDOR_031,fuel
TXN_008620,2026-06-27,ACCT_00256,PERSON_00309,mobile recharge,43629,VENDOR_076,mobile recharge
TXN_008621,2025-02-10,ACCT_00463,PERSON_00125,school fee,38241,VENDOR_032,school fee
TXN_008622,2023-08-06,ACCT_00416,PERSON_00043,restaurant,2379,VENDOR_014,restaurant
TXN_008623,2021-03-03,ACCT_00095,PERSON_00012,cash deposit,414350,PERSON_00433,site material settlement
TXN_008624,2026-05-30,ACCT_00304,PERSON_00280,transport,25317,VENDOR_050,transport
TXN_008625,2021-03-03,ACCT_00419,PERSON_00380,mobile recharge,31163,VENDOR_072,mobile recharge
TXN_008626,2024-11-16,ACCT_00282,PERSON_00436,cash withdrawal,449984,PERSON_00048,site material settlement
TXN_008627,2022-01-03,ACCT_00017,PERSON_00088,gold purchase,111895,VENDOR_010,legitimate cash-intensive retail/festival activity
TXN_008628,2021-09-18,ACCT_00165,PERSON_00242,shopping,5602,VENDOR_004,shopping
TXN_008629,2021-07-25,ACCT_00350,PERSON_00059,festival advance,449008,VENDOR_067,legitimate cash-intensive retail/festival activity
TXN_008630,2023-06-29,ACCT_00179,PERSON_00332,salary,30480,VENDOR_097,salary
TXN_008631,2024-01-05,ACCT_00448,PERSON_00032,mobile recharge,26586,VENDOR_040,mobile recharge
TXN_008632,2021-04-13,ACCT_00457,PERSON_00300,settlement,418415,PERSON_00438,vehicle advance
TXN_008633,2024-12-03,ACCT_00018,PERSON_00156,utility,22906,VENDOR_066,utility
TXN_008634,2023-10-20,ACCT_00065,PERSON_00014,mobile recharge,5171,VENDOR_058,mobile recharge
TXN_008635,2022-07-04,ACCT_00259,PERSON_00166,settlement,689569,PERSON_00069,service commission
TXN_008636,2023-01-03,ACCT_00420,PERSON_00159,vendor payment,284613,PERSON_00057,premium settlement
TXN_008637,2024-03-11,ACCT_00460,PERSON_00336,invoice,200104,PERSON_00306,wholesale goods
TXN_008638,2024-10-17,ACCT_00276,PERSON_00154,mobile recharge,42368,VENDOR_043,mobile recharge
TXN_008639,2023-04-24,ACCT_00351,PERSON_00163,shopping,30864,VENDOR_100,shopping
TXN_008640,2025-04-23,ACCT_00404,PERSON_00134,cash withdrawal,29790,VENDOR_092,cash withdrawal
TXN_008641,2024-06-30,ACCT_00183,PERSON_00286,fuel,7062,VENDOR_070,fuel
TXN_008642,2022-07-01,ACCT_00348,PERSON_00055,utility,17790,VENDOR_003,utility
TXN_008643,2021-12-28,ACCT_00335,PERSON_00248,cash withdrawal,642462,PERSON_00444,freight settlement
TXN_008644,2024-08-05,ACCT_00154,PERSON_00117,grocery,33651,VENDOR_041,grocery
TXN_008645,2022-04-30,ACCT_00215,PERSON_00078,restaurant,29996,VENDOR_091,restaurant
TXN_008646,2024-11-11,ACCT_00227,PERSON_00023,gold purchase,379328,VENDOR_050,legitimate cash-intensive retail/festival activity
TXN_008647,2022-08-26,ACCT_00383,PERSON_00347,wholesale jewellery,190749,VENDOR_042,legitimate cash-intensive retail/festival activity
TXN_008648,2026-06-05,ACCT_00325,PERSON_00145,vendor payment,559675,PERSON_00085,site material settlement
TXN_008649,2025-11-09,ACCT_00097,PERSON_00105,invoice,778950,PERSON_00322,registration/document fee
TXN_008650,2026-03-06,ACCT_00407,PERSON_00011,gold purchase,174646,VENDOR_091,legitimate cash-intensive retail/festival activity
TXN_008651,2025-04-18,ACCT_00469,PERSON_00060,grocery,43962,VENDOR_019,grocery
TXN_008652,2025-04-08,ACCT_00480,PERSON_00040,cash withdrawal,3554,VENDOR_080,cash withdrawal
TXN_008653,2023-06-07,ACCT_00067,PERSON_00150,cash withdrawal,38854,VENDOR_065,cash withdrawal
TXN_008654,2025-10-07,ACCT_00071,PERSON_00073,transport,30608,VENDOR_068,transport
TXN_008655,2021-12-22,ACCT_00383,PERSON_00347,supplier settlement,113596,VENDOR_006,legitimate cash-intensive retail/festival activity
TXN_008656,2024-05-03,ACCT_00375,PERSON_00403,school fee,21123,VENDOR_054,school fee
TXN_008657,2023-09-04,ACCT_00383,PERSON_00347,festival advance,425472,VENDOR_060,legitimate cash-intensive retail/festival activity
TXN_008658,2024-09-14,ACCT_00010,PERSON_00325,cash deposit,802143,PERSON_00004,service commission
TXN_008659,2025-01-12,ACCT_00057,PERSON_00311,cash withdrawal,719482,PERSON_00407,premium settlement
TXN_008660,2024-12-03,ACCT_00218,PERSON_00117,mobile recharge,24704,VENDOR_046,mobile recharge
TXN_008661,2025-12-18,ACCT_00274,PERSON_00188,cash withdrawal,608038,PERSON_00411,event services
TXN_008662,2025-09-18,ACCT_00381,PERSON_00200,grocery,31271,VENDOR_055,grocery
TXN_008663,2024-05-20,ACCT_00322,PERSON_00429,rent,19499,VENDOR_024,rent
TXN_008664,2021-01-28,ACCT_00167,PERSON_00088,supplier settlement,372126,VENDOR_038,legitimate cash-intensive retail/festival activity
TXN_008665,2022-07-07,ACCT_00252,PERSON_00447,grocery,44421,VENDOR_063,grocery
TXN_008666,2024-03-29,ACCT_00142,PERSON_00179,salary,29201,VENDOR_024,salary
TXN_008667,2022-07-21,ACCT_00407,PERSON_00011,shopping,17671,VENDOR_067,shopping
TXN_008668,2023-11-10,ACCT_00217,PERSON_00284,vendor payment,163625,PERSON_00152,service commission
TXN_008669,2025-05-27,ACCT_00294,PERSON_00177,transfer,66925,PERSON_00133,event services
TXN_008670,2021-09-23,ACCT_00059,PERSON_00390,transfer,163853,PERSON_00125,event services
TXN_008671,2025-02-05,ACCT_00009,PERSON_00057,school fee,2556,VENDOR_083,school fee
TXN_008672,2021-10-02,ACCT_00152,PERSON_00219,grocery,44078,VENDOR_087,grocery
TXN_008673,2024-09-15,ACCT_00109,PERSON_00443,cash withdrawal,769,VENDOR_063,cash withdrawal
TXN_008674,2023-04-26,ACCT_00026,PERSON_00448,grocery,27236,VENDOR_096,grocery
TXN_008675,2023-05-29,ACCT_00417,PERSON_00076,cash withdrawal,278118,PERSON_00360,wholesale goods
TXN_008676,2021-08-27,ACCT_00430,PERSON_00025,utility,44312,VENDOR_013,utility
TXN_008677,2021-10-11,ACCT_00066,PERSON_00004,cash withdrawal,95582,PERSON_00020,service commission
TXN_008678,2023-03-06,ACCT_00377,PERSON_00417,salary,8591,VENDOR_080,salary
TXN_008679,2024-04-20,ACCT_00380,PERSON_00178,transfer,165747,PERSON_00220,premium settlement
TXN_008680,2021-04-20,ACCT_00301,PERSON_00251,fuel,44380,VENDOR_027,fuel
TXN_008681,2023-07-29,ACCT_00310,PERSON_00162,grocery,38140,VENDOR_032,grocery
TXN_008682,2023-01-13,ACCT_00445,PERSON_00259,utility,11388,VENDOR_069,utility
TXN_008683,2021-04-29,ACCT_00042,PERSON_00195,fuel,27247,VENDOR_071,fuel
TXN_008684,2024-09-20,ACCT_00361,PERSON_00035,cash deposit,368279,PERSON_00415,consultancy settlement
TXN_008685,2022-05-25,ACCT_00220,PERSON_00259,invoice,293731,PERSON_00159,premium settlement
TXN_008686,2022-03-31,ACCT_00341,PERSON_00310,fuel,29142,VENDOR_086,fuel
TXN_008687,2026-02-18,ACCT_00233,PERSON_00344,transport,28453,VENDOR_075,transport
TXN_008688,2025-03-09,ACCT_00374,PERSON_00320,transfer,241335,PERSON_00044,service commission
TXN_008689,2023-10-16,ACCT_00290,PERSON_00362,cash deposit,640860,PERSON_00407,premium settlement
TXN_008690,2021-10-03,ACCT_00002,PERSON_00337,transfer,672410,PERSON_00382,vehicle advance
TXN_008691,2021-05-16,ACCT_00001,PERSON_00033,supplier settlement,413961,VENDOR_069,legitimate cash-intensive retail/festival activity
TXN_008692,2025-02-10,ACCT_00136,PERSON_00042,transport,40948,VENDOR_010,transport
TXN_008693,2025-01-24,ACCT_00001,PERSON_00033,vendor payment,749093,PERSON_00237,registration/document fee
TXN_008694,2021-05-16,ACCT_00471,PERSON_00353,transfer,563785,PERSON_00239,consultancy settlement
TXN_008695,2024-06-28,ACCT_00002,PERSON_00337,cash withdrawal,567664,PERSON_00343,wholesale goods
TXN_008696,2025-08-20,ACCT_00362,PERSON_00147,shopping,31196,VENDOR_067,shopping
TXN_008697,2024-05-08,ACCT_00239,PERSON_00401,utility,30999,VENDOR_025,utility
TXN_008698,2021-02-06,ACCT_00338,PERSON_00118,shopping,42813,VENDOR_045,shopping
TXN_008699,2024-04-19,ACCT_00032,PERSON_00065,transport,24384,VENDOR_091,transport
TXN_008700,2023-05-19,ACCT_00375,PERSON_00403,restaurant,34235,VENDOR_035,restaurant
TXN_008701,2022-08-01,ACCT_00321,PERSON_00167,fuel,41576,VENDOR_054,fuel
TXN_008702,2023-05-26,ACCT_00175,PERSON_00207,school fee,27032,VENDOR_033,school fee
TXN_008703,2022-12-23,ACCT_00180,PERSON_00066,fuel,21851,VENDOR_027,fuel
TXN_008704,2022-10-21,ACCT_00135,PERSON_00102,vendor payment,563662,PERSON_00049,event services
TXN_008705,2021-03-18,ACCT_00067,PERSON_00150,cash withdrawal,30826,VENDOR_039,cash withdrawal
TXN_008706,2024-08-21,ACCT_00225,PERSON_00163,salary,344,VENDOR_015,salary
TXN_008707,2025-01-06,ACCT_00160,PERSON_00417,festival advance,207888,VENDOR_074,legitimate cash-intensive retail/festival activity
TXN_008708,2023-03-13,ACCT_00282,PERSON_00436,salary,14528,VENDOR_026,salary
TXN_008709,2021-07-22,ACCT_00391,PERSON_00377,restaurant,35782,VENDOR_013,restaurant
TXN_008710,2021-02-24,ACCT_00055,PERSON_00013,mobile recharge,28213,VENDOR_048,mobile recharge
TXN_008711,2024-07-07,ACCT_00060,PERSON_00435,cash withdrawal,31375,VENDOR_090,cash withdrawal
TXN_008712,2025-03-28,ACCT_00378,PERSON_00397,fuel,33918,VENDOR_044,fuel
TXN_008713,2026-05-12,ACCT_00001,PERSON_00033,cash deposit,144793,VENDOR_079,legitimate cash-intensive retail/festival activity
TXN_008714,2021-09-17,ACCT_00103,PERSON_00323,restaurant,14108,VENDOR_066,restaurant
TXN_008715,2022-12-27,ACCT_00122,PERSON_00148,invoice,393579,PERSON_00009,consultancy settlement
TXN_008716,2023-06-21,ACCT_00305,PERSON_00020,medical,32236,VENDOR_058,medical
TXN_008717,2025-01-29,ACCT_00438,PERSON_00074,festival advance,58132,VENDOR_081,legitimate cash-intensive retail/festival activity
TXN_008718,2024-05-12,ACCT_00102,PERSON_00173,invoice,271226,PERSON_00004,service commission
TXN_008719,2022-02-14,ACCT_00391,PERSON_00377,school fee,22423,VENDOR_016,school fee
TXN_008720,2023-09-25,ACCT_00241,PERSON_00430,shopping,7980,VENDOR_088,shopping
TXN_008721,2021-08-22,ACCT_00293,PERSON_00054,rent,11089,VENDOR_068,rent
TXN_008722,2021-08-28,ACCT_00469,PERSON_00060,shopping,12373,VENDOR_047,shopping
TXN_008723,2023-05-22,ACCT_00160,PERSON_00417,festival advance,138408,VENDOR_059,legitimate cash-intensive retail/festival activity
TXN_008724,2025-11-21,ACCT_00390,PERSON_00049,shopping,7748,VENDOR_020,shopping
TXN_008725,2025-02-10,ACCT_00198,PERSON_00359,transport,18601,VENDOR_027,transport
TXN_008726,2023-05-25,ACCT_00089,PERSON_00395,shopping,39346,VENDOR_041,shopping
TXN_008727,2024-01-31,ACCT_00159,PERSON_00297,fuel,4672,VENDOR_014,fuel
TXN_008728,2022-12-26,ACCT_00478,PERSON_00218,salary,29131,VENDOR_090,salary
TXN_008729,2026-06-24,ACCT_00103,PERSON_00323,fuel,6224,VENDOR_064,fuel
TXN_008730,2025-12-31,ACCT_00118,PERSON_00340,grocery,28470,VENDOR_007,grocery
TXN_008731,2022-01-22,ACCT_00173,PERSON_00146,shopping,30721,VENDOR_001,shopping
TXN_008732,2022-01-23,ACCT_00015,PERSON_00294,rent,23958,VENDOR_097,rent
TXN_008733,2021-04-01,ACCT_00048,PERSON_00067,mobile recharge,13523,VENDOR_088,mobile recharge
TXN_008734,2021-04-11,ACCT_00074,PERSON_00293,cash deposit,818665,PERSON_00176,vehicle advance
TXN_008735,2025-07-23,ACCT_00420,PERSON_00159,cash deposit,202707,PERSON_00311,premium settlement
TXN_008736,2025-11-03,ACCT_00442,PERSON_00079,restaurant,9930,VENDOR_041,restaurant
TXN_008737,2023-04-09,ACCT_00438,PERSON_00074,cash deposit,375615,VENDOR_028,legitimate cash-intensive retail/festival activity
TXN_008738,2021-03-05,ACCT_00324,PERSON_00283,settlement,700958,PERSON_00281,registration/document fee
TXN_008739,2022-08-04,ACCT_00471,PERSON_00353,transport,33909,VENDOR_028,transport
TXN_008740,2023-05-05,ACCT_00385,PERSON_00257,restaurant,34603,VENDOR_092,restaurant
TXN_008741,2021-09-13,ACCT_00383,PERSON_00347,festival advance,124347,VENDOR_084,legitimate cash-intensive retail/festival activity
TXN_008742,2022-06-24,ACCT_00437,PERSON_00360,cash withdrawal,44778,VENDOR_093,cash withdrawal
TXN_008743,2023-02-13,ACCT_00453,PERSON_00009,grocery,6617,VENDOR_056,grocery
TXN_008744,2024-03-11,ACCT_00385,PERSON_00257,shopping,41711,VENDOR_042,shopping
TXN_008745,2022-10-10,ACCT_00384,PERSON_00299,restaurant,25015,VENDOR_084,restaurant
TXN_008746,2024-08-31,ACCT_00003,PERSON_00434,school fee,12246,VENDOR_065,school fee
TXN_008747,2022-07-29,ACCT_00209,PERSON_00227,school fee,43951,VENDOR_024,school fee
TXN_008748,2023-10-28,ACCT_00115,PERSON_00225,cash deposit,703678,PERSON_00009,consultancy settlement
TXN_008749,2025-10-07,ACCT_00020,PERSON_00143,transfer,845154,PERSON_00052,event services
TXN_008750,2021-03-07,ACCT_00258,PERSON_00148,shopping,39864,VENDOR_004,shopping
TXN_008751,2026-06-22,ACCT_00246,PERSON_00244,cash deposit,242632,VENDOR_078,legitimate cash-intensive retail/festival activity
TXN_008752,2022-07-16,ACCT_00159,PERSON_00297,restaurant,15967,VENDOR_062,restaurant
TXN_008753,2025-08-10,ACCT_00419,PERSON_00380,utility,7544,VENDOR_064,utility
TXN_008754,2023-12-31,ACCT_00112,PERSON_00351,cash withdrawal,38517,VENDOR_058,cash withdrawal
TXN_008755,2022-03-11,ACCT_00406,PERSON_00250,grocery,40453,VENDOR_037,grocery
TXN_008756,2022-11-17,ACCT_00262,PERSON_00383,grocery,37835,VENDOR_009,grocery
TXN_008757,2021-09-08,ACCT_00229,PERSON_00094,invoice,607062,PERSON_00064,event services
TXN_008758,2022-01-08,ACCT_00372,PERSON_00028,grocery,33066,VENDOR_048,grocery
TXN_008759,2026-03-31,ACCT_00402,PERSON_00345,transfer,652831,PERSON_00382,vehicle advance
TXN_008760,2024-07-04,ACCT_00129,PERSON_00025,mobile recharge,25866,VENDOR_004,mobile recharge
TXN_008761,2025-08-21,ACCT_00001,PERSON_00033,gold purchase,46265,VENDOR_043,legitimate cash-intensive retail/festival activity
TXN_008762,2024-01-22,ACCT_00387,PERSON_00361,salary,42003,VENDOR_058,salary
TXN_008763,2025-02-04,ACCT_00006,PERSON_00424,cash withdrawal,6513,VENDOR_036,cash withdrawal
TXN_008764,2022-12-09,ACCT_00246,PERSON_00244,wholesale jewellery,251505,VENDOR_019,legitimate cash-intensive retail/festival activity
TXN_008765,2024-05-05,ACCT_00001,PERSON_00033,festival advance,17292,VENDOR_099,legitimate cash-intensive retail/festival activity
TXN_008766,2025-03-24,ACCT_00083,PERSON_00220,cash deposit,698141,PERSON_00011,premium settlement
TXN_008767,2025-03-14,ACCT_00358,PERSON_00085,mobile recharge,37568,VENDOR_049,mobile recharge
TXN_008768,2022-07-24,ACCT_00243,PERSON_00295,fuel,30212,VENDOR_034,fuel
TXN_008769,2025-02-03,ACCT_00009,PERSON_00057,vendor payment,386183,PERSON_00407,premium settlement
TXN_008770,2022-09-20,ACCT_00458,PERSON_00389,salary,23924,VENDOR_081,salary
TXN_008771,2023-03-20,ACCT_00274,PERSON_00188,rent,30171,VENDOR_031,rent
TXN_008772,2021-02-21,ACCT_00111,PERSON_00144,transport,10031,VENDOR_022,transport
TXN_008773,2022-08-31,ACCT_00029,PERSON_00037,cash withdrawal,29505,VENDOR_020,cash withdrawal
TXN_008774,2025-08-30,ACCT_00097,PERSON_00105,vendor payment,475989,PERSON_00281,registration/document fee
TXN_008775,2023-03-15,ACCT_00132,PERSON_00100,cash deposit,410059,VENDOR_100,legitimate cash-intensive retail/festival activity
TXN_008776,2024-08-11,ACCT_00407,PERSON_00011,vendor payment,287389,PERSON_00220,premium settlement
TXN_008777,2023-07-09,ACCT_00480,PERSON_00040,invoice,845892,PERSON_00091,transport settlement
TXN_008778,2021-10-19,ACCT_00027,PERSON_00215,shopping,31796,VENDOR_005,shopping
TXN_008779,2023-11-10,ACCT_00001,PERSON_00033,cash deposit,314444,VENDOR_028,legitimate cash-intensive retail/festival activity
TXN_008780,2023-02-17,ACCT_00277,PERSON_00182,grocery,598,VENDOR_059,grocery
TXN_008781,2022-06-27,ACCT_00020,PERSON_00143,vendor payment,508370,PERSON_00055,event services
TXN_008782,2021-12-12,ACCT_00067,PERSON_00150,utility,38232,VENDOR_093,utility
TXN_008783,2023-06-10,ACCT_00230,PERSON_00191,cash withdrawal,3298,VENDOR_030,cash withdrawal
TXN_008784,2023-08-05,ACCT_00411,PERSON_00174,salary,8869,VENDOR_090,salary
TXN_008785,2024-12-06,ACCT_00097,PERSON_00105,salary,38913,VENDOR_037,salary
TXN_008786,2023-08-24,ACCT_00383,PERSON_00347,cash deposit,247078,VENDOR_088,legitimate cash-intensive retail/festival activity
TXN_008787,2022-05-31,ACCT_00253,PERSON_00072,salary,35026,VENDOR_002,salary
TXN_008788,2021-08-28,ACCT_00410,PERSON_00307,grocery,40536,VENDOR_028,grocery
TXN_008789,2025-10-28,ACCT_00010,PERSON_00325,cash deposit,122370,PERSON_00445,service commission
TXN_008790,2021-05-26,ACCT_00019,PERSON_00175,invoice,861295,PERSON_00345,vehicle advance
TXN_008791,2021-09-06,ACCT_00337,PERSON_00279,invoice,234812,PERSON_00184,wholesale goods
TXN_008792,2026-02-14,ACCT_00469,PERSON_00060,utility,42526,VENDOR_034,utility
TXN_008793,2021-04-11,ACCT_00426,PERSON_00322,transfer,263093,PERSON_00072,consultancy settlement
TXN_008794,2024-12-27,ACCT_00368,PERSON_00019,restaurant,34480,VENDOR_086,restaurant
TXN_008795,2021-01-15,ACCT_00206,PERSON_00075,cash withdrawal,23207,VENDOR_076,cash withdrawal
TXN_008796,2024-06-08,ACCT_00442,PERSON_00079,shopping,24336,VENDOR_012,shopping
TXN_008797,2024-01-09,ACCT_00316,PERSON_00237,cash withdrawal,40423,VENDOR_095,cash withdrawal
TXN_008798,2025-01-15,ACCT_00098,PERSON_00370,grocery,37487,VENDOR_087,grocery
TXN_008799,2026-03-29,ACCT_00355,PERSON_00263,mobile recharge,20979,VENDOR_094,mobile recharge
TXN_008800,2024-06-13,ACCT_00436,PERSON_00199,medical,7136,VENDOR_019,medical
TXN_008801,2022-06-07,ACCT_00231,PERSON_00246,transfer,32401,PERSON_00256,site material settlement
TXN_008802,2025-05-17,ACCT_00130,PERSON_00416,grocery,26775,VENDOR_020,grocery
TXN_008803,2024-11-23,ACCT_00063,PERSON_00400,mobile recharge,28304,VENDOR_028,mobile recharge
TXN_008804,2026-05-04,ACCT_00469,PERSON_00060,vendor payment,746494,PERSON_00329,freight settlement
TXN_008805,2023-10-06,ACCT_00036,PERSON_00087,school fee,31519,VENDOR_092,school fee
TXN_008806,2021-06-11,ACCT_00227,PERSON_00023,gold purchase,133950,VENDOR_074,legitimate cash-intensive retail/festival activity
TXN_008807,2025-09-16,ACCT_00224,PERSON_00051,rent,11522,VENDOR_086,rent
TXN_008808,2021-10-28,ACCT_00125,PERSON_00026,salary,32289,VENDOR_041,salary
TXN_008809,2023-04-30,ACCT_00227,PERSON_00023,festival advance,123121,Astra Gold House,legitimate cash-intensive retail/festival activity
TXN_008810,2024-04-26,ACCT_00391,PERSON_00377,shopping,22232,VENDOR_052,shopping
TXN_008811,2022-07-12,ACCT_00380,PERSON_00178,transport,9692,VENDOR_051,transport
TXN_008812,2026-01-17,ACCT_00287,PERSON_00071,transport,34847,VENDOR_013,transport
TXN_008813,2024-01-11,ACCT_00097,PERSON_00105,cash deposit,862792,PERSON_00033,registration/document fee
TXN_008814,2023-08-29,ACCT_00355,PERSON_00263,transfer,38710,PERSON_00159,premium settlement
TXN_008815,2024-12-10,ACCT_00160,PERSON_00417,cash deposit,339444,VENDOR_084,legitimate cash-intensive retail/festival activity
TXN_008816,2025-12-22,ACCT_00051,PERSON_00099,rent,31998,VENDOR_023,rent
TXN_008817,2024-10-31,ACCT_00266,PERSON_00402,fuel,35963,VENDOR_068,fuel
TXN_008818,2026-06-29,ACCT_00101,PERSON_00160,mobile recharge,22548,VENDOR_077,mobile recharge
TXN_008819,2023-12-16,ACCT_00066,PERSON_00004,cash withdrawal,26179,PERSON_00320,service commission
TXN_008820,2024-09-16,ACCT_00071,PERSON_00073,transport,17326,VENDOR_011,transport
TXN_008821,2025-12-20,ACCT_00203,PERSON_00365,salary,10126,VENDOR_045,salary
TXN_008822,2024-05-29,ACCT_00153,PERSON_00420,rent,10495,VENDOR_011,rent
TXN_008823,2023-11-20,ACCT_00146,PERSON_00287,school fee,6082,VENDOR_026,school fee
TXN_008824,2021-03-08,ACCT_00435,PERSON_00352,transport,23911,VENDOR_058,transport
TXN_008825,2024-05-13,ACCT_00462,PERSON_00186,mobile recharge,40379,VENDOR_083,mobile recharge
TXN_008826,2025-08-17,ACCT_00274,PERSON_00188,settlement,247581,PERSON_00177,event services
TXN_008827,2022-01-17,ACCT_00047,PERSON_00409,shopping,35767,VENDOR_024,shopping
TXN_008828,2026-05-14,ACCT_00325,PERSON_00145,shopping,32443,VENDOR_030,shopping
TXN_008829,2022-10-16,ACCT_00370,PERSON_00046,settlement,511729,PERSON_00288,transport settlement
TXN_008830,2024-12-06,ACCT_00234,PERSON_00158,shopping,32666,VENDOR_032,shopping
TXN_008831,2021-12-30,ACCT_00278,PERSON_00301,salary,17820,VENDOR_058,salary
TXN_008832,2022-02-13,ACCT_00126,PERSON_00062,fuel,36843,VENDOR_013,fuel
TXN_008833,2024-11-15,ACCT_00358,PERSON_00085,cash deposit,487805,PERSON_00094,site material settlement
TXN_008834,2025-03-13,ACCT_00203,PERSON_00365,fuel,5527,VENDOR_021,fuel
TXN_008835,2024-06-19,ACCT_00350,PERSON_00059,festival advance,260388,VENDOR_044,legitimate cash-intensive retail/festival activity
TXN_008836,2022-10-01,ACCT_00285,PERSON_00203,mobile recharge,36907,VENDOR_032,mobile recharge
TXN_008837,2026-04-21,ACCT_00294,PERSON_00177,grocery,32348,VENDOR_019,grocery
TXN_008838,2021-12-17,ACCT_00276,PERSON_00154,cash withdrawal,474646,PERSON_00427,site material settlement
TXN_008839,2026-06-30,ACCT_00052,PERSON_00438,vendor payment,312179,PERSON_00072,vehicle advance
TXN_008840,2021-03-30,ACCT_00105,PERSON_00212,invoice,360548,PERSON_00097,freight settlement
TXN_008841,2021-05-25,ACCT_00293,PERSON_00054,cash withdrawal,4467,VENDOR_045,cash withdrawal
TXN_008842,2023-02-22,ACCT_00244,PERSON_00221,rent,26868,VENDOR_090,rent
TXN_008843,2024-04-26,ACCT_00096,PERSON_00139,fuel,28318,VENDOR_020,fuel
TXN_008844,2023-08-31,ACCT_00227,PERSON_00023,festival advance,390448,VENDOR_056,legitimate cash-intensive retail/festival activity
TXN_008845,2021-08-11,ACCT_00269,PERSON_00101,grocery,35804,VENDOR_010,grocery
TXN_008846,2021-08-12,ACCT_00438,PERSON_00074,festival advance,392646,VENDOR_028,legitimate cash-intensive retail/festival activity
TXN_008847,2022-05-09,ACCT_00330,PERSON_00038,fuel,33726,VENDOR_012,fuel
TXN_008848,2021-12-09,ACCT_00179,PERSON_00332,school fee,8993,VENDOR_029,school fee
TXN_008849,2025-06-23,ACCT_00071,PERSON_00073,vendor payment,453843,PERSON_00375,consultancy settlement
TXN_008850,2021-02-12,ACCT_00430,PERSON_00025,mobile recharge,23502,VENDOR_045,mobile recharge
TXN_008851,2023-04-23,ACCT_00144,PERSON_00312,rent,30512,VENDOR_012,rent
TXN_008852,2025-09-02,ACCT_00334,PERSON_00419,salary,2776,VENDOR_005,salary
TXN_008853,2023-12-04,ACCT_00328,PERSON_00161,transfer,33257,PERSON_00411,event services
TXN_008854,2022-02-10,ACCT_00157,PERSON_00317,grocery,33951,VENDOR_046,grocery
TXN_008855,2026-03-28,ACCT_00199,PERSON_00190,school fee,1593,VENDOR_091,school fee
TXN_008856,2022-09-08,ACCT_00213,PERSON_00048,vendor payment,145792,PERSON_00227,site material settlement
TXN_008857,2022-02-19,ACCT_00179,PERSON_00332,medical,8782,VENDOR_075,medical
TXN_008858,2021-02-26,ACCT_00059,PERSON_00390,invoice,545502,PERSON_00049,event services
TXN_008859,2025-03-09,ACCT_00421,PERSON_00444,utility,37364,VENDOR_036,utility
TXN_008860,2025-07-11,ACCT_00386,PERSON_00276,mobile recharge,23820,VENDOR_019,mobile recharge
TXN_008861,2026-04-06,ACCT_00276,PERSON_00154,cash deposit,475170,PERSON_00012,site material settlement
TXN_008862,2024-07-04,ACCT_00061,PERSON_00102,settlement,290711,PERSON_00390,event services
TXN_008863,2026-01-17,ACCT_00451,PERSON_00281,cash withdrawal,148312,PERSON_00363,site material settlement
TXN_008864,2023-06-12,ACCT_00054,PERSON_00157,restaurant,11791,VENDOR_005,restaurant
TXN_008865,2023-07-22,ACCT_00031,PERSON_00223,settlement,250112,PERSON_00145,site material settlement
TXN_008866,2026-03-02,ACCT_00367,PERSON_00256,settlement,676761,PERSON_00145,site material settlement
TXN_008867,2021-04-24,ACCT_00227,PERSON_00023,cash deposit,91077,VENDOR_077,legitimate cash-intensive retail/festival activity
TXN_008868,2025-12-27,ACCT_00217,PERSON_00284,rent,25391,VENDOR_013,rent
TXN_008869,2022-02-14,ACCT_00440,PERSON_00421,fuel,7313,VENDOR_013,fuel
TXN_008870,2022-09-04,ACCT_00237,PERSON_00285,rent,36647,VENDOR_093,rent
TXN_008871,2021-12-24,ACCT_00076,PERSON_00441,fuel,11846,VENDOR_044,fuel
TXN_008872,2021-02-13,ACCT_00443,PERSON_00396,cash withdrawal,27810,VENDOR_020,cash withdrawal
TXN_008873,2026-04-16,ACCT_00056,PERSON_00222,cash deposit,631825,PERSON_00126,transport settlement
TXN_008874,2021-05-23,ACCT_00405,PERSON_00329,grocery,34030,VENDOR_040,grocery
TXN_008875,2021-07-07,ACCT_00124,PERSON_00270,fuel,14678,VENDOR_079,fuel
TXN_008876,2022-08-14,ACCT_00213,PERSON_00048,invoice,61145,PERSON_00068,site material settlement
TXN_008877,2026-03-30,ACCT_00087,PERSON_00010,restaurant,14215,VENDOR_022,restaurant
TXN_008878,2022-12-23,ACCT_00142,PERSON_00179,festival advance,52891,VENDOR_097,legitimate cash-intensive retail/festival activity
TXN_008879,2025-05-27,ACCT_00153,PERSON_00420,grocery,27137,VENDOR_064,grocery
TXN_008880,2021-10-16,ACCT_00160,PERSON_00417,cash withdrawal,14647,VENDOR_099,cash withdrawal
TXN_008881,2021-01-08,ACCT_00236,PERSON_00275,shopping,1844,VENDOR_073,shopping
TXN_008882,2026-04-18,ACCT_00195,PERSON_00185,vendor payment,385981,PERSON_00028,wholesale goods
TXN_008883,2022-12-20,ACCT_00200,PERSON_00423,transfer,672195,PERSON_00282,vehicle advance
TXN_008884,2021-06-06,ACCT_00069,PERSON_00165,grocery,11924,VENDOR_038,grocery
TXN_008885,2021-08-31,ACCT_00244,PERSON_00221,mobile recharge,33587,VENDOR_006,mobile recharge
TXN_008886,2026-05-15,ACCT_00053,PERSON_00152,transfer,498807,PERSON_00284,service commission
TXN_008887,2026-05-23,ACCT_00413,PERSON_00233,restaurant,17063,VENDOR_097,restaurant
TXN_008888,2026-05-09,ACCT_00174,PERSON_00414,grocery,29559,VENDOR_042,grocery
TXN_008889,2025-09-08,ACCT_00342,PERSON_00045,fuel,4575,VENDOR_071,fuel
TXN_008890,2022-10-13,ACCT_00102,PERSON_00173,vendor payment,149443,PERSON_00322,consultancy settlement
TXN_008891,2025-07-17,ACCT_00242,PERSON_00124,mobile recharge,30320,VENDOR_079,mobile recharge
TXN_008892,2021-03-13,ACCT_00365,PERSON_00014,grocery,32768,VENDOR_088,grocery
TXN_008893,2021-11-23,ACCT_00294,PERSON_00177,salary,5508,VENDOR_003,salary
TXN_008894,2022-03-21,ACCT_00092,PERSON_00139,cash withdrawal,285153,PERSON_00229,service commission
TXN_008895,2024-05-26,ACCT_00236,PERSON_00275,transport,34683,VENDOR_043,transport
TXN_008896,2022-09-19,ACCT_00377,PERSON_00417,cash deposit,157833,VENDOR_094,legitimate cash-intensive retail/festival activity
TXN_008897,2026-03-15,ACCT_00160,PERSON_00417,supplier settlement,159265,VENDOR_098,legitimate cash-intensive retail/festival activity
TXN_008898,2023-03-14,ACCT_00444,PERSON_00051,mobile recharge,13274,VENDOR_032,mobile recharge
TXN_008899,2021-03-31,ACCT_00253,PERSON_00072,invoice,122219,PERSON_00204,consultancy settlement
TXN_008900,2024-01-02,ACCT_00071,PERSON_00073,rent,1100,VENDOR_066,rent
TXN_008901,2026-06-28,ACCT_00479,PERSON_00082,settlement,511909,PERSON_00065,transport settlement
TXN_008902,2025-10-07,ACCT_00469,PERSON_00060,vendor payment,373263,PERSON_00010,freight settlement
TXN_008903,2021-08-21,ACCT_00038,PERSON_00254,fuel,5539,VENDOR_033,fuel
TXN_008904,2025-03-29,ACCT_00310,PERSON_00162,medical,22633,VENDOR_062,medical
TXN_008905,2025-04-17,ACCT_00201,PERSON_00224,grocery,44116,VENDOR_018,grocery
TXN_008906,2022-12-02,ACCT_00095,PERSON_00012,cash deposit,718749,PERSON_00223,site material settlement
TXN_008907,2025-10-03,ACCT_00097,PERSON_00105,settlement,533343,PERSON_00179,registration/document fee
TXN_008908,2026-06-21,ACCT_00028,PERSON_00059,gold purchase,350450,VENDOR_090,legitimate cash-intensive retail/festival activity
TXN_008909,2026-03-31,ACCT_00232,PERSON_00416,invoice,371396,PERSON_00011,premium settlement
TXN_008910,2022-12-16,ACCT_00316,PERSON_00237,mobile recharge,32530,VENDOR_047,mobile recharge
TXN_008911,2023-10-28,ACCT_00346,PERSON_00359,salary,10492,VENDOR_035,salary
TXN_008912,2022-07-05,ACCT_00459,PERSON_00211,salary,32482,VENDOR_012,salary
TXN_008913,2024-07-05,ACCT_00202,PERSON_00149,cash withdrawal,174750,PERSON_00393,vehicle advance
TXN_008914,2023-11-01,ACCT_00285,PERSON_00203,fuel,42704,VENDOR_041,fuel
TXN_008915,2025-03-28,ACCT_00400,PERSON_00296,settlement,305175,PERSON_00126,transport settlement
TXN_008916,2021-12-05,ACCT_00102,PERSON_00173,school fee,19492,VENDOR_018,school fee
TXN_008917,2021-06-06,ACCT_00050,PERSON_00008,grocery,10853,VENDOR_095,grocery
TXN_008918,2022-12-24,ACCT_00394,PERSON_00187,grocery,6274,VENDOR_051,grocery
TXN_008919,2021-10-19,ACCT_00155,PERSON_00268,shopping,16020,VENDOR_068,shopping
TXN_008920,2021-07-24,ACCT_00012,PERSON_00449,invoice,322507,PERSON_00288,transport settlement
TXN_008921,2024-10-05,ACCT_00211,PERSON_00039,shopping,22554,VENDOR_008,shopping
TXN_008922,2021-10-03,ACCT_00360,PERSON_00192,transfer,763338,PERSON_00043,wholesale goods
TXN_008923,2024-03-23,ACCT_00417,PERSON_00076,settlement,62703,PERSON_00279,wholesale goods
TXN_008924,2022-11-15,ACCT_00059,PERSON_00390,shopping,1608,VENDOR_052,shopping
TXN_008925,2025-10-30,ACCT_00136,PERSON_00042,shopping,20858,VENDOR_040,shopping
TXN_008926,2021-06-18,ACCT_00253,PERSON_00072,transfer,778516,PERSON_00438,vehicle advance
TXN_008927,2023-07-01,ACCT_00287,PERSON_00071,invoice,265920,PERSON_00147,transport settlement
TXN_008928,2025-01-04,ACCT_00445,PERSON_00259,shopping,12807,VENDOR_009,shopping
TXN_008929,2021-05-10,ACCT_00141,PERSON_00356,rent,18873,VENDOR_021,rent
TXN_008930,2025-05-04,ACCT_00367,PERSON_00256,grocery,14426,VENDOR_087,grocery
TXN_008931,2021-06-26,ACCT_00026,PERSON_00448,cash withdrawal,33709,VENDOR_012,cash withdrawal
TXN_008932,2022-09-10,ACCT_00394,PERSON_00187,salary,22191,VENDOR_056,salary
TXN_008933,2023-12-14,ACCT_00080,PERSON_00137,medical,17737,VENDOR_080,medical
TXN_008934,2023-01-28,ACCT_00320,PERSON_00327,rent,319,VENDOR_062,rent
TXN_008935,2021-12-10,ACCT_00109,PERSON_00443,fuel,30040,VENDOR_045,fuel
TXN_008936,2022-07-12,ACCT_00306,PERSON_00330,rent,7170,VENDOR_040,rent
TXN_008937,2021-03-27,ACCT_00368,PERSON_00019,cash withdrawal,23946,VENDOR_083,cash withdrawal
TXN_008938,2022-01-23,ACCT_00037,PERSON_00113,festival advance,448134,VENDOR_082,legitimate cash-intensive retail/festival activity
TXN_008939,2024-05-21,ACCT_00131,PERSON_00331,cash withdrawal,864315,PERSON_00141,transport settlement
TXN_008940,2025-07-31,ACCT_00300,PERSON_00272,utility,19576,VENDOR_036,utility
TXN_008941,2024-12-20,ACCT_00374,PERSON_00320,mobile recharge,11048,VENDOR_096,mobile recharge
TXN_008942,2022-11-13,ACCT_00227,PERSON_00023,gold purchase,241907,VENDOR_007,legitimate cash-intensive retail/festival activity
TXN_008943,2022-03-06,ACCT_00112,PERSON_00351,cash withdrawal,714,VENDOR_065,cash withdrawal
TXN_008944,2022-05-03,ACCT_00231,PERSON_00246,restaurant,8180,VENDOR_083,restaurant
TXN_008945,2022-12-14,ACCT_00132,PERSON_00100,supplier settlement,161969,VENDOR_018,legitimate cash-intensive retail/festival activity
TXN_008946,2025-04-05,ACCT_00395,PERSON_00269,salary,36522,VENDOR_001,salary
TXN_008947,2022-12-13,ACCT_00270,PERSON_00306,mobile recharge,29060,VENDOR_066,mobile recharge
TXN_008948,2024-10-06,ACCT_00426,PERSON_00322,utility,18233,VENDOR_072,utility
TXN_008949,2021-08-28,ACCT_00379,PERSON_00326,restaurant,2428,VENDOR_077,restaurant
TXN_008950,2022-10-25,ACCT_00001,PERSON_00033,wholesale jewellery,135470,Festival Jewel Mart,legitimate cash-intensive retail/festival activity
TXN_008951,2026-01-13,ACCT_00127,PERSON_00198,restaurant,14240,VENDOR_081,restaurant
TXN_008952,2023-10-04,ACCT_00142,PERSON_00179,supplier settlement,252887,VENDOR_002,legitimate cash-intensive retail/festival activity
TXN_008953,2023-12-07,ACCT_00335,PERSON_00248,cash withdrawal,500441,PERSON_00155,freight settlement
TXN_008954,2021-05-24,ACCT_00331,PERSON_00140,rent,29972,VENDOR_022,rent
TXN_008955,2025-08-03,ACCT_00162,PERSON_00376,vendor payment,202746,PERSON_00154,site material settlement
TXN_008956,2026-06-06,ACCT_00167,PERSON_00088,cash deposit,53878,VENDOR_011,legitimate cash-intensive retail/festival activity
TXN_008957,2026-04-09,ACCT_00130,PERSON_00416,cash withdrawal,7498,PERSON_00057,premium settlement
TXN_008958,2026-06-05,ACCT_00015,PERSON_00294,grocery,8349,VENDOR_058,grocery
TXN_008959,2021-06-07,ACCT_00142,PERSON_00179,cash deposit,178230,PERSON_00269,registration/document fee
TXN_008960,2022-05-08,ACCT_00325,PERSON_00145,mobile recharge,5998,VENDOR_020,mobile recharge
TXN_008961,2021-12-23,ACCT_00130,PERSON_00416,rent,12338,VENDOR_100,rent
TXN_008962,2021-09-24,ACCT_00014,PERSON_00088,festival advance,279383,VENDOR_010,legitimate cash-intensive retail/festival activity
TXN_008963,2025-01-19,ACCT_00438,PERSON_00074,wholesale jewellery,98533,VENDOR_032,legitimate cash-intensive retail/festival activity
TXN_008964,2022-02-20,ACCT_00343,PERSON_00303,transport,2689,VENDOR_051,transport
TXN_008965,2024-05-21,ACCT_00012,PERSON_00449,cash withdrawal,34104,VENDOR_098,cash withdrawal
TXN_008966,2021-06-04,ACCT_00101,PERSON_00160,rent,4666,VENDOR_099,rent
TXN_008967,2023-05-20,ACCT_00241,PERSON_00430,cash deposit,133230,PERSON_00370,service commission
TXN_008968,2022-12-10,ACCT_00281,PERSON_00041,mobile recharge,16652,VENDOR_071,mobile recharge
TXN_008969,2021-12-10,ACCT_00037,PERSON_00113,festival advance,166733,VENDOR_019,legitimate cash-intensive retail/festival activity
TXN_008970,2022-11-28,ACCT_00077,PERSON_00308,shopping,4438,VENDOR_058,shopping
TXN_008971,2025-01-02,ACCT_00331,PERSON_00140,mobile recharge,15532,VENDOR_031,mobile recharge
TXN_008972,2021-12-17,ACCT_00174,PERSON_00414,cash withdrawal,15191,VENDOR_069,cash withdrawal
TXN_008973,2023-12-11,ACCT_00278,PERSON_00301,salary,26293,VENDOR_016,salary
TXN_008974,2025-09-24,ACCT_00001,PERSON_00033,supplier settlement,404134,VENDOR_003,legitimate cash-intensive retail/festival activity
TXN_008975,2023-11-11,ACCT_00167,PERSON_00088,gold purchase,47986,VENDOR_061,legitimate cash-intensive retail/festival activity
TXN_008976,2024-10-17,ACCT_00325,PERSON_00145,school fee,22020,VENDOR_053,school fee
TXN_008977,2025-02-03,ACCT_00021,PERSON_00367,mobile recharge,18273,VENDOR_048,mobile recharge
TXN_008978,2023-01-29,ACCT_00295,PERSON_00269,invoice,850891,PERSON_00386,freight settlement
TXN_008979,2023-04-06,ACCT_00227,PERSON_00023,supplier settlement,250488,VENDOR_095,legitimate cash-intensive retail/festival activity
TXN_008980,2024-08-05,ACCT_00230,PERSON_00191,school fee,20561,VENDOR_084,school fee
TXN_008981,2024-07-19,ACCT_00277,PERSON_00182,mobile recharge,12414,VENDOR_100,mobile recharge
TXN_008982,2023-04-03,ACCT_00380,PERSON_00178,rent,13432,VENDOR_018,rent
TXN_008983,2023-11-26,ACCT_00189,PERSON_00373,fuel,33867,VENDOR_060,fuel
TXN_008984,2024-11-05,ACCT_00142,PERSON_00179,fuel,9191,VENDOR_078,fuel
TXN_008985,2023-06-04,ACCT_00168,PERSON_00415,transport,15230,VENDOR_060,transport
TXN_008986,2022-01-06,ACCT_00030,PERSON_00363,salary,7242,VENDOR_080,salary
TXN_008987,2023-03-14,ACCT_00009,PERSON_00057,rent,13885,VENDOR_087,rent
TXN_008988,2023-05-09,ACCT_00278,PERSON_00301,rent,33213,VENDOR_013,rent
TXN_008989,2022-06-28,ACCT_00360,PERSON_00192,mobile recharge,6565,VENDOR_022,mobile recharge
TXN_008990,2023-05-16,ACCT_00378,PERSON_00397,grocery,27166,VENDOR_097,grocery
TXN_008991,2024-12-14,ACCT_00265,PERSON_00093,rent,35848,VENDOR_084,rent
TXN_008992,2022-05-29,ACCT_00263,PERSON_00034,cash withdrawal,664539,PERSON_00204,consultancy settlement
TXN_008993,2021-02-05,ACCT_00017,PERSON_00088,cash deposit,410494,VENDOR_042,legitimate cash-intensive retail/festival activity
TXN_008994,2022-10-15,ACCT_00058,PERSON_00319,transport,21841,VENDOR_083,transport
TXN_008995,2022-01-24,ACCT_00003,PERSON_00434,cash deposit,602037,PERSON_00405,vehicle advance
TXN_008996,2022-05-15,ACCT_00420,PERSON_00159,fuel,40971,VENDOR_063,fuel
TXN_008997,2021-10-24,ACCT_00236,PERSON_00275,salary,35274,VENDOR_067,salary
TXN_008998,2025-03-01,ACCT_00183,PERSON_00286,salary,17842,VENDOR_076,salary
TXN_008999,2026-05-21,ACCT_00357,PERSON_00126,settlement,160963,PERSON_00165,transport settlement
TXN_009000,2024-04-19,ACCT_00322,PERSON_00429,mobile recharge,42147,VENDOR_019,mobile recharge
