call_id,date,from_person,to_person,duration_sec,phone_id,call_type
CALL_000001,2022-07-19,PERSON_00001,PERSON_00008,760,PHONE_00001,missed
CALL_000002,2024-11-13,PERSON_00002,PERSON_00037,274,PHONE_00002,voice
CALL_000003,2024-08-06,PERSON_00003,PERSON_00066,651,PHONE_00003,voice
CALL_000004,2022-10-27,PERSON_00004,PERSON_00095,449,PHONE_00004,voice
CALL_000005,2023-03-28,PERSON_00005,PERSON_00124,89,PHONE_00005,missed
CALL_000006,2021-01-23,PERSON_00006,PERSON_00370,100,PHONE_00006,voice
CALL_000007,2026-04-03,PERSON_00007,PERSON_00182,385,PHONE_00007,missed
CALL_000008,2022-06-27,PERSON_00008,PERSON_00211,40,PHONE_00008,voice
CALL_000009,2022-01-30,PERSON_00009,PERSON_00240,376,PHONE_00009,voice
CALL_000010,2022-07-14,PERSON_00010,PERSON_00269,68,PHONE_00010,voice
CALL_000011,2024-09-04,PERSON_00011,PERSON_00298,89,PHONE_00011,voice
CALL_000012,2023-11-14,PERSON_00012,PERSON_00327,398,PHONE_00012,missed
CALL_000013,2025-10-10,PERSON_00013,PERSON_00356,342,PHONE_00013,voice
CALL_000014,2023-03-08,PERSON_00014,PERSON_00385,504,PHONE_00014,voice
CALL_000015,2025-12-24,PERSON_00015,PERSON_00414,57,PHONE_00015,voice
CALL_000016,2024-02-15,PERSON_00016,PERSON_00321,43,PHONE_00016,voice
CALL_000017,2022-09-29,PERSON_00017,PERSON_00022,354,PHONE_00017,missed
CALL_000018,2025-07-22,PERSON_00018,PERSON_00051,17,PHONE_00018,voice
CALL_000019,2024-01-15,PERSON_00019,PERSON_00080,356,PHONE_00019,voice
CALL_000020,2024-03-27,PERSON_00020,PERSON_00109,794,PHONE_00020,missed
CALL_000021,2025-11-16,PERSON_00021,PERSON_00018,48,PHONE_00021,voice
CALL_000022,2023-10-11,PERSON_00022,PERSON_00167,294,PHONE_00022,voice
CALL_000023,2023-05-23,PERSON_00023,PERSON_00196,564,PHONE_00023,missed
CALL_000024,2023-12-18,PERSON_00024,PERSON_00225,339,PHONE_00024,voice
CALL_000025,2025-06-24,PERSON_00025,PERSON_00254,617,PHONE_00025,missed
CALL_000026,2025-04-01,PERSON_00026,PERSON_00283,124,PHONE_00026,voice
CALL_000027,2025-05-16,PERSON_00027,PERSON_00312,524,PHONE_00027,missed
CALL_000028,2021-06-09,PERSON_00028,PERSON_00341,72,PHONE_00028,voice
CALL_000029,2021-11-03,PERSON_00029,PERSON_00370,696,PHONE_00029,missed
CALL_000030,2024-03-26,PERSON_00030,PERSON_00399,286,PHONE_00030,voice
CALL_000031,2023-03-05,PERSON_00031,PERSON_00428,365,PHONE_00031,voice
CALL_000032,2021-04-14,PERSON_00032,PERSON_00007,42,PHONE_00032,voice
CALL_000033,2022-05-28,PERSON_00033,PERSON_00036,95,PHONE_00033,voice
CALL_000034,2022-07-04,PERSON_00034,PERSON_00065,465,PHONE_00034,voice
CALL_000035,2026-06-14,PERSON_00035,PERSON_00094,790,PHONE_00035,voice
CALL_000036,2023-01-28,PERSON_00036,PERSON_00123,585,PHONE_00036,missed
CALL_000037,2025-03-27,PERSON_00037,PERSON_00152,421,PHONE_00037,voice
CALL_000038,2022-01-05,PERSON_00038,PERSON_00181,707,PHONE_00038,voice
CALL_000039,2023-06-25,PERSON_00039,PERSON_00210,837,PHONE_00039,voice
CALL_000040,2023-02-22,PERSON_00040,PERSON_00239,837,PHONE_00040,voice
CALL_000041,2022-02-21,PERSON_00041,PERSON_00268,117,PHONE_00041,missed
CALL_000042,2023-06-09,PERSON_00042,PERSON_00297,803,PHONE_00042,missed
CALL_000043,2025-10-08,PERSON_00043,PERSON_00326,847,PHONE_00043,missed
CALL_000044,2022-02-11,PERSON_00044,PERSON_00355,578,PHONE_00044,missed
CALL_000045,2022-12-25,PERSON_00045,PERSON_00384,664,PHONE_00045,voice
CALL_000046,2025-11-06,PERSON_00046,PERSON_00065,75,PHONE_00046,voice
CALL_000047,2025-08-20,PERSON_00047,PERSON_00442,378,PHONE_00047,voice
CALL_000048,2023-04-01,PERSON_00048,PERSON_00021,477,PHONE_00048,voice
CALL_000049,2024-10-02,PERSON_00049,PERSON_00050,371,PHONE_00049,voice
CALL_000050,2022-09-12,PERSON_00050,PERSON_00079,856,PHONE_00050,missed
CALL_000051,2024-01-09,PERSON_00051,PERSON_00108,899,PHONE_00051,missed
CALL_000052,2026-04-25,PERSON_00052,PERSON_00137,18,PHONE_00052,voice
CALL_000053,2021-01-02,PERSON_00053,PERSON_00166,384,PHONE_00053,voice
CALL_000054,2022-11-03,PERSON_00054,PERSON_00195,497,PHONE_00054,voice
CALL_000055,2023-10-08,PERSON_00055,PERSON_00224,778,PHONE_00055,voice
CALL_000056,2026-04-11,PERSON_00056,PERSON_00253,609,PHONE_00056,voice
CALL_000057,2022-07-17,PERSON_00057,PERSON_00282,661,PHONE_00057,voice
CALL_000058,2024-12-13,PERSON_00058,PERSON_00311,294,PHONE_00058,voice
CALL_000059,2021-12-21,PERSON_00059,PERSON_00340,684,PHONE_00059,voice
CALL_000060,2023-09-21,PERSON_00060,PERSON_00369,707,PHONE_00060,missed
CALL_000061,2022-02-01,PERSON_00061,PERSON_00074,21,PHONE_00061,missed
CALL_000062,2023-10-07,PERSON_00062,PERSON_00427,635,PHONE_00062,voice
CALL_000063,2024-02-26,PERSON_00063,PERSON_00006,243,PHONE_00063,voice
CALL_000064,2026-01-01,PERSON_00064,PERSON_00035,544,PHONE_00064,voice
CALL_000065,2023-03-20,PERSON_00065,PERSON_00064,431,PHONE_00065,voice
CALL_000066,2023-01-03,PERSON_00066,PERSON_00093,365,PHONE_00066,missed
CALL_000067,2023-07-10,PERSON_00067,PERSON_00122,669,PHONE_00067,voice
CALL_000068,2024-09-10,PERSON_00068,PERSON_00151,82,PHONE_00068,missed
CALL_000069,2023-07-19,PERSON_00069,PERSON_00180,787,PHONE_00069,voice
CALL_000070,2023-02-12,PERSON_00070,PERSON_00209,121,PHONE_00070,voice
CALL_000071,2026-04-03,PERSON_00071,PERSON_00238,431,PHONE_00071,voice
CALL_000072,2021-02-23,PERSON_00072,PERSON_00267,89,PHONE_00072,missed
CALL_000073,2021-03-21,PERSON_00073,PERSON_00296,752,PHONE_00073,voice
CALL_000074,2022-11-22,PERSON_00074,PERSON_00325,118,PHONE_00074,voice
CALL_000075,2023-10-21,PERSON_00075,PERSON_00354,151,PHONE_00075,voice
CALL_000076,2024-04-25,PERSON_00076,PERSON_00401,111,PHONE_00076,voice
CALL_000077,2025-08-15,PERSON_00077,PERSON_00412,849,PHONE_00077,voice
CALL_000078,2022-08-06,PERSON_00078,PERSON_00441,553,PHONE_00078,missed
CALL_000079,2022-11-07,PERSON_00079,PERSON_00020,30,PHONE_00079,voice
CALL_000080,2025-06-15,PERSON_00080,PERSON_00049,196,PHONE_00080,voice
CALL_000081,2022-02-01,PERSON_00081,PERSON_00171,63,PHONE_00081,missed
CALL_000082,2025-04-13,PERSON_00082,PERSON_00107,534,PHONE_00082,voice
CALL_000083,2023-10-21,PERSON_00083,PERSON_00136,854,PHONE_00083,voice
CALL_000084,2021-07-19,PERSON_00084,PERSON_00165,858,PHONE_00084,missed
CALL_000085,2025-03-24,PERSON_00085,PERSON_00194,251,PHONE_00085,voice
CALL_000086,2023-02-10,PERSON_00086,PERSON_00389,61,PHONE_00086,voice
CALL_000087,2024-07-17,PERSON_00087,PERSON_00252,392,PHONE_00087,missed
CALL_000088,2022-02-07,PERSON_00088,PERSON_00281,480,PHONE_00088,voice
CALL_000089,2025-05-09,PERSON_00089,PERSON_00310,527,PHONE_00089,voice
CALL_000090,2024-03-09,PERSON_00090,PERSON_00339,106,PHONE_00090,voice
CALL_000091,2026-04-06,PERSON_00091,PERSON_00368,611,PHONE_00091,missed
CALL_000092,2024-06-10,PERSON_00092,PERSON_00397,130,PHONE_00092,voice
CALL_000093,2024-09-21,PERSON_00093,PERSON_00426,117,PHONE_00093,voice
CALL_000094,2021-07-19,PERSON_00094,PERSON_00005,430,PHONE_00094,voice
CALL_000095,2024-03-10,PERSON_00095,PERSON_00034,290,PHONE_00095,missed
CALL_000096,2024-05-01,PERSON_00096,PERSON_00063,328,PHONE_00096,missed
CALL_000097,2021-11-14,PERSON_00097,PERSON_00092,544,PHONE_00097,voice
CALL_000098,2021-03-03,PERSON_00098,PERSON_00121,332,PHONE_00098,missed
CALL_000099,2022-06-08,PERSON_00099,PERSON_00150,586,PHONE_00099,voice
CALL_000100,2022-02-19,PERSON_00100,PERSON_00179,722,PHONE_00100,voice
CALL_000101,2025-05-14,PERSON_00101,PERSON_00122,82,PHONE_00101,voice
CALL_000102,2023-09-30,PERSON_00102,PERSON_00237,615,PHONE_00102,missed
CALL_000103,2025-10-30,PERSON_00103,PERSON_00266,190,PHONE_00103,missed
CALL_000104,2024-08-29,PERSON_00104,PERSON_00295,571,PHONE_00104,voice
CALL_000105,2022-01-23,PERSON_00105,PERSON_00324,843,PHONE_00105,voice
CALL_000106,2022-10-22,PERSON_00106,PERSON_00030,38,PHONE_00106,voice
CALL_000107,2023-07-14,PERSON_00107,PERSON_00382,106,PHONE_00107,voice
CALL_000108,2022-03-11,PERSON_00108,PERSON_00411,509,PHONE_00108,missed
CALL_000109,2025-05-09,PERSON_00109,PERSON_00440,627,PHONE_00109,voice
CALL_000110,2024-08-10,PERSON_00110,PERSON_00019,82,PHONE_00110,voice
CALL_000111,2024-02-03,PERSON_00111,PERSON_00048,192,PHONE_00111,missed
CALL_000112,2022-08-02,PERSON_00112,PERSON_00077,451,PHONE_00112,voice
CALL_000113,2026-01-08,PERSON_00113,PERSON_00106,513,PHONE_00113,voice
CALL_000114,2023-08-31,PERSON_00114,PERSON_00135,171,PHONE_00114,voice
CALL_000115,2021-05-23,PERSON_00115,PERSON_00164,67,PHONE_00115,missed
CALL_000116,2022-12-27,PERSON_00116,PERSON_00193,153,PHONE_00116,voice
CALL_000117,2022-06-09,PERSON_00117,PERSON_00222,600,PHONE_00117,voice
CALL_000118,2022-08-14,PERSON_00118,PERSON_00251,375,PHONE_00118,voice
CALL_000119,2024-07-01,PERSON_00119,PERSON_00280,274,PHONE_00119,voice
CALL_000120,2024-12-17,PERSON_00120,PERSON_00309,842,PHONE_00120,voice
CALL_000121,2023-06-23,PERSON_00121,PERSON_00338,643,PHONE_00121,voice
CALL_000122,2023-08-10,PERSON_00122,PERSON_00367,185,PHONE_00122,missed
CALL_000123,2021-08-06,PERSON_00123,PERSON_00396,552,PHONE_00123,missed
CALL_000124,2023-07-30,PERSON_00124,PERSON_00425,716,PHONE_00124,voice
CALL_000125,2022-01-15,PERSON_00125,PERSON_00004,596,PHONE_00125,voice
CALL_000126,2022-04-24,PERSON_00126,PERSON_00171,168,PHONE_00126,voice
CALL_000127,2025-01-22,PERSON_00127,PERSON_00062,494,PHONE_00127,voice
CALL_000128,2026-03-15,PERSON_00128,PERSON_00091,142,PHONE_00128,voice
CALL_000129,2022-02-18,PERSON_00129,PERSON_00120,858,PHONE_00129,voice
CALL_000130,2023-06-04,PERSON_00130,PERSON_00149,180,PHONE_00130,voice
CALL_000131,2024-10-21,PERSON_00131,PERSON_00178,137,PHONE_00131,voice
CALL_000132,2024-04-09,PERSON_00132,PERSON_00207,200,PHONE_00132,missed
CALL_000133,2026-04-20,PERSON_00133,PERSON_00236,652,PHONE_00133,missed
CALL_000134,2022-03-18,PERSON_00134,PERSON_00265,330,PHONE_00134,missed
CALL_000135,2022-07-02,PERSON_00135,PERSON_00294,21,PHONE_00135,voice
CALL_000136,2023-03-16,PERSON_00136,PERSON_00323,863,PHONE_00136,voice
CALL_000137,2026-03-10,PERSON_00137,PERSON_00352,669,PHONE_00137,voice
CALL_000138,2021-05-17,PERSON_00138,PERSON_00381,696,PHONE_00138,missed
CALL_000139,2026-01-06,PERSON_00139,PERSON_00410,49,PHONE_00139,voice
CALL_000140,2021-09-11,PERSON_00140,PERSON_00439,298,PHONE_00140,missed
CALL_000141,2021-05-14,PERSON_00141,PERSON_00219,133,PHONE_00141,voice
CALL_000142,2022-03-13,PERSON_00142,PERSON_00047,883,PHONE_00142,voice
CALL_000143,2025-01-06,PERSON_00143,PERSON_00076,307,PHONE_00143,voice
CALL_000144,2026-05-11,PERSON_00144,PERSON_00105,773,PHONE_00144,voice
CALL_000145,2022-11-02,PERSON_00145,PERSON_00134,105,PHONE_00145,missed
CALL_000146,2023-07-01,PERSON_00146,PERSON_00163,561,PHONE_00146,voice
CALL_000147,2024-01-08,PERSON_00147,PERSON_00192,523,PHONE_00147,voice
CALL_000148,2024-02-02,PERSON_00148,PERSON_00221,253,PHONE_00148,missed
CALL_000149,2021-09-02,PERSON_00149,PERSON_00250,445,PHONE_00149,missed
CALL_000150,2024-09-14,PERSON_00150,PERSON_00279,66,PHONE_00150,voice
CALL_000151,2023-02-24,PERSON_00151,PERSON_00308,205,PHONE_00151,missed
CALL_000152,2021-09-06,PERSON_00152,PERSON_00337,554,PHONE_00152,voice
CALL_000153,2025-07-23,PERSON_00153,PERSON_00366,292,PHONE_00153,voice
CALL_000154,2021-04-14,PERSON_00154,PERSON_00395,502,PHONE_00154,voice
CALL_000155,2025-10-08,PERSON_00155,PERSON_00424,222,PHONE_00155,voice
CALL_000156,2022-12-17,PERSON_00156,PERSON_00182,148,PHONE_00156,missed
CALL_000157,2021-10-13,PERSON_00157,PERSON_00032,334,PHONE_00157,voice
CALL_000158,2021-12-26,PERSON_00158,PERSON_00061,581,PHONE_00158,missed
CALL_000159,2023-01-10,PERSON_00159,PERSON_00090,814,PHONE_00159,voice
CALL_000160,2025-10-25,PERSON_00160,PERSON_00119,227,PHONE_00160,voice
CALL_000161,2025-06-14,PERSON_00161,PERSON_00159,149,PHONE_00161,voice
CALL_000162,2024-02-08,PERSON_00162,PERSON_00177,809,PHONE_00162,voice
CALL_000163,2025-05-26,PERSON_00163,PERSON_00206,98,PHONE_00163,voice
CALL_000164,2023-01-12,PERSON_00164,PERSON_00235,44,PHONE_00164,missed
CALL_000165,2023-07-02,PERSON_00165,PERSON_00264,132,PHONE_00165,voice
CALL_000166,2023-06-02,PERSON_00166,PERSON_00329,174,PHONE_00166,voice
CALL_000167,2025-10-09,PERSON_00167,PERSON_00322,367,PHONE_00167,voice
CALL_000168,2025-04-27,PERSON_00168,PERSON_00351,32,PHONE_00168,voice
CALL_000169,2024-11-25,PERSON_00169,PERSON_00380,485,PHONE_00169,voice
CALL_000170,2021-12-16,PERSON_00170,PERSON_00409,422,PHONE_00170,voice
CALL_000171,2022-07-13,PERSON_00171,PERSON_00371,136,PHONE_00171,missed
CALL_000172,2022-12-20,PERSON_00172,PERSON_00017,681,PHONE_00172,voice
CALL_000173,2024-10-23,PERSON_00173,PERSON_00046,886,PHONE_00173,voice
CALL_000174,2023-09-14,PERSON_00174,PERSON_00075,585,PHONE_00174,missed
CALL_000175,2024-12-28,PERSON_00175,PERSON_00104,429,PHONE_00175,voice
CALL_000176,2021-05-29,PERSON_00176,PERSON_00133,740,PHONE_00176,voice
CALL_000177,2026-04-22,PERSON_00177,PERSON_00162,439,PHONE_00177,missed
CALL_000178,2022-05-05,PERSON_00178,PERSON_00191,56,PHONE_00178,voice
CALL_000179,2026-04-09,PERSON_00179,PERSON_00220,187,PHONE_00179,voice
CALL_000180,2023-12-30,PERSON_00180,PERSON_00249,811,PHONE_00180,missed
CALL_000181,2024-11-23,PERSON_00181,PERSON_00278,874,PHONE_00181,voice
CALL_000182,2025-11-07,PERSON_00182,PERSON_00307,267,PHONE_00182,missed
CALL_000183,2023-06-05,PERSON_00183,PERSON_00336,364,PHONE_00183,voice
CALL_000184,2024-10-10,PERSON_00184,PERSON_00365,469,PHONE_00184,voice
CALL_000185,2021-09-10,PERSON_00185,PERSON_00394,86,PHONE_00185,voice
CALL_000186,2024-03-17,PERSON_00186,PERSON_00423,215,PHONE_00186,voice
CALL_000187,2024-10-13,PERSON_00187,PERSON_00002,313,PHONE_00187,voice
CALL_000188,2021-07-14,PERSON_00188,PERSON_00031,33,PHONE_00188,voice
CALL_000189,2023-08-02,PERSON_00189,PERSON_00060,176,PHONE_00189,voice
CALL_000190,2023-01-06,PERSON_00190,PERSON_00089,743,PHONE_00190,voice
CALL_000191,2025-01-24,PERSON_00191,PERSON_00209,60,PHONE_00191,missed
CALL_000192,2025-07-26,PERSON_00192,PERSON_00147,893,PHONE_00192,voice
CALL_000193,2024-09-25,PERSON_00193,PERSON_00176,381,PHONE_00193,voice
CALL_000194,2025-01-04,PERSON_00194,PERSON_00205,800,PHONE_00194,missed
CALL_000195,2022-11-30,PERSON_00195,PERSON_00234,602,PHONE_00195,missed
CALL_000196,2025-03-02,PERSON_00196,PERSON_00074,109,PHONE_00196,voice
CALL_000197,2021-12-24,PERSON_00197,PERSON_00292,830,PHONE_00197,voice
CALL_000198,2025-09-20,PERSON_00198,PERSON_00321,536,PHONE_00198,missed
CALL_000199,2023-09-02,PERSON_00199,PERSON_00350,897,PHONE_00199,voice
CALL_000200,2024-01-19,PERSON_00200,PERSON_00379,356,PHONE_00200,voice
CALL_000201,2025-07-26,PERSON_00201,PERSON_00408,347,PHONE_00201,voice
CALL_000202,2024-10-03,PERSON_00202,PERSON_00437,374,PHONE_00202,voice
CALL_000203,2022-04-10,PERSON_00203,PERSON_00016,227,PHONE_00203,voice
CALL_000204,2024-08-04,PERSON_00204,PERSON_00045,600,PHONE_00204,voice
CALL_000205,2023-09-19,PERSON_00205,PERSON_00074,130,PHONE_00205,voice
CALL_000206,2022-06-21,PERSON_00206,PERSON_00103,39,PHONE_00206,voice
CALL_000207,2025-07-18,PERSON_00207,PERSON_00132,278,PHONE_00207,voice
CALL_000208,2023-10-03,PERSON_00208,PERSON_00161,216,PHONE_00208,voice
CALL_000209,2024-12-16,PERSON_00209,PERSON_00190,577,PHONE_00209,missed
CALL_000210,2021-01-30,PERSON_00210,PERSON_00219,246,PHONE_00210,missed
CALL_000211,2025-08-05,PERSON_00211,PERSON_00248,433,PHONE_00211,voice
CALL_000212,2023-08-21,PERSON_00212,PERSON_00277,558,PHONE_00212,voice
CALL_000213,2022-10-20,PERSON_00213,PERSON_00306,506,PHONE_00213,missed
CALL_000214,2021-01-21,PERSON_00214,PERSON_00335,319,PHONE_00214,voice
CALL_000215,2022-05-20,PERSON_00215,PERSON_00364,166,PHONE_00215,voice
CALL_000216,2025-03-17,PERSON_00216,PERSON_00439,123,PHONE_00216,missed
CALL_000217,2024-05-03,PERSON_00217,PERSON_00422,313,PHONE_00217,voice
CALL_000218,2024-04-14,PERSON_00218,PERSON_00001,779,PHONE_00218,voice
CALL_000219,2025-03-28,PERSON_00219,PERSON_00030,86,PHONE_00219,missed
CALL_000220,2021-08-11,PERSON_00220,PERSON_00059,852,PHONE_00220,missed
CALL_000221,2023-02-09,PERSON_00221,PERSON_00370,63,PHONE_00221,missed
CALL_000222,2023-05-10,PERSON_00222,PERSON_00117,635,PHONE_00222,voice
CALL_000223,2021-07-22,PERSON_00223,PERSON_00146,877,PHONE_00223,missed
CALL_000224,2025-11-28,PERSON_00224,PERSON_00175,281,PHONE_00224,voice
CALL_000225,2022-07-14,PERSON_00225,PERSON_00204,294,PHONE_00225,voice
CALL_000226,2021-07-28,PERSON_00226,PERSON_00144,120,PHONE_00226,voice
CALL_000227,2021-02-25,PERSON_00227,PERSON_00262,374,PHONE_00227,voice
CALL_000228,2022-08-16,PERSON_00228,PERSON_00291,226,PHONE_00228,voice
CALL_000229,2025-11-23,PERSON_00229,PERSON_00320,403,PHONE_00229,missed
CALL_000230,2021-01-11,PERSON_00230,PERSON_00349,380,PHONE_00230,missed
CALL_000231,2023-04-01,PERSON_00231,PERSON_00006,107,PHONE_00231,voice
CALL_000232,2023-05-24,PERSON_00232,PERSON_00407,615,PHONE_00232,voice
CALL_000233,2025-11-16,PERSON_00233,PERSON_00436,49,PHONE_00233,voice
CALL_000234,2022-04-01,PERSON_00234,PERSON_00015,432,PHONE_00234,voice
CALL_000235,2024-10-16,PERSON_00235,PERSON_00044,175,PHONE_00235,voice
CALL_000236,2023-10-20,PERSON_00236,PERSON_00073,466,PHONE_00236,missed
CALL_000237,2025-12-08,PERSON_00237,PERSON_00102,332,PHONE_00237,voice
CALL_000238,2021-06-21,PERSON_00238,PERSON_00131,535,PHONE_00238,voice
CALL_000239,2021-03-20,PERSON_00239,PERSON_00160,754,PHONE_00239,voice
CALL_000240,2024-01-13,PERSON_00240,PERSON_00189,524,PHONE_00240,voice
CALL_000241,2022-07-26,PERSON_00241,PERSON_00014,140,PHONE_00241,voice
CALL_000242,2024-03-28,PERSON_00242,PERSON_00247,704,PHONE_00242,voice
CALL_000243,2021-08-27,PERSON_00243,PERSON_00276,539,PHONE_00243,voice
CALL_000244,2023-06-19,PERSON_00244,PERSON_00305,208,PHONE_00244,voice
CALL_000245,2024-07-22,PERSON_00245,PERSON_00334,723,PHONE_00245,voice
CALL_000246,2021-09-18,PERSON_00246,PERSON_00363,258,PHONE_00246,missed
CALL_000247,2026-01-02,PERSON_00247,PERSON_00392,747,PHONE_00247,voice
CALL_000248,2022-03-29,PERSON_00248,PERSON_00421,439,PHONE_00248,voice
CALL_000249,2024-05-05,PERSON_00249,PERSON_00450,358,PHONE_00249,missed
CALL_000250,2025-09-02,PERSON_00250,PERSON_00029,839,PHONE_00250,missed
CALL_000251,2023-05-10,PERSON_00251,PERSON_00058,757,PHONE_00251,voice
CALL_000252,2024-02-20,PERSON_00252,PERSON_00087,830,PHONE_00252,missed
CALL_000253,2022-12-06,PERSON_00253,PERSON_00116,41,PHONE_00253,voice
CALL_000254,2026-05-02,PERSON_00254,PERSON_00145,288,PHONE_00254,voice
CALL_000255,2024-06-11,PERSON_00255,PERSON_00174,511,PHONE_00255,missed
CALL_000256,2022-07-20,PERSON_00256,PERSON_00065,68,PHONE_00256,missed
CALL_000257,2026-04-25,PERSON_00257,PERSON_00232,312,PHONE_00257,voice
CALL_000258,2024-08-01,PERSON_00258,PERSON_00261,289,PHONE_00258,voice
CALL_000259,2022-08-14,PERSON_00259,PERSON_00290,814,PHONE_00259,missed
CALL_000260,2023-12-27,PERSON_00260,PERSON_00319,176,PHONE_00260,voice
CALL_000261,2024-08-16,PERSON_00261,PERSON_00348,774,PHONE_00261,missed
CALL_000262,2023-11-08,PERSON_00262,PERSON_00377,108,PHONE_00262,missed
CALL_000263,2022-02-08,PERSON_00263,PERSON_00406,848,PHONE_00263,voice
CALL_000264,2022-09-02,PERSON_00264,PERSON_00435,95,PHONE_00264,voice
CALL_000265,2023-02-07,PERSON_00265,PERSON_00014,96,PHONE_00265,missed
CALL_000266,2021-09-24,PERSON_00266,PERSON_00043,486,PHONE_00266,missed
CALL_000267,2023-05-26,PERSON_00267,PERSON_00072,475,PHONE_00267,voice
CALL_000268,2024-07-28,PERSON_00268,PERSON_00101,599,PHONE_00268,missed
CALL_000269,2021-11-01,PERSON_00269,PERSON_00130,344,PHONE_00269,voice
CALL_000270,2023-09-30,PERSON_00270,PERSON_00159,420,PHONE_00270,missed
CALL_000271,2023-01-14,PERSON_00271,PERSON_00410,79,PHONE_00271,voice
CALL_000272,2024-03-22,PERSON_00272,PERSON_00217,452,PHONE_00272,missed
CALL_000273,2024-05-01,PERSON_00273,PERSON_00246,97,PHONE_00273,missed
CALL_000274,2025-07-21,PERSON_00274,PERSON_00275,322,PHONE_00274,voice
CALL_000275,2024-06-13,PERSON_00275,PERSON_00304,171,PHONE_00275,voice
CALL_000276,2025-07-30,PERSON_00276,PERSON_00333,736,PHONE_00276,missed
CALL_000277,2024-09-27,PERSON_00277,PERSON_00362,45,PHONE_00277,voice
CALL_000278,2025-03-31,PERSON_00278,PERSON_00391,524,PHONE_00278,voice
CALL_000279,2025-11-28,PERSON_00279,PERSON_00420,289,PHONE_00279,voice
CALL_000280,2022-04-23,PERSON_00280,PERSON_00449,532,PHONE_00280,voice
CALL_000281,2022-07-31,PERSON_00281,PERSON_00028,394,PHONE_00281,voice
CALL_000282,2023-06-04,PERSON_00282,PERSON_00057,745,PHONE_00282,voice
CALL_000283,2026-02-22,PERSON_00283,PERSON_00086,664,PHONE_00283,missed
CALL_000284,2021-11-09,PERSON_00284,PERSON_00115,520,PHONE_00284,voice
CALL_000285,2025-01-21,PERSON_00285,PERSON_00144,128,PHONE_00285,missed
CALL_000286,2026-06-08,PERSON_00286,PERSON_00110,45,PHONE_00286,missed
CALL_000287,2023-07-30,PERSON_00287,PERSON_00202,484,PHONE_00287,missed
CALL_000288,2022-08-01,PERSON_00288,PERSON_00231,460,PHONE_00288,voice
CALL_000289,2023-08-29,PERSON_00289,PERSON_00260,773,PHONE_00289,voice
CALL_000290,2023-05-07,PERSON_00290,PERSON_00289,508,PHONE_00290,voice
CALL_000291,2026-02-02,PERSON_00291,PERSON_00439,150,PHONE_00291,missed
CALL_000292,2024-03-18,PERSON_00292,PERSON_00347,699,PHONE_00292,voice
CALL_000293,2024-06-18,PERSON_00293,PERSON_00376,164,PHONE_00293,voice
CALL_000294,2021-08-27,PERSON_00294,PERSON_00405,24,PHONE_00294,voice
CALL_000295,2022-08-02,PERSON_00295,PERSON_00434,28,PHONE_00295,voice
CALL_000296,2022-11-25,PERSON_00296,PERSON_00013,541,PHONE_00296,voice
CALL_000297,2022-05-01,PERSON_00297,PERSON_00042,828,PHONE_00297,voice
CALL_000298,2025-12-12,PERSON_00298,PERSON_00071,315,PHONE_00298,voice
CALL_000299,2021-03-01,PERSON_00299,PERSON_00100,856,PHONE_00299,missed
CALL_000300,2023-07-21,PERSON_00300,PERSON_00129,454,PHONE_00300,voice
CALL_000301,2022-01-08,PERSON_00301,PERSON_00429,12,PHONE_00301,missed
CALL_000302,2021-12-01,PERSON_00302,PERSON_00187,73,PHONE_00302,voice
CALL_000303,2024-08-29,PERSON_00303,PERSON_00216,286,PHONE_00303,missed
CALL_000304,2023-07-16,PERSON_00304,PERSON_00245,171,PHONE_00304,missed
CALL_000305,2022-01-08,PERSON_00305,PERSON_00274,232,PHONE_00305,voice
CALL_000306,2025-02-22,PERSON_00306,PERSON_00303,369,PHONE_00306,voice
CALL_000307,2021-12-04,PERSON_00307,PERSON_00332,752,PHONE_00307,voice
CALL_000308,2025-06-01,PERSON_00308,PERSON_00361,209,PHONE_00308,voice
CALL_000309,2026-05-09,PERSON_00309,PERSON_00390,305,PHONE_00309,voice
CALL_000310,2024-08-18,PERSON_00310,PERSON_00419,400,PHONE_00310,voice
CALL_000311,2025-01-08,PERSON_00311,PERSON_00448,491,PHONE_00311,voice
CALL_000312,2023-12-16,PERSON_00312,PERSON_00027,365,PHONE_00312,missed
CALL_000313,2022-12-02,PERSON_00313,PERSON_00056,444,PHONE_00313,voice
CALL_000314,2025-07-29,PERSON_00314,PERSON_00085,110,PHONE_00314,missed
CALL_000315,2021-09-11,PERSON_00315,PERSON_00114,157,PHONE_00315,voice
CALL_000316,2023-07-14,PERSON_00316,PERSON_00143,182,PHONE_00316,missed
CALL_000317,2025-01-20,PERSON_00317,PERSON_00172,758,PHONE_00317,missed
CALL_000318,2023-06-27,PERSON_00318,PERSON_00201,593,PHONE_00318,missed
CALL_000319,2025-03-07,PERSON_00319,PERSON_00230,180,PHONE_00319,missed
CALL_000320,2025-09-20,PERSON_00320,PERSON_00259,54,PHONE_00320,voice
CALL_000321,2023-09-04,PERSON_00321,PERSON_00318,71,PHONE_00321,voice
CALL_000322,2025-05-28,PERSON_00322,PERSON_00317,78,PHONE_00322,voice
CALL_000323,2023-08-07,PERSON_00323,PERSON_00346,379,PHONE_00323,voice
CALL_000324,2023-03-15,PERSON_00324,PERSON_00375,504,PHONE_00324,voice
CALL_000325,2023-10-23,PERSON_00325,PERSON_00404,790,PHONE_00325,voice
CALL_000326,2025-11-18,PERSON_00326,PERSON_00433,732,PHONE_00326,voice
CALL_000327,2021-03-29,PERSON_00327,PERSON_00012,434,PHONE_00327,voice
CALL_000328,2023-10-28,PERSON_00328,PERSON_00041,377,PHONE_00328,missed
CALL_000329,2026-05-11,PERSON_00329,PERSON_00070,804,PHONE_00329,missed
CALL_000330,2024-11-10,PERSON_00330,PERSON_00099,302,PHONE_00330,voice
CALL_000331,2023-04-11,PERSON_00331,PERSON_00202,180,PHONE_00331,voice
CALL_000332,2023-09-07,PERSON_00332,PERSON_00157,297,PHONE_00332,voice
CALL_000333,2025-08-15,PERSON_00333,PERSON_00186,298,PHONE_00333,missed
CALL_000334,2022-08-15,PERSON_00334,PERSON_00215,112,PHONE_00334,voice
CALL_000335,2023-04-23,PERSON_00335,PERSON_00244,452,PHONE_00335,voice
CALL_000336,2024-06-12,PERSON_00336,PERSON_00389,37,PHONE_00336,voice
CALL_000337,2021-06-18,PERSON_00337,PERSON_00302,373,PHONE_00337,missed
CALL_000338,2022-05-15,PERSON_00338,PERSON_00331,450,PHONE_00338,voice
CALL_000339,2025-08-29,PERSON_00339,PERSON_00360,817,PHONE_00339,voice
CALL_000340,2025-01-02,PERSON_00340,PERSON_00389,861,PHONE_00340,voice
CALL_000341,2026-06-01,PERSON_00341,PERSON_00418,575,PHONE_00341,voice
CALL_000342,2021-12-17,PERSON_00342,PERSON_00447,687,PHONE_00342,missed
CALL_000343,2022-02-01,PERSON_00343,PERSON_00026,204,PHONE_00343,missed
CALL_000344,2026-04-01,PERSON_00344,PERSON_00055,658,PHONE_00344,voice
CALL_000345,2025-01-19,PERSON_00345,PERSON_00084,197,PHONE_00345,voice
CALL_000346,2023-05-07,PERSON_00346,PERSON_00113,715,PHONE_00346,voice
CALL_000347,2021-07-15,PERSON_00347,PERSON_00142,483,PHONE_00347,voice
CALL_000348,2024-09-07,PERSON_00348,PERSON_00171,445,PHONE_00348,voice
CALL_000349,2022-05-11,PERSON_00349,PERSON_00200,247,PHONE_00349,voice
CALL_000350,2025-10-15,PERSON_00350,PERSON_00229,273,PHONE_00350,voice
CALL_000351,2025-12-20,PERSON_00351,PERSON_00258,626,PHONE_00351,voice
CALL_000352,2023-12-20,PERSON_00352,PERSON_00287,428,PHONE_00352,voice
CALL_000353,2024-05-29,PERSON_00353,PERSON_00316,279,PHONE_00353,missed
CALL_000354,2024-11-27,PERSON_00354,PERSON_00345,737,PHONE_00354,voice
CALL_000355,2024-08-17,PERSON_00355,PERSON_00374,697,PHONE_00355,voice
CALL_000356,2024-07-07,PERSON_00356,PERSON_00403,314,PHONE_00356,voice
CALL_000357,2026-02-02,PERSON_00357,PERSON_00432,215,PHONE_00357,missed
CALL_000358,2023-10-20,PERSON_00358,PERSON_00011,869,PHONE_00358,voice
CALL_000359,2024-06-16,PERSON_00359,PERSON_00040,85,PHONE_00359,voice
CALL_000360,2026-04-19,PERSON_00360,PERSON_00069,159,PHONE_00360,missed
CALL_000361,2025-05-08,PERSON_00361,PERSON_00098,207,PHONE_00361,missed
CALL_000362,2025-04-23,PERSON_00362,PERSON_00127,566,PHONE_00362,voice
CALL_000363,2021-09-04,PERSON_00363,PERSON_00156,839,PHONE_00363,missed
CALL_000364,2022-05-17,PERSON_00364,PERSON_00185,506,PHONE_00364,voice
CALL_000365,2021-09-23,PERSON_00365,PERSON_00214,656,PHONE_00365,missed
CALL_000366,2021-04-01,PERSON_00366,PERSON_00144,45,PHONE_00366,voice
CALL_000367,2026-06-16,PERSON_00367,PERSON_00272,215,PHONE_00367,missed
CALL_000368,2022-06-06,PERSON_00368,PERSON_00301,616,PHONE_00368,missed
CALL_000369,2025-09-10,PERSON_00369,PERSON_00330,511,PHONE_00369,voice
CALL_000370,2024-06-16,PERSON_00370,PERSON_00359,700,PHONE_00370,voice
CALL_000371,2023-02-21,PERSON_00371,PERSON_00128,78,PHONE_00371,missed
CALL_000372,2023-07-03,PERSON_00372,PERSON_00417,717,PHONE_00372,voice
CALL_000373,2022-02-11,PERSON_00373,PERSON_00446,421,PHONE_00373,voice
CALL_000374,2022-10-04,PERSON_00374,PERSON_00025,420,PHONE_00374,missed
CALL_000375,2024-08-15,PERSON_00375,PERSON_00054,547,PHONE_00375,voice
CALL_000376,2025-09-12,PERSON_00376,PERSON_00154,83,PHONE_00376,missed
CALL_000377,2024-12-21,PERSON_00377,PERSON_00112,424,PHONE_00377,voice
CALL_000378,2021-12-31,PERSON_00378,PERSON_00141,35,PHONE_00378,voice
CALL_000379,2025-01-04,PERSON_00379,PERSON_00170,33,PHONE_00379,missed
CALL_000380,2021-09-25,PERSON_00380,PERSON_00199,830,PHONE_00380,voice
CALL_000381,2024-06-02,PERSON_00381,PERSON_00030,145,PHONE_00381,missed
CALL_000382,2024-01-08,PERSON_00382,PERSON_00257,29,PHONE_00382,missed
CALL_000383,2023-12-14,PERSON_00383,PERSON_00286,120,PHONE_00383,missed
CALL_000384,2023-12-10,PERSON_00384,PERSON_00315,506,PHONE_00384,voice
CALL_000385,2023-10-01,PERSON_00385,PERSON_00344,49,PHONE_00385,voice
CALL_000386,2025-04-10,PERSON_00386,PERSON_00373,195,PHONE_00386,voice
CALL_000387,2021-08-14,PERSON_00387,PERSON_00402,860,PHONE_00387,voice
CALL_000388,2023-08-17,PERSON_00388,PERSON_00431,494,PHONE_00388,missed
CALL_000389,2024-06-14,PERSON_00389,PERSON_00010,582,PHONE_00389,voice
CALL_000390,2026-03-26,PERSON_00390,PERSON_00039,473,PHONE_00390,missed
CALL_000391,2022-02-09,PERSON_00391,PERSON_00065,110,PHONE_00391,voice
CALL_000392,2026-03-29,PERSON_00392,PERSON_00097,276,PHONE_00392,voice
CALL_000393,2026-01-12,PERSON_00393,PERSON_00126,790,PHONE_00393,missed
CALL_000394,2023-03-20,PERSON_00394,PERSON_00155,538,PHONE_00394,missed
CALL_000395,2021-07-08,PERSON_00395,PERSON_00184,670,PHONE_00395,missed
CALL_000396,2024-12-10,PERSON_00396,PERSON_00213,163,PHONE_00396,voice
CALL_000397,2023-05-24,PERSON_00397,PERSON_00242,818,PHONE_00397,missed
CALL_000398,2023-09-20,PERSON_00398,PERSON_00271,870,PHONE_00398,missed
CALL_000399,2023-02-04,PERSON_00399,PERSON_00300,705,PHONE_00399,voice
CALL_000400,2021-07-16,PERSON_00400,PERSON_00329,369,PHONE_00400,voice
CALL_000401,2022-09-24,PERSON_00401,PERSON_00182,129,PHONE_00401,missed
CALL_000402,2021-10-24,PERSON_00402,PERSON_00387,125,PHONE_00402,voice
CALL_000403,2023-08-02,PERSON_00403,PERSON_00416,518,PHONE_00403,missed
CALL_000404,2022-02-24,PERSON_00404,PERSON_00445,642,PHONE_00404,voice
CALL_000405,2026-05-25,PERSON_00405,PERSON_00024,879,PHONE_00405,missed
CALL_000406,2022-09-04,PERSON_00406,PERSON_00110,178,PHONE_00406,voice
CALL_000407,2021-06-01,PERSON_00407,PERSON_00082,248,PHONE_00407,voice
CALL_000408,2024-02-06,PERSON_00408,PERSON_00111,245,PHONE_00408,voice
CALL_000409,2022-07-29,PERSON_00409,PERSON_00140,771,PHONE_00409,voice
CALL_000410,2021-01-26,PERSON_00410,PERSON_00169,263,PHONE_00410,voice
CALL_000411,2024-10-06,PERSON_00411,PERSON_00006,103,PHONE_00411,voice
CALL_000412,2024-03-10,PERSON_00412,PERSON_00227,712,PHONE_00412,missed
CALL_000413,2025-04-30,PERSON_00413,PERSON_00256,751,PHONE_00413,voice
CALL_000414,2024-03-31,PERSON_00414,PERSON_00285,607,PHONE_00414,voice
CALL_000415,2025-06-07,PERSON_00415,PERSON_00314,731,PHONE_00415,missed
CALL_000416,2026-03-07,PERSON_00416,PERSON_00343,255,PHONE_00416,voice
CALL_000417,2024-05-31,PERSON_00417,PERSON_00372,403,PHONE_00417,missed
CALL_000418,2024-03-14,PERSON_00418,PERSON_00401,230,PHONE_00418,missed
CALL_000419,2024-07-11,PERSON_00419,PERSON_00430,455,PHONE_00419,missed
CALL_000420,2022-07-21,PERSON_00420,PERSON_00009,898,PHONE_00420,voice
CALL_000421,2024-04-24,PERSON_00421,PERSON_00038,75,PHONE_00421,voice
CALL_000422,2022-10-10,PERSON_00422,PERSON_00067,847,PHONE_00422,voice
CALL_000423,2022-07-03,PERSON_00423,PERSON_00096,576,PHONE_00423,voice
CALL_000424,2023-11-05,PERSON_00424,PERSON_00125,804,PHONE_00424,voice
CALL_000425,2021-12-27,PERSON_00425,PERSON_00154,425,PHONE_00425,voice
CALL_000426,2026-04-12,PERSON_00426,PERSON_00183,677,PHONE_00426,voice
CALL_000427,2021-12-22,PERSON_00427,PERSON_00212,773,PHONE_00427,missed
CALL_000428,2024-10-29,PERSON_00428,PERSON_00241,385,PHONE_00428,missed
CALL_000429,2021-08-18,PERSON_00429,PERSON_00270,804,PHONE_00429,missed
CALL_000430,2025-07-22,PERSON_00430,PERSON_00299,25,PHONE_00430,voice
CALL_000431,2021-12-22,PERSON_00431,PERSON_00328,176,PHONE_00431,missed
CALL_000432,2025-10-22,PERSON_00432,PERSON_00357,602,PHONE_00432,voice
CALL_000433,2025-03-16,PERSON_00433,PERSON_00386,763,PHONE_00433,missed
CALL_000434,2021-10-05,PERSON_00434,PERSON_00415,389,PHONE_00434,voice
CALL_000435,2025-05-06,PERSON_00435,PERSON_00444,53,PHONE_00435,voice
CALL_000436,2025-08-06,PERSON_00436,PERSON_00350,92,PHONE_00436,voice
CALL_000437,2025-11-03,PERSON_00437,PERSON_00052,441,PHONE_00437,voice
CALL_000438,2024-09-09,PERSON_00438,PERSON_00081,304,PHONE_00438,voice
CALL_000439,2022-03-23,PERSON_00439,PERSON_00110,289,PHONE_00439,voice
CALL_000440,2025-07-06,PERSON_00440,PERSON_00139,169,PHONE_00440,voice
CALL_000441,2026-04-16,PERSON_00441,PERSON_00168,783,PHONE_00441,voice
CALL_000442,2023-07-04,PERSON_00442,PERSON_00197,154,PHONE_00442,voice
CALL_000443,2026-06-17,PERSON_00443,PERSON_00226,705,PHONE_00443,voice
CALL_000444,2022-01-14,PERSON_00444,PERSON_00255,681,PHONE_00444,voice
CALL_000445,2021-09-07,PERSON_00445,PERSON_00284,836,PHONE_00445,voice
CALL_000446,2022-10-23,PERSON_00446,PERSON_00313,71,PHONE_00446,missed
CALL_000447,2022-07-30,PERSON_00447,PERSON_00342,403,PHONE_00447,voice
CALL_000448,2026-01-21,PERSON_00448,PERSON_00371,312,PHONE_00448,missed
CALL_000449,2022-07-02,PERSON_00449,PERSON_00400,587,PHONE_00449,missed
CALL_000450,2024-05-22,PERSON_00450,PERSON_00429,467,PHONE_00450,voice
CALL_000451,2023-11-16,PERSON_00001,PERSON_00008,831,PHONE_00001,missed
CALL_000452,2026-03-14,PERSON_00002,PERSON_00037,445,PHONE_00002,voice
CALL_000453,2021-06-03,PERSON_00003,PERSON_00066,763,PHONE_00003,voice
CALL_000454,2023-10-12,PERSON_00004,PERSON_00095,307,PHONE_00004,missed
CALL_000455,2021-07-09,PERSON_00005,PERSON_00124,613,PHONE_00005,missed
CALL_000456,2024-12-17,PERSON_00006,PERSON_00355,136,PHONE_00006,voice
CALL_000457,2021-07-12,PERSON_00007,PERSON_00182,82,PHONE_00007,missed
CALL_000458,2022-07-11,PERSON_00008,PERSON_00211,267,PHONE_00008,missed
CALL_000459,2022-03-16,PERSON_00009,PERSON_00240,423,PHONE_00009,voice
CALL_000460,2023-12-04,PERSON_00010,PERSON_00269,387,PHONE_00010,voice
CALL_000461,2025-09-04,PERSON_00011,PERSON_00298,352,PHONE_00011,voice
CALL_000462,2024-02-16,PERSON_00012,PERSON_00327,214,PHONE_00012,voice
CALL_000463,2022-09-13,PERSON_00013,PERSON_00356,727,PHONE_00013,missed
CALL_000464,2024-11-29,PERSON_00014,PERSON_00385,238,PHONE_00014,missed
CALL_000465,2024-04-22,PERSON_00015,PERSON_00414,558,PHONE_00015,voice
CALL_000466,2023-01-06,PERSON_00016,PERSON_00101,145,PHONE_00016,voice
CALL_000467,2024-04-11,PERSON_00017,PERSON_00022,724,PHONE_00017,missed
CALL_000468,2025-02-27,PERSON_00018,PERSON_00051,675,PHONE_00018,voice
CALL_000469,2025-09-28,PERSON_00019,PERSON_00080,775,PHONE_00019,voice
CALL_000470,2025-10-16,PERSON_00020,PERSON_00109,18,PHONE_00020,voice
CALL_000471,2025-02-08,PERSON_00021,PERSON_00244,93,PHONE_00021,voice
CALL_000472,2022-09-22,PERSON_00022,PERSON_00167,736,PHONE_00022,voice
CALL_000473,2025-09-07,PERSON_00023,PERSON_00196,895,PHONE_00023,missed
CALL_000474,2023-12-16,PERSON_00024,PERSON_00225,27,PHONE_00024,missed
CALL_000475,2023-10-23,PERSON_00025,PERSON_00254,245,PHONE_00025,missed
CALL_000476,2022-06-27,PERSON_00026,PERSON_00283,867,PHONE_00026,missed
CALL_000477,2024-10-05,PERSON_00027,PERSON_00312,631,PHONE_00027,voice
CALL_000478,2022-06-23,PERSON_00028,PERSON_00341,309,PHONE_00028,missed
CALL_000479,2024-10-27,PERSON_00029,PERSON_00370,843,PHONE_00029,voice
CALL_000480,2025-08-16,PERSON_00030,PERSON_00399,98,PHONE_00030,voice
CALL_000481,2025-09-26,PERSON_00031,PERSON_00428,388,PHONE_00031,voice
CALL_000482,2024-03-09,PERSON_00032,PERSON_00007,353,PHONE_00032,voice
CALL_000483,2023-03-26,PERSON_00033,PERSON_00036,785,PHONE_00033,voice
CALL_000484,2021-12-09,PERSON_00034,PERSON_00065,594,PHONE_00034,missed
CALL_000485,2024-08-09,PERSON_00035,PERSON_00094,23,PHONE_00035,missed
CALL_000486,2024-08-24,PERSON_00036,PERSON_00123,651,PHONE_00036,voice
CALL_000487,2025-10-05,PERSON_00037,PERSON_00152,111,PHONE_00037,voice
CALL_000488,2025-08-20,PERSON_00038,PERSON_00181,800,PHONE_00038,missed
CALL_000489,2021-10-17,PERSON_00039,PERSON_00210,294,PHONE_00039,voice
CALL_000490,2024-02-21,PERSON_00040,PERSON_00239,809,PHONE_00040,voice
CALL_000491,2026-02-27,PERSON_00041,PERSON_00268,810,PHONE_00041,voice
CALL_000492,2021-08-01,PERSON_00042,PERSON_00297,875,PHONE_00042,voice
CALL_000493,2026-05-17,PERSON_00043,PERSON_00326,541,PHONE_00043,missed
CALL_000494,2024-11-25,PERSON_00044,PERSON_00355,624,PHONE_00044,missed
CALL_000495,2022-12-30,PERSON_00045,PERSON_00384,645,PHONE_00045,voice
CALL_000496,2023-06-15,PERSON_00046,PERSON_00292,58,PHONE_00046,voice
CALL_000497,2025-10-31,PERSON_00047,PERSON_00442,443,PHONE_00047,voice
CALL_000498,2023-02-09,PERSON_00048,PERSON_00021,677,PHONE_00048,voice
CALL_000499,2021-02-08,PERSON_00049,PERSON_00050,681,PHONE_00049,voice
CALL_000500,2026-04-13,PERSON_00050,PERSON_00079,225,PHONE_00050,voice
CALL_000501,2021-10-11,PERSON_00051,PERSON_00108,648,PHONE_00051,voice
CALL_000502,2022-12-20,PERSON_00052,PERSON_00137,134,PHONE_00052,voice
CALL_000503,2023-02-17,PERSON_00053,PERSON_00166,175,PHONE_00053,voice
CALL_000504,2023-12-06,PERSON_00054,PERSON_00195,725,PHONE_00054,voice
CALL_000505,2025-06-21,PERSON_00055,PERSON_00224,47,PHONE_00055,missed
CALL_000506,2024-02-12,PERSON_00056,PERSON_00253,607,PHONE_00056,missed
CALL_000507,2021-01-16,PERSON_00057,PERSON_00282,891,PHONE_00057,missed
CALL_000508,2021-09-09,PERSON_00058,PERSON_00311,610,PHONE_00058,voice
CALL_000509,2022-01-14,PERSON_00059,PERSON_00340,170,PHONE_00059,voice
CALL_000510,2022-11-30,PERSON_00060,PERSON_00369,900,PHONE_00060,missed
CALL_000511,2024-12-10,PERSON_00061,PERSON_00321,54,PHONE_00061,voice
CALL_000512,2021-01-14,PERSON_00062,PERSON_00427,519,PHONE_00062,voice
CALL_000513,2022-07-15,PERSON_00063,PERSON_00006,353,PHONE_00063,voice
CALL_000514,2021-12-25,PERSON_00064,PERSON_00035,170,PHONE_00064,missed
CALL_000515,2024-12-09,PERSON_00065,PERSON_00064,622,PHONE_00065,missed
CALL_000516,2021-05-17,PERSON_00066,PERSON_00093,94,PHONE_00066,voice
CALL_000517,2023-12-19,PERSON_00067,PERSON_00122,112,PHONE_00067,voice
CALL_000518,2024-12-11,PERSON_00068,PERSON_00151,781,PHONE_00068,voice
CALL_000519,2023-06-12,PERSON_00069,PERSON_00180,56,PHONE_00069,voice
CALL_000520,2022-07-27,PERSON_00070,PERSON_00209,489,PHONE_00070,voice
CALL_000521,2023-02-24,PERSON_00071,PERSON_00238,58,PHONE_00071,missed
CALL_000522,2022-09-24,PERSON_00072,PERSON_00267,207,PHONE_00072,voice
CALL_000523,2022-04-09,PERSON_00073,PERSON_00296,371,PHONE_00073,voice
CALL_000524,2026-03-08,PERSON_00074,PERSON_00325,577,PHONE_00074,voice
CALL_000525,2023-03-31,PERSON_00075,PERSON_00354,73,PHONE_00075,voice
CALL_000526,2024-10-07,PERSON_00076,PERSON_00401,134,PHONE_00076,voice
CALL_000527,2022-12-16,PERSON_00077,PERSON_00412,223,PHONE_00077,voice
CALL_000528,2023-04-06,PERSON_00078,PERSON_00441,652,PHONE_00078,missed
CALL_000529,2024-09-18,PERSON_00079,PERSON_00020,46,PHONE_00079,voice
CALL_000530,2025-11-29,PERSON_00080,PERSON_00049,239,PHONE_00080,voice
CALL_000531,2022-07-14,PERSON_00081,PERSON_00355,109,PHONE_00081,missed
CALL_000532,2022-12-05,PERSON_00082,PERSON_00107,900,PHONE_00082,missed
CALL_000533,2025-02-01,PERSON_00083,PERSON_00136,470,PHONE_00083,voice
CALL_000534,2024-07-20,PERSON_00084,PERSON_00165,815,PHONE_00084,voice
CALL_000535,2024-06-27,PERSON_00085,PERSON_00194,808,PHONE_00085,voice
CALL_000536,2021-05-06,PERSON_00086,PERSON_00219,174,PHONE_00086,voice
CALL_000537,2023-08-03,PERSON_00087,PERSON_00252,508,PHONE_00087,voice
CALL_000538,2023-09-06,PERSON_00088,PERSON_00281,473,PHONE_00088,missed
CALL_000539,2024-04-21,PERSON_00089,PERSON_00310,641,PHONE_00089,voice
CALL_000540,2021-10-15,PERSON_00090,PERSON_00339,371,PHONE_00090,voice
CALL_000541,2026-02-18,PERSON_00091,PERSON_00368,421,PHONE_00091,voice
CALL_000542,2022-03-31,PERSON_00092,PERSON_00397,673,PHONE_00092,voice
CALL_000543,2021-04-10,PERSON_00093,PERSON_00426,621,PHONE_00093,missed
CALL_000544,2025-11-09,PERSON_00094,PERSON_00005,585,PHONE_00094,voice
CALL_000545,2023-06-19,PERSON_00095,PERSON_00034,395,PHONE_00095,voice
CALL_000546,2022-06-26,PERSON_00096,PERSON_00063,18,PHONE_00096,voice
CALL_000547,2026-02-28,PERSON_00097,PERSON_00092,753,PHONE_00097,missed
CALL_000548,2025-08-29,PERSON_00098,PERSON_00121,86,PHONE_00098,missed
CALL_000549,2024-06-19,PERSON_00099,PERSON_00150,875,PHONE_00099,voice
CALL_000550,2021-08-13,PERSON_00100,PERSON_00179,677,PHONE_00100,voice
CALL_000551,2025-10-19,PERSON_00101,PERSON_00101,115,PHONE_00101,voice
CALL_000552,2026-02-01,PERSON_00102,PERSON_00237,799,PHONE_00102,missed
CALL_000553,2024-09-24,PERSON_00103,PERSON_00266,852,PHONE_00103,missed
CALL_000554,2023-07-21,PERSON_00104,PERSON_00295,437,PHONE_00104,voice
CALL_000555,2024-01-17,PERSON_00105,PERSON_00324,21,PHONE_00105,voice
CALL_000556,2024-05-11,PERSON_00106,PERSON_00171,123,PHONE_00106,voice
CALL_000557,2022-10-06,PERSON_00107,PERSON_00382,820,PHONE_00107,voice
CALL_000558,2021-07-18,PERSON_00108,PERSON_00411,895,PHONE_00108,voice
CALL_000559,2025-07-23,PERSON_00109,PERSON_00440,223,PHONE_00109,voice
CALL_000560,2023-12-04,PERSON_00110,PERSON_00019,604,PHONE_00110,voice
CALL_000561,2021-11-22,PERSON_00111,PERSON_00048,839,PHONE_00111,voice
CALL_000562,2023-07-15,PERSON_00112,PERSON_00077,483,PHONE_00112,voice
CALL_000563,2023-08-24,PERSON_00113,PERSON_00106,222,PHONE_00113,missed
CALL_000564,2022-10-17,PERSON_00114,PERSON_00135,546,PHONE_00114,voice
CALL_000565,2026-01-10,PERSON_00115,PERSON_00164,286,PHONE_00115,missed
CALL_000566,2023-04-29,PERSON_00116,PERSON_00193,82,PHONE_00116,missed
CALL_000567,2021-11-29,PERSON_00117,PERSON_00222,557,PHONE_00117,voice
CALL_000568,2022-01-18,PERSON_00118,PERSON_00251,810,PHONE_00118,missed
CALL_000569,2025-09-02,PERSON_00119,PERSON_00280,376,PHONE_00119,voice
CALL_000570,2021-07-07,PERSON_00120,PERSON_00309,27,PHONE_00120,voice
CALL_000571,2026-05-15,PERSON_00121,PERSON_00338,719,PHONE_00121,voice
CALL_000572,2021-01-21,PERSON_00122,PERSON_00367,95,PHONE_00122,voice
CALL_000573,2024-02-12,PERSON_00123,PERSON_00396,734,PHONE_00123,voice
CALL_000574,2026-01-18,PERSON_00124,PERSON_00425,755,PHONE_00124,voice
CALL_000575,2025-06-21,PERSON_00125,PERSON_00004,112,PHONE_00125,missed
CALL_000576,2021-11-21,PERSON_00126,PERSON_00038,133,PHONE_00126,voice
CALL_000577,2023-04-04,PERSON_00127,PERSON_00062,806,PHONE_00127,missed
CALL_000578,2025-12-25,PERSON_00128,PERSON_00091,757,PHONE_00128,voice
CALL_000579,2023-09-13,PERSON_00129,PERSON_00120,598,PHONE_00129,voice
CALL_000580,2025-11-07,PERSON_00130,PERSON_00149,76,PHONE_00130,voice
CALL_000581,2025-06-26,PERSON_00131,PERSON_00178,339,PHONE_00131,missed
CALL_000582,2023-11-09,PERSON_00132,PERSON_00207,376,PHONE_00132,missed
CALL_000583,2023-03-28,PERSON_00133,PERSON_00236,39,PHONE_00133,voice
CALL_000584,2021-10-15,PERSON_00134,PERSON_00265,316,PHONE_00134,voice
CALL_000585,2022-11-21,PERSON_00135,PERSON_00294,262,PHONE_00135,voice
CALL_000586,2021-06-26,PERSON_00136,PERSON_00323,256,PHONE_00136,voice
CALL_000587,2026-05-10,PERSON_00137,PERSON_00352,767,PHONE_00137,voice
CALL_000588,2021-03-03,PERSON_00138,PERSON_00381,681,PHONE_00138,voice
CALL_000589,2025-08-13,PERSON_00139,PERSON_00410,736,PHONE_00139,voice
CALL_000590,2022-12-18,PERSON_00140,PERSON_00439,893,PHONE_00140,voice
CALL_000591,2025-06-27,PERSON_00141,PERSON_00292,46,PHONE_00141,missed
CALL_000592,2025-06-26,PERSON_00142,PERSON_00047,267,PHONE_00142,missed
CALL_000593,2022-08-15,PERSON_00143,PERSON_00076,830,PHONE_00143,missed
CALL_000594,2023-06-04,PERSON_00144,PERSON_00105,717,PHONE_00144,voice
CALL_000595,2023-09-23,PERSON_00145,PERSON_00134,749,PHONE_00145,voice
CALL_000596,2022-10-24,PERSON_00146,PERSON_00163,63,PHONE_00146,voice
CALL_000597,2025-05-31,PERSON_00147,PERSON_00192,811,PHONE_00147,voice
CALL_000598,2021-11-07,PERSON_00148,PERSON_00221,307,PHONE_00148,missed
CALL_000599,2025-05-17,PERSON_00149,PERSON_00250,220,PHONE_00149,voice
CALL_000600,2024-02-04,PERSON_00150,PERSON_00279,492,PHONE_00150,voice
CALL_000601,2023-09-26,PERSON_00151,PERSON_00308,762,PHONE_00151,voice
CALL_000602,2022-12-26,PERSON_00152,PERSON_00337,541,PHONE_00152,voice
CALL_000603,2023-07-29,PERSON_00153,PERSON_00366,419,PHONE_00153,voice
CALL_000604,2021-11-03,PERSON_00154,PERSON_00395,288,PHONE_00154,voice
CALL_000605,2021-02-10,PERSON_00155,PERSON_00424,158,PHONE_00155,missed
CALL_000606,2023-02-07,PERSON_00156,PERSON_00237,131,PHONE_00156,voice
CALL_000607,2025-01-29,PERSON_00157,PERSON_00032,528,PHONE_00157,voice
CALL_000608,2023-09-12,PERSON_00158,PERSON_00061,301,PHONE_00158,voice
CALL_000609,2023-06-06,PERSON_00159,PERSON_00090,43,PHONE_00159,voice
CALL_000610,2025-09-15,PERSON_00160,PERSON_00119,62,PHONE_00160,missed
CALL_000611,2024-03-11,PERSON_00161,PERSON_00219,61,PHONE_00161,missed
CALL_000612,2021-02-14,PERSON_00162,PERSON_00177,639,PHONE_00162,voice
CALL_000613,2021-06-15,PERSON_00163,PERSON_00206,740,PHONE_00163,voice
CALL_000614,2021-04-24,PERSON_00164,PERSON_00235,395,PHONE_00164,voice
CALL_000615,2024-05-11,PERSON_00165,PERSON_00264,551,PHONE_00165,voice
CALL_000616,2025-11-22,PERSON_00166,PERSON_00268,73,PHONE_00166,voice
CALL_000617,2024-02-16,PERSON_00167,PERSON_00322,245,PHONE_00167,missed
CALL_000618,2024-05-08,PERSON_00168,PERSON_00351,572,PHONE_00168,voice
CALL_000619,2026-04-05,PERSON_00169,PERSON_00380,313,PHONE_00169,voice
CALL_000620,2026-01-30,PERSON_00170,PERSON_00409,43,PHONE_00170,voice
CALL_000621,2024-04-15,PERSON_00171,PERSON_00127,151,PHONE_00171,voice
CALL_000622,2022-03-19,PERSON_00172,PERSON_00017,496,PHONE_00172,voice
CALL_000623,2022-12-11,PERSON_00173,PERSON_00046,126,PHONE_00173,missed
CALL_000624,2022-12-01,PERSON_00174,PERSON_00075,275,PHONE_00174,voice
CALL_000625,2023-02-14,PERSON_00175,PERSON_00104,595,PHONE_00175,missed
CALL_000626,2026-06-26,PERSON_00176,PERSON_00133,667,PHONE_00176,voice
CALL_000627,2023-12-22,PERSON_00177,PERSON_00162,161,PHONE_00177,voice
CALL_000628,2023-06-02,PERSON_00178,PERSON_00191,787,PHONE_00178,voice
CALL_000629,2023-10-03,PERSON_00179,PERSON_00220,432,PHONE_00179,voice
CALL_000630,2024-03-15,PERSON_00180,PERSON_00249,42,PHONE_00180,voice
CALL_000631,2024-12-16,PERSON_00181,PERSON_00278,745,PHONE_00181,voice
CALL_000632,2023-09-29,PERSON_00182,PERSON_00307,734,PHONE_00182,voice
CALL_000633,2021-12-14,PERSON_00183,PERSON_00336,603,PHONE_00183,voice
CALL_000634,2022-05-28,PERSON_00184,PERSON_00365,326,PHONE_00184,missed
CALL_000635,2023-07-11,PERSON_00185,PERSON_00394,296,PHONE_00185,voice
CALL_000636,2024-03-12,PERSON_00186,PERSON_00423,31,PHONE_00186,missed
CALL_000637,2024-03-09,PERSON_00187,PERSON_00002,665,PHONE_00187,voice
CALL_000638,2023-05-06,PERSON_00188,PERSON_00031,620,PHONE_00188,voice
CALL_000639,2025-10-15,PERSON_00189,PERSON_00060,790,PHONE_00189,voice
CALL_000640,2022-04-23,PERSON_00190,PERSON_00089,819,PHONE_00190,voice
CALL_000641,2023-07-15,PERSON_00191,PERSON_00093,67,PHONE_00191,missed
CALL_000642,2021-02-03,PERSON_00192,PERSON_00147,795,PHONE_00192,voice
CALL_000643,2021-03-26,PERSON_00193,PERSON_00176,519,PHONE_00193,voice
CALL_000644,2021-02-23,PERSON_00194,PERSON_00205,730,PHONE_00194,voice
CALL_000645,2023-11-01,PERSON_00195,PERSON_00234,376,PHONE_00195,missed
CALL_000646,2024-11-16,PERSON_00196,PERSON_00014,62,PHONE_00196,voice
CALL_000647,2025-04-14,PERSON_00197,PERSON_00292,180,PHONE_00197,missed
CALL_000648,2026-04-26,PERSON_00198,PERSON_00321,758,PHONE_00198,missed
CALL_000649,2021-04-12,PERSON_00199,PERSON_00350,329,PHONE_00199,voice
CALL_000650,2021-02-25,PERSON_00200,PERSON_00379,195,PHONE_00200,missed
CALL_000651,2023-05-24,PERSON_00201,PERSON_00408,262,PHONE_00201,missed
CALL_000652,2022-03-29,PERSON_00202,PERSON_00437,158,PHONE_00202,voice
CALL_000653,2022-10-21,PERSON_00203,PERSON_00016,258,PHONE_00203,voice
CALL_000654,2022-11-17,PERSON_00204,PERSON_00045,867,PHONE_00204,voice
CALL_000655,2025-07-06,PERSON_00205,PERSON_00074,570,PHONE_00205,missed
CALL_000656,2021-02-06,PERSON_00206,PERSON_00103,381,PHONE_00206,voice
CALL_000657,2021-08-15,PERSON_00207,PERSON_00132,740,PHONE_00207,voice
CALL_000658,2026-02-15,PERSON_00208,PERSON_00161,572,PHONE_00208,voice
CALL_000659,2022-03-04,PERSON_00209,PERSON_00190,382,PHONE_00209,voice
CALL_000660,2022-05-26,PERSON_00210,PERSON_00219,729,PHONE_00210,voice
CALL_000661,2025-12-13,PERSON_00211,PERSON_00248,809,PHONE_00211,voice
CALL_000662,2024-01-04,PERSON_00212,PERSON_00277,473,PHONE_00212,missed
CALL_000663,2025-12-24,PERSON_00213,PERSON_00306,594,PHONE_00213,voice
CALL_000664,2022-05-24,PERSON_00214,PERSON_00335,35,PHONE_00214,missed
CALL_000665,2023-05-30,PERSON_00215,PERSON_00364,482,PHONE_00215,voice
CALL_000666,2026-03-08,PERSON_00216,PERSON_00411,92,PHONE_00216,voice
CALL_000667,2025-07-01,PERSON_00217,PERSON_00422,67,PHONE_00217,voice
CALL_000668,2021-04-02,PERSON_00218,PERSON_00001,86,PHONE_00218,missed
CALL_000669,2021-11-16,PERSON_00219,PERSON_00030,804,PHONE_00219,missed
CALL_000670,2021-01-28,PERSON_00220,PERSON_00059,884,PHONE_00220,missed
CALL_000671,2025-01-25,PERSON_00221,PERSON_00110,140,PHONE_00221,missed
CALL_000672,2022-04-20,PERSON_00222,PERSON_00117,551,PHONE_00222,voice
CALL_000673,2022-07-09,PERSON_00223,PERSON_00146,610,PHONE_00223,voice
CALL_000674,2025-04-10,PERSON_00224,PERSON_00175,473,PHONE_00224,voice
CALL_000675,2024-06-15,PERSON_00225,PERSON_00204,634,PHONE_00225,missed
CALL_000676,2026-03-15,PERSON_00226,PERSON_00076,10,PHONE_00226,voice
CALL_000677,2023-05-26,PERSON_00227,PERSON_00262,874,PHONE_00227,missed
CALL_000678,2025-10-20,PERSON_00228,PERSON_00291,192,PHONE_00228,voice
CALL_000679,2021-10-19,PERSON_00229,PERSON_00320,823,PHONE_00229,voice
CALL_000680,2022-07-23,PERSON_00230,PERSON_00349,695,PHONE_00230,voice
CALL_000681,2026-02-24,PERSON_00231,PERSON_00038,150,PHONE_00231,voice
CALL_000682,2026-02-02,PERSON_00232,PERSON_00407,108,PHONE_00232,missed
CALL_000683,2024-05-06,PERSON_00233,PERSON_00436,511,PHONE_00233,voice
CALL_000684,2023-03-29,PERSON_00234,PERSON_00015,160,PHONE_00234,voice
CALL_000685,2021-03-13,PERSON_00235,PERSON_00044,364,PHONE_00235,voice
CALL_000686,2022-03-23,PERSON_00236,PERSON_00073,564,PHONE_00236,voice
CALL_000687,2021-03-05,PERSON_00237,PERSON_00102,577,PHONE_00237,voice
CALL_000688,2025-12-25,PERSON_00238,PERSON_00131,402,PHONE_00238,missed
CALL_000689,2021-03-20,PERSON_00239,PERSON_00160,483,PHONE_00239,voice
CALL_000690,2024-10-09,PERSON_00240,PERSON_00189,774,PHONE_00240,missed
CALL_000691,2024-11-14,PERSON_00241,PERSON_00076,140,PHONE_00241,missed
CALL_000692,2024-07-17,PERSON_00242,PERSON_00247,464,PHONE_00242,voice
CALL_000693,2025-08-08,PERSON_00243,PERSON_00276,824,PHONE_00243,voice
CALL_000694,2023-11-24,PERSON_00244,PERSON_00305,229,PHONE_00244,missed
CALL_000695,2024-04-24,PERSON_00245,PERSON_00334,288,PHONE_00245,voice
CALL_000696,2026-05-24,PERSON_00246,PERSON_00363,370,PHONE_00246,voice
CALL_000697,2021-03-09,PERSON_00247,PERSON_00392,647,PHONE_00247,voice
CALL_000698,2021-09-07,PERSON_00248,PERSON_00421,459,PHONE_00248,missed
CALL_000699,2024-12-16,PERSON_00249,PERSON_00450,661,PHONE_00249,missed
CALL_000700,2026-02-06,PERSON_00250,PERSON_00029,118,PHONE_00250,voice
CALL_000701,2023-10-26,PERSON_00251,PERSON_00058,142,PHONE_00251,missed
CALL_000702,2025-03-29,PERSON_00252,PERSON_00087,199,PHONE_00252,voice
CALL_000703,2023-09-02,PERSON_00253,PERSON_00116,559,PHONE_00253,voice
CALL_000704,2024-12-31,PERSON_00254,PERSON_00145,812,PHONE_00254,voice
CALL_000705,2025-07-11,PERSON_00255,PERSON_00174,195,PHONE_00255,voice
CALL_000706,2021-07-24,PERSON_00256,PERSON_00205,127,PHONE_00256,voice
CALL_000707,2021-12-27,PERSON_00257,PERSON_00232,888,PHONE_00257,voice
CALL_000708,2021-01-31,PERSON_00258,PERSON_00261,702,PHONE_00258,voice
CALL_000709,2024-02-20,PERSON_00259,PERSON_00290,884,PHONE_00259,missed
CALL_000710,2025-02-19,PERSON_00260,PERSON_00319,17,PHONE_00260,voice
CALL_000711,2021-02-16,PERSON_00261,PERSON_00348,377,PHONE_00261,missed
CALL_000712,2024-11-10,PERSON_00262,PERSON_00377,401,PHONE_00262,voice
CALL_000713,2024-09-26,PERSON_00263,PERSON_00406,169,PHONE_00263,voice
CALL_000714,2024-06-27,PERSON_00264,PERSON_00435,700,PHONE_00264,voice
CALL_000715,2024-06-14,PERSON_00265,PERSON_00014,302,PHONE_00265,voice
CALL_000716,2023-07-23,PERSON_00266,PERSON_00043,753,PHONE_00266,voice
CALL_000717,2022-07-03,PERSON_00267,PERSON_00072,244,PHONE_00267,voice
CALL_000718,2024-03-17,PERSON_00268,PERSON_00101,585,PHONE_00268,voice
CALL_000719,2026-03-02,PERSON_00269,PERSON_00130,43,PHONE_00269,voice
CALL_000720,2026-06-20,PERSON_00270,PERSON_00159,738,PHONE_00270,missed
CALL_000721,2023-10-15,PERSON_00271,PERSON_00093,90,PHONE_00271,voice
CALL_000722,2022-10-25,PERSON_00272,PERSON_00217,351,PHONE_00272,voice
CALL_000723,2021-05-21,PERSON_00273,PERSON_00246,883,PHONE_00273,voice
CALL_000724,2023-05-24,PERSON_00274,PERSON_00275,804,PHONE_00274,voice
CALL_000725,2024-04-12,PERSON_00275,PERSON_00304,374,PHONE_00275,voice
CALL_000726,2022-05-28,PERSON_00276,PERSON_00333,254,PHONE_00276,missed
CALL_000727,2022-02-16,PERSON_00277,PERSON_00362,253,PHONE_00277,missed
CALL_000728,2021-05-11,PERSON_00278,PERSON_00391,624,PHONE_00278,missed
CALL_000729,2023-06-17,PERSON_00279,PERSON_00420,313,PHONE_00279,voice
CALL_000730,2025-08-08,PERSON_00280,PERSON_00449,382,PHONE_00280,missed
CALL_000731,2021-08-16,PERSON_00281,PERSON_00028,271,PHONE_00281,voice
CALL_000732,2022-06-28,PERSON_00282,PERSON_00057,44,PHONE_00282,missed
CALL_000733,2025-06-24,PERSON_00283,PERSON_00086,407,PHONE_00283,voice
CALL_000734,2026-05-06,PERSON_00284,PERSON_00115,435,PHONE_00284,voice
CALL_000735,2021-10-05,PERSON_00285,PERSON_00144,584,PHONE_00285,voice
CALL_000736,2022-03-12,PERSON_00286,PERSON_00318,114,PHONE_00286,voice
CALL_000737,2026-05-28,PERSON_00287,PERSON_00202,113,PHONE_00287,missed
CALL_000738,2025-09-25,PERSON_00288,PERSON_00231,308,PHONE_00288,voice
CALL_000739,2023-11-28,PERSON_00289,PERSON_00260,472,PHONE_00289,voice
CALL_000740,2021-01-07,PERSON_00290,PERSON_00289,136,PHONE_00290,voice
CALL_000741,2021-01-29,PERSON_00291,PERSON_00449,22,PHONE_00291,voice
CALL_000742,2022-12-16,PERSON_00292,PERSON_00347,146,PHONE_00292,missed
CALL_000743,2024-10-07,PERSON_00293,PERSON_00376,485,PHONE_00293,missed
CALL_000744,2025-02-02,PERSON_00294,PERSON_00405,421,PHONE_00294,missed
CALL_000745,2021-12-31,PERSON_00295,PERSON_00434,164,PHONE_00295,missed
CALL_000746,2024-09-01,PERSON_00296,PERSON_00013,862,PHONE_00296,voice
CALL_000747,2022-10-10,PERSON_00297,PERSON_00042,266,PHONE_00297,voice
CALL_000748,2021-05-13,PERSON_00298,PERSON_00071,500,PHONE_00298,missed
CALL_000749,2022-02-24,PERSON_00299,PERSON_00100,699,PHONE_00299,voice
CALL_000750,2025-01-18,PERSON_00300,PERSON_00129,867,PHONE_00300,voice
CALL_000751,2025-02-02,PERSON_00301,PERSON_00127,171,PHONE_00301,voice
CALL_000752,2024-01-04,PERSON_00302,PERSON_00187,744,PHONE_00302,voice
CALL_000753,2021-11-28,PERSON_00303,PERSON_00216,536,PHONE_00303,missed
CALL_000754,2023-04-04,PERSON_00304,PERSON_00245,87,PHONE_00304,voice
CALL_000755,2026-04-17,PERSON_00305,PERSON_00274,54,PHONE_00305,voice
CALL_000756,2021-08-25,PERSON_00306,PERSON_00303,465,PHONE_00306,voice
CALL_000757,2025-05-16,PERSON_00307,PERSON_00332,337,PHONE_00307,voice
CALL_000758,2022-08-20,PERSON_00308,PERSON_00361,511,PHONE_00308,voice
CALL_000759,2025-05-20,PERSON_00309,PERSON_00390,326,PHONE_00309,missed
CALL_000760,2025-09-21,PERSON_00310,PERSON_00419,843,PHONE_00310,voice
CALL_000761,2021-02-13,PERSON_00311,PERSON_00448,730,PHONE_00311,voice
CALL_000762,2023-04-23,PERSON_00312,PERSON_00027,115,PHONE_00312,voice
CALL_000763,2021-04-10,PERSON_00313,PERSON_00056,689,PHONE_00313,voice
CALL_000764,2024-06-07,PERSON_00314,PERSON_00085,572,PHONE_00314,missed
CALL_000765,2024-12-13,PERSON_00315,PERSON_00114,648,PHONE_00315,missed
CALL_000766,2023-02-16,PERSON_00316,PERSON_00143,645,PHONE_00316,missed
CALL_000767,2024-01-31,PERSON_00317,PERSON_00172,151,PHONE_00317,voice
CALL_000768,2023-01-07,PERSON_00318,PERSON_00201,695,PHONE_00318,voice
CALL_000769,2025-11-17,PERSON_00319,PERSON_00230,185,PHONE_00319,voice
CALL_000770,2023-08-21,PERSON_00320,PERSON_00259,861,PHONE_00320,voice
CALL_000771,2025-12-27,PERSON_00321,PERSON_00209,13,PHONE_00321,voice
CALL_000772,2023-11-09,PERSON_00322,PERSON_00317,707,PHONE_00322,voice
CALL_000773,2021-05-10,PERSON_00323,PERSON_00346,450,PHONE_00323,missed
CALL_000774,2021-08-30,PERSON_00324,PERSON_00375,797,PHONE_00324,voice
CALL_000775,2026-03-20,PERSON_00325,PERSON_00404,850,PHONE_00325,missed
CALL_000776,2021-08-31,PERSON_00326,PERSON_00433,713,PHONE_00326,voice
CALL_000777,2023-01-23,PERSON_00327,PERSON_00012,834,PHONE_00327,missed
CALL_000778,2023-07-02,PERSON_00328,PERSON_00041,886,PHONE_00328,missed
CALL_000779,2026-03-03,PERSON_00329,PERSON_00070,493,PHONE_00329,voice
CALL_000780,2023-10-11,PERSON_00330,PERSON_00099,876,PHONE_00330,voice
CALL_000781,2022-02-21,PERSON_00331,PERSON_00030,13,PHONE_00331,missed
CALL_000782,2023-02-05,PERSON_00332,PERSON_00157,240,PHONE_00332,missed
CALL_000783,2025-11-15,PERSON_00333,PERSON_00186,828,PHONE_00333,voice
CALL_000784,2021-01-17,PERSON_00334,PERSON_00215,550,PHONE_00334,missed
CALL_000785,2025-07-24,PERSON_00335,PERSON_00244,274,PHONE_00335,missed
CALL_000786,2021-11-17,PERSON_00336,PERSON_00439,136,PHONE_00336,voice
CALL_000787,2024-09-17,PERSON_00337,PERSON_00302,98,PHONE_00337,voice
CALL_000788,2022-08-02,PERSON_00338,PERSON_00331,673,PHONE_00338,voice
CALL_000789,2024-12-15,PERSON_00339,PERSON_00360,534,PHONE_00339,missed
CALL_000790,2023-09-29,PERSON_00340,PERSON_00389,327,PHONE_00340,missed
CALL_000791,2026-01-08,PERSON_00341,PERSON_00418,692,PHONE_00341,missed
CALL_000792,2021-08-24,PERSON_00342,PERSON_00447,503,PHONE_00342,voice
CALL_000793,2021-07-12,PERSON_00343,PERSON_00026,777,PHONE_00343,voice
CALL_000794,2026-02-10,PERSON_00344,PERSON_00055,291,PHONE_00344,missed
CALL_000795,2023-09-02,PERSON_00345,PERSON_00084,62,PHONE_00345,missed
CALL_000796,2024-09-22,PERSON_00346,PERSON_00113,55,PHONE_00346,missed
CALL_000797,2021-09-23,PERSON_00347,PERSON_00142,307,PHONE_00347,voice
CALL_000798,2023-02-15,PERSON_00348,PERSON_00171,872,PHONE_00348,voice
CALL_000799,2021-07-18,PERSON_00349,PERSON_00200,260,PHONE_00349,voice
CALL_000800,2021-05-03,PERSON_00350,PERSON_00229,522,PHONE_00350,missed
CALL_000801,2023-09-09,PERSON_00351,PERSON_00258,458,PHONE_00351,voice
CALL_000802,2021-02-22,PERSON_00352,PERSON_00287,422,PHONE_00352,voice
CALL_000803,2026-05-06,PERSON_00353,PERSON_00316,254,PHONE_00353,voice
CALL_000804,2023-08-27,PERSON_00354,PERSON_00345,293,PHONE_00354,voice
CALL_000805,2022-08-29,PERSON_00355,PERSON_00374,661,PHONE_00355,voice
CALL_000806,2025-01-12,PERSON_00356,PERSON_00403,370,PHONE_00356,voice
CALL_000807,2024-07-31,PERSON_00357,PERSON_00432,446,PHONE_00357,missed
CALL_000808,2025-04-24,PERSON_00358,PERSON_00011,698,PHONE_00358,voice
CALL_000809,2022-06-17,PERSON_00359,PERSON_00040,560,PHONE_00359,voice
CALL_000810,2024-12-11,PERSON_00360,PERSON_00069,122,PHONE_00360,voice
CALL_000811,2025-03-27,PERSON_00361,PERSON_00098,221,PHONE_00361,voice
CALL_000812,2021-09-27,PERSON_00362,PERSON_00127,116,PHONE_00362,voice
CALL_000813,2022-01-14,PERSON_00363,PERSON_00156,261,PHONE_00363,missed
CALL_000814,2021-03-27,PERSON_00364,PERSON_00185,220,PHONE_00364,missed
CALL_000815,2021-10-01,PERSON_00365,PERSON_00214,469,PHONE_00365,missed
CALL_000816,2025-04-08,PERSON_00366,PERSON_00220,117,PHONE_00366,voice
CALL_000817,2025-02-02,PERSON_00367,PERSON_00272,344,PHONE_00367,voice
CALL_000818,2025-08-28,PERSON_00368,PERSON_00301,164,PHONE_00368,voice
CALL_000819,2022-03-08,PERSON_00369,PERSON_00330,356,PHONE_00369,missed
CALL_000820,2026-04-04,PERSON_00370,PERSON_00359,203,PHONE_00370,voice
CALL_000821,2023-05-07,PERSON_00371,PERSON_00439,58,PHONE_00371,missed
CALL_000822,2021-03-10,PERSON_00372,PERSON_00417,15,PHONE_00372,voice
CALL_000823,2023-05-02,PERSON_00373,PERSON_00446,92,PHONE_00373,voice
CALL_000824,2025-03-13,PERSON_00374,PERSON_00025,149,PHONE_00374,voice
CALL_000825,2026-05-20,PERSON_00375,PERSON_00054,265,PHONE_00375,missed
CALL_000826,2025-12-04,PERSON_00376,PERSON_00219,125,PHONE_00376,voice
CALL_000827,2021-03-28,PERSON_00377,PERSON_00112,782,PHONE_00377,voice
CALL_000828,2022-07-09,PERSON_00378,PERSON_00141,132,PHONE_00378,voice
CALL_000829,2023-07-14,PERSON_00379,PERSON_00170,49,PHONE_00379,missed
CALL_000830,2021-12-10,PERSON_00380,PERSON_00199,99,PHONE_00380,voice
CALL_000831,2021-01-01,PERSON_00381,PERSON_00340,84,PHONE_00381,voice
CALL_000832,2023-05-04,PERSON_00382,PERSON_00257,504,PHONE_00382,missed
CALL_000833,2024-06-14,PERSON_00383,PERSON_00286,163,PHONE_00383,voice
CALL_000834,2026-04-25,PERSON_00384,PERSON_00315,420,PHONE_00384,missed
CALL_000835,2025-03-04,PERSON_00385,PERSON_00344,405,PHONE_00385,missed
CALL_000836,2024-04-11,PERSON_00386,PERSON_00373,338,PHONE_00386,missed
CALL_000837,2024-04-01,PERSON_00387,PERSON_00402,519,PHONE_00387,voice
CALL_000838,2025-11-13,PERSON_00388,PERSON_00431,387,PHONE_00388,voice
CALL_000839,2023-05-25,PERSON_00389,PERSON_00010,660,PHONE_00389,missed
CALL_000840,2024-12-13,PERSON_00390,PERSON_00039,239,PHONE_00390,voice
CALL_000841,2024-07-28,PERSON_00391,PERSON_00292,25,PHONE_00391,voice
CALL_000842,2024-11-18,PERSON_00392,PERSON_00097,834,PHONE_00392,missed
CALL_000843,2026-03-16,PERSON_00393,PERSON_00126,176,PHONE_00393,voice
CALL_000844,2024-12-31,PERSON_00394,PERSON_00155,846,PHONE_00394,voice
CALL_000845,2023-08-05,PERSON_00395,PERSON_00184,67,PHONE_00395,missed
CALL_000846,2022-12-03,PERSON_00396,PERSON_00213,343,PHONE_00396,missed
CALL_000847,2023-03-18,PERSON_00397,PERSON_00242,862,PHONE_00397,missed
CALL_000848,2021-02-25,PERSON_00398,PERSON_00271,397,PHONE_00398,voice
CALL_000849,2023-08-26,PERSON_00399,PERSON_00300,822,PHONE_00399,missed
CALL_000850,2022-11-13,PERSON_00400,PERSON_00329,574,PHONE_00400,missed
CALL_000851,2023-03-07,PERSON_00401,PERSON_00202,34,PHONE_00401,voice
CALL_000852,2022-12-05,PERSON_00402,PERSON_00387,51,PHONE_00402,voice
CALL_000853,2021-02-17,PERSON_00403,PERSON_00416,714,PHONE_00403,voice
CALL_000854,2021-02-10,PERSON_00404,PERSON_00445,813,PHONE_00404,voice
CALL_000855,2022-04-22,PERSON_00405,PERSON_00024,204,PHONE_00405,voice
CALL_000856,2024-03-14,PERSON_00406,PERSON_00030,169,PHONE_00406,missed
CALL_000857,2021-09-07,PERSON_00407,PERSON_00082,693,PHONE_00407,missed
CALL_000858,2025-01-08,PERSON_00408,PERSON_00111,199,PHONE_00408,voice
CALL_000859,2025-06-12,PERSON_00409,PERSON_00140,172,PHONE_00409,voice
CALL_000860,2022-11-21,PERSON_00410,PERSON_00169,430,PHONE_00410,voice
CALL_000861,2022-06-23,PERSON_00411,PERSON_00344,164,PHONE_00411,voice
CALL_000862,2025-02-10,PERSON_00412,PERSON_00227,834,PHONE_00412,missed
CALL_000863,2021-04-03,PERSON_00413,PERSON_00256,587,PHONE_00413,voice
CALL_000864,2023-06-06,PERSON_00414,PERSON_00285,31,PHONE_00414,voice
CALL_000865,2024-06-25,PERSON_00415,PERSON_00314,682,PHONE_00415,voice
CALL_000866,2021-07-07,PERSON_00416,PERSON_00343,652,PHONE_00416,missed
CALL_000867,2023-06-12,PERSON_00417,PERSON_00372,622,PHONE_00417,missed
CALL_000868,2024-12-05,PERSON_00418,PERSON_00401,726,PHONE_00418,missed
CALL_000869,2021-07-21,PERSON_00419,PERSON_00430,714,PHONE_00419,voice
CALL_000870,2025-07-09,PERSON_00420,PERSON_00009,424,PHONE_00420,voice
CALL_000871,2022-10-14,PERSON_00421,PERSON_00038,839,PHONE_00421,voice
CALL_000872,2023-04-22,PERSON_00422,PERSON_00067,852,PHONE_00422,voice
CALL_000873,2023-01-06,PERSON_00423,PERSON_00096,391,PHONE_00423,missed
CALL_000874,2022-04-21,PERSON_00424,PERSON_00125,566,PHONE_00424,missed
CALL_000875,2023-02-18,PERSON_00425,PERSON_00154,810,PHONE_00425,missed
CALL_000876,2024-10-23,PERSON_00426,PERSON_00183,370,PHONE_00426,missed
CALL_000877,2021-09-13,PERSON_00427,PERSON_00212,90,PHONE_00427,voice
CALL_000878,2021-11-11,PERSON_00428,PERSON_00241,360,PHONE_00428,voice
CALL_000879,2023-11-12,PERSON_00429,PERSON_00270,31,PHONE_00429,voice
CALL_000880,2024-06-13,PERSON_00430,PERSON_00299,517,PHONE_00430,voice
CALL_000881,2024-01-09,PERSON_00431,PERSON_00328,823,PHONE_00431,missed
CALL_000882,2026-05-25,PERSON_00432,PERSON_00357,829,PHONE_00432,voice
CALL_000883,2021-09-25,PERSON_00433,PERSON_00386,54,PHONE_00433,voice
CALL_000884,2023-12-15,PERSON_00434,PERSON_00415,575,PHONE_00434,voice
CALL_000885,2022-11-03,PERSON_00435,PERSON_00444,871,PHONE_00435,voice
CALL_000886,2025-02-22,PERSON_00436,PERSON_00401,88,PHONE_00436,voice
CALL_000887,2024-05-30,PERSON_00437,PERSON_00052,360,PHONE_00437,voice
CALL_000888,2021-04-06,PERSON_00438,PERSON_00081,735,PHONE_00438,voice
CALL_000889,2025-03-13,PERSON_00439,PERSON_00110,762,PHONE_00439,missed
CALL_000890,2022-06-18,PERSON_00440,PERSON_00139,876,PHONE_00440,voice
CALL_000891,2022-02-14,PERSON_00441,PERSON_00168,218,PHONE_00441,voice
CALL_000892,2024-06-06,PERSON_00442,PERSON_00197,573,PHONE_00442,voice
CALL_000893,2023-12-22,PERSON_00443,PERSON_00226,661,PHONE_00443,voice
CALL_000894,2025-08-03,PERSON_00444,PERSON_00255,697,PHONE_00444,voice
CALL_000895,2021-05-24,PERSON_00445,PERSON_00284,810,PHONE_00445,voice
CALL_000896,2024-11-11,PERSON_00446,PERSON_00313,865,PHONE_00446,missed
CALL_000897,2024-08-17,PERSON_00447,PERSON_00342,255,PHONE_00447,missed
CALL_000898,2021-03-04,PERSON_00448,PERSON_00371,232,PHONE_00448,voice
CALL_000899,2025-03-27,PERSON_00449,PERSON_00400,157,PHONE_00449,missed
CALL_000900,2022-06-21,PERSON_00450,PERSON_00429,370,PHONE_00450,voice
CALL_000901,2021-12-29,PERSON_00001,PERSON_00008,284,PHONE_00001,voice
CALL_000902,2025-04-17,PERSON_00002,PERSON_00037,82,PHONE_00002,missed
CALL_000903,2026-01-08,PERSON_00003,PERSON_00066,636,PHONE_00003,voice
CALL_000904,2021-04-23,PERSON_00004,PERSON_00095,165,PHONE_00004,missed
CALL_000905,2024-01-24,PERSON_00005,PERSON_00124,298,PHONE_00005,voice
CALL_000906,2026-04-29,PERSON_00006,PERSON_00237,130,PHONE_00006,voice
CALL_000907,2021-08-31,PERSON_00007,PERSON_00182,584,PHONE_00007,voice
CALL_000908,2024-12-23,PERSON_00008,PERSON_00211,34,PHONE_00008,voice
CALL_000909,2026-02-11,PERSON_00009,PERSON_00240,63,PHONE_00009,missed
CALL_000910,2023-06-27,PERSON_00010,PERSON_00269,329,PHONE_00010,missed
CALL_000911,2021-08-22,PERSON_00011,PERSON_00298,464,PHONE_00011,voice
CALL_000912,2024-06-05,PERSON_00012,PERSON_00327,764,PHONE_00012,missed
CALL_000913,2023-04-11,PERSON_00013,PERSON_00356,797,PHONE_00013,voice
CALL_000914,2025-07-10,PERSON_00014,PERSON_00385,92,PHONE_00014,voice
CALL_000915,2026-02-05,PERSON_00015,PERSON_00414,696,PHONE_00015,voice
CALL_000916,2026-01-02,PERSON_00016,PERSON_00237,154,PHONE_00016,voice
CALL_000917,2022-10-01,PERSON_00017,PERSON_00022,873,PHONE_00017,voice
CALL_000918,2023-04-26,PERSON_00018,PERSON_00051,79,PHONE_00018,voice
CALL_000919,2025-05-07,PERSON_00019,PERSON_00080,839,PHONE_00019,voice
CALL_000920,2021-07-12,PERSON_00020,PERSON_00109,628,PHONE_00020,missed
CALL_000921,2026-03-09,PERSON_00021,PERSON_00440,161,PHONE_00021,voice
CALL_000922,2024-07-28,PERSON_00022,PERSON_00167,846,PHONE_00022,missed
CALL_000923,2022-06-17,PERSON_00023,PERSON_00196,661,PHONE_00023,voice
CALL_000924,2022-07-10,PERSON_00024,PERSON_00225,177,PHONE_00024,missed
CALL_000925,2025-04-14,PERSON_00025,PERSON_00254,363,PHONE_00025,voice
CALL_000926,2023-12-12,PERSON_00026,PERSON_00283,519,PHONE_00026,voice
CALL_000927,2021-12-23,PERSON_00027,PERSON_00312,453,PHONE_00027,missed
CALL_000928,2023-03-30,PERSON_00028,PERSON_00341,709,PHONE_00028,voice
CALL_000929,2024-06-15,PERSON_00029,PERSON_00370,251,PHONE_00029,voice
CALL_000930,2023-08-03,PERSON_00030,PERSON_00399,559,PHONE_00030,voice
CALL_000931,2023-02-24,PERSON_00031,PERSON_00428,702,PHONE_00031,voice
CALL_000932,2022-02-17,PERSON_00032,PERSON_00007,63,PHONE_00032,missed
CALL_000933,2021-03-13,PERSON_00033,PERSON_00036,46,PHONE_00033,voice
CALL_000934,2022-07-02,PERSON_00034,PERSON_00065,315,PHONE_00034,voice
CALL_000935,2023-10-04,PERSON_00035,PERSON_00094,758,PHONE_00035,voice
CALL_000936,2023-02-19,PERSON_00036,PERSON_00123,363,PHONE_00036,missed
CALL_000937,2025-09-19,PERSON_00037,PERSON_00152,533,PHONE_00037,voice
CALL_000938,2024-08-01,PERSON_00038,PERSON_00181,656,PHONE_00038,voice
CALL_000939,2022-04-12,PERSON_00039,PERSON_00210,867,PHONE_00039,voice
CALL_000940,2023-10-07,PERSON_00040,PERSON_00239,429,PHONE_00040,voice
CALL_000941,2025-03-29,PERSON_00041,PERSON_00268,143,PHONE_00041,voice
CALL_000942,2021-08-06,PERSON_00042,PERSON_00297,582,PHONE_00042,voice
CALL_000943,2024-07-16,PERSON_00043,PERSON_00326,513,PHONE_00043,voice
CALL_000944,2023-01-29,PERSON_00044,PERSON_00355,303,PHONE_00044,voice
CALL_000945,2021-03-19,PERSON_00045,PERSON_00384,298,PHONE_00045,voice
CALL_000946,2025-08-31,PERSON_00046,PERSON_00237,24,PHONE_00046,voice
CALL_000947,2026-01-02,PERSON_00047,PERSON_00442,471,PHONE_00047,voice
CALL_000948,2023-11-29,PERSON_00048,PERSON_00021,257,PHONE_00048,voice
CALL_000949,2024-04-10,PERSON_00049,PERSON_00050,174,PHONE_00049,missed
CALL_000950,2022-09-12,PERSON_00050,PERSON_00079,772,PHONE_00050,voice
CALL_000951,2022-07-14,PERSON_00051,PERSON_00108,148,PHONE_00051,missed
CALL_000952,2024-05-04,PERSON_00052,PERSON_00137,771,PHONE_00052,missed
CALL_000953,2024-06-02,PERSON_00053,PERSON_00166,224,PHONE_00053,voice
CALL_000954,2022-06-12,PERSON_00054,PERSON_00195,567,PHONE_00054,voice
CALL_000955,2022-01-13,PERSON_00055,PERSON_00224,678,PHONE_00055,voice
CALL_000956,2024-10-22,PERSON_00056,PERSON_00253,870,PHONE_00056,missed
CALL_000957,2022-05-20,PERSON_00057,PERSON_00282,688,PHONE_00057,voice
CALL_000958,2023-05-01,PERSON_00058,PERSON_00311,445,PHONE_00058,voice
CALL_000959,2021-05-17,PERSON_00059,PERSON_00340,69,PHONE_00059,voice
CALL_000960,2021-03-12,PERSON_00060,PERSON_00369,444,PHONE_00060,voice
CALL_000961,2022-01-31,PERSON_00061,PERSON_00074,22,PHONE_00061,voice
CALL_000962,2023-04-17,PERSON_00062,PERSON_00427,92,PHONE_00062,missed
CALL_000963,2026-02-16,PERSON_00063,PERSON_00006,811,PHONE_00063,voice
CALL_000964,2023-08-18,PERSON_00064,PERSON_00035,639,PHONE_00064,voice
CALL_000965,2021-11-18,PERSON_00065,PERSON_00064,877,PHONE_00065,voice
CALL_000966,2023-06-10,PERSON_00066,PERSON_00093,268,PHONE_00066,missed
CALL_000967,2022-04-22,PERSON_00067,PERSON_00122,132,PHONE_00067,missed
CALL_000968,2024-07-18,PERSON_00068,PERSON_00151,635,PHONE_00068,voice
CALL_000969,2024-10-24,PERSON_00069,PERSON_00180,604,PHONE_00069,missed
CALL_000970,2021-04-03,PERSON_00070,PERSON_00209,344,PHONE_00070,voice
CALL_000971,2022-09-08,PERSON_00071,PERSON_00238,886,PHONE_00071,missed
CALL_000972,2025-10-24,PERSON_00072,PERSON_00267,258,PHONE_00072,voice
CALL_000973,2021-05-08,PERSON_00073,PERSON_00296,808,PHONE_00073,voice
CALL_000974,2022-06-06,PERSON_00074,PERSON_00325,671,PHONE_00074,missed
CALL_000975,2026-02-28,PERSON_00075,PERSON_00354,504,PHONE_00075,voice
CALL_000976,2025-05-09,PERSON_00076,PERSON_00081,21,PHONE_00076,voice
CALL_000977,2022-07-11,PERSON_00077,PERSON_00412,191,PHONE_00077,voice
CALL_000978,2023-02-03,PERSON_00078,PERSON_00441,753,PHONE_00078,voice
CALL_000979,2024-09-23,PERSON_00079,PERSON_00020,603,PHONE_00079,missed
CALL_000980,2021-09-05,PERSON_00080,PERSON_00049,450,PHONE_00080,voice
CALL_000981,2021-01-31,PERSON_00081,PERSON_00389,83,PHONE_00081,missed
CALL_000982,2023-03-17,PERSON_00082,PERSON_00107,624,PHONE_00082,missed
CALL_000983,2021-11-20,PERSON_00083,PERSON_00136,205,PHONE_00083,voice
CALL_000984,2023-09-22,PERSON_00084,PERSON_00165,859,PHONE_00084,voice
CALL_000985,2022-10-09,PERSON_00085,PERSON_00194,651,PHONE_00085,missed
CALL_000986,2025-07-16,PERSON_00086,PERSON_00250,137,PHONE_00086,voice
CALL_000987,2024-02-04,PERSON_00087,PERSON_00252,64,PHONE_00087,missed
CALL_000988,2023-08-08,PERSON_00088,PERSON_00281,836,PHONE_00088,voice
CALL_000989,2022-12-23,PERSON_00089,PERSON_00310,560,PHONE_00089,missed
CALL_000990,2021-11-04,PERSON_00090,PERSON_00339,764,PHONE_00090,voice
CALL_000991,2024-08-10,PERSON_00091,PERSON_00368,556,PHONE_00091,voice
CALL_000992,2021-09-29,PERSON_00092,PERSON_00397,187,PHONE_00092,voice
CALL_000993,2025-10-23,PERSON_00093,PERSON_00426,693,PHONE_00093,missed
CALL_000994,2026-04-19,PERSON_00094,PERSON_00005,320,PHONE_00094,missed
CALL_000995,2023-09-17,PERSON_00095,PERSON_00034,127,PHONE_00095,voice
CALL_000996,2024-06-09,PERSON_00096,PERSON_00063,710,PHONE_00096,missed
CALL_000997,2023-10-06,PERSON_00097,PERSON_00092,272,PHONE_00097,voice
CALL_000998,2024-10-17,PERSON_00098,PERSON_00121,464,PHONE_00098,missed
CALL_000999,2021-12-20,PERSON_00099,PERSON_00150,278,PHONE_00099,voice
CALL_001000,2021-02-17,PERSON_00100,PERSON_00179,862,PHONE_00100,voice
CALL_001001,2024-11-29,PERSON_00101,PERSON_00350,152,PHONE_00101,voice
CALL_001002,2021-04-05,PERSON_00102,PERSON_00237,350,PHONE_00102,voice
CALL_001003,2023-12-09,PERSON_00103,PERSON_00266,833,PHONE_00103,voice
CALL_001004,2021-12-27,PERSON_00104,PERSON_00295,68,PHONE_00104,voice
CALL_001005,2022-08-14,PERSON_00105,PERSON_00324,818,PHONE_00105,voice
CALL_001006,2025-01-29,PERSON_00106,PERSON_00329,106,PHONE_00106,missed
CALL_001007,2021-10-16,PERSON_00107,PERSON_00382,786,PHONE_00107,missed
CALL_001008,2026-01-27,PERSON_00108,PERSON_00411,391,PHONE_00108,missed
CALL_001009,2021-04-17,PERSON_00109,PERSON_00440,711,PHONE_00109,voice
CALL_001010,2024-03-11,PERSON_00110,PERSON_00019,521,PHONE_00110,missed
CALL_001011,2023-06-14,PERSON_00111,PERSON_00048,219,PHONE_00111,voice
CALL_001012,2025-08-04,PERSON_00112,PERSON_00077,192,PHONE_00112,voice
CALL_001013,2023-11-11,PERSON_00113,PERSON_00106,356,PHONE_00113,missed
CALL_001014,2022-06-03,PERSON_00114,PERSON_00135,821,PHONE_00114,voice
CALL_001015,2023-11-05,PERSON_00115,PERSON_00164,706,PHONE_00115,voice
CALL_001016,2026-03-12,PERSON_00116,PERSON_00193,425,PHONE_00116,voice
CALL_001017,2025-11-26,PERSON_00117,PERSON_00222,386,PHONE_00117,voice
CALL_001018,2021-12-29,PERSON_00118,PERSON_00251,872,PHONE_00118,missed
CALL_001019,2025-12-09,PERSON_00119,PERSON_00280,853,PHONE_00119,voice
CALL_001020,2023-11-01,PERSON_00120,PERSON_00309,212,PHONE_00120,missed
CALL_001021,2025-05-28,PERSON_00121,PERSON_00338,167,PHONE_00121,voice
CALL_001022,2023-06-01,PERSON_00122,PERSON_00367,21,PHONE_00122,missed
CALL_001023,2021-10-28,PERSON_00123,PERSON_00396,736,PHONE_00123,missed
CALL_001024,2021-05-13,PERSON_00124,PERSON_00425,288,PHONE_00124,voice
CALL_001025,2023-12-30,PERSON_00125,PERSON_00004,633,PHONE_00125,voice
CALL_001026,2026-02-28,PERSON_00126,PERSON_00065,128,PHONE_00126,missed
CALL_001027,2021-11-17,PERSON_00127,PERSON_00062,88,PHONE_00127,missed
CALL_001028,2025-10-21,PERSON_00128,PERSON_00091,206,PHONE_00128,missed
CALL_001029,2026-06-11,PERSON_00129,PERSON_00120,369,PHONE_00129,voice
CALL_001030,2021-03-30,PERSON_00130,PERSON_00149,860,PHONE_00130,voice
CALL_001031,2026-01-21,PERSON_00131,PERSON_00178,118,PHONE_00131,voice
CALL_001032,2025-09-10,PERSON_00132,PERSON_00207,580,PHONE_00132,voice
CALL_001033,2021-11-08,PERSON_00133,PERSON_00236,452,PHONE_00133,voice
CALL_001034,2021-08-11,PERSON_00134,PERSON_00265,208,PHONE_00134,voice
CALL_001035,2022-04-13,PERSON_00135,PERSON_00294,597,PHONE_00135,voice
CALL_001036,2025-03-24,PERSON_00136,PERSON_00323,393,PHONE_00136,missed
CALL_001037,2025-10-26,PERSON_00137,PERSON_00352,43,PHONE_00137,voice
CALL_001038,2026-04-07,PERSON_00138,PERSON_00381,868,PHONE_00138,voice
CALL_001039,2022-10-18,PERSON_00139,PERSON_00410,69,PHONE_00139,missed
CALL_001040,2021-12-23,PERSON_00140,PERSON_00439,124,PHONE_00140,voice
CALL_001041,2025-04-19,PERSON_00141,PERSON_00318,169,PHONE_00141,missed
CALL_001042,2022-04-03,PERSON_00142,PERSON_00047,103,PHONE_00142,voice
CALL_001043,2021-05-16,PERSON_00143,PERSON_00076,142,PHONE_00143,voice
CALL_001044,2024-06-10,PERSON_00144,PERSON_00105,684,PHONE_00144,missed
CALL_001045,2026-04-22,PERSON_00145,PERSON_00134,138,PHONE_00145,voice
CALL_001046,2026-03-01,PERSON_00146,PERSON_00163,354,PHONE_00146,voice
CALL_001047,2024-07-13,PERSON_00147,PERSON_00192,22,PHONE_00147,missed
CALL_001048,2021-08-08,PERSON_00148,PERSON_00221,871,PHONE_00148,voice
CALL_001049,2025-10-10,PERSON_00149,PERSON_00250,787,PHONE_00149,voice
CALL_001050,2022-11-03,PERSON_00150,PERSON_00279,608,PHONE_00150,voice
CALL_001051,2022-12-08,PERSON_00151,PERSON_00308,539,PHONE_00151,missed
CALL_001052,2023-07-28,PERSON_00152,PERSON_00337,836,PHONE_00152,missed
CALL_001053,2025-09-02,PERSON_00153,PERSON_00366,144,PHONE_00153,voice
CALL_001054,2021-12-14,PERSON_00154,PERSON_00395,677,PHONE_00154,missed
CALL_001055,2022-03-18,PERSON_00155,PERSON_00424,614,PHONE_00155,voice
CALL_001056,2025-12-06,PERSON_00156,PERSON_00370,74,PHONE_00156,voice
CALL_001057,2021-09-16,PERSON_00157,PERSON_00032,410,PHONE_00157,missed
CALL_001058,2021-09-16,PERSON_00158,PERSON_00061,419,PHONE_00158,missed
CALL_001059,2022-10-30,PERSON_00159,PERSON_00090,149,PHONE_00159,voice
CALL_001060,2021-08-17,PERSON_00160,PERSON_00119,282,PHONE_00160,missed
CALL_001061,2025-03-22,PERSON_00161,PERSON_00159,56,PHONE_00161,missed
CALL_001062,2023-06-20,PERSON_00162,PERSON_00177,639,PHONE_00162,voice
CALL_001063,2021-07-12,PERSON_00163,PERSON_00206,662,PHONE_00163,voice
CALL_001064,2023-07-30,PERSON_00164,PERSON_00235,789,PHONE_00164,missed
CALL_001065,2025-02-04,PERSON_00165,PERSON_00264,638,PHONE_00165,voice
CALL_001066,2021-08-02,PERSON_00166,PERSON_00242,169,PHONE_00166,voice
CALL_001067,2024-08-31,PERSON_00167,PERSON_00322,443,PHONE_00167,voice
CALL_001068,2023-05-27,PERSON_00168,PERSON_00351,354,PHONE_00168,missed
CALL_001069,2022-08-01,PERSON_00169,PERSON_00380,861,PHONE_00169,missed
CALL_001070,2023-01-11,PERSON_00170,PERSON_00409,405,PHONE_00170,voice
CALL_001071,2025-01-26,PERSON_00171,PERSON_00355,165,PHONE_00171,voice
CALL_001072,2024-04-02,PERSON_00172,PERSON_00017,888,PHONE_00172,voice
CALL_001073,2025-12-12,PERSON_00173,PERSON_00046,325,PHONE_00173,missed
CALL_001074,2021-05-22,PERSON_00174,PERSON_00075,489,PHONE_00174,voice
CALL_001075,2021-12-04,PERSON_00175,PERSON_00104,680,PHONE_00175,voice
CALL_001076,2021-05-14,PERSON_00176,PERSON_00133,718,PHONE_00176,voice
CALL_001077,2024-05-06,PERSON_00177,PERSON_00162,497,PHONE_00177,voice
CALL_001078,2023-12-23,PERSON_00178,PERSON_00191,180,PHONE_00178,missed
CALL_001079,2025-03-26,PERSON_00179,PERSON_00220,745,PHONE_00179,voice
CALL_001080,2025-07-07,PERSON_00180,PERSON_00249,515,PHONE_00180,missed
CALL_001081,2023-02-08,PERSON_00181,PERSON_00278,473,PHONE_00181,voice
CALL_001082,2022-11-17,PERSON_00182,PERSON_00307,613,PHONE_00182,voice
CALL_001083,2021-03-11,PERSON_00183,PERSON_00336,608,PHONE_00183,voice
CALL_001084,2026-03-03,PERSON_00184,PERSON_00365,192,PHONE_00184,voice
CALL_001085,2022-08-30,PERSON_00185,PERSON_00394,781,PHONE_00185,voice
CALL_001086,2026-06-25,PERSON_00186,PERSON_00423,348,PHONE_00186,voice
CALL_001087,2021-03-25,PERSON_00187,PERSON_00002,38,PHONE_00187,missed
CALL_001088,2024-12-05,PERSON_00188,PERSON_00031,434,PHONE_00188,voice
CALL_001089,2021-04-24,PERSON_00189,PERSON_00060,138,PHONE_00189,voice
CALL_001090,2024-05-12,PERSON_00190,PERSON_00089,366,PHONE_00190,voice
CALL_001091,2022-04-14,PERSON_00191,PERSON_00038,137,PHONE_00191,voice
CALL_001092,2023-05-24,PERSON_00192,PERSON_00147,63,PHONE_00192,voice
CALL_001093,2021-12-21,PERSON_00193,PERSON_00176,339,PHONE_00193,missed
CALL_001094,2022-07-01,PERSON_00194,PERSON_00205,329,PHONE_00194,voice
CALL_001095,2022-04-26,PERSON_00195,PERSON_00234,179,PHONE_00195,voice
CALL_001096,2023-06-20,PERSON_00196,PERSON_00440,22,PHONE_00196,voice
CALL_001097,2023-11-22,PERSON_00197,PERSON_00292,61,PHONE_00197,voice
CALL_001098,2022-10-30,PERSON_00198,PERSON_00321,17,PHONE_00198,voice
CALL_001099,2023-07-12,PERSON_00199,PERSON_00350,478,PHONE_00199,missed
CALL_001100,2022-01-18,PERSON_00200,PERSON_00379,373,PHONE_00200,voice
CALL_001101,2024-10-06,PERSON_00201,PERSON_00408,115,PHONE_00201,missed
CALL_001102,2026-03-16,PERSON_00202,PERSON_00437,461,PHONE_00202,voice
CALL_001103,2025-09-18,PERSON_00203,PERSON_00016,406,PHONE_00203,missed
CALL_001104,2023-12-26,PERSON_00204,PERSON_00045,396,PHONE_00204,missed
CALL_001105,2024-02-13,PERSON_00205,PERSON_00074,518,PHONE_00205,voice
CALL_001106,2023-08-23,PERSON_00206,PERSON_00103,136,PHONE_00206,voice
CALL_001107,2025-11-30,PERSON_00207,PERSON_00132,806,PHONE_00207,missed
CALL_001108,2022-01-29,PERSON_00208,PERSON_00161,634,PHONE_00208,missed
CALL_001109,2025-10-26,PERSON_00209,PERSON_00190,118,PHONE_00209,missed
CALL_001110,2025-09-15,PERSON_00210,PERSON_00219,873,PHONE_00210,voice
CALL_001111,2024-01-09,PERSON_00211,PERSON_00248,216,PHONE_00211,missed
CALL_001112,2021-09-25,PERSON_00212,PERSON_00277,90,PHONE_00212,voice
CALL_001113,2021-03-25,PERSON_00213,PERSON_00306,480,PHONE_00213,voice
CALL_001114,2022-12-16,PERSON_00214,PERSON_00335,877,PHONE_00214,voice
CALL_001115,2024-12-03,PERSON_00215,PERSON_00364,856,PHONE_00215,voice
CALL_001116,2025-08-03,PERSON_00216,PERSON_00144,12,PHONE_00216,missed
CALL_001117,2023-05-15,PERSON_00217,PERSON_00422,704,PHONE_00217,voice
CALL_001118,2024-10-27,PERSON_00218,PERSON_00001,55,PHONE_00218,voice
CALL_001119,2022-03-29,PERSON_00219,PERSON_00030,551,PHONE_00219,missed
CALL_001120,2023-02-07,PERSON_00220,PERSON_00059,647,PHONE_00220,voice
CALL_001121,2021-12-19,PERSON_00221,PERSON_00290,39,PHONE_00221,missed
CALL_001122,2026-01-25,PERSON_00222,PERSON_00117,529,PHONE_00222,missed
CALL_001123,2025-09-11,PERSON_00223,PERSON_00146,265,PHONE_00223,voice
CALL_001124,2021-03-25,PERSON_00224,PERSON_00175,572,PHONE_00224,voice
CALL_001125,2024-05-20,PERSON_00225,PERSON_00204,845,PHONE_00225,missed
CALL_001126,2021-12-31,PERSON_00226,PERSON_00288,103,PHONE_00226,voice
CALL_001127,2026-02-14,PERSON_00227,PERSON_00262,787,PHONE_00227,voice
CALL_001128,2024-10-29,PERSON_00228,PERSON_00291,446,PHONE_00228,voice
CALL_001129,2023-05-01,PERSON_00229,PERSON_00320,769,PHONE_00229,voice
CALL_001130,2021-09-29,PERSON_00230,PERSON_00349,79,PHONE_00230,missed
CALL_001131,2023-09-24,PERSON_00231,PERSON_00006,70,PHONE_00231,voice
CALL_001132,2022-07-06,PERSON_00232,PERSON_00407,298,PHONE_00232,voice
CALL_001133,2021-09-05,PERSON_00233,PERSON_00436,752,PHONE_00233,voice
CALL_001134,2025-04-20,PERSON_00234,PERSON_00015,365,PHONE_00234,missed
CALL_001135,2022-06-04,PERSON_00235,PERSON_00044,823,PHONE_00235,voice
CALL_001136,2022-09-06,PERSON_00236,PERSON_00073,40,PHONE_00236,voice
CALL_001137,2022-06-24,PERSON_00237,PERSON_00102,880,PHONE_00237,voice
CALL_001138,2024-09-17,PERSON_00238,PERSON_00131,842,PHONE_00238,voice
CALL_001139,2021-02-08,PERSON_00239,PERSON_00160,403,PHONE_00239,missed
CALL_001140,2022-12-27,PERSON_00240,PERSON_00189,235,PHONE_00240,voice
CALL_001141,2026-06-04,PERSON_00241,PERSON_00439,131,PHONE_00241,voice
CALL_001142,2023-07-26,PERSON_00242,PERSON_00247,731,PHONE_00242,missed
CALL_001143,2023-07-22,PERSON_00243,PERSON_00276,544,PHONE_00243,missed
CALL_001144,2023-03-29,PERSON_00244,PERSON_00305,125,PHONE_00244,voice
CALL_001145,2022-11-20,PERSON_00245,PERSON_00334,711,PHONE_00245,voice
CALL_001146,2022-04-13,PERSON_00246,PERSON_00363,835,PHONE_00246,voice
CALL_001147,2024-11-08,PERSON_00247,PERSON_00392,460,PHONE_00247,voice
CALL_001148,2024-01-03,PERSON_00248,PERSON_00421,250,PHONE_00248,voice
CALL_001149,2025-02-25,PERSON_00249,PERSON_00450,600,PHONE_00249,voice
CALL_001150,2022-03-03,PERSON_00250,PERSON_00029,265,PHONE_00250,voice
CALL_001151,2024-01-13,PERSON_00251,PERSON_00058,266,PHONE_00251,voice
CALL_001152,2025-12-25,PERSON_00252,PERSON_00087,641,PHONE_00252,missed
CALL_001153,2025-10-08,PERSON_00253,PERSON_00116,166,PHONE_00253,voice
CALL_001154,2022-10-23,PERSON_00254,PERSON_00145,198,PHONE_00254,voice
CALL_001155,2025-01-15,PERSON_00255,PERSON_00174,759,PHONE_00255,missed
CALL_001156,2024-06-21,PERSON_00256,PERSON_00122,86,PHONE_00256,voice
CALL_001157,2024-11-28,PERSON_00257,PERSON_00232,71,PHONE_00257,missed
CALL_001158,2021-08-30,PERSON_00258,PERSON_00261,771,PHONE_00258,voice
CALL_001159,2026-04-27,PERSON_00259,PERSON_00290,319,PHONE_00259,voice
CALL_001160,2023-08-09,PERSON_00260,PERSON_00319,527,PHONE_00260,voice
CALL_001161,2023-11-17,PERSON_00261,PERSON_00348,704,PHONE_00261,missed
CALL_001162,2021-09-17,PERSON_00262,PERSON_00377,815,PHONE_00262,missed
CALL_001163,2021-12-24,PERSON_00263,PERSON_00406,423,PHONE_00263,missed
CALL_001164,2021-06-10,PERSON_00264,PERSON_00435,877,PHONE_00264,missed
CALL_001165,2025-09-10,PERSON_00265,PERSON_00014,642,PHONE_00265,voice
CALL_001166,2026-04-15,PERSON_00266,PERSON_00043,291,PHONE_00266,missed
CALL_001167,2021-06-15,PERSON_00267,PERSON_00072,498,PHONE_00267,missed
CALL_001168,2024-01-31,PERSON_00268,PERSON_00101,407,PHONE_00268,voice
CALL_001169,2026-01-28,PERSON_00269,PERSON_00130,709,PHONE_00269,voice
CALL_001170,2022-02-05,PERSON_00270,PERSON_00159,44,PHONE_00270,voice
CALL_001171,2022-03-07,PERSON_00271,PERSON_00182,116,PHONE_00271,missed
CALL_001172,2024-02-04,PERSON_00272,PERSON_00217,524,PHONE_00272,voice
CALL_001173,2023-12-17,PERSON_00273,PERSON_00246,626,PHONE_00273,voice
CALL_001174,2026-06-25,PERSON_00274,PERSON_00275,884,PHONE_00274,voice
CALL_001175,2024-10-08,PERSON_00275,PERSON_00304,189,PHONE_00275,voice
CALL_001176,2024-06-27,PERSON_00276,PERSON_00333,714,PHONE_00276,missed
CALL_001177,2025-12-03,PERSON_00277,PERSON_00362,641,PHONE_00277,missed
CALL_001178,2025-01-27,PERSON_00278,PERSON_00391,308,PHONE_00278,voice
CALL_001179,2023-06-28,PERSON_00279,PERSON_00420,737,PHONE_00279,voice
CALL_001180,2024-02-10,PERSON_00280,PERSON_00449,300,PHONE_00280,voice
CALL_001181,2021-07-16,PERSON_00281,PERSON_00028,670,PHONE_00281,missed
CALL_001182,2023-12-01,PERSON_00282,PERSON_00057,499,PHONE_00282,missed
CALL_001183,2023-09-08,PERSON_00283,PERSON_00086,764,PHONE_00283,missed
CALL_001184,2021-09-20,PERSON_00284,PERSON_00115,85,PHONE_00284,voice
CALL_001185,2025-11-26,PERSON_00285,PERSON_00144,171,PHONE_00285,missed
CALL_001186,2025-12-26,PERSON_00286,PERSON_00290,171,PHONE_00286,voice
CALL_001187,2024-03-24,PERSON_00287,PERSON_00202,661,PHONE_00287,voice
CALL_001188,2021-09-03,PERSON_00288,PERSON_00231,61,PHONE_00288,missed
CALL_001189,2022-12-21,PERSON_00289,PERSON_00260,727,PHONE_00289,voice
CALL_001190,2024-04-22,PERSON_00290,PERSON_00289,767,PHONE_00290,voice
CALL_001191,2023-06-19,PERSON_00291,PERSON_00394,91,PHONE_00291,voice
CALL_001192,2022-11-29,PERSON_00292,PERSON_00347,747,PHONE_00292,missed
CALL_001193,2021-03-14,PERSON_00293,PERSON_00376,181,PHONE_00293,missed
CALL_001194,2021-05-24,PERSON_00294,PERSON_00405,199,PHONE_00294,missed
CALL_001195,2024-12-10,PERSON_00295,PERSON_00434,80,PHONE_00295,missed
CALL_001196,2022-12-26,PERSON_00296,PERSON_00013,229,PHONE_00296,voice
CALL_001197,2022-04-03,PERSON_00297,PERSON_00042,783,PHONE_00297,voice
CALL_001198,2025-01-04,PERSON_00298,PERSON_00071,503,PHONE_00298,voice
CALL_001199,2023-12-30,PERSON_00299,PERSON_00100,403,PHONE_00299,missed
CALL_001200,2022-10-09,PERSON_00300,PERSON_00129,438,PHONE_00300,voice
CALL_001201,2024-10-11,PERSON_00301,PERSON_00340,140,PHONE_00301,voice
CALL_001202,2021-04-15,PERSON_00302,PERSON_00187,374,PHONE_00302,voice
CALL_001203,2023-12-03,PERSON_00303,PERSON_00216,783,PHONE_00303,voice
CALL_001204,2023-04-30,PERSON_00304,PERSON_00245,20,PHONE_00304,voice
CALL_001205,2023-11-19,PERSON_00305,PERSON_00274,515,PHONE_00305,voice
CALL_001206,2022-03-27,PERSON_00306,PERSON_00303,731,PHONE_00306,missed
CALL_001207,2024-04-28,PERSON_00307,PERSON_00332,120,PHONE_00307,voice
CALL_001208,2025-05-04,PERSON_00308,PERSON_00361,557,PHONE_00308,voice
CALL_001209,2024-02-23,PERSON_00309,PERSON_00390,580,PHONE_00309,missed
CALL_001210,2021-06-06,PERSON_00310,PERSON_00419,27,PHONE_00310,voice
CALL_001211,2023-05-13,PERSON_00311,PERSON_00448,340,PHONE_00311,voice
CALL_001212,2022-08-21,PERSON_00312,PERSON_00027,886,PHONE_00312,voice
CALL_001213,2022-10-28,PERSON_00313,PERSON_00056,616,PHONE_00313,voice
CALL_001214,2024-10-10,PERSON_00314,PERSON_00085,550,PHONE_00314,missed
CALL_001215,2023-02-23,PERSON_00315,PERSON_00114,284,PHONE_00315,voice
CALL_001216,2026-03-07,PERSON_00316,PERSON_00143,784,PHONE_00316,missed
CALL_001217,2026-02-15,PERSON_00317,PERSON_00172,451,PHONE_00317,voice
CALL_001218,2023-10-22,PERSON_00318,PERSON_00201,801,PHONE_00318,voice
CALL_001219,2022-12-29,PERSON_00319,PERSON_00230,682,PHONE_00319,voice
CALL_001220,2022-12-14,PERSON_00320,PERSON_00259,726,PHONE_00320,voice
CALL_001221,2026-06-24,PERSON_00321,PERSON_00118,155,PHONE_00321,missed
CALL_001222,2023-10-09,PERSON_00322,PERSON_00317,112,PHONE_00322,missed
CALL_001223,2023-04-30,PERSON_00323,PERSON_00346,75,PHONE_00323,voice
CALL_001224,2021-08-23,PERSON_00324,PERSON_00375,281,PHONE_00324,missed
CALL_001225,2022-11-02,PERSON_00325,PERSON_00404,296,PHONE_00325,voice
CALL_001226,2022-12-11,PERSON_00326,PERSON_00433,93,PHONE_00326,voice
CALL_001227,2023-11-15,PERSON_00327,PERSON_00012,780,PHONE_00327,missed
CALL_001228,2026-06-07,PERSON_00328,PERSON_00041,41,PHONE_00328,voice
CALL_001229,2023-03-02,PERSON_00329,PERSON_00070,676,PHONE_00329,voice
CALL_001230,2021-10-10,PERSON_00330,PERSON_00099,621,PHONE_00330,missed
CALL_001231,2022-04-24,PERSON_00331,PERSON_00370,143,PHONE_00331,missed
CALL_001232,2026-05-26,PERSON_00332,PERSON_00157,687,PHONE_00332,voice
CALL_001233,2026-01-02,PERSON_00333,PERSON_00186,174,PHONE_00333,voice
CALL_001234,2021-12-07,PERSON_00334,PERSON_00215,297,PHONE_00334,missed
CALL_001235,2026-06-08,PERSON_00335,PERSON_00244,491,PHONE_00335,missed
CALL_001236,2022-11-05,PERSON_00336,PERSON_00321,89,PHONE_00336,missed
CALL_001237,2023-06-18,PERSON_00337,PERSON_00302,660,PHONE_00337,missed
CALL_001238,2022-06-25,PERSON_00338,PERSON_00331,870,PHONE_00338,missed
CALL_001239,2025-01-08,PERSON_00339,PERSON_00360,368,PHONE_00339,voice
CALL_001240,2023-07-02,PERSON_00340,PERSON_00389,298,PHONE_00340,missed
CALL_001241,2026-01-05,PERSON_00341,PERSON_00418,528,PHONE_00341,voice
CALL_001242,2022-11-30,PERSON_00342,PERSON_00447,551,PHONE_00342,voice
CALL_001243,2022-02-12,PERSON_00343,PERSON_00026,147,PHONE_00343,voice
CALL_001244,2025-01-31,PERSON_00344,PERSON_00055,452,PHONE_00344,voice
CALL_001245,2025-02-07,PERSON_00345,PERSON_00084,259,PHONE_00345,missed
CALL_001246,2024-08-02,PERSON_00346,PERSON_00113,431,PHONE_00346,voice
CALL_001247,2021-09-01,PERSON_00347,PERSON_00142,868,PHONE_00347,voice
CALL_001248,2021-05-02,PERSON_00348,PERSON_00171,586,PHONE_00348,missed
CALL_001249,2022-12-09,PERSON_00349,PERSON_00200,789,PHONE_00349,voice
CALL_001250,2025-10-07,PERSON_00350,PERSON_00229,676,PHONE_00350,voice
CALL_001251,2024-11-05,PERSON_00351,PERSON_00258,252,PHONE_00351,missed
CALL_001252,2021-03-24,PERSON_00352,PERSON_00287,179,PHONE_00352,voice
CALL_001253,2021-12-12,PERSON_00353,PERSON_00316,497,PHONE_00353,missed
CALL_001254,2023-12-12,PERSON_00354,PERSON_00345,293,PHONE_00354,voice
CALL_001255,2024-03-09,PERSON_00355,PERSON_00374,768,PHONE_00355,voice
CALL_001256,2023-03-28,PERSON_00356,PERSON_00403,436,PHONE_00356,voice
CALL_001257,2024-08-16,PERSON_00357,PERSON_00432,279,PHONE_00357,voice
CALL_001258,2023-11-18,PERSON_00358,PERSON_00011,255,PHONE_00358,voice
CALL_001259,2026-05-25,PERSON_00359,PERSON_00040,109,PHONE_00359,missed
CALL_001260,2025-11-22,PERSON_00360,PERSON_00069,512,PHONE_00360,voice
CALL_001261,2025-07-23,PERSON_00361,PERSON_00098,577,PHONE_00361,missed
CALL_001262,2022-11-02,PERSON_00362,PERSON_00127,396,PHONE_00362,voice
CALL_001263,2021-01-01,PERSON_00363,PERSON_00156,424,PHONE_00363,voice
CALL_001264,2021-10-02,PERSON_00364,PERSON_00185,130,PHONE_00364,voice
CALL_001265,2025-06-19,PERSON_00365,PERSON_00214,218,PHONE_00365,voice
CALL_001266,2022-01-28,PERSON_00366,PERSON_00292,176,PHONE_00366,voice
CALL_001267,2025-12-28,PERSON_00367,PERSON_00272,820,PHONE_00367,voice
CALL_001268,2023-04-04,PERSON_00368,PERSON_00301,609,PHONE_00368,voice
CALL_001269,2023-10-31,PERSON_00369,PERSON_00330,376,PHONE_00369,missed
CALL_001270,2026-04-03,PERSON_00370,PERSON_00359,265,PHONE_00370,voice
CALL_001271,2024-12-30,PERSON_00371,PERSON_00052,31,PHONE_00371,voice
CALL_001272,2022-09-14,PERSON_00372,PERSON_00417,417,PHONE_00372,voice
CALL_001273,2026-02-16,PERSON_00373,PERSON_00446,209,PHONE_00373,missed
CALL_001274,2024-01-06,PERSON_00374,PERSON_00025,400,PHONE_00374,missed
CALL_001275,2021-05-22,PERSON_00375,PERSON_00054,867,PHONE_00375,voice
CALL_001276,2022-07-20,PERSON_00376,PERSON_00074,131,PHONE_00376,voice
CALL_001277,2024-05-01,PERSON_00377,PERSON_00112,59,PHONE_00377,voice
CALL_001278,2023-01-19,PERSON_00378,PERSON_00141,567,PHONE_00378,voice
CALL_001279,2021-05-15,PERSON_00379,PERSON_00170,210,PHONE_00379,voice
CALL_001280,2021-05-17,PERSON_00380,PERSON_00199,296,PHONE_00380,voice
CALL_001281,2021-06-08,PERSON_00381,PERSON_00093,48,PHONE_00381,missed
CALL_001282,2026-02-12,PERSON_00382,PERSON_00257,843,PHONE_00382,voice
CALL_001283,2024-05-26,PERSON_00383,PERSON_00286,399,PHONE_00383,missed
CALL_001284,2024-11-04,PERSON_00384,PERSON_00315,785,PHONE_00384,missed
CALL_001285,2021-04-27,PERSON_00385,PERSON_00344,765,PHONE_00385,voice
CALL_001286,2023-07-13,PERSON_00386,PERSON_00373,639,PHONE_00386,missed
CALL_001287,2023-02-28,PERSON_00387,PERSON_00402,719,PHONE_00387,voice
CALL_001288,2026-02-06,PERSON_00388,PERSON_00431,376,PHONE_00388,voice
CALL_001289,2022-12-09,PERSON_00389,PERSON_00010,209,PHONE_00389,missed
CALL_001290,2025-09-10,PERSON_00390,PERSON_00039,589,PHONE_00390,voice
CALL_001291,2025-12-06,PERSON_00391,PERSON_00287,104,PHONE_00391,voice
CALL_001292,2023-03-03,PERSON_00392,PERSON_00097,120,PHONE_00392,voice
CALL_001293,2023-08-01,PERSON_00393,PERSON_00126,571,PHONE_00393,voice
CALL_001294,2024-03-14,PERSON_00394,PERSON_00155,644,PHONE_00394,missed
CALL_001295,2022-09-16,PERSON_00395,PERSON_00184,818,PHONE_00395,voice
CALL_001296,2021-01-27,PERSON_00396,PERSON_00213,582,PHONE_00396,voice
CALL_001297,2024-04-10,PERSON_00397,PERSON_00242,416,PHONE_00397,voice
CALL_001298,2025-07-08,PERSON_00398,PERSON_00271,656,PHONE_00398,missed
CALL_001299,2021-11-21,PERSON_00399,PERSON_00300,70,PHONE_00399,voice
CALL_001300,2025-09-07,PERSON_00400,PERSON_00329,635,PHONE_00400,voice
CALL_001301,2021-12-01,PERSON_00401,PERSON_00182,71,PHONE_00401,voice
CALL_001302,2022-09-26,PERSON_00402,PERSON_00387,672,PHONE_00402,missed
CALL_001303,2022-03-12,PERSON_00403,PERSON_00416,776,PHONE_00403,missed
CALL_001304,2025-01-27,PERSON_00404,PERSON_00445,761,PHONE_00404,missed
CALL_001305,2022-03-26,PERSON_00405,PERSON_00024,256,PHONE_00405,voice
CALL_001306,2025-01-27,PERSON_00406,PERSON_00240,41,PHONE_00406,missed
CALL_001307,2023-04-06,PERSON_00407,PERSON_00082,303,PHONE_00407,voice
CALL_001308,2023-02-09,PERSON_00408,PERSON_00111,340,PHONE_00408,missed
CALL_001309,2025-05-20,PERSON_00409,PERSON_00140,108,PHONE_00409,voice
CALL_001310,2025-09-19,PERSON_00410,PERSON_00169,137,PHONE_00410,voice
CALL_001311,2021-02-05,PERSON_00411,PERSON_00110,111,PHONE_00411,voice
CALL_001312,2021-10-16,PERSON_00412,PERSON_00227,31,PHONE_00412,voice
CALL_001313,2025-07-03,PERSON_00413,PERSON_00256,117,PHONE_00413,voice
CALL_001314,2025-12-11,PERSON_00414,PERSON_00285,811,PHONE_00414,voice
CALL_001315,2022-04-04,PERSON_00415,PERSON_00314,110,PHONE_00415,missed
CALL_001316,2021-01-05,PERSON_00416,PERSON_00343,552,PHONE_00416,voice
CALL_001317,2021-07-11,PERSON_00417,PERSON_00372,515,PHONE_00417,voice
CALL_001318,2024-05-16,PERSON_00418,PERSON_00401,603,PHONE_00418,missed
CALL_001319,2022-10-25,PERSON_00419,PERSON_00430,707,PHONE_00419,voice
CALL_001320,2022-11-22,PERSON_00420,PERSON_00009,206,PHONE_00420,voice
CALL_001321,2026-02-10,PERSON_00421,PERSON_00038,306,PHONE_00421,missed
CALL_001322,2025-05-16,PERSON_00422,PERSON_00067,874,PHONE_00422,voice
CALL_001323,2024-11-17,PERSON_00423,PERSON_00096,48,PHONE_00423,voice
CALL_001324,2026-05-09,PERSON_00424,PERSON_00125,650,PHONE_00424,voice
CALL_001325,2022-06-30,PERSON_00425,PERSON_00154,826,PHONE_00425,voice
CALL_001326,2021-03-20,PERSON_00426,PERSON_00183,624,PHONE_00426,voice
CALL_001327,2026-05-25,PERSON_00427,PERSON_00212,744,PHONE_00427,missed
CALL_001328,2023-04-15,PERSON_00428,PERSON_00241,38,PHONE_00428,voice
CALL_001329,2025-08-10,PERSON_00429,PERSON_00270,779,PHONE_00429,voice
CALL_001330,2022-12-27,PERSON_00430,PERSON_00299,781,PHONE_00430,missed
CALL_001331,2022-04-26,PERSON_00431,PERSON_00328,147,PHONE_00431,voice
CALL_001332,2026-05-26,PERSON_00432,PERSON_00357,768,PHONE_00432,missed
CALL_001333,2024-10-05,PERSON_00433,PERSON_00386,598,PHONE_00433,voice
CALL_001334,2023-01-18,PERSON_00434,PERSON_00415,855,PHONE_00434,voice
CALL_001335,2022-03-20,PERSON_00435,PERSON_00444,285,PHONE_00435,voice
CALL_001336,2022-11-19,PERSON_00436,PERSON_00256,61,PHONE_00436,voice
CALL_001337,2023-02-26,PERSON_00437,PERSON_00052,488,PHONE_00437,voice
CALL_001338,2023-07-11,PERSON_00438,PERSON_00081,359,PHONE_00438,voice
CALL_001339,2021-09-21,PERSON_00439,PERSON_00110,250,PHONE_00439,voice
CALL_001340,2022-05-27,PERSON_00440,PERSON_00139,809,PHONE_00440,missed
CALL_001341,2025-06-27,PERSON_00441,PERSON_00168,893,PHONE_00441,voice
CALL_001342,2023-08-06,PERSON_00442,PERSON_00197,493,PHONE_00442,missed
CALL_001343,2024-08-12,PERSON_00443,PERSON_00226,226,PHONE_00443,missed
CALL_001344,2024-08-23,PERSON_00444,PERSON_00255,38,PHONE_00444,missed
CALL_001345,2022-04-25,PERSON_00445,PERSON_00284,709,PHONE_00445,voice
CALL_001346,2026-05-31,PERSON_00446,PERSON_00313,538,PHONE_00446,missed
CALL_001347,2025-08-22,PERSON_00447,PERSON_00342,301,PHONE_00447,missed
CALL_001348,2021-10-05,PERSON_00448,PERSON_00371,206,PHONE_00448,missed
CALL_001349,2023-06-04,PERSON_00449,PERSON_00400,291,PHONE_00449,voice
CALL_001350,2026-02-06,PERSON_00450,PERSON_00429,436,PHONE_00450,missed
CALL_001351,2021-10-04,PERSON_00001,PERSON_00008,158,PHONE_00001,missed
CALL_001352,2022-06-10,PERSON_00002,PERSON_00037,178,PHONE_00002,missed
CALL_001353,2024-11-13,PERSON_00003,PERSON_00066,888,PHONE_00003,voice
CALL_001354,2022-03-30,PERSON_00004,PERSON_00095,403,PHONE_00004,voice
CALL_001355,2023-07-02,PERSON_00005,PERSON_00124,199,PHONE_00005,voice
CALL_001356,2024-03-16,PERSON_00006,PERSON_00442,133,PHONE_00006,missed
CALL_001357,2021-04-03,PERSON_00007,PERSON_00182,533,PHONE_00007,missed
CALL_001358,2024-08-15,PERSON_00008,PERSON_00211,260,PHONE_00008,voice
CALL_001359,2023-12-31,PERSON_00009,PERSON_00240,547,PHONE_00009,voice
CALL_001360,2023-08-01,PERSON_00010,PERSON_00269,189,PHONE_00010,voice
CALL_001361,2026-05-18,PERSON_00011,PERSON_00298,632,PHONE_00011,voice
CALL_001362,2025-05-24,PERSON_00012,PERSON_00327,809,PHONE_00012,voice
CALL_001363,2022-08-26,PERSON_00013,PERSON_00356,129,PHONE_00013,voice
CALL_001364,2025-06-16,PERSON_00014,PERSON_00385,662,PHONE_00014,voice
CALL_001365,2021-08-23,PERSON_00015,PERSON_00414,418,PHONE_00015,voice
CALL_001366,2023-11-25,PERSON_00016,PERSON_00340,174,PHONE_00016,voice
CALL_001367,2022-08-02,PERSON_00017,PERSON_00022,412,PHONE_00017,voice
CALL_001368,2024-09-12,PERSON_00018,PERSON_00051,143,PHONE_00018,missed
CALL_001369,2024-10-20,PERSON_00019,PERSON_00080,728,PHONE_00019,voice
CALL_001370,2026-02-05,PERSON_00020,PERSON_00109,519,PHONE_00020,voice
CALL_001371,2021-06-21,PERSON_00021,PERSON_00220,146,PHONE_00021,missed
CALL_001372,2022-10-21,PERSON_00022,PERSON_00167,559,PHONE_00022,missed
CALL_001373,2024-02-28,PERSON_00023,PERSON_00196,766,PHONE_00023,voice
CALL_001374,2025-01-18,PERSON_00024,PERSON_00225,828,PHONE_00024,missed
CALL_001375,2023-07-08,PERSON_00025,PERSON_00254,560,PHONE_00025,voice
CALL_001376,2021-01-07,PERSON_00026,PERSON_00283,737,PHONE_00026,voice
CALL_001377,2021-10-07,PERSON_00027,PERSON_00312,37,PHONE_00027,voice
CALL_001378,2022-03-13,PERSON_00028,PERSON_00341,717,PHONE_00028,voice
CALL_001379,2023-08-12,PERSON_00029,PERSON_00370,471,PHONE_00029,missed
CALL_001380,2024-11-14,PERSON_00030,PERSON_00399,454,PHONE_00030,voice
CALL_001381,2022-12-28,PERSON_00031,PERSON_00428,311,PHONE_00031,voice
CALL_001382,2021-04-03,PERSON_00032,PERSON_00007,577,PHONE_00032,voice
CALL_001383,2024-02-05,PERSON_00033,PERSON_00036,184,PHONE_00033,missed
CALL_001384,2021-05-05,PERSON_00034,PERSON_00065,778,PHONE_00034,voice
CALL_001385,2021-04-08,PERSON_00035,PERSON_00094,88,PHONE_00035,voice
CALL_001386,2023-06-18,PERSON_00036,PERSON_00123,50,PHONE_00036,missed
CALL_001387,2021-10-18,PERSON_00037,PERSON_00152,448,PHONE_00037,voice
CALL_001388,2021-08-31,PERSON_00038,PERSON_00181,611,PHONE_00038,missed
CALL_001389,2021-05-17,PERSON_00039,PERSON_00210,577,PHONE_00039,voice
CALL_001390,2025-10-04,PERSON_00040,PERSON_00239,427,PHONE_00040,voice
CALL_001391,2024-01-08,PERSON_00041,PERSON_00268,176,PHONE_00041,voice
CALL_001392,2023-09-10,PERSON_00042,PERSON_00297,22,PHONE_00042,voice
CALL_001393,2023-08-19,PERSON_00043,PERSON_00326,361,PHONE_00043,voice
CALL_001394,2025-10-04,PERSON_00044,PERSON_00355,869,PHONE_00044,missed
CALL_001395,2022-02-24,PERSON_00045,PERSON_00384,534,PHONE_00045,voice
CALL_001396,2024-01-11,PERSON_00046,PERSON_00052,120,PHONE_00046,missed
CALL_001397,2025-01-24,PERSON_00047,PERSON_00442,712,PHONE_00047,voice
CALL_001398,2024-03-29,PERSON_00048,PERSON_00021,396,PHONE_00048,voice
CALL_001399,2024-09-07,PERSON_00049,PERSON_00050,873,PHONE_00049,missed
CALL_001400,2022-06-11,PERSON_00050,PERSON_00079,699,PHONE_00050,missed
CALL_001401,2022-12-29,PERSON_00051,PERSON_00108,73,PHONE_00051,voice
CALL_001402,2026-01-04,PERSON_00052,PERSON_00137,368,PHONE_00052,voice
CALL_001403,2024-01-31,PERSON_00053,PERSON_00166,535,PHONE_00053,voice
CALL_001404,2025-09-30,PERSON_00054,PERSON_00195,264,PHONE_00054,voice
CALL_001405,2023-12-31,PERSON_00055,PERSON_00224,428,PHONE_00055,voice
CALL_001406,2023-10-06,PERSON_00056,PERSON_00253,352,PHONE_00056,missed
CALL_001407,2023-07-17,PERSON_00057,PERSON_00282,477,PHONE_00057,missed
CALL_001408,2025-04-25,PERSON_00058,PERSON_00311,547,PHONE_00058,missed
CALL_001409,2022-10-22,PERSON_00059,PERSON_00340,546,PHONE_00059,missed
CALL_001410,2023-11-01,PERSON_00060,PERSON_00369,621,PHONE_00060,missed
CALL_001411,2025-04-12,PERSON_00061,PERSON_00442,97,PHONE_00061,voice
CALL_001412,2023-04-10,PERSON_00062,PERSON_00427,616,PHONE_00062,missed
CALL_001413,2021-01-12,PERSON_00063,PERSON_00006,306,PHONE_00063,missed
CALL_001414,2022-02-14,PERSON_00064,PERSON_00035,15,PHONE_00064,voice
CALL_001415,2024-12-23,PERSON_00065,PERSON_00064,749,PHONE_00065,voice
CALL_001416,2025-11-10,PERSON_00066,PERSON_00093,684,PHONE_00066,voice
CALL_001417,2023-03-15,PERSON_00067,PERSON_00122,732,PHONE_00067,voice
CALL_001418,2021-01-10,PERSON_00068,PERSON_00151,872,PHONE_00068,voice
CALL_001419,2021-09-05,PERSON_00069,PERSON_00180,304,PHONE_00069,voice
CALL_001420,2021-07-02,PERSON_00070,PERSON_00209,705,PHONE_00070,voice
CALL_001421,2025-07-09,PERSON_00071,PERSON_00238,188,PHONE_00071,missed
CALL_001422,2022-03-03,PERSON_00072,PERSON_00267,425,PHONE_00072,missed
CALL_001423,2024-02-17,PERSON_00073,PERSON_00296,309,PHONE_00073,missed
CALL_001424,2021-02-18,PERSON_00074,PERSON_00325,393,PHONE_00074,missed
CALL_001425,2025-04-23,PERSON_00075,PERSON_00354,757,PHONE_00075,voice
CALL_001426,2023-06-12,PERSON_00076,PERSON_00245,28,PHONE_00076,missed
CALL_001427,2023-08-28,PERSON_00077,PERSON_00412,771,PHONE_00077,voice
CALL_001428,2024-09-24,PERSON_00078,PERSON_00441,779,PHONE_00078,voice
CALL_001429,2021-01-13,PERSON_00079,PERSON_00020,417,PHONE_00079,voice
CALL_001430,2025-06-02,PERSON_00080,PERSON_00049,106,PHONE_00080,voice
CALL_001431,2021-02-03,PERSON_00081,PERSON_00344,38,PHONE_00081,voice
CALL_001432,2024-06-19,PERSON_00082,PERSON_00107,345,PHONE_00082,voice
CALL_001433,2022-06-14,PERSON_00083,PERSON_00136,89,PHONE_00083,voice
CALL_001434,2024-10-12,PERSON_00084,PERSON_00165,623,PHONE_00084,voice
CALL_001435,2021-06-01,PERSON_00085,PERSON_00194,523,PHONE_00085,missed
CALL_001436,2025-07-30,PERSON_00086,PERSON_00340,134,PHONE_00086,voice
CALL_001437,2025-01-17,PERSON_00087,PERSON_00252,747,PHONE_00087,voice
CALL_001438,2025-04-27,PERSON_00088,PERSON_00281,337,PHONE_00088,missed
CALL_001439,2025-02-26,PERSON_00089,PERSON_00310,635,PHONE_00089,voice
CALL_001440,2025-05-07,PERSON_00090,PERSON_00339,721,PHONE_00090,missed
CALL_001441,2022-06-19,PERSON_00091,PERSON_00368,315,PHONE_00091,voice
CALL_001442,2023-02-24,PERSON_00092,PERSON_00397,679,PHONE_00092,voice
CALL_001443,2024-08-20,PERSON_00093,PERSON_00426,78,PHONE_00093,voice
CALL_001444,2022-10-30,PERSON_00094,PERSON_00005,417,PHONE_00094,voice
CALL_001445,2025-01-30,PERSON_00095,PERSON_00034,218,PHONE_00095,voice
CALL_001446,2025-05-04,PERSON_00096,PERSON_00063,485,PHONE_00096,voice
CALL_001447,2021-02-18,PERSON_00097,PERSON_00092,783,PHONE_00097,missed
CALL_001448,2021-02-11,PERSON_00098,PERSON_00121,396,PHONE_00098,voice
CALL_001449,2024-02-08,PERSON_00099,PERSON_00150,547,PHONE_00099,voice
CALL_001450,2025-01-06,PERSON_00100,PERSON_00179,417,PHONE_00100,voice
CALL_001451,2024-05-28,PERSON_00101,PERSON_00202,37,PHONE_00101,voice
CALL_001452,2022-12-07,PERSON_00102,PERSON_00237,691,PHONE_00102,voice
CALL_001453,2022-07-16,PERSON_00103,PERSON_00266,566,PHONE_00103,voice
CALL_001454,2023-06-02,PERSON_00104,PERSON_00295,123,PHONE_00104,voice
CALL_001455,2021-09-19,PERSON_00105,PERSON_00324,388,PHONE_00105,missed
CALL_001456,2021-01-17,PERSON_00106,PERSON_00093,40,PHONE_00106,voice
CALL_001457,2022-12-13,PERSON_00107,PERSON_00382,530,PHONE_00107,voice
CALL_001458,2022-11-20,PERSON_00108,PERSON_00411,489,PHONE_00108,voice
CALL_001459,2024-06-22,PERSON_00109,PERSON_00440,828,PHONE_00109,voice
CALL_001460,2021-09-23,PERSON_00110,PERSON_00019,741,PHONE_00110,voice
CALL_001461,2025-02-13,PERSON_00111,PERSON_00048,217,PHONE_00111,missed
CALL_001462,2021-07-16,PERSON_00112,PERSON_00077,299,PHONE_00112,voice
CALL_001463,2023-12-30,PERSON_00113,PERSON_00106,244,PHONE_00113,voice
CALL_001464,2022-04-07,PERSON_00114,PERSON_00135,421,PHONE_00114,missed
CALL_001465,2026-04-12,PERSON_00115,PERSON_00164,279,PHONE_00115,missed
CALL_001466,2023-03-23,PERSON_00116,PERSON_00193,391,PHONE_00116,voice
CALL_001467,2025-10-30,PERSON_00117,PERSON_00222,461,PHONE_00117,voice
CALL_001468,2021-09-17,PERSON_00118,PERSON_00251,684,PHONE_00118,missed
CALL_001469,2022-01-25,PERSON_00119,PERSON_00280,634,PHONE_00119,voice
CALL_001470,2022-05-16,PERSON_00120,PERSON_00309,521,PHONE_00120,voice
CALL_001471,2025-10-03,PERSON_00121,PERSON_00338,194,PHONE_00121,missed
CALL_001472,2026-03-30,PERSON_00122,PERSON_00367,221,PHONE_00122,voice
CALL_001473,2025-03-29,PERSON_00123,PERSON_00396,115,PHONE_00123,voice
CALL_001474,2022-06-05,PERSON_00124,PERSON_00425,360,PHONE_00124,missed
CALL_001475,2025-05-10,PERSON_00125,PERSON_00004,625,PHONE_00125,missed
CALL_001476,2025-11-08,PERSON_00126,PERSON_00355,53,PHONE_00126,missed
CALL_001477,2021-08-25,PERSON_00127,PERSON_00062,471,PHONE_00127,voice
CALL_001478,2022-04-08,PERSON_00128,PERSON_00091,141,PHONE_00128,voice
CALL_001479,2024-12-22,PERSON_00129,PERSON_00120,191,PHONE_00129,missed
CALL_001480,2021-07-30,PERSON_00130,PERSON_00149,101,PHONE_00130,voice
CALL_001481,2022-09-27,PERSON_00131,PERSON_00178,262,PHONE_00131,voice
CALL_001482,2025-05-31,PERSON_00132,PERSON_00207,635,PHONE_00132,missed
CALL_001483,2021-05-08,PERSON_00133,PERSON_00236,644,PHONE_00133,voice
CALL_001484,2023-07-09,PERSON_00134,PERSON_00265,342,PHONE_00134,voice
CALL_001485,2022-02-01,PERSON_00135,PERSON_00294,167,PHONE_00135,voice
CALL_001486,2024-06-05,PERSON_00136,PERSON_00323,208,PHONE_00136,voice
CALL_001487,2022-06-09,PERSON_00137,PERSON_00352,436,PHONE_00137,voice
CALL_001488,2023-09-09,PERSON_00138,PERSON_00381,845,PHONE_00138,voice
CALL_001489,2022-01-30,PERSON_00139,PERSON_00410,839,PHONE_00139,voice
CALL_001490,2025-12-30,PERSON_00140,PERSON_00439,89,PHONE_00140,voice
CALL_001491,2025-10-06,PERSON_00141,PERSON_00240,104,PHONE_00141,voice
CALL_001492,2023-04-22,PERSON_00142,PERSON_00047,104,PHONE_00142,missed
CALL_001493,2025-12-25,PERSON_00143,PERSON_00076,708,PHONE_00143,voice
CALL_001494,2024-07-24,PERSON_00144,PERSON_00105,702,PHONE_00144,missed
CALL_001495,2023-01-03,PERSON_00145,PERSON_00134,412,PHONE_00145,voice
CALL_001496,2021-09-07,PERSON_00146,PERSON_00163,74,PHONE_00146,missed
CALL_001497,2024-12-07,PERSON_00147,PERSON_00192,473,PHONE_00147,voice
CALL_001498,2021-03-10,PERSON_00148,PERSON_00221,685,PHONE_00148,voice
CALL_001499,2024-01-25,PERSON_00149,PERSON_00250,474,PHONE_00149,voice
CALL_001500,2022-06-28,PERSON_00150,PERSON_00279,743,PHONE_00150,voice
CALL_001501,2023-02-03,PERSON_00151,PERSON_00308,432,PHONE_00151,missed
CALL_001502,2023-10-13,PERSON_00152,PERSON_00337,876,PHONE_00152,missed
CALL_001503,2022-08-26,PERSON_00153,PERSON_00366,180,PHONE_00153,missed
CALL_001504,2023-02-09,PERSON_00154,PERSON_00395,111,PHONE_00154,missed
CALL_001505,2025-08-07,PERSON_00155,PERSON_00424,418,PHONE_00155,missed
CALL_001506,2022-10-29,PERSON_00156,PERSON_00256,77,PHONE_00156,voice
CALL_001507,2021-01-11,PERSON_00157,PERSON_00032,892,PHONE_00157,missed
CALL_001508,2025-01-18,PERSON_00158,PERSON_00061,545,PHONE_00158,missed
CALL_001509,2025-04-02,PERSON_00159,PERSON_00090,849,PHONE_00159,missed
CALL_001510,2026-06-08,PERSON_00160,PERSON_00119,582,PHONE_00160,missed
CALL_001511,2024-01-30,PERSON_00161,PERSON_00344,63,PHONE_00161,voice
CALL_001512,2024-04-28,PERSON_00162,PERSON_00177,404,PHONE_00162,voice
CALL_001513,2024-09-17,PERSON_00163,PERSON_00206,386,PHONE_00163,missed
CALL_001514,2024-04-10,PERSON_00164,PERSON_00235,177,PHONE_00164,missed
CALL_001515,2024-03-06,PERSON_00165,PERSON_00264,399,PHONE_00165,voice
CALL_001516,2023-06-17,PERSON_00166,PERSON_00244,58,PHONE_00166,missed
CALL_001517,2025-03-28,PERSON_00167,PERSON_00322,524,PHONE_00167,voice
CALL_001518,2025-02-06,PERSON_00168,PERSON_00351,575,PHONE_00168,voice
CALL_001519,2024-11-27,PERSON_00169,PERSON_00380,398,PHONE_00169,missed
CALL_001520,2022-07-28,PERSON_00170,PERSON_00409,448,PHONE_00170,voice
CALL_001521,2023-09-08,PERSON_00171,PERSON_00052,122,PHONE_00171,voice
CALL_001522,2021-01-01,PERSON_00172,PERSON_00017,460,PHONE_00172,voice
CALL_001523,2025-11-01,PERSON_00173,PERSON_00046,685,PHONE_00173,voice
CALL_001524,2024-06-04,PERSON_00174,PERSON_00075,21,PHONE_00174,voice
CALL_001525,2022-12-24,PERSON_00175,PERSON_00104,239,PHONE_00175,voice
CALL_001526,2024-06-21,PERSON_00176,PERSON_00133,664,PHONE_00176,voice
CALL_001527,2024-04-20,PERSON_00177,PERSON_00162,170,PHONE_00177,missed
CALL_001528,2026-06-01,PERSON_00178,PERSON_00191,648,PHONE_00178,missed
CALL_001529,2023-07-20,PERSON_00179,PERSON_00220,505,PHONE_00179,voice
CALL_001530,2024-09-10,PERSON_00180,PERSON_00249,473,PHONE_00180,voice
CALL_001531,2025-08-11,PERSON_00181,PERSON_00278,634,PHONE_00181,voice
CALL_001532,2026-02-25,PERSON_00182,PERSON_00307,191,PHONE_00182,missed
CALL_001533,2025-02-20,PERSON_00183,PERSON_00336,578,PHONE_00183,voice
CALL_001534,2023-10-02,PERSON_00184,PERSON_00365,65,PHONE_00184,missed
CALL_001535,2023-05-03,PERSON_00185,PERSON_00394,889,PHONE_00185,voice
CALL_001536,2024-01-19,PERSON_00186,PERSON_00423,375,PHONE_00186,missed
CALL_001537,2022-12-03,PERSON_00187,PERSON_00002,625,PHONE_00187,voice
CALL_001538,2021-09-26,PERSON_00188,PERSON_00031,283,PHONE_00188,missed
CALL_001539,2026-02-21,PERSON_00189,PERSON_00060,340,PHONE_00189,voice
CALL_001540,2025-08-30,PERSON_00190,PERSON_00089,718,PHONE_00190,voice
CALL_001541,2024-12-23,PERSON_00191,PERSON_00182,76,PHONE_00191,missed
CALL_001542,2025-09-07,PERSON_00192,PERSON_00147,342,PHONE_00192,voice
CALL_001543,2024-07-12,PERSON_00193,PERSON_00176,866,PHONE_00193,missed
CALL_001544,2023-10-15,PERSON_00194,PERSON_00205,85,PHONE_00194,voice
CALL_001545,2025-05-20,PERSON_00195,PERSON_00234,449,PHONE_00195,voice
CALL_001546,2023-05-23,PERSON_00196,PERSON_00449,108,PHONE_00196,missed
CALL_001547,2026-04-27,PERSON_00197,PERSON_00292,476,PHONE_00197,voice
CALL_001548,2021-08-12,PERSON_00198,PERSON_00321,580,PHONE_00198,voice
CALL_001549,2021-09-10,PERSON_00199,PERSON_00350,109,PHONE_00199,voice
CALL_001550,2022-09-27,PERSON_00200,PERSON_00379,68,PHONE_00200,voice
CALL_001551,2024-12-09,PERSON_00201,PERSON_00408,477,PHONE_00201,voice
CALL_001552,2021-03-11,PERSON_00202,PERSON_00437,83,PHONE_00202,voice
CALL_001553,2026-04-29,PERSON_00203,PERSON_00016,728,PHONE_00203,missed
CALL_001554,2022-09-21,PERSON_00204,PERSON_00045,41,PHONE_00204,voice
CALL_001555,2022-07-22,PERSON_00205,PERSON_00074,436,PHONE_00205,voice
CALL_001556,2026-02-10,PERSON_00206,PERSON_00103,858,PHONE_00206,voice
CALL_001557,2023-12-27,PERSON_00207,PERSON_00132,363,PHONE_00207,voice
CALL_001558,2022-03-05,PERSON_00208,PERSON_00161,622,PHONE_00208,voice
CALL_001559,2022-11-15,PERSON_00209,PERSON_00190,446,PHONE_00209,voice
CALL_001560,2023-02-08,PERSON_00210,PERSON_00219,423,PHONE_00210,voice
CALL_001561,2021-04-04,PERSON_00211,PERSON_00248,616,PHONE_00211,voice
CALL_001562,2021-04-12,PERSON_00212,PERSON_00277,803,PHONE_00212,voice
CALL_001563,2023-01-28,PERSON_00213,PERSON_00306,457,PHONE_00213,voice
CALL_001564,2024-09-19,PERSON_00214,PERSON_00335,442,PHONE_00214,voice
CALL_001565,2021-08-13,PERSON_00215,PERSON_00364,437,PHONE_00215,missed
CALL_001566,2021-06-27,PERSON_00216,PERSON_00154,20,PHONE_00216,voice
CALL_001567,2021-01-23,PERSON_00217,PERSON_00422,567,PHONE_00217,missed
CALL_001568,2024-02-11,PERSON_00218,PERSON_00001,756,PHONE_00218,voice
CALL_001569,2021-12-13,PERSON_00219,PERSON_00030,133,PHONE_00219,voice
CALL_001570,2024-09-03,PERSON_00220,PERSON_00059,598,PHONE_00220,missed
CALL_001571,2021-07-05,PERSON_00221,PERSON_00012,77,PHONE_00221,voice
CALL_001572,2023-10-10,PERSON_00222,PERSON_00117,683,PHONE_00222,voice
CALL_001573,2026-04-22,PERSON_00223,PERSON_00146,488,PHONE_00223,missed
CALL_001574,2022-03-03,PERSON_00224,PERSON_00175,757,PHONE_00224,missed
CALL_001575,2022-06-15,PERSON_00225,PERSON_00204,426,PHONE_00225,voice
CALL_001576,2021-08-27,PERSON_00226,PERSON_00117,62,PHONE_00226,voice
CALL_001577,2025-02-14,PERSON_00227,PERSON_00262,114,PHONE_00227,voice
CALL_001578,2025-12-24,PERSON_00228,PERSON_00291,430,PHONE_00228,voice
CALL_001579,2026-02-01,PERSON_00229,PERSON_00320,479,PHONE_00229,voice
CALL_001580,2025-11-07,PERSON_00230,PERSON_00349,144,PHONE_00230,voice
CALL_001581,2022-05-07,PERSON_00231,PERSON_00401,70,PHONE_00231,voice
CALL_001582,2023-10-17,PERSON_00232,PERSON_00407,217,PHONE_00232,missed
CALL_001583,2025-11-22,PERSON_00233,PERSON_00436,878,PHONE_00233,voice
CALL_001584,2021-06-17,PERSON_00234,PERSON_00015,377,PHONE_00234,missed
CALL_001585,2025-05-12,PERSON_00235,PERSON_00044,492,PHONE_00235,voice
CALL_001586,2025-09-19,PERSON_00236,PERSON_00073,804,PHONE_00236,missed
CALL_001587,2023-06-21,PERSON_00237,PERSON_00102,364,PHONE_00237,voice
CALL_001588,2022-07-26,PERSON_00238,PERSON_00131,607,PHONE_00238,missed
CALL_001589,2024-06-06,PERSON_00239,PERSON_00160,291,PHONE_00239,voice
CALL_001590,2021-05-12,PERSON_00240,PERSON_00189,148,PHONE_00240,voice
CALL_001591,2023-01-09,PERSON_00241,PERSON_00110,141,PHONE_00241,voice
CALL_001592,2023-07-01,PERSON_00242,PERSON_00247,628,PHONE_00242,missed
CALL_001593,2022-08-05,PERSON_00243,PERSON_00276,689,PHONE_00243,voice
CALL_001594,2023-10-09,PERSON_00244,PERSON_00305,77,PHONE_00244,voice
CALL_001595,2021-02-28,PERSON_00245,PERSON_00334,577,PHONE_00245,voice
CALL_001596,2022-10-06,PERSON_00246,PERSON_00363,150,PHONE_00246,voice
CALL_001597,2021-07-13,PERSON_00247,PERSON_00392,626,PHONE_00247,voice
CALL_001598,2022-09-01,PERSON_00248,PERSON_00421,843,PHONE_00248,voice
CALL_001599,2024-09-13,PERSON_00249,PERSON_00450,644,PHONE_00249,voice
CALL_001600,2026-06-08,PERSON_00250,PERSON_00029,613,PHONE_00250,missed
CALL_001601,2025-11-12,PERSON_00251,PERSON_00058,298,PHONE_00251,missed
CALL_001602,2022-08-13,PERSON_00252,PERSON_00087,799,PHONE_00252,voice
CALL_001603,2023-10-12,PERSON_00253,PERSON_00116,83,PHONE_00253,voice
CALL_001604,2022-08-24,PERSON_00254,PERSON_00145,739,PHONE_00254,voice
CALL_001605,2021-12-11,PERSON_00255,PERSON_00174,204,PHONE_00255,voice
CALL_001606,2024-09-01,PERSON_00256,PERSON_00101,16,PHONE_00256,missed
CALL_001607,2021-12-02,PERSON_00257,PERSON_00232,207,PHONE_00257,voice
CALL_001608,2022-10-19,PERSON_00258,PERSON_00261,804,PHONE_00258,voice
CALL_001609,2025-06-16,PERSON_00259,PERSON_00290,603,PHONE_00259,voice
CALL_001610,2025-09-05,PERSON_00260,PERSON_00319,248,PHONE_00260,voice
CALL_001611,2024-06-23,PERSON_00261,PERSON_00348,278,PHONE_00261,voice
CALL_001612,2023-02-18,PERSON_00262,PERSON_00377,242,PHONE_00262,voice
CALL_001613,2024-07-04,PERSON_00263,PERSON_00406,752,PHONE_00263,voice
CALL_001614,2024-01-16,PERSON_00264,PERSON_00435,565,PHONE_00264,voice
CALL_001615,2023-03-24,PERSON_00265,PERSON_00014,720,PHONE_00265,voice
CALL_001616,2024-07-27,PERSON_00266,PERSON_00043,209,PHONE_00266,voice
CALL_001617,2025-05-15,PERSON_00267,PERSON_00072,830,PHONE_00267,missed
CALL_001618,2025-12-05,PERSON_00268,PERSON_00101,309,PHONE_00268,missed
CALL_001619,2023-01-04,PERSON_00269,PERSON_00130,374,PHONE_00269,voice
CALL_001620,2023-01-04,PERSON_00270,PERSON_00159,605,PHONE_00270,missed
CALL_001621,2023-08-28,PERSON_00271,PERSON_00014,34,PHONE_00271,missed
CALL_001622,2026-02-27,PERSON_00272,PERSON_00217,81,PHONE_00272,voice
CALL_001623,2024-03-31,PERSON_00273,PERSON_00246,523,PHONE_00273,voice
CALL_001624,2023-07-20,PERSON_00274,PERSON_00275,610,PHONE_00274,voice
CALL_001625,2023-10-29,PERSON_00275,PERSON_00304,243,PHONE_00275,missed
CALL_001626,2024-07-30,PERSON_00276,PERSON_00333,700,PHONE_00276,voice
CALL_001627,2021-10-28,PERSON_00277,PERSON_00362,883,PHONE_00277,voice
CALL_001628,2023-04-15,PERSON_00278,PERSON_00391,183,PHONE_00278,missed
CALL_001629,2023-04-01,PERSON_00279,PERSON_00420,509,PHONE_00279,voice
CALL_001630,2025-01-02,PERSON_00280,PERSON_00449,649,PHONE_00280,missed
CALL_001631,2026-03-22,PERSON_00281,PERSON_00028,803,PHONE_00281,missed
CALL_001632,2026-01-20,PERSON_00282,PERSON_00057,61,PHONE_00282,missed
CALL_001633,2022-05-15,PERSON_00283,PERSON_00086,892,PHONE_00283,voice
CALL_001634,2026-01-01,PERSON_00284,PERSON_00115,551,PHONE_00284,voice
CALL_001635,2023-08-02,PERSON_00285,PERSON_00144,468,PHONE_00285,voice
CALL_001636,2023-10-16,PERSON_00286,PERSON_00290,10,PHONE_00286,voice
CALL_001637,2024-03-24,PERSON_00287,PERSON_00202,860,PHONE_00287,missed
CALL_001638,2021-05-20,PERSON_00288,PERSON_00231,333,PHONE_00288,voice
CALL_001639,2023-04-07,PERSON_00289,PERSON_00260,537,PHONE_00289,voice
CALL_001640,2023-04-01,PERSON_00290,PERSON_00289,338,PHONE_00290,voice
CALL_001641,2021-03-05,PERSON_00291,PERSON_00101,69,PHONE_00291,voice
CALL_001642,2022-02-15,PERSON_00292,PERSON_00347,253,PHONE_00292,voice
CALL_001643,2024-07-01,PERSON_00293,PERSON_00376,349,PHONE_00293,voice
CALL_001644,2021-05-29,PERSON_00294,PERSON_00405,887,PHONE_00294,voice
CALL_001645,2024-01-14,PERSON_00295,PERSON_00434,604,PHONE_00295,voice
CALL_001646,2022-06-09,PERSON_00296,PERSON_00013,446,PHONE_00296,voice
CALL_001647,2021-09-20,PERSON_00297,PERSON_00042,698,PHONE_00297,voice
CALL_001648,2023-11-18,PERSON_00298,PERSON_00071,355,PHONE_00298,voice
CALL_001649,2021-04-28,PERSON_00299,PERSON_00100,183,PHONE_00299,missed
CALL_001650,2024-03-12,PERSON_00300,PERSON_00129,356,PHONE_00300,missed
CALL_001651,2024-12-25,PERSON_00301,PERSON_00321,113,PHONE_00301,missed
CALL_001652,2026-04-24,PERSON_00302,PERSON_00187,281,PHONE_00302,voice
CALL_001653,2021-08-26,PERSON_00303,PERSON_00216,871,PHONE_00303,voice
CALL_001654,2024-07-24,PERSON_00304,PERSON_00245,493,PHONE_00304,voice
CALL_001655,2021-08-03,PERSON_00305,PERSON_00274,717,PHONE_00305,voice
CALL_001656,2022-09-29,PERSON_00306,PERSON_00303,559,PHONE_00306,missed
CALL_001657,2021-08-04,PERSON_00307,PERSON_00332,295,PHONE_00307,voice
CALL_001658,2022-05-06,PERSON_00308,PERSON_00361,207,PHONE_00308,missed
CALL_001659,2023-05-16,PERSON_00309,PERSON_00390,488,PHONE_00309,voice
CALL_001660,2024-05-19,PERSON_00310,PERSON_00419,165,PHONE_00310,voice
CALL_001661,2022-07-05,PERSON_00311,PERSON_00448,335,PHONE_00311,voice
CALL_001662,2024-02-02,PERSON_00312,PERSON_00027,371,PHONE_00312,voice
CALL_001663,2025-08-10,PERSON_00313,PERSON_00056,771,PHONE_00313,missed
CALL_001664,2024-08-31,PERSON_00314,PERSON_00085,715,PHONE_00314,voice
CALL_001665,2024-04-30,PERSON_00315,PERSON_00114,431,PHONE_00315,voice
CALL_001666,2021-12-21,PERSON_00316,PERSON_00143,123,PHONE_00316,voice
CALL_001667,2026-03-19,PERSON_00317,PERSON_00172,464,PHONE_00317,voice
CALL_001668,2021-05-23,PERSON_00318,PERSON_00201,37,PHONE_00318,voice
CALL_001669,2024-04-27,PERSON_00319,PERSON_00230,739,PHONE_00319,missed
CALL_001670,2022-03-05,PERSON_00320,PERSON_00259,624,PHONE_00320,voice
CALL_001671,2025-06-10,PERSON_00321,PERSON_00290,23,PHONE_00321,voice
CALL_001672,2025-02-13,PERSON_00322,PERSON_00317,766,PHONE_00322,voice
CALL_001673,2024-04-28,PERSON_00323,PERSON_00346,138,PHONE_00323,voice
CALL_001674,2023-06-04,PERSON_00324,PERSON_00375,194,PHONE_00324,voice
CALL_001675,2021-04-23,PERSON_00325,PERSON_00404,415,PHONE_00325,voice
CALL_001676,2025-02-20,PERSON_00326,PERSON_00433,847,PHONE_00326,missed
CALL_001677,2024-12-30,PERSON_00327,PERSON_00012,451,PHONE_00327,voice
CALL_001678,2025-07-14,PERSON_00328,PERSON_00041,335,PHONE_00328,voice
CALL_001679,2023-08-08,PERSON_00329,PERSON_00070,300,PHONE_00329,missed
CALL_001680,2021-04-11,PERSON_00330,PERSON_00099,900,PHONE_00330,voice
CALL_001681,2022-10-11,PERSON_00331,PERSON_00370,48,PHONE_00331,missed
CALL_001682,2024-11-19,PERSON_00332,PERSON_00157,551,PHONE_00332,missed
CALL_001683,2023-12-23,PERSON_00333,PERSON_00186,771,PHONE_00333,voice
CALL_001684,2023-04-08,PERSON_00334,PERSON_00215,899,PHONE_00334,voice
CALL_001685,2022-04-28,PERSON_00335,PERSON_00244,505,PHONE_00335,missed
CALL_001686,2026-01-18,PERSON_00336,PERSON_00300,52,PHONE_00336,voice
CALL_001687,2025-08-19,PERSON_00337,PERSON_00302,864,PHONE_00337,voice
CALL_001688,2021-02-08,PERSON_00338,PERSON_00331,436,PHONE_00338,voice
CALL_001689,2024-11-09,PERSON_00339,PERSON_00360,77,PHONE_00339,missed
CALL_001690,2022-04-30,PERSON_00340,PERSON_00389,203,PHONE_00340,missed
CALL_001691,2021-11-24,PERSON_00341,PERSON_00418,652,PHONE_00341,voice
CALL_001692,2023-09-11,PERSON_00342,PERSON_00447,627,PHONE_00342,voice
CALL_001693,2025-09-20,PERSON_00343,PERSON_00026,794,PHONE_00343,voice
CALL_001694,2021-01-10,PERSON_00344,PERSON_00055,610,PHONE_00344,missed
CALL_001695,2022-01-07,PERSON_00345,PERSON_00084,704,PHONE_00345,voice
CALL_001696,2025-07-15,PERSON_00346,PERSON_00113,692,PHONE_00346,voice
CALL_001697,2025-10-09,PERSON_00347,PERSON_00142,51,PHONE_00347,voice
CALL_001698,2022-11-07,PERSON_00348,PERSON_00171,217,PHONE_00348,voice
CALL_001699,2026-04-03,PERSON_00349,PERSON_00200,822,PHONE_00349,missed
CALL_001700,2023-12-30,PERSON_00350,PERSON_00229,311,PHONE_00350,voice
CALL_001701,2025-04-04,PERSON_00351,PERSON_00258,91,PHONE_00351,voice
CALL_001702,2025-05-31,PERSON_00352,PERSON_00287,746,PHONE_00352,missed
CALL_001703,2023-09-18,PERSON_00353,PERSON_00316,643,PHONE_00353,voice
CALL_001704,2025-09-16,PERSON_00354,PERSON_00345,396,PHONE_00354,missed
CALL_001705,2024-07-31,PERSON_00355,PERSON_00374,209,PHONE_00355,voice
CALL_001706,2021-01-17,PERSON_00356,PERSON_00403,556,PHONE_00356,voice
CALL_001707,2024-09-07,PERSON_00357,PERSON_00432,259,PHONE_00357,missed
CALL_001708,2021-03-01,PERSON_00358,PERSON_00011,469,PHONE_00358,missed
CALL_001709,2023-05-21,PERSON_00359,PERSON_00040,311,PHONE_00359,voice
CALL_001710,2023-11-10,PERSON_00360,PERSON_00069,571,PHONE_00360,missed
CALL_001711,2021-03-01,PERSON_00361,PERSON_00098,496,PHONE_00361,voice
CALL_001712,2024-01-03,PERSON_00362,PERSON_00127,19,PHONE_00362,voice
CALL_001713,2022-09-21,PERSON_00363,PERSON_00156,180,PHONE_00363,voice
CALL_001714,2023-11-12,PERSON_00364,PERSON_00185,532,PHONE_00364,missed
CALL_001715,2023-05-13,PERSON_00365,PERSON_00214,135,PHONE_00365,voice
CALL_001716,2025-11-20,PERSON_00366,PERSON_00290,40,PHONE_00366,voice
CALL_001717,2026-05-06,PERSON_00367,PERSON_00272,277,PHONE_00367,voice
CALL_001718,2024-07-21,PERSON_00368,PERSON_00301,803,PHONE_00368,voice
CALL_001719,2022-03-17,PERSON_00369,PERSON_00330,460,PHONE_00369,missed
CALL_001720,2025-04-06,PERSON_00370,PERSON_00359,684,PHONE_00370,voice
CALL_001721,2025-07-12,PERSON_00371,PERSON_00117,151,PHONE_00371,voice
CALL_001722,2026-01-10,PERSON_00372,PERSON_00417,28,PHONE_00372,missed
CALL_001723,2022-06-26,PERSON_00373,PERSON_00446,23,PHONE_00373,missed
CALL_001724,2024-11-07,PERSON_00374,PERSON_00025,438,PHONE_00374,voice
CALL_001725,2022-05-09,PERSON_00375,PERSON_00054,865,PHONE_00375,voice
CALL_001726,2022-04-08,PERSON_00376,PERSON_00442,52,PHONE_00376,voice
CALL_001727,2025-11-14,PERSON_00377,PERSON_00112,861,PHONE_00377,voice
CALL_001728,2021-12-01,PERSON_00378,PERSON_00141,451,PHONE_00378,voice
CALL_001729,2026-03-07,PERSON_00379,PERSON_00170,587,PHONE_00379,voice
CALL_001730,2023-08-13,PERSON_00380,PERSON_00199,198,PHONE_00380,voice
CALL_001731,2025-04-01,PERSON_00381,PERSON_00292,45,PHONE_00381,missed
CALL_001732,2025-07-25,PERSON_00382,PERSON_00257,150,PHONE_00382,missed
CALL_001733,2025-11-08,PERSON_00383,PERSON_00286,96,PHONE_00383,voice
CALL_001734,2024-06-08,PERSON_00384,PERSON_00315,80,PHONE_00384,missed
CALL_001735,2025-02-08,PERSON_00385,PERSON_00344,499,PHONE_00385,missed
CALL_001736,2026-04-20,PERSON_00386,PERSON_00373,495,PHONE_00386,voice
CALL_001737,2026-06-26,PERSON_00387,PERSON_00402,72,PHONE_00387,voice
CALL_001738,2023-10-21,PERSON_00388,PERSON_00431,272,PHONE_00388,missed
CALL_001739,2021-04-20,PERSON_00389,PERSON_00010,740,PHONE_00389,missed
CALL_001740,2025-08-14,PERSON_00390,PERSON_00039,775,PHONE_00390,voice
CALL_001741,2023-02-27,PERSON_00391,PERSON_00171,129,PHONE_00391,missed
CALL_001742,2021-10-26,PERSON_00392,PERSON_00097,92,PHONE_00392,voice
CALL_001743,2021-04-12,PERSON_00393,PERSON_00126,613,PHONE_00393,voice
CALL_001744,2025-11-17,PERSON_00394,PERSON_00155,80,PHONE_00394,voice
CALL_001745,2024-01-23,PERSON_00395,PERSON_00184,91,PHONE_00395,voice
CALL_001746,2023-02-27,PERSON_00396,PERSON_00213,67,PHONE_00396,missed
CALL_001747,2024-07-07,PERSON_00397,PERSON_00242,286,PHONE_00397,voice
CALL_001748,2022-01-08,PERSON_00398,PERSON_00271,646,PHONE_00398,voice
CALL_001749,2021-05-11,PERSON_00399,PERSON_00300,167,PHONE_00399,voice
CALL_001750,2022-12-04,PERSON_00400,PERSON_00329,684,PHONE_00400,voice
CALL_001751,2021-01-26,PERSON_00401,PERSON_00205,161,PHONE_00401,voice
CALL_001752,2026-04-16,PERSON_00402,PERSON_00387,867,PHONE_00402,voice
CALL_001753,2021-11-01,PERSON_00403,PERSON_00416,740,PHONE_00403,missed
CALL_001754,2023-10-11,PERSON_00404,PERSON_00445,491,PHONE_00404,voice
CALL_001755,2024-03-05,PERSON_00405,PERSON_00024,109,PHONE_00405,voice
CALL_001756,2021-01-16,PERSON_00406,PERSON_00012,84,PHONE_00406,voice
CALL_001757,2021-08-24,PERSON_00407,PERSON_00082,293,PHONE_00407,voice
CALL_001758,2025-07-30,PERSON_00408,PERSON_00111,656,PHONE_00408,missed
CALL_001759,2021-10-08,PERSON_00409,PERSON_00140,330,PHONE_00409,voice
CALL_001760,2022-01-17,PERSON_00410,PERSON_00169,268,PHONE_00410,missed
CALL_001761,2022-10-28,PERSON_00411,PERSON_00370,129,PHONE_00411,voice
CALL_001762,2024-07-04,PERSON_00412,PERSON_00227,826,PHONE_00412,voice
CALL_001763,2022-05-18,PERSON_00413,PERSON_00256,843,PHONE_00413,voice
CALL_001764,2021-06-19,PERSON_00414,PERSON_00285,617,PHONE_00414,missed
CALL_001765,2025-04-07,PERSON_00415,PERSON_00314,67,PHONE_00415,missed
CALL_001766,2022-12-18,PERSON_00416,PERSON_00343,84,PHONE_00416,voice
CALL_001767,2023-09-09,PERSON_00417,PERSON_00372,832,PHONE_00417,missed
CALL_001768,2022-05-08,PERSON_00418,PERSON_00401,719,PHONE_00418,missed
CALL_001769,2022-03-18,PERSON_00419,PERSON_00430,752,PHONE_00419,voice
CALL_001770,2024-05-23,PERSON_00420,PERSON_00009,759,PHONE_00420,missed
CALL_001771,2022-06-12,PERSON_00421,PERSON_00038,196,PHONE_00421,missed
CALL_001772,2023-06-06,PERSON_00422,PERSON_00067,407,PHONE_00422,missed
CALL_001773,2024-09-02,PERSON_00423,PERSON_00096,299,PHONE_00423,voice
CALL_001774,2021-09-25,PERSON_00424,PERSON_00125,16,PHONE_00424,missed
CALL_001775,2024-03-26,PERSON_00425,PERSON_00154,213,PHONE_00425,voice
CALL_001776,2022-06-02,PERSON_00426,PERSON_00183,527,PHONE_00426,voice
CALL_001777,2023-02-13,PERSON_00427,PERSON_00212,860,PHONE_00427,voice
CALL_001778,2024-11-19,PERSON_00428,PERSON_00241,706,PHONE_00428,voice
CALL_001779,2022-04-24,PERSON_00429,PERSON_00270,322,PHONE_00429,voice
CALL_001780,2025-11-15,PERSON_00430,PERSON_00299,523,PHONE_00430,voice
CALL_001781,2021-08-18,PERSON_00431,PERSON_00328,851,PHONE_00431,voice
CALL_001782,2024-12-26,PERSON_00432,PERSON_00357,418,PHONE_00432,voice
CALL_001783,2022-11-17,PERSON_00433,PERSON_00386,645,PHONE_00433,voice
CALL_001784,2022-07-17,PERSON_00434,PERSON_00415,140,PHONE_00434,voice
CALL_001785,2021-11-09,PERSON_00435,PERSON_00444,334,PHONE_00435,voice
CALL_001786,2022-09-24,PERSON_00436,PERSON_00159,25,PHONE_00436,voice
CALL_001787,2022-03-27,PERSON_00437,PERSON_00052,188,PHONE_00437,voice
CALL_001788,2023-09-21,PERSON_00438,PERSON_00081,215,PHONE_00438,missed
CALL_001789,2025-12-20,PERSON_00439,PERSON_00110,478,PHONE_00439,voice
CALL_001790,2021-06-17,PERSON_00440,PERSON_00139,335,PHONE_00440,voice
CALL_001791,2026-03-29,PERSON_00441,PERSON_00168,789,PHONE_00441,missed
CALL_001792,2026-01-15,PERSON_00442,PERSON_00197,861,PHONE_00442,voice
CALL_001793,2024-03-14,PERSON_00443,PERSON_00226,744,PHONE_00443,voice
CALL_001794,2024-07-31,PERSON_00444,PERSON_00255,716,PHONE_00444,voice
CALL_001795,2025-05-15,PERSON_00445,PERSON_00284,344,PHONE_00445,missed
CALL_001796,2022-03-21,PERSON_00446,PERSON_00313,28,PHONE_00446,missed
CALL_001797,2022-11-17,PERSON_00447,PERSON_00342,531,PHONE_00447,voice
CALL_001798,2025-09-24,PERSON_00448,PERSON_00371,895,PHONE_00448,voice
CALL_001799,2025-09-08,PERSON_00449,PERSON_00400,40,PHONE_00449,missed
CALL_001800,2024-01-01,PERSON_00450,PERSON_00429,547,PHONE_00450,missed
CALL_001801,2022-01-06,PERSON_00001,PERSON_00008,576,PHONE_00001,voice
CALL_001802,2023-09-17,PERSON_00002,PERSON_00037,824,PHONE_00002,missed
CALL_001803,2024-10-20,PERSON_00003,PERSON_00066,368,PHONE_00003,missed
CALL_001804,2023-04-20,PERSON_00004,PERSON_00095,476,PHONE_00004,voice
CALL_001805,2025-07-12,PERSON_00005,PERSON_00124,90,PHONE_00005,missed
CALL_001806,2022-11-30,PERSON_00006,PERSON_00219,142,PHONE_00006,voice
CALL_001807,2024-01-30,PERSON_00007,PERSON_00182,475,PHONE_00007,missed
CALL_001808,2023-10-06,PERSON_00008,PERSON_00211,582,PHONE_00008,missed
CALL_001809,2021-07-21,PERSON_00009,PERSON_00240,172,PHONE_00009,voice
CALL_001810,2021-03-08,PERSON_00010,PERSON_00269,678,PHONE_00010,voice
CALL_001811,2021-10-07,PERSON_00011,PERSON_00298,623,PHONE_00011,missed
CALL_001812,2025-08-29,PERSON_00012,PERSON_00327,20,PHONE_00012,voice
CALL_001813,2024-11-11,PERSON_00013,PERSON_00356,251,PHONE_00013,voice
CALL_001814,2024-04-25,PERSON_00014,PERSON_00385,638,PHONE_00014,voice
CALL_001815,2023-05-06,PERSON_00015,PERSON_00414,88,PHONE_00015,missed
CALL_001816,2022-03-16,PERSON_00016,PERSON_00411,48,PHONE_00016,voice
CALL_001817,2025-02-26,PERSON_00017,PERSON_00022,421,PHONE_00017,missed
CALL_001818,2024-06-14,PERSON_00018,PERSON_00051,538,PHONE_00018,missed
CALL_001819,2025-01-31,PERSON_00019,PERSON_00080,782,PHONE_00019,voice
CALL_001820,2026-04-28,PERSON_00020,PERSON_00109,84,PHONE_00020,voice
CALL_001821,2025-05-17,PERSON_00021,PERSON_00429,81,PHONE_00021,missed
CALL_001822,2025-09-14,PERSON_00022,PERSON_00167,419,PHONE_00022,missed
CALL_001823,2024-03-06,PERSON_00023,PERSON_00196,576,PHONE_00023,missed
CALL_001824,2024-05-19,PERSON_00024,PERSON_00225,469,PHONE_00024,voice
CALL_001825,2025-07-02,PERSON_00025,PERSON_00254,262,PHONE_00025,missed
CALL_001826,2023-06-04,PERSON_00026,PERSON_00283,179,PHONE_00026,missed
CALL_001827,2022-01-18,PERSON_00027,PERSON_00312,610,PHONE_00027,voice
CALL_001828,2023-03-04,PERSON_00028,PERSON_00341,694,PHONE_00028,voice
CALL_001829,2024-07-05,PERSON_00029,PERSON_00370,549,PHONE_00029,voice
CALL_001830,2024-02-03,PERSON_00030,PERSON_00399,791,PHONE_00030,missed
CALL_001831,2025-04-19,PERSON_00031,PERSON_00428,625,PHONE_00031,voice
CALL_001832,2023-12-09,PERSON_00032,PERSON_00007,845,PHONE_00032,missed
CALL_001833,2021-05-14,PERSON_00033,PERSON_00036,638,PHONE_00033,voice
CALL_001834,2021-11-17,PERSON_00034,PERSON_00065,587,PHONE_00034,voice
CALL_001835,2024-04-30,PERSON_00035,PERSON_00094,701,PHONE_00035,missed
CALL_001836,2022-01-04,PERSON_00036,PERSON_00123,805,PHONE_00036,voice
CALL_001837,2023-02-18,PERSON_00037,PERSON_00152,882,PHONE_00037,missed
CALL_001838,2022-07-06,PERSON_00038,PERSON_00181,136,PHONE_00038,voice
CALL_001839,2025-06-28,PERSON_00039,PERSON_00210,517,PHONE_00039,missed
CALL_001840,2022-08-08,PERSON_00040,PERSON_00239,747,PHONE_00040,missed
CALL_001841,2026-04-17,PERSON_00041,PERSON_00268,124,PHONE_00041,voice
CALL_001842,2021-04-26,PERSON_00042,PERSON_00297,255,PHONE_00042,voice
CALL_001843,2022-08-16,PERSON_00043,PERSON_00326,683,PHONE_00043,missed
CALL_001844,2024-12-01,PERSON_00044,PERSON_00355,93,PHONE_00044,voice
CALL_001845,2022-04-28,PERSON_00045,PERSON_00384,410,PHONE_00045,missed
CALL_001846,2023-02-18,PERSON_00046,PERSON_00256,117,PHONE_00046,voice
CALL_001847,2021-03-02,PERSON_00047,PERSON_00442,350,PHONE_00047,voice
CALL_001848,2025-05-05,PERSON_00048,PERSON_00021,710,PHONE_00048,missed
CALL_001849,2025-11-28,PERSON_00049,PERSON_00050,143,PHONE_00049,missed
CALL_001850,2022-10-02,PERSON_00050,PERSON_00079,819,PHONE_00050,voice
CALL_001851,2022-04-12,PERSON_00051,PERSON_00108,299,PHONE_00051,voice
CALL_001852,2021-05-21,PERSON_00052,PERSON_00137,351,PHONE_00052,voice
CALL_001853,2024-02-09,PERSON_00053,PERSON_00166,81,PHONE_00053,voice
CALL_001854,2024-10-07,PERSON_00054,PERSON_00195,145,PHONE_00054,voice
CALL_001855,2023-05-24,PERSON_00055,PERSON_00224,581,PHONE_00055,voice
CALL_001856,2022-11-21,PERSON_00056,PERSON_00253,567,PHONE_00056,missed
CALL_001857,2025-01-15,PERSON_00057,PERSON_00282,642,PHONE_00057,voice
CALL_001858,2021-04-29,PERSON_00058,PERSON_00311,168,PHONE_00058,voice
CALL_001859,2022-12-12,PERSON_00059,PERSON_00340,35,PHONE_00059,missed
CALL_001860,2022-08-18,PERSON_00060,PERSON_00369,181,PHONE_00060,voice
CALL_001861,2024-02-20,PERSON_00061,PERSON_00076,177,PHONE_00061,voice
CALL_001862,2025-08-01,PERSON_00062,PERSON_00427,697,PHONE_00062,missed
CALL_001863,2023-07-12,PERSON_00063,PERSON_00006,300,PHONE_00063,voice
CALL_001864,2023-06-30,PERSON_00064,PERSON_00035,52,PHONE_00064,voice
CALL_001865,2025-08-08,PERSON_00065,PERSON_00064,259,PHONE_00065,voice
CALL_001866,2023-04-15,PERSON_00066,PERSON_00093,661,PHONE_00066,voice
CALL_001867,2025-11-04,PERSON_00067,PERSON_00122,555,PHONE_00067,missed
CALL_001868,2023-07-21,PERSON_00068,PERSON_00151,470,PHONE_00068,voice
CALL_001869,2022-11-01,PERSON_00069,PERSON_00180,897,PHONE_00069,missed
CALL_001870,2023-11-20,PERSON_00070,PERSON_00209,259,PHONE_00070,missed
CALL_001871,2023-11-02,PERSON_00071,PERSON_00238,183,PHONE_00071,missed
CALL_001872,2022-08-08,PERSON_00072,PERSON_00267,75,PHONE_00072,missed
CALL_001873,2025-01-08,PERSON_00073,PERSON_00296,30,PHONE_00073,voice
CALL_001874,2025-03-22,PERSON_00074,PERSON_00325,147,PHONE_00074,voice
CALL_001875,2025-07-18,PERSON_00075,PERSON_00354,671,PHONE_00075,voice
CALL_001876,2025-05-21,PERSON_00076,PERSON_00182,177,PHONE_00076,missed
CALL_001877,2023-10-22,PERSON_00077,PERSON_00412,875,PHONE_00077,missed
CALL_001878,2022-09-05,PERSON_00078,PERSON_00441,829,PHONE_00078,voice
CALL_001879,2023-08-12,PERSON_00079,PERSON_00020,736,PHONE_00079,voice
CALL_001880,2021-03-25,PERSON_00080,PERSON_00049,22,PHONE_00080,voice
CALL_001881,2022-12-27,PERSON_00081,PERSON_00205,96,PHONE_00081,voice
CALL_001882,2021-05-29,PERSON_00082,PERSON_00107,144,PHONE_00082,voice
CALL_001883,2022-09-02,PERSON_00083,PERSON_00136,437,PHONE_00083,voice
CALL_001884,2021-04-30,PERSON_00084,PERSON_00165,687,PHONE_00084,voice
CALL_001885,2023-12-30,PERSON_00085,PERSON_00194,680,PHONE_00085,voice
CALL_001886,2022-10-29,PERSON_00086,PERSON_00287,146,PHONE_00086,missed
CALL_001887,2025-12-28,PERSON_00087,PERSON_00252,391,PHONE_00087,missed
CALL_001888,2021-03-13,PERSON_00088,PERSON_00281,367,PHONE_00088,voice
CALL_001889,2025-11-17,PERSON_00089,PERSON_00310,302,PHONE_00089,voice
CALL_001890,2026-02-05,PERSON_00090,PERSON_00339,741,PHONE_00090,voice
CALL_001891,2021-07-16,PERSON_00091,PERSON_00368,496,PHONE_00091,voice
CALL_001892,2021-03-18,PERSON_00092,PERSON_00397,589,PHONE_00092,voice
CALL_001893,2025-07-19,PERSON_00093,PERSON_00426,517,PHONE_00093,missed
CALL_001894,2023-02-19,PERSON_00094,PERSON_00005,743,PHONE_00094,voice
CALL_001895,2026-05-23,PERSON_00095,PERSON_00034,244,PHONE_00095,missed
CALL_001896,2024-03-04,PERSON_00096,PERSON_00063,605,PHONE_00096,missed
CALL_001897,2023-04-25,PERSON_00097,PERSON_00092,429,PHONE_00097,voice
CALL_001898,2023-02-04,PERSON_00098,PERSON_00121,21,PHONE_00098,voice
CALL_001899,2025-12-06,PERSON_00099,PERSON_00150,335,PHONE_00099,voice
CALL_001900,2022-07-23,PERSON_00100,PERSON_00179,685,PHONE_00100,voice
CALL_001901,2022-05-17,PERSON_00101,PERSON_00074,21,PHONE_00101,missed
CALL_001902,2025-10-08,PERSON_00102,PERSON_00237,495,PHONE_00102,voice
CALL_001903,2021-07-09,PERSON_00103,PERSON_00266,445,PHONE_00103,missed
CALL_001904,2021-11-11,PERSON_00104,PERSON_00295,117,PHONE_00104,voice
CALL_001905,2022-10-31,PERSON_00105,PERSON_00324,248,PHONE_00105,missed
CALL_001906,2022-08-11,PERSON_00106,PERSON_00411,19,PHONE_00106,missed
CALL_001907,2022-01-28,PERSON_00107,PERSON_00382,133,PHONE_00107,missed
CALL_001908,2024-12-09,PERSON_00108,PERSON_00411,530,PHONE_00108,missed
CALL_001909,2025-05-13,PERSON_00109,PERSON_00440,568,PHONE_00109,voice
CALL_001910,2025-02-13,PERSON_00110,PERSON_00019,555,PHONE_00110,missed
CALL_001911,2024-12-10,PERSON_00111,PERSON_00048,667,PHONE_00111,missed
CALL_001912,2025-02-14,PERSON_00112,PERSON_00077,767,PHONE_00112,voice
CALL_001913,2023-07-03,PERSON_00113,PERSON_00106,158,PHONE_00113,voice
CALL_001914,2022-11-08,PERSON_00114,PERSON_00135,156,PHONE_00114,voice
CALL_001915,2021-12-02,PERSON_00115,PERSON_00164,705,PHONE_00115,voice
CALL_001916,2021-07-07,PERSON_00116,PERSON_00193,109,PHONE_00116,voice
CALL_001917,2026-04-12,PERSON_00117,PERSON_00222,29,PHONE_00117,voice
CALL_001918,2023-02-15,PERSON_00118,PERSON_00251,287,PHONE_00118,voice
CALL_001919,2023-04-21,PERSON_00119,PERSON_00280,789,PHONE_00119,missed
CALL_001920,2024-02-21,PERSON_00120,PERSON_00309,884,PHONE_00120,voice
CALL_001921,2023-12-09,PERSON_00121,PERSON_00338,150,PHONE_00121,voice
CALL_001922,2023-11-16,PERSON_00122,PERSON_00367,643,PHONE_00122,voice
CALL_001923,2021-09-21,PERSON_00123,PERSON_00396,52,PHONE_00123,voice
CALL_001924,2026-01-12,PERSON_00124,PERSON_00425,833,PHONE_00124,missed
CALL_001925,2022-08-01,PERSON_00125,PERSON_00004,198,PHONE_00125,voice
CALL_001926,2023-06-07,PERSON_00126,PERSON_00127,24,PHONE_00126,voice
CALL_001927,2023-11-01,PERSON_00127,PERSON_00062,833,PHONE_00127,missed
CALL_001928,2025-11-06,PERSON_00128,PERSON_00091,57,PHONE_00128,voice
CALL_001929,2021-03-30,PERSON_00129,PERSON_00120,295,PHONE_00129,voice
CALL_001930,2025-09-06,PERSON_00130,PERSON_00149,172,PHONE_00130,missed
CALL_001931,2025-02-15,PERSON_00131,PERSON_00178,521,PHONE_00131,voice
CALL_001932,2021-10-24,PERSON_00132,PERSON_00207,797,PHONE_00132,voice
CALL_001933,2021-08-18,PERSON_00133,PERSON_00236,847,PHONE_00133,voice
CALL_001934,2024-06-27,PERSON_00134,PERSON_00265,820,PHONE_00134,voice
CALL_001935,2022-01-21,PERSON_00135,PERSON_00294,672,PHONE_00135,missed
CALL_001936,2023-11-11,PERSON_00136,PERSON_00323,328,PHONE_00136,voice
CALL_001937,2026-03-16,PERSON_00137,PERSON_00352,670,PHONE_00137,voice
CALL_001938,2026-06-22,PERSON_00138,PERSON_00381,480,PHONE_00138,voice
CALL_001939,2021-12-29,PERSON_00139,PERSON_00410,483,PHONE_00139,voice
CALL_001940,2026-06-18,PERSON_00140,PERSON_00439,896,PHONE_00140,missed
CALL_001941,2021-08-18,PERSON_00141,PERSON_00250,80,PHONE_00141,missed
CALL_001942,2023-04-24,PERSON_00142,PERSON_00047,673,PHONE_00142,voice
CALL_001943,2025-08-18,PERSON_00143,PERSON_00076,526,PHONE_00143,voice
CALL_001944,2023-10-16,PERSON_00144,PERSON_00105,358,PHONE_00144,voice
CALL_001945,2023-07-08,PERSON_00145,PERSON_00134,643,PHONE_00145,voice
CALL_001946,2021-05-15,PERSON_00146,PERSON_00163,380,PHONE_00146,missed
CALL_001947,2022-02-11,PERSON_00147,PERSON_00192,621,PHONE_00147,voice
CALL_001948,2022-05-07,PERSON_00148,PERSON_00221,763,PHONE_00148,missed
CALL_001949,2022-08-09,PERSON_00149,PERSON_00250,680,PHONE_00149,voice
CALL_001950,2024-09-03,PERSON_00150,PERSON_00279,470,PHONE_00150,voice
CALL_001951,2021-06-02,PERSON_00151,PERSON_00308,805,PHONE_00151,voice
CALL_001952,2024-03-01,PERSON_00152,PERSON_00337,134,PHONE_00152,voice
CALL_001953,2024-03-30,PERSON_00153,PERSON_00366,565,PHONE_00153,missed
CALL_001954,2022-05-13,PERSON_00154,PERSON_00395,100,PHONE_00154,missed
CALL_001955,2023-05-18,PERSON_00155,PERSON_00424,722,PHONE_00155,voice
CALL_001956,2022-10-01,PERSON_00156,PERSON_00370,103,PHONE_00156,voice
CALL_001957,2024-06-26,PERSON_00157,PERSON_00032,272,PHONE_00157,missed
CALL_001958,2024-10-29,PERSON_00158,PERSON_00061,693,PHONE_00158,missed
CALL_001959,2024-08-29,PERSON_00159,PERSON_00090,224,PHONE_00159,voice
CALL_001960,2021-09-08,PERSON_00160,PERSON_00119,823,PHONE_00160,voice
CALL_001961,2025-06-17,PERSON_00161,PERSON_00410,176,PHONE_00161,missed
CALL_001962,2025-10-30,PERSON_00162,PERSON_00177,80,PHONE_00162,voice
CALL_001963,2021-11-26,PERSON_00163,PERSON_00206,30,PHONE_00163,missed
CALL_001964,2025-04-21,PERSON_00164,PERSON_00235,567,PHONE_00164,missed
CALL_001965,2024-03-24,PERSON_00165,PERSON_00264,646,PHONE_00165,voice
CALL_001966,2026-01-25,PERSON_00166,PERSON_00318,11,PHONE_00166,missed
CALL_001967,2025-10-13,PERSON_00167,PERSON_00322,544,PHONE_00167,voice
CALL_001968,2021-01-20,PERSON_00168,PERSON_00351,294,PHONE_00168,voice
CALL_001969,2022-03-28,PERSON_00169,PERSON_00380,144,PHONE_00169,missed
CALL_001970,2022-07-17,PERSON_00170,PERSON_00409,67,PHONE_00170,voice
CALL_001971,2025-06-06,PERSON_00171,PERSON_00205,83,PHONE_00171,voice
CALL_001972,2022-02-26,PERSON_00172,PERSON_00017,880,PHONE_00172,voice
CALL_001973,2024-06-27,PERSON_00173,PERSON_00046,221,PHONE_00173,voice
CALL_001974,2024-04-06,PERSON_00174,PERSON_00075,67,PHONE_00174,voice
CALL_001975,2023-10-16,PERSON_00175,PERSON_00104,334,PHONE_00175,missed
CALL_001976,2024-08-11,PERSON_00176,PERSON_00133,728,PHONE_00176,voice
CALL_001977,2024-10-03,PERSON_00177,PERSON_00162,883,PHONE_00177,voice
CALL_001978,2025-03-07,PERSON_00178,PERSON_00191,132,PHONE_00178,missed
CALL_001979,2022-03-14,PERSON_00179,PERSON_00220,137,PHONE_00179,voice
CALL_001980,2023-12-18,PERSON_00180,PERSON_00249,497,PHONE_00180,voice
CALL_001981,2026-06-18,PERSON_00181,PERSON_00278,143,PHONE_00181,missed
CALL_001982,2024-11-18,PERSON_00182,PERSON_00307,379,PHONE_00182,missed
CALL_001983,2023-10-17,PERSON_00183,PERSON_00336,878,PHONE_00183,voice
CALL_001984,2022-09-02,PERSON_00184,PERSON_00365,706,PHONE_00184,missed
CALL_001985,2023-06-21,PERSON_00185,PERSON_00394,192,PHONE_00185,missed
CALL_001986,2022-02-01,PERSON_00186,PERSON_00423,95,PHONE_00186,voice
CALL_001987,2022-06-15,PERSON_00187,PERSON_00002,585,PHONE_00187,missed
CALL_001988,2024-03-20,PERSON_00188,PERSON_00031,480,PHONE_00188,voice
CALL_001989,2026-04-24,PERSON_00189,PERSON_00060,713,PHONE_00189,voice
CALL_001990,2021-02-25,PERSON_00190,PERSON_00089,857,PHONE_00190,missed
CALL_001991,2023-09-12,PERSON_00191,PERSON_00439,81,PHONE_00191,voice
CALL_001992,2022-03-12,PERSON_00192,PERSON_00147,786,PHONE_00192,voice
CALL_001993,2023-10-13,PERSON_00193,PERSON_00176,864,PHONE_00193,missed
CALL_001994,2021-01-22,PERSON_00194,PERSON_00205,687,PHONE_00194,missed
CALL_001995,2024-03-11,PERSON_00195,PERSON_00234,222,PHONE_00195,voice
CALL_001996,2025-04-03,PERSON_00196,PERSON_00074,91,PHONE_00196,missed
CALL_001997,2021-11-08,PERSON_00197,PERSON_00292,219,PHONE_00197,voice
CALL_001998,2024-08-26,PERSON_00198,PERSON_00321,130,PHONE_00198,voice
CALL_001999,2023-06-10,PERSON_00199,PERSON_00350,327,PHONE_00199,voice
CALL_002000,2021-03-23,PERSON_00200,PERSON_00379,32,PHONE_00200,voice
CALL_002001,2021-10-11,PERSON_00201,PERSON_00408,845,PHONE_00201,voice
CALL_002002,2025-02-18,PERSON_00202,PERSON_00437,721,PHONE_00202,missed
CALL_002003,2025-10-01,PERSON_00203,PERSON_00016,88,PHONE_00203,voice
CALL_002004,2023-05-16,PERSON_00204,PERSON_00045,592,PHONE_00204,missed
CALL_002005,2024-03-28,PERSON_00205,PERSON_00074,92,PHONE_00205,missed
CALL_002006,2021-10-30,PERSON_00206,PERSON_00103,659,PHONE_00206,voice
CALL_002007,2021-01-05,PERSON_00207,PERSON_00132,766,PHONE_00207,missed
CALL_002008,2024-01-06,PERSON_00208,PERSON_00161,326,PHONE_00208,voice
CALL_002009,2025-02-20,PERSON_00209,PERSON_00190,136,PHONE_00209,missed
CALL_002010,2025-10-04,PERSON_00210,PERSON_00219,215,PHONE_00210,missed
CALL_002011,2021-07-22,PERSON_00211,PERSON_00248,881,PHONE_00211,voice
CALL_002012,2025-04-12,PERSON_00212,PERSON_00277,467,PHONE_00212,voice
CALL_002013,2024-11-30,PERSON_00213,PERSON_00306,147,PHONE_00213,voice
CALL_002014,2026-04-27,PERSON_00214,PERSON_00335,631,PHONE_00214,voice
CALL_002015,2022-08-02,PERSON_00215,PERSON_00364,796,PHONE_00215,voice
CALL_002016,2023-06-16,PERSON_00216,PERSON_00169,107,PHONE_00216,missed
CALL_002017,2021-12-09,PERSON_00217,PERSON_00422,795,PHONE_00217,voice
CALL_002018,2022-02-28,PERSON_00218,PERSON_00001,514,PHONE_00218,voice
CALL_002019,2022-02-07,PERSON_00219,PERSON_00030,271,PHONE_00219,missed
CALL_002020,2023-03-31,PERSON_00220,PERSON_00059,242,PHONE_00220,voice
CALL_002021,2025-07-07,PERSON_00221,PERSON_00344,9,PHONE_00221,voice
CALL_002022,2025-11-06,PERSON_00222,PERSON_00117,588,PHONE_00222,voice
CALL_002023,2021-03-21,PERSON_00223,PERSON_00146,404,PHONE_00223,missed
CALL_002024,2024-09-26,PERSON_00224,PERSON_00175,394,PHONE_00224,voice
CALL_002025,2022-12-31,PERSON_00225,PERSON_00204,759,PHONE_00225,voice
CALL_002026,2024-04-19,PERSON_00226,PERSON_00012,157,PHONE_00226,voice
CALL_002027,2022-01-07,PERSON_00227,PERSON_00262,432,PHONE_00227,voice
CALL_002028,2026-06-14,PERSON_00228,PERSON_00291,159,PHONE_00228,voice
CALL_002029,2022-04-30,PERSON_00229,PERSON_00320,411,PHONE_00229,voice
CALL_002030,2026-01-25,PERSON_00230,PERSON_00349,299,PHONE_00230,voice
CALL_002031,2022-02-24,PERSON_00231,PERSON_00268,73,PHONE_00231,voice
CALL_002032,2023-01-06,PERSON_00232,PERSON_00407,530,PHONE_00232,missed
CALL_002033,2022-09-10,PERSON_00233,PERSON_00436,325,PHONE_00233,voice
CALL_002034,2023-06-07,PERSON_00234,PERSON_00015,450,PHONE_00234,voice
CALL_002035,2021-06-21,PERSON_00235,PERSON_00044,494,PHONE_00235,voice
CALL_002036,2021-04-23,PERSON_00236,PERSON_00073,115,PHONE_00236,voice
CALL_002037,2024-05-06,PERSON_00237,PERSON_00102,73,PHONE_00237,missed
CALL_002038,2022-06-18,PERSON_00238,PERSON_00131,886,PHONE_00238,voice
CALL_002039,2024-05-05,PERSON_00239,PERSON_00160,709,PHONE_00239,voice
CALL_002040,2024-09-09,PERSON_00240,PERSON_00189,489,PHONE_00240,voice
CALL_002041,2021-06-03,PERSON_00241,PERSON_00440,19,PHONE_00241,voice
CALL_002042,2021-05-15,PERSON_00242,PERSON_00247,847,PHONE_00242,voice
CALL_002043,2023-02-25,PERSON_00243,PERSON_00276,584,PHONE_00243,voice
CALL_002044,2022-06-30,PERSON_00244,PERSON_00305,392,PHONE_00244,voice
CALL_002045,2022-02-14,PERSON_00245,PERSON_00334,416,PHONE_00245,voice
CALL_002046,2021-07-02,PERSON_00246,PERSON_00363,670,PHONE_00246,voice
CALL_002047,2026-06-12,PERSON_00247,PERSON_00392,360,PHONE_00247,voice
CALL_002048,2026-02-09,PERSON_00248,PERSON_00421,233,PHONE_00248,missed
CALL_002049,2023-06-02,PERSON_00249,PERSON_00450,668,PHONE_00249,voice
CALL_002050,2026-05-10,PERSON_00250,PERSON_00029,641,PHONE_00250,voice
CALL_002051,2025-09-24,PERSON_00251,PERSON_00058,859,PHONE_00251,voice
CALL_002052,2022-05-21,PERSON_00252,PERSON_00087,380,PHONE_00252,missed
CALL_002053,2025-07-13,PERSON_00253,PERSON_00116,21,PHONE_00253,voice
CALL_002054,2023-08-20,PERSON_00254,PERSON_00145,572,PHONE_00254,voice
CALL_002055,2023-04-12,PERSON_00255,PERSON_00174,406,PHONE_00255,voice
CALL_002056,2023-06-29,PERSON_00256,PERSON_00159,64,PHONE_00256,voice
CALL_002057,2021-09-14,PERSON_00257,PERSON_00232,628,PHONE_00257,missed
CALL_002058,2022-08-09,PERSON_00258,PERSON_00261,549,PHONE_00258,voice
CALL_002059,2023-06-15,PERSON_00259,PERSON_00290,296,PHONE_00259,voice
CALL_002060,2025-08-20,PERSON_00260,PERSON_00319,707,PHONE_00260,voice
CALL_002061,2024-12-09,PERSON_00261,PERSON_00348,689,PHONE_00261,voice
CALL_002062,2026-05-28,PERSON_00262,PERSON_00377,117,PHONE_00262,missed
CALL_002063,2021-03-23,PERSON_00263,PERSON_00406,369,PHONE_00263,voice
CALL_002064,2025-07-13,PERSON_00264,PERSON_00435,95,PHONE_00264,missed
CALL_002065,2021-04-25,PERSON_00265,PERSON_00014,549,PHONE_00265,voice
CALL_002066,2023-04-14,PERSON_00266,PERSON_00043,755,PHONE_00266,missed
CALL_002067,2025-12-01,PERSON_00267,PERSON_00072,837,PHONE_00267,missed
CALL_002068,2023-11-07,PERSON_00268,PERSON_00101,107,PHONE_00268,voice
CALL_002069,2025-01-05,PERSON_00269,PERSON_00130,877,PHONE_00269,voice
CALL_002070,2025-12-27,PERSON_00270,PERSON_00159,812,PHONE_00270,voice
CALL_002071,2021-07-04,PERSON_00271,PERSON_00449,44,PHONE_00271,voice
CALL_002072,2021-03-10,PERSON_00272,PERSON_00217,757,PHONE_00272,voice
CALL_002073,2024-10-25,PERSON_00273,PERSON_00246,148,PHONE_00273,missed
CALL_002074,2023-11-23,PERSON_00274,PERSON_00275,850,PHONE_00274,voice
CALL_002075,2023-02-19,PERSON_00275,PERSON_00304,48,PHONE_00275,missed
CALL_002076,2025-04-18,PERSON_00276,PERSON_00333,40,PHONE_00276,missed
CALL_002077,2022-06-10,PERSON_00277,PERSON_00362,764,PHONE_00277,missed
CALL_002078,2026-06-09,PERSON_00278,PERSON_00391,491,PHONE_00278,missed
CALL_002079,2022-10-15,PERSON_00279,PERSON_00420,215,PHONE_00279,voice
CALL_002080,2024-05-08,PERSON_00280,PERSON_00449,867,PHONE_00280,voice
CALL_002081,2024-03-09,PERSON_00281,PERSON_00028,476,PHONE_00281,missed
CALL_002082,2022-07-07,PERSON_00282,PERSON_00057,573,PHONE_00282,missed
CALL_002083,2023-08-28,PERSON_00283,PERSON_00086,395,PHONE_00283,voice
CALL_002084,2023-08-10,PERSON_00284,PERSON_00115,141,PHONE_00284,voice
CALL_002085,2021-09-02,PERSON_00285,PERSON_00144,385,PHONE_00285,voice
CALL_002086,2025-11-28,PERSON_00286,PERSON_00182,61,PHONE_00286,voice
CALL_002087,2022-11-28,PERSON_00287,PERSON_00202,766,PHONE_00287,missed
CALL_002088,2023-01-16,PERSON_00288,PERSON_00231,468,PHONE_00288,missed
CALL_002089,2021-08-18,PERSON_00289,PERSON_00260,370,PHONE_00289,voice
CALL_002090,2024-09-05,PERSON_00290,PERSON_00289,284,PHONE_00290,voice
CALL_002091,2022-10-08,PERSON_00291,PERSON_00442,46,PHONE_00291,missed
CALL_002092,2021-03-21,PERSON_00292,PERSON_00347,872,PHONE_00292,voice
CALL_002093,2025-01-16,PERSON_00293,PERSON_00376,175,PHONE_00293,missed
CALL_002094,2026-01-28,PERSON_00294,PERSON_00405,712,PHONE_00294,missed
CALL_002095,2022-12-19,PERSON_00295,PERSON_00434,47,PHONE_00295,voice
CALL_002096,2026-02-13,PERSON_00296,PERSON_00013,425,PHONE_00296,missed
CALL_002097,2023-01-06,PERSON_00297,PERSON_00042,363,PHONE_00297,voice
CALL_002098,2022-06-04,PERSON_00298,PERSON_00071,113,PHONE_00298,voice
CALL_002099,2025-12-24,PERSON_00299,PERSON_00100,485,PHONE_00299,voice
CALL_002100,2022-10-10,PERSON_00300,PERSON_00129,571,PHONE_00300,voice
CALL_002101,2023-01-29,PERSON_00301,PERSON_00122,30,PHONE_00301,voice
CALL_002102,2025-07-21,PERSON_00302,PERSON_00187,222,PHONE_00302,voice
CALL_002103,2024-03-24,PERSON_00303,PERSON_00216,441,PHONE_00303,missed
CALL_002104,2022-08-08,PERSON_00304,PERSON_00245,518,PHONE_00304,voice
CALL_002105,2022-06-10,PERSON_00305,PERSON_00274,715,PHONE_00305,voice
CALL_002106,2021-05-08,PERSON_00306,PERSON_00303,22,PHONE_00306,voice
CALL_002107,2026-03-24,PERSON_00307,PERSON_00332,272,PHONE_00307,missed
CALL_002108,2021-04-08,PERSON_00308,PERSON_00361,308,PHONE_00308,voice
CALL_002109,2025-08-13,PERSON_00309,PERSON_00390,372,PHONE_00309,missed
CALL_002110,2022-05-21,PERSON_00310,PERSON_00419,502,PHONE_00310,missed
CALL_002111,2023-01-19,PERSON_00311,PERSON_00448,335,PHONE_00311,voice
CALL_002112,2022-01-24,PERSON_00312,PERSON_00027,863,PHONE_00312,voice
CALL_002113,2025-06-27,PERSON_00313,PERSON_00056,455,PHONE_00313,voice
CALL_002114,2025-04-06,PERSON_00314,PERSON_00085,269,PHONE_00314,voice
CALL_002115,2023-06-23,PERSON_00315,PERSON_00114,710,PHONE_00315,missed
CALL_002116,2022-06-02,PERSON_00316,PERSON_00143,639,PHONE_00316,missed
CALL_002117,2022-09-08,PERSON_00317,PERSON_00172,126,PHONE_00317,voice
CALL_002118,2021-07-14,PERSON_00318,PERSON_00201,197,PHONE_00318,missed
CALL_002119,2022-10-15,PERSON_00319,PERSON_00230,312,PHONE_00319,voice
CALL_002120,2026-03-14,PERSON_00320,PERSON_00259,732,PHONE_00320,missed
CALL_002121,2023-08-18,PERSON_00321,PERSON_00014,117,PHONE_00321,voice
CALL_002122,2025-09-03,PERSON_00322,PERSON_00317,560,PHONE_00322,voice
CALL_002123,2023-02-01,PERSON_00323,PERSON_00346,890,PHONE_00323,voice
CALL_002124,2021-12-27,PERSON_00324,PERSON_00375,143,PHONE_00324,missed
CALL_002125,2023-05-23,PERSON_00325,PERSON_00404,507,PHONE_00325,missed
CALL_002126,2024-11-26,PERSON_00326,PERSON_00433,473,PHONE_00326,missed
CALL_002127,2021-11-14,PERSON_00327,PERSON_00012,75,PHONE_00327,voice
CALL_002128,2025-08-25,PERSON_00328,PERSON_00041,291,PHONE_00328,voice
CALL_002129,2021-11-04,PERSON_00329,PERSON_00070,211,PHONE_00329,voice
CALL_002130,2021-02-17,PERSON_00330,PERSON_00099,242,PHONE_00330,missed
CALL_002131,2021-10-30,PERSON_00331,PERSON_00242,25,PHONE_00331,voice
CALL_002132,2022-02-08,PERSON_00332,PERSON_00157,27,PHONE_00332,voice
CALL_002133,2021-11-12,PERSON_00333,PERSON_00186,481,PHONE_00333,voice
CALL_002134,2025-11-09,PERSON_00334,PERSON_00215,290,PHONE_00334,voice
CALL_002135,2024-10-28,PERSON_00335,PERSON_00244,735,PHONE_00335,voice
CALL_002136,2021-02-17,PERSON_00336,PERSON_00440,54,PHONE_00336,voice
CALL_002137,2024-07-02,PERSON_00337,PERSON_00302,116,PHONE_00337,voice
CALL_002138,2024-06-26,PERSON_00338,PERSON_00331,239,PHONE_00338,voice
CALL_002139,2025-07-14,PERSON_00339,PERSON_00360,304,PHONE_00339,missed
CALL_002140,2021-10-20,PERSON_00340,PERSON_00389,493,PHONE_00340,voice
CALL_002141,2022-01-18,PERSON_00341,PERSON_00418,501,PHONE_00341,voice
CALL_002142,2022-05-15,PERSON_00342,PERSON_00447,130,PHONE_00342,missed
CALL_002143,2024-07-16,PERSON_00343,PERSON_00026,99,PHONE_00343,missed
CALL_002144,2023-08-21,PERSON_00344,PERSON_00055,798,PHONE_00344,missed
CALL_002145,2026-03-17,PERSON_00345,PERSON_00084,810,PHONE_00345,missed
CALL_002146,2022-05-10,PERSON_00346,PERSON_00113,184,PHONE_00346,missed
CALL_002147,2024-12-30,PERSON_00347,PERSON_00142,622,PHONE_00347,voice
CALL_002148,2024-12-19,PERSON_00348,PERSON_00171,149,PHONE_00348,voice
CALL_002149,2025-06-08,PERSON_00349,PERSON_00200,164,PHONE_00349,missed
CALL_002150,2025-03-11,PERSON_00350,PERSON_00229,55,PHONE_00350,missed
CALL_002151,2023-02-19,PERSON_00351,PERSON_00258,131,PHONE_00351,missed
CALL_002152,2024-08-01,PERSON_00352,PERSON_00287,317,PHONE_00352,voice
CALL_002153,2024-09-15,PERSON_00353,PERSON_00316,406,PHONE_00353,voice
CALL_002154,2021-03-30,PERSON_00354,PERSON_00345,433,PHONE_00354,voice
CALL_002155,2024-06-24,PERSON_00355,PERSON_00374,283,PHONE_00355,voice
CALL_002156,2024-04-18,PERSON_00356,PERSON_00403,889,PHONE_00356,voice
CALL_002157,2021-08-08,PERSON_00357,PERSON_00432,124,PHONE_00357,voice
CALL_002158,2023-10-02,PERSON_00358,PERSON_00011,250,PHONE_00358,missed
CALL_002159,2026-03-30,PERSON_00359,PERSON_00040,374,PHONE_00359,missed
CALL_002160,2023-03-31,PERSON_00360,PERSON_00069,128,PHONE_00360,voice
CALL_002161,2025-01-16,PERSON_00361,PERSON_00098,216,PHONE_00361,voice
CALL_002162,2021-12-27,PERSON_00362,PERSON_00127,343,PHONE_00362,voice
CALL_002163,2024-02-08,PERSON_00363,PERSON_00156,796,PHONE_00363,voice
CALL_002164,2024-06-24,PERSON_00364,PERSON_00185,131,PHONE_00364,voice
CALL_002165,2021-08-10,PERSON_00365,PERSON_00214,107,PHONE_00365,missed
CALL_002166,2024-06-23,PERSON_00366,PERSON_00118,59,PHONE_00366,voice
CALL_002167,2022-02-17,PERSON_00367,PERSON_00272,856,PHONE_00367,voice
CALL_002168,2023-12-01,PERSON_00368,PERSON_00301,526,PHONE_00368,missed
CALL_002169,2026-04-02,PERSON_00369,PERSON_00330,428,PHONE_00369,voice
CALL_002170,2025-07-20,PERSON_00370,PERSON_00359,161,PHONE_00370,missed
CALL_002171,2026-06-16,PERSON_00371,PERSON_00171,63,PHONE_00371,missed
CALL_002172,2025-10-02,PERSON_00372,PERSON_00417,267,PHONE_00372,voice
CALL_002173,2024-03-28,PERSON_00373,PERSON_00446,618,PHONE_00373,missed
CALL_002174,2024-02-22,PERSON_00374,PERSON_00025,245,PHONE_00374,voice
CALL_002175,2023-06-11,PERSON_00375,PERSON_00054,147,PHONE_00375,voice
CALL_002176,2023-05-26,PERSON_00376,PERSON_00429,150,PHONE_00376,voice
CALL_002177,2024-12-17,PERSON_00377,PERSON_00112,541,PHONE_00377,missed
CALL_002178,2022-03-13,PERSON_00378,PERSON_00141,538,PHONE_00378,voice
CALL_002179,2024-02-15,PERSON_00379,PERSON_00170,464,PHONE_00379,missed
CALL_002180,2024-08-08,PERSON_00380,PERSON_00199,381,PHONE_00380,missed
CALL_002181,2026-06-16,PERSON_00381,PERSON_00006,176,PHONE_00381,voice
CALL_002182,2024-10-21,PERSON_00382,PERSON_00257,18,PHONE_00382,missed
CALL_002183,2023-03-24,PERSON_00383,PERSON_00286,827,PHONE_00383,missed
CALL_002184,2021-12-08,PERSON_00384,PERSON_00315,93,PHONE_00384,missed
CALL_002185,2024-05-03,PERSON_00385,PERSON_00344,593,PHONE_00385,voice
CALL_002186,2023-02-14,PERSON_00386,PERSON_00373,384,PHONE_00386,voice
CALL_002187,2025-08-30,PERSON_00387,PERSON_00402,665,PHONE_00387,voice
CALL_002188,2025-01-04,PERSON_00388,PERSON_00431,569,PHONE_00388,missed
CALL_002189,2023-10-17,PERSON_00389,PERSON_00010,638,PHONE_00389,missed
CALL_002190,2024-04-21,PERSON_00390,PERSON_00039,461,PHONE_00390,voice
CALL_002191,2025-12-07,PERSON_00391,PERSON_00440,158,PHONE_00391,missed
CALL_002192,2024-12-04,PERSON_00392,PERSON_00097,438,PHONE_00392,voice
CALL_002193,2021-05-09,PERSON_00393,PERSON_00126,110,PHONE_00393,voice
CALL_002194,2025-07-28,PERSON_00394,PERSON_00155,711,PHONE_00394,voice
CALL_002195,2024-02-05,PERSON_00395,PERSON_00184,188,PHONE_00395,missed
CALL_002196,2025-04-28,PERSON_00396,PERSON_00213,233,PHONE_00396,missed
CALL_002197,2022-10-05,PERSON_00397,PERSON_00242,463,PHONE_00397,voice
CALL_002198,2025-03-23,PERSON_00398,PERSON_00271,19,PHONE_00398,missed
CALL_002199,2022-12-25,PERSON_00399,PERSON_00300,564,PHONE_00399,voice
CALL_002200,2021-09-25,PERSON_00400,PERSON_00329,315,PHONE_00400,voice
CALL_002201,2024-11-10,PERSON_00401,PERSON_00093,44,PHONE_00401,voice
CALL_002202,2023-05-19,PERSON_00402,PERSON_00387,294,PHONE_00402,voice
CALL_002203,2024-10-23,PERSON_00403,PERSON_00416,82,PHONE_00403,missed
CALL_002204,2023-03-28,PERSON_00404,PERSON_00445,372,PHONE_00404,voice
CALL_002205,2022-09-04,PERSON_00405,PERSON_00024,318,PHONE_00405,missed
CALL_002206,2022-09-28,PERSON_00406,PERSON_00154,144,PHONE_00406,voice
CALL_002207,2022-03-20,PERSON_00407,PERSON_00082,240,PHONE_00407,voice
CALL_002208,2024-11-22,PERSON_00408,PERSON_00111,80,PHONE_00408,voice
CALL_002209,2024-02-21,PERSON_00409,PERSON_00140,605,PHONE_00409,missed
CALL_002210,2025-10-01,PERSON_00410,PERSON_00169,427,PHONE_00410,voice
CALL_002211,2022-01-20,PERSON_00411,PERSON_00127,101,PHONE_00411,missed
CALL_002212,2022-01-13,PERSON_00412,PERSON_00227,449,PHONE_00412,voice
CALL_002213,2024-03-23,PERSON_00413,PERSON_00256,111,PHONE_00413,voice
CALL_002214,2021-03-18,PERSON_00414,PERSON_00285,698,PHONE_00414,voice
CALL_002215,2026-01-19,PERSON_00415,PERSON_00314,134,PHONE_00415,voice
CALL_002216,2021-08-22,PERSON_00416,PERSON_00343,841,PHONE_00416,voice
CALL_002217,2025-10-27,PERSON_00417,PERSON_00372,628,PHONE_00417,missed
CALL_002218,2025-11-26,PERSON_00418,PERSON_00401,179,PHONE_00418,missed
CALL_002219,2023-12-27,PERSON_00419,PERSON_00430,531,PHONE_00419,voice
CALL_002220,2021-11-02,PERSON_00420,PERSON_00009,301,PHONE_00420,voice
CALL_002221,2023-09-18,PERSON_00421,PERSON_00038,400,PHONE_00421,voice
CALL_002222,2021-11-02,PERSON_00422,PERSON_00067,775,PHONE_00422,voice
CALL_002223,2024-12-12,PERSON_00423,PERSON_00096,121,PHONE_00423,missed
CALL_002224,2025-02-17,PERSON_00424,PERSON_00125,661,PHONE_00424,voice
CALL_002225,2025-08-12,PERSON_00425,PERSON_00154,715,PHONE_00425,voice
CALL_002226,2023-03-14,PERSON_00426,PERSON_00183,78,PHONE_00426,missed
CALL_002227,2021-01-14,PERSON_00427,PERSON_00212,333,PHONE_00427,voice
CALL_002228,2023-08-12,PERSON_00428,PERSON_00241,90,PHONE_00428,voice
CALL_002229,2021-11-11,PERSON_00429,PERSON_00270,722,PHONE_00429,missed
CALL_002230,2023-10-25,PERSON_00430,PERSON_00299,92,PHONE_00430,voice
CALL_002231,2022-04-22,PERSON_00431,PERSON_00328,746,PHONE_00431,voice
CALL_002232,2024-07-07,PERSON_00432,PERSON_00357,551,PHONE_00432,voice
CALL_002233,2024-05-02,PERSON_00433,PERSON_00386,669,PHONE_00433,voice
CALL_002234,2021-12-16,PERSON_00434,PERSON_00415,278,PHONE_00434,voice
CALL_002235,2022-06-17,PERSON_00435,PERSON_00444,839,PHONE_00435,voice
CALL_002236,2022-02-20,PERSON_00436,PERSON_00440,142,PHONE_00436,voice
CALL_002237,2025-01-09,PERSON_00437,PERSON_00052,460,PHONE_00437,voice
CALL_002238,2026-05-17,PERSON_00438,PERSON_00081,266,PHONE_00438,voice
CALL_002239,2025-02-20,PERSON_00439,PERSON_00110,713,PHONE_00439,voice
CALL_002240,2022-01-15,PERSON_00440,PERSON_00139,652,PHONE_00440,missed
CALL_002241,2021-10-11,PERSON_00441,PERSON_00168,277,PHONE_00441,voice
CALL_002242,2025-06-08,PERSON_00442,PERSON_00197,895,PHONE_00442,voice
CALL_002243,2026-01-22,PERSON_00443,PERSON_00226,833,PHONE_00443,voice
CALL_002244,2023-09-02,PERSON_00444,PERSON_00255,839,PHONE_00444,missed
CALL_002245,2025-12-10,PERSON_00445,PERSON_00284,329,PHONE_00445,voice
CALL_002246,2024-03-16,PERSON_00446,PERSON_00313,533,PHONE_00446,voice
CALL_002247,2023-07-25,PERSON_00447,PERSON_00342,227,PHONE_00447,missed
CALL_002248,2021-03-26,PERSON_00448,PERSON_00371,597,PHONE_00448,voice
CALL_002249,2021-08-15,PERSON_00449,PERSON_00400,36,PHONE_00449,voice
CALL_002250,2022-09-04,PERSON_00450,PERSON_00429,237,PHONE_00450,voice
CALL_002251,2024-04-24,PERSON_00001,PERSON_00008,386,PHONE_00001,missed
CALL_002252,2023-08-18,PERSON_00002,PERSON_00037,102,PHONE_00002,missed
CALL_002253,2022-07-08,PERSON_00003,PERSON_00066,571,PHONE_00003,voice
CALL_002254,2023-06-17,PERSON_00004,PERSON_00095,867,PHONE_00004,voice
CALL_002255,2022-07-15,PERSON_00005,PERSON_00124,854,PHONE_00005,voice
CALL_002256,2022-02-25,PERSON_00006,PERSON_00242,9,PHONE_00006,voice
CALL_002257,2022-11-06,PERSON_00007,PERSON_00182,664,PHONE_00007,missed
CALL_002258,2023-12-12,PERSON_00008,PERSON_00211,286,PHONE_00008,missed
CALL_002259,2025-08-02,PERSON_00009,PERSON_00240,880,PHONE_00009,voice
CALL_002260,2022-08-15,PERSON_00010,PERSON_00269,776,PHONE_00010,voice
CALL_002261,2022-09-04,PERSON_00011,PERSON_00298,251,PHONE_00011,voice
CALL_002262,2022-03-24,PERSON_00012,PERSON_00327,342,PHONE_00012,voice
CALL_002263,2025-07-18,PERSON_00013,PERSON_00356,592,PHONE_00013,voice
CALL_002264,2024-03-17,PERSON_00014,PERSON_00385,782,PHONE_00014,missed
CALL_002265,2025-03-15,PERSON_00015,PERSON_00414,142,PHONE_00015,missed
CALL_002266,2022-04-14,PERSON_00016,PERSON_00237,148,PHONE_00016,voice
CALL_002267,2025-04-04,PERSON_00017,PERSON_00022,562,PHONE_00017,missed
CALL_002268,2024-03-29,PERSON_00018,PERSON_00051,761,PHONE_00018,voice
CALL_002269,2025-04-21,PERSON_00019,PERSON_00080,566,PHONE_00019,voice
CALL_002270,2022-08-13,PERSON_00020,PERSON_00109,487,PHONE_00020,voice
CALL_002271,2022-11-09,PERSON_00021,PERSON_00117,78,PHONE_00021,missed
CALL_002272,2022-07-15,PERSON_00022,PERSON_00167,421,PHONE_00022,missed
CALL_002273,2024-05-01,PERSON_00023,PERSON_00196,431,PHONE_00023,missed
CALL_002274,2023-05-15,PERSON_00024,PERSON_00225,365,PHONE_00024,missed
CALL_002275,2023-08-19,PERSON_00025,PERSON_00254,697,PHONE_00025,missed
CALL_002276,2021-08-31,PERSON_00026,PERSON_00283,159,PHONE_00026,missed
CALL_002277,2024-06-22,PERSON_00027,PERSON_00312,137,PHONE_00027,voice
CALL_002278,2024-10-08,PERSON_00028,PERSON_00341,235,PHONE_00028,missed
CALL_002279,2025-02-25,PERSON_00029,PERSON_00370,856,PHONE_00029,voice
CALL_002280,2025-06-07,PERSON_00030,PERSON_00399,619,PHONE_00030,missed
CALL_002281,2026-04-23,PERSON_00031,PERSON_00428,870,PHONE_00031,voice
CALL_002282,2025-05-22,PERSON_00032,PERSON_00007,874,PHONE_00032,missed
CALL_002283,2023-07-05,PERSON_00033,PERSON_00036,140,PHONE_00033,voice
CALL_002284,2021-02-25,PERSON_00034,PERSON_00065,555,PHONE_00034,voice
CALL_002285,2023-08-31,PERSON_00035,PERSON_00094,383,PHONE_00035,missed
CALL_002286,2026-01-14,PERSON_00036,PERSON_00123,238,PHONE_00036,missed
CALL_002287,2026-04-30,PERSON_00037,PERSON_00152,444,PHONE_00037,voice
CALL_002288,2025-04-11,PERSON_00038,PERSON_00181,334,PHONE_00038,voice
CALL_002289,2022-03-22,PERSON_00039,PERSON_00210,721,PHONE_00039,voice
CALL_002290,2024-08-23,PERSON_00040,PERSON_00239,376,PHONE_00040,voice
CALL_002291,2021-07-05,PERSON_00041,PERSON_00268,416,PHONE_00041,voice
CALL_002292,2023-08-23,PERSON_00042,PERSON_00297,259,PHONE_00042,missed
CALL_002293,2025-01-25,PERSON_00043,PERSON_00326,601,PHONE_00043,voice
CALL_002294,2022-12-26,PERSON_00044,PERSON_00355,413,PHONE_00044,voice
CALL_002295,2022-07-24,PERSON_00045,PERSON_00384,779,PHONE_00045,voice
CALL_002296,2022-01-09,PERSON_00046,PERSON_00344,151,PHONE_00046,voice
CALL_002297,2021-07-20,PERSON_00047,PERSON_00442,541,PHONE_00047,missed
CALL_002298,2022-10-05,PERSON_00048,PERSON_00021,566,PHONE_00048,missed
CALL_002299,2026-01-29,PERSON_00049,PERSON_00050,722,PHONE_00049,voice
CALL_002300,2023-04-04,PERSON_00050,PERSON_00079,156,PHONE_00050,voice
CALL_002301,2023-03-04,PERSON_00051,PERSON_00108,534,PHONE_00051,voice
CALL_002302,2022-10-09,PERSON_00052,PERSON_00137,599,PHONE_00052,voice
CALL_002303,2022-10-30,PERSON_00053,PERSON_00166,694,PHONE_00053,voice
CALL_002304,2026-03-03,PERSON_00054,PERSON_00195,563,PHONE_00054,voice
CALL_002305,2025-05-02,PERSON_00055,PERSON_00224,885,PHONE_00055,voice
CALL_002306,2021-02-14,PERSON_00056,PERSON_00253,435,PHONE_00056,missed
CALL_002307,2021-10-01,PERSON_00057,PERSON_00282,453,PHONE_00057,missed
CALL_002308,2024-10-07,PERSON_00058,PERSON_00311,57,PHONE_00058,voice
CALL_002309,2024-10-10,PERSON_00059,PERSON_00340,449,PHONE_00059,voice
CALL_002310,2025-03-15,PERSON_00060,PERSON_00369,351,PHONE_00060,voice
CALL_002311,2022-12-08,PERSON_00061,PERSON_00340,63,PHONE_00061,missed
CALL_002312,2025-11-04,PERSON_00062,PERSON_00427,379,PHONE_00062,missed
CALL_002313,2026-03-26,PERSON_00063,PERSON_00006,849,PHONE_00063,missed
CALL_002314,2026-06-04,PERSON_00064,PERSON_00035,340,PHONE_00064,voice
CALL_002315,2024-11-05,PERSON_00065,PERSON_00064,172,PHONE_00065,voice
CALL_002316,2026-05-30,PERSON_00066,PERSON_00093,235,PHONE_00066,voice
CALL_002317,2021-07-10,PERSON_00067,PERSON_00122,42,PHONE_00067,missed
CALL_002318,2021-12-21,PERSON_00068,PERSON_00151,257,PHONE_00068,voice
CALL_002319,2024-06-24,PERSON_00069,PERSON_00180,830,PHONE_00069,voice
CALL_002320,2026-04-21,PERSON_00070,PERSON_00209,847,PHONE_00070,voice
CALL_002321,2026-02-25,PERSON_00071,PERSON_00238,700,PHONE_00071,missed
CALL_002322,2021-04-05,PERSON_00072,PERSON_00267,749,PHONE_00072,voice
CALL_002323,2025-06-02,PERSON_00073,PERSON_00296,332,PHONE_00073,voice
CALL_002324,2024-08-04,PERSON_00074,PERSON_00325,755,PHONE_00074,voice
CALL_002325,2021-07-16,PERSON_00075,PERSON_00354,366,PHONE_00075,missed
CALL_002326,2025-12-24,PERSON_00076,PERSON_00440,148,PHONE_00076,missed
CALL_002327,2024-06-06,PERSON_00077,PERSON_00412,545,PHONE_00077,missed
CALL_002328,2023-09-11,PERSON_00078,PERSON_00441,440,PHONE_00078,voice
CALL_002329,2021-05-10,PERSON_00079,PERSON_00020,193,PHONE_00079,voice
CALL_002330,2025-09-25,PERSON_00080,PERSON_00049,535,PHONE_00080,missed
CALL_002331,2025-07-02,PERSON_00081,PERSON_00012,28,PHONE_00081,missed
CALL_002332,2022-05-23,PERSON_00082,PERSON_00107,578,PHONE_00082,missed
CALL_002333,2024-02-29,PERSON_00083,PERSON_00136,214,PHONE_00083,missed
CALL_002334,2023-07-11,PERSON_00084,PERSON_00165,235,PHONE_00084,voice
CALL_002335,2021-03-05,PERSON_00085,PERSON_00194,809,PHONE_00085,voice
CALL_002336,2022-02-06,PERSON_00086,PERSON_00370,31,PHONE_00086,missed
CALL_002337,2023-07-15,PERSON_00087,PERSON_00252,355,PHONE_00087,missed
CALL_002338,2023-02-24,PERSON_00088,PERSON_00281,490,PHONE_00088,voice
CALL_002339,2022-07-22,PERSON_00089,PERSON_00310,639,PHONE_00089,voice
CALL_002340,2023-08-11,PERSON_00090,PERSON_00339,177,PHONE_00090,voice
CALL_002341,2022-10-04,PERSON_00091,PERSON_00368,183,PHONE_00091,missed
CALL_002342,2022-08-25,PERSON_00092,PERSON_00397,745,PHONE_00092,missed
CALL_002343,2024-08-29,PERSON_00093,PERSON_00426,355,PHONE_00093,voice
CALL_002344,2026-04-29,PERSON_00094,PERSON_00005,407,PHONE_00094,voice
CALL_002345,2024-06-13,PERSON_00095,PERSON_00034,421,PHONE_00095,voice
CALL_002346,2024-05-29,PERSON_00096,PERSON_00063,716,PHONE_00096,missed
CALL_002347,2021-04-23,PERSON_00097,PERSON_00092,699,PHONE_00097,voice
CALL_002348,2023-09-07,PERSON_00098,PERSON_00121,623,PHONE_00098,voice
CALL_002349,2021-11-09,PERSON_00099,PERSON_00150,100,PHONE_00099,voice
CALL_002350,2025-01-31,PERSON_00100,PERSON_00179,651,PHONE_00100,voice
CALL_002351,2022-04-28,PERSON_00101,PERSON_00300,29,PHONE_00101,voice
CALL_002352,2024-05-24,PERSON_00102,PERSON_00237,325,PHONE_00102,voice
CALL_002353,2025-04-05,PERSON_00103,PERSON_00266,845,PHONE_00103,voice
CALL_002354,2025-04-26,PERSON_00104,PERSON_00295,469,PHONE_00104,voice
CALL_002355,2025-08-28,PERSON_00105,PERSON_00324,790,PHONE_00105,voice
CALL_002356,2022-01-25,PERSON_00106,PERSON_00081,80,PHONE_00106,voice
CALL_002357,2021-03-15,PERSON_00107,PERSON_00382,821,PHONE_00107,voice
CALL_002358,2021-08-06,PERSON_00108,PERSON_00411,503,PHONE_00108,voice
CALL_002359,2025-01-28,PERSON_00109,PERSON_00440,468,PHONE_00109,voice
CALL_002360,2023-01-26,PERSON_00110,PERSON_00019,471,PHONE_00110,missed
CALL_002361,2025-11-12,PERSON_00111,PERSON_00048,894,PHONE_00111,voice
CALL_002362,2021-10-11,PERSON_00112,PERSON_00077,617,PHONE_00112,voice
CALL_002363,2024-02-07,PERSON_00113,PERSON_00106,141,PHONE_00113,missed
CALL_002364,2025-08-09,PERSON_00114,PERSON_00135,323,PHONE_00114,voice
CALL_002365,2023-04-25,PERSON_00115,PERSON_00164,529,PHONE_00115,voice
CALL_002366,2022-04-05,PERSON_00116,PERSON_00193,781,PHONE_00116,missed
CALL_002367,2026-06-14,PERSON_00117,PERSON_00222,863,PHONE_00117,voice
CALL_002368,2024-09-20,PERSON_00118,PERSON_00251,528,PHONE_00118,voice
CALL_002369,2025-09-10,PERSON_00119,PERSON_00280,631,PHONE_00119,voice
CALL_002370,2025-10-03,PERSON_00120,PERSON_00309,660,PHONE_00120,missed
CALL_002371,2024-03-11,PERSON_00121,PERSON_00338,405,PHONE_00121,voice
CALL_002372,2024-08-14,PERSON_00122,PERSON_00367,397,PHONE_00122,missed
CALL_002373,2022-11-24,PERSON_00123,PERSON_00396,99,PHONE_00123,voice
CALL_002374,2023-09-18,PERSON_00124,PERSON_00425,853,PHONE_00124,voice
CALL_002375,2024-08-11,PERSON_00125,PERSON_00004,898,PHONE_00125,voice
CALL_002376,2021-09-12,PERSON_00126,PERSON_00012,83,PHONE_00126,voice
CALL_002377,2021-08-29,PERSON_00127,PERSON_00062,626,PHONE_00127,voice
CALL_002378,2023-06-11,PERSON_00128,PERSON_00091,399,PHONE_00128,voice
CALL_002379,2023-02-02,PERSON_00129,PERSON_00120,439,PHONE_00129,missed
CALL_002380,2023-07-29,PERSON_00130,PERSON_00149,602,PHONE_00130,voice
CALL_002381,2024-11-07,PERSON_00131,PERSON_00178,537,PHONE_00131,voice
CALL_002382,2026-06-13,PERSON_00132,PERSON_00207,185,PHONE_00132,voice
CALL_002383,2024-11-07,PERSON_00133,PERSON_00236,347,PHONE_00133,voice
CALL_002384,2025-07-12,PERSON_00134,PERSON_00265,462,PHONE_00134,missed
CALL_002385,2025-10-12,PERSON_00135,PERSON_00294,395,PHONE_00135,missed
CALL_002386,2025-04-01,PERSON_00136,PERSON_00323,825,PHONE_00136,voice
CALL_002387,2021-11-03,PERSON_00137,PERSON_00352,117,PHONE_00137,missed
CALL_002388,2023-10-17,PERSON_00138,PERSON_00381,392,PHONE_00138,voice
CALL_002389,2024-11-07,PERSON_00139,PERSON_00410,774,PHONE_00139,missed
CALL_002390,2021-09-13,PERSON_00140,PERSON_00439,178,PHONE_00140,missed
CALL_002391,2025-10-25,PERSON_00141,PERSON_00370,16,PHONE_00141,voice
CALL_002392,2021-12-22,PERSON_00142,PERSON_00047,771,PHONE_00142,voice
CALL_002393,2021-02-25,PERSON_00143,PERSON_00076,511,PHONE_00143,missed
CALL_002394,2021-05-07,PERSON_00144,PERSON_00105,239,PHONE_00144,voice
CALL_002395,2025-12-08,PERSON_00145,PERSON_00134,707,PHONE_00145,voice
CALL_002396,2024-01-25,PERSON_00146,PERSON_00163,18,PHONE_00146,voice
CALL_002397,2023-09-11,PERSON_00147,PERSON_00192,250,PHONE_00147,missed
CALL_002398,2023-02-25,PERSON_00148,PERSON_00221,701,PHONE_00148,voice
CALL_002399,2025-04-20,PERSON_00149,PERSON_00250,162,PHONE_00149,voice
CALL_002400,2023-07-31,PERSON_00150,PERSON_00279,797,PHONE_00150,missed
CALL_002401,2023-06-07,PERSON_00151,PERSON_00308,879,PHONE_00151,voice
CALL_002402,2024-03-30,PERSON_00152,PERSON_00337,816,PHONE_00152,voice
CALL_002403,2021-11-10,PERSON_00153,PERSON_00366,664,PHONE_00153,voice
CALL_002404,2022-07-31,PERSON_00154,PERSON_00395,368,PHONE_00154,missed
CALL_002405,2023-03-03,PERSON_00155,PERSON_00424,834,PHONE_00155,voice
CALL_002406,2025-03-09,PERSON_00156,PERSON_00318,156,PHONE_00156,voice
CALL_002407,2025-09-05,PERSON_00157,PERSON_00032,128,PHONE_00157,voice
CALL_002408,2024-09-20,PERSON_00158,PERSON_00061,405,PHONE_00158,voice
CALL_002409,2024-01-09,PERSON_00159,PERSON_00090,727,PHONE_00159,missed
CALL_002410,2021-09-16,PERSON_00160,PERSON_00119,331,PHONE_00160,voice
CALL_002411,2021-03-27,PERSON_00161,PERSON_00394,18,PHONE_00161,voice
CALL_002412,2021-11-07,PERSON_00162,PERSON_00177,378,PHONE_00162,missed
CALL_002413,2022-05-16,PERSON_00163,PERSON_00206,517,PHONE_00163,voice
CALL_002414,2021-03-01,PERSON_00164,PERSON_00235,159,PHONE_00164,missed
CALL_002415,2024-01-10,PERSON_00165,PERSON_00264,148,PHONE_00165,missed
CALL_002416,2025-11-15,PERSON_00166,PERSON_00389,93,PHONE_00166,voice
CALL_002417,2023-02-05,PERSON_00167,PERSON_00322,217,PHONE_00167,voice
CALL_002418,2023-07-02,PERSON_00168,PERSON_00351,326,PHONE_00168,voice
CALL_002419,2022-03-20,PERSON_00169,PERSON_00380,733,PHONE_00169,missed
CALL_002420,2021-08-25,PERSON_00170,PERSON_00409,747,PHONE_00170,voice
CALL_002421,2025-03-21,PERSON_00171,PERSON_00014,141,PHONE_00171,missed
CALL_002422,2023-03-12,PERSON_00172,PERSON_00017,698,PHONE_00172,voice
CALL_002423,2023-05-13,PERSON_00173,PERSON_00046,825,PHONE_00173,voice
CALL_002424,2026-04-12,PERSON_00174,PERSON_00075,676,PHONE_00174,voice
CALL_002425,2023-04-17,PERSON_00175,PERSON_00104,134,PHONE_00175,missed
CALL_002426,2024-04-19,PERSON_00176,PERSON_00133,585,PHONE_00176,voice
CALL_002427,2023-07-08,PERSON_00177,PERSON_00162,695,PHONE_00177,voice
CALL_002428,2024-06-18,PERSON_00178,PERSON_00191,757,PHONE_00178,voice
CALL_002429,2024-02-07,PERSON_00179,PERSON_00220,557,PHONE_00179,missed
CALL_002430,2025-06-08,PERSON_00180,PERSON_00249,603,PHONE_00180,missed
CALL_002431,2025-02-12,PERSON_00181,PERSON_00278,436,PHONE_00181,missed
CALL_002432,2022-06-28,PERSON_00182,PERSON_00307,716,PHONE_00182,missed
CALL_002433,2025-08-28,PERSON_00183,PERSON_00336,858,PHONE_00183,voice
CALL_002434,2021-09-25,PERSON_00184,PERSON_00365,326,PHONE_00184,missed
CALL_002435,2022-03-09,PERSON_00185,PERSON_00394,454,PHONE_00185,voice
CALL_002436,2021-07-30,PERSON_00186,PERSON_00423,146,PHONE_00186,voice
CALL_002437,2025-04-03,PERSON_00187,PERSON_00002,590,PHONE_00187,missed
CALL_002438,2023-11-20,PERSON_00188,PERSON_00031,829,PHONE_00188,voice
CALL_002439,2023-09-01,PERSON_00189,PERSON_00060,785,PHONE_00189,missed
CALL_002440,2026-01-12,PERSON_00190,PERSON_00089,857,PHONE_00190,voice
CALL_002441,2023-07-03,PERSON_00191,PERSON_00429,142,PHONE_00191,voice
CALL_002442,2021-08-28,PERSON_00192,PERSON_00147,671,PHONE_00192,missed
CALL_002443,2022-05-05,PERSON_00193,PERSON_00176,214,PHONE_00193,voice
CALL_002444,2025-10-08,PERSON_00194,PERSON_00205,852,PHONE_00194,missed
CALL_002445,2023-01-18,PERSON_00195,PERSON_00234,496,PHONE_00195,voice
CALL_002446,2024-02-20,PERSON_00196,PERSON_00179,48,PHONE_00196,voice
CALL_002447,2022-10-23,PERSON_00197,PERSON_00292,600,PHONE_00197,missed
CALL_002448,2022-06-08,PERSON_00198,PERSON_00321,191,PHONE_00198,voice
CALL_002449,2023-09-19,PERSON_00199,PERSON_00350,870,PHONE_00199,voice
CALL_002450,2021-11-22,PERSON_00200,PERSON_00379,376,PHONE_00200,missed
CALL_002451,2023-06-21,PERSON_00201,PERSON_00408,252,PHONE_00201,missed
CALL_002452,2026-01-18,PERSON_00202,PERSON_00437,400,PHONE_00202,voice
CALL_002453,2022-03-10,PERSON_00203,PERSON_00016,287,PHONE_00203,missed
CALL_002454,2024-10-21,PERSON_00204,PERSON_00045,65,PHONE_00204,voice
CALL_002455,2021-04-21,PERSON_00205,PERSON_00074,728,PHONE_00205,missed
CALL_002456,2021-06-15,PERSON_00206,PERSON_00103,139,PHONE_00206,missed
CALL_002457,2024-03-31,PERSON_00207,PERSON_00132,458,PHONE_00207,voice
CALL_002458,2022-08-02,PERSON_00208,PERSON_00161,347,PHONE_00208,missed
CALL_002459,2024-05-13,PERSON_00209,PERSON_00190,623,PHONE_00209,missed
CALL_002460,2025-03-02,PERSON_00210,PERSON_00219,239,PHONE_00210,voice
CALL_002461,2022-12-09,PERSON_00211,PERSON_00248,69,PHONE_00211,voice
CALL_002462,2023-08-12,PERSON_00212,PERSON_00277,141,PHONE_00212,voice
CALL_002463,2021-09-08,PERSON_00213,PERSON_00306,284,PHONE_00213,voice
CALL_002464,2024-02-28,PERSON_00214,PERSON_00335,445,PHONE_00214,voice
CALL_002465,2021-05-14,PERSON_00215,PERSON_00364,600,PHONE_00215,voice
CALL_002466,2025-08-10,PERSON_00216,PERSON_00219,85,PHONE_00216,missed
CALL_002467,2025-09-07,PERSON_00217,PERSON_00422,707,PHONE_00217,voice
CALL_002468,2022-04-20,PERSON_00218,PERSON_00001,367,PHONE_00218,missed
CALL_002469,2022-10-08,PERSON_00219,PERSON_00030,275,PHONE_00219,voice
CALL_002470,2021-08-25,PERSON_00220,PERSON_00059,356,PHONE_00220,missed
CALL_002471,2024-03-12,PERSON_00221,PERSON_00127,38,PHONE_00221,voice
CALL_002472,2021-04-19,PERSON_00222,PERSON_00117,631,PHONE_00222,missed
CALL_002473,2026-03-27,PERSON_00223,PERSON_00146,702,PHONE_00223,missed
CALL_002474,2024-12-14,PERSON_00224,PERSON_00175,342,PHONE_00224,missed
CALL_002475,2025-04-13,PERSON_00225,PERSON_00204,39,PHONE_00225,voice
CALL_002476,2022-09-28,PERSON_00226,PERSON_00171,103,PHONE_00226,voice
CALL_002477,2026-03-03,PERSON_00227,PERSON_00262,194,PHONE_00227,voice
CALL_002478,2023-02-21,PERSON_00228,PERSON_00291,187,PHONE_00228,voice
CALL_002479,2021-12-02,PERSON_00229,PERSON_00320,629,PHONE_00229,voice
CALL_002480,2025-12-31,PERSON_00230,PERSON_00349,393,PHONE_00230,voice
CALL_002481,2021-10-27,PERSON_00231,PERSON_00179,45,PHONE_00231,missed
CALL_002482,2021-02-06,PERSON_00232,PERSON_00407,108,PHONE_00232,voice
CALL_002483,2021-12-01,PERSON_00233,PERSON_00436,651,PHONE_00233,voice
CALL_002484,2021-01-14,PERSON_00234,PERSON_00015,643,PHONE_00234,missed
CALL_002485,2022-07-18,PERSON_00235,PERSON_00044,405,PHONE_00235,missed
CALL_002486,2023-12-07,PERSON_00236,PERSON_00073,863,PHONE_00236,voice
CALL_002487,2023-11-12,PERSON_00237,PERSON_00102,286,PHONE_00237,missed
CALL_002488,2022-10-20,PERSON_00238,PERSON_00131,108,PHONE_00238,missed
CALL_002489,2022-03-21,PERSON_00239,PERSON_00160,562,PHONE_00239,missed
CALL_002490,2021-07-14,PERSON_00240,PERSON_00189,168,PHONE_00240,voice
CALL_002491,2021-08-08,PERSON_00241,PERSON_00038,19,PHONE_00241,voice
CALL_002492,2021-01-25,PERSON_00242,PERSON_00247,227,PHONE_00242,missed
CALL_002493,2025-10-01,PERSON_00243,PERSON_00276,287,PHONE_00243,voice
CALL_002494,2024-11-14,PERSON_00244,PERSON_00305,633,PHONE_00244,voice
CALL_002495,2026-01-22,PERSON_00245,PERSON_00334,357,PHONE_00245,voice
CALL_002496,2024-10-12,PERSON_00246,PERSON_00363,582,PHONE_00246,voice
CALL_002497,2025-07-13,PERSON_00247,PERSON_00392,420,PHONE_00247,voice
CALL_002498,2023-08-31,PERSON_00248,PERSON_00421,179,PHONE_00248,missed
CALL_002499,2021-09-10,PERSON_00249,PERSON_00450,646,PHONE_00249,voice
CALL_002500,2021-12-08,PERSON_00250,PERSON_00029,691,PHONE_00250,missed
CALL_002501,2025-06-10,PERSON_00251,PERSON_00058,103,PHONE_00251,voice
CALL_002502,2025-06-16,PERSON_00252,PERSON_00087,167,PHONE_00252,missed
CALL_002503,2021-02-01,PERSON_00253,PERSON_00116,635,PHONE_00253,voice
CALL_002504,2024-02-13,PERSON_00254,PERSON_00145,63,PHONE_00254,missed
CALL_002505,2025-04-15,PERSON_00255,PERSON_00174,751,PHONE_00255,voice
CALL_002506,2021-07-01,PERSON_00256,PERSON_00288,81,PHONE_00256,voice
CALL_002507,2025-09-30,PERSON_00257,PERSON_00232,681,PHONE_00257,voice
CALL_002508,2023-05-17,PERSON_00258,PERSON_00261,90,PHONE_00258,missed
CALL_002509,2025-01-31,PERSON_00259,PERSON_00290,196,PHONE_00259,voice
CALL_002510,2021-10-24,PERSON_00260,PERSON_00319,407,PHONE_00260,missed
CALL_002511,2025-03-19,PERSON_00261,PERSON_00348,125,PHONE_00261,voice
CALL_002512,2026-05-02,PERSON_00262,PERSON_00377,667,PHONE_00262,missed
CALL_002513,2023-02-03,PERSON_00263,PERSON_00406,102,PHONE_00263,voice
CALL_002514,2023-11-14,PERSON_00264,PERSON_00435,885,PHONE_00264,voice
CALL_002515,2021-05-25,PERSON_00265,PERSON_00014,286,PHONE_00265,missed
CALL_002516,2026-02-26,PERSON_00266,PERSON_00043,894,PHONE_00266,voice
CALL_002517,2026-06-17,PERSON_00267,PERSON_00072,400,PHONE_00267,voice
CALL_002518,2022-06-18,PERSON_00268,PERSON_00101,676,PHONE_00268,voice
CALL_002519,2023-06-05,PERSON_00269,PERSON_00130,885,PHONE_00269,voice
CALL_002520,2021-07-03,PERSON_00270,PERSON_00159,92,PHONE_00270,missed
CALL_002521,2021-12-04,PERSON_00271,PERSON_00340,96,PHONE_00271,voice
CALL_002522,2024-05-15,PERSON_00272,PERSON_00217,391,PHONE_00272,voice
CALL_002523,2023-09-13,PERSON_00273,PERSON_00246,281,PHONE_00273,missed
CALL_002524,2024-03-11,PERSON_00274,PERSON_00275,244,PHONE_00274,voice
CALL_002525,2023-04-21,PERSON_00275,PERSON_00304,577,PHONE_00275,voice
CALL_002526,2021-04-04,PERSON_00276,PERSON_00333,84,PHONE_00276,missed
CALL_002527,2024-11-08,PERSON_00277,PERSON_00362,339,PHONE_00277,missed
CALL_002528,2025-08-14,PERSON_00278,PERSON_00391,674,PHONE_00278,missed
CALL_002529,2024-05-22,PERSON_00279,PERSON_00420,601,PHONE_00279,voice
CALL_002530,2025-03-22,PERSON_00280,PERSON_00449,551,PHONE_00280,voice
CALL_002531,2021-03-27,PERSON_00281,PERSON_00028,533,PHONE_00281,missed
CALL_002532,2023-10-01,PERSON_00282,PERSON_00057,293,PHONE_00282,voice
CALL_002533,2024-02-25,PERSON_00283,PERSON_00086,152,PHONE_00283,voice
CALL_002534,2025-02-01,PERSON_00284,PERSON_00115,615,PHONE_00284,voice
CALL_002535,2021-10-11,PERSON_00285,PERSON_00144,367,PHONE_00285,missed
CALL_002536,2023-02-11,PERSON_00286,PERSON_00220,149,PHONE_00286,voice
CALL_002537,2025-01-15,PERSON_00287,PERSON_00202,567,PHONE_00287,missed
CALL_002538,2022-10-16,PERSON_00288,PERSON_00231,477,PHONE_00288,voice
CALL_002539,2021-07-14,PERSON_00289,PERSON_00260,728,PHONE_00289,missed
CALL_002540,2021-01-05,PERSON_00290,PERSON_00289,577,PHONE_00290,voice
CALL_002541,2021-05-05,PERSON_00291,PERSON_00075,130,PHONE_00291,missed
CALL_002542,2021-04-06,PERSON_00292,PERSON_00347,34,PHONE_00292,voice
CALL_002543,2023-04-10,PERSON_00293,PERSON_00376,566,PHONE_00293,voice
CALL_002544,2024-11-24,PERSON_00294,PERSON_00405,858,PHONE_00294,voice
CALL_002545,2023-08-19,PERSON_00295,PERSON_00434,653,PHONE_00295,missed
CALL_002546,2024-10-23,PERSON_00296,PERSON_00013,131,PHONE_00296,voice
CALL_002547,2025-12-20,PERSON_00297,PERSON_00042,733,PHONE_00297,missed
CALL_002548,2026-03-01,PERSON_00298,PERSON_00071,430,PHONE_00298,voice
CALL_002549,2025-03-02,PERSON_00299,PERSON_00100,595,PHONE_00299,voice
CALL_002550,2021-05-02,PERSON_00300,PERSON_00129,863,PHONE_00300,voice
CALL_002551,2024-08-23,PERSON_00301,PERSON_00194,109,PHONE_00301,voice
CALL_002552,2025-07-24,PERSON_00302,PERSON_00187,229,PHONE_00302,missed
CALL_002553,2021-03-02,PERSON_00303,PERSON_00216,455,PHONE_00303,voice
CALL_002554,2023-03-10,PERSON_00304,PERSON_00245,319,PHONE_00304,missed
CALL_002555,2025-08-11,PERSON_00305,PERSON_00274,327,PHONE_00305,missed
CALL_002556,2021-06-08,PERSON_00306,PERSON_00303,129,PHONE_00306,voice
CALL_002557,2021-04-24,PERSON_00307,PERSON_00332,372,PHONE_00307,missed
CALL_002558,2023-03-13,PERSON_00308,PERSON_00361,597,PHONE_00308,missed
CALL_002559,2022-11-28,PERSON_00309,PERSON_00390,453,PHONE_00309,missed
CALL_002560,2022-01-03,PERSON_00310,PERSON_00419,578,PHONE_00310,voice
CALL_002561,2025-01-04,PERSON_00311,PERSON_00448,740,PHONE_00311,voice
CALL_002562,2024-03-16,PERSON_00312,PERSON_00027,536,PHONE_00312,missed
CALL_002563,2021-06-13,PERSON_00313,PERSON_00056,81,PHONE_00313,voice
CALL_002564,2021-08-05,PERSON_00314,PERSON_00085,416,PHONE_00314,voice
CALL_002565,2024-11-06,PERSON_00315,PERSON_00114,153,PHONE_00315,voice
CALL_002566,2021-02-10,PERSON_00316,PERSON_00143,349,PHONE_00316,voice
CALL_002567,2022-08-01,PERSON_00317,PERSON_00172,37,PHONE_00317,voice
CALL_002568,2022-07-01,PERSON_00318,PERSON_00201,592,PHONE_00318,missed
CALL_002569,2025-08-22,PERSON_00319,PERSON_00230,635,PHONE_00319,missed
CALL_002570,2025-03-27,PERSON_00320,PERSON_00259,532,PHONE_00320,voice
CALL_002571,2024-10-14,PERSON_00321,PERSON_00410,83,PHONE_00321,missed
CALL_002572,2021-02-13,PERSON_00322,PERSON_00317,587,PHONE_00322,voice
CALL_002573,2024-01-14,PERSON_00323,PERSON_00346,552,PHONE_00323,missed
CALL_002574,2022-07-03,PERSON_00324,PERSON_00375,731,PHONE_00324,missed
CALL_002575,2025-11-30,PERSON_00325,PERSON_00404,465,PHONE_00325,missed
CALL_002576,2025-04-22,PERSON_00326,PERSON_00433,94,PHONE_00326,voice
CALL_002577,2023-04-14,PERSON_00327,PERSON_00012,651,PHONE_00327,voice
CALL_002578,2022-08-25,PERSON_00328,PERSON_00041,854,PHONE_00328,missed
CALL_002579,2024-12-26,PERSON_00329,PERSON_00070,640,PHONE_00329,voice
CALL_002580,2021-09-19,PERSON_00330,PERSON_00099,344,PHONE_00330,missed
CALL_002581,2021-01-26,PERSON_00331,PERSON_00171,15,PHONE_00331,voice
CALL_002582,2024-03-27,PERSON_00332,PERSON_00157,699,PHONE_00332,voice
CALL_002583,2023-02-02,PERSON_00333,PERSON_00186,747,PHONE_00333,voice
CALL_002584,2022-04-22,PERSON_00334,PERSON_00215,515,PHONE_00334,missed
CALL_002585,2021-06-30,PERSON_00335,PERSON_00244,397,PHONE_00335,missed
CALL_002586,2026-05-11,PERSON_00336,PERSON_00429,162,PHONE_00336,voice
CALL_002587,2023-06-17,PERSON_00337,PERSON_00302,574,PHONE_00337,voice
CALL_002588,2021-02-27,PERSON_00338,PERSON_00331,784,PHONE_00338,voice
CALL_002589,2025-08-21,PERSON_00339,PERSON_00360,846,PHONE_00339,missed
CALL_002590,2021-05-25,PERSON_00340,PERSON_00389,220,PHONE_00340,voice
CALL_002591,2021-10-14,PERSON_00341,PERSON_00418,680,PHONE_00341,missed
CALL_002592,2022-03-20,PERSON_00342,PERSON_00447,446,PHONE_00342,voice
CALL_002593,2025-09-11,PERSON_00343,PERSON_00026,237,PHONE_00343,voice
CALL_002594,2025-04-25,PERSON_00344,PERSON_00055,486,PHONE_00344,voice
CALL_002595,2022-11-11,PERSON_00345,PERSON_00084,880,PHONE_00345,voice
CALL_002596,2024-01-28,PERSON_00346,PERSON_00113,202,PHONE_00346,missed
CALL_002597,2022-04-21,PERSON_00347,PERSON_00142,654,PHONE_00347,voice
CALL_002598,2023-06-20,PERSON_00348,PERSON_00171,451,PHONE_00348,missed
CALL_002599,2026-01-28,PERSON_00349,PERSON_00200,211,PHONE_00349,missed
CALL_002600,2025-05-29,PERSON_00350,PERSON_00229,340,PHONE_00350,missed
CALL_002601,2021-05-01,PERSON_00351,PERSON_00258,761,PHONE_00351,missed
CALL_002602,2023-10-02,PERSON_00352,PERSON_00287,210,PHONE_00352,voice
CALL_002603,2025-03-13,PERSON_00353,PERSON_00316,772,PHONE_00353,voice
CALL_002604,2021-02-18,PERSON_00354,PERSON_00345,261,PHONE_00354,voice
CALL_002605,2025-10-23,PERSON_00355,PERSON_00374,723,PHONE_00355,voice
CALL_002606,2026-06-21,PERSON_00356,PERSON_00403,857,PHONE_00356,voice
CALL_002607,2024-11-15,PERSON_00357,PERSON_00432,344,PHONE_00357,voice
CALL_002608,2024-11-15,PERSON_00358,PERSON_00011,344,PHONE_00358,voice
CALL_002609,2024-06-11,PERSON_00359,PERSON_00040,293,PHONE_00359,missed
CALL_002610,2024-01-20,PERSON_00360,PERSON_00069,808,PHONE_00360,voice
CALL_002611,2026-04-15,PERSON_00361,PERSON_00098,899,PHONE_00361,voice
CALL_002612,2022-02-14,PERSON_00362,PERSON_00127,480,PHONE_00362,missed
CALL_002613,2023-12-03,PERSON_00363,PERSON_00156,276,PHONE_00363,voice
CALL_002614,2022-09-12,PERSON_00364,PERSON_00185,567,PHONE_00364,voice
CALL_002615,2024-10-17,PERSON_00365,PERSON_00214,653,PHONE_00365,voice
CALL_002616,2023-01-02,PERSON_00366,PERSON_00052,59,PHONE_00366,voice
CALL_002617,2021-10-31,PERSON_00367,PERSON_00272,821,PHONE_00367,missed
CALL_002618,2021-03-17,PERSON_00368,PERSON_00301,569,PHONE_00368,voice
CALL_002619,2022-01-04,PERSON_00369,PERSON_00330,416,PHONE_00369,missed
CALL_002620,2022-08-15,PERSON_00370,PERSON_00359,452,PHONE_00370,voice
CALL_002621,2025-12-24,PERSON_00371,PERSON_00256,73,PHONE_00371,voice
CALL_002622,2023-03-23,PERSON_00372,PERSON_00417,451,PHONE_00372,voice
CALL_002623,2023-09-05,PERSON_00373,PERSON_00446,891,PHONE_00373,voice
CALL_002624,2024-07-21,PERSON_00374,PERSON_00025,341,PHONE_00374,voice
CALL_002625,2023-08-11,PERSON_00375,PERSON_00054,721,PHONE_00375,voice
CALL_002626,2022-12-13,PERSON_00376,PERSON_00194,58,PHONE_00376,voice
CALL_002627,2023-10-06,PERSON_00377,PERSON_00112,605,PHONE_00377,voice
CALL_002628,2025-08-25,PERSON_00378,PERSON_00141,158,PHONE_00378,voice
CALL_002629,2024-08-31,PERSON_00379,PERSON_00170,86,PHONE_00379,voice
CALL_002630,2025-05-06,PERSON_00380,PERSON_00199,336,PHONE_00380,missed
CALL_002631,2021-02-10,PERSON_00381,PERSON_00171,96,PHONE_00381,voice
CALL_002632,2024-08-01,PERSON_00382,PERSON_00257,598,PHONE_00382,missed
CALL_002633,2021-10-31,PERSON_00383,PERSON_00286,106,PHONE_00383,voice
CALL_002634,2023-02-18,PERSON_00384,PERSON_00315,299,PHONE_00384,voice
CALL_002635,2021-08-26,PERSON_00385,PERSON_00344,191,PHONE_00385,missed
CALL_002636,2023-01-21,PERSON_00386,PERSON_00373,46,PHONE_00386,voice
CALL_002637,2023-07-23,PERSON_00387,PERSON_00402,36,PHONE_00387,voice
CALL_002638,2023-06-12,PERSON_00388,PERSON_00431,40,PHONE_00388,missed
CALL_002639,2023-02-25,PERSON_00389,PERSON_00010,300,PHONE_00389,missed
CALL_002640,2022-06-09,PERSON_00390,PERSON_00039,154,PHONE_00390,voice
CALL_002641,2021-07-01,PERSON_00391,PERSON_00350,96,PHONE_00391,missed
CALL_002642,2026-06-08,PERSON_00392,PERSON_00097,231,PHONE_00392,missed
CALL_002643,2022-01-28,PERSON_00393,PERSON_00126,881,PHONE_00393,voice
CALL_002644,2021-04-14,PERSON_00394,PERSON_00155,120,PHONE_00394,voice
CALL_002645,2022-09-08,PERSON_00395,PERSON_00184,789,PHONE_00395,voice
CALL_002646,2022-07-29,PERSON_00396,PERSON_00213,545,PHONE_00396,voice
CALL_002647,2026-03-14,PERSON_00397,PERSON_00242,182,PHONE_00397,voice
CALL_002648,2025-05-24,PERSON_00398,PERSON_00271,339,PHONE_00398,missed
CALL_002649,2025-10-21,PERSON_00399,PERSON_00300,463,PHONE_00399,missed
CALL_002650,2022-10-02,PERSON_00400,PERSON_00329,582,PHONE_00400,voice
CALL_002651,2026-03-27,PERSON_00401,PERSON_00074,19,PHONE_00401,voice
CALL_002652,2021-11-09,PERSON_00402,PERSON_00387,71,PHONE_00402,voice
CALL_002653,2024-03-02,PERSON_00403,PERSON_00416,225,PHONE_00403,voice
CALL_002654,2023-11-07,PERSON_00404,PERSON_00445,411,PHONE_00404,voice
CALL_002655,2022-08-07,PERSON_00405,PERSON_00024,511,PHONE_00405,voice
CALL_002656,2021-07-06,PERSON_00406,PERSON_00394,61,PHONE_00406,missed
CALL_002657,2026-01-30,PERSON_00407,PERSON_00082,213,PHONE_00407,voice
CALL_002658,2021-03-31,PERSON_00408,PERSON_00111,244,PHONE_00408,voice
CALL_002659,2022-10-18,PERSON_00409,PERSON_00140,462,PHONE_00409,voice
CALL_002660,2024-11-05,PERSON_00410,PERSON_00169,835,PHONE_00410,missed
CALL_002661,2021-07-31,PERSON_00411,PERSON_00329,52,PHONE_00411,missed
CALL_002662,2025-10-25,PERSON_00412,PERSON_00227,778,PHONE_00412,missed
CALL_002663,2023-01-25,PERSON_00413,PERSON_00256,247,PHONE_00413,missed
CALL_002664,2021-11-02,PERSON_00414,PERSON_00285,98,PHONE_00414,missed
CALL_002665,2021-08-21,PERSON_00415,PERSON_00314,53,PHONE_00415,voice
CALL_002666,2025-04-19,PERSON_00416,PERSON_00343,381,PHONE_00416,voice
CALL_002667,2022-03-09,PERSON_00417,PERSON_00372,425,PHONE_00417,voice
CALL_002668,2023-05-27,PERSON_00418,PERSON_00401,261,PHONE_00418,voice
CALL_002669,2022-12-01,PERSON_00419,PERSON_00430,349,PHONE_00419,voice
CALL_002670,2025-07-26,PERSON_00420,PERSON_00009,880,PHONE_00420,voice
CALL_002671,2021-07-22,PERSON_00421,PERSON_00038,666,PHONE_00421,voice
CALL_002672,2026-06-01,PERSON_00422,PERSON_00067,72,PHONE_00422,voice
CALL_002673,2023-11-07,PERSON_00423,PERSON_00096,276,PHONE_00423,voice
CALL_002674,2024-01-02,PERSON_00424,PERSON_00125,34,PHONE_00424,voice
CALL_002675,2021-02-09,PERSON_00425,PERSON_00154,85,PHONE_00425,missed
CALL_002676,2026-05-28,PERSON_00426,PERSON_00183,540,PHONE_00426,missed
CALL_002677,2022-11-30,PERSON_00427,PERSON_00212,880,PHONE_00427,voice
CALL_002678,2021-10-05,PERSON_00428,PERSON_00241,185,PHONE_00428,voice
CALL_002679,2024-11-23,PERSON_00429,PERSON_00270,848,PHONE_00429,missed
CALL_002680,2021-01-13,PERSON_00430,PERSON_00299,245,PHONE_00430,missed
CALL_002681,2022-06-13,PERSON_00431,PERSON_00328,223,PHONE_00431,missed
CALL_002682,2026-04-26,PERSON_00432,PERSON_00357,822,PHONE_00432,missed
CALL_002683,2021-09-02,PERSON_00433,PERSON_00386,864,PHONE_00433,voice
CALL_002684,2024-12-27,PERSON_00434,PERSON_00415,640,PHONE_00434,voice
CALL_002685,2022-02-28,PERSON_00435,PERSON_00444,309,PHONE_00435,missed
CALL_002686,2022-01-31,PERSON_00436,PERSON_00209,32,PHONE_00436,voice
CALL_002687,2026-04-07,PERSON_00437,PERSON_00052,830,PHONE_00437,missed
CALL_002688,2023-09-27,PERSON_00438,PERSON_00081,294,PHONE_00438,voice
CALL_002689,2021-06-10,PERSON_00439,PERSON_00110,823,PHONE_00439,missed
CALL_002690,2022-05-30,PERSON_00440,PERSON_00139,562,PHONE_00440,voice
CALL_002691,2025-10-04,PERSON_00441,PERSON_00168,104,PHONE_00441,voice
CALL_002692,2024-03-18,PERSON_00442,PERSON_00197,634,PHONE_00442,missed
CALL_002693,2022-05-21,PERSON_00443,PERSON_00226,553,PHONE_00443,voice
CALL_002694,2021-10-01,PERSON_00444,PERSON_00255,573,PHONE_00444,voice
CALL_002695,2024-04-20,PERSON_00445,PERSON_00284,163,PHONE_00445,missed
CALL_002696,2024-04-15,PERSON_00446,PERSON_00313,22,PHONE_00446,voice
CALL_002697,2024-12-18,PERSON_00447,PERSON_00342,586,PHONE_00447,missed
CALL_002698,2024-05-30,PERSON_00448,PERSON_00371,381,PHONE_00448,missed
CALL_002699,2025-12-17,PERSON_00449,PERSON_00400,285,PHONE_00449,voice
CALL_002700,2025-12-16,PERSON_00450,PERSON_00429,38,PHONE_00450,missed
CALL_002701,2021-06-27,PERSON_00001,PERSON_00008,373,PHONE_00001,missed
CALL_002702,2024-12-29,PERSON_00002,PERSON_00037,505,PHONE_00002,voice
CALL_002703,2024-03-23,PERSON_00003,PERSON_00066,614,PHONE_00003,voice
CALL_002704,2025-05-05,PERSON_00004,PERSON_00095,870,PHONE_00004,voice
CALL_002705,2025-08-06,PERSON_00005,PERSON_00124,853,PHONE_00005,voice
CALL_002706,2026-05-14,PERSON_00006,PERSON_00169,85,PHONE_00006,missed
CALL_002707,2025-07-11,PERSON_00007,PERSON_00182,322,PHONE_00007,missed
CALL_002708,2024-07-26,PERSON_00008,PERSON_00211,236,PHONE_00008,voice
CALL_002709,2023-11-22,PERSON_00009,PERSON_00240,437,PHONE_00009,missed
CALL_002710,2021-06-25,PERSON_00010,PERSON_00269,506,PHONE_00010,voice
CALL_002711,2022-10-25,PERSON_00011,PERSON_00298,38,PHONE_00011,missed
CALL_002712,2022-10-05,PERSON_00012,PERSON_00327,788,PHONE_00012,voice
CALL_002713,2023-12-11,PERSON_00013,PERSON_00356,826,PHONE_00013,voice
CALL_002714,2026-04-03,PERSON_00014,PERSON_00385,727,PHONE_00014,missed
CALL_002715,2023-05-02,PERSON_00015,PERSON_00414,534,PHONE_00015,missed
CALL_002716,2022-05-01,PERSON_00016,PERSON_00411,104,PHONE_00016,voice
CALL_002717,2022-09-08,PERSON_00017,PERSON_00022,796,PHONE_00017,voice
CALL_002718,2021-08-30,PERSON_00018,PERSON_00051,147,PHONE_00018,voice
CALL_002719,2025-05-14,PERSON_00019,PERSON_00080,60,PHONE_00019,voice
CALL_002720,2023-10-30,PERSON_00020,PERSON_00109,776,PHONE_00020,voice
CALL_002721,2026-01-15,PERSON_00021,PERSON_00401,55,PHONE_00021,voice
CALL_002722,2025-07-28,PERSON_00022,PERSON_00167,488,PHONE_00022,missed
CALL_002723,2021-05-29,PERSON_00023,PERSON_00196,431,PHONE_00023,voice
CALL_002724,2021-03-09,PERSON_00024,PERSON_00225,259,PHONE_00024,missed
CALL_002725,2021-03-01,PERSON_00025,PERSON_00254,217,PHONE_00025,voice
CALL_002726,2021-02-17,PERSON_00026,PERSON_00283,575,PHONE_00026,missed
CALL_002727,2023-06-21,PERSON_00027,PERSON_00312,220,PHONE_00027,missed
CALL_002728,2023-07-13,PERSON_00028,PERSON_00341,373,PHONE_00028,voice
CALL_002729,2025-03-01,PERSON_00029,PERSON_00370,52,PHONE_00029,voice
CALL_002730,2024-11-12,PERSON_00030,PERSON_00399,286,PHONE_00030,voice
CALL_002731,2024-07-14,PERSON_00031,PERSON_00428,760,PHONE_00031,missed
CALL_002732,2023-12-12,PERSON_00032,PERSON_00007,754,PHONE_00032,missed
CALL_002733,2026-02-02,PERSON_00033,PERSON_00036,157,PHONE_00033,voice
CALL_002734,2021-06-01,PERSON_00034,PERSON_00065,453,PHONE_00034,voice
CALL_002735,2021-02-23,PERSON_00035,PERSON_00094,36,PHONE_00035,missed
CALL_002736,2024-08-19,PERSON_00036,PERSON_00123,47,PHONE_00036,missed
CALL_002737,2021-10-21,PERSON_00037,PERSON_00152,450,PHONE_00037,missed
CALL_002738,2021-05-19,PERSON_00038,PERSON_00181,719,PHONE_00038,missed
CALL_002739,2025-11-21,PERSON_00039,PERSON_00210,593,PHONE_00039,voice
CALL_002740,2025-09-18,PERSON_00040,PERSON_00239,266,PHONE_00040,missed
CALL_002741,2021-08-30,PERSON_00041,PERSON_00268,222,PHONE_00041,missed
CALL_002742,2022-01-09,PERSON_00042,PERSON_00297,281,PHONE_00042,missed
CALL_002743,2021-09-25,PERSON_00043,PERSON_00326,681,PHONE_00043,missed
CALL_002744,2021-01-25,PERSON_00044,PERSON_00355,643,PHONE_00044,missed
CALL_002745,2021-02-22,PERSON_00045,PERSON_00384,808,PHONE_00045,voice
CALL_002746,2022-08-08,PERSON_00046,PERSON_00012,79,PHONE_00046,voice
CALL_002747,2023-11-18,PERSON_00047,PERSON_00442,853,PHONE_00047,voice
CALL_002748,2022-08-18,PERSON_00048,PERSON_00021,125,PHONE_00048,voice
CALL_002749,2021-05-07,PERSON_00049,PERSON_00050,632,PHONE_00049,missed
CALL_002750,2025-12-16,PERSON_00050,PERSON_00079,743,PHONE_00050,voice
CALL_002751,2021-06-05,PERSON_00051,PERSON_00108,838,PHONE_00051,voice
CALL_002752,2021-07-20,PERSON_00052,PERSON_00137,627,PHONE_00052,voice
CALL_002753,2023-11-20,PERSON_00053,PERSON_00166,447,PHONE_00053,voice
CALL_002754,2021-04-14,PERSON_00054,PERSON_00195,19,PHONE_00054,missed
CALL_002755,2021-10-02,PERSON_00055,PERSON_00224,281,PHONE_00055,voice
CALL_002756,2022-10-15,PERSON_00056,PERSON_00253,835,PHONE_00056,missed
CALL_002757,2022-05-07,PERSON_00057,PERSON_00282,750,PHONE_00057,missed
CALL_002758,2023-05-20,PERSON_00058,PERSON_00311,267,PHONE_00058,voice
CALL_002759,2021-10-06,PERSON_00059,PERSON_00340,853,PHONE_00059,voice
CALL_002760,2024-10-28,PERSON_00060,PERSON_00369,808,PHONE_00060,voice
CALL_002761,2025-05-28,PERSON_00061,PERSON_00052,172,PHONE_00061,voice
CALL_002762,2023-06-07,PERSON_00062,PERSON_00427,225,PHONE_00062,voice
CALL_002763,2022-11-23,PERSON_00063,PERSON_00006,640,PHONE_00063,voice
CALL_002764,2026-02-23,PERSON_00064,PERSON_00035,321,PHONE_00064,voice
CALL_002765,2022-11-19,PERSON_00065,PERSON_00064,348,PHONE_00065,voice
CALL_002766,2022-06-08,PERSON_00066,PERSON_00093,645,PHONE_00066,voice
CALL_002767,2022-09-23,PERSON_00067,PERSON_00122,836,PHONE_00067,voice
CALL_002768,2024-07-02,PERSON_00068,PERSON_00151,204,PHONE_00068,missed
CALL_002769,2024-03-22,PERSON_00069,PERSON_00180,704,PHONE_00069,voice
CALL_002770,2023-01-31,PERSON_00070,PERSON_00209,778,PHONE_00070,voice
CALL_002771,2023-11-13,PERSON_00071,PERSON_00238,856,PHONE_00071,missed
CALL_002772,2025-08-25,PERSON_00072,PERSON_00267,884,PHONE_00072,voice
CALL_002773,2022-01-23,PERSON_00073,PERSON_00296,248,PHONE_00073,voice
CALL_002774,2024-01-13,PERSON_00074,PERSON_00325,546,PHONE_00074,voice
CALL_002775,2025-11-20,PERSON_00075,PERSON_00354,241,PHONE_00075,voice
CALL_002776,2025-10-29,PERSON_00076,PERSON_00030,178,PHONE_00076,voice
CALL_002777,2022-05-27,PERSON_00077,PERSON_00412,844,PHONE_00077,voice
CALL_002778,2023-08-16,PERSON_00078,PERSON_00441,647,PHONE_00078,missed
CALL_002779,2022-09-25,PERSON_00079,PERSON_00020,815,PHONE_00079,missed
CALL_002780,2024-10-08,PERSON_00080,PERSON_00049,163,PHONE_00080,missed
CALL_002781,2024-08-24,PERSON_00081,PERSON_00288,12,PHONE_00081,missed
CALL_002782,2025-06-25,PERSON_00082,PERSON_00107,628,PHONE_00082,voice
CALL_002783,2025-05-22,PERSON_00083,PERSON_00136,557,PHONE_00083,missed
CALL_002784,2025-12-30,PERSON_00084,PERSON_00165,818,PHONE_00084,voice
CALL_002785,2021-04-27,PERSON_00085,PERSON_00194,116,PHONE_00085,voice
CALL_002786,2024-04-05,PERSON_00086,PERSON_00401,17,PHONE_00086,missed
CALL_002787,2021-11-11,PERSON_00087,PERSON_00252,499,PHONE_00087,voice
CALL_002788,2024-05-12,PERSON_00088,PERSON_00281,328,PHONE_00088,voice
CALL_002789,2024-05-31,PERSON_00089,PERSON_00310,605,PHONE_00089,voice
CALL_002790,2022-09-15,PERSON_00090,PERSON_00339,810,PHONE_00090,voice
CALL_002791,2024-01-17,PERSON_00091,PERSON_00368,54,PHONE_00091,voice
CALL_002792,2025-02-14,PERSON_00092,PERSON_00397,782,PHONE_00092,missed
CALL_002793,2023-09-25,PERSON_00093,PERSON_00426,847,PHONE_00093,missed
CALL_002794,2025-06-03,PERSON_00094,PERSON_00005,693,PHONE_00094,missed
CALL_002795,2024-10-31,PERSON_00095,PERSON_00034,73,PHONE_00095,voice
CALL_002796,2021-05-01,PERSON_00096,PERSON_00063,593,PHONE_00096,voice
CALL_002797,2025-08-30,PERSON_00097,PERSON_00092,247,PHONE_00097,voice
CALL_002798,2024-02-13,PERSON_00098,PERSON_00121,841,PHONE_00098,missed
CALL_002799,2024-02-05,PERSON_00099,PERSON_00150,587,PHONE_00099,voice
CALL_002800,2026-02-18,PERSON_00100,PERSON_00179,117,PHONE_00100,voice
CALL_002801,2026-02-22,PERSON_00101,PERSON_00340,177,PHONE_00101,voice
CALL_002802,2026-01-26,PERSON_00102,PERSON_00237,33,PHONE_00102,voice
CALL_002803,2022-09-07,PERSON_00103,PERSON_00266,93,PHONE_00103,voice
CALL_002804,2025-10-09,PERSON_00104,PERSON_00295,839,PHONE_00104,missed
CALL_002805,2026-05-09,PERSON_00105,PERSON_00324,395,PHONE_00105,voice
CALL_002806,2025-04-01,PERSON_00106,PERSON_00355,10,PHONE_00106,voice
CALL_002807,2024-03-08,PERSON_00107,PERSON_00382,436,PHONE_00107,missed
CALL_002808,2023-04-20,PERSON_00108,PERSON_00411,729,PHONE_00108,missed
CALL_002809,2022-12-09,PERSON_00109,PERSON_00440,433,PHONE_00109,voice
CALL_002810,2025-01-30,PERSON_00110,PERSON_00019,754,PHONE_00110,voice
CALL_002811,2021-01-05,PERSON_00111,PERSON_00048,802,PHONE_00111,voice
CALL_002812,2022-06-30,PERSON_00112,PERSON_00077,839,PHONE_00112,voice
CALL_002813,2021-06-05,PERSON_00113,PERSON_00106,485,PHONE_00113,voice
CALL_002814,2025-05-07,PERSON_00114,PERSON_00135,828,PHONE_00114,missed
CALL_002815,2023-09-25,PERSON_00115,PERSON_00164,90,PHONE_00115,voice
CALL_002816,2023-02-22,PERSON_00116,PERSON_00193,109,PHONE_00116,voice
CALL_002817,2025-09-07,PERSON_00117,PERSON_00222,505,PHONE_00117,missed
CALL_002818,2022-10-10,PERSON_00118,PERSON_00251,467,PHONE_00118,voice
CALL_002819,2025-04-01,PERSON_00119,PERSON_00280,555,PHONE_00119,voice
CALL_002820,2021-03-26,PERSON_00120,PERSON_00309,527,PHONE_00120,voice
CALL_002821,2024-10-05,PERSON_00121,PERSON_00338,743,PHONE_00121,voice
CALL_002822,2025-01-17,PERSON_00122,PERSON_00367,548,PHONE_00122,voice
CALL_002823,2025-11-02,PERSON_00123,PERSON_00396,147,PHONE_00123,missed
CALL_002824,2026-05-25,PERSON_00124,PERSON_00425,529,PHONE_00124,missed
CALL_002825,2023-07-20,PERSON_00125,PERSON_00004,147,PHONE_00125,missed
CALL_002826,2021-09-04,PERSON_00126,PERSON_00401,111,PHONE_00126,voice
CALL_002827,2024-11-05,PERSON_00127,PERSON_00062,663,PHONE_00127,voice
CALL_002828,2023-01-27,PERSON_00128,PERSON_00091,628,PHONE_00128,voice
CALL_002829,2026-04-12,PERSON_00129,PERSON_00120,515,PHONE_00129,voice
CALL_002830,2021-09-04,PERSON_00130,PERSON_00149,381,PHONE_00130,voice
CALL_002831,2025-08-26,PERSON_00131,PERSON_00178,631,PHONE_00131,missed
CALL_002832,2024-08-19,PERSON_00132,PERSON_00207,314,PHONE_00132,voice
CALL_002833,2021-04-29,PERSON_00133,PERSON_00236,236,PHONE_00133,voice
CALL_002834,2023-01-30,PERSON_00134,PERSON_00265,716,PHONE_00134,voice
CALL_002835,2022-04-25,PERSON_00135,PERSON_00294,643,PHONE_00135,missed
CALL_002836,2025-10-22,PERSON_00136,PERSON_00323,754,PHONE_00136,voice
CALL_002837,2022-08-29,PERSON_00137,PERSON_00352,645,PHONE_00137,voice
CALL_002838,2023-04-29,PERSON_00138,PERSON_00381,170,PHONE_00138,voice
CALL_002839,2022-04-27,PERSON_00139,PERSON_00410,801,PHONE_00139,voice
CALL_002840,2026-03-19,PERSON_00140,PERSON_00439,468,PHONE_00140,voice
CALL_002841,2023-01-03,PERSON_00141,PERSON_00038,80,PHONE_00141,missed
CALL_002842,2021-03-12,PERSON_00142,PERSON_00047,440,PHONE_00142,missed
CALL_002843,2026-02-03,PERSON_00143,PERSON_00076,767,PHONE_00143,voice
CALL_002844,2022-05-04,PERSON_00144,PERSON_00105,481,PHONE_00144,voice
CALL_002845,2024-10-26,PERSON_00145,PERSON_00134,627,PHONE_00145,voice
CALL_002846,2022-10-22,PERSON_00146,PERSON_00163,408,PHONE_00146,missed
CALL_002847,2023-05-29,PERSON_00147,PERSON_00192,131,PHONE_00147,missed
CALL_002848,2026-05-15,PERSON_00148,PERSON_00221,857,PHONE_00148,missed
CALL_002849,2024-02-17,PERSON_00149,PERSON_00250,721,PHONE_00149,voice
CALL_002850,2024-02-04,PERSON_00150,PERSON_00279,735,PHONE_00150,voice
CALL_002851,2023-11-03,PERSON_00151,PERSON_00308,395,PHONE_00151,voice
CALL_002852,2025-08-05,PERSON_00152,PERSON_00337,423,PHONE_00152,missed
CALL_002853,2021-09-30,PERSON_00153,PERSON_00366,404,PHONE_00153,voice
CALL_002854,2021-04-01,PERSON_00154,PERSON_00395,48,PHONE_00154,missed
CALL_002855,2022-08-31,PERSON_00155,PERSON_00424,154,PHONE_00155,voice
CALL_002856,2025-12-23,PERSON_00156,PERSON_00245,19,PHONE_00156,voice
CALL_002857,2023-09-13,PERSON_00157,PERSON_00032,313,PHONE_00157,missed
CALL_002858,2023-04-25,PERSON_00158,PERSON_00061,354,PHONE_00158,voice
CALL_002859,2026-01-10,PERSON_00159,PERSON_00090,641,PHONE_00159,voice
CALL_002860,2021-11-21,PERSON_00160,PERSON_00119,401,PHONE_00160,voice
CALL_002861,2023-02-26,PERSON_00161,PERSON_00350,143,PHONE_00161,voice
CALL_002862,2025-05-08,PERSON_00162,PERSON_00177,837,PHONE_00162,voice
CALL_002863,2021-10-08,PERSON_00163,PERSON_00206,412,PHONE_00163,voice
CALL_002864,2025-03-04,PERSON_00164,PERSON_00235,246,PHONE_00164,missed
CALL_002865,2026-06-07,PERSON_00165,PERSON_00264,548,PHONE_00165,voice
CALL_002866,2025-06-19,PERSON_00166,PERSON_00321,120,PHONE_00166,voice
CALL_002867,2021-04-20,PERSON_00167,PERSON_00322,805,PHONE_00167,missed
CALL_002868,2021-07-15,PERSON_00168,PERSON_00351,850,PHONE_00168,voice
CALL_002869,2026-03-28,PERSON_00169,PERSON_00380,397,PHONE_00169,voice
CALL_002870,2021-06-03,PERSON_00170,PERSON_00409,121,PHONE_00170,voice
CALL_002871,2022-04-24,PERSON_00171,PERSON_00256,166,PHONE_00171,voice
CALL_002872,2024-06-26,PERSON_00172,PERSON_00017,201,PHONE_00172,missed
CALL_002873,2022-12-31,PERSON_00173,PERSON_00046,535,PHONE_00173,voice
CALL_002874,2021-03-04,PERSON_00174,PERSON_00075,694,PHONE_00174,missed
CALL_002875,2024-06-03,PERSON_00175,PERSON_00104,455,PHONE_00175,voice
CALL_002876,2025-02-05,PERSON_00176,PERSON_00133,845,PHONE_00176,voice
CALL_002877,2021-05-05,PERSON_00177,PERSON_00162,893,PHONE_00177,missed
CALL_002878,2024-08-15,PERSON_00178,PERSON_00191,606,PHONE_00178,voice
CALL_002879,2025-08-15,PERSON_00179,PERSON_00220,425,PHONE_00179,voice
CALL_002880,2025-08-04,PERSON_00180,PERSON_00249,673,PHONE_00180,voice
CALL_002881,2025-08-22,PERSON_00181,PERSON_00278,633,PHONE_00181,voice
CALL_002882,2021-07-06,PERSON_00182,PERSON_00307,738,PHONE_00182,voice
CALL_002883,2022-06-16,PERSON_00183,PERSON_00336,479,PHONE_00183,voice
CALL_002884,2021-10-15,PERSON_00184,PERSON_00365,143,PHONE_00184,voice
CALL_002885,2024-08-12,PERSON_00185,PERSON_00394,692,PHONE_00185,voice
CALL_002886,2026-05-08,PERSON_00186,PERSON_00423,401,PHONE_00186,voice
CALL_002887,2021-04-19,PERSON_00187,PERSON_00002,140,PHONE_00187,voice
CALL_002888,2023-02-07,PERSON_00188,PERSON_00031,123,PHONE_00188,voice
CALL_002889,2021-11-05,PERSON_00189,PERSON_00060,699,PHONE_00189,voice
CALL_002890,2023-12-28,PERSON_00190,PERSON_00089,299,PHONE_00190,missed
CALL_002891,2022-01-06,PERSON_00191,PERSON_00074,89,PHONE_00191,missed
CALL_002892,2025-07-23,PERSON_00192,PERSON_00147,142,PHONE_00192,missed
CALL_002893,2022-05-10,PERSON_00193,PERSON_00176,98,PHONE_00193,voice
CALL_002894,2021-09-03,PERSON_00194,PERSON_00205,211,PHONE_00194,missed
CALL_002895,2022-11-11,PERSON_00195,PERSON_00234,36,PHONE_00195,missed
CALL_002896,2025-09-29,PERSON_00196,PERSON_00288,12,PHONE_00196,voice
CALL_002897,2021-07-28,PERSON_00197,PERSON_00292,191,PHONE_00197,voice
CALL_002898,2023-07-02,PERSON_00198,PERSON_00321,78,PHONE_00198,voice
CALL_002899,2026-06-18,PERSON_00199,PERSON_00350,577,PHONE_00199,voice
CALL_002900,2023-02-02,PERSON_00200,PERSON_00379,535,PHONE_00200,voice
CALL_002901,2025-12-19,PERSON_00201,PERSON_00408,530,PHONE_00201,missed
CALL_002902,2025-07-21,PERSON_00202,PERSON_00437,784,PHONE_00202,voice
CALL_002903,2025-10-11,PERSON_00203,PERSON_00016,784,PHONE_00203,voice
CALL_002904,2026-04-06,PERSON_00204,PERSON_00045,264,PHONE_00204,voice
CALL_002905,2024-03-18,PERSON_00205,PERSON_00074,284,PHONE_00205,voice
CALL_002906,2024-09-04,PERSON_00206,PERSON_00103,135,PHONE_00206,voice
CALL_002907,2025-03-31,PERSON_00207,PERSON_00132,489,PHONE_00207,voice
CALL_002908,2022-03-23,PERSON_00208,PERSON_00161,692,PHONE_00208,voice
CALL_002909,2021-10-30,PERSON_00209,PERSON_00190,283,PHONE_00209,voice
CALL_002910,2022-10-31,PERSON_00210,PERSON_00219,574,PHONE_00210,missed
CALL_002911,2025-08-11,PERSON_00211,PERSON_00248,22,PHONE_00211,missed
CALL_002912,2023-12-26,PERSON_00212,PERSON_00277,244,PHONE_00212,missed
CALL_002913,2026-06-21,PERSON_00213,PERSON_00306,55,PHONE_00213,voice
CALL_002914,2024-03-18,PERSON_00214,PERSON_00335,701,PHONE_00214,voice
CALL_002915,2024-11-16,PERSON_00215,PERSON_00364,521,PHONE_00215,voice
CALL_002916,2023-11-13,PERSON_00216,PERSON_00156,44,PHONE_00216,voice
CALL_002917,2022-05-15,PERSON_00217,PERSON_00422,95,PHONE_00217,voice
CALL_002918,2026-06-22,PERSON_00218,PERSON_00001,224,PHONE_00218,voice
CALL_002919,2024-12-03,PERSON_00219,PERSON_00030,443,PHONE_00219,missed
CALL_002920,2021-05-05,PERSON_00220,PERSON_00059,531,PHONE_00220,voice
CALL_002921,2026-06-15,PERSON_00221,PERSON_00220,41,PHONE_00221,voice
CALL_002922,2026-01-02,PERSON_00222,PERSON_00117,169,PHONE_00222,missed
CALL_002923,2023-04-08,PERSON_00223,PERSON_00146,706,PHONE_00223,voice
CALL_002924,2023-09-13,PERSON_00224,PERSON_00175,737,PHONE_00224,voice
CALL_002925,2025-10-03,PERSON_00225,PERSON_00204,290,PHONE_00225,voice
CALL_002926,2023-09-09,PERSON_00226,PERSON_00442,147,PHONE_00226,voice
CALL_002927,2024-12-20,PERSON_00227,PERSON_00262,290,PHONE_00227,voice
CALL_002928,2021-08-08,PERSON_00228,PERSON_00291,617,PHONE_00228,voice
CALL_002929,2022-04-27,PERSON_00229,PERSON_00320,793,PHONE_00229,missed
CALL_002930,2026-02-19,PERSON_00230,PERSON_00349,619,PHONE_00230,voice
CALL_002931,2021-11-06,PERSON_00231,PERSON_00093,150,PHONE_00231,voice
CALL_002932,2022-07-21,PERSON_00232,PERSON_00407,710,PHONE_00232,voice
CALL_002933,2024-03-03,PERSON_00233,PERSON_00436,351,PHONE_00233,missed
CALL_002934,2025-07-04,PERSON_00234,PERSON_00015,571,PHONE_00234,voice
CALL_002935,2022-11-24,PERSON_00235,PERSON_00044,445,PHONE_00235,missed
CALL_002936,2021-01-30,PERSON_00236,PERSON_00073,174,PHONE_00236,voice
CALL_002937,2026-01-30,PERSON_00237,PERSON_00102,888,PHONE_00237,voice
CALL_002938,2021-05-30,PERSON_00238,PERSON_00131,895,PHONE_00238,voice
CALL_002939,2025-05-28,PERSON_00239,PERSON_00160,752,PHONE_00239,missed
CALL_002940,2021-11-26,PERSON_00240,PERSON_00189,418,PHONE_00240,missed
CALL_002941,2023-04-30,PERSON_00241,PERSON_00075,121,PHONE_00241,voice
CALL_002942,2025-07-03,PERSON_00242,PERSON_00247,470,PHONE_00242,voice
CALL_002943,2026-04-05,PERSON_00243,PERSON_00276,488,PHONE_00243,voice
CALL_002944,2025-02-21,PERSON_00244,PERSON_00305,825,PHONE_00244,voice
CALL_002945,2026-02-15,PERSON_00245,PERSON_00334,281,PHONE_00245,voice
CALL_002946,2022-04-03,PERSON_00246,PERSON_00363,794,PHONE_00246,voice
CALL_002947,2024-04-13,PERSON_00247,PERSON_00392,768,PHONE_00247,voice
CALL_002948,2025-01-02,PERSON_00248,PERSON_00421,45,PHONE_00248,voice
CALL_002949,2021-10-14,PERSON_00249,PERSON_00450,538,PHONE_00249,voice
CALL_002950,2023-03-03,PERSON_00250,PERSON_00029,748,PHONE_00250,missed
CALL_002951,2025-06-29,PERSON_00251,PERSON_00058,772,PHONE_00251,voice
CALL_002952,2025-01-23,PERSON_00252,PERSON_00087,691,PHONE_00252,voice
CALL_002953,2022-01-27,PERSON_00253,PERSON_00116,191,PHONE_00253,voice
CALL_002954,2024-04-09,PERSON_00254,PERSON_00145,105,PHONE_00254,voice
CALL_002955,2022-04-11,PERSON_00255,PERSON_00174,451,PHONE_00255,voice
CALL_002956,2021-06-22,PERSON_00256,PERSON_00038,147,PHONE_00256,missed
CALL_002957,2022-06-26,PERSON_00257,PERSON_00232,417,PHONE_00257,missed
CALL_002958,2023-05-25,PERSON_00258,PERSON_00261,286,PHONE_00258,voice
CALL_002959,2024-01-13,PERSON_00259,PERSON_00290,842,PHONE_00259,voice
CALL_002960,2025-06-30,PERSON_00260,PERSON_00319,450,PHONE_00260,missed
CALL_002961,2025-03-22,PERSON_00261,PERSON_00348,741,PHONE_00261,missed
CALL_002962,2023-07-18,PERSON_00262,PERSON_00377,199,PHONE_00262,voice
CALL_002963,2025-11-05,PERSON_00263,PERSON_00406,229,PHONE_00263,missed
CALL_002964,2023-03-02,PERSON_00264,PERSON_00435,94,PHONE_00264,missed
CALL_002965,2024-12-08,PERSON_00265,PERSON_00014,254,PHONE_00265,voice
CALL_002966,2023-04-29,PERSON_00266,PERSON_00043,347,PHONE_00266,voice
CALL_002967,2026-05-17,PERSON_00267,PERSON_00072,716,PHONE_00267,voice
CALL_002968,2024-12-13,PERSON_00268,PERSON_00101,614,PHONE_00268,voice
CALL_002969,2021-03-18,PERSON_00269,PERSON_00130,213,PHONE_00269,voice
CALL_002970,2022-10-25,PERSON_00270,PERSON_00159,424,PHONE_00270,voice
CALL_002971,2022-08-26,PERSON_00271,PERSON_00171,166,PHONE_00271,voice
CALL_002972,2022-01-11,PERSON_00272,PERSON_00217,802,PHONE_00272,voice
CALL_002973,2026-01-01,PERSON_00273,PERSON_00246,838,PHONE_00273,voice
CALL_002974,2026-01-19,PERSON_00274,PERSON_00275,145,PHONE_00274,voice
CALL_002975,2026-01-14,PERSON_00275,PERSON_00304,369,PHONE_00275,voice
CALL_002976,2025-10-23,PERSON_00276,PERSON_00333,329,PHONE_00276,voice
CALL_002977,2024-09-06,PERSON_00277,PERSON_00362,475,PHONE_00277,voice
CALL_002978,2024-11-25,PERSON_00278,PERSON_00391,788,PHONE_00278,voice
CALL_002979,2023-09-23,PERSON_00279,PERSON_00420,686,PHONE_00279,voice
CALL_002980,2022-04-27,PERSON_00280,PERSON_00449,97,PHONE_00280,missed
CALL_002981,2022-06-06,PERSON_00281,PERSON_00028,766,PHONE_00281,missed
CALL_002982,2025-03-16,PERSON_00282,PERSON_00057,213,PHONE_00282,voice
CALL_002983,2021-09-17,PERSON_00283,PERSON_00086,848,PHONE_00283,voice
CALL_002984,2023-02-07,PERSON_00284,PERSON_00115,379,PHONE_00284,missed
CALL_002985,2023-10-26,PERSON_00285,PERSON_00144,657,PHONE_00285,voice
CALL_002986,2025-05-31,PERSON_00286,PERSON_00202,13,PHONE_00286,missed
CALL_002987,2021-01-31,PERSON_00287,PERSON_00202,868,PHONE_00287,voice
CALL_002988,2021-09-23,PERSON_00288,PERSON_00231,781,PHONE_00288,voice
CALL_002989,2026-06-13,PERSON_00289,PERSON_00260,734,PHONE_00289,voice
CALL_002990,2021-10-24,PERSON_00290,PERSON_00289,17,PHONE_00290,voice
CALL_002991,2021-12-20,PERSON_00291,PERSON_00065,31,PHONE_00291,voice
CALL_002992,2025-01-18,PERSON_00292,PERSON_00347,389,PHONE_00292,voice
CALL_002993,2023-11-03,PERSON_00293,PERSON_00376,605,PHONE_00293,voice
CALL_002994,2022-07-06,PERSON_00294,PERSON_00405,749,PHONE_00294,voice
CALL_002995,2023-04-23,PERSON_00295,PERSON_00434,147,PHONE_00295,missed
CALL_002996,2021-02-09,PERSON_00296,PERSON_00013,761,PHONE_00296,missed
CALL_002997,2021-05-18,PERSON_00297,PERSON_00042,463,PHONE_00297,missed
CALL_002998,2023-07-26,PERSON_00298,PERSON_00071,648,PHONE_00298,voice
CALL_002999,2025-06-25,PERSON_00299,PERSON_00100,271,PHONE_00299,voice
CALL_003000,2021-12-05,PERSON_00300,PERSON_00129,702,PHONE_00300,missed
CALL_003001,2024-06-13,PERSON_00301,PERSON_00144,153,PHONE_00301,voice
CALL_003002,2024-06-15,PERSON_00302,PERSON_00187,194,PHONE_00302,voice
CALL_003003,2025-09-25,PERSON_00303,PERSON_00216,577,PHONE_00303,voice
CALL_003004,2026-02-14,PERSON_00304,PERSON_00245,751,PHONE_00304,missed
CALL_003005,2025-11-23,PERSON_00305,PERSON_00274,423,PHONE_00305,voice
CALL_003006,2021-04-28,PERSON_00306,PERSON_00303,154,PHONE_00306,voice
CALL_003007,2021-06-03,PERSON_00307,PERSON_00332,667,PHONE_00307,voice
CALL_003008,2022-07-21,PERSON_00308,PERSON_00361,809,PHONE_00308,voice
CALL_003009,2025-12-08,PERSON_00309,PERSON_00390,772,PHONE_00309,voice
CALL_003010,2021-11-28,PERSON_00310,PERSON_00419,702,PHONE_00310,voice
CALL_003011,2021-11-07,PERSON_00311,PERSON_00448,278,PHONE_00311,voice
CALL_003012,2022-12-13,PERSON_00312,PERSON_00027,276,PHONE_00312,voice
CALL_003013,2025-08-01,PERSON_00313,PERSON_00056,25,PHONE_00313,voice
CALL_003014,2024-06-02,PERSON_00314,PERSON_00085,450,PHONE_00314,voice
CALL_003015,2026-01-21,PERSON_00315,PERSON_00114,306,PHONE_00315,voice
CALL_003016,2021-05-01,PERSON_00316,PERSON_00143,416,PHONE_00316,voice
CALL_003017,2022-03-01,PERSON_00317,PERSON_00172,259,PHONE_00317,voice
CALL_003018,2025-03-05,PERSON_00318,PERSON_00201,836,PHONE_00318,missed
CALL_003019,2022-10-31,PERSON_00319,PERSON_00230,100,PHONE_00319,voice
CALL_003020,2025-05-04,PERSON_00320,PERSON_00259,270,PHONE_00320,voice
CALL_003021,2024-10-28,PERSON_00321,PERSON_00202,168,PHONE_00321,voice
CALL_003022,2026-01-06,PERSON_00322,PERSON_00317,836,PHONE_00322,voice
CALL_003023,2026-01-15,PERSON_00323,PERSON_00346,743,PHONE_00323,missed
CALL_003024,2025-01-31,PERSON_00324,PERSON_00375,544,PHONE_00324,voice
CALL_003025,2025-09-22,PERSON_00325,PERSON_00404,786,PHONE_00325,voice
CALL_003026,2022-04-14,PERSON_00326,PERSON_00433,158,PHONE_00326,voice
CALL_003027,2024-09-17,PERSON_00327,PERSON_00012,630,PHONE_00327,voice
CALL_003028,2022-05-30,PERSON_00328,PERSON_00041,809,PHONE_00328,voice
CALL_003029,2021-12-26,PERSON_00329,PERSON_00070,33,PHONE_00329,missed
CALL_003030,2023-09-30,PERSON_00330,PERSON_00099,552,PHONE_00330,voice
CALL_003031,2021-12-04,PERSON_00331,PERSON_00118,48,PHONE_00331,missed
CALL_003032,2025-11-21,PERSON_00332,PERSON_00157,724,PHONE_00332,voice
CALL_003033,2021-06-10,PERSON_00333,PERSON_00186,515,PHONE_00333,missed
CALL_003034,2023-05-01,PERSON_00334,PERSON_00215,471,PHONE_00334,voice
CALL_003035,2021-10-03,PERSON_00335,PERSON_00244,532,PHONE_00335,voice
CALL_003036,2022-10-30,PERSON_00336,PERSON_00389,115,PHONE_00336,voice
CALL_003037,2026-01-03,PERSON_00337,PERSON_00302,86,PHONE_00337,voice
CALL_003038,2021-01-23,PERSON_00338,PERSON_00331,503,PHONE_00338,voice
CALL_003039,2025-03-06,PERSON_00339,PERSON_00360,825,PHONE_00339,voice
CALL_003040,2021-02-03,PERSON_00340,PERSON_00389,559,PHONE_00340,missed
CALL_003041,2024-08-07,PERSON_00341,PERSON_00418,159,PHONE_00341,missed
CALL_003042,2021-08-19,PERSON_00342,PERSON_00447,283,PHONE_00342,voice
CALL_003043,2025-11-08,PERSON_00343,PERSON_00026,120,PHONE_00343,missed
CALL_003044,2025-07-02,PERSON_00344,PERSON_00055,532,PHONE_00344,missed
CALL_003045,2024-06-14,PERSON_00345,PERSON_00084,426,PHONE_00345,voice
CALL_003046,2024-02-11,PERSON_00346,PERSON_00113,118,PHONE_00346,voice
CALL_003047,2026-01-25,PERSON_00347,PERSON_00142,564,PHONE_00347,missed
CALL_003048,2024-02-19,PERSON_00348,PERSON_00171,296,PHONE_00348,voice
CALL_003049,2023-07-14,PERSON_00349,PERSON_00200,596,PHONE_00349,voice
CALL_003050,2025-03-24,PERSON_00350,PERSON_00229,423,PHONE_00350,missed
CALL_003051,2022-03-04,PERSON_00351,PERSON_00258,722,PHONE_00351,voice
CALL_003052,2024-05-30,PERSON_00352,PERSON_00287,342,PHONE_00352,voice
CALL_003053,2025-12-13,PERSON_00353,PERSON_00316,551,PHONE_00353,missed
CALL_003054,2021-02-15,PERSON_00354,PERSON_00345,718,PHONE_00354,missed
CALL_003055,2022-01-12,PERSON_00355,PERSON_00374,823,PHONE_00355,voice
CALL_003056,2026-06-29,PERSON_00356,PERSON_00403,280,PHONE_00356,voice
CALL_003057,2024-02-10,PERSON_00357,PERSON_00432,815,PHONE_00357,voice
CALL_003058,2022-12-31,PERSON_00358,PERSON_00011,91,PHONE_00358,voice
CALL_003059,2025-11-16,PERSON_00359,PERSON_00040,292,PHONE_00359,voice
CALL_003060,2024-05-08,PERSON_00360,PERSON_00069,298,PHONE_00360,missed
CALL_003061,2021-04-28,PERSON_00361,PERSON_00098,796,PHONE_00361,missed
CALL_003062,2021-11-06,PERSON_00362,PERSON_00127,93,PHONE_00362,voice
CALL_003063,2024-02-11,PERSON_00363,PERSON_00156,608,PHONE_00363,missed
CALL_003064,2022-06-08,PERSON_00364,PERSON_00185,515,PHONE_00364,voice
CALL_003065,2025-03-22,PERSON_00365,PERSON_00214,184,PHONE_00365,voice
CALL_003066,2025-04-25,PERSON_00366,PERSON_00006,89,PHONE_00366,voice
CALL_003067,2026-04-26,PERSON_00367,PERSON_00272,703,PHONE_00367,missed
CALL_003068,2025-11-29,PERSON_00368,PERSON_00301,475,PHONE_00368,missed
CALL_003069,2023-11-02,PERSON_00369,PERSON_00330,581,PHONE_00369,voice
CALL_003070,2023-02-05,PERSON_00370,PERSON_00359,459,PHONE_00370,voice
CALL_003071,2022-09-18,PERSON_00371,PERSON_00287,136,PHONE_00371,missed
CALL_003072,2026-05-13,PERSON_00372,PERSON_00417,792,PHONE_00372,voice
CALL_003073,2024-07-07,PERSON_00373,PERSON_00446,102,PHONE_00373,voice
CALL_003074,2025-07-22,PERSON_00374,PERSON_00025,409,PHONE_00374,voice
CALL_003075,2023-04-20,PERSON_00375,PERSON_00054,578,PHONE_00375,missed
CALL_003076,2024-03-23,PERSON_00376,PERSON_00331,116,PHONE_00376,missed
CALL_003077,2021-06-28,PERSON_00377,PERSON_00112,720,PHONE_00377,voice
CALL_003078,2022-02-18,PERSON_00378,PERSON_00141,326,PHONE_00378,missed
CALL_003079,2021-11-06,PERSON_00379,PERSON_00170,684,PHONE_00379,missed
CALL_003080,2022-11-16,PERSON_00380,PERSON_00199,257,PHONE_00380,missed
CALL_003081,2022-02-13,PERSON_00381,PERSON_00030,57,PHONE_00381,missed
CALL_003082,2026-06-18,PERSON_00382,PERSON_00257,41,PHONE_00382,voice
CALL_003083,2026-01-23,PERSON_00383,PERSON_00286,322,PHONE_00383,missed
CALL_003084,2024-05-10,PERSON_00384,PERSON_00315,142,PHONE_00384,missed
CALL_003085,2026-06-05,PERSON_00385,PERSON_00344,171,PHONE_00385,voice
CALL_003086,2024-09-11,PERSON_00386,PERSON_00373,437,PHONE_00386,voice
CALL_003087,2021-06-25,PERSON_00387,PERSON_00402,41,PHONE_00387,missed
CALL_003088,2026-01-10,PERSON_00388,PERSON_00431,172,PHONE_00388,missed
CALL_003089,2022-12-13,PERSON_00389,PERSON_00010,870,PHONE_00389,missed
CALL_003090,2021-04-27,PERSON_00390,PERSON_00039,366,PHONE_00390,voice
CALL_003091,2025-07-02,PERSON_00391,PERSON_00052,79,PHONE_00391,voice
CALL_003092,2024-10-13,PERSON_00392,PERSON_00097,875,PHONE_00392,voice
CALL_003093,2023-07-05,PERSON_00393,PERSON_00126,136,PHONE_00393,voice
CALL_003094,2025-11-17,PERSON_00394,PERSON_00155,471,PHONE_00394,voice
CALL_003095,2021-02-24,PERSON_00395,PERSON_00184,720,PHONE_00395,voice
CALL_003096,2024-08-25,PERSON_00396,PERSON_00213,796,PHONE_00396,voice
CALL_003097,2022-06-23,PERSON_00397,PERSON_00242,289,PHONE_00397,missed
CALL_003098,2023-07-16,PERSON_00398,PERSON_00271,248,PHONE_00398,missed
CALL_003099,2024-03-06,PERSON_00399,PERSON_00300,725,PHONE_00399,missed
CALL_003100,2021-04-23,PERSON_00400,PERSON_00329,294,PHONE_00400,voice
CALL_003101,2026-01-01,PERSON_00401,PERSON_00014,47,PHONE_00401,missed
CALL_003102,2022-06-21,PERSON_00402,PERSON_00387,157,PHONE_00402,voice
CALL_003103,2021-10-08,PERSON_00403,PERSON_00416,859,PHONE_00403,voice
CALL_003104,2024-08-20,PERSON_00404,PERSON_00445,810,PHONE_00404,missed
CALL_003105,2024-05-18,PERSON_00405,PERSON_00024,104,PHONE_00405,voice
CALL_003106,2022-08-25,PERSON_00406,PERSON_00439,118,PHONE_00406,missed
CALL_003107,2023-06-26,PERSON_00407,PERSON_00082,629,PHONE_00407,missed
CALL_003108,2024-11-11,PERSON_00408,PERSON_00111,368,PHONE_00408,missed
CALL_003109,2024-05-26,PERSON_00409,PERSON_00140,79,PHONE_00409,missed
CALL_003110,2021-12-22,PERSON_00410,PERSON_00169,272,PHONE_00410,missed
CALL_003111,2024-04-08,PERSON_00411,PERSON_00439,108,PHONE_00411,voice
CALL_003112,2025-04-28,PERSON_00412,PERSON_00227,131,PHONE_00412,voice
CALL_003113,2024-11-19,PERSON_00413,PERSON_00256,132,PHONE_00413,voice
CALL_003114,2021-09-01,PERSON_00414,PERSON_00285,466,PHONE_00414,missed
CALL_003115,2022-12-28,PERSON_00415,PERSON_00314,429,PHONE_00415,voice
CALL_003116,2023-08-21,PERSON_00416,PERSON_00343,776,PHONE_00416,missed
CALL_003117,2023-03-27,PERSON_00417,PERSON_00372,551,PHONE_00417,voice
CALL_003118,2022-05-04,PERSON_00418,PERSON_00401,91,PHONE_00418,voice
CALL_003119,2022-03-28,PERSON_00419,PERSON_00430,75,PHONE_00419,missed
CALL_003120,2023-09-13,PERSON_00420,PERSON_00009,799,PHONE_00420,voice
CALL_003121,2023-02-16,PERSON_00421,PERSON_00038,632,PHONE_00421,voice
CALL_003122,2022-01-02,PERSON_00422,PERSON_00067,753,PHONE_00422,voice
CALL_003123,2025-01-22,PERSON_00423,PERSON_00096,79,PHONE_00423,missed
CALL_003124,2024-05-17,PERSON_00424,PERSON_00125,280,PHONE_00424,missed
CALL_003125,2021-07-08,PERSON_00425,PERSON_00154,335,PHONE_00425,missed
CALL_003126,2023-11-01,PERSON_00426,PERSON_00183,206,PHONE_00426,voice
CALL_003127,2023-02-12,PERSON_00427,PERSON_00212,29,PHONE_00427,missed
CALL_003128,2024-08-29,PERSON_00428,PERSON_00241,738,PHONE_00428,voice
CALL_003129,2025-08-08,PERSON_00429,PERSON_00270,73,PHONE_00429,voice
CALL_003130,2026-05-26,PERSON_00430,PERSON_00299,624,PHONE_00430,voice
CALL_003131,2026-01-21,PERSON_00431,PERSON_00328,841,PHONE_00431,missed
CALL_003132,2024-05-15,PERSON_00432,PERSON_00357,242,PHONE_00432,missed
CALL_003133,2025-10-05,PERSON_00433,PERSON_00386,111,PHONE_00433,voice
CALL_003134,2024-06-06,PERSON_00434,PERSON_00415,271,PHONE_00434,voice
CALL_003135,2024-03-13,PERSON_00435,PERSON_00444,574,PHONE_00435,voice
CALL_003136,2026-01-11,PERSON_00436,PERSON_00118,123,PHONE_00436,voice
CALL_003137,2021-08-05,PERSON_00437,PERSON_00052,740,PHONE_00437,voice
CALL_003138,2022-07-09,PERSON_00438,PERSON_00081,487,PHONE_00438,voice
CALL_003139,2025-11-03,PERSON_00439,PERSON_00110,209,PHONE_00439,missed
CALL_003140,2023-11-05,PERSON_00440,PERSON_00139,842,PHONE_00440,voice
CALL_003141,2023-10-29,PERSON_00441,PERSON_00168,265,PHONE_00441,missed
CALL_003142,2022-01-10,PERSON_00442,PERSON_00197,876,PHONE_00442,voice
CALL_003143,2022-08-06,PERSON_00443,PERSON_00226,125,PHONE_00443,voice
CALL_003144,2025-11-23,PERSON_00444,PERSON_00255,496,PHONE_00444,missed
CALL_003145,2022-02-10,PERSON_00445,PERSON_00284,392,PHONE_00445,voice
CALL_003146,2026-05-29,PERSON_00446,PERSON_00313,730,PHONE_00446,voice
CALL_003147,2025-06-15,PERSON_00447,PERSON_00342,273,PHONE_00447,voice
CALL_003148,2021-01-16,PERSON_00448,PERSON_00371,604,PHONE_00448,voice
CALL_003149,2022-06-23,PERSON_00449,PERSON_00400,81,PHONE_00449,missed
CALL_003150,2022-09-15,PERSON_00450,PERSON_00429,75,PHONE_00450,voice
CALL_003151,2024-03-14,PERSON_00001,PERSON_00008,557,PHONE_00001,voice
CALL_003152,2023-10-01,PERSON_00002,PERSON_00037,816,PHONE_00002,voice
CALL_003153,2023-08-23,PERSON_00003,PERSON_00066,467,PHONE_00003,missed
CALL_003154,2023-02-24,PERSON_00004,PERSON_00095,580,PHONE_00004,missed
CALL_003155,2025-04-11,PERSON_00005,PERSON_00124,638,PHONE_00005,voice
CALL_003156,2024-08-13,PERSON_00006,PERSON_00256,77,PHONE_00006,missed
CALL_003157,2023-09-17,PERSON_00007,PERSON_00182,812,PHONE_00007,missed
CALL_003158,2024-12-07,PERSON_00008,PERSON_00211,160,PHONE_00008,missed
CALL_003159,2026-06-09,PERSON_00009,PERSON_00240,409,PHONE_00009,voice
CALL_003160,2022-07-30,PERSON_00010,PERSON_00269,892,PHONE_00010,missed
CALL_003161,2021-06-30,PERSON_00011,PERSON_00298,400,PHONE_00011,voice
CALL_003162,2025-08-14,PERSON_00012,PERSON_00327,636,PHONE_00012,missed
CALL_003163,2024-09-11,PERSON_00013,PERSON_00356,116,PHONE_00013,voice
CALL_003164,2023-07-25,PERSON_00014,PERSON_00385,509,PHONE_00014,missed
CALL_003165,2024-05-24,PERSON_00015,PERSON_00414,755,PHONE_00015,missed
CALL_003166,2021-01-16,PERSON_00016,PERSON_00340,32,PHONE_00016,voice
CALL_003167,2024-03-26,PERSON_00017,PERSON_00022,898,PHONE_00017,voice
CALL_003168,2023-12-16,PERSON_00018,PERSON_00051,382,PHONE_00018,missed
CALL_003169,2021-05-23,PERSON_00019,PERSON_00080,382,PHONE_00019,voice
CALL_003170,2022-10-23,PERSON_00020,PERSON_00109,681,PHONE_00020,missed
CALL_003171,2023-12-27,PERSON_00021,PERSON_00101,97,PHONE_00021,voice
CALL_003172,2026-02-23,PERSON_00022,PERSON_00167,256,PHONE_00022,missed
CALL_003173,2023-09-16,PERSON_00023,PERSON_00196,439,PHONE_00023,voice
CALL_003174,2026-01-05,PERSON_00024,PERSON_00225,707,PHONE_00024,missed
CALL_003175,2023-03-16,PERSON_00025,PERSON_00254,844,PHONE_00025,voice
CALL_003176,2022-05-21,PERSON_00026,PERSON_00283,752,PHONE_00026,voice
CALL_003177,2023-09-16,PERSON_00027,PERSON_00312,613,PHONE_00027,voice
CALL_003178,2024-12-10,PERSON_00028,PERSON_00341,387,PHONE_00028,voice
CALL_003179,2023-04-16,PERSON_00029,PERSON_00370,667,PHONE_00029,voice
CALL_003180,2026-04-26,PERSON_00030,PERSON_00399,307,PHONE_00030,voice
CALL_003181,2025-06-02,PERSON_00031,PERSON_00428,358,PHONE_00031,voice
CALL_003182,2025-01-12,PERSON_00032,PERSON_00007,356,PHONE_00032,missed
CALL_003183,2025-10-29,PERSON_00033,PERSON_00036,428,PHONE_00033,voice
CALL_003184,2024-09-18,PERSON_00034,PERSON_00065,479,PHONE_00034,voice
CALL_003185,2024-05-16,PERSON_00035,PERSON_00094,205,PHONE_00035,voice
CALL_003186,2026-04-15,PERSON_00036,PERSON_00123,462,PHONE_00036,missed
CALL_003187,2024-07-14,PERSON_00037,PERSON_00152,132,PHONE_00037,voice
CALL_003188,2021-11-05,PERSON_00038,PERSON_00181,405,PHONE_00038,voice
CALL_003189,2023-04-18,PERSON_00039,PERSON_00210,591,PHONE_00039,missed
CALL_003190,2025-08-22,PERSON_00040,PERSON_00239,26,PHONE_00040,missed
CALL_003191,2025-01-04,PERSON_00041,PERSON_00268,197,PHONE_00041,voice
CALL_003192,2026-04-18,PERSON_00042,PERSON_00297,615,PHONE_00042,voice
CALL_003193,2022-06-16,PERSON_00043,PERSON_00326,705,PHONE_00043,voice
CALL_003194,2021-03-04,PERSON_00044,PERSON_00355,655,PHONE_00044,voice
CALL_003195,2022-09-14,PERSON_00045,PERSON_00384,418,PHONE_00045,voice
CALL_003196,2021-11-05,PERSON_00046,PERSON_00209,124,PHONE_00046,missed
CALL_003197,2023-12-31,PERSON_00047,PERSON_00442,79,PHONE_00047,voice
CALL_003198,2025-06-11,PERSON_00048,PERSON_00021,158,PHONE_00048,missed
CALL_003199,2021-12-31,PERSON_00049,PERSON_00050,824,PHONE_00049,missed
CALL_003200,2021-10-28,PERSON_00050,PERSON_00079,193,PHONE_00050,voice
CALL_003201,2025-09-29,PERSON_00051,PERSON_00108,861,PHONE_00051,voice
CALL_003202,2022-04-21,PERSON_00052,PERSON_00137,126,PHONE_00052,voice
CALL_003203,2023-06-24,PERSON_00053,PERSON_00166,117,PHONE_00053,voice
CALL_003204,2022-08-21,PERSON_00054,PERSON_00195,329,PHONE_00054,missed
CALL_003205,2024-03-14,PERSON_00055,PERSON_00224,647,PHONE_00055,voice
CALL_003206,2023-01-12,PERSON_00056,PERSON_00253,842,PHONE_00056,missed
CALL_003207,2023-06-23,PERSON_00057,PERSON_00282,188,PHONE_00057,voice
CALL_003208,2022-09-17,PERSON_00058,PERSON_00311,239,PHONE_00058,missed
CALL_003209,2021-01-31,PERSON_00059,PERSON_00340,363,PHONE_00059,voice
CALL_003210,2026-04-14,PERSON_00060,PERSON_00369,391,PHONE_00060,voice
CALL_003211,2021-04-22,PERSON_00061,PERSON_00159,68,PHONE_00061,voice
CALL_003212,2023-10-31,PERSON_00062,PERSON_00427,420,PHONE_00062,missed
CALL_003213,2023-08-21,PERSON_00063,PERSON_00006,542,PHONE_00063,voice
CALL_003214,2021-12-26,PERSON_00064,PERSON_00035,92,PHONE_00064,missed
CALL_003215,2025-05-23,PERSON_00065,PERSON_00064,654,PHONE_00065,missed
CALL_003216,2026-02-01,PERSON_00066,PERSON_00093,755,PHONE_00066,voice
CALL_003217,2026-03-09,PERSON_00067,PERSON_00122,749,PHONE_00067,voice
CALL_003218,2024-07-22,PERSON_00068,PERSON_00151,451,PHONE_00068,missed
CALL_003219,2023-02-28,PERSON_00069,PERSON_00180,564,PHONE_00069,voice
CALL_003220,2021-05-04,PERSON_00070,PERSON_00209,656,PHONE_00070,missed
CALL_003221,2023-03-10,PERSON_00071,PERSON_00238,217,PHONE_00071,voice
CALL_003222,2022-08-16,PERSON_00072,PERSON_00267,819,PHONE_00072,voice
CALL_003223,2023-01-06,PERSON_00073,PERSON_00296,18,PHONE_00073,voice
CALL_003224,2026-04-08,PERSON_00074,PERSON_00325,432,PHONE_00074,voice
CALL_003225,2023-08-08,PERSON_00075,PERSON_00354,787,PHONE_00075,voice
CALL_003226,2021-12-23,PERSON_00076,PERSON_00329,68,PHONE_00076,voice
CALL_003227,2024-11-17,PERSON_00077,PERSON_00412,569,PHONE_00077,missed
CALL_003228,2023-05-23,PERSON_00078,PERSON_00441,603,PHONE_00078,voice
CALL_003229,2024-03-31,PERSON_00079,PERSON_00020,261,PHONE_00079,voice
CALL_003230,2025-07-22,PERSON_00080,PERSON_00049,159,PHONE_00080,missed
CALL_003231,2021-11-14,PERSON_00081,PERSON_00290,130,PHONE_00081,missed
CALL_003232,2022-12-21,PERSON_00082,PERSON_00107,369,PHONE_00082,voice
CALL_003233,2026-06-02,PERSON_00083,PERSON_00136,77,PHONE_00083,voice
CALL_003234,2021-07-29,PERSON_00084,PERSON_00165,824,PHONE_00084,voice
CALL_003235,2022-05-04,PERSON_00085,PERSON_00194,240,PHONE_00085,voice
CALL_003236,2025-06-13,PERSON_00086,PERSON_00110,134,PHONE_00086,voice
CALL_003237,2023-11-08,PERSON_00087,PERSON_00252,41,PHONE_00087,missed
CALL_003238,2024-08-09,PERSON_00088,PERSON_00281,257,PHONE_00088,voice
CALL_003239,2021-08-15,PERSON_00089,PERSON_00310,737,PHONE_00089,missed
CALL_003240,2023-03-01,PERSON_00090,PERSON_00339,687,PHONE_00090,voice
CALL_003241,2023-07-02,PERSON_00091,PERSON_00368,103,PHONE_00091,voice
CALL_003242,2021-10-11,PERSON_00092,PERSON_00397,720,PHONE_00092,missed
CALL_003243,2022-08-11,PERSON_00093,PERSON_00426,331,PHONE_00093,voice
CALL_003244,2022-11-24,PERSON_00094,PERSON_00005,66,PHONE_00094,voice
CALL_003245,2025-12-16,PERSON_00095,PERSON_00034,790,PHONE_00095,voice
CALL_003246,2024-02-28,PERSON_00096,PERSON_00063,553,PHONE_00096,voice
CALL_003247,2023-08-27,PERSON_00097,PERSON_00092,82,PHONE_00097,voice
CALL_003248,2023-07-17,PERSON_00098,PERSON_00121,760,PHONE_00098,missed
CALL_003249,2025-12-09,PERSON_00099,PERSON_00150,566,PHONE_00099,missed
CALL_003250,2021-06-30,PERSON_00100,PERSON_00179,335,PHONE_00100,voice
CALL_003251,2024-07-09,PERSON_00101,PERSON_00268,77,PHONE_00101,voice
CALL_003252,2025-11-28,PERSON_00102,PERSON_00237,660,PHONE_00102,missed
CALL_003253,2022-04-01,PERSON_00103,PERSON_00266,96,PHONE_00103,missed
CALL_003254,2022-12-15,PERSON_00104,PERSON_00295,858,PHONE_00104,voice
CALL_003255,2022-04-05,PERSON_00105,PERSON_00324,220,PHONE_00105,voice
CALL_003256,2022-03-17,PERSON_00106,PERSON_00030,79,PHONE_00106,voice
CALL_003257,2025-07-19,PERSON_00107,PERSON_00382,99,PHONE_00107,missed
CALL_003258,2026-01-21,PERSON_00108,PERSON_00411,860,PHONE_00108,voice
CALL_003259,2023-10-16,PERSON_00109,PERSON_00440,686,PHONE_00109,missed
CALL_003260,2025-08-22,PERSON_00110,PERSON_00019,841,PHONE_00110,voice
CALL_003261,2021-02-03,PERSON_00111,PERSON_00048,386,PHONE_00111,voice
CALL_003262,2025-11-12,PERSON_00112,PERSON_00077,723,PHONE_00112,missed
CALL_003263,2021-04-29,PERSON_00113,PERSON_00106,679,PHONE_00113,missed
CALL_003264,2023-09-27,PERSON_00114,PERSON_00135,449,PHONE_00114,voice
CALL_003265,2025-02-21,PERSON_00115,PERSON_00164,35,PHONE_00115,voice
CALL_003266,2025-02-19,PERSON_00116,PERSON_00193,593,PHONE_00116,voice
CALL_003267,2024-11-16,PERSON_00117,PERSON_00222,461,PHONE_00117,missed
CALL_003268,2025-05-05,PERSON_00118,PERSON_00251,846,PHONE_00118,voice
CALL_003269,2025-08-07,PERSON_00119,PERSON_00280,813,PHONE_00119,voice
CALL_003270,2022-11-23,PERSON_00120,PERSON_00309,147,PHONE_00120,voice
CALL_003271,2022-06-06,PERSON_00121,PERSON_00338,581,PHONE_00121,voice
CALL_003272,2024-03-06,PERSON_00122,PERSON_00367,347,PHONE_00122,missed
CALL_003273,2021-09-13,PERSON_00123,PERSON_00396,526,PHONE_00123,voice
CALL_003274,2023-01-16,PERSON_00124,PERSON_00425,885,PHONE_00124,voice
CALL_003275,2026-04-02,PERSON_00125,PERSON_00004,262,PHONE_00125,voice
CALL_003276,2024-08-01,PERSON_00126,PERSON_00018,45,PHONE_00126,voice
CALL_003277,2023-01-09,PERSON_00127,PERSON_00062,734,PHONE_00127,missed
CALL_003278,2026-01-28,PERSON_00128,PERSON_00091,236,PHONE_00128,voice
CALL_003279,2021-06-03,PERSON_00129,PERSON_00120,475,PHONE_00129,voice
CALL_003280,2025-04-14,PERSON_00130,PERSON_00149,435,PHONE_00130,voice
CALL_003281,2023-03-23,PERSON_00131,PERSON_00178,344,PHONE_00131,voice
CALL_003282,2023-10-04,PERSON_00132,PERSON_00207,832,PHONE_00132,voice
CALL_003283,2021-11-16,PERSON_00133,PERSON_00236,515,PHONE_00133,voice
CALL_003284,2023-03-09,PERSON_00134,PERSON_00265,511,PHONE_00134,voice
CALL_003285,2024-02-13,PERSON_00135,PERSON_00294,606,PHONE_00135,voice
CALL_003286,2021-12-29,PERSON_00136,PERSON_00323,309,PHONE_00136,missed
CALL_003287,2022-11-07,PERSON_00137,PERSON_00352,864,PHONE_00137,voice
CALL_003288,2025-09-17,PERSON_00138,PERSON_00381,310,PHONE_00138,missed
CALL_003289,2021-07-14,PERSON_00139,PERSON_00410,782,PHONE_00139,voice
CALL_003290,2022-09-13,PERSON_00140,PERSON_00439,111,PHONE_00140,voice
CALL_003291,2021-10-29,PERSON_00141,PERSON_00194,148,PHONE_00141,voice
CALL_003292,2021-10-15,PERSON_00142,PERSON_00047,202,PHONE_00142,voice
CALL_003293,2025-05-11,PERSON_00143,PERSON_00076,238,PHONE_00143,voice
CALL_003294,2024-10-25,PERSON_00144,PERSON_00105,610,PHONE_00144,voice
CALL_003295,2024-01-20,PERSON_00145,PERSON_00134,605,PHONE_00145,voice
CALL_003296,2024-02-12,PERSON_00146,PERSON_00163,860,PHONE_00146,missed
CALL_003297,2025-06-08,PERSON_00147,PERSON_00192,81,PHONE_00147,voice
CALL_003298,2024-06-05,PERSON_00148,PERSON_00221,846,PHONE_00148,voice
CALL_003299,2024-02-04,PERSON_00149,PERSON_00250,666,PHONE_00149,voice
CALL_003300,2024-03-17,PERSON_00150,PERSON_00279,270,PHONE_00150,voice
CALL_003301,2021-09-15,PERSON_00151,PERSON_00308,619,PHONE_00151,missed
CALL_003302,2026-02-23,PERSON_00152,PERSON_00337,665,PHONE_00152,voice
CALL_003303,2022-03-04,PERSON_00153,PERSON_00366,194,PHONE_00153,voice
CALL_003304,2022-11-02,PERSON_00154,PERSON_00395,588,PHONE_00154,voice
CALL_003305,2024-05-09,PERSON_00155,PERSON_00424,519,PHONE_00155,missed
CALL_003306,2025-11-21,PERSON_00156,PERSON_00244,17,PHONE_00156,missed
CALL_003307,2022-03-30,PERSON_00157,PERSON_00032,235,PHONE_00157,missed
CALL_003308,2022-07-02,PERSON_00158,PERSON_00061,631,PHONE_00158,voice
CALL_003309,2025-02-01,PERSON_00159,PERSON_00090,108,PHONE_00159,missed
CALL_003310,2021-04-09,PERSON_00160,PERSON_00119,889,PHONE_00160,voice
CALL_003311,2024-12-16,PERSON_00161,PERSON_00370,157,PHONE_00161,missed
CALL_003312,2024-08-06,PERSON_00162,PERSON_00177,270,PHONE_00162,voice
CALL_003313,2026-06-24,PERSON_00163,PERSON_00206,288,PHONE_00163,missed
CALL_003314,2025-02-05,PERSON_00164,PERSON_00235,871,PHONE_00164,voice
CALL_003315,2024-06-29,PERSON_00165,PERSON_00264,827,PHONE_00165,missed
CALL_003316,2025-01-22,PERSON_00166,PERSON_00288,97,PHONE_00166,missed
CALL_003317,2023-04-21,PERSON_00167,PERSON_00322,238,PHONE_00167,voice
CALL_003318,2022-12-20,PERSON_00168,PERSON_00351,598,PHONE_00168,voice
CALL_003319,2023-03-18,PERSON_00169,PERSON_00380,877,PHONE_00169,voice
CALL_003320,2023-08-07,PERSON_00170,PERSON_00409,607,PHONE_00170,voice
CALL_003321,2024-01-30,PERSON_00171,PERSON_00179,49,PHONE_00171,voice
CALL_003322,2024-02-18,PERSON_00172,PERSON_00017,438,PHONE_00172,missed
CALL_003323,2022-05-07,PERSON_00173,PERSON_00046,158,PHONE_00173,voice
CALL_003324,2022-12-20,PERSON_00174,PERSON_00075,709,PHONE_00174,voice
CALL_003325,2021-11-07,PERSON_00175,PERSON_00104,585,PHONE_00175,missed
CALL_003326,2022-08-17,PERSON_00176,PERSON_00133,725,PHONE_00176,missed
CALL_003327,2021-11-12,PERSON_00177,PERSON_00162,591,PHONE_00177,voice
CALL_003328,2021-07-15,PERSON_00178,PERSON_00191,578,PHONE_00178,missed
CALL_003329,2023-05-05,PERSON_00179,PERSON_00220,500,PHONE_00179,missed
CALL_003330,2021-02-08,PERSON_00180,PERSON_00249,316,PHONE_00180,voice
CALL_003331,2023-06-22,PERSON_00181,PERSON_00278,758,PHONE_00181,voice
CALL_003332,2026-02-23,PERSON_00182,PERSON_00307,827,PHONE_00182,voice
CALL_003333,2025-06-05,PERSON_00183,PERSON_00336,600,PHONE_00183,voice
CALL_003334,2026-05-15,PERSON_00184,PERSON_00365,752,PHONE_00184,missed
CALL_003335,2025-05-06,PERSON_00185,PERSON_00394,205,PHONE_00185,voice
CALL_003336,2022-12-06,PERSON_00186,PERSON_00423,46,PHONE_00186,missed
CALL_003337,2022-06-23,PERSON_00187,PERSON_00002,635,PHONE_00187,voice
CALL_003338,2025-02-07,PERSON_00188,PERSON_00031,356,PHONE_00188,missed
CALL_003339,2023-12-30,PERSON_00189,PERSON_00060,562,PHONE_00189,missed
CALL_003340,2025-11-02,PERSON_00190,PERSON_00089,222,PHONE_00190,missed
CALL_003341,2023-03-17,PERSON_00191,PERSON_00159,156,PHONE_00191,missed
CALL_003342,2021-06-24,PERSON_00192,PERSON_00147,359,PHONE_00192,missed
CALL_003343,2023-02-27,PERSON_00193,PERSON_00176,408,PHONE_00193,missed
CALL_003344,2022-02-10,PERSON_00194,PERSON_00205,344,PHONE_00194,missed
CALL_003345,2025-08-22,PERSON_00195,PERSON_00234,402,PHONE_00195,voice
CALL_003346,2024-07-15,PERSON_00196,PERSON_00350,101,PHONE_00196,voice
CALL_003347,2025-10-06,PERSON_00197,PERSON_00292,168,PHONE_00197,voice
CALL_003348,2024-04-23,PERSON_00198,PERSON_00321,205,PHONE_00198,voice
CALL_003349,2022-05-04,PERSON_00199,PERSON_00350,215,PHONE_00199,voice
CALL_003350,2022-04-11,PERSON_00200,PERSON_00379,782,PHONE_00200,voice
CALL_003351,2025-08-16,PERSON_00201,PERSON_00408,624,PHONE_00201,voice
CALL_003352,2022-03-10,PERSON_00202,PERSON_00437,630,PHONE_00202,voice
CALL_003353,2024-05-07,PERSON_00203,PERSON_00016,387,PHONE_00203,voice
CALL_003354,2024-06-30,PERSON_00204,PERSON_00045,813,PHONE_00204,missed
CALL_003355,2026-02-03,PERSON_00205,PERSON_00074,870,PHONE_00205,voice
CALL_003356,2023-12-10,PERSON_00206,PERSON_00103,659,PHONE_00206,voice
CALL_003357,2021-09-22,PERSON_00207,PERSON_00132,549,PHONE_00207,voice
CALL_003358,2024-12-04,PERSON_00208,PERSON_00161,455,PHONE_00208,voice
CALL_003359,2023-06-17,PERSON_00209,PERSON_00190,865,PHONE_00209,voice
CALL_003360,2025-05-07,PERSON_00210,PERSON_00219,693,PHONE_00210,missed
CALL_003361,2023-06-06,PERSON_00211,PERSON_00248,245,PHONE_00211,voice
CALL_003362,2024-12-01,PERSON_00212,PERSON_00277,520,PHONE_00212,missed
CALL_003363,2024-01-13,PERSON_00213,PERSON_00306,590,PHONE_00213,missed
CALL_003364,2021-06-28,PERSON_00214,PERSON_00335,525,PHONE_00214,voice
CALL_003365,2024-10-04,PERSON_00215,PERSON_00364,610,PHONE_00215,missed
CALL_003366,2023-04-29,PERSON_00216,PERSON_00075,152,PHONE_00216,missed
CALL_003367,2024-03-16,PERSON_00217,PERSON_00422,390,PHONE_00217,voice
CALL_003368,2022-07-20,PERSON_00218,PERSON_00001,723,PHONE_00218,voice
CALL_003369,2021-08-29,PERSON_00219,PERSON_00030,184,PHONE_00219,voice
CALL_003370,2023-01-07,PERSON_00220,PERSON_00059,171,PHONE_00220,missed
CALL_003371,2022-08-02,PERSON_00221,PERSON_00389,50,PHONE_00221,voice
CALL_003372,2025-02-06,PERSON_00222,PERSON_00117,621,PHONE_00222,missed
CALL_003373,2024-08-25,PERSON_00223,PERSON_00146,150,PHONE_00223,missed
CALL_003374,2025-05-24,PERSON_00224,PERSON_00175,342,PHONE_00224,voice
CALL_003375,2022-11-27,PERSON_00225,PERSON_00204,744,PHONE_00225,missed
CALL_003376,2023-10-30,PERSON_00226,PERSON_00355,41,PHONE_00226,voice
CALL_003377,2022-04-18,PERSON_00227,PERSON_00262,751,PHONE_00227,voice
CALL_003378,2021-07-13,PERSON_00228,PERSON_00291,385,PHONE_00228,voice
CALL_003379,2021-01-04,PERSON_00229,PERSON_00320,90,PHONE_00229,voice
CALL_003380,2022-08-14,PERSON_00230,PERSON_00349,537,PHONE_00230,voice
CALL_003381,2025-02-08,PERSON_00231,PERSON_00122,40,PHONE_00231,missed
CALL_003382,2024-10-21,PERSON_00232,PERSON_00407,389,PHONE_00232,voice
CALL_003383,2025-12-08,PERSON_00233,PERSON_00436,263,PHONE_00233,voice
CALL_003384,2023-03-06,PERSON_00234,PERSON_00015,866,PHONE_00234,missed
CALL_003385,2023-07-23,PERSON_00235,PERSON_00044,121,PHONE_00235,voice
CALL_003386,2024-02-01,PERSON_00236,PERSON_00073,148,PHONE_00236,missed
CALL_003387,2024-10-14,PERSON_00237,PERSON_00102,674,PHONE_00237,missed
CALL_003388,2024-03-09,PERSON_00238,PERSON_00131,900,PHONE_00238,voice
CALL_003389,2023-09-11,PERSON_00239,PERSON_00160,507,PHONE_00239,voice
CALL_003390,2025-04-12,PERSON_00240,PERSON_00189,825,PHONE_00240,missed
CALL_003391,2021-01-12,PERSON_00241,PERSON_00076,65,PHONE_00241,voice
CALL_003392,2025-12-13,PERSON_00242,PERSON_00247,555,PHONE_00242,voice
CALL_003393,2023-01-15,PERSON_00243,PERSON_00276,266,PHONE_00243,voice
CALL_003394,2021-10-09,PERSON_00244,PERSON_00305,345,PHONE_00244,voice
CALL_003395,2025-10-13,PERSON_00245,PERSON_00334,613,PHONE_00245,voice
CALL_003396,2021-09-15,PERSON_00246,PERSON_00363,667,PHONE_00246,voice
CALL_003397,2024-02-02,PERSON_00247,PERSON_00392,240,PHONE_00247,voice
CALL_003398,2021-05-25,PERSON_00248,PERSON_00421,766,PHONE_00248,voice
CALL_003399,2025-06-13,PERSON_00249,PERSON_00450,518,PHONE_00249,voice
CALL_003400,2022-08-01,PERSON_00250,PERSON_00029,214,PHONE_00250,voice
CALL_003401,2024-09-13,PERSON_00251,PERSON_00058,203,PHONE_00251,voice
CALL_003402,2024-03-01,PERSON_00252,PERSON_00087,636,PHONE_00252,voice
CALL_003403,2022-12-30,PERSON_00253,PERSON_00116,841,PHONE_00253,missed
CALL_003404,2026-05-01,PERSON_00254,PERSON_00145,22,PHONE_00254,missed
CALL_003405,2021-04-29,PERSON_00255,PERSON_00174,584,PHONE_00255,voice
CALL_003406,2024-06-22,PERSON_00256,PERSON_00389,98,PHONE_00256,voice
CALL_003407,2024-01-28,PERSON_00257,PERSON_00232,77,PHONE_00257,voice
CALL_003408,2021-06-03,PERSON_00258,PERSON_00261,856,PHONE_00258,voice
CALL_003409,2025-10-19,PERSON_00259,PERSON_00290,568,PHONE_00259,voice
CALL_003410,2023-04-27,PERSON_00260,PERSON_00319,822,PHONE_00260,voice
CALL_003411,2021-10-18,PERSON_00261,PERSON_00348,806,PHONE_00261,missed
CALL_003412,2024-04-13,PERSON_00262,PERSON_00377,339,PHONE_00262,voice
CALL_003413,2025-02-09,PERSON_00263,PERSON_00406,782,PHONE_00263,missed
CALL_003414,2026-02-08,PERSON_00264,PERSON_00435,169,PHONE_00264,missed
CALL_003415,2022-08-20,PERSON_00265,PERSON_00014,509,PHONE_00265,voice
CALL_003416,2021-09-08,PERSON_00266,PERSON_00043,305,PHONE_00266,voice
CALL_003417,2023-02-10,PERSON_00267,PERSON_00072,402,PHONE_00267,missed
CALL_003418,2025-08-02,PERSON_00268,PERSON_00101,624,PHONE_00268,voice
CALL_003419,2023-07-18,PERSON_00269,PERSON_00130,853,PHONE_00269,voice
CALL_003420,2021-09-24,PERSON_00270,PERSON_00159,318,PHONE_00270,voice
CALL_003421,2024-03-28,PERSON_00271,PERSON_00288,41,PHONE_00271,missed
CALL_003422,2022-08-11,PERSON_00272,PERSON_00217,840,PHONE_00272,voice
CALL_003423,2022-10-07,PERSON_00273,PERSON_00246,518,PHONE_00273,voice
CALL_003424,2023-10-27,PERSON_00274,PERSON_00275,231,PHONE_00274,voice
CALL_003425,2023-07-11,PERSON_00275,PERSON_00304,515,PHONE_00275,voice
CALL_003426,2022-12-16,PERSON_00276,PERSON_00333,478,PHONE_00276,voice
CALL_003427,2023-05-19,PERSON_00277,PERSON_00362,75,PHONE_00277,missed
CALL_003428,2021-04-24,PERSON_00278,PERSON_00391,737,PHONE_00278,missed
CALL_003429,2021-01-18,PERSON_00279,PERSON_00420,632,PHONE_00279,voice
CALL_003430,2025-06-03,PERSON_00280,PERSON_00449,122,PHONE_00280,missed
CALL_003431,2026-02-11,PERSON_00281,PERSON_00028,44,PHONE_00281,voice
CALL_003432,2024-11-10,PERSON_00282,PERSON_00057,641,PHONE_00282,missed
CALL_003433,2024-09-15,PERSON_00283,PERSON_00086,412,PHONE_00283,missed
CALL_003434,2025-11-06,PERSON_00284,PERSON_00115,317,PHONE_00284,voice
CALL_003435,2023-04-03,PERSON_00285,PERSON_00144,467,PHONE_00285,missed
CALL_003436,2022-08-12,PERSON_00286,PERSON_00030,114,PHONE_00286,missed
CALL_003437,2026-03-04,PERSON_00287,PERSON_00202,46,PHONE_00287,voice
CALL_003438,2026-05-07,PERSON_00288,PERSON_00231,674,PHONE_00288,voice
CALL_003439,2023-12-26,PERSON_00289,PERSON_00260,794,PHONE_00289,voice
CALL_003440,2023-01-29,PERSON_00290,PERSON_00289,77,PHONE_00290,voice
CALL_003441,2025-07-08,PERSON_00291,PERSON_00006,69,PHONE_00291,missed
CALL_003442,2023-01-04,PERSON_00292,PERSON_00347,220,PHONE_00292,missed
CALL_003443,2023-09-04,PERSON_00293,PERSON_00376,570,PHONE_00293,missed
CALL_003444,2022-09-30,PERSON_00294,PERSON_00405,459,PHONE_00294,voice
CALL_003445,2024-08-05,PERSON_00295,PERSON_00434,535,PHONE_00295,voice
CALL_003446,2021-02-22,PERSON_00296,PERSON_00013,886,PHONE_00296,voice
CALL_003447,2023-12-10,PERSON_00297,PERSON_00042,202,PHONE_00297,voice
CALL_003448,2024-12-14,PERSON_00298,PERSON_00071,240,PHONE_00298,voice
CALL_003449,2023-12-24,PERSON_00299,PERSON_00100,730,PHONE_00299,voice
CALL_003450,2024-11-05,PERSON_00300,PERSON_00129,495,PHONE_00300,voice
CALL_003451,2024-08-30,PERSON_00301,PERSON_00127,103,PHONE_00301,voice
CALL_003452,2024-04-28,PERSON_00302,PERSON_00187,778,PHONE_00302,voice
CALL_003453,2021-09-12,PERSON_00303,PERSON_00216,870,PHONE_00303,voice
CALL_003454,2026-01-25,PERSON_00304,PERSON_00245,842,PHONE_00304,missed
CALL_003455,2023-12-06,PERSON_00305,PERSON_00274,743,PHONE_00305,voice
CALL_003456,2021-12-23,PERSON_00306,PERSON_00303,112,PHONE_00306,voice
CALL_003457,2026-03-27,PERSON_00307,PERSON_00332,797,PHONE_00307,voice
CALL_003458,2025-07-22,PERSON_00308,PERSON_00361,480,PHONE_00308,voice
CALL_003459,2022-04-17,PERSON_00309,PERSON_00390,121,PHONE_00309,missed
CALL_003460,2024-03-24,PERSON_00310,PERSON_00419,344,PHONE_00310,voice
CALL_003461,2022-07-05,PERSON_00311,PERSON_00448,632,PHONE_00311,missed
CALL_003462,2023-12-28,PERSON_00312,PERSON_00027,637,PHONE_00312,voice
CALL_003463,2023-09-01,PERSON_00313,PERSON_00056,409,PHONE_00313,missed
CALL_003464,2022-06-18,PERSON_00314,PERSON_00085,719,PHONE_00314,missed
CALL_003465,2024-06-21,PERSON_00315,PERSON_00114,758,PHONE_00315,missed
CALL_003466,2023-12-03,PERSON_00316,PERSON_00143,209,PHONE_00316,voice
CALL_003467,2025-10-13,PERSON_00317,PERSON_00172,38,PHONE_00317,voice
CALL_003468,2024-12-11,PERSON_00318,PERSON_00201,858,PHONE_00318,missed
CALL_003469,2026-04-06,PERSON_00319,PERSON_00230,694,PHONE_00319,voice
CALL_003470,2026-06-14,PERSON_00320,PERSON_00259,526,PHONE_00320,voice
CALL_003471,2026-02-19,PERSON_00321,PERSON_00355,156,PHONE_00321,missed
CALL_003472,2023-10-25,PERSON_00322,PERSON_00317,231,PHONE_00322,missed
CALL_003473,2022-11-01,PERSON_00323,PERSON_00346,711,PHONE_00323,missed
CALL_003474,2025-10-22,PERSON_00324,PERSON_00375,890,PHONE_00324,voice
CALL_003475,2022-04-06,PERSON_00325,PERSON_00404,694,PHONE_00325,voice
CALL_003476,2024-12-14,PERSON_00326,PERSON_00433,289,PHONE_00326,voice
CALL_003477,2024-11-26,PERSON_00327,PERSON_00012,22,PHONE_00327,missed
CALL_003478,2025-02-10,PERSON_00328,PERSON_00041,601,PHONE_00328,voice
CALL_003479,2022-03-15,PERSON_00329,PERSON_00070,120,PHONE_00329,missed
CALL_003480,2024-03-13,PERSON_00330,PERSON_00099,238,PHONE_00330,missed
CALL_003481,2025-10-06,PERSON_00331,PERSON_00440,157,PHONE_00331,missed
CALL_003482,2021-10-07,PERSON_00332,PERSON_00157,94,PHONE_00332,missed
CALL_003483,2023-05-23,PERSON_00333,PERSON_00186,217,PHONE_00333,voice
CALL_003484,2022-07-03,PERSON_00334,PERSON_00215,140,PHONE_00334,voice
CALL_003485,2023-12-19,PERSON_00335,PERSON_00244,627,PHONE_00335,voice
CALL_003486,2023-06-07,PERSON_00336,PERSON_00074,151,PHONE_00336,missed
CALL_003487,2022-04-08,PERSON_00337,PERSON_00302,603,PHONE_00337,voice
CALL_003488,2021-12-26,PERSON_00338,PERSON_00331,751,PHONE_00338,voice
CALL_003489,2023-09-24,PERSON_00339,PERSON_00360,411,PHONE_00339,missed
CALL_003490,2024-07-17,PERSON_00340,PERSON_00389,152,PHONE_00340,voice
CALL_003491,2021-09-25,PERSON_00341,PERSON_00418,187,PHONE_00341,missed
CALL_003492,2023-03-21,PERSON_00342,PERSON_00447,98,PHONE_00342,voice
CALL_003493,2023-06-16,PERSON_00343,PERSON_00026,703,PHONE_00343,voice
CALL_003494,2022-10-19,PERSON_00344,PERSON_00055,797,PHONE_00344,voice
CALL_003495,2021-01-08,PERSON_00345,PERSON_00084,492,PHONE_00345,voice
CALL_003496,2024-06-05,PERSON_00346,PERSON_00113,494,PHONE_00346,missed
CALL_003497,2023-02-13,PERSON_00347,PERSON_00142,751,PHONE_00347,missed
CALL_003498,2021-01-29,PERSON_00348,PERSON_00171,674,PHONE_00348,voice
CALL_003499,2025-05-24,PERSON_00349,PERSON_00200,398,PHONE_00349,missed
CALL_003500,2023-10-08,PERSON_00350,PERSON_00229,480,PHONE_00350,voice
CALL_003501,2021-01-16,PERSON_00351,PERSON_00258,35,PHONE_00351,voice
CALL_003502,2025-11-03,PERSON_00352,PERSON_00287,838,PHONE_00352,voice
CALL_003503,2025-08-04,PERSON_00353,PERSON_00316,225,PHONE_00353,missed
CALL_003504,2023-01-14,PERSON_00354,PERSON_00345,561,PHONE_00354,voice
CALL_003505,2021-12-12,PERSON_00355,PERSON_00374,791,PHONE_00355,voice
CALL_003506,2025-12-30,PERSON_00356,PERSON_00403,522,PHONE_00356,voice
CALL_003507,2021-03-11,PERSON_00357,PERSON_00432,351,PHONE_00357,voice
CALL_003508,2026-01-25,PERSON_00358,PERSON_00011,303,PHONE_00358,voice
CALL_003509,2021-01-06,PERSON_00359,PERSON_00040,553,PHONE_00359,voice
CALL_003510,2024-01-25,PERSON_00360,PERSON_00069,69,PHONE_00360,missed
CALL_003511,2021-06-24,PERSON_00361,PERSON_00098,744,PHONE_00361,voice
CALL_003512,2024-04-04,PERSON_00362,PERSON_00127,503,PHONE_00362,voice
CALL_003513,2024-12-31,PERSON_00363,PERSON_00156,648,PHONE_00363,voice
CALL_003514,2025-12-28,PERSON_00364,PERSON_00185,201,PHONE_00364,missed
CALL_003515,2023-09-06,PERSON_00365,PERSON_00214,871,PHONE_00365,voice
CALL_003516,2025-05-13,PERSON_00366,PERSON_00076,84,PHONE_00366,missed
CALL_003517,2023-02-26,PERSON_00367,PERSON_00272,781,PHONE_00367,voice
CALL_003518,2021-10-25,PERSON_00368,PERSON_00301,535,PHONE_00368,voice
CALL_003519,2024-02-12,PERSON_00369,PERSON_00330,684,PHONE_00369,missed
CALL_003520,2021-12-19,PERSON_00370,PERSON_00359,326,PHONE_00370,voice
CALL_003521,2024-10-14,PERSON_00371,PERSON_00038,37,PHONE_00371,voice
CALL_003522,2026-05-04,PERSON_00372,PERSON_00417,383,PHONE_00372,missed
CALL_003523,2024-10-29,PERSON_00373,PERSON_00446,864,PHONE_00373,missed
CALL_003524,2024-01-17,PERSON_00374,PERSON_00025,514,PHONE_00374,missed
CALL_003525,2025-01-22,PERSON_00375,PERSON_00054,607,PHONE_00375,voice
CALL_003526,2021-04-13,PERSON_00376,PERSON_00118,96,PHONE_00376,voice
CALL_003527,2025-10-09,PERSON_00377,PERSON_00112,215,PHONE_00377,voice
CALL_003528,2022-05-09,PERSON_00378,PERSON_00141,372,PHONE_00378,voice
CALL_003529,2025-01-03,PERSON_00379,PERSON_00170,349,PHONE_00379,missed
CALL_003530,2024-10-03,PERSON_00380,PERSON_00199,592,PHONE_00380,voice
CALL_003531,2026-04-21,PERSON_00381,PERSON_00355,134,PHONE_00381,voice
CALL_003532,2021-03-18,PERSON_00382,PERSON_00257,262,PHONE_00382,voice
CALL_003533,2023-11-15,PERSON_00383,PERSON_00286,652,PHONE_00383,voice
CALL_003534,2024-10-23,PERSON_00384,PERSON_00315,384,PHONE_00384,voice
CALL_003535,2025-05-02,PERSON_00385,PERSON_00344,520,PHONE_00385,missed
CALL_003536,2023-11-12,PERSON_00386,PERSON_00373,102,PHONE_00386,voice
CALL_003537,2023-04-24,PERSON_00387,PERSON_00402,760,PHONE_00387,voice
CALL_003538,2024-08-01,PERSON_00388,PERSON_00431,468,PHONE_00388,voice
CALL_003539,2021-03-01,PERSON_00389,PERSON_00010,573,PHONE_00389,missed
CALL_003540,2024-02-10,PERSON_00390,PERSON_00039,392,PHONE_00390,missed
CALL_003541,2021-04-29,PERSON_00391,PERSON_00117,99,PHONE_00391,missed
CALL_003542,2022-04-05,PERSON_00392,PERSON_00097,503,PHONE_00392,voice
CALL_003543,2025-09-20,PERSON_00393,PERSON_00126,421,PHONE_00393,missed
CALL_003544,2021-08-25,PERSON_00394,PERSON_00155,453,PHONE_00394,voice
CALL_003545,2025-12-01,PERSON_00395,PERSON_00184,847,PHONE_00395,missed
CALL_003546,2021-10-13,PERSON_00396,PERSON_00213,181,PHONE_00396,voice
CALL_003547,2022-07-09,PERSON_00397,PERSON_00242,358,PHONE_00397,voice
CALL_003548,2022-12-25,PERSON_00398,PERSON_00271,711,PHONE_00398,voice
CALL_003549,2021-04-12,PERSON_00399,PERSON_00300,730,PHONE_00399,voice
CALL_003550,2024-12-14,PERSON_00400,PERSON_00329,346,PHONE_00400,voice
CALL_003551,2022-10-22,PERSON_00401,PERSON_00006,78,PHONE_00401,voice
CALL_003552,2023-04-24,PERSON_00402,PERSON_00387,625,PHONE_00402,voice
CALL_003553,2022-11-17,PERSON_00403,PERSON_00416,24,PHONE_00403,voice
CALL_003554,2024-05-02,PERSON_00404,PERSON_00445,819,PHONE_00404,missed
CALL_003555,2025-01-19,PERSON_00405,PERSON_00024,307,PHONE_00405,missed
CALL_003556,2024-05-21,PERSON_00406,PERSON_00182,60,PHONE_00406,voice
CALL_003557,2024-12-23,PERSON_00407,PERSON_00082,698,PHONE_00407,voice
CALL_003558,2022-03-08,PERSON_00408,PERSON_00111,624,PHONE_00408,voice
CALL_003559,2025-02-26,PERSON_00409,PERSON_00140,619,PHONE_00409,missed
CALL_003560,2024-03-19,PERSON_00410,PERSON_00169,631,PHONE_00410,voice
CALL_003561,2022-08-07,PERSON_00411,PERSON_00012,93,PHONE_00411,voice
CALL_003562,2025-08-27,PERSON_00412,PERSON_00227,615,PHONE_00412,missed
CALL_003563,2022-04-17,PERSON_00413,PERSON_00256,307,PHONE_00413,missed
CALL_003564,2022-07-22,PERSON_00414,PERSON_00285,866,PHONE_00414,voice
CALL_003565,2025-02-08,PERSON_00415,PERSON_00314,381,PHONE_00415,voice
CALL_003566,2022-02-02,PERSON_00416,PERSON_00343,334,PHONE_00416,voice
CALL_003567,2022-11-19,PERSON_00417,PERSON_00372,221,PHONE_00417,missed
CALL_003568,2026-01-25,PERSON_00418,PERSON_00401,442,PHONE_00418,voice
CALL_003569,2023-08-23,PERSON_00419,PERSON_00430,561,PHONE_00419,voice
CALL_003570,2021-10-04,PERSON_00420,PERSON_00009,231,PHONE_00420,missed
CALL_003571,2023-07-12,PERSON_00421,PERSON_00038,187,PHONE_00421,voice
CALL_003572,2023-03-16,PERSON_00422,PERSON_00067,746,PHONE_00422,voice
CALL_003573,2021-05-07,PERSON_00423,PERSON_00096,616,PHONE_00423,voice
CALL_003574,2026-02-05,PERSON_00424,PERSON_00125,311,PHONE_00424,voice
CALL_003575,2024-01-03,PERSON_00425,PERSON_00154,702,PHONE_00425,missed
CALL_003576,2025-09-18,PERSON_00426,PERSON_00183,520,PHONE_00426,missed
CALL_003577,2021-06-27,PERSON_00427,PERSON_00212,584,PHONE_00427,missed
CALL_003578,2024-01-02,PERSON_00428,PERSON_00241,751,PHONE_00428,voice
CALL_003579,2024-02-02,PERSON_00429,PERSON_00270,464,PHONE_00429,missed
CALL_003580,2022-02-04,PERSON_00430,PERSON_00299,530,PHONE_00430,voice
CALL_003581,2021-10-27,PERSON_00431,PERSON_00328,886,PHONE_00431,voice
CALL_003582,2021-09-24,PERSON_00432,PERSON_00357,596,PHONE_00432,voice
CALL_003583,2021-01-31,PERSON_00433,PERSON_00386,611,PHONE_00433,voice
CALL_003584,2022-03-04,PERSON_00434,PERSON_00415,236,PHONE_00434,missed
CALL_003585,2025-02-23,PERSON_00435,PERSON_00444,588,PHONE_00435,missed
CALL_003586,2024-04-03,PERSON_00436,PERSON_00329,82,PHONE_00436,voice
CALL_003587,2024-08-10,PERSON_00437,PERSON_00052,20,PHONE_00437,voice
CALL_003588,2022-05-10,PERSON_00438,PERSON_00081,813,PHONE_00438,voice
CALL_003589,2025-02-27,PERSON_00439,PERSON_00110,899,PHONE_00439,voice
CALL_003590,2021-07-12,PERSON_00440,PERSON_00139,671,PHONE_00440,missed
CALL_003591,2023-01-06,PERSON_00441,PERSON_00168,736,PHONE_00441,voice
CALL_003592,2021-02-17,PERSON_00442,PERSON_00197,501,PHONE_00442,voice
CALL_003593,2024-04-01,PERSON_00443,PERSON_00226,141,PHONE_00443,voice
CALL_003594,2022-12-17,PERSON_00444,PERSON_00255,220,PHONE_00444,voice
CALL_003595,2021-07-26,PERSON_00445,PERSON_00284,819,PHONE_00445,voice
CALL_003596,2026-05-19,PERSON_00446,PERSON_00313,47,PHONE_00446,voice
CALL_003597,2026-01-09,PERSON_00447,PERSON_00342,803,PHONE_00447,missed
CALL_003598,2024-01-31,PERSON_00448,PERSON_00371,349,PHONE_00448,voice
CALL_003599,2024-06-26,PERSON_00449,PERSON_00400,250,PHONE_00449,voice
CALL_003600,2025-09-23,PERSON_00450,PERSON_00429,797,PHONE_00450,missed
CALL_003601,2024-01-01,PERSON_00001,PERSON_00008,186,PHONE_00001,missed
CALL_003602,2022-08-23,PERSON_00002,PERSON_00037,822,PHONE_00002,missed
CALL_003603,2025-11-26,PERSON_00003,PERSON_00066,429,PHONE_00003,voice
CALL_003604,2021-02-23,PERSON_00004,PERSON_00095,260,PHONE_00004,voice
CALL_003605,2021-01-28,PERSON_00005,PERSON_00124,158,PHONE_00005,missed
CALL_003606,2023-12-01,PERSON_00006,PERSON_00194,87,PHONE_00006,voice
CALL_003607,2023-10-12,PERSON_00007,PERSON_00182,116,PHONE_00007,missed
CALL_003608,2025-07-13,PERSON_00008,PERSON_00211,559,PHONE_00008,missed
CALL_003609,2021-08-21,PERSON_00009,PERSON_00240,82,PHONE_00009,missed
CALL_003610,2023-10-08,PERSON_00010,PERSON_00269,890,PHONE_00010,voice
CALL_003611,2021-09-27,PERSON_00011,PERSON_00298,488,PHONE_00011,voice
CALL_003612,2026-02-01,PERSON_00012,PERSON_00327,81,PHONE_00012,voice
CALL_003613,2021-09-25,PERSON_00013,PERSON_00356,796,PHONE_00013,voice
CALL_003614,2023-01-06,PERSON_00014,PERSON_00385,138,PHONE_00014,voice
CALL_003615,2022-04-30,PERSON_00015,PERSON_00414,806,PHONE_00015,missed
CALL_003616,2026-03-03,PERSON_00016,PERSON_00244,69,PHONE_00016,missed
CALL_003617,2021-09-16,PERSON_00017,PERSON_00022,292,PHONE_00017,voice
CALL_003618,2025-06-27,PERSON_00018,PERSON_00051,861,PHONE_00018,missed
CALL_003619,2022-05-08,PERSON_00019,PERSON_00080,454,PHONE_00019,voice
CALL_003620,2022-04-24,PERSON_00020,PERSON_00109,654,PHONE_00020,voice
CALL_003621,2021-09-30,PERSON_00021,PERSON_00237,45,PHONE_00021,voice
CALL_003622,2023-07-12,PERSON_00022,PERSON_00167,425,PHONE_00022,voice
CALL_003623,2023-11-01,PERSON_00023,PERSON_00196,357,PHONE_00023,voice
CALL_003624,2023-03-01,PERSON_00024,PERSON_00225,84,PHONE_00024,missed
CALL_003625,2023-04-26,PERSON_00025,PERSON_00254,129,PHONE_00025,voice
CALL_003626,2023-02-01,PERSON_00026,PERSON_00283,190,PHONE_00026,voice
CALL_003627,2024-03-06,PERSON_00027,PERSON_00312,281,PHONE_00027,missed
CALL_003628,2022-07-12,PERSON_00028,PERSON_00341,100,PHONE_00028,voice
CALL_003629,2023-02-25,PERSON_00029,PERSON_00370,830,PHONE_00029,voice
CALL_003630,2024-03-10,PERSON_00030,PERSON_00399,664,PHONE_00030,voice
CALL_003631,2026-02-06,PERSON_00031,PERSON_00428,451,PHONE_00031,missed
CALL_003632,2024-08-01,PERSON_00032,PERSON_00007,467,PHONE_00032,voice
CALL_003633,2026-02-13,PERSON_00033,PERSON_00036,379,PHONE_00033,missed
CALL_003634,2022-08-29,PERSON_00034,PERSON_00065,54,PHONE_00034,missed
CALL_003635,2022-09-04,PERSON_00035,PERSON_00094,264,PHONE_00035,voice
CALL_003636,2025-05-03,PERSON_00036,PERSON_00123,91,PHONE_00036,missed
CALL_003637,2024-12-25,PERSON_00037,PERSON_00152,632,PHONE_00037,missed
CALL_003638,2026-06-02,PERSON_00038,PERSON_00181,236,PHONE_00038,voice
CALL_003639,2022-03-15,PERSON_00039,PERSON_00210,71,PHONE_00039,missed
CALL_003640,2024-05-12,PERSON_00040,PERSON_00239,125,PHONE_00040,missed
CALL_003641,2022-01-14,PERSON_00041,PERSON_00268,53,PHONE_00041,voice
CALL_003642,2022-03-24,PERSON_00042,PERSON_00297,645,PHONE_00042,missed
CALL_003643,2025-06-08,PERSON_00043,PERSON_00326,315,PHONE_00043,missed
CALL_003644,2025-09-15,PERSON_00044,PERSON_00355,895,PHONE_00044,missed
CALL_003645,2021-06-04,PERSON_00045,PERSON_00384,874,PHONE_00045,missed
CALL_003646,2025-09-21,PERSON_00046,PERSON_00202,30,PHONE_00046,voice
CALL_003647,2021-09-23,PERSON_00047,PERSON_00442,155,PHONE_00047,missed
CALL_003648,2021-08-30,PERSON_00048,PERSON_00021,350,PHONE_00048,voice
CALL_003649,2023-04-04,PERSON_00049,PERSON_00050,278,PHONE_00049,missed
CALL_003650,2021-03-04,PERSON_00050,PERSON_00079,748,PHONE_00050,voice
CALL_003651,2024-10-28,PERSON_00051,PERSON_00108,643,PHONE_00051,voice
CALL_003652,2023-03-24,PERSON_00052,PERSON_00137,583,PHONE_00052,missed
CALL_003653,2022-06-30,PERSON_00053,PERSON_00166,292,PHONE_00053,voice
CALL_003654,2024-03-30,PERSON_00054,PERSON_00195,144,PHONE_00054,voice
CALL_003655,2021-03-09,PERSON_00055,PERSON_00224,610,PHONE_00055,voice
CALL_003656,2025-04-24,PERSON_00056,PERSON_00253,556,PHONE_00056,voice
CALL_003657,2023-11-28,PERSON_00057,PERSON_00282,96,PHONE_00057,missed
CALL_003658,2023-11-07,PERSON_00058,PERSON_00311,627,PHONE_00058,missed
CALL_003659,2026-04-08,PERSON_00059,PERSON_00340,831,PHONE_00059,missed
CALL_003660,2023-02-18,PERSON_00060,PERSON_00369,644,PHONE_00060,voice
CALL_003661,2024-11-02,PERSON_00061,PERSON_00244,13,PHONE_00061,voice
CALL_003662,2022-11-04,PERSON_00062,PERSON_00427,830,PHONE_00062,voice
CALL_003663,2025-07-20,PERSON_00063,PERSON_00006,241,PHONE_00063,missed
CALL_003664,2022-12-11,PERSON_00064,PERSON_00035,543,PHONE_00064,missed
CALL_003665,2024-03-17,PERSON_00065,PERSON_00064,534,PHONE_00065,voice
CALL_003666,2021-11-21,PERSON_00066,PERSON_00093,125,PHONE_00066,voice
CALL_003667,2024-05-11,PERSON_00067,PERSON_00122,482,PHONE_00067,voice
CALL_003668,2022-09-06,PERSON_00068,PERSON_00151,472,PHONE_00068,voice
CALL_003669,2025-01-17,PERSON_00069,PERSON_00180,542,PHONE_00069,voice
CALL_003670,2022-02-13,PERSON_00070,PERSON_00209,185,PHONE_00070,voice
CALL_003671,2025-03-16,PERSON_00071,PERSON_00238,265,PHONE_00071,missed
CALL_003672,2022-07-25,PERSON_00072,PERSON_00267,815,PHONE_00072,voice
CALL_003673,2025-07-30,PERSON_00073,PERSON_00296,76,PHONE_00073,voice
CALL_003674,2024-07-19,PERSON_00074,PERSON_00325,805,PHONE_00074,voice
CALL_003675,2021-03-18,PERSON_00075,PERSON_00354,342,PHONE_00075,missed
CALL_003676,2024-11-08,PERSON_00076,PERSON_00154,108,PHONE_00076,voice
CALL_003677,2021-07-22,PERSON_00077,PERSON_00412,26,PHONE_00077,missed
CALL_003678,2022-12-15,PERSON_00078,PERSON_00441,282,PHONE_00078,voice
CALL_003679,2021-06-17,PERSON_00079,PERSON_00020,804,PHONE_00079,voice
CALL_003680,2021-11-14,PERSON_00080,PERSON_00049,900,PHONE_00080,voice
CALL_003681,2023-05-30,PERSON_00081,PERSON_00250,10,PHONE_00081,missed
CALL_003682,2025-09-30,PERSON_00082,PERSON_00107,71,PHONE_00082,voice
CALL_003683,2023-07-02,PERSON_00083,PERSON_00136,278,PHONE_00083,missed
CALL_003684,2023-11-20,PERSON_00084,PERSON_00165,296,PHONE_00084,voice
CALL_003685,2024-02-05,PERSON_00085,PERSON_00194,34,PHONE_00085,voice
CALL_003686,2021-06-12,PERSON_00086,PERSON_00245,152,PHONE_00086,missed
CALL_003687,2023-11-01,PERSON_00087,PERSON_00252,641,PHONE_00087,missed
CALL_003688,2022-08-23,PERSON_00088,PERSON_00281,174,PHONE_00088,voice
CALL_003689,2021-02-18,PERSON_00089,PERSON_00310,164,PHONE_00089,voice
CALL_003690,2026-05-28,PERSON_00090,PERSON_00339,491,PHONE_00090,voice
CALL_003691,2023-11-05,PERSON_00091,PERSON_00368,282,PHONE_00091,voice
CALL_003692,2021-09-02,PERSON_00092,PERSON_00397,412,PHONE_00092,voice
CALL_003693,2024-07-14,PERSON_00093,PERSON_00426,93,PHONE_00093,voice
CALL_003694,2023-01-13,PERSON_00094,PERSON_00005,705,PHONE_00094,voice
CALL_003695,2026-02-15,PERSON_00095,PERSON_00034,17,PHONE_00095,missed
CALL_003696,2021-12-12,PERSON_00096,PERSON_00063,51,PHONE_00096,voice
CALL_003697,2024-02-16,PERSON_00097,PERSON_00092,151,PHONE_00097,voice
CALL_003698,2024-06-19,PERSON_00098,PERSON_00121,293,PHONE_00098,voice
CALL_003699,2021-09-06,PERSON_00099,PERSON_00150,580,PHONE_00099,voice
CALL_003700,2022-11-10,PERSON_00100,PERSON_00179,807,PHONE_00100,voice
CALL_003701,2023-11-25,PERSON_00101,PERSON_00156,61,PHONE_00101,missed
CALL_003702,2021-12-01,PERSON_00102,PERSON_00237,807,PHONE_00102,voice
CALL_003703,2023-01-28,PERSON_00103,PERSON_00266,348,PHONE_00103,voice
CALL_003704,2022-06-05,PERSON_00104,PERSON_00295,648,PHONE_00104,missed
CALL_003705,2025-07-29,PERSON_00105,PERSON_00324,153,PHONE_00105,voice
CALL_003706,2022-12-26,PERSON_00106,PERSON_00442,25,PHONE_00106,missed
CALL_003707,2023-03-23,PERSON_00107,PERSON_00382,538,PHONE_00107,voice
CALL_003708,2022-10-30,PERSON_00108,PERSON_00411,76,PHONE_00108,missed
CALL_003709,2025-04-24,PERSON_00109,PERSON_00440,90,PHONE_00109,missed
CALL_003710,2021-10-12,PERSON_00110,PERSON_00019,378,PHONE_00110,missed
CALL_003711,2021-09-17,PERSON_00111,PERSON_00048,505,PHONE_00111,voice
CALL_003712,2024-10-04,PERSON_00112,PERSON_00077,886,PHONE_00112,missed
CALL_003713,2021-06-05,PERSON_00113,PERSON_00106,370,PHONE_00113,missed
CALL_003714,2025-04-27,PERSON_00114,PERSON_00135,781,PHONE_00114,missed
CALL_003715,2021-03-19,PERSON_00115,PERSON_00164,49,PHONE_00115,missed
CALL_003716,2025-07-18,PERSON_00116,PERSON_00193,836,PHONE_00116,voice
CALL_003717,2023-04-20,PERSON_00117,PERSON_00222,679,PHONE_00117,voice
CALL_003718,2025-12-08,PERSON_00118,PERSON_00251,605,PHONE_00118,voice
CALL_003719,2023-07-05,PERSON_00119,PERSON_00280,433,PHONE_00119,voice
CALL_003720,2025-08-09,PERSON_00120,PERSON_00309,598,PHONE_00120,missed
CALL_003721,2023-04-03,PERSON_00121,PERSON_00338,445,PHONE_00121,missed
CALL_003722,2021-05-15,PERSON_00122,PERSON_00367,705,PHONE_00122,voice
CALL_003723,2024-06-16,PERSON_00123,PERSON_00396,224,PHONE_00123,voice
CALL_003724,2022-04-05,PERSON_00124,PERSON_00425,532,PHONE_00124,voice
CALL_003725,2024-11-25,PERSON_00125,PERSON_00004,859,PHONE_00125,missed
CALL_003726,2021-01-08,PERSON_00126,PERSON_00134,104,PHONE_00126,missed
CALL_003727,2023-12-08,PERSON_00127,PERSON_00062,615,PHONE_00127,voice
CALL_003728,2025-10-26,PERSON_00128,PERSON_00091,508,PHONE_00128,voice
CALL_003729,2024-07-16,PERSON_00129,PERSON_00120,161,PHONE_00129,voice
CALL_003730,2024-06-27,PERSON_00130,PERSON_00149,471,PHONE_00130,voice
CALL_003731,2022-05-05,PERSON_00131,PERSON_00178,572,PHONE_00131,voice
CALL_003732,2026-04-16,PERSON_00132,PERSON_00207,463,PHONE_00132,missed
CALL_003733,2021-12-23,PERSON_00133,PERSON_00236,889,PHONE_00133,missed
CALL_003734,2024-01-24,PERSON_00134,PERSON_00265,690,PHONE_00134,voice
CALL_003735,2022-03-30,PERSON_00135,PERSON_00294,321,PHONE_00135,voice
CALL_003736,2025-02-16,PERSON_00136,PERSON_00323,75,PHONE_00136,voice
CALL_003737,2021-12-04,PERSON_00137,PERSON_00352,790,PHONE_00137,voice
CALL_003738,2024-04-03,PERSON_00138,PERSON_00381,764,PHONE_00138,missed
CALL_003739,2021-03-19,PERSON_00139,PERSON_00410,27,PHONE_00139,voice
CALL_003740,2026-05-07,PERSON_00140,PERSON_00439,44,PHONE_00140,voice
CALL_003741,2024-05-08,PERSON_00141,PERSON_00290,109,PHONE_00141,voice
CALL_003742,2023-06-11,PERSON_00142,PERSON_00047,534,PHONE_00142,voice
CALL_003743,2025-07-08,PERSON_00143,PERSON_00076,497,PHONE_00143,missed
CALL_003744,2021-04-18,PERSON_00144,PERSON_00105,59,PHONE_00144,voice
CALL_003745,2021-04-02,PERSON_00145,PERSON_00134,443,PHONE_00145,voice
CALL_003746,2022-08-27,PERSON_00146,PERSON_00163,206,PHONE_00146,voice
CALL_003747,2023-04-03,PERSON_00147,PERSON_00192,585,PHONE_00147,voice
CALL_003748,2024-01-21,PERSON_00148,PERSON_00221,620,PHONE_00148,missed
CALL_003749,2023-11-21,PERSON_00149,PERSON_00250,734,PHONE_00149,voice
CALL_003750,2024-01-09,PERSON_00150,PERSON_00279,765,PHONE_00150,missed
CALL_003751,2024-10-19,PERSON_00151,PERSON_00308,268,PHONE_00151,voice
CALL_003752,2023-07-25,PERSON_00152,PERSON_00337,471,PHONE_00152,voice
CALL_003753,2022-04-28,PERSON_00153,PERSON_00366,818,PHONE_00153,voice
CALL_003754,2024-03-17,PERSON_00154,PERSON_00395,882,PHONE_00154,missed
CALL_003755,2024-07-18,PERSON_00155,PERSON_00424,784,PHONE_00155,voice
CALL_003756,2021-02-12,PERSON_00156,PERSON_00144,78,PHONE_00156,missed
CALL_003757,2025-12-03,PERSON_00157,PERSON_00032,134,PHONE_00157,voice
CALL_003758,2022-08-21,PERSON_00158,PERSON_00061,728,PHONE_00158,voice
CALL_003759,2022-09-27,PERSON_00159,PERSON_00090,329,PHONE_00159,voice
CALL_003760,2025-04-21,PERSON_00160,PERSON_00119,137,PHONE_00160,voice
CALL_003761,2024-07-01,PERSON_00161,PERSON_00429,18,PHONE_00161,missed
CALL_003762,2022-11-23,PERSON_00162,PERSON_00177,731,PHONE_00162,missed
CALL_003763,2025-04-30,PERSON_00163,PERSON_00206,88,PHONE_00163,missed
CALL_003764,2025-12-24,PERSON_00164,PERSON_00235,878,PHONE_00164,missed
CALL_003765,2022-03-31,PERSON_00165,PERSON_00264,442,PHONE_00165,missed
CALL_003766,2024-07-15,PERSON_00166,PERSON_00350,62,PHONE_00166,voice
CALL_003767,2023-01-18,PERSON_00167,PERSON_00322,757,PHONE_00167,voice
CALL_003768,2025-10-18,PERSON_00168,PERSON_00351,792,PHONE_00168,voice
CALL_003769,2026-02-11,PERSON_00169,PERSON_00380,263,PHONE_00169,missed
CALL_003770,2025-06-29,PERSON_00170,PERSON_00409,729,PHONE_00170,voice
CALL_003771,2022-02-26,PERSON_00171,PERSON_00171,71,PHONE_00171,missed
CALL_003772,2023-08-21,PERSON_00172,PERSON_00017,97,PHONE_00172,voice
CALL_003773,2024-04-04,PERSON_00173,PERSON_00046,30,PHONE_00173,voice
CALL_003774,2026-03-03,PERSON_00174,PERSON_00075,803,PHONE_00174,missed
CALL_003775,2025-04-13,PERSON_00175,PERSON_00104,590,PHONE_00175,missed
CALL_003776,2023-02-23,PERSON_00176,PERSON_00133,252,PHONE_00176,voice
CALL_003777,2026-05-12,PERSON_00177,PERSON_00162,222,PHONE_00177,voice
CALL_003778,2022-04-03,PERSON_00178,PERSON_00191,377,PHONE_00178,voice
CALL_003779,2023-06-08,PERSON_00179,PERSON_00220,154,PHONE_00179,voice
CALL_003780,2022-08-30,PERSON_00180,PERSON_00249,657,PHONE_00180,voice
CALL_003781,2025-09-20,PERSON_00181,PERSON_00278,142,PHONE_00181,voice
CALL_003782,2021-02-07,PERSON_00182,PERSON_00307,379,PHONE_00182,voice
CALL_003783,2024-02-17,PERSON_00183,PERSON_00336,318,PHONE_00183,missed
CALL_003784,2023-01-31,PERSON_00184,PERSON_00365,830,PHONE_00184,voice
CALL_003785,2022-06-05,PERSON_00185,PERSON_00394,274,PHONE_00185,missed
CALL_003786,2021-05-18,PERSON_00186,PERSON_00423,302,PHONE_00186,voice
CALL_003787,2026-04-08,PERSON_00187,PERSON_00002,797,PHONE_00187,voice
CALL_003788,2022-04-22,PERSON_00188,PERSON_00031,342,PHONE_00188,voice
CALL_003789,2022-07-24,PERSON_00189,PERSON_00060,394,PHONE_00189,voice
CALL_003790,2024-02-03,PERSON_00190,PERSON_00089,712,PHONE_00190,voice
CALL_003791,2021-04-19,PERSON_00191,PERSON_00110,68,PHONE_00191,voice
CALL_003792,2025-05-02,PERSON_00192,PERSON_00147,327,PHONE_00192,voice
CALL_003793,2022-01-24,PERSON_00193,PERSON_00176,626,PHONE_00193,missed
CALL_003794,2024-09-19,PERSON_00194,PERSON_00205,271,PHONE_00194,voice
CALL_003795,2022-07-30,PERSON_00195,PERSON_00234,493,PHONE_00195,missed
CALL_003796,2025-08-26,PERSON_00196,PERSON_00321,16,PHONE_00196,voice
CALL_003797,2023-09-21,PERSON_00197,PERSON_00292,468,PHONE_00197,voice
CALL_003798,2026-03-29,PERSON_00198,PERSON_00321,786,PHONE_00198,missed
CALL_003799,2024-08-04,PERSON_00199,PERSON_00350,195,PHONE_00199,missed
CALL_003800,2026-06-26,PERSON_00200,PERSON_00379,299,PHONE_00200,missed
CALL_003801,2025-08-16,PERSON_00201,PERSON_00408,661,PHONE_00201,voice
CALL_003802,2022-12-26,PERSON_00202,PERSON_00437,575,PHONE_00202,missed
CALL_003803,2025-05-03,PERSON_00203,PERSON_00016,432,PHONE_00203,voice
CALL_003804,2026-02-06,PERSON_00204,PERSON_00045,168,PHONE_00204,missed
CALL_003805,2023-02-27,PERSON_00205,PERSON_00074,141,PHONE_00205,missed
CALL_003806,2025-01-18,PERSON_00206,PERSON_00103,330,PHONE_00206,voice
CALL_003807,2024-12-26,PERSON_00207,PERSON_00132,230,PHONE_00207,voice
CALL_003808,2026-01-13,PERSON_00208,PERSON_00161,466,PHONE_00208,voice
CALL_003809,2022-05-16,PERSON_00209,PERSON_00190,275,PHONE_00209,missed
CALL_003810,2021-12-02,PERSON_00210,PERSON_00219,872,PHONE_00210,missed
CALL_003811,2023-03-29,PERSON_00211,PERSON_00248,361,PHONE_00211,voice
CALL_003812,2024-02-09,PERSON_00212,PERSON_00277,140,PHONE_00212,missed
CALL_003813,2025-10-06,PERSON_00213,PERSON_00306,446,PHONE_00213,voice
CALL_003814,2021-06-08,PERSON_00214,PERSON_00335,169,PHONE_00214,voice
CALL_003815,2025-02-20,PERSON_00215,PERSON_00364,85,PHONE_00215,voice
CALL_003816,2024-03-09,PERSON_00216,PERSON_00122,99,PHONE_00216,voice
CALL_003817,2021-11-19,PERSON_00217,PERSON_00422,832,PHONE_00217,missed
CALL_003818,2021-04-23,PERSON_00218,PERSON_00001,886,PHONE_00218,missed
CALL_003819,2024-05-10,PERSON_00219,PERSON_00030,811,PHONE_00219,voice
CALL_003820,2023-02-11,PERSON_00220,PERSON_00059,673,PHONE_00220,missed
CALL_003821,2022-05-16,PERSON_00221,PERSON_00134,127,PHONE_00221,voice
CALL_003822,2023-10-22,PERSON_00222,PERSON_00117,526,PHONE_00222,voice
CALL_003823,2023-04-24,PERSON_00223,PERSON_00146,101,PHONE_00223,missed
CALL_003824,2025-04-24,PERSON_00224,PERSON_00175,766,PHONE_00224,voice
CALL_003825,2021-06-14,PERSON_00225,PERSON_00204,250,PHONE_00225,voice
CALL_003826,2021-07-17,PERSON_00226,PERSON_00117,106,PHONE_00226,missed
CALL_003827,2023-08-29,PERSON_00227,PERSON_00262,77,PHONE_00227,voice
CALL_003828,2024-07-05,PERSON_00228,PERSON_00291,461,PHONE_00228,voice
CALL_003829,2025-08-15,PERSON_00229,PERSON_00320,506,PHONE_00229,voice
CALL_003830,2026-05-31,PERSON_00230,PERSON_00349,890,PHONE_00230,missed
CALL_003831,2021-09-05,PERSON_00231,PERSON_00411,163,PHONE_00231,voice
CALL_003832,2024-02-01,PERSON_00232,PERSON_00407,767,PHONE_00232,voice
CALL_003833,2022-07-28,PERSON_00233,PERSON_00436,383,PHONE_00233,voice
CALL_003834,2023-07-04,PERSON_00234,PERSON_00015,853,PHONE_00234,voice
CALL_003835,2022-07-21,PERSON_00235,PERSON_00044,763,PHONE_00235,missed
CALL_003836,2023-11-01,PERSON_00236,PERSON_00073,263,PHONE_00236,voice
CALL_003837,2025-05-20,PERSON_00237,PERSON_00102,509,PHONE_00237,voice
CALL_003838,2023-11-06,PERSON_00238,PERSON_00131,741,PHONE_00238,missed
CALL_003839,2021-07-29,PERSON_00239,PERSON_00160,257,PHONE_00239,missed
CALL_003840,2021-01-19,PERSON_00240,PERSON_00189,261,PHONE_00240,missed
CALL_003841,2025-06-09,PERSON_00241,PERSON_00290,148,PHONE_00241,voice
CALL_003842,2024-01-26,PERSON_00242,PERSON_00247,138,PHONE_00242,voice
CALL_003843,2026-05-07,PERSON_00243,PERSON_00276,684,PHONE_00243,missed
CALL_003844,2024-06-24,PERSON_00244,PERSON_00305,731,PHONE_00244,missed
CALL_003845,2026-03-01,PERSON_00245,PERSON_00334,731,PHONE_00245,missed
CALL_003846,2024-12-31,PERSON_00246,PERSON_00363,385,PHONE_00246,voice
CALL_003847,2021-07-12,PERSON_00247,PERSON_00392,532,PHONE_00247,voice
CALL_003848,2024-08-30,PERSON_00248,PERSON_00421,842,PHONE_00248,missed
CALL_003849,2023-09-01,PERSON_00249,PERSON_00450,132,PHONE_00249,voice
CALL_003850,2021-08-27,PERSON_00250,PERSON_00029,217,PHONE_00250,missed
CALL_003851,2025-06-26,PERSON_00251,PERSON_00058,605,PHONE_00251,voice
CALL_003852,2025-10-17,PERSON_00252,PERSON_00087,580,PHONE_00252,voice
CALL_003853,2023-11-20,PERSON_00253,PERSON_00116,716,PHONE_00253,missed
CALL_003854,2024-05-24,PERSON_00254,PERSON_00145,733,PHONE_00254,voice
CALL_003855,2022-07-05,PERSON_00255,PERSON_00174,417,PHONE_00255,voice
CALL_003856,2022-03-30,PERSON_00256,PERSON_00219,145,PHONE_00256,voice
CALL_003857,2025-03-24,PERSON_00257,PERSON_00232,590,PHONE_00257,voice
CALL_003858,2025-02-19,PERSON_00258,PERSON_00261,134,PHONE_00258,voice
CALL_003859,2022-10-20,PERSON_00259,PERSON_00290,165,PHONE_00259,voice
CALL_003860,2023-12-20,PERSON_00260,PERSON_00319,502,PHONE_00260,voice
CALL_003861,2025-05-30,PERSON_00261,PERSON_00348,568,PHONE_00261,voice
CALL_003862,2026-02-20,PERSON_00262,PERSON_00377,476,PHONE_00262,missed
CALL_003863,2024-08-27,PERSON_00263,PERSON_00406,488,PHONE_00263,voice
CALL_003864,2024-06-13,PERSON_00264,PERSON_00435,606,PHONE_00264,missed
CALL_003865,2025-05-26,PERSON_00265,PERSON_00014,594,PHONE_00265,voice
CALL_003866,2022-07-15,PERSON_00266,PERSON_00043,591,PHONE_00266,voice
CALL_003867,2024-10-18,PERSON_00267,PERSON_00072,16,PHONE_00267,voice
CALL_003868,2024-03-18,PERSON_00268,PERSON_00101,239,PHONE_00268,voice
CALL_003869,2024-04-14,PERSON_00269,PERSON_00130,407,PHONE_00269,voice
CALL_003870,2024-12-15,PERSON_00270,PERSON_00159,543,PHONE_00270,voice
CALL_003871,2025-03-20,PERSON_00271,PERSON_00118,22,PHONE_00271,voice
CALL_003872,2024-11-30,PERSON_00272,PERSON_00217,79,PHONE_00272,missed
CALL_003873,2023-07-04,PERSON_00273,PERSON_00246,594,PHONE_00273,missed
CALL_003874,2025-10-28,PERSON_00274,PERSON_00275,690,PHONE_00274,voice
CALL_003875,2024-03-19,PERSON_00275,PERSON_00304,187,PHONE_00275,voice
CALL_003876,2025-11-18,PERSON_00276,PERSON_00333,695,PHONE_00276,voice
CALL_003877,2023-05-14,PERSON_00277,PERSON_00362,196,PHONE_00277,voice
CALL_003878,2024-01-15,PERSON_00278,PERSON_00391,253,PHONE_00278,voice
CALL_003879,2024-12-08,PERSON_00279,PERSON_00420,688,PHONE_00279,missed
CALL_003880,2024-07-04,PERSON_00280,PERSON_00449,612,PHONE_00280,voice
CALL_003881,2022-02-16,PERSON_00281,PERSON_00028,865,PHONE_00281,voice
CALL_003882,2023-03-31,PERSON_00282,PERSON_00057,807,PHONE_00282,voice
CALL_003883,2023-05-27,PERSON_00283,PERSON_00086,675,PHONE_00283,missed
CALL_003884,2022-06-06,PERSON_00284,PERSON_00115,89,PHONE_00284,missed
CALL_003885,2025-04-15,PERSON_00285,PERSON_00144,599,PHONE_00285,voice
CALL_003886,2023-10-14,PERSON_00286,PERSON_00205,49,PHONE_00286,voice
CALL_003887,2021-03-20,PERSON_00287,PERSON_00202,100,PHONE_00287,voice
CALL_003888,2022-03-11,PERSON_00288,PERSON_00231,77,PHONE_00288,missed
CALL_003889,2025-06-05,PERSON_00289,PERSON_00260,587,PHONE_00289,voice
CALL_003890,2023-01-31,PERSON_00290,PERSON_00289,146,PHONE_00290,missed
CALL_003891,2026-03-12,PERSON_00291,PERSON_00144,77,PHONE_00291,voice
CALL_003892,2021-01-31,PERSON_00292,PERSON_00347,416,PHONE_00292,voice
CALL_003893,2021-12-31,PERSON_00293,PERSON_00376,723,PHONE_00293,voice
CALL_003894,2025-01-02,PERSON_00294,PERSON_00405,424,PHONE_00294,missed
CALL_003895,2024-09-14,PERSON_00295,PERSON_00434,825,PHONE_00295,voice
CALL_003896,2024-07-24,PERSON_00296,PERSON_00013,381,PHONE_00296,voice
CALL_003897,2023-03-17,PERSON_00297,PERSON_00042,600,PHONE_00297,missed
CALL_003898,2021-02-07,PERSON_00298,PERSON_00071,244,PHONE_00298,missed
CALL_003899,2022-02-06,PERSON_00299,PERSON_00100,312,PHONE_00299,missed
CALL_003900,2023-12-31,PERSON_00300,PERSON_00129,644,PHONE_00300,voice
CALL_003901,2022-05-31,PERSON_00301,PERSON_00411,111,PHONE_00301,missed
CALL_003902,2021-07-24,PERSON_00302,PERSON_00187,446,PHONE_00302,voice
CALL_003903,2023-05-29,PERSON_00303,PERSON_00216,387,PHONE_00303,voice
CALL_003904,2023-02-13,PERSON_00304,PERSON_00245,869,PHONE_00304,missed
CALL_003905,2021-06-02,PERSON_00305,PERSON_00274,839,PHONE_00305,voice
CALL_003906,2024-02-07,PERSON_00306,PERSON_00303,807,PHONE_00306,voice
CALL_003907,2023-01-03,PERSON_00307,PERSON_00332,259,PHONE_00307,voice
CALL_003908,2024-03-01,PERSON_00308,PERSON_00361,858,PHONE_00308,voice
CALL_003909,2023-12-13,PERSON_00309,PERSON_00390,403,PHONE_00309,missed
CALL_003910,2025-07-24,PERSON_00310,PERSON_00419,647,PHONE_00310,voice
CALL_003911,2023-01-21,PERSON_00311,PERSON_00448,366,PHONE_00311,voice
CALL_003912,2024-01-26,PERSON_00312,PERSON_00027,496,PHONE_00312,voice
CALL_003913,2021-06-03,PERSON_00313,PERSON_00056,452,PHONE_00313,voice
CALL_003914,2023-08-10,PERSON_00314,PERSON_00085,838,PHONE_00314,voice
CALL_003915,2021-08-17,PERSON_00315,PERSON_00114,486,PHONE_00315,voice
CALL_003916,2025-11-23,PERSON_00316,PERSON_00143,170,PHONE_00316,missed
CALL_003917,2022-07-19,PERSON_00317,PERSON_00172,393,PHONE_00317,missed
CALL_003918,2024-03-24,PERSON_00318,PERSON_00201,17,PHONE_00318,missed
CALL_003919,2021-03-07,PERSON_00319,PERSON_00230,415,PHONE_00319,voice
CALL_003920,2024-04-09,PERSON_00320,PERSON_00259,292,PHONE_00320,missed
CALL_003921,2022-01-31,PERSON_00321,PERSON_00074,156,PHONE_00321,voice
CALL_003922,2022-08-30,PERSON_00322,PERSON_00317,600,PHONE_00322,voice
CALL_003923,2022-01-17,PERSON_00323,PERSON_00346,696,PHONE_00323,voice
CALL_003924,2021-02-26,PERSON_00324,PERSON_00375,127,PHONE_00324,voice
CALL_003925,2022-05-26,PERSON_00325,PERSON_00404,382,PHONE_00325,voice
CALL_003926,2025-07-06,PERSON_00326,PERSON_00433,421,PHONE_00326,voice
CALL_003927,2026-04-01,PERSON_00327,PERSON_00012,236,PHONE_00327,voice
CALL_003928,2024-12-09,PERSON_00328,PERSON_00041,890,PHONE_00328,voice
CALL_003929,2024-01-07,PERSON_00329,PERSON_00070,447,PHONE_00329,voice
CALL_003930,2023-12-16,PERSON_00330,PERSON_00099,742,PHONE_00330,missed
CALL_003931,2026-01-30,PERSON_00331,PERSON_00440,101,PHONE_00331,missed
CALL_003932,2023-05-05,PERSON_00332,PERSON_00157,871,PHONE_00332,voice
CALL_003933,2026-02-11,PERSON_00333,PERSON_00186,709,PHONE_00333,missed
CALL_003934,2026-01-11,PERSON_00334,PERSON_00215,754,PHONE_00334,voice
CALL_003935,2024-03-28,PERSON_00335,PERSON_00244,592,PHONE_00335,voice
CALL_003936,2022-05-18,PERSON_00336,PERSON_00030,134,PHONE_00336,voice
CALL_003937,2021-07-15,PERSON_00337,PERSON_00302,413,PHONE_00337,missed
CALL_003938,2023-10-19,PERSON_00338,PERSON_00331,655,PHONE_00338,voice
CALL_003939,2024-07-22,PERSON_00339,PERSON_00360,823,PHONE_00339,voice
CALL_003940,2021-01-27,PERSON_00340,PERSON_00389,655,PHONE_00340,voice
CALL_003941,2022-09-23,PERSON_00341,PERSON_00418,690,PHONE_00341,voice
CALL_003942,2021-11-24,PERSON_00342,PERSON_00447,143,PHONE_00342,missed
CALL_003943,2021-08-03,PERSON_00343,PERSON_00026,437,PHONE_00343,missed
CALL_003944,2024-02-25,PERSON_00344,PERSON_00055,477,PHONE_00344,missed
CALL_003945,2023-09-01,PERSON_00345,PERSON_00084,785,PHONE_00345,voice
CALL_003946,2025-11-30,PERSON_00346,PERSON_00113,786,PHONE_00346,missed
CALL_003947,2025-01-03,PERSON_00347,PERSON_00142,759,PHONE_00347,missed
CALL_003948,2022-03-14,PERSON_00348,PERSON_00171,806,PHONE_00348,voice
CALL_003949,2026-06-26,PERSON_00349,PERSON_00200,528,PHONE_00349,voice
CALL_003950,2023-09-25,PERSON_00350,PERSON_00229,631,PHONE_00350,voice
CALL_003951,2023-09-15,PERSON_00351,PERSON_00258,55,PHONE_00351,voice
CALL_003952,2021-04-24,PERSON_00352,PERSON_00287,89,PHONE_00352,missed
CALL_003953,2021-05-21,PERSON_00353,PERSON_00316,497,PHONE_00353,voice
CALL_003954,2025-02-13,PERSON_00354,PERSON_00345,595,PHONE_00354,voice
CALL_003955,2021-07-04,PERSON_00355,PERSON_00374,407,PHONE_00355,missed
CALL_003956,2023-12-16,PERSON_00356,PERSON_00403,827,PHONE_00356,missed
CALL_003957,2022-01-04,PERSON_00357,PERSON_00432,568,PHONE_00357,missed
CALL_003958,2022-03-22,PERSON_00358,PERSON_00011,39,PHONE_00358,voice
CALL_003959,2022-10-25,PERSON_00359,PERSON_00040,847,PHONE_00359,voice
CALL_003960,2024-09-29,PERSON_00360,PERSON_00069,457,PHONE_00360,voice
CALL_003961,2024-08-20,PERSON_00361,PERSON_00098,795,PHONE_00361,voice
CALL_003962,2024-08-21,PERSON_00362,PERSON_00127,445,PHONE_00362,voice
CALL_003963,2024-07-26,PERSON_00363,PERSON_00156,370,PHONE_00363,missed
CALL_003964,2026-04-18,PERSON_00364,PERSON_00185,34,PHONE_00364,voice
CALL_003965,2022-08-12,PERSON_00365,PERSON_00214,531,PHONE_00365,voice
CALL_003966,2023-02-08,PERSON_00366,PERSON_00340,74,PHONE_00366,voice
CALL_003967,2023-01-19,PERSON_00367,PERSON_00272,606,PHONE_00367,voice
CALL_003968,2022-04-05,PERSON_00368,PERSON_00301,846,PHONE_00368,voice
CALL_003969,2023-07-13,PERSON_00369,PERSON_00330,56,PHONE_00369,voice
CALL_003970,2021-09-25,PERSON_00370,PERSON_00359,52,PHONE_00370,voice
CALL_003971,2023-06-12,PERSON_00371,PERSON_00244,101,PHONE_00371,voice
CALL_003972,2024-01-13,PERSON_00372,PERSON_00417,530,PHONE_00372,voice
CALL_003973,2026-03-08,PERSON_00373,PERSON_00446,860,PHONE_00373,voice
CALL_003974,2022-04-11,PERSON_00374,PERSON_00025,220,PHONE_00374,voice
CALL_003975,2024-04-28,PERSON_00375,PERSON_00054,676,PHONE_00375,voice
CALL_003976,2024-12-17,PERSON_00376,PERSON_00439,97,PHONE_00376,missed
CALL_003977,2023-05-17,PERSON_00377,PERSON_00112,584,PHONE_00377,voice
CALL_003978,2024-11-15,PERSON_00378,PERSON_00141,24,PHONE_00378,voice
CALL_003979,2023-05-15,PERSON_00379,PERSON_00170,367,PHONE_00379,missed
CALL_003980,2026-01-18,PERSON_00380,PERSON_00199,596,PHONE_00380,voice
CALL_003981,2023-06-30,PERSON_00381,PERSON_00429,91,PHONE_00381,missed
CALL_003982,2025-07-06,PERSON_00382,PERSON_00257,86,PHONE_00382,voice
CALL_003983,2023-06-11,PERSON_00383,PERSON_00286,90,PHONE_00383,voice
CALL_003984,2024-09-24,PERSON_00384,PERSON_00315,872,PHONE_00384,missed
CALL_003985,2024-03-31,PERSON_00385,PERSON_00344,884,PHONE_00385,missed
CALL_003986,2022-02-15,PERSON_00386,PERSON_00373,624,PHONE_00386,voice
CALL_003987,2024-12-15,PERSON_00387,PERSON_00402,48,PHONE_00387,missed
CALL_003988,2021-03-02,PERSON_00388,PERSON_00431,247,PHONE_00388,voice
CALL_003989,2022-02-11,PERSON_00389,PERSON_00010,860,PHONE_00389,voice
CALL_003990,2025-05-25,PERSON_00390,PERSON_00039,508,PHONE_00390,missed
CALL_003991,2023-10-26,PERSON_00391,PERSON_00439,41,PHONE_00391,voice
CALL_003992,2022-07-16,PERSON_00392,PERSON_00097,488,PHONE_00392,voice
CALL_003993,2022-12-01,PERSON_00393,PERSON_00126,76,PHONE_00393,missed
CALL_003994,2021-07-11,PERSON_00394,PERSON_00155,897,PHONE_00394,voice
CALL_003995,2024-09-17,PERSON_00395,PERSON_00184,663,PHONE_00395,missed
CALL_003996,2021-03-10,PERSON_00396,PERSON_00213,574,PHONE_00396,missed
CALL_003997,2025-01-25,PERSON_00397,PERSON_00242,818,PHONE_00397,voice
CALL_003998,2023-03-20,PERSON_00398,PERSON_00271,634,PHONE_00398,voice
CALL_003999,2026-02-11,PERSON_00399,PERSON_00300,270,PHONE_00399,voice
CALL_004000,2025-03-18,PERSON_00400,PERSON_00329,557,PHONE_00400,voice
CALL_004001,2025-10-31,PERSON_00401,PERSON_00394,100,PHONE_00401,voice
CALL_004002,2025-05-03,PERSON_00402,PERSON_00387,93,PHONE_00402,voice
CALL_004003,2021-05-18,PERSON_00403,PERSON_00416,423,PHONE_00403,voice
CALL_004004,2023-11-05,PERSON_00404,PERSON_00445,640,PHONE_00404,voice
CALL_004005,2026-03-26,PERSON_00405,PERSON_00024,862,PHONE_00405,voice
CALL_004006,2021-04-21,PERSON_00406,PERSON_00355,30,PHONE_00406,missed
CALL_004007,2022-08-12,PERSON_00407,PERSON_00082,220,PHONE_00407,voice
CALL_004008,2024-04-05,PERSON_00408,PERSON_00111,531,PHONE_00408,voice
CALL_004009,2026-03-05,PERSON_00409,PERSON_00140,191,PHONE_00409,voice
CALL_004010,2022-07-14,PERSON_00410,PERSON_00169,508,PHONE_00410,voice
CALL_004011,2021-09-20,PERSON_00411,PERSON_00340,65,PHONE_00411,voice
CALL_004012,2023-07-14,PERSON_00412,PERSON_00227,671,PHONE_00412,voice
CALL_004013,2025-04-26,PERSON_00413,PERSON_00256,42,PHONE_00413,missed
CALL_004014,2021-01-26,PERSON_00414,PERSON_00285,824,PHONE_00414,missed
CALL_004015,2023-03-23,PERSON_00415,PERSON_00314,670,PHONE_00415,voice
CALL_004016,2025-03-23,PERSON_00416,PERSON_00343,300,PHONE_00416,voice
CALL_004017,2025-10-14,PERSON_00417,PERSON_00372,622,PHONE_00417,voice
CALL_004018,2023-11-12,PERSON_00418,PERSON_00401,792,PHONE_00418,missed
CALL_004019,2025-05-06,PERSON_00419,PERSON_00430,861,PHONE_00419,voice
CALL_004020,2025-02-27,PERSON_00420,PERSON_00009,750,PHONE_00420,voice
CALL_004021,2022-04-17,PERSON_00421,PERSON_00038,516,PHONE_00421,missed
CALL_004022,2021-12-03,PERSON_00422,PERSON_00067,435,PHONE_00422,voice
CALL_004023,2024-03-25,PERSON_00423,PERSON_00096,605,PHONE_00423,voice
CALL_004024,2025-04-17,PERSON_00424,PERSON_00125,323,PHONE_00424,missed
CALL_004025,2022-02-04,PERSON_00425,PERSON_00154,659,PHONE_00425,voice
CALL_004026,2025-03-07,PERSON_00426,PERSON_00183,333,PHONE_00426,voice
CALL_004027,2021-12-06,PERSON_00427,PERSON_00212,392,PHONE_00427,missed
CALL_004028,2022-12-01,PERSON_00428,PERSON_00241,79,PHONE_00428,voice
CALL_004029,2024-06-25,PERSON_00429,PERSON_00270,113,PHONE_00429,voice
CALL_004030,2022-02-15,PERSON_00430,PERSON_00299,76,PHONE_00430,missed
CALL_004031,2025-12-07,PERSON_00431,PERSON_00328,21,PHONE_00431,voice
CALL_004032,2025-09-21,PERSON_00432,PERSON_00357,720,PHONE_00432,voice
CALL_004033,2026-01-13,PERSON_00433,PERSON_00386,256,PHONE_00433,voice
CALL_004034,2021-06-19,PERSON_00434,PERSON_00415,676,PHONE_00434,voice
CALL_004035,2026-06-11,PERSON_00435,PERSON_00444,514,PHONE_00435,missed
CALL_004036,2022-01-07,PERSON_00436,PERSON_00242,65,PHONE_00436,voice
CALL_004037,2021-12-12,PERSON_00437,PERSON_00052,547,PHONE_00437,missed
CALL_004038,2023-02-01,PERSON_00438,PERSON_00081,725,PHONE_00438,missed
CALL_004039,2023-03-01,PERSON_00439,PERSON_00110,813,PHONE_00439,missed
CALL_004040,2021-06-12,PERSON_00440,PERSON_00139,223,PHONE_00440,missed
CALL_004041,2023-01-20,PERSON_00441,PERSON_00168,33,PHONE_00441,voice
CALL_004042,2024-09-16,PERSON_00442,PERSON_00197,275,PHONE_00442,missed
CALL_004043,2022-11-01,PERSON_00443,PERSON_00226,138,PHONE_00443,voice
CALL_004044,2021-09-06,PERSON_00444,PERSON_00255,825,PHONE_00444,voice
CALL_004045,2022-06-12,PERSON_00445,PERSON_00284,726,PHONE_00445,missed
CALL_004046,2024-10-27,PERSON_00446,PERSON_00313,312,PHONE_00446,missed
CALL_004047,2026-03-14,PERSON_00447,PERSON_00342,835,PHONE_00447,missed
CALL_004048,2021-01-12,PERSON_00448,PERSON_00371,591,PHONE_00448,voice
CALL_004049,2022-07-06,PERSON_00449,PERSON_00400,43,PHONE_00449,missed
CALL_004050,2025-11-13,PERSON_00450,PERSON_00429,97,PHONE_00450,voice
CALL_004051,2022-12-13,PERSON_00001,PERSON_00008,149,PHONE_00001,voice
CALL_004052,2024-07-04,PERSON_00002,PERSON_00037,817,PHONE_00002,missed
CALL_004053,2022-08-21,PERSON_00003,PERSON_00066,709,PHONE_00003,voice
CALL_004054,2021-03-07,PERSON_00004,PERSON_00095,168,PHONE_00004,missed
CALL_004055,2024-09-06,PERSON_00005,PERSON_00124,736,PHONE_00005,missed
CALL_004056,2023-08-27,PERSON_00006,PERSON_00006,81,PHONE_00006,voice
CALL_004057,2025-06-09,PERSON_00007,PERSON_00182,213,PHONE_00007,voice
CALL_004058,2022-08-22,PERSON_00008,PERSON_00211,779,PHONE_00008,missed
CALL_004059,2026-06-28,PERSON_00009,PERSON_00240,416,PHONE_00009,missed
CALL_004060,2026-04-09,PERSON_00010,PERSON_00269,102,PHONE_00010,missed
CALL_004061,2023-05-02,PERSON_00011,PERSON_00298,90,PHONE_00011,voice
CALL_004062,2024-11-10,PERSON_00012,PERSON_00327,299,PHONE_00012,voice
CALL_004063,2026-03-17,PERSON_00013,PERSON_00356,430,PHONE_00013,voice
CALL_004064,2021-11-20,PERSON_00014,PERSON_00385,69,PHONE_00014,voice
CALL_004065,2021-02-10,PERSON_00015,PERSON_00414,694,PHONE_00015,voice
CALL_004066,2022-07-10,PERSON_00016,PERSON_00371,98,PHONE_00016,voice
CALL_004067,2023-01-04,PERSON_00017,PERSON_00022,442,PHONE_00017,missed
CALL_004068,2024-07-11,PERSON_00018,PERSON_00051,190,PHONE_00018,voice
CALL_004069,2023-12-21,PERSON_00019,PERSON_00080,638,PHONE_00019,voice
CALL_004070,2022-08-06,PERSON_00020,PERSON_00109,761,PHONE_00020,voice
CALL_004071,2021-05-12,PERSON_00021,PERSON_00268,88,PHONE_00021,voice
CALL_004072,2023-10-23,PERSON_00022,PERSON_00167,734,PHONE_00022,missed
CALL_004073,2025-12-28,PERSON_00023,PERSON_00196,753,PHONE_00023,voice
CALL_004074,2022-02-19,PERSON_00024,PERSON_00225,75,PHONE_00024,voice
CALL_004075,2024-06-14,PERSON_00025,PERSON_00254,634,PHONE_00025,voice
CALL_004076,2024-06-10,PERSON_00026,PERSON_00283,776,PHONE_00026,missed
CALL_004077,2026-01-10,PERSON_00027,PERSON_00312,741,PHONE_00027,voice
CALL_004078,2023-07-10,PERSON_00028,PERSON_00341,196,PHONE_00028,missed
CALL_004079,2026-01-27,PERSON_00029,PERSON_00370,257,PHONE_00029,voice
CALL_004080,2024-05-20,PERSON_00030,PERSON_00399,623,PHONE_00030,missed
CALL_004081,2025-07-19,PERSON_00031,PERSON_00428,610,PHONE_00031,voice
CALL_004082,2021-11-25,PERSON_00032,PERSON_00007,224,PHONE_00032,missed
CALL_004083,2022-02-24,PERSON_00033,PERSON_00036,449,PHONE_00033,voice
CALL_004084,2023-12-22,PERSON_00034,PERSON_00065,595,PHONE_00034,voice
CALL_004085,2021-05-16,PERSON_00035,PERSON_00094,805,PHONE_00035,voice
CALL_004086,2022-08-13,PERSON_00036,PERSON_00123,289,PHONE_00036,missed
CALL_004087,2023-04-18,PERSON_00037,PERSON_00152,875,PHONE_00037,missed
CALL_004088,2025-12-10,PERSON_00038,PERSON_00181,561,PHONE_00038,missed
CALL_004089,2022-03-09,PERSON_00039,PERSON_00210,252,PHONE_00039,voice
CALL_004090,2024-05-22,PERSON_00040,PERSON_00239,419,PHONE_00040,voice
CALL_004091,2021-03-13,PERSON_00041,PERSON_00268,736,PHONE_00041,voice
CALL_004092,2025-03-03,PERSON_00042,PERSON_00297,759,PHONE_00042,voice
CALL_004093,2025-03-14,PERSON_00043,PERSON_00326,361,PHONE_00043,voice
CALL_004094,2025-10-17,PERSON_00044,PERSON_00355,467,PHONE_00044,voice
CALL_004095,2026-02-06,PERSON_00045,PERSON_00384,670,PHONE_00045,missed
CALL_004096,2023-05-07,PERSON_00046,PERSON_00436,86,PHONE_00046,missed
CALL_004097,2024-11-21,PERSON_00047,PERSON_00442,360,PHONE_00047,missed
CALL_004098,2023-06-01,PERSON_00048,PERSON_00021,779,PHONE_00048,voice
CALL_004099,2021-07-09,PERSON_00049,PERSON_00050,398,PHONE_00049,missed
CALL_004100,2024-11-21,PERSON_00050,PERSON_00079,342,PHONE_00050,missed
CALL_004101,2023-08-21,PERSON_00051,PERSON_00108,763,PHONE_00051,voice
CALL_004102,2021-09-02,PERSON_00052,PERSON_00137,671,PHONE_00052,voice
CALL_004103,2022-07-17,PERSON_00053,PERSON_00166,404,PHONE_00053,missed
CALL_004104,2023-06-24,PERSON_00054,PERSON_00195,737,PHONE_00054,voice
CALL_004105,2025-02-14,PERSON_00055,PERSON_00224,513,PHONE_00055,voice
CALL_004106,2025-10-28,PERSON_00056,PERSON_00253,482,PHONE_00056,missed
CALL_004107,2024-06-19,PERSON_00057,PERSON_00282,594,PHONE_00057,missed
CALL_004108,2023-12-18,PERSON_00058,PERSON_00311,737,PHONE_00058,missed
CALL_004109,2025-11-05,PERSON_00059,PERSON_00340,664,PHONE_00059,voice
CALL_004110,2025-04-17,PERSON_00060,PERSON_00369,312,PHONE_00060,voice
CALL_004111,2026-05-18,PERSON_00061,PERSON_00018,81,PHONE_00061,missed
CALL_004112,2021-03-30,PERSON_00062,PERSON_00427,674,PHONE_00062,voice
CALL_004113,2022-03-09,PERSON_00063,PERSON_00006,446,PHONE_00063,voice
CALL_004114,2021-12-18,PERSON_00064,PERSON_00035,657,PHONE_00064,voice
CALL_004115,2024-01-17,PERSON_00065,PERSON_00064,693,PHONE_00065,voice
CALL_004116,2024-01-03,PERSON_00066,PERSON_00093,402,PHONE_00066,missed
CALL_004117,2023-05-20,PERSON_00067,PERSON_00122,416,PHONE_00067,voice
CALL_004118,2025-01-29,PERSON_00068,PERSON_00151,585,PHONE_00068,missed
CALL_004119,2024-07-20,PERSON_00069,PERSON_00180,496,PHONE_00069,missed
CALL_004120,2023-09-03,PERSON_00070,PERSON_00209,405,PHONE_00070,voice
CALL_004121,2025-10-02,PERSON_00071,PERSON_00238,229,PHONE_00071,voice
CALL_004122,2025-06-21,PERSON_00072,PERSON_00267,458,PHONE_00072,missed
CALL_004123,2023-04-13,PERSON_00073,PERSON_00296,503,PHONE_00073,voice
CALL_004124,2025-05-10,PERSON_00074,PERSON_00325,327,PHONE_00074,voice
CALL_004125,2026-01-28,PERSON_00075,PERSON_00354,431,PHONE_00075,voice
CALL_004126,2025-11-08,PERSON_00076,PERSON_00355,91,PHONE_00076,voice
CALL_004127,2022-11-21,PERSON_00077,PERSON_00412,108,PHONE_00077,voice
CALL_004128,2022-01-24,PERSON_00078,PERSON_00441,289,PHONE_00078,voice
CALL_004129,2023-04-26,PERSON_00079,PERSON_00020,773,PHONE_00079,missed
CALL_004130,2021-03-28,PERSON_00080,PERSON_00049,544,PHONE_00080,voice
CALL_004131,2024-07-04,PERSON_00081,PERSON_00429,176,PHONE_00081,missed
CALL_004132,2021-07-01,PERSON_00082,PERSON_00107,432,PHONE_00082,missed
CALL_004133,2024-12-13,PERSON_00083,PERSON_00136,495,PHONE_00083,voice
CALL_004134,2025-08-10,PERSON_00084,PERSON_00165,601,PHONE_00084,voice
CALL_004135,2022-09-29,PERSON_00085,PERSON_00194,535,PHONE_00085,voice
CALL_004136,2023-09-11,PERSON_00086,PERSON_00038,177,PHONE_00086,voice
CALL_004137,2024-07-08,PERSON_00087,PERSON_00252,17,PHONE_00087,voice
CALL_004138,2025-07-20,PERSON_00088,PERSON_00281,826,PHONE_00088,missed
CALL_004139,2026-01-21,PERSON_00089,PERSON_00310,658,PHONE_00089,missed
CALL_004140,2022-04-09,PERSON_00090,PERSON_00339,429,PHONE_00090,voice
CALL_004141,2025-11-14,PERSON_00091,PERSON_00368,553,PHONE_00091,voice
CALL_004142,2025-01-03,PERSON_00092,PERSON_00397,240,PHONE_00092,voice
CALL_004143,2026-03-08,PERSON_00093,PERSON_00426,722,PHONE_00093,voice
CALL_004144,2024-02-23,PERSON_00094,PERSON_00005,534,PHONE_00094,voice
CALL_004145,2025-09-21,PERSON_00095,PERSON_00034,407,PHONE_00095,missed
CALL_004146,2022-04-11,PERSON_00096,PERSON_00063,634,PHONE_00096,missed
CALL_004147,2024-09-13,PERSON_00097,PERSON_00092,839,PHONE_00097,voice
CALL_004148,2023-02-18,PERSON_00098,PERSON_00121,831,PHONE_00098,missed
CALL_004149,2023-10-11,PERSON_00099,PERSON_00150,63,PHONE_00099,voice
CALL_004150,2022-07-04,PERSON_00100,PERSON_00179,514,PHONE_00100,voice
CALL_004151,2022-08-25,PERSON_00101,PERSON_00219,119,PHONE_00101,missed
CALL_004152,2022-06-11,PERSON_00102,PERSON_00237,302,PHONE_00102,missed
CALL_004153,2025-05-05,PERSON_00103,PERSON_00266,404,PHONE_00103,missed
CALL_004154,2026-05-06,PERSON_00104,PERSON_00295,559,PHONE_00104,missed
CALL_004155,2021-09-27,PERSON_00105,PERSON_00324,83,PHONE_00105,voice
CALL_004156,2023-03-26,PERSON_00106,PERSON_00250,30,PHONE_00106,missed
CALL_004157,2022-03-10,PERSON_00107,PERSON_00382,729,PHONE_00107,missed
CALL_004158,2022-02-04,PERSON_00108,PERSON_00411,468,PHONE_00108,voice
CALL_004159,2026-06-09,PERSON_00109,PERSON_00440,724,PHONE_00109,voice
CALL_004160,2024-04-30,PERSON_00110,PERSON_00019,180,PHONE_00110,voice
CALL_004161,2022-10-14,PERSON_00111,PERSON_00048,205,PHONE_00111,missed
CALL_004162,2021-01-24,PERSON_00112,PERSON_00077,512,PHONE_00112,voice
CALL_004163,2023-07-29,PERSON_00113,PERSON_00106,154,PHONE_00113,missed
CALL_004164,2023-04-21,PERSON_00114,PERSON_00135,859,PHONE_00114,voice
CALL_004165,2023-06-25,PERSON_00115,PERSON_00164,579,PHONE_00115,voice
CALL_004166,2021-08-30,PERSON_00116,PERSON_00193,413,PHONE_00116,voice
CALL_004167,2026-01-05,PERSON_00117,PERSON_00222,697,PHONE_00117,voice
CALL_004168,2021-01-15,PERSON_00118,PERSON_00251,805,PHONE_00118,voice
CALL_004169,2022-09-12,PERSON_00119,PERSON_00280,548,PHONE_00119,missed
CALL_004170,2023-03-15,PERSON_00120,PERSON_00309,749,PHONE_00120,voice
CALL_004171,2022-08-15,PERSON_00121,PERSON_00338,872,PHONE_00121,voice
CALL_004172,2025-12-08,PERSON_00122,PERSON_00367,327,PHONE_00122,missed
CALL_004173,2024-06-17,PERSON_00123,PERSON_00396,868,PHONE_00123,voice
CALL_004174,2026-03-18,PERSON_00124,PERSON_00425,147,PHONE_00124,voice
CALL_004175,2022-11-07,PERSON_00125,PERSON_00004,562,PHONE_00125,voice
CALL_004176,2021-07-15,PERSON_00126,PERSON_00340,86,PHONE_00126,missed
CALL_004177,2022-04-17,PERSON_00127,PERSON_00062,747,PHONE_00127,voice
CALL_004178,2021-07-24,PERSON_00128,PERSON_00091,377,PHONE_00128,voice
CALL_004179,2024-07-25,PERSON_00129,PERSON_00120,655,PHONE_00129,voice
CALL_004180,2024-05-20,PERSON_00130,PERSON_00149,897,PHONE_00130,missed
CALL_004181,2023-09-08,PERSON_00131,PERSON_00178,23,PHONE_00131,voice
CALL_004182,2022-10-30,PERSON_00132,PERSON_00207,324,PHONE_00132,missed
CALL_004183,2023-02-02,PERSON_00133,PERSON_00236,717,PHONE_00133,missed
CALL_004184,2023-03-16,PERSON_00134,PERSON_00265,144,PHONE_00134,voice
CALL_004185,2024-01-05,PERSON_00135,PERSON_00294,178,PHONE_00135,missed
CALL_004186,2025-08-10,PERSON_00136,PERSON_00323,607,PHONE_00136,voice
CALL_004187,2021-09-14,PERSON_00137,PERSON_00352,452,PHONE_00137,missed
CALL_004188,2022-12-20,PERSON_00138,PERSON_00381,737,PHONE_00138,voice
CALL_004189,2021-11-19,PERSON_00139,PERSON_00410,455,PHONE_00139,voice
CALL_004190,2025-09-04,PERSON_00140,PERSON_00439,436,PHONE_00140,voice
CALL_004191,2026-04-05,PERSON_00141,PERSON_00012,27,PHONE_00141,voice
CALL_004192,2023-03-11,PERSON_00142,PERSON_00047,98,PHONE_00142,voice
CALL_004193,2024-02-03,PERSON_00143,PERSON_00076,396,PHONE_00143,missed
CALL_004194,2022-03-23,PERSON_00144,PERSON_00105,85,PHONE_00144,missed
CALL_004195,2026-01-05,PERSON_00145,PERSON_00134,732,PHONE_00145,missed
CALL_004196,2023-09-29,PERSON_00146,PERSON_00163,841,PHONE_00146,voice
CALL_004197,2024-11-16,PERSON_00147,PERSON_00192,128,PHONE_00147,voice
CALL_004198,2021-07-14,PERSON_00148,PERSON_00221,778,PHONE_00148,voice
CALL_004199,2021-10-18,PERSON_00149,PERSON_00250,658,PHONE_00149,voice
CALL_004200,2025-04-07,PERSON_00150,PERSON_00279,540,PHONE_00150,voice
CALL_004201,2023-08-23,PERSON_00151,PERSON_00308,191,PHONE_00151,voice
CALL_004202,2024-09-30,PERSON_00152,PERSON_00337,398,PHONE_00152,voice
CALL_004203,2023-03-03,PERSON_00153,PERSON_00366,457,PHONE_00153,missed
CALL_004204,2024-12-28,PERSON_00154,PERSON_00395,431,PHONE_00154,missed
CALL_004205,2025-01-15,PERSON_00155,PERSON_00424,670,PHONE_00155,voice
CALL_004206,2021-01-14,PERSON_00156,PERSON_00134,44,PHONE_00156,voice
CALL_004207,2025-12-14,PERSON_00157,PERSON_00032,665,PHONE_00157,voice
CALL_004208,2025-08-28,PERSON_00158,PERSON_00061,684,PHONE_00158,voice
CALL_004209,2022-08-06,PERSON_00159,PERSON_00090,76,PHONE_00159,voice
CALL_004210,2023-11-28,PERSON_00160,PERSON_00119,760,PHONE_00160,missed
CALL_004211,2022-05-07,PERSON_00161,PERSON_00030,142,PHONE_00161,voice
CALL_004212,2024-02-28,PERSON_00162,PERSON_00177,544,PHONE_00162,voice
CALL_004213,2021-08-10,PERSON_00163,PERSON_00206,312,PHONE_00163,voice
CALL_004214,2026-03-25,PERSON_00164,PERSON_00235,735,PHONE_00164,voice
CALL_004215,2021-09-26,PERSON_00165,PERSON_00264,739,PHONE_00165,voice
CALL_004216,2023-04-06,PERSON_00166,PERSON_00290,137,PHONE_00166,missed
CALL_004217,2024-09-02,PERSON_00167,PERSON_00322,888,PHONE_00167,missed
CALL_004218,2021-09-10,PERSON_00168,PERSON_00351,365,PHONE_00168,voice
CALL_004219,2021-07-19,PERSON_00169,PERSON_00380,373,PHONE_00169,voice
CALL_004220,2022-07-29,PERSON_00170,PERSON_00409,48,PHONE_00170,missed
CALL_004221,2024-08-25,PERSON_00171,PERSON_00014,26,PHONE_00171,voice
CALL_004222,2022-03-15,PERSON_00172,PERSON_00017,233,PHONE_00172,voice
CALL_004223,2022-09-27,PERSON_00173,PERSON_00046,296,PHONE_00173,missed
CALL_004224,2021-05-06,PERSON_00174,PERSON_00075,739,PHONE_00174,voice
CALL_004225,2021-05-27,PERSON_00175,PERSON_00104,564,PHONE_00175,missed
CALL_004226,2025-07-16,PERSON_00176,PERSON_00133,561,PHONE_00176,voice
CALL_004227,2021-09-14,PERSON_00177,PERSON_00162,66,PHONE_00177,voice
CALL_004228,2024-11-23,PERSON_00178,PERSON_00191,101,PHONE_00178,voice
CALL_004229,2022-10-31,PERSON_00179,PERSON_00220,62,PHONE_00179,missed
CALL_004230,2023-07-17,PERSON_00180,PERSON_00249,249,PHONE_00180,voice
CALL_004231,2021-09-02,PERSON_00181,PERSON_00278,344,PHONE_00181,missed
CALL_004232,2021-11-26,PERSON_00182,PERSON_00307,712,PHONE_00182,voice
CALL_004233,2025-04-21,PERSON_00183,PERSON_00336,436,PHONE_00183,voice
CALL_004234,2021-09-13,PERSON_00184,PERSON_00365,165,PHONE_00184,missed
CALL_004235,2022-09-08,PERSON_00185,PERSON_00394,524,PHONE_00185,voice
CALL_004236,2021-10-07,PERSON_00186,PERSON_00423,273,PHONE_00186,missed
CALL_004237,2022-07-06,PERSON_00187,PERSON_00002,719,PHONE_00187,missed
CALL_004238,2024-01-31,PERSON_00188,PERSON_00031,794,PHONE_00188,missed
CALL_004239,2023-05-01,PERSON_00189,PERSON_00060,108,PHONE_00189,voice
CALL_004240,2021-08-13,PERSON_00190,PERSON_00089,554,PHONE_00190,voice
CALL_004241,2025-09-13,PERSON_00191,PERSON_00006,69,PHONE_00191,voice
CALL_004242,2025-10-26,PERSON_00192,PERSON_00147,356,PHONE_00192,missed
CALL_004243,2026-03-30,PERSON_00193,PERSON_00176,411,PHONE_00193,voice
CALL_004244,2026-04-22,PERSON_00194,PERSON_00205,646,PHONE_00194,missed
CALL_004245,2025-10-18,PERSON_00195,PERSON_00234,462,PHONE_00195,voice
CALL_004246,2022-06-15,PERSON_00196,PERSON_00318,85,PHONE_00196,voice
CALL_004247,2021-07-05,PERSON_00197,PERSON_00292,512,PHONE_00197,voice
CALL_004248,2022-10-31,PERSON_00198,PERSON_00321,785,PHONE_00198,voice
CALL_004249,2024-12-17,PERSON_00199,PERSON_00350,770,PHONE_00199,voice
CALL_004250,2021-09-07,PERSON_00200,PERSON_00379,539,PHONE_00200,missed
CALL_004251,2026-05-22,PERSON_00201,PERSON_00408,608,PHONE_00201,voice
CALL_004252,2021-09-28,PERSON_00202,PERSON_00437,355,PHONE_00202,missed
CALL_004253,2023-10-13,PERSON_00203,PERSON_00016,787,PHONE_00203,voice
CALL_004254,2021-02-01,PERSON_00204,PERSON_00045,835,PHONE_00204,voice
CALL_004255,2021-07-14,PERSON_00205,PERSON_00074,687,PHONE_00205,voice
CALL_004256,2023-03-10,PERSON_00206,PERSON_00103,155,PHONE_00206,voice
CALL_004257,2022-10-21,PERSON_00207,PERSON_00132,333,PHONE_00207,voice
CALL_004258,2025-05-01,PERSON_00208,PERSON_00161,339,PHONE_00208,voice
CALL_004259,2022-10-17,PERSON_00209,PERSON_00190,403,PHONE_00209,missed
CALL_004260,2021-01-19,PERSON_00210,PERSON_00219,452,PHONE_00210,voice
CALL_004261,2021-03-11,PERSON_00211,PERSON_00248,708,PHONE_00211,missed
CALL_004262,2021-07-27,PERSON_00212,PERSON_00277,538,PHONE_00212,voice
CALL_004263,2025-10-21,PERSON_00213,PERSON_00306,595,PHONE_00213,voice
CALL_004264,2022-11-16,PERSON_00214,PERSON_00335,360,PHONE_00214,voice
CALL_004265,2021-10-18,PERSON_00215,PERSON_00364,870,PHONE_00215,voice
CALL_004266,2021-06-19,PERSON_00216,PERSON_00292,31,PHONE_00216,missed
CALL_004267,2023-08-26,PERSON_00217,PERSON_00422,275,PHONE_00217,voice
CALL_004268,2023-10-17,PERSON_00218,PERSON_00001,149,PHONE_00218,voice
CALL_004269,2021-11-12,PERSON_00219,PERSON_00030,245,PHONE_00219,missed
CALL_004270,2023-07-27,PERSON_00220,PERSON_00059,489,PHONE_00220,voice
CALL_004271,2022-05-10,PERSON_00221,PERSON_00075,89,PHONE_00221,voice
CALL_004272,2024-03-01,PERSON_00222,PERSON_00117,376,PHONE_00222,voice
CALL_004273,2024-08-14,PERSON_00223,PERSON_00146,141,PHONE_00223,voice
CALL_004274,2023-02-20,PERSON_00224,PERSON_00175,755,PHONE_00224,voice
CALL_004275,2023-04-20,PERSON_00225,PERSON_00204,21,PHONE_00225,voice
CALL_004276,2024-11-04,PERSON_00226,PERSON_00245,47,PHONE_00226,voice
CALL_004277,2025-09-05,PERSON_00227,PERSON_00262,594,PHONE_00227,voice
CALL_004278,2026-03-26,PERSON_00228,PERSON_00291,226,PHONE_00228,voice
CALL_004279,2022-03-12,PERSON_00229,PERSON_00320,326,PHONE_00229,voice
CALL_004280,2026-02-02,PERSON_00230,PERSON_00349,468,PHONE_00230,missed
CALL_004281,2026-05-12,PERSON_00231,PERSON_00290,53,PHONE_00231,voice
CALL_004282,2021-04-04,PERSON_00232,PERSON_00407,74,PHONE_00232,voice
CALL_004283,2021-10-10,PERSON_00233,PERSON_00436,856,PHONE_00233,voice
CALL_004284,2022-06-09,PERSON_00234,PERSON_00015,578,PHONE_00234,missed
CALL_004285,2026-02-26,PERSON_00235,PERSON_00044,598,PHONE_00235,voice
CALL_004286,2025-04-02,PERSON_00236,PERSON_00073,26,PHONE_00236,voice
CALL_004287,2022-05-22,PERSON_00237,PERSON_00102,272,PHONE_00237,voice
CALL_004288,2021-09-30,PERSON_00238,PERSON_00131,562,PHONE_00238,voice
CALL_004289,2023-12-31,PERSON_00239,PERSON_00160,108,PHONE_00239,voice
CALL_004290,2023-12-28,PERSON_00240,PERSON_00189,367,PHONE_00240,missed
CALL_004291,2026-02-03,PERSON_00241,PERSON_00081,166,PHONE_00241,missed
CALL_004292,2023-10-27,PERSON_00242,PERSON_00247,526,PHONE_00242,voice
CALL_004293,2025-10-19,PERSON_00243,PERSON_00276,849,PHONE_00243,voice
CALL_004294,2024-02-14,PERSON_00244,PERSON_00305,191,PHONE_00244,voice
CALL_004295,2023-05-25,PERSON_00245,PERSON_00334,515,PHONE_00245,voice
CALL_004296,2022-01-16,PERSON_00246,PERSON_00363,296,PHONE_00246,voice
CALL_004297,2023-05-15,PERSON_00247,PERSON_00392,549,PHONE_00247,voice
CALL_004298,2021-10-28,PERSON_00248,PERSON_00421,751,PHONE_00248,voice
CALL_004299,2021-07-01,PERSON_00249,PERSON_00450,325,PHONE_00249,voice
CALL_004300,2026-06-17,PERSON_00250,PERSON_00029,645,PHONE_00250,voice
CALL_004301,2025-10-12,PERSON_00251,PERSON_00058,314,PHONE_00251,voice
CALL_004302,2026-04-07,PERSON_00252,PERSON_00087,765,PHONE_00252,voice
CALL_004303,2022-05-09,PERSON_00253,PERSON_00116,408,PHONE_00253,voice
CALL_004304,2023-03-13,PERSON_00254,PERSON_00145,573,PHONE_00254,voice
CALL_004305,2024-12-30,PERSON_00255,PERSON_00174,841,PHONE_00255,voice
CALL_004306,2024-08-06,PERSON_00256,PERSON_00074,97,PHONE_00256,missed
CALL_004307,2023-07-12,PERSON_00257,PERSON_00232,858,PHONE_00257,voice
CALL_004308,2022-02-07,PERSON_00258,PERSON_00261,833,PHONE_00258,voice
CALL_004309,2022-06-16,PERSON_00259,PERSON_00290,862,PHONE_00259,voice
CALL_004310,2025-01-02,PERSON_00260,PERSON_00319,350,PHONE_00260,missed
CALL_004311,2026-06-06,PERSON_00261,PERSON_00348,623,PHONE_00261,voice
CALL_004312,2024-11-16,PERSON_00262,PERSON_00377,622,PHONE_00262,voice
CALL_004313,2025-07-31,PERSON_00263,PERSON_00406,123,PHONE_00263,missed
CALL_004314,2023-10-12,PERSON_00264,PERSON_00435,703,PHONE_00264,voice
CALL_004315,2026-04-22,PERSON_00265,PERSON_00014,773,PHONE_00265,voice
CALL_004316,2023-02-02,PERSON_00266,PERSON_00043,189,PHONE_00266,missed
CALL_004317,2022-02-23,PERSON_00267,PERSON_00072,170,PHONE_00267,missed
CALL_004318,2025-04-09,PERSON_00268,PERSON_00101,142,PHONE_00268,missed
CALL_004319,2022-07-17,PERSON_00269,PERSON_00130,584,PHONE_00269,voice
CALL_004320,2022-08-04,PERSON_00270,PERSON_00159,829,PHONE_00270,missed
CALL_004321,2021-12-29,PERSON_00271,PERSON_00182,155,PHONE_00271,voice
CALL_004322,2024-02-29,PERSON_00272,PERSON_00217,405,PHONE_00272,voice
CALL_004323,2022-12-29,PERSON_00273,PERSON_00246,287,PHONE_00273,voice
CALL_004324,2024-12-20,PERSON_00274,PERSON_00275,477,PHONE_00274,voice
CALL_004325,2024-06-09,PERSON_00275,PERSON_00304,466,PHONE_00275,voice
CALL_004326,2023-05-30,PERSON_00276,PERSON_00333,313,PHONE_00276,voice
CALL_004327,2025-05-31,PERSON_00277,PERSON_00362,852,PHONE_00277,voice
CALL_004328,2024-12-15,PERSON_00278,PERSON_00391,667,PHONE_00278,voice
CALL_004329,2024-04-22,PERSON_00279,PERSON_00420,156,PHONE_00279,voice
CALL_004330,2024-01-06,PERSON_00280,PERSON_00449,601,PHONE_00280,voice
CALL_004331,2023-09-07,PERSON_00281,PERSON_00028,143,PHONE_00281,voice
CALL_004332,2026-03-09,PERSON_00282,PERSON_00057,639,PHONE_00282,voice
CALL_004333,2022-12-28,PERSON_00283,PERSON_00086,287,PHONE_00283,missed
CALL_004334,2023-05-08,PERSON_00284,PERSON_00115,816,PHONE_00284,missed
CALL_004335,2025-06-23,PERSON_00285,PERSON_00144,251,PHONE_00285,voice
CALL_004336,2021-08-30,PERSON_00286,PERSON_00340,169,PHONE_00286,voice
CALL_004337,2024-10-29,PERSON_00287,PERSON_00202,186,PHONE_00287,voice
CALL_004338,2023-03-24,PERSON_00288,PERSON_00231,360,PHONE_00288,missed
CALL_004339,2021-04-19,PERSON_00289,PERSON_00260,158,PHONE_00289,voice
CALL_004340,2022-11-06,PERSON_00290,PERSON_00289,459,PHONE_00290,missed
CALL_004341,2024-12-11,PERSON_00291,PERSON_00093,108,PHONE_00291,voice
CALL_004342,2021-09-18,PERSON_00292,PERSON_00347,57,PHONE_00292,voice
CALL_004343,2026-04-16,PERSON_00293,PERSON_00376,68,PHONE_00293,missed
CALL_004344,2021-02-12,PERSON_00294,PERSON_00405,611,PHONE_00294,voice
CALL_004345,2025-02-21,PERSON_00295,PERSON_00434,25,PHONE_00295,missed
CALL_004346,2022-09-11,PERSON_00296,PERSON_00013,379,PHONE_00296,voice
CALL_004347,2026-02-22,PERSON_00297,PERSON_00042,685,PHONE_00297,voice
CALL_004348,2023-08-12,PERSON_00298,PERSON_00071,181,PHONE_00298,voice
CALL_004349,2025-07-07,PERSON_00299,PERSON_00100,823,PHONE_00299,missed
CALL_004350,2021-07-31,PERSON_00300,PERSON_00129,512,PHONE_00300,voice
CALL_004351,2023-04-29,PERSON_00301,PERSON_00237,127,PHONE_00301,missed
CALL_004352,2021-10-21,PERSON_00302,PERSON_00187,835,PHONE_00302,voice
CALL_004353,2026-05-26,PERSON_00303,PERSON_00216,244,PHONE_00303,voice
CALL_004354,2023-06-17,PERSON_00304,PERSON_00245,261,PHONE_00304,missed
CALL_004355,2022-02-15,PERSON_00305,PERSON_00274,750,PHONE_00305,voice
CALL_004356,2024-04-18,PERSON_00306,PERSON_00303,505,PHONE_00306,voice
CALL_004357,2026-06-05,PERSON_00307,PERSON_00332,328,PHONE_00307,missed
CALL_004358,2021-03-01,PERSON_00308,PERSON_00361,746,PHONE_00308,voice
CALL_004359,2022-01-04,PERSON_00309,PERSON_00390,201,PHONE_00309,missed
CALL_004360,2021-09-06,PERSON_00310,PERSON_00419,371,PHONE_00310,voice
CALL_004361,2022-03-30,PERSON_00311,PERSON_00448,41,PHONE_00311,missed
CALL_004362,2026-04-04,PERSON_00312,PERSON_00027,522,PHONE_00312,voice
CALL_004363,2021-02-27,PERSON_00313,PERSON_00056,359,PHONE_00313,voice
CALL_004364,2021-06-21,PERSON_00314,PERSON_00085,259,PHONE_00314,voice
CALL_004365,2026-01-19,PERSON_00315,PERSON_00114,112,PHONE_00315,voice
CALL_004366,2022-05-22,PERSON_00316,PERSON_00143,793,PHONE_00316,voice
CALL_004367,2021-12-02,PERSON_00317,PERSON_00172,527,PHONE_00317,voice
CALL_004368,2022-10-27,PERSON_00318,PERSON_00201,44,PHONE_00318,voice
CALL_004369,2023-09-18,PERSON_00319,PERSON_00230,884,PHONE_00319,missed
CALL_004370,2022-06-10,PERSON_00320,PERSON_00259,782,PHONE_00320,voice
CALL_004371,2025-10-05,PERSON_00321,PERSON_00101,122,PHONE_00321,voice
CALL_004372,2025-07-28,PERSON_00322,PERSON_00317,63,PHONE_00322,voice
CALL_004373,2024-05-12,PERSON_00323,PERSON_00346,341,PHONE_00323,voice
CALL_004374,2023-06-24,PERSON_00324,PERSON_00375,286,PHONE_00324,missed
CALL_004375,2023-03-05,PERSON_00325,PERSON_00404,649,PHONE_00325,missed
CALL_004376,2025-07-24,PERSON_00326,PERSON_00433,430,PHONE_00326,voice
CALL_004377,2024-01-01,PERSON_00327,PERSON_00012,696,PHONE_00327,missed
CALL_004378,2023-06-21,PERSON_00328,PERSON_00041,582,PHONE_00328,voice
CALL_004379,2021-08-24,PERSON_00329,PERSON_00070,855,PHONE_00329,missed
CALL_004380,2023-01-26,PERSON_00330,PERSON_00099,121,PHONE_00330,missed
CALL_004381,2021-09-11,PERSON_00331,PERSON_00075,67,PHONE_00331,voice
CALL_004382,2022-08-22,PERSON_00332,PERSON_00157,69,PHONE_00332,voice
CALL_004383,2023-07-23,PERSON_00333,PERSON_00186,422,PHONE_00333,voice
CALL_004384,2021-07-23,PERSON_00334,PERSON_00215,324,PHONE_00334,missed
CALL_004385,2024-08-26,PERSON_00335,PERSON_00244,805,PHONE_00335,missed
CALL_004386,2022-11-13,PERSON_00336,PERSON_00350,8,PHONE_00336,voice
CALL_004387,2022-09-26,PERSON_00337,PERSON_00302,503,PHONE_00337,voice
CALL_004388,2023-09-11,PERSON_00338,PERSON_00331,558,PHONE_00338,voice
CALL_004389,2026-02-26,PERSON_00339,PERSON_00360,636,PHONE_00339,voice
CALL_004390,2026-05-08,PERSON_00340,PERSON_00389,128,PHONE_00340,missed
CALL_004391,2025-05-15,PERSON_00341,PERSON_00418,464,PHONE_00341,voice
CALL_004392,2021-11-12,PERSON_00342,PERSON_00447,168,PHONE_00342,missed
CALL_004393,2023-04-15,PERSON_00343,PERSON_00026,175,PHONE_00343,missed
CALL_004394,2025-10-29,PERSON_00344,PERSON_00055,742,PHONE_00344,voice
CALL_004395,2022-07-27,PERSON_00345,PERSON_00084,315,PHONE_00345,voice
CALL_004396,2023-03-02,PERSON_00346,PERSON_00113,329,PHONE_00346,missed
CALL_004397,2026-03-29,PERSON_00347,PERSON_00142,634,PHONE_00347,voice
CALL_004398,2025-01-16,PERSON_00348,PERSON_00171,33,PHONE_00348,voice
CALL_004399,2024-08-23,PERSON_00349,PERSON_00200,703,PHONE_00349,missed
CALL_004400,2021-05-27,PERSON_00350,PERSON_00229,792,PHONE_00350,missed
CALL_004401,2021-05-02,PERSON_00351,PERSON_00258,464,PHONE_00351,missed
CALL_004402,2023-01-26,PERSON_00352,PERSON_00287,671,PHONE_00352,missed
CALL_004403,2023-04-27,PERSON_00353,PERSON_00316,651,PHONE_00353,voice
CALL_004404,2023-03-07,PERSON_00354,PERSON_00345,642,PHONE_00354,voice
CALL_004405,2022-12-08,PERSON_00355,PERSON_00374,564,PHONE_00355,voice
CALL_004406,2021-05-26,PERSON_00356,PERSON_00403,814,PHONE_00356,voice
CALL_004407,2026-05-11,PERSON_00357,PERSON_00432,325,PHONE_00357,voice
CALL_004408,2026-05-08,PERSON_00358,PERSON_00011,66,PHONE_00358,voice
CALL_004409,2024-02-22,PERSON_00359,PERSON_00040,514,PHONE_00359,missed
CALL_004410,2025-01-26,PERSON_00360,PERSON_00069,433,PHONE_00360,voice
CALL_004411,2022-05-03,PERSON_00361,PERSON_00098,489,PHONE_00361,voice
CALL_004412,2023-06-03,PERSON_00362,PERSON_00127,425,PHONE_00362,voice
CALL_004413,2024-02-20,PERSON_00363,PERSON_00156,502,PHONE_00363,voice
CALL_004414,2026-04-29,PERSON_00364,PERSON_00185,796,PHONE_00364,missed
CALL_004415,2022-05-02,PERSON_00365,PERSON_00214,858,PHONE_00365,voice
CALL_004416,2023-09-29,PERSON_00366,PERSON_00321,87,PHONE_00366,voice
CALL_004417,2021-08-20,PERSON_00367,PERSON_00272,232,PHONE_00367,missed
CALL_004418,2024-03-16,PERSON_00368,PERSON_00301,481,PHONE_00368,missed
CALL_004419,2025-12-28,PERSON_00369,PERSON_00330,765,PHONE_00369,voice
CALL_004420,2023-11-18,PERSON_00370,PERSON_00359,721,PHONE_00370,voice
CALL_004421,2023-07-15,PERSON_00371,PERSON_00439,51,PHONE_00371,missed
CALL_004422,2025-08-30,PERSON_00372,PERSON_00417,599,PHONE_00372,voice
CALL_004423,2025-07-23,PERSON_00373,PERSON_00446,184,PHONE_00373,voice
CALL_004424,2021-02-19,PERSON_00374,PERSON_00025,47,PHONE_00374,voice
CALL_004425,2021-09-02,PERSON_00375,PERSON_00054,784,PHONE_00375,voice
CALL_004426,2024-10-30,PERSON_00376,PERSON_00030,46,PHONE_00376,voice
CALL_004427,2024-08-31,PERSON_00377,PERSON_00112,583,PHONE_00377,voice
CALL_004428,2025-01-02,PERSON_00378,PERSON_00141,696,PHONE_00378,missed
CALL_004429,2023-09-28,PERSON_00379,PERSON_00170,354,PHONE_00379,missed
CALL_004430,2025-02-23,PERSON_00380,PERSON_00199,105,PHONE_00380,missed
CALL_004431,2025-07-04,PERSON_00381,PERSON_00394,36,PHONE_00381,missed
CALL_004432,2022-08-31,PERSON_00382,PERSON_00257,535,PHONE_00382,voice
CALL_004433,2022-06-17,PERSON_00383,PERSON_00286,753,PHONE_00383,voice
CALL_004434,2023-06-16,PERSON_00384,PERSON_00315,196,PHONE_00384,voice
CALL_004435,2024-06-27,PERSON_00385,PERSON_00344,293,PHONE_00385,missed
CALL_004436,2024-06-18,PERSON_00386,PERSON_00373,165,PHONE_00386,missed
CALL_004437,2021-03-24,PERSON_00387,PERSON_00402,646,PHONE_00387,voice
CALL_004438,2025-05-15,PERSON_00388,PERSON_00431,486,PHONE_00388,voice
CALL_004439,2021-05-04,PERSON_00389,PERSON_00010,548,PHONE_00389,voice
CALL_004440,2021-02-01,PERSON_00390,PERSON_00039,645,PHONE_00390,voice
CALL_004441,2025-11-14,PERSON_00391,PERSON_00118,157,PHONE_00391,missed
CALL_004442,2022-06-20,PERSON_00392,PERSON_00097,890,PHONE_00392,voice
CALL_004443,2024-02-10,PERSON_00393,PERSON_00126,841,PHONE_00393,voice
CALL_004444,2023-07-27,PERSON_00394,PERSON_00155,29,PHONE_00394,voice
CALL_004445,2022-05-23,PERSON_00395,PERSON_00184,399,PHONE_00395,voice
CALL_004446,2022-01-21,PERSON_00396,PERSON_00213,557,PHONE_00396,missed
CALL_004447,2022-08-18,PERSON_00397,PERSON_00242,464,PHONE_00397,missed
CALL_004448,2022-07-23,PERSON_00398,PERSON_00271,773,PHONE_00398,voice
CALL_004449,2022-04-24,PERSON_00399,PERSON_00300,67,PHONE_00399,missed
CALL_004450,2025-06-12,PERSON_00400,PERSON_00329,900,PHONE_00400,missed
CALL_004451,2021-02-21,PERSON_00401,PERSON_00209,71,PHONE_00401,voice
CALL_004452,2023-12-17,PERSON_00402,PERSON_00387,575,PHONE_00402,missed
CALL_004453,2022-04-02,PERSON_00403,PERSON_00416,307,PHONE_00403,voice
CALL_004454,2023-04-03,PERSON_00404,PERSON_00445,110,PHONE_00404,missed
CALL_004455,2024-07-01,PERSON_00405,PERSON_00024,839,PHONE_00405,voice
CALL_004456,2021-09-13,PERSON_00406,PERSON_00118,53,PHONE_00406,missed
CALL_004457,2025-08-30,PERSON_00407,PERSON_00082,233,PHONE_00407,voice
CALL_004458,2021-08-06,PERSON_00408,PERSON_00111,416,PHONE_00408,voice
CALL_004459,2021-06-07,PERSON_00409,PERSON_00140,523,PHONE_00409,missed
CALL_004460,2025-12-15,PERSON_00410,PERSON_00169,449,PHONE_00410,missed
CALL_004461,2025-06-12,PERSON_00411,PERSON_00292,14,PHONE_00411,voice
CALL_004462,2021-02-28,PERSON_00412,PERSON_00227,397,PHONE_00412,missed
CALL_004463,2024-01-14,PERSON_00413,PERSON_00256,624,PHONE_00413,voice
CALL_004464,2022-03-18,PERSON_00414,PERSON_00285,563,PHONE_00414,voice
CALL_004465,2022-01-10,PERSON_00415,PERSON_00314,181,PHONE_00415,voice
CALL_004466,2021-05-04,PERSON_00416,PERSON_00343,355,PHONE_00416,voice
CALL_004467,2024-05-01,PERSON_00417,PERSON_00372,815,PHONE_00417,voice
CALL_004468,2022-02-09,PERSON_00418,PERSON_00401,593,PHONE_00418,missed
CALL_004469,2021-09-22,PERSON_00419,PERSON_00430,524,PHONE_00419,voice
CALL_004470,2022-07-25,PERSON_00420,PERSON_00009,238,PHONE_00420,missed
CALL_004471,2025-09-05,PERSON_00421,PERSON_00038,856,PHONE_00421,voice
CALL_004472,2022-11-18,PERSON_00422,PERSON_00067,740,PHONE_00422,missed
CALL_004473,2022-12-10,PERSON_00423,PERSON_00096,361,PHONE_00423,voice
CALL_004474,2022-07-23,PERSON_00424,PERSON_00125,770,PHONE_00424,missed
CALL_004475,2023-04-09,PERSON_00425,PERSON_00154,357,PHONE_00425,voice
CALL_004476,2023-10-30,PERSON_00426,PERSON_00183,559,PHONE_00426,voice
CALL_004477,2023-04-02,PERSON_00427,PERSON_00212,240,PHONE_00427,missed
CALL_004478,2023-03-17,PERSON_00428,PERSON_00241,34,PHONE_00428,voice
CALL_004479,2025-08-03,PERSON_00429,PERSON_00270,752,PHONE_00429,voice
CALL_004480,2024-08-13,PERSON_00430,PERSON_00299,532,PHONE_00430,voice
CALL_004481,2025-11-20,PERSON_00431,PERSON_00328,148,PHONE_00431,voice
CALL_004482,2022-02-14,PERSON_00432,PERSON_00357,843,PHONE_00432,voice
CALL_004483,2026-01-16,PERSON_00433,PERSON_00386,95,PHONE_00433,voice
CALL_004484,2024-11-12,PERSON_00434,PERSON_00415,518,PHONE_00434,voice
CALL_004485,2024-05-30,PERSON_00435,PERSON_00444,442,PHONE_00435,voice
CALL_004486,2022-10-04,PERSON_00436,PERSON_00134,21,PHONE_00436,voice
CALL_004487,2024-06-19,PERSON_00437,PERSON_00052,884,PHONE_00437,voice
CALL_004488,2023-03-22,PERSON_00438,PERSON_00081,897,PHONE_00438,missed
CALL_004489,2021-01-07,PERSON_00439,PERSON_00110,237,PHONE_00439,missed
CALL_004490,2023-07-11,PERSON_00440,PERSON_00139,346,PHONE_00440,voice
CALL_004491,2025-06-28,PERSON_00441,PERSON_00168,181,PHONE_00441,missed
CALL_004492,2022-03-28,PERSON_00442,PERSON_00197,259,PHONE_00442,voice
CALL_004493,2024-11-10,PERSON_00443,PERSON_00226,320,PHONE_00443,voice
CALL_004494,2025-10-13,PERSON_00444,PERSON_00255,815,PHONE_00444,missed
CALL_004495,2021-04-01,PERSON_00445,PERSON_00284,646,PHONE_00445,voice
CALL_004496,2023-09-29,PERSON_00446,PERSON_00313,118,PHONE_00446,missed
CALL_004497,2021-10-07,PERSON_00447,PERSON_00342,789,PHONE_00447,missed
CALL_004498,2021-02-07,PERSON_00448,PERSON_00371,279,PHONE_00448,voice
CALL_004499,2022-03-31,PERSON_00449,PERSON_00400,819,PHONE_00449,missed
CALL_004500,2025-07-30,PERSON_00450,PERSON_00429,336,PHONE_00450,voice
CALL_004501,2021-02-14,PERSON_00001,PERSON_00008,648,PHONE_00001,voice
CALL_004502,2022-06-05,PERSON_00002,PERSON_00037,301,PHONE_00002,missed
CALL_004503,2022-07-29,PERSON_00003,PERSON_00066,668,PHONE_00003,voice
CALL_004504,2024-12-06,PERSON_00004,PERSON_00095,142,PHONE_00004,missed
CALL_004505,2023-09-25,PERSON_00005,PERSON_00124,664,PHONE_00005,missed
CALL_004506,2022-10-17,PERSON_00006,PERSON_00128,142,PHONE_00006,missed
CALL_004507,2024-07-14,PERSON_00007,PERSON_00182,47,PHONE_00007,voice
CALL_004508,2024-02-26,PERSON_00008,PERSON_00211,278,PHONE_00008,voice
CALL_004509,2026-05-08,PERSON_00009,PERSON_00240,391,PHONE_00009,voice
CALL_004510,2023-02-20,PERSON_00010,PERSON_00269,886,PHONE_00010,missed
CALL_004511,2025-01-15,PERSON_00011,PERSON_00298,46,PHONE_00011,missed
CALL_004512,2023-06-16,PERSON_00012,PERSON_00327,337,PHONE_00012,voice
CALL_004513,2021-11-03,PERSON_00013,PERSON_00356,68,PHONE_00013,missed
CALL_004514,2024-10-11,PERSON_00014,PERSON_00385,656,PHONE_00014,missed
CALL_004515,2025-11-25,PERSON_00015,PERSON_00414,830,PHONE_00015,voice
CALL_004516,2023-08-20,PERSON_00016,PERSON_00110,96,PHONE_00016,voice
CALL_004517,2025-08-11,PERSON_00017,PERSON_00022,849,PHONE_00017,voice
CALL_004518,2023-09-10,PERSON_00018,PERSON_00051,678,PHONE_00018,voice
CALL_004519,2025-02-09,PERSON_00019,PERSON_00080,899,PHONE_00019,voice
CALL_004520,2021-04-21,PERSON_00020,PERSON_00109,305,PHONE_00020,voice
CALL_004521,2021-09-12,PERSON_00021,PERSON_00171,69,PHONE_00021,voice
CALL_004522,2022-05-10,PERSON_00022,PERSON_00167,391,PHONE_00022,voice
CALL_004523,2026-04-19,PERSON_00023,PERSON_00196,496,PHONE_00023,voice
CALL_004524,2022-06-04,PERSON_00024,PERSON_00225,313,PHONE_00024,voice
CALL_004525,2026-02-25,PERSON_00025,PERSON_00254,23,PHONE_00025,voice
CALL_004526,2025-10-13,PERSON_00026,PERSON_00283,480,PHONE_00026,missed
CALL_004527,2026-05-03,PERSON_00027,PERSON_00312,844,PHONE_00027,voice
CALL_004528,2023-07-26,PERSON_00028,PERSON_00341,320,PHONE_00028,voice
CALL_004529,2023-04-16,PERSON_00029,PERSON_00370,246,PHONE_00029,voice
CALL_004530,2024-08-07,PERSON_00030,PERSON_00399,365,PHONE_00030,voice
CALL_004531,2025-04-28,PERSON_00031,PERSON_00428,697,PHONE_00031,missed
CALL_004532,2023-09-14,PERSON_00032,PERSON_00007,80,PHONE_00032,voice
CALL_004533,2022-09-07,PERSON_00033,PERSON_00036,236,PHONE_00033,voice
CALL_004534,2021-01-20,PERSON_00034,PERSON_00065,465,PHONE_00034,voice
CALL_004535,2026-01-22,PERSON_00035,PERSON_00094,49,PHONE_00035,voice
CALL_004536,2021-04-27,PERSON_00036,PERSON_00123,433,PHONE_00036,voice
CALL_004537,2024-09-13,PERSON_00037,PERSON_00152,114,PHONE_00037,missed
CALL_004538,2022-12-23,PERSON_00038,PERSON_00181,315,PHONE_00038,missed
CALL_004539,2025-08-08,PERSON_00039,PERSON_00210,360,PHONE_00039,voice
CALL_004540,2022-11-20,PERSON_00040,PERSON_00239,825,PHONE_00040,voice
CALL_004541,2023-12-17,PERSON_00041,PERSON_00268,874,PHONE_00041,voice
CALL_004542,2022-03-10,PERSON_00042,PERSON_00297,426,PHONE_00042,missed
CALL_004543,2024-01-05,PERSON_00043,PERSON_00326,105,PHONE_00043,missed
CALL_004544,2025-11-05,PERSON_00044,PERSON_00355,234,PHONE_00044,voice
CALL_004545,2025-11-02,PERSON_00045,PERSON_00384,491,PHONE_00045,missed
CALL_004546,2025-06-15,PERSON_00046,PERSON_00012,33,PHONE_00046,voice
CALL_004547,2021-12-17,PERSON_00047,PERSON_00442,468,PHONE_00047,voice
CALL_004548,2021-10-04,PERSON_00048,PERSON_00021,414,PHONE_00048,voice
CALL_004549,2023-05-14,PERSON_00049,PERSON_00050,585,PHONE_00049,missed
CALL_004550,2025-05-13,PERSON_00050,PERSON_00079,517,PHONE_00050,voice
CALL_004551,2024-03-27,PERSON_00051,PERSON_00108,871,PHONE_00051,voice
CALL_004552,2021-12-05,PERSON_00052,PERSON_00137,39,PHONE_00052,voice
CALL_004553,2026-06-04,PERSON_00053,PERSON_00166,730,PHONE_00053,voice
CALL_004554,2023-03-21,PERSON_00054,PERSON_00195,560,PHONE_00054,voice
CALL_004555,2021-04-06,PERSON_00055,PERSON_00224,136,PHONE_00055,missed
CALL_004556,2022-08-03,PERSON_00056,PERSON_00253,401,PHONE_00056,voice
CALL_004557,2023-12-18,PERSON_00057,PERSON_00282,188,PHONE_00057,voice
CALL_004558,2023-01-29,PERSON_00058,PERSON_00311,714,PHONE_00058,voice
CALL_004559,2026-03-05,PERSON_00059,PERSON_00340,617,PHONE_00059,voice
CALL_004560,2023-12-04,PERSON_00060,PERSON_00369,835,PHONE_00060,voice
CALL_004561,2022-05-08,PERSON_00061,PERSON_00250,100,PHONE_00061,voice
CALL_004562,2021-07-02,PERSON_00062,PERSON_00427,368,PHONE_00062,voice
CALL_004563,2026-04-01,PERSON_00063,PERSON_00006,301,PHONE_00063,missed
CALL_004564,2024-10-28,PERSON_00064,PERSON_00035,113,PHONE_00064,voice
CALL_004565,2024-02-04,PERSON_00065,PERSON_00064,75,PHONE_00065,voice
CALL_004566,2022-05-08,PERSON_00066,PERSON_00093,38,PHONE_00066,missed
CALL_004567,2025-06-06,PERSON_00067,PERSON_00122,717,PHONE_00067,missed
CALL_004568,2023-09-18,PERSON_00068,PERSON_00151,236,PHONE_00068,missed
CALL_004569,2023-02-09,PERSON_00069,PERSON_00180,675,PHONE_00069,voice
CALL_004570,2023-02-28,PERSON_00070,PERSON_00209,184,PHONE_00070,missed
CALL_004571,2025-09-12,PERSON_00071,PERSON_00238,213,PHONE_00071,missed
CALL_004572,2021-05-12,PERSON_00072,PERSON_00267,783,PHONE_00072,voice
CALL_004573,2022-08-31,PERSON_00073,PERSON_00296,896,PHONE_00073,voice
CALL_004574,2021-06-22,PERSON_00074,PERSON_00325,153,PHONE_00074,voice
CALL_004575,2022-05-28,PERSON_00075,PERSON_00354,608,PHONE_00075,missed
CALL_004576,2026-05-11,PERSON_00076,PERSON_00202,156,PHONE_00076,missed
CALL_004577,2024-09-07,PERSON_00077,PERSON_00412,448,PHONE_00077,voice
CALL_004578,2022-05-28,PERSON_00078,PERSON_00441,381,PHONE_00078,voice
CALL_004579,2023-05-16,PERSON_00079,PERSON_00020,333,PHONE_00079,missed
CALL_004580,2022-03-03,PERSON_00080,PERSON_00049,243,PHONE_00080,voice
CALL_004581,2023-08-16,PERSON_00081,PERSON_00006,40,PHONE_00081,voice
CALL_004582,2022-07-27,PERSON_00082,PERSON_00107,19,PHONE_00082,missed
CALL_004583,2021-01-27,PERSON_00083,PERSON_00136,884,PHONE_00083,voice
CALL_004584,2025-07-28,PERSON_00084,PERSON_00165,627,PHONE_00084,voice
CALL_004585,2023-01-26,PERSON_00085,PERSON_00194,72,PHONE_00085,voice
CALL_004586,2022-04-06,PERSON_00086,PERSON_00287,174,PHONE_00086,missed
CALL_004587,2024-05-29,PERSON_00087,PERSON_00252,850,PHONE_00087,voice
CALL_004588,2024-05-20,PERSON_00088,PERSON_00281,773,PHONE_00088,voice
CALL_004589,2021-03-29,PERSON_00089,PERSON_00310,297,PHONE_00089,voice
CALL_004590,2026-06-27,PERSON_00090,PERSON_00339,682,PHONE_00090,missed
CALL_004591,2022-09-26,PERSON_00091,PERSON_00368,550,PHONE_00091,voice
CALL_004592,2026-04-12,PERSON_00092,PERSON_00397,458,PHONE_00092,missed
CALL_004593,2025-08-18,PERSON_00093,PERSON_00426,67,PHONE_00093,voice
CALL_004594,2026-06-13,PERSON_00094,PERSON_00005,827,PHONE_00094,missed
CALL_004595,2025-06-09,PERSON_00095,PERSON_00034,615,PHONE_00095,voice
CALL_004596,2026-06-30,PERSON_00096,PERSON_00063,612,PHONE_00096,missed
CALL_004597,2023-12-01,PERSON_00097,PERSON_00092,811,PHONE_00097,voice
CALL_004598,2021-05-29,PERSON_00098,PERSON_00121,121,PHONE_00098,voice
CALL_004599,2025-05-09,PERSON_00099,PERSON_00150,76,PHONE_00099,voice
CALL_004600,2021-04-24,PERSON_00100,PERSON_00179,408,PHONE_00100,missed
CALL_004601,2021-01-02,PERSON_00101,PERSON_00194,92,PHONE_00101,voice
CALL_004602,2022-02-28,PERSON_00102,PERSON_00237,697,PHONE_00102,voice
CALL_004603,2021-03-08,PERSON_00103,PERSON_00266,892,PHONE_00103,voice
CALL_004604,2023-02-18,PERSON_00104,PERSON_00295,126,PHONE_00104,missed
CALL_004605,2025-11-18,PERSON_00105,PERSON_00324,220,PHONE_00105,missed
CALL_004606,2022-05-16,PERSON_00106,PERSON_00370,66,PHONE_00106,missed
CALL_004607,2025-02-01,PERSON_00107,PERSON_00382,623,PHONE_00107,voice
CALL_004608,2021-06-11,PERSON_00108,PERSON_00411,133,PHONE_00108,voice
CALL_004609,2022-01-17,PERSON_00109,PERSON_00440,512,PHONE_00109,missed
CALL_004610,2023-06-12,PERSON_00110,PERSON_00019,792,PHONE_00110,voice
CALL_004611,2025-09-16,PERSON_00111,PERSON_00048,213,PHONE_00111,voice
CALL_004612,2026-01-03,PERSON_00112,PERSON_00077,174,PHONE_00112,missed
CALL_004613,2021-05-28,PERSON_00113,PERSON_00106,636,PHONE_00113,missed
CALL_004614,2022-01-19,PERSON_00114,PERSON_00135,537,PHONE_00114,voice
CALL_004615,2023-04-08,PERSON_00115,PERSON_00164,715,PHONE_00115,voice
CALL_004616,2025-05-01,PERSON_00116,PERSON_00193,408,PHONE_00116,voice
CALL_004617,2021-09-23,PERSON_00117,PERSON_00222,436,PHONE_00117,missed
CALL_004618,2025-07-08,PERSON_00118,PERSON_00251,795,PHONE_00118,missed
CALL_004619,2021-02-26,PERSON_00119,PERSON_00280,689,PHONE_00119,voice
CALL_004620,2021-11-02,PERSON_00120,PERSON_00309,421,PHONE_00120,voice
CALL_004621,2022-07-29,PERSON_00121,PERSON_00338,541,PHONE_00121,voice
CALL_004622,2021-08-02,PERSON_00122,PERSON_00367,707,PHONE_00122,missed
CALL_004623,2024-08-17,PERSON_00123,PERSON_00396,196,PHONE_00123,missed
CALL_004624,2026-03-05,PERSON_00124,PERSON_00425,265,PHONE_00124,voice
CALL_004625,2026-02-06,PERSON_00125,PERSON_00004,576,PHONE_00125,voice
CALL_004626,2021-01-28,PERSON_00126,PERSON_00329,53,PHONE_00126,voice
CALL_004627,2021-11-22,PERSON_00127,PERSON_00062,264,PHONE_00127,missed
CALL_004628,2025-08-09,PERSON_00128,PERSON_00091,263,PHONE_00128,voice
CALL_004629,2023-01-02,PERSON_00129,PERSON_00120,422,PHONE_00129,voice
CALL_004630,2021-08-11,PERSON_00130,PERSON_00149,188,PHONE_00130,voice
CALL_004631,2022-05-12,PERSON_00131,PERSON_00178,833,PHONE_00131,voice
CALL_004632,2023-10-31,PERSON_00132,PERSON_00207,510,PHONE_00132,voice
CALL_004633,2024-05-19,PERSON_00133,PERSON_00236,800,PHONE_00133,missed
CALL_004634,2025-11-26,PERSON_00134,PERSON_00265,610,PHONE_00134,voice
CALL_004635,2025-10-03,PERSON_00135,PERSON_00294,459,PHONE_00135,missed
CALL_004636,2025-02-28,PERSON_00136,PERSON_00323,481,PHONE_00136,voice
CALL_004637,2022-07-01,PERSON_00137,PERSON_00352,415,PHONE_00137,missed
CALL_004638,2024-03-27,PERSON_00138,PERSON_00381,138,PHONE_00138,missed
CALL_004639,2026-04-18,PERSON_00139,PERSON_00410,358,PHONE_00139,missed
CALL_004640,2021-03-23,PERSON_00140,PERSON_00439,706,PHONE_00140,voice
CALL_004641,2025-11-18,PERSON_00141,PERSON_00076,33,PHONE_00141,missed
CALL_004642,2023-04-03,PERSON_00142,PERSON_00047,719,PHONE_00142,voice
CALL_004643,2026-03-18,PERSON_00143,PERSON_00076,131,PHONE_00143,voice
CALL_004644,2022-06-07,PERSON_00144,PERSON_00105,880,PHONE_00144,voice
CALL_004645,2023-02-20,PERSON_00145,PERSON_00134,731,PHONE_00145,voice
CALL_004646,2025-12-12,PERSON_00146,PERSON_00163,449,PHONE_00146,voice
CALL_004647,2025-08-13,PERSON_00147,PERSON_00192,449,PHONE_00147,voice
CALL_004648,2023-07-30,PERSON_00148,PERSON_00221,99,PHONE_00148,voice
CALL_004649,2023-02-01,PERSON_00149,PERSON_00250,33,PHONE_00149,missed
CALL_004650,2025-09-16,PERSON_00150,PERSON_00279,98,PHONE_00150,missed
CALL_004651,2024-06-26,PERSON_00151,PERSON_00308,216,PHONE_00151,missed
CALL_004652,2023-07-26,PERSON_00152,PERSON_00337,402,PHONE_00152,voice
CALL_004653,2025-03-04,PERSON_00153,PERSON_00366,16,PHONE_00153,voice
CALL_004654,2023-08-05,PERSON_00154,PERSON_00395,722,PHONE_00154,voice
CALL_004655,2026-06-14,PERSON_00155,PERSON_00424,53,PHONE_00155,voice
CALL_004656,2024-06-17,PERSON_00156,PERSON_00321,171,PHONE_00156,missed
CALL_004657,2024-09-04,PERSON_00157,PERSON_00032,767,PHONE_00157,missed
CALL_004658,2023-12-15,PERSON_00158,PERSON_00061,758,PHONE_00158,voice
CALL_004659,2025-11-01,PERSON_00159,PERSON_00090,711,PHONE_00159,voice
CALL_004660,2021-01-13,PERSON_00160,PERSON_00119,233,PHONE_00160,voice
CALL_004661,2023-03-02,PERSON_00161,PERSON_00154,44,PHONE_00161,missed
CALL_004662,2024-05-18,PERSON_00162,PERSON_00177,31,PHONE_00162,voice
CALL_004663,2021-01-18,PERSON_00163,PERSON_00206,296,PHONE_00163,voice
CALL_004664,2024-05-21,PERSON_00164,PERSON_00235,210,PHONE_00164,missed
CALL_004665,2021-06-22,PERSON_00165,PERSON_00264,683,PHONE_00165,missed
CALL_004666,2024-06-17,PERSON_00166,PERSON_00076,92,PHONE_00166,missed
CALL_004667,2025-05-01,PERSON_00167,PERSON_00322,20,PHONE_00167,voice
CALL_004668,2026-05-06,PERSON_00168,PERSON_00351,449,PHONE_00168,voice
CALL_004669,2025-10-05,PERSON_00169,PERSON_00380,496,PHONE_00169,voice
CALL_004670,2021-11-10,PERSON_00170,PERSON_00409,883,PHONE_00170,voice
CALL_004671,2024-09-06,PERSON_00171,PERSON_00300,18,PHONE_00171,voice
CALL_004672,2023-07-29,PERSON_00172,PERSON_00017,805,PHONE_00172,voice
CALL_004673,2025-01-10,PERSON_00173,PERSON_00046,729,PHONE_00173,voice
CALL_004674,2021-07-30,PERSON_00174,PERSON_00075,28,PHONE_00174,voice
CALL_004675,2021-03-19,PERSON_00175,PERSON_00104,500,PHONE_00175,missed
CALL_004676,2022-10-05,PERSON_00176,PERSON_00133,199,PHONE_00176,voice
CALL_004677,2022-11-06,PERSON_00177,PERSON_00162,260,PHONE_00177,voice
CALL_004678,2025-01-19,PERSON_00178,PERSON_00191,678,PHONE_00178,voice
CALL_004679,2022-10-12,PERSON_00179,PERSON_00220,106,PHONE_00179,missed
CALL_004680,2025-09-13,PERSON_00180,PERSON_00249,835,PHONE_00180,voice
CALL_004681,2023-01-27,PERSON_00181,PERSON_00278,134,PHONE_00181,missed
CALL_004682,2025-06-21,PERSON_00182,PERSON_00307,113,PHONE_00182,voice
CALL_004683,2026-02-16,PERSON_00183,PERSON_00336,365,PHONE_00183,voice
CALL_004684,2024-06-03,PERSON_00184,PERSON_00365,650,PHONE_00184,voice
CALL_004685,2021-02-17,PERSON_00185,PERSON_00394,293,PHONE_00185,voice
CALL_004686,2024-05-05,PERSON_00186,PERSON_00423,541,PHONE_00186,voice
CALL_004687,2021-07-18,PERSON_00187,PERSON_00002,175,PHONE_00187,voice
CALL_004688,2024-11-30,PERSON_00188,PERSON_00031,785,PHONE_00188,voice
CALL_004689,2021-08-14,PERSON_00189,PERSON_00060,634,PHONE_00189,voice
CALL_004690,2021-02-26,PERSON_00190,PERSON_00089,888,PHONE_00190,voice
CALL_004691,2026-04-24,PERSON_00191,PERSON_00220,21,PHONE_00191,missed
CALL_004692,2023-07-29,PERSON_00192,PERSON_00147,735,PHONE_00192,voice
CALL_004693,2024-08-15,PERSON_00193,PERSON_00176,634,PHONE_00193,voice
CALL_004694,2021-04-01,PERSON_00194,PERSON_00205,307,PHONE_00194,missed
CALL_004695,2024-04-27,PERSON_00195,PERSON_00234,536,PHONE_00195,voice
CALL_004696,2022-07-16,PERSON_00196,PERSON_00128,54,PHONE_00196,voice
CALL_004697,2022-03-27,PERSON_00197,PERSON_00292,368,PHONE_00197,voice
CALL_004698,2023-03-02,PERSON_00198,PERSON_00321,383,PHONE_00198,voice
CALL_004699,2021-01-26,PERSON_00199,PERSON_00350,782,PHONE_00199,missed
CALL_004700,2022-07-12,PERSON_00200,PERSON_00379,365,PHONE_00200,missed
CALL_004701,2022-05-01,PERSON_00201,PERSON_00408,686,PHONE_00201,voice
CALL_004702,2023-02-17,PERSON_00202,PERSON_00437,895,PHONE_00202,voice
CALL_004703,2026-06-01,PERSON_00203,PERSON_00016,804,PHONE_00203,voice
CALL_004704,2025-06-22,PERSON_00204,PERSON_00045,864,PHONE_00204,missed
CALL_004705,2025-05-12,PERSON_00205,PERSON_00074,400,PHONE_00205,voice
CALL_004706,2023-04-02,PERSON_00206,PERSON_00103,335,PHONE_00206,voice
CALL_004707,2025-02-07,PERSON_00207,PERSON_00132,564,PHONE_00207,voice
CALL_004708,2023-05-05,PERSON_00208,PERSON_00161,201,PHONE_00208,missed
CALL_004709,2021-08-24,PERSON_00209,PERSON_00190,890,PHONE_00209,voice
CALL_004710,2022-06-30,PERSON_00210,PERSON_00219,555,PHONE_00210,voice
CALL_004711,2024-06-11,PERSON_00211,PERSON_00248,833,PHONE_00211,voice
CALL_004712,2024-06-03,PERSON_00212,PERSON_00277,542,PHONE_00212,voice
CALL_004713,2025-10-18,PERSON_00213,PERSON_00306,112,PHONE_00213,voice
CALL_004714,2022-02-14,PERSON_00214,PERSON_00335,393,PHONE_00214,missed
CALL_004715,2026-06-10,PERSON_00215,PERSON_00364,121,PHONE_00215,missed
CALL_004716,2026-01-09,PERSON_00216,PERSON_00442,141,PHONE_00216,voice
CALL_004717,2025-11-21,PERSON_00217,PERSON_00422,347,PHONE_00217,voice
CALL_004718,2021-10-08,PERSON_00218,PERSON_00001,128,PHONE_00218,voice
CALL_004719,2024-10-12,PERSON_00219,PERSON_00030,768,PHONE_00219,voice
CALL_004720,2025-12-05,PERSON_00220,PERSON_00059,821,PHONE_00220,voice
CALL_004721,2021-05-24,PERSON_00221,PERSON_00128,76,PHONE_00221,voice
CALL_004722,2021-02-06,PERSON_00222,PERSON_00117,105,PHONE_00222,voice
CALL_004723,2025-03-21,PERSON_00223,PERSON_00146,512,PHONE_00223,voice
CALL_004724,2022-11-20,PERSON_00224,PERSON_00175,227,PHONE_00224,voice
CALL_004725,2022-10-10,PERSON_00225,PERSON_00204,799,PHONE_00225,missed
CALL_004726,2024-02-04,PERSON_00226,PERSON_00110,28,PHONE_00226,voice
CALL_004727,2022-09-21,PERSON_00227,PERSON_00262,850,PHONE_00227,voice
CALL_004728,2024-08-02,PERSON_00228,PERSON_00291,182,PHONE_00228,voice
CALL_004729,2026-06-16,PERSON_00229,PERSON_00320,707,PHONE_00229,missed
CALL_004730,2024-02-21,PERSON_00230,PERSON_00349,95,PHONE_00230,voice
CALL_004731,2025-10-03,PERSON_00231,PERSON_00006,57,PHONE_00231,missed
CALL_004732,2022-02-25,PERSON_00232,PERSON_00407,128,PHONE_00232,voice
CALL_004733,2021-08-24,PERSON_00233,PERSON_00436,730,PHONE_00233,voice
CALL_004734,2021-07-11,PERSON_00234,PERSON_00015,381,PHONE_00234,voice
CALL_004735,2023-03-04,PERSON_00235,PERSON_00044,38,PHONE_00235,voice
CALL_004736,2021-12-01,PERSON_00236,PERSON_00073,179,PHONE_00236,voice
CALL_004737,2023-10-24,PERSON_00237,PERSON_00102,23,PHONE_00237,missed
CALL_004738,2025-02-16,PERSON_00238,PERSON_00131,826,PHONE_00238,voice
CALL_004739,2025-04-09,PERSON_00239,PERSON_00160,270,PHONE_00239,missed
CALL_004740,2025-11-16,PERSON_00240,PERSON_00189,420,PHONE_00240,missed
CALL_004741,2022-10-11,PERSON_00241,PERSON_00076,55,PHONE_00241,voice
CALL_004742,2022-07-04,PERSON_00242,PERSON_00247,293,PHONE_00242,voice
CALL_004743,2026-01-20,PERSON_00243,PERSON_00276,510,PHONE_00243,voice
CALL_004744,2025-03-01,PERSON_00244,PERSON_00305,842,PHONE_00244,voice
CALL_004745,2022-04-03,PERSON_00245,PERSON_00334,229,PHONE_00245,voice
CALL_004746,2022-08-04,PERSON_00246,PERSON_00363,270,PHONE_00246,voice
CALL_004747,2022-01-07,PERSON_00247,PERSON_00392,796,PHONE_00247,missed
CALL_004748,2023-12-10,PERSON_00248,PERSON_00421,358,PHONE_00248,voice
CALL_004749,2026-06-12,PERSON_00249,PERSON_00450,475,PHONE_00249,voice
CALL_004750,2022-12-30,PERSON_00250,PERSON_00029,899,PHONE_00250,voice
CALL_004751,2025-10-10,PERSON_00251,PERSON_00058,20,PHONE_00251,missed
CALL_004752,2025-09-06,PERSON_00252,PERSON_00087,501,PHONE_00252,voice
CALL_004753,2022-08-14,PERSON_00253,PERSON_00116,847,PHONE_00253,voice
CALL_004754,2024-08-25,PERSON_00254,PERSON_00145,738,PHONE_00254,voice
CALL_004755,2022-10-13,PERSON_00255,PERSON_00174,248,PHONE_00255,voice
CALL_004756,2025-04-30,PERSON_00256,PERSON_00240,75,PHONE_00256,missed
CALL_004757,2024-05-15,PERSON_00257,PERSON_00232,499,PHONE_00257,missed
CALL_004758,2022-05-16,PERSON_00258,PERSON_00261,325,PHONE_00258,voice
CALL_004759,2023-07-02,PERSON_00259,PERSON_00290,628,PHONE_00259,voice
CALL_004760,2022-05-18,PERSON_00260,PERSON_00319,73,PHONE_00260,missed
CALL_004761,2024-09-13,PERSON_00261,PERSON_00348,729,PHONE_00261,voice
CALL_004762,2025-10-29,PERSON_00262,PERSON_00377,380,PHONE_00262,voice
CALL_004763,2023-10-26,PERSON_00263,PERSON_00406,766,PHONE_00263,missed
CALL_004764,2022-06-17,PERSON_00264,PERSON_00435,504,PHONE_00264,missed
CALL_004765,2021-12-09,PERSON_00265,PERSON_00014,81,PHONE_00265,voice
CALL_004766,2025-11-02,PERSON_00266,PERSON_00043,273,PHONE_00266,missed
CALL_004767,2026-02-22,PERSON_00267,PERSON_00072,79,PHONE_00267,missed
CALL_004768,2024-03-13,PERSON_00268,PERSON_00101,480,PHONE_00268,missed
CALL_004769,2023-06-23,PERSON_00269,PERSON_00130,606,PHONE_00269,missed
CALL_004770,2022-02-02,PERSON_00270,PERSON_00159,341,PHONE_00270,voice
CALL_004771,2021-09-01,PERSON_00271,PERSON_00110,55,PHONE_00271,voice
CALL_004772,2023-12-25,PERSON_00272,PERSON_00217,335,PHONE_00272,voice
CALL_004773,2025-04-10,PERSON_00273,PERSON_00246,238,PHONE_00273,voice
CALL_004774,2021-11-28,PERSON_00274,PERSON_00275,159,PHONE_00274,voice
CALL_004775,2021-09-13,PERSON_00275,PERSON_00304,840,PHONE_00275,voice
CALL_004776,2025-04-08,PERSON_00276,PERSON_00333,344,PHONE_00276,voice
CALL_004777,2021-09-14,PERSON_00277,PERSON_00362,385,PHONE_00277,voice
CALL_004778,2022-07-17,PERSON_00278,PERSON_00391,497,PHONE_00278,voice
CALL_004779,2025-02-08,PERSON_00279,PERSON_00420,815,PHONE_00279,voice
CALL_004780,2025-02-15,PERSON_00280,PERSON_00449,153,PHONE_00280,voice
CALL_004781,2023-10-09,PERSON_00281,PERSON_00028,786,PHONE_00281,missed
CALL_004782,2023-12-24,PERSON_00282,PERSON_00057,624,PHONE_00282,voice
CALL_004783,2023-01-12,PERSON_00283,PERSON_00086,662,PHONE_00283,voice
CALL_004784,2021-01-28,PERSON_00284,PERSON_00115,192,PHONE_00284,missed
CALL_004785,2025-12-05,PERSON_00285,PERSON_00144,572,PHONE_00285,missed
CALL_004786,2024-10-22,PERSON_00286,PERSON_00242,38,PHONE_00286,voice
CALL_004787,2024-07-05,PERSON_00287,PERSON_00202,527,PHONE_00287,voice
CALL_004788,2026-03-23,PERSON_00288,PERSON_00231,522,PHONE_00288,voice
CALL_004789,2023-05-02,PERSON_00289,PERSON_00260,432,PHONE_00289,voice
CALL_004790,2023-05-29,PERSON_00290,PERSON_00289,664,PHONE_00290,missed
CALL_004791,2024-03-21,PERSON_00291,PERSON_00250,39,PHONE_00291,voice
CALL_004792,2024-07-10,PERSON_00292,PERSON_00347,774,PHONE_00292,voice
CALL_004793,2021-12-04,PERSON_00293,PERSON_00376,587,PHONE_00293,voice
CALL_004794,2026-01-01,PERSON_00294,PERSON_00405,276,PHONE_00294,voice
CALL_004795,2021-10-14,PERSON_00295,PERSON_00434,854,PHONE_00295,voice
CALL_004796,2022-02-28,PERSON_00296,PERSON_00013,317,PHONE_00296,voice
CALL_004797,2024-06-14,PERSON_00297,PERSON_00042,803,PHONE_00297,voice
CALL_004798,2023-05-06,PERSON_00298,PERSON_00071,359,PHONE_00298,voice
CALL_004799,2023-08-17,PERSON_00299,PERSON_00100,176,PHONE_00299,voice
CALL_004800,2022-07-26,PERSON_00300,PERSON_00129,877,PHONE_00300,voice
CALL_004801,2024-11-12,PERSON_00301,PERSON_00110,148,PHONE_00301,voice
CALL_004802,2025-05-09,PERSON_00302,PERSON_00187,842,PHONE_00302,voice
CALL_004803,2025-04-04,PERSON_00303,PERSON_00216,290,PHONE_00303,missed
CALL_004804,2024-01-10,PERSON_00304,PERSON_00245,232,PHONE_00304,voice
CALL_004805,2026-04-26,PERSON_00305,PERSON_00274,276,PHONE_00305,missed
CALL_004806,2024-08-25,PERSON_00306,PERSON_00303,126,PHONE_00306,voice
CALL_004807,2024-09-11,PERSON_00307,PERSON_00332,876,PHONE_00307,voice
CALL_004808,2022-06-20,PERSON_00308,PERSON_00361,37,PHONE_00308,voice
CALL_004809,2023-12-06,PERSON_00309,PERSON_00390,117,PHONE_00309,voice
CALL_004810,2026-06-08,PERSON_00310,PERSON_00419,552,PHONE_00310,voice
CALL_004811,2025-06-26,PERSON_00311,PERSON_00448,551,PHONE_00311,missed
CALL_004812,2025-06-22,PERSON_00312,PERSON_00027,568,PHONE_00312,voice
CALL_004813,2026-02-08,PERSON_00313,PERSON_00056,803,PHONE_00313,voice
CALL_004814,2022-11-27,PERSON_00314,PERSON_00085,622,PHONE_00314,voice
CALL_004815,2025-12-20,PERSON_00315,PERSON_00114,446,PHONE_00315,voice
CALL_004816,2024-12-06,PERSON_00316,PERSON_00143,854,PHONE_00316,voice
CALL_004817,2026-06-23,PERSON_00317,PERSON_00172,700,PHONE_00317,voice
CALL_004818,2022-11-22,PERSON_00318,PERSON_00201,239,PHONE_00318,voice
CALL_004819,2024-06-17,PERSON_00319,PERSON_00230,877,PHONE_00319,voice
CALL_004820,2026-03-13,PERSON_00320,PERSON_00259,233,PHONE_00320,voice
CALL_004821,2023-01-31,PERSON_00321,PERSON_00093,108,PHONE_00321,missed
CALL_004822,2024-07-17,PERSON_00322,PERSON_00317,466,PHONE_00322,missed
CALL_004823,2024-01-20,PERSON_00323,PERSON_00346,205,PHONE_00323,voice
CALL_004824,2021-07-21,PERSON_00324,PERSON_00375,834,PHONE_00324,voice
CALL_004825,2021-07-26,PERSON_00325,PERSON_00404,390,PHONE_00325,voice
CALL_004826,2025-11-02,PERSON_00326,PERSON_00433,750,PHONE_00326,voice
CALL_004827,2024-05-24,PERSON_00327,PERSON_00012,888,PHONE_00327,voice
CALL_004828,2024-11-11,PERSON_00328,PERSON_00041,434,PHONE_00328,missed
CALL_004829,2022-05-02,PERSON_00329,PERSON_00070,542,PHONE_00329,voice
CALL_004830,2021-01-17,PERSON_00330,PERSON_00099,242,PHONE_00330,voice
CALL_004831,2024-09-11,PERSON_00331,PERSON_00329,155,PHONE_00331,voice
CALL_004832,2023-07-03,PERSON_00332,PERSON_00157,141,PHONE_00332,voice
CALL_004833,2025-07-27,PERSON_00333,PERSON_00186,893,PHONE_00333,missed
CALL_004834,2024-11-17,PERSON_00334,PERSON_00215,813,PHONE_00334,voice
CALL_004835,2024-05-27,PERSON_00335,PERSON_00244,466,PHONE_00335,voice
CALL_004836,2024-07-24,PERSON_00336,PERSON_00371,34,PHONE_00336,voice
CALL_004837,2022-11-14,PERSON_00337,PERSON_00302,615,PHONE_00337,voice
CALL_004838,2023-06-25,PERSON_00338,PERSON_00331,141,PHONE_00338,missed
CALL_004839,2023-05-19,PERSON_00339,PERSON_00360,287,PHONE_00339,voice
CALL_004840,2025-07-31,PERSON_00340,PERSON_00389,789,PHONE_00340,voice
CALL_004841,2023-03-30,PERSON_00341,PERSON_00418,578,PHONE_00341,voice
CALL_004842,2026-02-26,PERSON_00342,PERSON_00447,387,PHONE_00342,voice
CALL_004843,2023-05-09,PERSON_00343,PERSON_00026,202,PHONE_00343,missed
CALL_004844,2023-02-04,PERSON_00344,PERSON_00055,173,PHONE_00344,missed
CALL_004845,2024-01-11,PERSON_00345,PERSON_00084,522,PHONE_00345,missed
CALL_004846,2026-06-03,PERSON_00346,PERSON_00113,455,PHONE_00346,voice
CALL_004847,2025-03-25,PERSON_00347,PERSON_00142,64,PHONE_00347,voice
CALL_004848,2026-04-03,PERSON_00348,PERSON_00171,90,PHONE_00348,voice
CALL_004849,2021-04-27,PERSON_00349,PERSON_00200,350,PHONE_00349,voice
CALL_004850,2023-04-06,PERSON_00350,PERSON_00229,857,PHONE_00350,missed
CALL_004851,2025-06-20,PERSON_00351,PERSON_00258,35,PHONE_00351,missed
CALL_004852,2024-10-12,PERSON_00352,PERSON_00287,765,PHONE_00352,missed
CALL_004853,2022-08-31,PERSON_00353,PERSON_00316,866,PHONE_00353,voice
CALL_004854,2025-09-23,PERSON_00354,PERSON_00345,295,PHONE_00354,voice
CALL_004855,2026-04-11,PERSON_00355,PERSON_00374,434,PHONE_00355,voice
CALL_004856,2022-03-18,PERSON_00356,PERSON_00403,77,PHONE_00356,voice
CALL_004857,2022-08-19,PERSON_00357,PERSON_00432,87,PHONE_00357,voice
CALL_004858,2023-09-01,PERSON_00358,PERSON_00011,379,PHONE_00358,voice
CALL_004859,2025-11-02,PERSON_00359,PERSON_00040,636,PHONE_00359,voice
CALL_004860,2022-01-22,PERSON_00360,PERSON_00069,783,PHONE_00360,missed
CALL_004861,2025-11-11,PERSON_00361,PERSON_00098,893,PHONE_00361,voice
CALL_004862,2023-01-01,PERSON_00362,PERSON_00127,626,PHONE_00362,voice
CALL_004863,2024-02-16,PERSON_00363,PERSON_00156,373,PHONE_00363,missed
CALL_004864,2024-10-28,PERSON_00364,PERSON_00185,735,PHONE_00364,voice
CALL_004865,2026-06-01,PERSON_00365,PERSON_00214,185,PHONE_00365,voice
CALL_004866,2021-09-28,PERSON_00366,PERSON_00014,104,PHONE_00366,voice
CALL_004867,2021-03-10,PERSON_00367,PERSON_00272,748,PHONE_00367,voice
CALL_004868,2026-04-08,PERSON_00368,PERSON_00301,491,PHONE_00368,voice
CALL_004869,2026-01-05,PERSON_00369,PERSON_00330,16,PHONE_00369,voice
CALL_004870,2021-05-17,PERSON_00370,PERSON_00359,675,PHONE_00370,missed
CALL_004871,2023-10-28,PERSON_00371,PERSON_00127,170,PHONE_00371,voice
CALL_004872,2022-06-21,PERSON_00372,PERSON_00417,277,PHONE_00372,missed
CALL_004873,2024-07-03,PERSON_00373,PERSON_00446,523,PHONE_00373,missed
CALL_004874,2022-04-06,PERSON_00374,PERSON_00025,145,PHONE_00374,missed
CALL_004875,2022-04-12,PERSON_00375,PERSON_00054,852,PHONE_00375,voice
CALL_004876,2022-12-27,PERSON_00376,PERSON_00268,108,PHONE_00376,voice
CALL_004877,2021-05-13,PERSON_00377,PERSON_00112,460,PHONE_00377,voice
CALL_004878,2025-01-25,PERSON_00378,PERSON_00141,763,PHONE_00378,voice
CALL_004879,2024-07-15,PERSON_00379,PERSON_00170,70,PHONE_00379,voice
CALL_004880,2021-05-03,PERSON_00380,PERSON_00199,757,PHONE_00380,missed
CALL_004881,2025-05-18,PERSON_00381,PERSON_00287,8,PHONE_00381,voice
CALL_004882,2023-06-05,PERSON_00382,PERSON_00257,593,PHONE_00382,voice
CALL_004883,2021-11-11,PERSON_00383,PERSON_00286,612,PHONE_00383,missed
CALL_004884,2026-05-15,PERSON_00384,PERSON_00315,238,PHONE_00384,voice
CALL_004885,2024-02-17,PERSON_00385,PERSON_00344,812,PHONE_00385,missed
CALL_004886,2021-06-19,PERSON_00386,PERSON_00373,724,PHONE_00386,missed
CALL_004887,2023-09-27,PERSON_00387,PERSON_00402,240,PHONE_00387,voice
CALL_004888,2021-05-02,PERSON_00388,PERSON_00431,591,PHONE_00388,missed
CALL_004889,2025-02-25,PERSON_00389,PERSON_00010,495,PHONE_00389,voice
CALL_004890,2024-07-02,PERSON_00390,PERSON_00039,248,PHONE_00390,missed
CALL_004891,2024-08-19,PERSON_00391,PERSON_00014,85,PHONE_00391,voice
CALL_004892,2026-03-25,PERSON_00392,PERSON_00097,708,PHONE_00392,voice
CALL_004893,2026-03-08,PERSON_00393,PERSON_00126,429,PHONE_00393,voice
CALL_004894,2024-06-06,PERSON_00394,PERSON_00155,274,PHONE_00394,voice
CALL_004895,2024-11-01,PERSON_00395,PERSON_00184,769,PHONE_00395,voice
CALL_004896,2026-06-16,PERSON_00396,PERSON_00213,578,PHONE_00396,voice
CALL_004897,2022-03-30,PERSON_00397,PERSON_00242,19,PHONE_00397,voice
CALL_004898,2023-02-05,PERSON_00398,PERSON_00271,732,PHONE_00398,missed
CALL_004899,2022-11-02,PERSON_00399,PERSON_00300,660,PHONE_00399,voice
CALL_004900,2023-05-31,PERSON_00400,PERSON_00329,542,PHONE_00400,voice
CALL_004901,2024-04-21,PERSON_00401,PERSON_00440,93,PHONE_00401,missed
CALL_004902,2023-05-09,PERSON_00402,PERSON_00387,94,PHONE_00402,missed
CALL_004903,2024-02-03,PERSON_00403,PERSON_00416,866,PHONE_00403,voice
CALL_004904,2025-07-13,PERSON_00404,PERSON_00445,707,PHONE_00404,voice
CALL_004905,2024-02-24,PERSON_00405,PERSON_00024,22,PHONE_00405,missed
CALL_004906,2024-10-16,PERSON_00406,PERSON_00081,55,PHONE_00406,voice
CALL_004907,2025-10-15,PERSON_00407,PERSON_00082,890,PHONE_00407,missed
CALL_004908,2024-01-13,PERSON_00408,PERSON_00111,351,PHONE_00408,missed
CALL_004909,2026-01-20,PERSON_00409,PERSON_00140,345,PHONE_00409,missed
CALL_004910,2026-06-29,PERSON_00410,PERSON_00169,461,PHONE_00410,missed
CALL_004911,2022-11-07,PERSON_00411,PERSON_00134,85,PHONE_00411,missed
CALL_004912,2024-02-01,PERSON_00412,PERSON_00227,865,PHONE_00412,missed
CALL_004913,2023-06-14,PERSON_00413,PERSON_00256,707,PHONE_00413,voice
CALL_004914,2024-11-14,PERSON_00414,PERSON_00285,407,PHONE_00414,voice
CALL_004915,2023-06-01,PERSON_00415,PERSON_00314,832,PHONE_00415,missed
CALL_004916,2021-01-12,PERSON_00416,PERSON_00343,636,PHONE_00416,voice
CALL_004917,2025-01-19,PERSON_00417,PERSON_00372,45,PHONE_00417,missed
CALL_004918,2022-04-21,PERSON_00418,PERSON_00401,501,PHONE_00418,voice
CALL_004919,2023-09-08,PERSON_00419,PERSON_00430,547,PHONE_00419,missed
CALL_004920,2023-06-08,PERSON_00420,PERSON_00009,180,PHONE_00420,missed
CALL_004921,2021-12-10,PERSON_00421,PERSON_00038,211,PHONE_00421,voice
CALL_004922,2025-10-27,PERSON_00422,PERSON_00067,163,PHONE_00422,voice
CALL_004923,2024-09-18,PERSON_00423,PERSON_00096,797,PHONE_00423,voice
CALL_004924,2025-09-26,PERSON_00424,PERSON_00125,380,PHONE_00424,voice
CALL_004925,2022-06-10,PERSON_00425,PERSON_00154,554,PHONE_00425,voice
CALL_004926,2022-09-24,PERSON_00426,PERSON_00183,577,PHONE_00426,voice
CALL_004927,2023-05-30,PERSON_00427,PERSON_00212,663,PHONE_00427,missed
CALL_004928,2024-11-23,PERSON_00428,PERSON_00241,230,PHONE_00428,voice
CALL_004929,2022-07-03,PERSON_00429,PERSON_00270,604,PHONE_00429,voice
CALL_004930,2021-04-18,PERSON_00430,PERSON_00299,499,PHONE_00430,voice
CALL_004931,2022-07-01,PERSON_00431,PERSON_00328,565,PHONE_00431,missed
CALL_004932,2022-01-21,PERSON_00432,PERSON_00357,707,PHONE_00432,missed
CALL_004933,2024-02-20,PERSON_00433,PERSON_00386,157,PHONE_00433,voice
CALL_004934,2026-06-07,PERSON_00434,PERSON_00415,349,PHONE_00434,missed
CALL_004935,2022-02-14,PERSON_00435,PERSON_00444,669,PHONE_00435,missed
CALL_004936,2024-03-19,PERSON_00436,PERSON_00440,13,PHONE_00436,missed
CALL_004937,2024-10-06,PERSON_00437,PERSON_00052,756,PHONE_00437,voice
CALL_004938,2024-09-16,PERSON_00438,PERSON_00081,22,PHONE_00438,missed
CALL_004939,2024-07-28,PERSON_00439,PERSON_00110,210,PHONE_00439,voice
CALL_004940,2024-01-17,PERSON_00440,PERSON_00139,697,PHONE_00440,voice
CALL_004941,2021-01-26,PERSON_00441,PERSON_00168,584,PHONE_00441,voice
CALL_004942,2025-06-26,PERSON_00442,PERSON_00197,277,PHONE_00442,voice
CALL_004943,2025-02-07,PERSON_00443,PERSON_00226,362,PHONE_00443,voice
CALL_004944,2024-04-25,PERSON_00444,PERSON_00255,883,PHONE_00444,voice
CALL_004945,2024-12-22,PERSON_00445,PERSON_00284,537,PHONE_00445,missed
CALL_004946,2022-02-02,PERSON_00446,PERSON_00313,414,PHONE_00446,voice
CALL_004947,2021-11-14,PERSON_00447,PERSON_00342,499,PHONE_00447,voice
CALL_004948,2024-09-05,PERSON_00448,PERSON_00371,316,PHONE_00448,voice
CALL_004949,2021-07-12,PERSON_00449,PERSON_00400,373,PHONE_00449,voice
CALL_004950,2026-02-15,PERSON_00450,PERSON_00429,464,PHONE_00450,voice
CALL_004951,2025-05-13,PERSON_00001,PERSON_00008,193,PHONE_00001,voice
CALL_004952,2024-02-21,PERSON_00002,PERSON_00037,170,PHONE_00002,voice
CALL_004953,2021-10-24,PERSON_00003,PERSON_00066,16,PHONE_00003,voice
CALL_004954,2022-03-27,PERSON_00004,PERSON_00095,499,PHONE_00004,voice
CALL_004955,2024-11-11,PERSON_00005,PERSON_00124,752,PHONE_00005,voice
CALL_004956,2023-12-10,PERSON_00006,PERSON_00093,91,PHONE_00006,voice
CALL_004957,2023-04-09,PERSON_00007,PERSON_00182,141,PHONE_00007,missed
CALL_004958,2022-06-07,PERSON_00008,PERSON_00211,25,PHONE_00008,missed
CALL_004959,2021-01-22,PERSON_00009,PERSON_00240,327,PHONE_00009,voice
CALL_004960,2025-07-27,PERSON_00010,PERSON_00269,19,PHONE_00010,voice
CALL_004961,2025-12-13,PERSON_00011,PERSON_00298,707,PHONE_00011,voice
CALL_004962,2024-08-04,PERSON_00012,PERSON_00327,401,PHONE_00012,missed
CALL_004963,2023-07-27,PERSON_00013,PERSON_00356,799,PHONE_00013,voice
CALL_004964,2023-11-18,PERSON_00014,PERSON_00385,712,PHONE_00014,voice
CALL_004965,2025-11-11,PERSON_00015,PERSON_00414,318,PHONE_00015,voice
CALL_004966,2025-10-11,PERSON_00016,PERSON_00006,86,PHONE_00016,missed
CALL_004967,2024-08-14,PERSON_00017,PERSON_00022,56,PHONE_00017,missed
CALL_004968,2021-01-29,PERSON_00018,PERSON_00051,863,PHONE_00018,voice
CALL_004969,2021-07-05,PERSON_00019,PERSON_00080,717,PHONE_00019,voice
CALL_004970,2021-11-03,PERSON_00020,PERSON_00109,235,PHONE_00020,missed
CALL_004971,2024-10-06,PERSON_00021,PERSON_00340,13,PHONE_00021,voice
CALL_004972,2024-10-24,PERSON_00022,PERSON_00167,275,PHONE_00022,missed
CALL_004973,2024-12-27,PERSON_00023,PERSON_00196,183,PHONE_00023,voice
CALL_004974,2025-06-07,PERSON_00024,PERSON_00225,746,PHONE_00024,voice
CALL_004975,2022-07-25,PERSON_00025,PERSON_00254,356,PHONE_00025,voice
CALL_004976,2025-07-30,PERSON_00026,PERSON_00283,786,PHONE_00026,missed
CALL_004977,2023-05-20,PERSON_00027,PERSON_00312,310,PHONE_00027,missed
CALL_004978,2023-08-18,PERSON_00028,PERSON_00341,268,PHONE_00028,missed
CALL_004979,2024-11-19,PERSON_00029,PERSON_00370,205,PHONE_00029,voice
CALL_004980,2025-12-08,PERSON_00030,PERSON_00399,225,PHONE_00030,voice
CALL_004981,2026-04-02,PERSON_00031,PERSON_00428,239,PHONE_00031,voice
CALL_004982,2023-09-13,PERSON_00032,PERSON_00007,149,PHONE_00032,voice
CALL_004983,2024-02-08,PERSON_00033,PERSON_00036,328,PHONE_00033,voice
CALL_004984,2021-07-24,PERSON_00034,PERSON_00065,330,PHONE_00034,voice
CALL_004985,2025-09-26,PERSON_00035,PERSON_00094,767,PHONE_00035,missed
CALL_004986,2024-02-21,PERSON_00036,PERSON_00123,107,PHONE_00036,missed
CALL_004987,2021-08-15,PERSON_00037,PERSON_00152,88,PHONE_00037,missed
CALL_004988,2023-12-20,PERSON_00038,PERSON_00181,663,PHONE_00038,voice
CALL_004989,2021-10-15,PERSON_00039,PERSON_00210,275,PHONE_00039,missed
CALL_004990,2024-04-23,PERSON_00040,PERSON_00239,124,PHONE_00040,missed
CALL_004991,2026-02-16,PERSON_00041,PERSON_00268,896,PHONE_00041,voice
CALL_004992,2023-02-06,PERSON_00042,PERSON_00297,371,PHONE_00042,voice
CALL_004993,2022-01-09,PERSON_00043,PERSON_00326,35,PHONE_00043,voice
CALL_004994,2022-11-09,PERSON_00044,PERSON_00355,178,PHONE_00044,voice
CALL_004995,2021-08-29,PERSON_00045,PERSON_00384,717,PHONE_00045,voice
CALL_004996,2022-01-27,PERSON_00046,PERSON_00101,102,PHONE_00046,voice
CALL_004997,2025-02-10,PERSON_00047,PERSON_00442,520,PHONE_00047,voice
CALL_004998,2023-08-10,PERSON_00048,PERSON_00021,142,PHONE_00048,missed
CALL_004999,2025-01-29,PERSON_00049,PERSON_00050,610,PHONE_00049,missed
CALL_005000,2021-08-29,PERSON_00050,PERSON_00079,293,PHONE_00050,voice
CALL_005001,2021-09-18,PERSON_00051,PERSON_00108,583,PHONE_00051,voice
CALL_005002,2025-09-30,PERSON_00052,PERSON_00137,606,PHONE_00052,voice
CALL_005003,2026-06-14,PERSON_00053,PERSON_00166,373,PHONE_00053,voice
CALL_005004,2025-05-03,PERSON_00054,PERSON_00195,848,PHONE_00054,missed
CALL_005005,2025-02-28,PERSON_00055,PERSON_00224,586,PHONE_00055,voice
CALL_005006,2023-05-12,PERSON_00056,PERSON_00253,563,PHONE_00056,voice
CALL_005007,2021-08-12,PERSON_00057,PERSON_00282,268,PHONE_00057,voice
CALL_005008,2025-07-13,PERSON_00058,PERSON_00311,751,PHONE_00058,voice
CALL_005009,2021-01-17,PERSON_00059,PERSON_00340,646,PHONE_00059,voice
CALL_005010,2025-08-22,PERSON_00060,PERSON_00369,179,PHONE_00060,missed
CALL_005011,2024-03-19,PERSON_00061,PERSON_00329,95,PHONE_00061,voice
CALL_005012,2022-06-16,PERSON_00062,PERSON_00427,416,PHONE_00062,voice
CALL_005013,2021-11-06,PERSON_00063,PERSON_00006,215,PHONE_00063,voice
CALL_005014,2021-12-19,PERSON_00064,PERSON_00035,452,PHONE_00064,voice
CALL_005015,2023-12-08,PERSON_00065,PERSON_00064,620,PHONE_00065,voice
CALL_005016,2025-11-26,PERSON_00066,PERSON_00093,401,PHONE_00066,voice
CALL_005017,2024-12-22,PERSON_00067,PERSON_00122,875,PHONE_00067,voice
CALL_005018,2024-06-29,PERSON_00068,PERSON_00151,548,PHONE_00068,voice
CALL_005019,2021-04-29,PERSON_00069,PERSON_00180,72,PHONE_00069,voice
CALL_005020,2023-08-23,PERSON_00070,PERSON_00209,167,PHONE_00070,voice
CALL_005021,2024-03-17,PERSON_00071,PERSON_00238,542,PHONE_00071,voice
CALL_005022,2025-06-01,PERSON_00072,PERSON_00267,42,PHONE_00072,voice
CALL_005023,2024-10-06,PERSON_00073,PERSON_00296,820,PHONE_00073,voice
CALL_005024,2024-02-20,PERSON_00074,PERSON_00325,564,PHONE_00074,voice
CALL_005025,2026-01-16,PERSON_00075,PERSON_00354,680,PHONE_00075,missed
CALL_005026,2024-09-26,PERSON_00076,PERSON_00065,26,PHONE_00076,missed
CALL_005027,2026-03-26,PERSON_00077,PERSON_00412,593,PHONE_00077,missed
CALL_005028,2024-12-08,PERSON_00078,PERSON_00441,442,PHONE_00078,voice
CALL_005029,2025-12-17,PERSON_00079,PERSON_00020,200,PHONE_00079,missed
CALL_005030,2024-06-16,PERSON_00080,PERSON_00049,313,PHONE_00080,voice
CALL_005031,2024-03-07,PERSON_00081,PERSON_00321,163,PHONE_00081,voice
CALL_005032,2022-10-13,PERSON_00082,PERSON_00107,867,PHONE_00082,voice
CALL_005033,2022-02-28,PERSON_00083,PERSON_00136,274,PHONE_00083,voice
CALL_005034,2022-08-15,PERSON_00084,PERSON_00165,131,PHONE_00084,voice
CALL_005035,2021-04-23,PERSON_00085,PERSON_00194,292,PHONE_00085,voice
CALL_005036,2024-11-07,PERSON_00086,PERSON_00440,123,PHONE_00086,voice
CALL_005037,2026-05-18,PERSON_00087,PERSON_00252,405,PHONE_00087,voice
CALL_005038,2024-08-15,PERSON_00088,PERSON_00281,106,PHONE_00088,voice
CALL_005039,2025-06-01,PERSON_00089,PERSON_00310,460,PHONE_00089,voice
CALL_005040,2025-06-02,PERSON_00090,PERSON_00339,36,PHONE_00090,voice
CALL_005041,2025-02-27,PERSON_00091,PERSON_00368,889,PHONE_00091,voice
CALL_005042,2025-02-21,PERSON_00092,PERSON_00397,611,PHONE_00092,voice
CALL_005043,2023-03-31,PERSON_00093,PERSON_00426,411,PHONE_00093,voice
CALL_005044,2022-12-06,PERSON_00094,PERSON_00005,235,PHONE_00094,voice
CALL_005045,2022-10-28,PERSON_00095,PERSON_00034,259,PHONE_00095,voice
CALL_005046,2023-01-07,PERSON_00096,PERSON_00063,522,PHONE_00096,missed
CALL_005047,2023-08-03,PERSON_00097,PERSON_00092,423,PHONE_00097,missed
CALL_005048,2021-10-11,PERSON_00098,PERSON_00121,638,PHONE_00098,missed
CALL_005049,2021-06-28,PERSON_00099,PERSON_00150,254,PHONE_00099,missed
CALL_005050,2025-06-30,PERSON_00100,PERSON_00179,477,PHONE_00100,voice
CALL_005051,2021-09-21,PERSON_00101,PERSON_00110,67,PHONE_00101,voice
CALL_005052,2021-02-24,PERSON_00102,PERSON_00237,620,PHONE_00102,voice
CALL_005053,2023-07-19,PERSON_00103,PERSON_00266,156,PHONE_00103,voice
CALL_005054,2022-01-17,PERSON_00104,PERSON_00295,121,PHONE_00104,voice
CALL_005055,2025-07-14,PERSON_00105,PERSON_00324,874,PHONE_00105,missed
CALL_005056,2022-12-08,PERSON_00106,PERSON_00205,98,PHONE_00106,voice
CALL_005057,2025-08-18,PERSON_00107,PERSON_00382,252,PHONE_00107,voice
CALL_005058,2024-10-12,PERSON_00108,PERSON_00411,526,PHONE_00108,voice
CALL_005059,2021-06-10,PERSON_00109,PERSON_00440,813,PHONE_00109,voice
CALL_005060,2025-05-27,PERSON_00110,PERSON_00019,235,PHONE_00110,voice
CALL_005061,2022-12-18,PERSON_00111,PERSON_00048,825,PHONE_00111,voice
CALL_005062,2021-12-31,PERSON_00112,PERSON_00077,186,PHONE_00112,voice
CALL_005063,2025-02-22,PERSON_00113,PERSON_00106,649,PHONE_00113,voice
CALL_005064,2024-10-26,PERSON_00114,PERSON_00135,841,PHONE_00114,voice
CALL_005065,2022-04-20,PERSON_00115,PERSON_00164,382,PHONE_00115,voice
CALL_005066,2023-09-24,PERSON_00116,PERSON_00193,745,PHONE_00116,voice
CALL_005067,2022-05-18,PERSON_00117,PERSON_00222,866,PHONE_00117,voice
CALL_005068,2024-01-24,PERSON_00118,PERSON_00251,595,PHONE_00118,missed
CALL_005069,2023-11-12,PERSON_00119,PERSON_00280,433,PHONE_00119,missed
CALL_005070,2022-02-25,PERSON_00120,PERSON_00309,695,PHONE_00120,voice
CALL_005071,2023-10-05,PERSON_00121,PERSON_00338,609,PHONE_00121,missed
CALL_005072,2023-06-01,PERSON_00122,PERSON_00367,398,PHONE_00122,missed
CALL_005073,2023-07-03,PERSON_00123,PERSON_00396,94,PHONE_00123,voice
CALL_005074,2023-12-19,PERSON_00124,PERSON_00425,334,PHONE_00124,voice
CALL_005075,2021-03-26,PERSON_00125,PERSON_00004,351,PHONE_00125,voice
CALL_005076,2024-02-19,PERSON_00126,PERSON_00300,138,PHONE_00126,missed
CALL_005077,2022-09-20,PERSON_00127,PERSON_00062,769,PHONE_00127,voice
CALL_005078,2022-10-21,PERSON_00128,PERSON_00091,553,PHONE_00128,missed
CALL_005079,2024-07-05,PERSON_00129,PERSON_00120,177,PHONE_00129,voice
CALL_005080,2022-05-14,PERSON_00130,PERSON_00149,376,PHONE_00130,missed
CALL_005081,2023-03-20,PERSON_00131,PERSON_00178,389,PHONE_00131,voice
CALL_005082,2026-06-23,PERSON_00132,PERSON_00207,620,PHONE_00132,missed
CALL_005083,2021-06-05,PERSON_00133,PERSON_00236,129,PHONE_00133,voice
CALL_005084,2025-04-23,PERSON_00134,PERSON_00265,630,PHONE_00134,voice
CALL_005085,2024-10-23,PERSON_00135,PERSON_00294,153,PHONE_00135,missed
CALL_005086,2021-06-14,PERSON_00136,PERSON_00323,66,PHONE_00136,missed
CALL_005087,2021-02-18,PERSON_00137,PERSON_00352,629,PHONE_00137,missed
CALL_005088,2022-01-17,PERSON_00138,PERSON_00381,814,PHONE_00138,voice
CALL_005089,2021-02-19,PERSON_00139,PERSON_00410,599,PHONE_00139,missed
CALL_005090,2021-05-02,PERSON_00140,PERSON_00439,381,PHONE_00140,missed
CALL_005091,2025-03-03,PERSON_00141,PERSON_00154,161,PHONE_00141,missed
CALL_005092,2023-05-22,PERSON_00142,PERSON_00047,409,PHONE_00142,missed
CALL_005093,2023-08-20,PERSON_00143,PERSON_00076,622,PHONE_00143,voice
CALL_005094,2026-01-17,PERSON_00144,PERSON_00105,238,PHONE_00144,voice
CALL_005095,2021-05-07,PERSON_00145,PERSON_00134,551,PHONE_00145,voice
CALL_005096,2024-05-27,PERSON_00146,PERSON_00163,606,PHONE_00146,voice
CALL_005097,2022-02-21,PERSON_00147,PERSON_00192,333,PHONE_00147,voice
CALL_005098,2021-02-07,PERSON_00148,PERSON_00221,118,PHONE_00148,voice
CALL_005099,2023-02-23,PERSON_00149,PERSON_00250,783,PHONE_00149,voice
CALL_005100,2026-03-18,PERSON_00150,PERSON_00279,847,PHONE_00150,missed
CALL_005101,2022-01-22,PERSON_00151,PERSON_00308,898,PHONE_00151,voice
CALL_005102,2025-06-07,PERSON_00152,PERSON_00337,788,PHONE_00152,voice
CALL_005103,2023-08-21,PERSON_00153,PERSON_00366,388,PHONE_00153,voice
CALL_005104,2026-03-10,PERSON_00154,PERSON_00395,606,PHONE_00154,voice
CALL_005105,2021-11-17,PERSON_00155,PERSON_00424,842,PHONE_00155,voice
CALL_005106,2022-09-15,PERSON_00156,PERSON_00014,42,PHONE_00156,voice
CALL_005107,2024-09-29,PERSON_00157,PERSON_00032,310,PHONE_00157,voice
CALL_005108,2022-03-27,PERSON_00158,PERSON_00061,558,PHONE_00158,voice
CALL_005109,2023-06-03,PERSON_00159,PERSON_00090,178,PHONE_00159,voice
CALL_005110,2025-04-18,PERSON_00160,PERSON_00119,163,PHONE_00160,missed
CALL_005111,2021-11-23,PERSON_00161,PERSON_00074,123,PHONE_00161,voice
CALL_005112,2022-11-30,PERSON_00162,PERSON_00177,674,PHONE_00162,voice
CALL_005113,2022-07-17,PERSON_00163,PERSON_00206,524,PHONE_00163,voice
CALL_005114,2023-07-29,PERSON_00164,PERSON_00235,526,PHONE_00164,missed
CALL_005115,2026-01-27,PERSON_00165,PERSON_00264,25,PHONE_00165,voice
CALL_005116,2024-07-02,PERSON_00166,PERSON_00256,71,PHONE_00166,missed
CALL_005117,2025-01-24,PERSON_00167,PERSON_00322,483,PHONE_00167,missed
CALL_005118,2023-06-02,PERSON_00168,PERSON_00351,741,PHONE_00168,missed
CALL_005119,2025-03-24,PERSON_00169,PERSON_00380,625,PHONE_00169,voice
CALL_005120,2026-06-08,PERSON_00170,PERSON_00409,356,PHONE_00170,voice
CALL_005121,2021-06-20,PERSON_00171,PERSON_00202,17,PHONE_00171,missed
CALL_005122,2021-05-03,PERSON_00172,PERSON_00017,345,PHONE_00172,voice
CALL_005123,2025-02-09,PERSON_00173,PERSON_00046,401,PHONE_00173,voice
CALL_005124,2026-01-30,PERSON_00174,PERSON_00075,377,PHONE_00174,voice
CALL_005125,2022-10-21,PERSON_00175,PERSON_00104,879,PHONE_00175,missed
CALL_005126,2025-05-26,PERSON_00176,PERSON_00133,803,PHONE_00176,missed
CALL_005127,2023-10-29,PERSON_00177,PERSON_00162,443,PHONE_00177,missed
CALL_005128,2023-02-22,PERSON_00178,PERSON_00191,393,PHONE_00178,missed
CALL_005129,2022-05-15,PERSON_00179,PERSON_00220,594,PHONE_00179,voice
CALL_005130,2022-11-17,PERSON_00180,PERSON_00249,212,PHONE_00180,missed
CALL_005131,2021-03-03,PERSON_00181,PERSON_00278,734,PHONE_00181,missed
CALL_005132,2024-04-10,PERSON_00182,PERSON_00307,270,PHONE_00182,voice
CALL_005133,2023-04-11,PERSON_00183,PERSON_00336,551,PHONE_00183,voice
CALL_005134,2024-09-26,PERSON_00184,PERSON_00365,66,PHONE_00184,voice
CALL_005135,2024-06-06,PERSON_00185,PERSON_00394,894,PHONE_00185,voice
CALL_005136,2023-02-07,PERSON_00186,PERSON_00423,69,PHONE_00186,voice
CALL_005137,2023-12-29,PERSON_00187,PERSON_00002,690,PHONE_00187,voice
CALL_005138,2022-09-12,PERSON_00188,PERSON_00031,524,PHONE_00188,voice
CALL_005139,2025-01-09,PERSON_00189,PERSON_00060,324,PHONE_00189,missed
CALL_005140,2023-03-03,PERSON_00190,PERSON_00089,700,PHONE_00190,missed
CALL_005141,2022-09-16,PERSON_00191,PERSON_00134,91,PHONE_00191,voice
CALL_005142,2025-10-22,PERSON_00192,PERSON_00147,247,PHONE_00192,voice
CALL_005143,2025-02-12,PERSON_00193,PERSON_00176,183,PHONE_00193,missed
CALL_005144,2021-06-20,PERSON_00194,PERSON_00205,677,PHONE_00194,missed
CALL_005145,2022-03-08,PERSON_00195,PERSON_00234,856,PHONE_00195,missed
CALL_005146,2021-06-10,PERSON_00196,PERSON_00220,85,PHONE_00196,voice
CALL_005147,2023-06-24,PERSON_00197,PERSON_00292,841,PHONE_00197,voice
CALL_005148,2025-03-16,PERSON_00198,PERSON_00321,854,PHONE_00198,voice
CALL_005149,2022-12-28,PERSON_00199,PERSON_00350,600,PHONE_00199,missed
CALL_005150,2021-11-18,PERSON_00200,PERSON_00379,180,PHONE_00200,missed
CALL_005151,2021-03-10,PERSON_00201,PERSON_00408,84,PHONE_00201,missed
CALL_005152,2021-07-20,PERSON_00202,PERSON_00437,115,PHONE_00202,voice
CALL_005153,2021-05-14,PERSON_00203,PERSON_00016,848,PHONE_00203,voice
CALL_005154,2021-08-15,PERSON_00204,PERSON_00045,492,PHONE_00204,missed
CALL_005155,2024-09-02,PERSON_00205,PERSON_00074,383,PHONE_00205,missed
CALL_005156,2022-01-19,PERSON_00206,PERSON_00103,341,PHONE_00206,voice
CALL_005157,2025-06-02,PERSON_00207,PERSON_00132,435,PHONE_00207,missed
CALL_005158,2022-08-27,PERSON_00208,PERSON_00161,653,PHONE_00208,missed
CALL_005159,2022-01-03,PERSON_00209,PERSON_00190,701,PHONE_00209,voice
CALL_005160,2022-07-22,PERSON_00210,PERSON_00219,779,PHONE_00210,voice
CALL_005161,2024-09-27,PERSON_00211,PERSON_00248,428,PHONE_00211,voice
CALL_005162,2024-12-29,PERSON_00212,PERSON_00277,531,PHONE_00212,voice
CALL_005163,2022-09-11,PERSON_00213,PERSON_00306,394,PHONE_00213,voice
CALL_005164,2024-08-21,PERSON_00214,PERSON_00335,242,PHONE_00214,voice
CALL_005165,2023-07-29,PERSON_00215,PERSON_00364,174,PHONE_00215,voice
CALL_005166,2023-09-13,PERSON_00216,PERSON_00117,43,PHONE_00216,missed
CALL_005167,2021-07-15,PERSON_00217,PERSON_00422,728,PHONE_00217,voice
CALL_005168,2025-10-18,PERSON_00218,PERSON_00001,315,PHONE_00218,voice
CALL_005169,2023-05-14,PERSON_00219,PERSON_00030,824,PHONE_00219,voice
CALL_005170,2023-09-06,PERSON_00220,PERSON_00059,786,PHONE_00220,missed
CALL_005171,2021-09-15,PERSON_00221,PERSON_00171,51,PHONE_00221,missed
CALL_005172,2023-09-19,PERSON_00222,PERSON_00117,709,PHONE_00222,voice
CALL_005173,2025-09-12,PERSON_00223,PERSON_00146,707,PHONE_00223,voice
CALL_005174,2023-12-11,PERSON_00224,PERSON_00175,95,PHONE_00224,voice
CALL_005175,2023-08-02,PERSON_00225,PERSON_00204,709,PHONE_00225,voice
CALL_005176,2024-10-15,PERSON_00226,PERSON_00331,44,PHONE_00226,voice
CALL_005177,2023-06-14,PERSON_00227,PERSON_00262,407,PHONE_00227,missed
CALL_005178,2023-04-17,PERSON_00228,PERSON_00291,739,PHONE_00228,voice
CALL_005179,2022-03-25,PERSON_00229,PERSON_00320,677,PHONE_00229,voice
CALL_005180,2025-11-01,PERSON_00230,PERSON_00349,753,PHONE_00230,voice
CALL_005181,2022-01-08,PERSON_00231,PERSON_00331,29,PHONE_00231,voice
CALL_005182,2024-06-16,PERSON_00232,PERSON_00407,317,PHONE_00232,voice
CALL_005183,2025-09-30,PERSON_00233,PERSON_00436,530,PHONE_00233,missed
CALL_005184,2023-09-16,PERSON_00234,PERSON_00015,680,PHONE_00234,missed
CALL_005185,2026-06-27,PERSON_00235,PERSON_00044,360,PHONE_00235,missed
CALL_005186,2024-08-26,PERSON_00236,PERSON_00073,418,PHONE_00236,voice
CALL_005187,2026-06-08,PERSON_00237,PERSON_00102,686,PHONE_00237,voice
CALL_005188,2023-02-25,PERSON_00238,PERSON_00131,173,PHONE_00238,voice
CALL_005189,2021-04-04,PERSON_00239,PERSON_00160,816,PHONE_00239,voice
CALL_005190,2023-07-06,PERSON_00240,PERSON_00189,77,PHONE_00240,voice
CALL_005191,2023-11-14,PERSON_00241,PERSON_00127,173,PHONE_00241,missed
CALL_005192,2022-12-01,PERSON_00242,PERSON_00247,227,PHONE_00242,missed
CALL_005193,2024-02-05,PERSON_00243,PERSON_00276,487,PHONE_00243,voice
CALL_005194,2025-07-08,PERSON_00244,PERSON_00305,68,PHONE_00244,voice
CALL_005195,2022-01-01,PERSON_00245,PERSON_00334,739,PHONE_00245,voice
CALL_005196,2026-03-27,PERSON_00246,PERSON_00363,534,PHONE_00246,voice
CALL_005197,2025-05-10,PERSON_00247,PERSON_00392,617,PHONE_00247,missed
CALL_005198,2022-06-12,PERSON_00248,PERSON_00421,164,PHONE_00248,missed
CALL_005199,2022-07-31,PERSON_00249,PERSON_00450,538,PHONE_00249,missed
CALL_005200,2023-06-25,PERSON_00250,PERSON_00029,73,PHONE_00250,voice
CALL_005201,2023-06-19,PERSON_00251,PERSON_00058,228,PHONE_00251,voice
CALL_005202,2025-04-03,PERSON_00252,PERSON_00087,582,PHONE_00252,missed
CALL_005203,2022-12-25,PERSON_00253,PERSON_00116,206,PHONE_00253,voice
CALL_005204,2022-05-06,PERSON_00254,PERSON_00145,483,PHONE_00254,voice
CALL_005205,2021-02-17,PERSON_00255,PERSON_00174,790,PHONE_00255,missed
CALL_005206,2022-07-24,PERSON_00256,PERSON_00052,71,PHONE_00256,missed
CALL_005207,2023-10-22,PERSON_00257,PERSON_00232,808,PHONE_00257,voice
CALL_005208,2025-09-17,PERSON_00258,PERSON_00261,91,PHONE_00258,voice
CALL_005209,2025-04-14,PERSON_00259,PERSON_00290,505,PHONE_00259,voice
CALL_005210,2022-12-07,PERSON_00260,PERSON_00319,770,PHONE_00260,voice
CALL_005211,2024-10-04,PERSON_00261,PERSON_00348,583,PHONE_00261,voice
CALL_005212,2022-05-04,PERSON_00262,PERSON_00377,583,PHONE_00262,missed
CALL_005213,2021-01-14,PERSON_00263,PERSON_00406,513,PHONE_00263,voice
CALL_005214,2023-07-01,PERSON_00264,PERSON_00435,123,PHONE_00264,missed
CALL_005215,2022-12-02,PERSON_00265,PERSON_00014,724,PHONE_00265,voice
CALL_005216,2021-10-04,PERSON_00266,PERSON_00043,685,PHONE_00266,voice
CALL_005217,2022-04-30,PERSON_00267,PERSON_00072,606,PHONE_00267,voice
CALL_005218,2025-08-12,PERSON_00268,PERSON_00101,431,PHONE_00268,voice
CALL_005219,2024-05-08,PERSON_00269,PERSON_00130,180,PHONE_00269,voice
CALL_005220,2022-06-20,PERSON_00270,PERSON_00159,714,PHONE_00270,voice
CALL_005221,2023-03-11,PERSON_00271,PERSON_00287,122,PHONE_00271,voice
CALL_005222,2023-05-05,PERSON_00272,PERSON_00217,695,PHONE_00272,voice
CALL_005223,2025-05-23,PERSON_00273,PERSON_00246,34,PHONE_00273,voice
CALL_005224,2022-01-16,PERSON_00274,PERSON_00275,511,PHONE_00274,missed
CALL_005225,2022-12-15,PERSON_00275,PERSON_00304,740,PHONE_00275,missed
CALL_005226,2025-02-12,PERSON_00276,PERSON_00333,202,PHONE_00276,voice
CALL_005227,2022-07-01,PERSON_00277,PERSON_00362,210,PHONE_00277,voice
CALL_005228,2023-04-16,PERSON_00278,PERSON_00391,750,PHONE_00278,missed
CALL_005229,2025-08-14,PERSON_00279,PERSON_00420,797,PHONE_00279,voice
CALL_005230,2021-09-02,PERSON_00280,PERSON_00449,191,PHONE_00280,missed
CALL_005231,2024-09-22,PERSON_00281,PERSON_00028,811,PHONE_00281,voice
CALL_005232,2024-11-25,PERSON_00282,PERSON_00057,808,PHONE_00282,missed
CALL_005233,2021-09-10,PERSON_00283,PERSON_00086,475,PHONE_00283,voice
CALL_005234,2024-08-01,PERSON_00284,PERSON_00115,499,PHONE_00284,voice
CALL_005235,2024-12-30,PERSON_00285,PERSON_00144,578,PHONE_00285,voice
CALL_005236,2025-01-17,PERSON_00286,PERSON_00287,152,PHONE_00286,voice
CALL_005237,2024-05-16,PERSON_00287,PERSON_00202,491,PHONE_00287,voice
CALL_005238,2022-01-02,PERSON_00288,PERSON_00231,893,PHONE_00288,voice
CALL_005239,2024-04-29,PERSON_00289,PERSON_00260,736,PHONE_00289,missed
CALL_005240,2024-11-27,PERSON_00290,PERSON_00289,830,PHONE_00290,voice
CALL_005241,2023-08-14,PERSON_00291,PERSON_00240,40,PHONE_00291,voice
CALL_005242,2025-02-22,PERSON_00292,PERSON_00347,159,PHONE_00292,missed
CALL_005243,2021-06-03,PERSON_00293,PERSON_00376,84,PHONE_00293,voice
CALL_005244,2023-01-04,PERSON_00294,PERSON_00405,296,PHONE_00294,missed
CALL_005245,2023-09-25,PERSON_00295,PERSON_00434,847,PHONE_00295,voice
CALL_005246,2025-07-12,PERSON_00296,PERSON_00013,68,PHONE_00296,voice
CALL_005247,2025-03-13,PERSON_00297,PERSON_00042,122,PHONE_00297,voice
CALL_005248,2022-04-16,PERSON_00298,PERSON_00071,585,PHONE_00298,missed
CALL_005249,2025-06-05,PERSON_00299,PERSON_00100,43,PHONE_00299,missed
CALL_005250,2025-08-13,PERSON_00300,PERSON_00129,36,PHONE_00300,voice
CALL_005251,2025-11-16,PERSON_00301,PERSON_00240,142,PHONE_00301,missed
CALL_005252,2022-02-23,PERSON_00302,PERSON_00187,470,PHONE_00302,voice
CALL_005253,2021-01-13,PERSON_00303,PERSON_00216,123,PHONE_00303,voice
CALL_005254,2021-04-20,PERSON_00304,PERSON_00245,91,PHONE_00304,voice
CALL_005255,2025-03-17,PERSON_00305,PERSON_00274,408,PHONE_00305,voice
CALL_005256,2022-09-11,PERSON_00306,PERSON_00303,569,PHONE_00306,voice
CALL_005257,2025-10-23,PERSON_00307,PERSON_00332,175,PHONE_00307,missed
CALL_005258,2025-06-06,PERSON_00308,PERSON_00361,303,PHONE_00308,voice
CALL_005259,2022-04-12,PERSON_00309,PERSON_00390,571,PHONE_00309,voice
CALL_005260,2025-11-03,PERSON_00310,PERSON_00419,734,PHONE_00310,missed
CALL_005261,2024-02-03,PERSON_00311,PERSON_00448,295,PHONE_00311,voice
CALL_005262,2025-08-30,PERSON_00312,PERSON_00027,656,PHONE_00312,missed
CALL_005263,2023-08-31,PERSON_00313,PERSON_00056,277,PHONE_00313,voice
CALL_005264,2021-03-22,PERSON_00314,PERSON_00085,17,PHONE_00314,voice
CALL_005265,2026-05-02,PERSON_00315,PERSON_00114,391,PHONE_00315,voice
CALL_005266,2022-02-13,PERSON_00316,PERSON_00143,732,PHONE_00316,voice
CALL_005267,2021-05-12,PERSON_00317,PERSON_00172,429,PHONE_00317,voice
CALL_005268,2023-02-17,PERSON_00318,PERSON_00201,470,PHONE_00318,voice
CALL_005269,2022-08-28,PERSON_00319,PERSON_00230,863,PHONE_00319,voice
CALL_005270,2025-06-10,PERSON_00320,PERSON_00259,313,PHONE_00320,voice
CALL_005271,2021-07-01,PERSON_00321,PERSON_00250,15,PHONE_00321,voice
CALL_005272,2024-08-15,PERSON_00322,PERSON_00317,703,PHONE_00322,voice
CALL_005273,2024-06-30,PERSON_00323,PERSON_00346,886,PHONE_00323,missed
CALL_005274,2025-02-07,PERSON_00324,PERSON_00375,499,PHONE_00324,voice
CALL_005275,2021-03-05,PERSON_00325,PERSON_00404,291,PHONE_00325,missed
CALL_005276,2021-06-28,PERSON_00326,PERSON_00433,729,PHONE_00326,voice
CALL_005277,2024-02-27,PERSON_00327,PERSON_00012,270,PHONE_00327,voice
CALL_005278,2021-01-24,PERSON_00328,PERSON_00041,389,PHONE_00328,voice
CALL_005279,2026-02-01,PERSON_00329,PERSON_00070,738,PHONE_00329,missed
CALL_005280,2023-10-08,PERSON_00330,PERSON_00099,623,PHONE_00330,voice
CALL_005281,2023-12-19,PERSON_00331,PERSON_00237,40,PHONE_00331,voice
CALL_005282,2021-04-12,PERSON_00332,PERSON_00157,897,PHONE_00332,voice
CALL_005283,2021-05-26,PERSON_00333,PERSON_00186,330,PHONE_00333,voice
CALL_005284,2025-04-19,PERSON_00334,PERSON_00215,82,PHONE_00334,voice
CALL_005285,2024-09-13,PERSON_00335,PERSON_00244,671,PHONE_00335,voice
CALL_005286,2021-08-14,PERSON_00336,PERSON_00012,95,PHONE_00336,voice
CALL_005287,2024-05-12,PERSON_00337,PERSON_00302,221,PHONE_00337,missed
CALL_005288,2023-10-02,PERSON_00338,PERSON_00331,320,PHONE_00338,voice
CALL_005289,2022-10-24,PERSON_00339,PERSON_00360,238,PHONE_00339,missed
CALL_005290,2021-07-02,PERSON_00340,PERSON_00389,801,PHONE_00340,voice
CALL_005291,2021-03-12,PERSON_00341,PERSON_00418,753,PHONE_00341,voice
CALL_005292,2021-09-19,PERSON_00342,PERSON_00447,666,PHONE_00342,voice
CALL_005293,2021-02-25,PERSON_00343,PERSON_00026,706,PHONE_00343,voice
CALL_005294,2024-03-15,PERSON_00344,PERSON_00055,780,PHONE_00344,voice
CALL_005295,2022-03-06,PERSON_00345,PERSON_00084,41,PHONE_00345,voice
CALL_005296,2022-04-30,PERSON_00346,PERSON_00113,134,PHONE_00346,voice
CALL_005297,2024-09-13,PERSON_00347,PERSON_00142,557,PHONE_00347,voice
CALL_005298,2021-08-04,PERSON_00348,PERSON_00171,389,PHONE_00348,voice
CALL_005299,2023-11-10,PERSON_00349,PERSON_00200,350,PHONE_00349,missed
CALL_005300,2023-01-30,PERSON_00350,PERSON_00229,739,PHONE_00350,missed
CALL_005301,2023-02-09,PERSON_00351,PERSON_00258,573,PHONE_00351,missed
CALL_005302,2023-12-12,PERSON_00352,PERSON_00287,169,PHONE_00352,voice
CALL_005303,2021-01-25,PERSON_00353,PERSON_00316,515,PHONE_00353,voice
CALL_005304,2024-04-01,PERSON_00354,PERSON_00345,598,PHONE_00354,missed
CALL_005305,2025-04-06,PERSON_00355,PERSON_00374,483,PHONE_00355,missed
CALL_005306,2024-08-11,PERSON_00356,PERSON_00403,327,PHONE_00356,voice
CALL_005307,2024-11-25,PERSON_00357,PERSON_00432,612,PHONE_00357,missed
CALL_005308,2026-02-17,PERSON_00358,PERSON_00011,308,PHONE_00358,voice
CALL_005309,2022-09-27,PERSON_00359,PERSON_00040,639,PHONE_00359,voice
CALL_005310,2025-06-06,PERSON_00360,PERSON_00069,823,PHONE_00360,voice
CALL_005311,2026-04-01,PERSON_00361,PERSON_00098,541,PHONE_00361,missed
CALL_005312,2023-02-28,PERSON_00362,PERSON_00127,774,PHONE_00362,missed
CALL_005313,2021-07-01,PERSON_00363,PERSON_00156,528,PHONE_00363,missed
CALL_005314,2021-06-15,PERSON_00364,PERSON_00185,55,PHONE_00364,voice
CALL_005315,2025-03-02,PERSON_00365,PERSON_00214,701,PHONE_00365,voice
CALL_005316,2023-09-15,PERSON_00366,PERSON_00268,157,PHONE_00366,voice
CALL_005317,2023-10-14,PERSON_00367,PERSON_00272,546,PHONE_00367,voice
CALL_005318,2026-03-22,PERSON_00368,PERSON_00301,706,PHONE_00368,voice
CALL_005319,2025-06-11,PERSON_00369,PERSON_00330,108,PHONE_00369,voice
CALL_005320,2024-02-16,PERSON_00370,PERSON_00359,632,PHONE_00370,voice
CALL_005321,2023-09-26,PERSON_00371,PERSON_00250,25,PHONE_00371,missed
CALL_005322,2023-10-08,PERSON_00372,PERSON_00417,187,PHONE_00372,voice
CALL_005323,2023-04-09,PERSON_00373,PERSON_00446,765,PHONE_00373,missed
CALL_005324,2024-03-29,PERSON_00374,PERSON_00025,416,PHONE_00374,voice
CALL_005325,2022-03-15,PERSON_00375,PERSON_00054,492,PHONE_00375,voice
CALL_005326,2025-12-04,PERSON_00376,PERSON_00256,44,PHONE_00376,voice
CALL_005327,2021-01-29,PERSON_00377,PERSON_00112,525,PHONE_00377,missed
CALL_005328,2021-05-19,PERSON_00378,PERSON_00141,695,PHONE_00378,voice
CALL_005329,2026-06-15,PERSON_00379,PERSON_00170,299,PHONE_00379,voice
CALL_005330,2023-11-27,PERSON_00380,PERSON_00199,309,PHONE_00380,missed
CALL_005331,2023-10-20,PERSON_00381,PERSON_00122,134,PHONE_00381,voice
CALL_005332,2022-03-20,PERSON_00382,PERSON_00257,188,PHONE_00382,voice
CALL_005333,2026-01-02,PERSON_00383,PERSON_00286,384,PHONE_00383,voice
CALL_005334,2021-10-19,PERSON_00384,PERSON_00315,324,PHONE_00384,missed
CALL_005335,2021-09-04,PERSON_00385,PERSON_00344,133,PHONE_00385,voice
CALL_005336,2022-12-08,PERSON_00386,PERSON_00373,867,PHONE_00386,voice
CALL_005337,2026-06-01,PERSON_00387,PERSON_00402,451,PHONE_00387,missed
CALL_005338,2026-03-25,PERSON_00388,PERSON_00431,772,PHONE_00388,missed
CALL_005339,2021-08-11,PERSON_00389,PERSON_00010,764,PHONE_00389,voice
CALL_005340,2021-06-09,PERSON_00390,PERSON_00039,375,PHONE_00390,voice
CALL_005341,2023-07-01,PERSON_00391,PERSON_00038,110,PHONE_00391,voice
CALL_005342,2022-04-17,PERSON_00392,PERSON_00097,156,PHONE_00392,voice
CALL_005343,2025-02-25,PERSON_00393,PERSON_00126,680,PHONE_00393,voice
CALL_005344,2022-12-29,PERSON_00394,PERSON_00155,793,PHONE_00394,missed
CALL_005345,2025-05-23,PERSON_00395,PERSON_00184,499,PHONE_00395,voice
CALL_005346,2025-01-26,PERSON_00396,PERSON_00213,829,PHONE_00396,missed
CALL_005347,2022-01-28,PERSON_00397,PERSON_00242,327,PHONE_00397,voice
CALL_005348,2022-01-07,PERSON_00398,PERSON_00271,848,PHONE_00398,voice
CALL_005349,2025-05-24,PERSON_00399,PERSON_00300,277,PHONE_00399,voice
CALL_005350,2021-11-07,PERSON_00400,PERSON_00329,192,PHONE_00400,voice
CALL_005351,2022-09-01,PERSON_00401,PERSON_00117,142,PHONE_00401,voice
CALL_005352,2024-09-01,PERSON_00402,PERSON_00387,266,PHONE_00402,voice
CALL_005353,2026-04-29,PERSON_00403,PERSON_00416,813,PHONE_00403,voice
CALL_005354,2021-12-12,PERSON_00404,PERSON_00445,210,PHONE_00404,voice
CALL_005355,2023-11-08,PERSON_00405,PERSON_00024,244,PHONE_00405,voice
CALL_005356,2024-04-06,PERSON_00406,PERSON_00318,135,PHONE_00406,voice
CALL_005357,2023-05-12,PERSON_00407,PERSON_00082,743,PHONE_00407,voice
CALL_005358,2024-08-30,PERSON_00408,PERSON_00111,638,PHONE_00408,voice
CALL_005359,2022-05-05,PERSON_00409,PERSON_00140,320,PHONE_00409,missed
CALL_005360,2025-11-25,PERSON_00410,PERSON_00169,106,PHONE_00410,missed
CALL_005361,2022-06-03,PERSON_00411,PERSON_00154,176,PHONE_00411,missed
CALL_005362,2022-05-15,PERSON_00412,PERSON_00227,314,PHONE_00412,missed
CALL_005363,2026-04-25,PERSON_00413,PERSON_00256,848,PHONE_00413,voice
CALL_005364,2025-04-23,PERSON_00414,PERSON_00285,669,PHONE_00414,voice
CALL_005365,2023-11-25,PERSON_00415,PERSON_00314,236,PHONE_00415,missed
CALL_005366,2026-06-22,PERSON_00416,PERSON_00343,416,PHONE_00416,voice
CALL_005367,2021-06-18,PERSON_00417,PERSON_00372,104,PHONE_00417,voice
CALL_005368,2022-12-06,PERSON_00418,PERSON_00401,587,PHONE_00418,voice
CALL_005369,2024-09-16,PERSON_00419,PERSON_00430,221,PHONE_00419,missed
CALL_005370,2024-02-26,PERSON_00420,PERSON_00009,774,PHONE_00420,voice
CALL_005371,2025-11-24,PERSON_00421,PERSON_00038,863,PHONE_00421,voice
CALL_005372,2026-01-17,PERSON_00422,PERSON_00067,75,PHONE_00422,voice
CALL_005373,2022-01-16,PERSON_00423,PERSON_00096,252,PHONE_00423,voice
CALL_005374,2021-10-22,PERSON_00424,PERSON_00125,364,PHONE_00424,voice
CALL_005375,2023-12-01,PERSON_00425,PERSON_00154,55,PHONE_00425,voice
CALL_005376,2024-04-24,PERSON_00426,PERSON_00183,389,PHONE_00426,voice
CALL_005377,2024-05-23,PERSON_00427,PERSON_00212,240,PHONE_00427,voice
CALL_005378,2026-01-24,PERSON_00428,PERSON_00241,888,PHONE_00428,voice
CALL_005379,2025-10-09,PERSON_00429,PERSON_00270,640,PHONE_00429,voice
CALL_005380,2021-07-28,PERSON_00430,PERSON_00299,32,PHONE_00430,missed
CALL_005381,2025-01-16,PERSON_00431,PERSON_00328,787,PHONE_00431,missed
CALL_005382,2021-02-12,PERSON_00432,PERSON_00357,403,PHONE_00432,voice
CALL_005383,2021-01-08,PERSON_00433,PERSON_00386,712,PHONE_00433,voice
CALL_005384,2025-09-11,PERSON_00434,PERSON_00415,895,PHONE_00434,missed
CALL_005385,2021-06-04,PERSON_00435,PERSON_00444,857,PHONE_00435,voice
CALL_005386,2023-07-12,PERSON_00436,PERSON_00429,99,PHONE_00436,missed
CALL_005387,2023-08-09,PERSON_00437,PERSON_00052,542,PHONE_00437,voice
CALL_005388,2021-06-28,PERSON_00438,PERSON_00081,54,PHONE_00438,voice
CALL_005389,2023-04-23,PERSON_00439,PERSON_00110,155,PHONE_00439,missed
CALL_005390,2023-12-26,PERSON_00440,PERSON_00139,65,PHONE_00440,voice
CALL_005391,2022-11-20,PERSON_00441,PERSON_00168,840,PHONE_00441,voice
CALL_005392,2025-12-22,PERSON_00442,PERSON_00197,169,PHONE_00442,voice
CALL_005393,2021-08-22,PERSON_00443,PERSON_00226,600,PHONE_00443,missed
CALL_005394,2026-03-26,PERSON_00444,PERSON_00255,871,PHONE_00444,missed
CALL_005395,2026-05-25,PERSON_00445,PERSON_00284,397,PHONE_00445,missed
CALL_005396,2025-09-14,PERSON_00446,PERSON_00313,461,PHONE_00446,voice
CALL_005397,2025-05-08,PERSON_00447,PERSON_00342,509,PHONE_00447,voice
CALL_005398,2024-08-13,PERSON_00448,PERSON_00371,855,PHONE_00448,voice
CALL_005399,2025-07-30,PERSON_00449,PERSON_00400,822,PHONE_00449,voice
CALL_005400,2026-05-16,PERSON_00450,PERSON_00429,731,PHONE_00450,missed
CALL_005401,2026-06-19,PERSON_00001,PERSON_00008,889,PHONE_00001,voice
CALL_005402,2023-02-07,PERSON_00002,PERSON_00037,392,PHONE_00002,missed
CALL_005403,2023-04-29,PERSON_00003,PERSON_00066,783,PHONE_00003,voice
CALL_005404,2026-04-08,PERSON_00004,PERSON_00095,127,PHONE_00004,missed
CALL_005405,2021-05-20,PERSON_00005,PERSON_00124,881,PHONE_00005,voice
CALL_005406,2025-07-26,PERSON_00006,PERSON_00101,62,PHONE_00006,voice
CALL_005407,2024-11-01,PERSON_00007,PERSON_00182,628,PHONE_00007,missed
CALL_005408,2023-05-01,PERSON_00008,PERSON_00211,608,PHONE_00008,voice
CALL_005409,2023-01-19,PERSON_00009,PERSON_00240,349,PHONE_00009,voice
CALL_005410,2021-08-29,PERSON_00010,PERSON_00269,157,PHONE_00010,voice
CALL_005411,2025-11-13,PERSON_00011,PERSON_00298,88,PHONE_00011,voice
CALL_005412,2023-07-10,PERSON_00012,PERSON_00327,750,PHONE_00012,voice
CALL_005413,2022-08-21,PERSON_00013,PERSON_00356,767,PHONE_00013,voice
CALL_005414,2024-08-20,PERSON_00014,PERSON_00385,316,PHONE_00014,missed
CALL_005415,2024-11-23,PERSON_00015,PERSON_00414,344,PHONE_00015,voice
CALL_005416,2025-02-12,PERSON_00016,PERSON_00134,68,PHONE_00016,missed
CALL_005417,2023-07-04,PERSON_00017,PERSON_00022,861,PHONE_00017,voice
CALL_005418,2022-08-21,PERSON_00018,PERSON_00051,276,PHONE_00018,voice
CALL_005419,2023-04-27,PERSON_00019,PERSON_00080,888,PHONE_00019,missed
CALL_005420,2022-05-26,PERSON_00020,PERSON_00109,859,PHONE_00020,missed
CALL_005421,2024-11-28,PERSON_00021,PERSON_00169,109,PHONE_00021,voice
CALL_005422,2023-08-19,PERSON_00022,PERSON_00167,236,PHONE_00022,missed
CALL_005423,2023-09-26,PERSON_00023,PERSON_00196,683,PHONE_00023,voice
CALL_005424,2025-09-10,PERSON_00024,PERSON_00225,736,PHONE_00024,missed
CALL_005425,2026-05-03,PERSON_00025,PERSON_00254,447,PHONE_00025,missed
CALL_005426,2024-06-18,PERSON_00026,PERSON_00283,170,PHONE_00026,missed
CALL_005427,2021-10-26,PERSON_00027,PERSON_00312,396,PHONE_00027,missed
CALL_005428,2021-11-13,PERSON_00028,PERSON_00341,667,PHONE_00028,voice
CALL_005429,2021-07-23,PERSON_00029,PERSON_00370,737,PHONE_00029,missed
CALL_005430,2025-05-14,PERSON_00030,PERSON_00399,262,PHONE_00030,missed
CALL_005431,2023-04-20,PERSON_00031,PERSON_00428,563,PHONE_00031,voice
CALL_005432,2025-03-09,PERSON_00032,PERSON_00007,165,PHONE_00032,missed
CALL_005433,2021-12-27,PERSON_00033,PERSON_00036,155,PHONE_00033,voice
CALL_005434,2021-06-23,PERSON_00034,PERSON_00065,362,PHONE_00034,voice
CALL_005435,2022-06-13,PERSON_00035,PERSON_00094,96,PHONE_00035,missed
CALL_005436,2022-09-30,PERSON_00036,PERSON_00123,349,PHONE_00036,voice
CALL_005437,2021-08-18,PERSON_00037,PERSON_00152,774,PHONE_00037,missed
CALL_005438,2026-06-17,PERSON_00038,PERSON_00181,478,PHONE_00038,voice
CALL_005439,2023-01-25,PERSON_00039,PERSON_00210,227,PHONE_00039,missed
CALL_005440,2021-07-14,PERSON_00040,PERSON_00239,582,PHONE_00040,voice
CALL_005441,2025-12-08,PERSON_00041,PERSON_00268,334,PHONE_00041,missed
CALL_005442,2022-01-16,PERSON_00042,PERSON_00297,492,PHONE_00042,missed
CALL_005443,2024-01-01,PERSON_00043,PERSON_00326,264,PHONE_00043,missed
CALL_005444,2025-05-06,PERSON_00044,PERSON_00355,231,PHONE_00044,voice
CALL_005445,2023-02-25,PERSON_00045,PERSON_00384,826,PHONE_00045,voice
CALL_005446,2022-05-29,PERSON_00046,PERSON_00250,77,PHONE_00046,voice
CALL_005447,2023-02-28,PERSON_00047,PERSON_00442,385,PHONE_00047,voice
CALL_005448,2024-11-29,PERSON_00048,PERSON_00021,678,PHONE_00048,missed
CALL_005449,2024-09-04,PERSON_00049,PERSON_00050,842,PHONE_00049,voice
CALL_005450,2021-04-29,PERSON_00050,PERSON_00079,896,PHONE_00050,missed
CALL_005451,2021-12-23,PERSON_00051,PERSON_00108,193,PHONE_00051,missed
CALL_005452,2022-11-27,PERSON_00052,PERSON_00137,700,PHONE_00052,missed
CALL_005453,2023-02-14,PERSON_00053,PERSON_00166,457,PHONE_00053,voice
CALL_005454,2024-11-20,PERSON_00054,PERSON_00195,297,PHONE_00054,voice
CALL_005455,2023-03-14,PERSON_00055,PERSON_00224,862,PHONE_00055,voice
CALL_005456,2024-02-01,PERSON_00056,PERSON_00253,857,PHONE_00056,voice
CALL_005457,2025-04-07,PERSON_00057,PERSON_00282,68,PHONE_00057,voice
CALL_005458,2022-09-27,PERSON_00058,PERSON_00311,844,PHONE_00058,missed
CALL_005459,2026-06-01,PERSON_00059,PERSON_00340,394,PHONE_00059,voice
CALL_005460,2025-01-26,PERSON_00060,PERSON_00369,336,PHONE_00060,missed
CALL_005461,2022-10-03,PERSON_00061,PERSON_00340,35,PHONE_00061,voice
CALL_005462,2022-07-30,PERSON_00062,PERSON_00427,85,PHONE_00062,missed
CALL_005463,2022-11-07,PERSON_00063,PERSON_00006,483,PHONE_00063,missed
CALL_005464,2024-12-05,PERSON_00064,PERSON_00035,121,PHONE_00064,missed
CALL_005465,2025-07-26,PERSON_00065,PERSON_00064,755,PHONE_00065,voice
CALL_005466,2026-01-03,PERSON_00066,PERSON_00093,324,PHONE_00066,missed
CALL_005467,2023-01-23,PERSON_00067,PERSON_00122,226,PHONE_00067,missed
CALL_005468,2024-09-11,PERSON_00068,PERSON_00151,194,PHONE_00068,missed
CALL_005469,2023-04-20,PERSON_00069,PERSON_00180,106,PHONE_00069,missed
CALL_005470,2023-04-20,PERSON_00070,PERSON_00209,791,PHONE_00070,voice
CALL_005471,2026-05-20,PERSON_00071,PERSON_00238,213,PHONE_00071,missed
CALL_005472,2025-09-18,PERSON_00072,PERSON_00267,515,PHONE_00072,voice
CALL_005473,2023-08-24,PERSON_00073,PERSON_00296,124,PHONE_00073,voice
CALL_005474,2021-01-22,PERSON_00074,PERSON_00325,844,PHONE_00074,missed
CALL_005475,2026-01-14,PERSON_00075,PERSON_00354,348,PHONE_00075,voice
CALL_005476,2026-03-30,PERSON_00076,PERSON_00436,174,PHONE_00076,voice
CALL_005477,2024-07-11,PERSON_00077,PERSON_00412,144,PHONE_00077,voice
CALL_005478,2025-10-23,PERSON_00078,PERSON_00441,587,PHONE_00078,voice
CALL_005479,2021-05-02,PERSON_00079,PERSON_00020,156,PHONE_00079,missed
CALL_005480,2024-11-11,PERSON_00080,PERSON_00049,239,PHONE_00080,voice
CALL_005481,2024-09-13,PERSON_00081,PERSON_00179,13,PHONE_00081,voice
CALL_005482,2021-02-23,PERSON_00082,PERSON_00107,785,PHONE_00082,voice
CALL_005483,2021-07-02,PERSON_00083,PERSON_00136,437,PHONE_00083,missed
CALL_005484,2026-04-01,PERSON_00084,PERSON_00165,365,PHONE_00084,missed
CALL_005485,2023-10-04,PERSON_00085,PERSON_00194,404,PHONE_00085,missed
CALL_005486,2025-12-27,PERSON_00086,PERSON_00287,173,PHONE_00086,voice
CALL_005487,2022-05-06,PERSON_00087,PERSON_00252,294,PHONE_00087,voice
CALL_005488,2023-08-02,PERSON_00088,PERSON_00281,650,PHONE_00088,missed
CALL_005489,2023-08-15,PERSON_00089,PERSON_00310,217,PHONE_00089,voice
CALL_005490,2023-06-16,PERSON_00090,PERSON_00339,503,PHONE_00090,voice
CALL_005491,2025-07-04,PERSON_00091,PERSON_00368,657,PHONE_00091,voice
CALL_005492,2025-08-13,PERSON_00092,PERSON_00397,761,PHONE_00092,voice
CALL_005493,2025-03-04,PERSON_00093,PERSON_00426,382,PHONE_00093,missed
CALL_005494,2021-02-24,PERSON_00094,PERSON_00005,842,PHONE_00094,voice
CALL_005495,2025-05-20,PERSON_00095,PERSON_00034,613,PHONE_00095,voice
CALL_005496,2021-12-08,PERSON_00096,PERSON_00063,256,PHONE_00096,voice
CALL_005497,2021-05-31,PERSON_00097,PERSON_00092,628,PHONE_00097,voice
CALL_005498,2023-08-08,PERSON_00098,PERSON_00121,383,PHONE_00098,voice
CALL_005499,2025-11-02,PERSON_00099,PERSON_00150,358,PHONE_00099,voice
CALL_005500,2023-07-08,PERSON_00100,PERSON_00179,421,PHONE_00100,missed
CALL_005501,2024-01-03,PERSON_00101,PERSON_00093,44,PHONE_00101,missed
CALL_005502,2021-08-05,PERSON_00102,PERSON_00237,99,PHONE_00102,missed
CALL_005503,2023-03-18,PERSON_00103,PERSON_00266,756,PHONE_00103,voice
CALL_005504,2022-05-07,PERSON_00104,PERSON_00295,556,PHONE_00104,missed
CALL_005505,2024-01-21,PERSON_00105,PERSON_00324,405,PHONE_00105,voice
CALL_005506,2026-04-08,PERSON_00106,PERSON_00344,152,PHONE_00106,voice
CALL_005507,2024-08-04,PERSON_00107,PERSON_00382,760,PHONE_00107,voice
CALL_005508,2022-05-12,PERSON_00108,PERSON_00411,149,PHONE_00108,missed
CALL_005509,2021-08-14,PERSON_00109,PERSON_00440,414,PHONE_00109,voice
CALL_005510,2025-03-30,PERSON_00110,PERSON_00019,596,PHONE_00110,voice
CALL_005511,2024-09-23,PERSON_00111,PERSON_00048,762,PHONE_00111,voice
CALL_005512,2023-01-19,PERSON_00112,PERSON_00077,156,PHONE_00112,missed
CALL_005513,2026-05-19,PERSON_00113,PERSON_00106,870,PHONE_00113,voice
CALL_005514,2021-01-04,PERSON_00114,PERSON_00135,894,PHONE_00114,voice
CALL_005515,2023-03-17,PERSON_00115,PERSON_00164,502,PHONE_00115,voice
CALL_005516,2021-02-04,PERSON_00116,PERSON_00193,894,PHONE_00116,voice
CALL_005517,2021-05-02,PERSON_00117,PERSON_00222,782,PHONE_00117,voice
CALL_005518,2021-02-23,PERSON_00118,PERSON_00251,256,PHONE_00118,voice
CALL_005519,2024-09-16,PERSON_00119,PERSON_00280,891,PHONE_00119,voice
CALL_005520,2026-01-29,PERSON_00120,PERSON_00309,594,PHONE_00120,voice
CALL_005521,2025-09-09,PERSON_00121,PERSON_00338,242,PHONE_00121,missed
CALL_005522,2024-12-02,PERSON_00122,PERSON_00367,531,PHONE_00122,voice
CALL_005523,2022-11-27,PERSON_00123,PERSON_00396,373,PHONE_00123,missed
CALL_005524,2025-12-19,PERSON_00124,PERSON_00425,673,PHONE_00124,missed
CALL_005525,2021-01-17,PERSON_00125,PERSON_00004,816,PHONE_00125,voice
CALL_005526,2021-08-09,PERSON_00126,PERSON_00182,72,PHONE_00126,missed
CALL_005527,2023-05-05,PERSON_00127,PERSON_00062,743,PHONE_00127,voice
CALL_005528,2021-09-26,PERSON_00128,PERSON_00091,728,PHONE_00128,voice
CALL_005529,2022-12-03,PERSON_00129,PERSON_00120,312,PHONE_00129,voice
CALL_005530,2021-08-16,PERSON_00130,PERSON_00149,240,PHONE_00130,missed
CALL_005531,2024-01-31,PERSON_00131,PERSON_00178,145,PHONE_00131,voice
CALL_005532,2025-11-05,PERSON_00132,PERSON_00207,141,PHONE_00132,missed
CALL_005533,2025-08-15,PERSON_00133,PERSON_00236,839,PHONE_00133,missed
CALL_005534,2022-07-25,PERSON_00134,PERSON_00265,868,PHONE_00134,voice
CALL_005535,2024-11-30,PERSON_00135,PERSON_00294,592,PHONE_00135,missed
CALL_005536,2026-06-29,PERSON_00136,PERSON_00323,550,PHONE_00136,voice
CALL_005537,2022-07-29,PERSON_00137,PERSON_00352,64,PHONE_00137,missed
CALL_005538,2023-09-05,PERSON_00138,PERSON_00381,810,PHONE_00138,voice
CALL_005539,2025-03-11,PERSON_00139,PERSON_00410,272,PHONE_00139,voice
CALL_005540,2025-10-10,PERSON_00140,PERSON_00439,91,PHONE_00140,voice
CALL_005541,2025-02-11,PERSON_00141,PERSON_00371,48,PHONE_00141,voice
CALL_005542,2023-10-11,PERSON_00142,PERSON_00047,368,PHONE_00142,missed
CALL_005543,2024-02-16,PERSON_00143,PERSON_00076,403,PHONE_00143,voice
CALL_005544,2024-07-17,PERSON_00144,PERSON_00105,149,PHONE_00144,voice
CALL_005545,2025-04-06,PERSON_00145,PERSON_00134,305,PHONE_00145,voice
CALL_005546,2023-11-23,PERSON_00146,PERSON_00163,830,PHONE_00146,voice
CALL_005547,2021-08-06,PERSON_00147,PERSON_00192,258,PHONE_00147,voice
CALL_005548,2023-08-26,PERSON_00148,PERSON_00221,250,PHONE_00148,voice
CALL_005549,2022-11-27,PERSON_00149,PERSON_00250,604,PHONE_00149,voice
CALL_005550,2025-02-20,PERSON_00150,PERSON_00279,882,PHONE_00150,missed
CALL_005551,2024-09-11,PERSON_00151,PERSON_00308,129,PHONE_00151,voice
CALL_005552,2024-12-24,PERSON_00152,PERSON_00337,866,PHONE_00152,voice
CALL_005553,2023-01-05,PERSON_00153,PERSON_00366,168,PHONE_00153,voice
CALL_005554,2023-04-09,PERSON_00154,PERSON_00395,200,PHONE_00154,missed
CALL_005555,2022-04-09,PERSON_00155,PERSON_00424,534,PHONE_00155,missed
CALL_005556,2026-01-01,PERSON_00156,PERSON_00171,70,PHONE_00156,voice
CALL_005557,2025-04-25,PERSON_00157,PERSON_00032,308,PHONE_00157,missed
CALL_005558,2023-01-24,PERSON_00158,PERSON_00061,711,PHONE_00158,voice
CALL_005559,2022-08-17,PERSON_00159,PERSON_00090,352,PHONE_00159,voice
CALL_005560,2022-03-31,PERSON_00160,PERSON_00119,215,PHONE_00160,voice
CALL_005561,2022-12-12,PERSON_00161,PERSON_00110,41,PHONE_00161,missed
CALL_005562,2024-09-26,PERSON_00162,PERSON_00177,717,PHONE_00162,voice
CALL_005563,2021-02-19,PERSON_00163,PERSON_00206,670,PHONE_00163,voice
CALL_005564,2025-01-03,PERSON_00164,PERSON_00235,749,PHONE_00164,missed
CALL_005565,2026-01-27,PERSON_00165,PERSON_00264,339,PHONE_00165,voice
CALL_005566,2021-07-07,PERSON_00166,PERSON_00389,9,PHONE_00166,voice
CALL_005567,2025-12-20,PERSON_00167,PERSON_00322,66,PHONE_00167,voice
CALL_005568,2026-03-05,PERSON_00168,PERSON_00351,117,PHONE_00168,voice
CALL_005569,2023-08-29,PERSON_00169,PERSON_00380,309,PHONE_00169,voice
CALL_005570,2021-01-24,PERSON_00170,PERSON_00409,408,PHONE_00170,missed
CALL_005571,2021-04-27,PERSON_00171,PERSON_00171,97,PHONE_00171,voice
CALL_005572,2021-11-23,PERSON_00172,PERSON_00017,721,PHONE_00172,voice
CALL_005573,2023-08-13,PERSON_00173,PERSON_00046,93,PHONE_00173,voice
CALL_005574,2023-12-20,PERSON_00174,PERSON_00075,194,PHONE_00174,missed
CALL_005575,2022-01-21,PERSON_00175,PERSON_00104,213,PHONE_00175,voice
CALL_005576,2022-02-01,PERSON_00176,PERSON_00133,322,PHONE_00176,missed
CALL_005577,2022-03-08,PERSON_00177,PERSON_00162,443,PHONE_00177,voice
CALL_005578,2022-03-25,PERSON_00178,PERSON_00191,68,PHONE_00178,voice
CALL_005579,2024-07-29,PERSON_00179,PERSON_00220,45,PHONE_00179,voice
CALL_005580,2023-07-30,PERSON_00180,PERSON_00249,540,PHONE_00180,voice
CALL_005581,2024-09-27,PERSON_00181,PERSON_00278,371,PHONE_00181,voice
CALL_005582,2022-07-30,PERSON_00182,PERSON_00307,332,PHONE_00182,voice
CALL_005583,2021-05-29,PERSON_00183,PERSON_00336,70,PHONE_00183,voice
CALL_005584,2021-11-15,PERSON_00184,PERSON_00365,163,PHONE_00184,voice
CALL_005585,2023-06-16,PERSON_00185,PERSON_00394,63,PHONE_00185,voice
CALL_005586,2025-07-29,PERSON_00186,PERSON_00423,127,PHONE_00186,voice
CALL_005587,2022-11-18,PERSON_00187,PERSON_00002,500,PHONE_00187,voice
CALL_005588,2023-01-29,PERSON_00188,PERSON_00031,874,PHONE_00188,missed
CALL_005589,2021-10-24,PERSON_00189,PERSON_00060,640,PHONE_00189,voice
CALL_005590,2021-11-03,PERSON_00190,PERSON_00089,56,PHONE_00190,missed
CALL_005591,2023-08-28,PERSON_00191,PERSON_00014,147,PHONE_00191,voice
CALL_005592,2021-01-24,PERSON_00192,PERSON_00147,110,PHONE_00192,voice
CALL_005593,2026-02-24,PERSON_00193,PERSON_00176,866,PHONE_00193,missed
CALL_005594,2022-07-03,PERSON_00194,PERSON_00205,22,PHONE_00194,voice
CALL_005595,2025-08-23,PERSON_00195,PERSON_00234,516,PHONE_00195,missed
CALL_005596,2025-11-25,PERSON_00196,PERSON_00350,40,PHONE_00196,voice
CALL_005597,2022-01-01,PERSON_00197,PERSON_00292,291,PHONE_00197,voice
CALL_005598,2021-12-06,PERSON_00198,PERSON_00321,707,PHONE_00198,voice
CALL_005599,2021-12-30,PERSON_00199,PERSON_00350,267,PHONE_00199,missed
CALL_005600,2022-01-03,PERSON_00200,PERSON_00379,142,PHONE_00200,voice
CALL_005601,2021-01-07,PERSON_00201,PERSON_00408,873,PHONE_00201,voice
CALL_005602,2021-05-25,PERSON_00202,PERSON_00437,525,PHONE_00202,voice
CALL_005603,2022-01-15,PERSON_00203,PERSON_00016,206,PHONE_00203,missed
CALL_005604,2026-06-22,PERSON_00204,PERSON_00045,676,PHONE_00204,missed
CALL_005605,2025-11-19,PERSON_00205,PERSON_00074,433,PHONE_00205,missed
CALL_005606,2022-01-06,PERSON_00206,PERSON_00103,648,PHONE_00206,missed
CALL_005607,2023-01-19,PERSON_00207,PERSON_00132,637,PHONE_00207,voice
CALL_005608,2023-10-11,PERSON_00208,PERSON_00161,670,PHONE_00208,missed
CALL_005609,2026-02-07,PERSON_00209,PERSON_00190,528,PHONE_00209,voice
CALL_005610,2021-04-12,PERSON_00210,PERSON_00219,147,PHONE_00210,voice
CALL_005611,2025-06-17,PERSON_00211,PERSON_00248,853,PHONE_00211,voice
CALL_005612,2025-01-24,PERSON_00212,PERSON_00277,209,PHONE_00212,voice
CALL_005613,2021-01-05,PERSON_00213,PERSON_00306,826,PHONE_00213,voice
CALL_005614,2022-03-30,PERSON_00214,PERSON_00335,579,PHONE_00214,voice
CALL_005615,2024-09-22,PERSON_00215,PERSON_00364,308,PHONE_00215,voice
CALL_005616,2024-11-08,PERSON_00216,PERSON_00076,153,PHONE_00216,voice
CALL_005617,2024-12-05,PERSON_00217,PERSON_00422,111,PHONE_00217,voice
CALL_005618,2024-07-16,PERSON_00218,PERSON_00001,764,PHONE_00218,voice
CALL_005619,2022-09-13,PERSON_00219,PERSON_00030,800,PHONE_00219,voice
CALL_005620,2023-06-28,PERSON_00220,PERSON_00059,166,PHONE_00220,voice
CALL_005621,2026-04-15,PERSON_00221,PERSON_00288,106,PHONE_00221,voice
CALL_005622,2025-12-10,PERSON_00222,PERSON_00117,166,PHONE_00222,missed
CALL_005623,2024-05-23,PERSON_00223,PERSON_00146,432,PHONE_00223,missed
CALL_005624,2022-05-11,PERSON_00224,PERSON_00175,359,PHONE_00224,voice
CALL_005625,2025-05-13,PERSON_00225,PERSON_00204,837,PHONE_00225,voice
CALL_005626,2023-06-02,PERSON_00226,PERSON_00101,100,PHONE_00226,voice
CALL_005627,2023-08-16,PERSON_00227,PERSON_00262,296,PHONE_00227,voice
CALL_005628,2024-05-06,PERSON_00228,PERSON_00291,621,PHONE_00228,voice
CALL_005629,2024-07-21,PERSON_00229,PERSON_00320,139,PHONE_00229,voice
CALL_005630,2025-06-27,PERSON_00230,PERSON_00349,449,PHONE_00230,missed
CALL_005631,2023-11-17,PERSON_00231,PERSON_00411,166,PHONE_00231,voice
CALL_005632,2021-03-23,PERSON_00232,PERSON_00407,216,PHONE_00232,voice
CALL_005633,2026-05-25,PERSON_00233,PERSON_00436,336,PHONE_00233,missed
CALL_005634,2024-10-16,PERSON_00234,PERSON_00015,873,PHONE_00234,voice
CALL_005635,2022-08-12,PERSON_00235,PERSON_00044,735,PHONE_00235,missed
CALL_005636,2024-01-10,PERSON_00236,PERSON_00073,45,PHONE_00236,voice
CALL_005637,2024-03-09,PERSON_00237,PERSON_00102,330,PHONE_00237,voice
CALL_005638,2026-01-24,PERSON_00238,PERSON_00131,597,PHONE_00238,voice
CALL_005639,2023-05-08,PERSON_00239,PERSON_00160,620,PHONE_00239,voice
CALL_005640,2023-08-28,PERSON_00240,PERSON_00189,488,PHONE_00240,voice
CALL_005641,2021-12-21,PERSON_00241,PERSON_00118,61,PHONE_00241,voice
CALL_005642,2022-10-10,PERSON_00242,PERSON_00247,482,PHONE_00242,missed
CALL_005643,2025-01-09,PERSON_00243,PERSON_00276,709,PHONE_00243,missed
CALL_005644,2022-03-03,PERSON_00244,PERSON_00305,722,PHONE_00244,missed
CALL_005645,2021-07-12,PERSON_00245,PERSON_00334,615,PHONE_00245,voice
CALL_005646,2023-06-23,PERSON_00246,PERSON_00363,231,PHONE_00246,missed
CALL_005647,2024-11-09,PERSON_00247,PERSON_00392,700,PHONE_00247,voice
CALL_005648,2022-06-26,PERSON_00248,PERSON_00421,419,PHONE_00248,voice
CALL_005649,2022-06-16,PERSON_00249,PERSON_00450,137,PHONE_00249,missed
CALL_005650,2022-03-07,PERSON_00250,PERSON_00029,32,PHONE_00250,missed
CALL_005651,2022-01-27,PERSON_00251,PERSON_00058,650,PHONE_00251,voice
CALL_005652,2023-01-01,PERSON_00252,PERSON_00087,756,PHONE_00252,missed
CALL_005653,2022-11-20,PERSON_00253,PERSON_00116,809,PHONE_00253,voice
CALL_005654,2024-04-02,PERSON_00254,PERSON_00145,44,PHONE_00254,voice
CALL_005655,2022-01-15,PERSON_00255,PERSON_00174,33,PHONE_00255,missed
CALL_005656,2025-10-26,PERSON_00256,PERSON_00205,118,PHONE_00256,missed
CALL_005657,2023-08-19,PERSON_00257,PERSON_00232,478,PHONE_00257,voice
CALL_005658,2023-03-26,PERSON_00258,PERSON_00261,589,PHONE_00258,voice
CALL_005659,2023-12-05,PERSON_00259,PERSON_00290,894,PHONE_00259,voice
CALL_005660,2023-02-11,PERSON_00260,PERSON_00319,801,PHONE_00260,voice
CALL_005661,2026-01-03,PERSON_00261,PERSON_00348,861,PHONE_00261,voice
CALL_005662,2021-05-19,PERSON_00262,PERSON_00377,668,PHONE_00262,missed
CALL_005663,2022-03-15,PERSON_00263,PERSON_00406,712,PHONE_00263,voice
CALL_005664,2023-08-06,PERSON_00264,PERSON_00435,628,PHONE_00264,missed
CALL_005665,2021-02-22,PERSON_00265,PERSON_00014,263,PHONE_00265,voice
CALL_005666,2021-09-15,PERSON_00266,PERSON_00043,534,PHONE_00266,voice
CALL_005667,2025-07-10,PERSON_00267,PERSON_00072,613,PHONE_00267,voice
CALL_005668,2025-02-10,PERSON_00268,PERSON_00101,804,PHONE_00268,missed
CALL_005669,2022-12-22,PERSON_00269,PERSON_00130,94,PHONE_00269,missed
CALL_005670,2024-07-24,PERSON_00270,PERSON_00159,89,PHONE_00270,missed
CALL_005671,2023-12-23,PERSON_00271,PERSON_00245,50,PHONE_00271,voice
CALL_005672,2024-08-26,PERSON_00272,PERSON_00217,290,PHONE_00272,missed
CALL_005673,2021-09-25,PERSON_00273,PERSON_00246,877,PHONE_00273,voice
CALL_005674,2023-12-14,PERSON_00274,PERSON_00275,717,PHONE_00274,voice
CALL_005675,2026-05-21,PERSON_00275,PERSON_00304,744,PHONE_00275,voice
CALL_005676,2022-08-12,PERSON_00276,PERSON_00333,329,PHONE_00276,missed
CALL_005677,2022-09-24,PERSON_00277,PERSON_00362,378,PHONE_00277,voice
CALL_005678,2021-04-04,PERSON_00278,PERSON_00391,713,PHONE_00278,voice
CALL_005679,2025-07-08,PERSON_00279,PERSON_00420,771,PHONE_00279,missed
CALL_005680,2024-05-08,PERSON_00280,PERSON_00449,75,PHONE_00280,missed
CALL_005681,2025-02-19,PERSON_00281,PERSON_00028,385,PHONE_00281,voice
CALL_005682,2023-10-13,PERSON_00282,PERSON_00057,198,PHONE_00282,voice
CALL_005683,2023-05-09,PERSON_00283,PERSON_00086,26,PHONE_00283,missed
CALL_005684,2024-05-20,PERSON_00284,PERSON_00115,260,PHONE_00284,voice
CALL_005685,2026-01-30,PERSON_00285,PERSON_00144,574,PHONE_00285,voice
CALL_005686,2023-05-21,PERSON_00286,PERSON_00030,117,PHONE_00286,missed
CALL_005687,2025-12-29,PERSON_00287,PERSON_00202,295,PHONE_00287,voice
CALL_005688,2022-02-10,PERSON_00288,PERSON_00231,753,PHONE_00288,voice
CALL_005689,2025-06-01,PERSON_00289,PERSON_00260,676,PHONE_00289,voice
CALL_005690,2026-04-21,PERSON_00290,PERSON_00289,477,PHONE_00290,voice
CALL_005691,2024-07-20,PERSON_00291,PERSON_00449,18,PHONE_00291,voice
CALL_005692,2023-04-25,PERSON_00292,PERSON_00347,232,PHONE_00292,missed
CALL_005693,2023-09-06,PERSON_00293,PERSON_00376,102,PHONE_00293,voice
CALL_005694,2022-11-17,PERSON_00294,PERSON_00405,181,PHONE_00294,voice
CALL_005695,2021-03-10,PERSON_00295,PERSON_00434,325,PHONE_00295,voice
CALL_005696,2025-10-24,PERSON_00296,PERSON_00013,88,PHONE_00296,voice
CALL_005697,2022-06-06,PERSON_00297,PERSON_00042,785,PHONE_00297,voice
CALL_005698,2022-09-21,PERSON_00298,PERSON_00071,851,PHONE_00298,missed
CALL_005699,2025-11-30,PERSON_00299,PERSON_00100,180,PHONE_00299,voice
CALL_005700,2021-12-02,PERSON_00300,PERSON_00129,152,PHONE_00300,voice
CALL_005701,2024-10-04,PERSON_00301,PERSON_00156,154,PHONE_00301,voice
CALL_005702,2021-04-06,PERSON_00302,PERSON_00187,847,PHONE_00302,voice
CALL_005703,2021-12-09,PERSON_00303,PERSON_00216,496,PHONE_00303,voice
CALL_005704,2021-07-07,PERSON_00304,PERSON_00245,110,PHONE_00304,missed
CALL_005705,2026-04-07,PERSON_00305,PERSON_00274,507,PHONE_00305,voice
CALL_005706,2024-03-24,PERSON_00306,PERSON_00303,474,PHONE_00306,voice
CALL_005707,2026-05-23,PERSON_00307,PERSON_00332,646,PHONE_00307,voice
CALL_005708,2021-10-20,PERSON_00308,PERSON_00361,283,PHONE_00308,missed
CALL_005709,2023-03-08,PERSON_00309,PERSON_00390,146,PHONE_00309,voice
CALL_005710,2023-03-17,PERSON_00310,PERSON_00419,820,PHONE_00310,voice
CALL_005711,2022-08-09,PERSON_00311,PERSON_00448,806,PHONE_00311,voice
CALL_005712,2021-04-01,PERSON_00312,PERSON_00027,251,PHONE_00312,missed
CALL_005713,2021-02-09,PERSON_00313,PERSON_00056,523,PHONE_00313,voice
CALL_005714,2026-05-31,PERSON_00314,PERSON_00085,646,PHONE_00314,voice
CALL_005715,2026-05-15,PERSON_00315,PERSON_00114,578,PHONE_00315,voice
CALL_005716,2026-04-29,PERSON_00316,PERSON_00143,535,PHONE_00316,voice
CALL_005717,2022-01-11,PERSON_00317,PERSON_00172,701,PHONE_00317,voice
CALL_005718,2022-04-05,PERSON_00318,PERSON_00201,514,PHONE_00318,voice
CALL_005719,2023-01-24,PERSON_00319,PERSON_00230,15,PHONE_00319,voice
CALL_005720,2026-04-29,PERSON_00320,PERSON_00259,18,PHONE_00320,voice
CALL_005721,2024-10-29,PERSON_00321,PERSON_00154,31,PHONE_00321,voice
CALL_005722,2025-07-13,PERSON_00322,PERSON_00317,151,PHONE_00322,missed
CALL_005723,2023-05-12,PERSON_00323,PERSON_00346,498,PHONE_00323,voice
CALL_005724,2025-10-06,PERSON_00324,PERSON_00375,331,PHONE_00324,voice
CALL_005725,2024-08-30,PERSON_00325,PERSON_00404,359,PHONE_00325,missed
CALL_005726,2022-12-10,PERSON_00326,PERSON_00433,560,PHONE_00326,voice
CALL_005727,2024-02-04,PERSON_00327,PERSON_00012,642,PHONE_00327,voice
CALL_005728,2024-03-23,PERSON_00328,PERSON_00041,887,PHONE_00328,voice
CALL_005729,2023-11-21,PERSON_00329,PERSON_00070,415,PHONE_00329,voice
CALL_005730,2021-05-15,PERSON_00330,PERSON_00099,547,PHONE_00330,voice
CALL_005731,2021-05-08,PERSON_00331,PERSON_00127,115,PHONE_00331,voice
CALL_005732,2022-05-19,PERSON_00332,PERSON_00157,823,PHONE_00332,missed
CALL_005733,2026-06-09,PERSON_00333,PERSON_00186,132,PHONE_00333,voice
CALL_005734,2022-06-11,PERSON_00334,PERSON_00215,326,PHONE_00334,voice
CALL_005735,2021-04-28,PERSON_00335,PERSON_00244,39,PHONE_00335,voice
CALL_005736,2021-01-25,PERSON_00336,PERSON_00411,166,PHONE_00336,voice
CALL_005737,2023-04-22,PERSON_00337,PERSON_00302,468,PHONE_00337,voice
CALL_005738,2023-11-13,PERSON_00338,PERSON_00331,459,PHONE_00338,voice
CALL_005739,2021-07-28,PERSON_00339,PERSON_00360,585,PHONE_00339,voice
CALL_005740,2025-08-06,PERSON_00340,PERSON_00389,781,PHONE_00340,missed
CALL_005741,2026-05-16,PERSON_00341,PERSON_00418,489,PHONE_00341,missed
CALL_005742,2024-10-13,PERSON_00342,PERSON_00447,296,PHONE_00342,missed
CALL_005743,2023-08-18,PERSON_00343,PERSON_00026,746,PHONE_00343,voice
CALL_005744,2023-04-01,PERSON_00344,PERSON_00055,37,PHONE_00344,voice
CALL_005745,2025-12-08,PERSON_00345,PERSON_00084,365,PHONE_00345,voice
CALL_005746,2025-05-27,PERSON_00346,PERSON_00113,622,PHONE_00346,missed
CALL_005747,2026-05-01,PERSON_00347,PERSON_00142,762,PHONE_00347,missed
CALL_005748,2024-02-02,PERSON_00348,PERSON_00171,73,PHONE_00348,voice
CALL_005749,2024-10-30,PERSON_00349,PERSON_00200,111,PHONE_00349,voice
CALL_005750,2025-09-25,PERSON_00350,PERSON_00229,225,PHONE_00350,voice
CALL_005751,2021-04-12,PERSON_00351,PERSON_00258,337,PHONE_00351,voice
CALL_005752,2021-06-07,PERSON_00352,PERSON_00287,85,PHONE_00352,voice
CALL_005753,2024-07-03,PERSON_00353,PERSON_00316,397,PHONE_00353,missed
CALL_005754,2026-06-04,PERSON_00354,PERSON_00345,131,PHONE_00354,missed
CALL_005755,2022-11-15,PERSON_00355,PERSON_00374,574,PHONE_00355,missed
CALL_005756,2021-10-23,PERSON_00356,PERSON_00403,803,PHONE_00356,voice
CALL_005757,2021-06-09,PERSON_00357,PERSON_00432,69,PHONE_00357,voice
CALL_005758,2023-07-28,PERSON_00358,PERSON_00011,501,PHONE_00358,voice
CALL_005759,2021-12-07,PERSON_00359,PERSON_00040,527,PHONE_00359,voice
CALL_005760,2024-08-26,PERSON_00360,PERSON_00069,490,PHONE_00360,voice
CALL_005761,2022-07-31,PERSON_00361,PERSON_00098,363,PHONE_00361,voice
CALL_005762,2023-04-06,PERSON_00362,PERSON_00127,180,PHONE_00362,voice
CALL_005763,2026-04-11,PERSON_00363,PERSON_00156,517,PHONE_00363,voice
CALL_005764,2025-03-01,PERSON_00364,PERSON_00185,645,PHONE_00364,voice
CALL_005765,2022-12-20,PERSON_00365,PERSON_00214,269,PHONE_00365,missed
CALL_005766,2025-05-06,PERSON_00366,PERSON_00110,24,PHONE_00366,missed
CALL_005767,2025-03-07,PERSON_00367,PERSON_00272,549,PHONE_00367,voice
CALL_005768,2022-02-17,PERSON_00368,PERSON_00301,657,PHONE_00368,voice
CALL_005769,2021-03-15,PERSON_00369,PERSON_00330,505,PHONE_00369,voice
CALL_005770,2024-04-06,PERSON_00370,PERSON_00359,364,PHONE_00370,missed
CALL_005771,2026-02-10,PERSON_00371,PERSON_00268,170,PHONE_00371,voice
CALL_005772,2025-07-02,PERSON_00372,PERSON_00417,218,PHONE_00372,voice
CALL_005773,2023-04-14,PERSON_00373,PERSON_00446,679,PHONE_00373,voice
CALL_005774,2021-06-27,PERSON_00374,PERSON_00025,138,PHONE_00374,voice
CALL_005775,2023-04-20,PERSON_00375,PERSON_00054,593,PHONE_00375,voice
CALL_005776,2023-10-28,PERSON_00376,PERSON_00110,126,PHONE_00376,missed
CALL_005777,2021-02-01,PERSON_00377,PERSON_00112,503,PHONE_00377,missed
CALL_005778,2025-01-28,PERSON_00378,PERSON_00141,845,PHONE_00378,voice
CALL_005779,2023-07-11,PERSON_00379,PERSON_00170,353,PHONE_00379,voice
CALL_005780,2022-07-21,PERSON_00380,PERSON_00199,753,PHONE_00380,voice
CALL_005781,2021-06-17,PERSON_00381,PERSON_00118,172,PHONE_00381,voice
CALL_005782,2024-01-22,PERSON_00382,PERSON_00257,349,PHONE_00382,voice
CALL_005783,2022-02-11,PERSON_00383,PERSON_00286,57,PHONE_00383,voice
CALL_005784,2022-05-29,PERSON_00384,PERSON_00315,665,PHONE_00384,voice
CALL_005785,2024-05-24,PERSON_00385,PERSON_00344,315,PHONE_00385,voice
CALL_005786,2023-05-25,PERSON_00386,PERSON_00373,794,PHONE_00386,voice
CALL_005787,2022-09-29,PERSON_00387,PERSON_00402,810,PHONE_00387,missed
CALL_005788,2022-04-10,PERSON_00388,PERSON_00431,302,PHONE_00388,voice
CALL_005789,2021-02-25,PERSON_00389,PERSON_00010,431,PHONE_00389,voice
CALL_005790,2024-12-01,PERSON_00390,PERSON_00039,760,PHONE_00390,voice
CALL_005791,2021-09-10,PERSON_00391,PERSON_00156,8,PHONE_00391,voice
CALL_005792,2024-09-04,PERSON_00392,PERSON_00097,377,PHONE_00392,voice
CALL_005793,2026-06-20,PERSON_00393,PERSON_00126,750,PHONE_00393,missed
CALL_005794,2021-02-02,PERSON_00394,PERSON_00155,366,PHONE_00394,voice
CALL_005795,2023-03-15,PERSON_00395,PERSON_00184,695,PHONE_00395,missed
CALL_005796,2024-07-11,PERSON_00396,PERSON_00213,873,PHONE_00396,voice
CALL_005797,2022-12-08,PERSON_00397,PERSON_00242,261,PHONE_00397,voice
CALL_005798,2023-03-18,PERSON_00398,PERSON_00271,812,PHONE_00398,missed
CALL_005799,2023-11-26,PERSON_00399,PERSON_00300,824,PHONE_00399,voice
CALL_005800,2022-04-05,PERSON_00400,PERSON_00329,179,PHONE_00400,voice
CALL_005801,2022-11-07,PERSON_00401,PERSON_00012,89,PHONE_00401,voice
CALL_005802,2021-09-17,PERSON_00402,PERSON_00387,171,PHONE_00402,voice
CALL_005803,2021-11-18,PERSON_00403,PERSON_00416,276,PHONE_00403,missed
CALL_005804,2024-05-11,PERSON_00404,PERSON_00445,412,PHONE_00404,voice
CALL_005805,2025-03-08,PERSON_00405,PERSON_00024,146,PHONE_00405,voice
CALL_005806,2023-10-20,PERSON_00406,PERSON_00117,135,PHONE_00406,voice
CALL_005807,2023-07-30,PERSON_00407,PERSON_00082,52,PHONE_00407,missed
CALL_005808,2023-05-05,PERSON_00408,PERSON_00111,477,PHONE_00408,missed
CALL_005809,2024-11-05,PERSON_00409,PERSON_00140,642,PHONE_00409,missed
CALL_005810,2022-02-09,PERSON_00410,PERSON_00169,397,PHONE_00410,voice
CALL_005811,2021-11-15,PERSON_00411,PERSON_00436,112,PHONE_00411,missed
CALL_005812,2021-08-05,PERSON_00412,PERSON_00227,808,PHONE_00412,voice
CALL_005813,2021-09-08,PERSON_00413,PERSON_00256,510,PHONE_00413,missed
CALL_005814,2024-02-01,PERSON_00414,PERSON_00285,895,PHONE_00414,voice
CALL_005815,2025-04-28,PERSON_00415,PERSON_00314,209,PHONE_00415,missed
CALL_005816,2021-07-23,PERSON_00416,PERSON_00343,789,PHONE_00416,missed
CALL_005817,2024-02-18,PERSON_00417,PERSON_00372,51,PHONE_00417,voice
CALL_005818,2022-07-09,PERSON_00418,PERSON_00401,75,PHONE_00418,voice
CALL_005819,2024-10-26,PERSON_00419,PERSON_00430,70,PHONE_00419,missed
CALL_005820,2024-07-12,PERSON_00420,PERSON_00009,228,PHONE_00420,voice
CALL_005821,2021-11-21,PERSON_00421,PERSON_00038,347,PHONE_00421,missed
CALL_005822,2025-06-16,PERSON_00422,PERSON_00067,212,PHONE_00422,missed
CALL_005823,2026-06-13,PERSON_00423,PERSON_00096,572,PHONE_00423,missed
CALL_005824,2026-02-11,PERSON_00424,PERSON_00125,857,PHONE_00424,voice
CALL_005825,2021-04-01,PERSON_00425,PERSON_00154,878,PHONE_00425,missed
CALL_005826,2024-12-07,PERSON_00426,PERSON_00183,619,PHONE_00426,voice
CALL_005827,2022-06-27,PERSON_00427,PERSON_00212,238,PHONE_00427,voice
CALL_005828,2023-08-02,PERSON_00428,PERSON_00241,484,PHONE_00428,voice
CALL_005829,2024-01-17,PERSON_00429,PERSON_00270,267,PHONE_00429,voice
CALL_005830,2022-06-28,PERSON_00430,PERSON_00299,341,PHONE_00430,voice
CALL_005831,2026-01-06,PERSON_00431,PERSON_00328,421,PHONE_00431,missed
CALL_005832,2021-12-08,PERSON_00432,PERSON_00357,296,PHONE_00432,voice
CALL_005833,2022-03-02,PERSON_00433,PERSON_00386,581,PHONE_00433,voice
CALL_005834,2024-11-22,PERSON_00434,PERSON_00415,893,PHONE_00434,missed
CALL_005835,2022-11-06,PERSON_00435,PERSON_00444,289,PHONE_00435,voice
CALL_005836,2024-04-01,PERSON_00436,PERSON_00154,76,PHONE_00436,voice
CALL_005837,2025-10-10,PERSON_00437,PERSON_00052,171,PHONE_00437,voice
CALL_005838,2025-12-10,PERSON_00438,PERSON_00081,309,PHONE_00438,missed
CALL_005839,2021-11-21,PERSON_00439,PERSON_00110,214,PHONE_00439,voice
CALL_005840,2022-09-23,PERSON_00440,PERSON_00139,270,PHONE_00440,missed
CALL_005841,2023-07-29,PERSON_00441,PERSON_00168,647,PHONE_00441,voice
CALL_005842,2026-03-11,PERSON_00442,PERSON_00197,443,PHONE_00442,missed
CALL_005843,2025-10-01,PERSON_00443,PERSON_00226,232,PHONE_00443,voice
CALL_005844,2025-06-24,PERSON_00444,PERSON_00255,199,PHONE_00444,voice
CALL_005845,2026-02-21,PERSON_00445,PERSON_00284,305,PHONE_00445,voice
CALL_005846,2022-01-09,PERSON_00446,PERSON_00313,329,PHONE_00446,missed
CALL_005847,2023-02-17,PERSON_00447,PERSON_00342,855,PHONE_00447,voice
CALL_005848,2022-01-11,PERSON_00448,PERSON_00371,250,PHONE_00448,voice
CALL_005849,2024-03-07,PERSON_00449,PERSON_00400,120,PHONE_00449,missed
CALL_005850,2023-12-07,PERSON_00450,PERSON_00429,856,PHONE_00450,missed
CALL_005851,2025-06-15,PERSON_00001,PERSON_00008,436,PHONE_00001,voice
CALL_005852,2026-06-01,PERSON_00002,PERSON_00037,793,PHONE_00002,voice
CALL_005853,2026-01-02,PERSON_00003,PERSON_00066,138,PHONE_00003,voice
CALL_005854,2021-05-13,PERSON_00004,PERSON_00095,712,PHONE_00004,missed
CALL_005855,2023-11-18,PERSON_00005,PERSON_00124,589,PHONE_00005,missed
CALL_005856,2025-05-05,PERSON_00006,PERSON_00194,89,PHONE_00006,missed
CALL_005857,2026-01-17,PERSON_00007,PERSON_00182,65,PHONE_00007,missed
CALL_005858,2026-06-15,PERSON_00008,PERSON_00211,654,PHONE_00008,voice
CALL_005859,2023-08-04,PERSON_00009,PERSON_00240,386,PHONE_00009,missed
CALL_005860,2025-09-28,PERSON_00010,PERSON_00269,340,PHONE_00010,voice
CALL_005861,2024-12-24,PERSON_00011,PERSON_00298,267,PHONE_00011,missed
CALL_005862,2023-06-14,PERSON_00012,PERSON_00327,350,PHONE_00012,voice
CALL_005863,2024-06-06,PERSON_00013,PERSON_00356,825,PHONE_00013,voice
CALL_005864,2021-09-01,PERSON_00014,PERSON_00385,68,PHONE_00014,voice
CALL_005865,2024-03-14,PERSON_00015,PERSON_00414,568,PHONE_00015,voice
CALL_005866,2024-03-24,PERSON_00016,PERSON_00268,29,PHONE_00016,missed
CALL_005867,2023-05-25,PERSON_00017,PERSON_00022,225,PHONE_00017,voice
CALL_005868,2022-02-01,PERSON_00018,PERSON_00051,168,PHONE_00018,voice
CALL_005869,2021-09-02,PERSON_00019,PERSON_00080,236,PHONE_00019,voice
CALL_005870,2025-11-06,PERSON_00020,PERSON_00109,376,PHONE_00020,voice
CALL_005871,2024-03-31,PERSON_00021,PERSON_00401,180,PHONE_00021,voice
CALL_005872,2022-06-13,PERSON_00022,PERSON_00167,352,PHONE_00022,voice
CALL_005873,2025-09-30,PERSON_00023,PERSON_00196,380,PHONE_00023,missed
CALL_005874,2021-12-25,PERSON_00024,PERSON_00225,773,PHONE_00024,voice
CALL_005875,2024-12-13,PERSON_00025,PERSON_00254,524,PHONE_00025,voice
CALL_005876,2025-09-06,PERSON_00026,PERSON_00283,332,PHONE_00026,voice
CALL_005877,2021-07-10,PERSON_00027,PERSON_00312,244,PHONE_00027,voice
CALL_005878,2021-08-30,PERSON_00028,PERSON_00341,108,PHONE_00028,voice
CALL_005879,2024-08-27,PERSON_00029,PERSON_00370,85,PHONE_00029,voice
CALL_005880,2025-10-24,PERSON_00030,PERSON_00399,797,PHONE_00030,voice
CALL_005881,2025-04-22,PERSON_00031,PERSON_00428,632,PHONE_00031,missed
CALL_005882,2026-04-29,PERSON_00032,PERSON_00007,411,PHONE_00032,voice
CALL_005883,2023-03-11,PERSON_00033,PERSON_00036,232,PHONE_00033,voice
CALL_005884,2024-11-07,PERSON_00034,PERSON_00065,588,PHONE_00034,voice
CALL_005885,2023-08-07,PERSON_00035,PERSON_00094,634,PHONE_00035,voice
CALL_005886,2023-12-21,PERSON_00036,PERSON_00123,498,PHONE_00036,missed
CALL_005887,2021-12-30,PERSON_00037,PERSON_00152,423,PHONE_00037,voice
CALL_005888,2026-03-31,PERSON_00038,PERSON_00181,132,PHONE_00038,voice
CALL_005889,2022-03-17,PERSON_00039,PERSON_00210,764,PHONE_00039,missed
CALL_005890,2022-08-24,PERSON_00040,PERSON_00239,375,PHONE_00040,missed
CALL_005891,2022-04-12,PERSON_00041,PERSON_00268,231,PHONE_00041,voice
CALL_005892,2023-06-30,PERSON_00042,PERSON_00297,496,PHONE_00042,voice
CALL_005893,2021-01-05,PERSON_00043,PERSON_00326,844,PHONE_00043,voice
CALL_005894,2024-09-15,PERSON_00044,PERSON_00355,549,PHONE_00044,voice
CALL_005895,2025-07-11,PERSON_00045,PERSON_00384,685,PHONE_00045,voice
CALL_005896,2022-07-11,PERSON_00046,PERSON_00075,178,PHONE_00046,voice
CALL_005897,2026-01-20,PERSON_00047,PERSON_00442,425,PHONE_00047,voice
CALL_005898,2021-12-15,PERSON_00048,PERSON_00021,540,PHONE_00048,missed
CALL_005899,2022-06-24,PERSON_00049,PERSON_00050,853,PHONE_00049,missed
CALL_005900,2023-01-25,PERSON_00050,PERSON_00079,719,PHONE_00050,voice
CALL_005901,2021-11-05,PERSON_00051,PERSON_00108,324,PHONE_00051,missed
CALL_005902,2026-05-20,PERSON_00052,PERSON_00137,659,PHONE_00052,voice
CALL_005903,2024-03-23,PERSON_00053,PERSON_00166,879,PHONE_00053,voice
CALL_005904,2023-12-21,PERSON_00054,PERSON_00195,232,PHONE_00054,voice
CALL_005905,2021-03-15,PERSON_00055,PERSON_00224,681,PHONE_00055,voice
CALL_005906,2025-05-21,PERSON_00056,PERSON_00253,664,PHONE_00056,voice
CALL_005907,2022-01-04,PERSON_00057,PERSON_00282,736,PHONE_00057,voice
CALL_005908,2022-04-03,PERSON_00058,PERSON_00311,516,PHONE_00058,voice
CALL_005909,2022-11-01,PERSON_00059,PERSON_00340,366,PHONE_00059,missed
CALL_005910,2021-09-29,PERSON_00060,PERSON_00369,661,PHONE_00060,voice
CALL_005911,2025-02-21,PERSON_00061,PERSON_00014,81,PHONE_00061,missed
CALL_005912,2022-12-14,PERSON_00062,PERSON_00427,309,PHONE_00062,missed
CALL_005913,2022-03-16,PERSON_00063,PERSON_00006,812,PHONE_00063,voice
CALL_005914,2026-05-28,PERSON_00064,PERSON_00035,724,PHONE_00064,voice
CALL_005915,2024-02-22,PERSON_00065,PERSON_00064,23,PHONE_00065,missed
CALL_005916,2022-05-12,PERSON_00066,PERSON_00093,602,PHONE_00066,voice
CALL_005917,2022-07-02,PERSON_00067,PERSON_00122,297,PHONE_00067,missed
CALL_005918,2021-10-08,PERSON_00068,PERSON_00151,795,PHONE_00068,missed
CALL_005919,2024-04-18,PERSON_00069,PERSON_00180,736,PHONE_00069,voice
CALL_005920,2021-04-28,PERSON_00070,PERSON_00209,247,PHONE_00070,voice
CALL_005921,2021-10-05,PERSON_00071,PERSON_00238,208,PHONE_00071,voice
CALL_005922,2024-10-02,PERSON_00072,PERSON_00267,154,PHONE_00072,voice
CALL_005923,2021-03-13,PERSON_00073,PERSON_00296,702,PHONE_00073,voice
CALL_005924,2023-07-23,PERSON_00074,PERSON_00325,156,PHONE_00074,voice
CALL_005925,2025-07-23,PERSON_00075,PERSON_00354,881,PHONE_00075,voice
CALL_005926,2024-01-14,PERSON_00076,PERSON_00300,26,PHONE_00076,missed
CALL_005927,2021-03-15,PERSON_00077,PERSON_00412,624,PHONE_00077,voice
CALL_005928,2024-05-02,PERSON_00078,PERSON_00441,387,PHONE_00078,voice
CALL_005929,2021-11-07,PERSON_00079,PERSON_00020,365,PHONE_00079,voice
CALL_005930,2021-09-02,PERSON_00080,PERSON_00049,36,PHONE_00080,voice
CALL_005931,2025-09-10,PERSON_00081,PERSON_00245,115,PHONE_00081,voice
CALL_005932,2021-04-14,PERSON_00082,PERSON_00107,753,PHONE_00082,voice
CALL_005933,2025-04-27,PERSON_00083,PERSON_00136,735,PHONE_00083,missed
CALL_005934,2023-03-23,PERSON_00084,PERSON_00165,274,PHONE_00084,voice
CALL_005935,2025-10-06,PERSON_00085,PERSON_00194,540,PHONE_00085,voice
CALL_005936,2025-03-03,PERSON_00086,PERSON_00052,139,PHONE_00086,voice
CALL_005937,2022-04-29,PERSON_00087,PERSON_00252,459,PHONE_00087,voice
CALL_005938,2026-02-16,PERSON_00088,PERSON_00281,557,PHONE_00088,missed
CALL_005939,2024-09-29,PERSON_00089,PERSON_00310,357,PHONE_00089,voice
CALL_005940,2023-07-29,PERSON_00090,PERSON_00339,725,PHONE_00090,voice
CALL_005941,2024-01-24,PERSON_00091,PERSON_00368,856,PHONE_00091,missed
CALL_005942,2023-11-05,PERSON_00092,PERSON_00397,601,PHONE_00092,voice
CALL_005943,2024-12-10,PERSON_00093,PERSON_00426,111,PHONE_00093,voice
CALL_005944,2021-05-06,PERSON_00094,PERSON_00005,688,PHONE_00094,voice
CALL_005945,2026-02-17,PERSON_00095,PERSON_00034,828,PHONE_00095,voice
CALL_005946,2022-12-03,PERSON_00096,PERSON_00063,825,PHONE_00096,voice
CALL_005947,2024-08-22,PERSON_00097,PERSON_00092,687,PHONE_00097,missed
CALL_005948,2024-08-31,PERSON_00098,PERSON_00121,318,PHONE_00098,missed
CALL_005949,2024-01-29,PERSON_00099,PERSON_00150,295,PHONE_00099,missed
CALL_005950,2024-12-28,PERSON_00100,PERSON_00179,865,PHONE_00100,voice
CALL_005951,2023-03-14,PERSON_00101,PERSON_00101,86,PHONE_00101,voice
CALL_005952,2025-09-02,PERSON_00102,PERSON_00237,537,PHONE_00102,voice
CALL_005953,2022-05-13,PERSON_00103,PERSON_00266,172,PHONE_00103,voice
CALL_005954,2023-06-29,PERSON_00104,PERSON_00295,309,PHONE_00104,voice
CALL_005955,2024-06-30,PERSON_00105,PERSON_00324,210,PHONE_00105,missed
CALL_005956,2021-04-09,PERSON_00106,PERSON_00449,147,PHONE_00106,voice
CALL_005957,2023-07-30,PERSON_00107,PERSON_00382,653,PHONE_00107,voice
CALL_005958,2023-12-01,PERSON_00108,PERSON_00411,820,PHONE_00108,missed
CALL_005959,2025-06-13,PERSON_00109,PERSON_00440,735,PHONE_00109,voice
CALL_005960,2026-03-22,PERSON_00110,PERSON_00019,583,PHONE_00110,voice
CALL_005961,2025-08-05,PERSON_00111,PERSON_00048,173,PHONE_00111,missed
CALL_005962,2026-01-16,PERSON_00112,PERSON_00077,344,PHONE_00112,voice
CALL_005963,2021-02-13,PERSON_00113,PERSON_00106,556,PHONE_00113,voice
CALL_005964,2022-11-04,PERSON_00114,PERSON_00135,899,PHONE_00114,voice
CALL_005965,2021-05-09,PERSON_00115,PERSON_00164,726,PHONE_00115,voice
CALL_005966,2022-12-15,PERSON_00116,PERSON_00193,841,PHONE_00116,missed
CALL_005967,2021-04-01,PERSON_00117,PERSON_00222,825,PHONE_00117,voice
CALL_005968,2022-02-10,PERSON_00118,PERSON_00251,188,PHONE_00118,missed
CALL_005969,2023-04-02,PERSON_00119,PERSON_00280,831,PHONE_00119,voice
CALL_005970,2023-10-20,PERSON_00120,PERSON_00309,684,PHONE_00120,voice
CALL_005971,2021-03-13,PERSON_00121,PERSON_00338,822,PHONE_00121,voice
CALL_005972,2021-01-17,PERSON_00122,PERSON_00367,332,PHONE_00122,missed
CALL_005973,2024-11-23,PERSON_00123,PERSON_00396,55,PHONE_00123,voice
CALL_005974,2024-08-20,PERSON_00124,PERSON_00425,227,PHONE_00124,missed
CALL_005975,2023-01-27,PERSON_00125,PERSON_00004,272,PHONE_00125,voice
CALL_005976,2021-02-17,PERSON_00126,PERSON_00344,44,PHONE_00126,missed
CALL_005977,2021-11-29,PERSON_00127,PERSON_00062,219,PHONE_00127,voice
CALL_005978,2021-03-25,PERSON_00128,PERSON_00091,749,PHONE_00128,missed
CALL_005979,2023-07-26,PERSON_00129,PERSON_00120,793,PHONE_00129,missed
CALL_005980,2021-09-05,PERSON_00130,PERSON_00149,555,PHONE_00130,voice
CALL_005981,2024-03-24,PERSON_00131,PERSON_00178,45,PHONE_00131,voice
CALL_005982,2024-10-05,PERSON_00132,PERSON_00207,860,PHONE_00132,voice
CALL_005983,2022-09-17,PERSON_00133,PERSON_00236,687,PHONE_00133,voice
CALL_005984,2026-01-23,PERSON_00134,PERSON_00265,402,PHONE_00134,missed
CALL_005985,2021-09-13,PERSON_00135,PERSON_00294,764,PHONE_00135,missed
CALL_005986,2023-05-22,PERSON_00136,PERSON_00323,357,PHONE_00136,voice
CALL_005987,2025-10-22,PERSON_00137,PERSON_00352,762,PHONE_00137,voice
CALL_005988,2026-04-19,PERSON_00138,PERSON_00381,676,PHONE_00138,voice
CALL_005989,2022-06-16,PERSON_00139,PERSON_00410,583,PHONE_00139,missed
CALL_005990,2024-12-07,PERSON_00140,PERSON_00439,481,PHONE_00140,missed
CALL_005991,2022-07-20,PERSON_00141,PERSON_00065,173,PHONE_00141,voice
CALL_005992,2025-02-03,PERSON_00142,PERSON_00047,201,PHONE_00142,missed
CALL_005993,2023-05-08,PERSON_00143,PERSON_00076,710,PHONE_00143,voice
CALL_005994,2026-03-05,PERSON_00144,PERSON_00105,391,PHONE_00144,voice
CALL_005995,2021-12-13,PERSON_00145,PERSON_00134,127,PHONE_00145,voice
CALL_005996,2021-08-13,PERSON_00146,PERSON_00163,403,PHONE_00146,missed
CALL_005997,2025-10-18,PERSON_00147,PERSON_00192,774,PHONE_00147,missed
CALL_005998,2023-02-06,PERSON_00148,PERSON_00221,329,PHONE_00148,voice
CALL_005999,2021-08-06,PERSON_00149,PERSON_00250,524,PHONE_00149,voice
CALL_006000,2023-07-21,PERSON_00150,PERSON_00279,442,PHONE_00150,missed
CALL_006001,2024-05-02,PERSON_00151,PERSON_00308,834,PHONE_00151,missed
CALL_006002,2022-09-07,PERSON_00152,PERSON_00337,822,PHONE_00152,voice
CALL_006003,2023-10-19,PERSON_00153,PERSON_00366,233,PHONE_00153,voice
CALL_006004,2022-10-16,PERSON_00154,PERSON_00395,604,PHONE_00154,voice
CALL_006005,2024-05-07,PERSON_00155,PERSON_00424,895,PHONE_00155,missed
CALL_006006,2025-10-25,PERSON_00156,PERSON_00065,151,PHONE_00156,missed
CALL_006007,2025-08-26,PERSON_00157,PERSON_00032,185,PHONE_00157,voice
CALL_006008,2023-03-23,PERSON_00158,PERSON_00061,316,PHONE_00158,voice
CALL_006009,2023-05-08,PERSON_00159,PERSON_00090,184,PHONE_00159,voice
CALL_006010,2023-05-20,PERSON_00160,PERSON_00119,58,PHONE_00160,missed
CALL_006011,2021-01-19,PERSON_00161,PERSON_00250,96,PHONE_00161,voice
CALL_006012,2023-02-11,PERSON_00162,PERSON_00177,133,PHONE_00162,voice
CALL_006013,2022-08-05,PERSON_00163,PERSON_00206,467,PHONE_00163,missed
CALL_006014,2021-10-27,PERSON_00164,PERSON_00235,702,PHONE_00164,missed
CALL_006015,2024-08-04,PERSON_00165,PERSON_00264,120,PHONE_00165,voice
CALL_006016,2022-06-06,PERSON_00166,PERSON_00439,53,PHONE_00166,voice
CALL_006017,2021-08-14,PERSON_00167,PERSON_00322,616,PHONE_00167,voice
CALL_006018,2022-09-13,PERSON_00168,PERSON_00351,85,PHONE_00168,missed
CALL_006019,2024-04-08,PERSON_00169,PERSON_00380,440,PHONE_00169,missed
CALL_006020,2024-11-16,PERSON_00170,PERSON_00409,554,PHONE_00170,voice
CALL_006021,2022-11-03,PERSON_00171,PERSON_00182,162,PHONE_00171,voice
CALL_006022,2021-01-25,PERSON_00172,PERSON_00017,556,PHONE_00172,voice
CALL_006023,2023-05-04,PERSON_00173,PERSON_00046,792,PHONE_00173,voice
CALL_006024,2022-03-13,PERSON_00174,PERSON_00075,227,PHONE_00174,missed
CALL_006025,2023-06-21,PERSON_00175,PERSON_00104,288,PHONE_00175,voice
CALL_006026,2024-07-29,PERSON_00176,PERSON_00133,25,PHONE_00176,voice
CALL_006027,2022-11-23,PERSON_00177,PERSON_00162,163,PHONE_00177,voice
CALL_006028,2024-09-18,PERSON_00178,PERSON_00191,860,PHONE_00178,voice
CALL_006029,2021-07-13,PERSON_00179,PERSON_00220,268,PHONE_00179,voice
CALL_006030,2023-01-31,PERSON_00180,PERSON_00249,815,PHONE_00180,missed
CALL_006031,2025-10-01,PERSON_00181,PERSON_00278,898,PHONE_00181,voice
CALL_006032,2024-05-03,PERSON_00182,PERSON_00307,758,PHONE_00182,voice
CALL_006033,2026-05-04,PERSON_00183,PERSON_00336,584,PHONE_00183,voice
CALL_006034,2023-07-31,PERSON_00184,PERSON_00365,806,PHONE_00184,voice
CALL_006035,2025-10-15,PERSON_00185,PERSON_00394,19,PHONE_00185,voice
CALL_006036,2021-08-03,PERSON_00186,PERSON_00423,846,PHONE_00186,voice
CALL_006037,2024-01-18,PERSON_00187,PERSON_00002,852,PHONE_00187,missed
CALL_006038,2024-01-22,PERSON_00188,PERSON_00031,38,PHONE_00188,voice
CALL_006039,2021-01-21,PERSON_00189,PERSON_00060,856,PHONE_00189,missed
CALL_006040,2022-12-07,PERSON_00190,PERSON_00089,756,PHONE_00190,voice
CALL_006041,2026-04-26,PERSON_00191,PERSON_00244,10,PHONE_00191,voice
CALL_006042,2022-11-18,PERSON_00192,PERSON_00147,817,PHONE_00192,missed
CALL_006043,2024-05-13,PERSON_00193,PERSON_00176,81,PHONE_00193,missed
CALL_006044,2023-02-05,PERSON_00194,PERSON_00205,517,PHONE_00194,voice
CALL_006045,2023-10-16,PERSON_00195,PERSON_00234,698,PHONE_00195,voice
CALL_006046,2023-10-10,PERSON_00196,PERSON_00370,141,PHONE_00196,voice
CALL_006047,2026-06-27,PERSON_00197,PERSON_00292,147,PHONE_00197,voice
CALL_006048,2025-10-31,PERSON_00198,PERSON_00321,868,PHONE_00198,voice
CALL_006049,2025-03-17,PERSON_00199,PERSON_00350,99,PHONE_00199,voice
CALL_006050,2026-05-29,PERSON_00200,PERSON_00379,127,PHONE_00200,voice
CALL_006051,2022-04-12,PERSON_00201,PERSON_00408,447,PHONE_00201,voice
CALL_006052,2026-04-18,PERSON_00202,PERSON_00437,26,PHONE_00202,voice
CALL_006053,2025-09-09,PERSON_00203,PERSON_00016,220,PHONE_00203,voice
CALL_006054,2023-02-21,PERSON_00204,PERSON_00045,238,PHONE_00204,missed
CALL_006055,2022-11-10,PERSON_00205,PERSON_00074,822,PHONE_00205,missed
CALL_006056,2023-08-25,PERSON_00206,PERSON_00103,741,PHONE_00206,missed
CALL_006057,2026-03-14,PERSON_00207,PERSON_00132,770,PHONE_00207,voice
CALL_006058,2026-03-02,PERSON_00208,PERSON_00161,601,PHONE_00208,voice
CALL_006059,2025-05-15,PERSON_00209,PERSON_00190,441,PHONE_00209,voice
CALL_006060,2025-10-05,PERSON_00210,PERSON_00219,539,PHONE_00210,voice
CALL_006061,2022-02-03,PERSON_00211,PERSON_00248,274,PHONE_00211,voice
CALL_006062,2024-10-26,PERSON_00212,PERSON_00277,205,PHONE_00212,voice
CALL_006063,2024-04-05,PERSON_00213,PERSON_00306,806,PHONE_00213,voice
CALL_006064,2021-04-09,PERSON_00214,PERSON_00335,490,PHONE_00214,voice
CALL_006065,2021-01-03,PERSON_00215,PERSON_00364,338,PHONE_00215,missed
CALL_006066,2026-04-02,PERSON_00216,PERSON_00154,126,PHONE_00216,missed
CALL_006067,2024-11-30,PERSON_00217,PERSON_00422,680,PHONE_00217,voice
CALL_006068,2022-10-23,PERSON_00218,PERSON_00001,356,PHONE_00218,missed
CALL_006069,2021-09-04,PERSON_00219,PERSON_00030,38,PHONE_00219,voice
CALL_006070,2023-10-14,PERSON_00220,PERSON_00059,891,PHONE_00220,missed
CALL_006071,2025-07-20,PERSON_00221,PERSON_00318,14,PHONE_00221,voice
CALL_006072,2022-01-14,PERSON_00222,PERSON_00117,863,PHONE_00222,missed
CALL_006073,2025-01-18,PERSON_00223,PERSON_00146,883,PHONE_00223,voice
CALL_006074,2022-07-12,PERSON_00224,PERSON_00175,503,PHONE_00224,voice
CALL_006075,2025-08-22,PERSON_00225,PERSON_00204,125,PHONE_00225,voice
CALL_006076,2021-12-18,PERSON_00226,PERSON_00240,170,PHONE_00226,voice
CALL_006077,2022-09-27,PERSON_00227,PERSON_00262,551,PHONE_00227,missed
CALL_006078,2022-07-14,PERSON_00228,PERSON_00291,699,PHONE_00228,missed
CALL_006079,2021-05-29,PERSON_00229,PERSON_00320,717,PHONE_00229,voice
CALL_006080,2021-08-16,PERSON_00230,PERSON_00349,607,PHONE_00230,missed
CALL_006081,2021-06-17,PERSON_00231,PERSON_00156,147,PHONE_00231,voice
CALL_006082,2024-12-31,PERSON_00232,PERSON_00407,236,PHONE_00232,voice
CALL_006083,2021-11-05,PERSON_00233,PERSON_00436,747,PHONE_00233,missed
CALL_006084,2024-12-18,PERSON_00234,PERSON_00015,109,PHONE_00234,voice
CALL_006085,2023-09-29,PERSON_00235,PERSON_00044,734,PHONE_00235,voice
CALL_006086,2024-10-20,PERSON_00236,PERSON_00073,615,PHONE_00236,missed
CALL_006087,2021-03-23,PERSON_00237,PERSON_00102,300,PHONE_00237,voice
CALL_006088,2022-12-03,PERSON_00238,PERSON_00131,477,PHONE_00238,voice
CALL_006089,2021-01-17,PERSON_00239,PERSON_00160,510,PHONE_00239,missed
CALL_006090,2025-02-21,PERSON_00240,PERSON_00189,157,PHONE_00240,missed
CALL_006091,2021-07-21,PERSON_00241,PERSON_00093,88,PHONE_00241,voice
CALL_006092,2021-04-17,PERSON_00242,PERSON_00247,882,PHONE_00242,voice
CALL_006093,2025-01-23,PERSON_00243,PERSON_00276,478,PHONE_00243,missed
CALL_006094,2021-03-17,PERSON_00244,PERSON_00305,774,PHONE_00244,voice
CALL_006095,2024-08-14,PERSON_00245,PERSON_00334,301,PHONE_00245,voice
CALL_006096,2024-12-06,PERSON_00246,PERSON_00363,748,PHONE_00246,voice
CALL_006097,2026-02-26,PERSON_00247,PERSON_00392,329,PHONE_00247,voice
CALL_006098,2025-02-24,PERSON_00248,PERSON_00421,290,PHONE_00248,voice
CALL_006099,2023-11-07,PERSON_00249,PERSON_00450,822,PHONE_00249,voice
CALL_006100,2025-11-07,PERSON_00250,PERSON_00029,722,PHONE_00250,voice
CALL_006101,2021-06-24,PERSON_00251,PERSON_00058,306,PHONE_00251,voice
CALL_006102,2023-06-04,PERSON_00252,PERSON_00087,661,PHONE_00252,voice
CALL_006103,2021-11-11,PERSON_00253,PERSON_00116,666,PHONE_00253,missed
CALL_006104,2023-06-07,PERSON_00254,PERSON_00145,766,PHONE_00254,voice
CALL_006105,2024-09-29,PERSON_00255,PERSON_00174,821,PHONE_00255,voice
CALL_006106,2023-08-29,PERSON_00256,PERSON_00159,152,PHONE_00256,missed
CALL_006107,2022-09-14,PERSON_00257,PERSON_00232,822,PHONE_00257,voice
CALL_006108,2025-07-28,PERSON_00258,PERSON_00261,399,PHONE_00258,voice
CALL_006109,2021-08-25,PERSON_00259,PERSON_00290,430,PHONE_00259,missed
CALL_006110,2023-12-02,PERSON_00260,PERSON_00319,97,PHONE_00260,voice
CALL_006111,2024-05-21,PERSON_00261,PERSON_00348,748,PHONE_00261,missed
CALL_006112,2025-12-17,PERSON_00262,PERSON_00377,564,PHONE_00262,missed
CALL_006113,2024-01-28,PERSON_00263,PERSON_00406,333,PHONE_00263,missed
CALL_006114,2021-03-06,PERSON_00264,PERSON_00435,862,PHONE_00264,voice
CALL_006115,2023-11-27,PERSON_00265,PERSON_00014,679,PHONE_00265,voice
CALL_006116,2022-07-15,PERSON_00266,PERSON_00043,239,PHONE_00266,voice
CALL_006117,2024-12-17,PERSON_00267,PERSON_00072,112,PHONE_00267,voice
CALL_006118,2026-03-19,PERSON_00268,PERSON_00101,162,PHONE_00268,voice
CALL_006119,2024-06-21,PERSON_00269,PERSON_00130,854,PHONE_00269,voice
CALL_006120,2021-12-14,PERSON_00270,PERSON_00159,882,PHONE_00270,voice
CALL_006121,2022-08-19,PERSON_00271,PERSON_00370,159,PHONE_00271,voice
CALL_006122,2022-12-24,PERSON_00272,PERSON_00217,773,PHONE_00272,voice
CALL_006123,2025-05-08,PERSON_00273,PERSON_00246,472,PHONE_00273,voice
CALL_006124,2021-10-25,PERSON_00274,PERSON_00275,619,PHONE_00274,voice
CALL_006125,2025-04-14,PERSON_00275,PERSON_00304,898,PHONE_00275,voice
CALL_006126,2022-10-30,PERSON_00276,PERSON_00333,540,PHONE_00276,voice
CALL_006127,2023-11-06,PERSON_00277,PERSON_00362,510,PHONE_00277,voice
CALL_006128,2022-09-26,PERSON_00278,PERSON_00391,327,PHONE_00278,voice
CALL_006129,2022-07-23,PERSON_00279,PERSON_00420,446,PHONE_00279,missed
CALL_006130,2021-03-16,PERSON_00280,PERSON_00449,413,PHONE_00280,voice
CALL_006131,2022-06-26,PERSON_00281,PERSON_00028,618,PHONE_00281,voice
CALL_006132,2024-10-20,PERSON_00282,PERSON_00057,847,PHONE_00282,voice
CALL_006133,2025-03-20,PERSON_00283,PERSON_00086,465,PHONE_00283,missed
CALL_006134,2023-08-09,PERSON_00284,PERSON_00115,414,PHONE_00284,voice
CALL_006135,2022-04-20,PERSON_00285,PERSON_00144,435,PHONE_00285,voice
CALL_006136,2024-09-26,PERSON_00286,PERSON_00101,172,PHONE_00286,voice
CALL_006137,2025-02-11,PERSON_00287,PERSON_00202,788,PHONE_00287,voice
CALL_006138,2022-08-20,PERSON_00288,PERSON_00231,876,PHONE_00288,missed
CALL_006139,2026-03-28,PERSON_00289,PERSON_00260,589,PHONE_00289,voice
CALL_006140,2025-11-30,PERSON_00290,PERSON_00289,102,PHONE_00290,voice
CALL_006141,2026-05-03,PERSON_00291,PERSON_00202,23,PHONE_00291,missed
CALL_006142,2023-03-21,PERSON_00292,PERSON_00347,540,PHONE_00292,voice
CALL_006143,2022-02-04,PERSON_00293,PERSON_00376,136,PHONE_00293,voice
CALL_006144,2024-04-16,PERSON_00294,PERSON_00405,747,PHONE_00294,voice
CALL_006145,2025-11-23,PERSON_00295,PERSON_00434,707,PHONE_00295,voice
CALL_006146,2025-09-15,PERSON_00296,PERSON_00013,389,PHONE_00296,missed
CALL_006147,2021-01-13,PERSON_00297,PERSON_00042,410,PHONE_00297,missed
CALL_006148,2023-07-18,PERSON_00298,PERSON_00071,597,PHONE_00298,voice
CALL_006149,2024-05-09,PERSON_00299,PERSON_00100,535,PHONE_00299,missed
CALL_006150,2024-08-16,PERSON_00300,PERSON_00129,873,PHONE_00300,voice
CALL_006151,2025-03-23,PERSON_00301,PERSON_00018,143,PHONE_00301,missed
CALL_006152,2021-09-20,PERSON_00302,PERSON_00187,112,PHONE_00302,voice
CALL_006153,2023-08-16,PERSON_00303,PERSON_00216,853,PHONE_00303,voice
CALL_006154,2023-11-19,PERSON_00304,PERSON_00245,800,PHONE_00304,voice
CALL_006155,2024-03-23,PERSON_00305,PERSON_00274,258,PHONE_00305,voice
CALL_006156,2021-12-31,PERSON_00306,PERSON_00303,504,PHONE_00306,missed
CALL_006157,2025-02-02,PERSON_00307,PERSON_00332,96,PHONE_00307,voice
CALL_006158,2026-05-22,PERSON_00308,PERSON_00361,580,PHONE_00308,missed
CALL_006159,2025-05-14,PERSON_00309,PERSON_00390,476,PHONE_00309,voice
CALL_006160,2022-06-28,PERSON_00310,PERSON_00419,401,PHONE_00310,missed
CALL_006161,2026-01-03,PERSON_00311,PERSON_00448,704,PHONE_00311,missed
CALL_006162,2026-05-19,PERSON_00312,PERSON_00027,198,PHONE_00312,missed
CALL_006163,2026-03-10,PERSON_00313,PERSON_00056,801,PHONE_00313,voice
CALL_006164,2025-09-18,PERSON_00314,PERSON_00085,585,PHONE_00314,missed
CALL_006165,2022-02-25,PERSON_00315,PERSON_00114,823,PHONE_00315,voice
CALL_006166,2021-11-05,PERSON_00316,PERSON_00143,412,PHONE_00316,missed
CALL_006167,2024-11-21,PERSON_00317,PERSON_00172,721,PHONE_00317,missed
CALL_006168,2026-05-13,PERSON_00318,PERSON_00201,188,PHONE_00318,missed
CALL_006169,2025-04-22,PERSON_00319,PERSON_00230,620,PHONE_00319,missed
CALL_006170,2022-06-25,PERSON_00320,PERSON_00259,65,PHONE_00320,voice
CALL_006171,2022-12-02,PERSON_00321,PERSON_00350,16,PHONE_00321,voice
CALL_006172,2023-03-10,PERSON_00322,PERSON_00317,614,PHONE_00322,missed
CALL_006173,2021-12-09,PERSON_00323,PERSON_00346,428,PHONE_00323,missed
CALL_006174,2026-02-12,PERSON_00324,PERSON_00375,614,PHONE_00324,voice
CALL_006175,2023-10-06,PERSON_00325,PERSON_00404,731,PHONE_00325,voice
CALL_006176,2026-02-25,PERSON_00326,PERSON_00433,475,PHONE_00326,voice
CALL_006177,2022-10-04,PERSON_00327,PERSON_00012,664,PHONE_00327,voice
CALL_006178,2022-01-01,PERSON_00328,PERSON_00041,822,PHONE_00328,missed
CALL_006179,2023-10-04,PERSON_00329,PERSON_00070,591,PHONE_00329,voice
CALL_006180,2024-03-15,PERSON_00330,PERSON_00099,734,PHONE_00330,missed
CALL_006181,2024-08-14,PERSON_00331,PERSON_00202,163,PHONE_00331,voice
CALL_006182,2021-11-09,PERSON_00332,PERSON_00157,17,PHONE_00332,missed
CALL_006183,2025-02-26,PERSON_00333,PERSON_00186,575,PHONE_00333,voice
CALL_006184,2025-07-01,PERSON_00334,PERSON_00215,178,PHONE_00334,missed
CALL_006185,2024-06-16,PERSON_00335,PERSON_00244,780,PHONE_00335,missed
CALL_006186,2025-12-12,PERSON_00336,PERSON_00134,138,PHONE_00336,voice
CALL_006187,2025-12-17,PERSON_00337,PERSON_00302,786,PHONE_00337,voice
CALL_006188,2021-05-11,PERSON_00338,PERSON_00331,673,PHONE_00338,voice
CALL_006189,2024-07-02,PERSON_00339,PERSON_00360,198,PHONE_00339,voice
CALL_006190,2023-05-01,PERSON_00340,PERSON_00389,563,PHONE_00340,voice
CALL_006191,2024-09-07,PERSON_00341,PERSON_00418,537,PHONE_00341,missed
CALL_006192,2022-01-02,PERSON_00342,PERSON_00447,258,PHONE_00342,voice
CALL_006193,2025-10-06,PERSON_00343,PERSON_00026,18,PHONE_00343,voice
CALL_006194,2025-11-16,PERSON_00344,PERSON_00055,165,PHONE_00344,voice
CALL_006195,2024-01-23,PERSON_00345,PERSON_00084,888,PHONE_00345,voice
CALL_006196,2024-11-22,PERSON_00346,PERSON_00113,876,PHONE_00346,voice
CALL_006197,2022-12-04,PERSON_00347,PERSON_00142,576,PHONE_00347,voice
CALL_006198,2025-05-04,PERSON_00348,PERSON_00171,148,PHONE_00348,missed
CALL_006199,2024-05-09,PERSON_00349,PERSON_00200,280,PHONE_00349,missed
CALL_006200,2021-04-27,PERSON_00350,PERSON_00229,675,PHONE_00350,missed
CALL_006201,2023-07-20,PERSON_00351,PERSON_00258,270,PHONE_00351,missed
CALL_006202,2024-01-03,PERSON_00352,PERSON_00287,176,PHONE_00352,voice
CALL_006203,2026-03-29,PERSON_00353,PERSON_00316,628,PHONE_00353,voice
CALL_006204,2021-08-04,PERSON_00354,PERSON_00345,95,PHONE_00354,voice
CALL_006205,2026-06-03,PERSON_00355,PERSON_00374,495,PHONE_00355,missed
CALL_006206,2021-12-06,PERSON_00356,PERSON_00403,598,PHONE_00356,voice
CALL_006207,2024-06-18,PERSON_00357,PERSON_00432,821,PHONE_00357,voice
CALL_006208,2021-07-01,PERSON_00358,PERSON_00011,445,PHONE_00358,missed
CALL_006209,2022-02-28,PERSON_00359,PERSON_00040,693,PHONE_00359,missed
CALL_006210,2022-12-31,PERSON_00360,PERSON_00069,141,PHONE_00360,missed
CALL_006211,2023-01-18,PERSON_00361,PERSON_00098,820,PHONE_00361,voice
CALL_006212,2023-11-24,PERSON_00362,PERSON_00127,84,PHONE_00362,voice
CALL_006213,2025-09-30,PERSON_00363,PERSON_00156,811,PHONE_00363,voice
CALL_006214,2023-07-09,PERSON_00364,PERSON_00185,545,PHONE_00364,voice
CALL_006215,2023-10-14,PERSON_00365,PERSON_00214,337,PHONE_00365,voice
CALL_006216,2023-01-11,PERSON_00366,PERSON_00014,176,PHONE_00366,voice
CALL_006217,2024-03-07,PERSON_00367,PERSON_00272,571,PHONE_00367,missed
CALL_006218,2025-11-11,PERSON_00368,PERSON_00301,871,PHONE_00368,voice
CALL_006219,2025-11-14,PERSON_00369,PERSON_00330,816,PHONE_00369,voice
CALL_006220,2025-04-25,PERSON_00370,PERSON_00359,45,PHONE_00370,voice
CALL_006221,2024-07-20,PERSON_00371,PERSON_00101,166,PHONE_00371,voice
CALL_006222,2021-05-23,PERSON_00372,PERSON_00417,556,PHONE_00372,missed
CALL_006223,2023-03-14,PERSON_00373,PERSON_00446,314,PHONE_00373,voice
CALL_006224,2025-01-25,PERSON_00374,PERSON_00025,31,PHONE_00374,voice
CALL_006225,2024-08-29,PERSON_00375,PERSON_00054,805,PHONE_00375,voice
CALL_006226,2025-06-13,PERSON_00376,PERSON_00205,127,PHONE_00376,missed
CALL_006227,2024-02-28,PERSON_00377,PERSON_00112,91,PHONE_00377,voice
CALL_006228,2024-11-07,PERSON_00378,PERSON_00141,176,PHONE_00378,voice
CALL_006229,2023-11-24,PERSON_00379,PERSON_00170,31,PHONE_00379,missed
CALL_006230,2025-01-31,PERSON_00380,PERSON_00199,19,PHONE_00380,missed
CALL_006231,2022-08-03,PERSON_00381,PERSON_00439,84,PHONE_00381,missed
CALL_006232,2026-04-17,PERSON_00382,PERSON_00257,527,PHONE_00382,missed
CALL_006233,2021-07-30,PERSON_00383,PERSON_00286,78,PHONE_00383,missed
CALL_006234,2021-03-14,PERSON_00384,PERSON_00315,425,PHONE_00384,voice
CALL_006235,2024-03-16,PERSON_00385,PERSON_00344,521,PHONE_00385,voice
CALL_006236,2024-06-01,PERSON_00386,PERSON_00373,815,PHONE_00386,missed
CALL_006237,2021-11-25,PERSON_00387,PERSON_00402,216,PHONE_00387,missed
CALL_006238,2021-02-28,PERSON_00388,PERSON_00431,308,PHONE_00388,missed
CALL_006239,2021-03-31,PERSON_00389,PERSON_00010,214,PHONE_00389,voice
CALL_006240,2023-03-28,PERSON_00390,PERSON_00039,570,PHONE_00390,voice
CALL_006241,2022-01-23,PERSON_00391,PERSON_00429,25,PHONE_00391,voice
CALL_006242,2026-01-22,PERSON_00392,PERSON_00097,225,PHONE_00392,voice
CALL_006243,2023-04-09,PERSON_00393,PERSON_00126,214,PHONE_00393,voice
CALL_006244,2022-07-27,PERSON_00394,PERSON_00155,464,PHONE_00394,voice
CALL_006245,2023-03-18,PERSON_00395,PERSON_00184,647,PHONE_00395,voice
CALL_006246,2022-04-26,PERSON_00396,PERSON_00213,844,PHONE_00396,missed
CALL_006247,2025-07-09,PERSON_00397,PERSON_00242,738,PHONE_00397,voice
CALL_006248,2021-08-24,PERSON_00398,PERSON_00271,187,PHONE_00398,voice
CALL_006249,2024-06-02,PERSON_00399,PERSON_00300,644,PHONE_00399,missed
CALL_006250,2022-09-19,PERSON_00400,PERSON_00329,895,PHONE_00400,voice
CALL_006251,2025-07-07,PERSON_00401,PERSON_00401,94,PHONE_00401,missed
CALL_006252,2026-05-15,PERSON_00402,PERSON_00387,885,PHONE_00402,voice
CALL_006253,2025-11-07,PERSON_00403,PERSON_00416,610,PHONE_00403,voice
CALL_006254,2024-07-07,PERSON_00404,PERSON_00445,472,PHONE_00404,missed
CALL_006255,2024-04-19,PERSON_00405,PERSON_00024,190,PHONE_00405,missed
CALL_006256,2022-09-06,PERSON_00406,PERSON_00242,159,PHONE_00406,voice
CALL_006257,2024-10-03,PERSON_00407,PERSON_00082,518,PHONE_00407,missed
CALL_006258,2023-04-26,PERSON_00408,PERSON_00111,207,PHONE_00408,voice
CALL_006259,2021-01-28,PERSON_00409,PERSON_00140,352,PHONE_00409,voice
CALL_006260,2022-03-03,PERSON_00410,PERSON_00169,580,PHONE_00410,voice
CALL_006261,2025-12-10,PERSON_00411,PERSON_00093,19,PHONE_00411,voice
CALL_006262,2024-10-21,PERSON_00412,PERSON_00227,169,PHONE_00412,missed
CALL_006263,2024-01-13,PERSON_00413,PERSON_00256,569,PHONE_00413,voice
CALL_006264,2022-11-10,PERSON_00414,PERSON_00285,442,PHONE_00414,missed
CALL_006265,2024-03-04,PERSON_00415,PERSON_00314,898,PHONE_00415,voice
CALL_006266,2024-12-04,PERSON_00416,PERSON_00343,24,PHONE_00416,missed
CALL_006267,2021-11-04,PERSON_00417,PERSON_00372,49,PHONE_00417,voice
CALL_006268,2021-07-05,PERSON_00418,PERSON_00401,575,PHONE_00418,voice
CALL_006269,2023-02-17,PERSON_00419,PERSON_00430,78,PHONE_00419,voice
CALL_006270,2025-12-19,PERSON_00420,PERSON_00009,745,PHONE_00420,missed
CALL_006271,2025-07-31,PERSON_00421,PERSON_00038,900,PHONE_00421,voice
CALL_006272,2025-11-14,PERSON_00422,PERSON_00067,237,PHONE_00422,missed
CALL_006273,2024-01-23,PERSON_00423,PERSON_00096,481,PHONE_00423,voice
CALL_006274,2025-05-14,PERSON_00424,PERSON_00125,261,PHONE_00424,missed
CALL_006275,2022-05-24,PERSON_00425,PERSON_00154,531,PHONE_00425,voice
CALL_006276,2021-09-24,PERSON_00426,PERSON_00183,460,PHONE_00426,missed
CALL_006277,2023-03-21,PERSON_00427,PERSON_00212,194,PHONE_00427,voice
CALL_006278,2024-09-18,PERSON_00428,PERSON_00241,230,PHONE_00428,voice
CALL_006279,2024-12-17,PERSON_00429,PERSON_00270,668,PHONE_00429,voice
CALL_006280,2021-06-05,PERSON_00430,PERSON_00299,323,PHONE_00430,voice
CALL_006281,2025-04-22,PERSON_00431,PERSON_00328,582,PHONE_00431,voice
CALL_006282,2026-01-12,PERSON_00432,PERSON_00357,688,PHONE_00432,voice
CALL_006283,2021-03-08,PERSON_00433,PERSON_00386,650,PHONE_00433,voice
CALL_006284,2022-03-26,PERSON_00434,PERSON_00415,104,PHONE_00434,voice
CALL_006285,2025-02-07,PERSON_00435,PERSON_00444,710,PHONE_00435,voice
CALL_006286,2024-08-08,PERSON_00436,PERSON_00394,118,PHONE_00436,missed
CALL_006287,2024-04-07,PERSON_00437,PERSON_00052,766,PHONE_00437,voice
CALL_006288,2025-12-11,PERSON_00438,PERSON_00081,469,PHONE_00438,missed
CALL_006289,2024-12-11,PERSON_00439,PERSON_00110,832,PHONE_00439,voice
CALL_006290,2023-12-31,PERSON_00440,PERSON_00139,321,PHONE_00440,voice
CALL_006291,2024-12-28,PERSON_00441,PERSON_00168,872,PHONE_00441,voice
CALL_006292,2021-05-10,PERSON_00442,PERSON_00197,183,PHONE_00442,voice
CALL_006293,2025-01-31,PERSON_00443,PERSON_00226,648,PHONE_00443,voice
CALL_006294,2021-12-18,PERSON_00444,PERSON_00255,867,PHONE_00444,voice
CALL_006295,2024-09-19,PERSON_00445,PERSON_00284,654,PHONE_00445,voice
CALL_006296,2026-05-22,PERSON_00446,PERSON_00313,59,PHONE_00446,missed
CALL_006297,2023-02-11,PERSON_00447,PERSON_00342,494,PHONE_00447,voice
CALL_006298,2023-08-09,PERSON_00448,PERSON_00371,328,PHONE_00448,missed
CALL_006299,2024-03-22,PERSON_00449,PERSON_00400,644,PHONE_00449,missed
CALL_006300,2022-03-11,PERSON_00450,PERSON_00429,740,PHONE_00450,missed
CALL_006301,2021-01-28,PERSON_00001,PERSON_00008,668,PHONE_00001,missed
CALL_006302,2025-03-23,PERSON_00002,PERSON_00037,15,PHONE_00002,missed
CALL_006303,2025-07-25,PERSON_00003,PERSON_00066,789,PHONE_00003,missed
CALL_006304,2025-10-16,PERSON_00004,PERSON_00095,92,PHONE_00004,voice
CALL_006305,2025-04-10,PERSON_00005,PERSON_00124,656,PHONE_00005,missed
CALL_006306,2023-05-13,PERSON_00006,PERSON_00440,57,PHONE_00006,voice
CALL_006307,2023-09-15,PERSON_00007,PERSON_00182,506,PHONE_00007,voice
CALL_006308,2026-06-03,PERSON_00008,PERSON_00211,241,PHONE_00008,missed
CALL_006309,2023-12-09,PERSON_00009,PERSON_00240,35,PHONE_00009,voice
CALL_006310,2023-11-21,PERSON_00010,PERSON_00269,784,PHONE_00010,missed
CALL_006311,2025-04-10,PERSON_00011,PERSON_00298,828,PHONE_00011,voice
CALL_006312,2024-09-24,PERSON_00012,PERSON_00327,282,PHONE_00012,voice
CALL_006313,2025-07-28,PERSON_00013,PERSON_00356,665,PHONE_00013,voice
CALL_006314,2026-04-20,PERSON_00014,PERSON_00385,790,PHONE_00014,voice
CALL_006315,2022-02-27,PERSON_00015,PERSON_00414,374,PHONE_00015,voice
CALL_006316,2021-11-14,PERSON_00016,PERSON_00122,119,PHONE_00016,voice
CALL_006317,2024-04-22,PERSON_00017,PERSON_00022,556,PHONE_00017,missed
CALL_006318,2021-04-23,PERSON_00018,PERSON_00051,858,PHONE_00018,missed
CALL_006319,2025-08-25,PERSON_00019,PERSON_00080,507,PHONE_00019,missed
CALL_006320,2026-02-01,PERSON_00020,PERSON_00109,318,PHONE_00020,voice
CALL_006321,2022-05-23,PERSON_00021,PERSON_00194,104,PHONE_00021,voice
CALL_006322,2022-04-12,PERSON_00022,PERSON_00167,80,PHONE_00022,voice
CALL_006323,2025-07-17,PERSON_00023,PERSON_00196,620,PHONE_00023,voice
CALL_006324,2021-07-07,PERSON_00024,PERSON_00225,574,PHONE_00024,voice
CALL_006325,2025-03-20,PERSON_00025,PERSON_00254,553,PHONE_00025,voice
CALL_006326,2023-09-20,PERSON_00026,PERSON_00283,43,PHONE_00026,voice
CALL_006327,2026-01-28,PERSON_00027,PERSON_00312,375,PHONE_00027,missed
CALL_006328,2021-05-26,PERSON_00028,PERSON_00341,332,PHONE_00028,missed
CALL_006329,2022-07-27,PERSON_00029,PERSON_00370,865,PHONE_00029,voice
CALL_006330,2023-04-24,PERSON_00030,PERSON_00399,831,PHONE_00030,voice
CALL_006331,2025-01-22,PERSON_00031,PERSON_00428,262,PHONE_00031,missed
CALL_006332,2025-09-26,PERSON_00032,PERSON_00007,780,PHONE_00032,voice
CALL_006333,2022-07-29,PERSON_00033,PERSON_00036,789,PHONE_00033,voice
CALL_006334,2022-07-19,PERSON_00034,PERSON_00065,153,PHONE_00034,voice
CALL_006335,2022-05-30,PERSON_00035,PERSON_00094,105,PHONE_00035,voice
CALL_006336,2025-05-28,PERSON_00036,PERSON_00123,41,PHONE_00036,voice
CALL_006337,2023-02-08,PERSON_00037,PERSON_00152,785,PHONE_00037,missed
CALL_006338,2021-10-01,PERSON_00038,PERSON_00181,559,PHONE_00038,voice
CALL_006339,2021-05-16,PERSON_00039,PERSON_00210,442,PHONE_00039,missed
CALL_006340,2021-06-05,PERSON_00040,PERSON_00239,766,PHONE_00040,missed
CALL_006341,2022-02-08,PERSON_00041,PERSON_00268,780,PHONE_00041,missed
CALL_006342,2021-04-11,PERSON_00042,PERSON_00297,671,PHONE_00042,voice
CALL_006343,2023-06-26,PERSON_00043,PERSON_00326,840,PHONE_00043,missed
CALL_006344,2026-02-10,PERSON_00044,PERSON_00355,33,PHONE_00044,voice
CALL_006345,2024-03-29,PERSON_00045,PERSON_00384,407,PHONE_00045,voice
CALL_006346,2024-01-26,PERSON_00046,PERSON_00076,11,PHONE_00046,voice
CALL_006347,2023-09-24,PERSON_00047,PERSON_00442,219,PHONE_00047,missed
CALL_006348,2022-07-26,PERSON_00048,PERSON_00021,868,PHONE_00048,voice
CALL_006349,2026-02-20,PERSON_00049,PERSON_00050,670,PHONE_00049,missed
CALL_006350,2026-06-03,PERSON_00050,PERSON_00079,803,PHONE_00050,missed
CALL_006351,2026-04-19,PERSON_00051,PERSON_00108,720,PHONE_00051,voice
CALL_006352,2022-01-17,PERSON_00052,PERSON_00137,408,PHONE_00052,voice
CALL_006353,2026-04-17,PERSON_00053,PERSON_00166,338,PHONE_00053,missed
CALL_006354,2022-11-21,PERSON_00054,PERSON_00195,365,PHONE_00054,voice
CALL_006355,2022-02-09,PERSON_00055,PERSON_00224,136,PHONE_00055,missed
CALL_006356,2025-07-11,PERSON_00056,PERSON_00253,398,PHONE_00056,voice
CALL_006357,2024-05-15,PERSON_00057,PERSON_00282,276,PHONE_00057,voice
CALL_006358,2025-05-17,PERSON_00058,PERSON_00311,383,PHONE_00058,voice
CALL_006359,2023-09-10,PERSON_00059,PERSON_00340,608,PHONE_00059,voice
CALL_006360,2023-07-03,PERSON_00060,PERSON_00369,619,PHONE_00060,voice
CALL_006361,2023-08-13,PERSON_00061,PERSON_00127,178,PHONE_00061,missed
CALL_006362,2025-12-30,PERSON_00062,PERSON_00427,838,PHONE_00062,voice
CALL_006363,2021-11-28,PERSON_00063,PERSON_00006,127,PHONE_00063,missed
CALL_006364,2021-02-20,PERSON_00064,PERSON_00035,459,PHONE_00064,voice
CALL_006365,2026-03-03,PERSON_00065,PERSON_00064,118,PHONE_00065,missed
CALL_006366,2021-02-06,PERSON_00066,PERSON_00093,682,PHONE_00066,voice
CALL_006367,2024-11-16,PERSON_00067,PERSON_00122,99,PHONE_00067,voice
CALL_006368,2022-05-19,PERSON_00068,PERSON_00151,217,PHONE_00068,voice
CALL_006369,2025-01-07,PERSON_00069,PERSON_00180,894,PHONE_00069,voice
CALL_006370,2021-04-16,PERSON_00070,PERSON_00209,16,PHONE_00070,voice
CALL_006371,2024-06-15,PERSON_00071,PERSON_00238,113,PHONE_00071,voice
CALL_006372,2025-07-13,PERSON_00072,PERSON_00267,561,PHONE_00072,voice
CALL_006373,2021-12-24,PERSON_00073,PERSON_00296,749,PHONE_00073,missed
CALL_006374,2024-08-13,PERSON_00074,PERSON_00325,745,PHONE_00074,voice
CALL_006375,2025-01-01,PERSON_00075,PERSON_00354,82,PHONE_00075,missed
CALL_006376,2021-11-26,PERSON_00076,PERSON_00052,15,PHONE_00076,voice
CALL_006377,2024-10-20,PERSON_00077,PERSON_00412,323,PHONE_00077,missed
CALL_006378,2024-06-19,PERSON_00078,PERSON_00441,55,PHONE_00078,voice
CALL_006379,2022-10-07,PERSON_00079,PERSON_00020,531,PHONE_00079,voice
CALL_006380,2024-01-23,PERSON_00080,PERSON_00049,91,PHONE_00080,voice
CALL_006381,2023-08-28,PERSON_00081,PERSON_00006,134,PHONE_00081,voice
CALL_006382,2023-10-09,PERSON_00082,PERSON_00107,418,PHONE_00082,voice
CALL_006383,2025-03-10,PERSON_00083,PERSON_00136,55,PHONE_00083,voice
CALL_006384,2021-02-23,PERSON_00084,PERSON_00165,333,PHONE_00084,voice
CALL_006385,2025-05-15,PERSON_00085,PERSON_00194,635,PHONE_00085,missed
CALL_006386,2024-10-02,PERSON_00086,PERSON_00030,109,PHONE_00086,missed
CALL_006387,2025-03-04,PERSON_00087,PERSON_00252,93,PHONE_00087,missed
CALL_006388,2023-05-04,PERSON_00088,PERSON_00281,415,PHONE_00088,voice
CALL_006389,2022-12-13,PERSON_00089,PERSON_00310,372,PHONE_00089,voice
CALL_006390,2021-07-27,PERSON_00090,PERSON_00339,651,PHONE_00090,voice
CALL_006391,2022-09-28,PERSON_00091,PERSON_00368,306,PHONE_00091,missed
CALL_006392,2025-02-23,PERSON_00092,PERSON_00397,395,PHONE_00092,missed
CALL_006393,2021-09-29,PERSON_00093,PERSON_00426,265,PHONE_00093,missed
CALL_006394,2025-09-02,PERSON_00094,PERSON_00005,711,PHONE_00094,voice
CALL_006395,2026-05-11,PERSON_00095,PERSON_00034,37,PHONE_00095,voice
CALL_006396,2023-06-16,PERSON_00096,PERSON_00063,334,PHONE_00096,voice
CALL_006397,2022-10-18,PERSON_00097,PERSON_00092,846,PHONE_00097,voice
CALL_006398,2022-06-29,PERSON_00098,PERSON_00121,221,PHONE_00098,missed
CALL_006399,2021-05-07,PERSON_00099,PERSON_00150,156,PHONE_00099,voice
CALL_006400,2024-03-20,PERSON_00100,PERSON_00179,408,PHONE_00100,voice
CALL_006401,2022-07-10,PERSON_00101,PERSON_00144,162,PHONE_00101,voice
CALL_006402,2023-01-25,PERSON_00102,PERSON_00237,227,PHONE_00102,voice
CALL_006403,2022-02-20,PERSON_00103,PERSON_00266,605,PHONE_00103,voice
CALL_006404,2025-11-04,PERSON_00104,PERSON_00295,81,PHONE_00104,voice
CALL_006405,2023-12-28,PERSON_00105,PERSON_00324,215,PHONE_00105,missed
CALL_006406,2024-05-21,PERSON_00106,PERSON_00030,95,PHONE_00106,missed
CALL_006407,2024-07-21,PERSON_00107,PERSON_00382,518,PHONE_00107,voice
CALL_006408,2023-11-24,PERSON_00108,PERSON_00411,480,PHONE_00108,missed
CALL_006409,2022-01-19,PERSON_00109,PERSON_00440,888,PHONE_00109,voice
CALL_006410,2023-06-19,PERSON_00110,PERSON_00019,702,PHONE_00110,voice
CALL_006411,2025-08-07,PERSON_00111,PERSON_00048,632,PHONE_00111,missed
CALL_006412,2023-03-14,PERSON_00112,PERSON_00077,363,PHONE_00112,missed
CALL_006413,2025-08-27,PERSON_00113,PERSON_00106,209,PHONE_00113,voice
CALL_006414,2024-10-02,PERSON_00114,PERSON_00135,837,PHONE_00114,voice
CALL_006415,2022-08-11,PERSON_00115,PERSON_00164,564,PHONE_00115,voice
CALL_006416,2023-07-11,PERSON_00116,PERSON_00193,268,PHONE_00116,voice
CALL_006417,2022-02-03,PERSON_00117,PERSON_00222,892,PHONE_00117,voice
CALL_006418,2024-08-29,PERSON_00118,PERSON_00251,707,PHONE_00118,missed
CALL_006419,2026-06-11,PERSON_00119,PERSON_00280,839,PHONE_00119,voice
CALL_006420,2024-02-13,PERSON_00120,PERSON_00309,383,PHONE_00120,voice
CALL_006421,2021-03-25,PERSON_00121,PERSON_00338,498,PHONE_00121,voice
CALL_006422,2024-10-21,PERSON_00122,PERSON_00367,305,PHONE_00122,voice
CALL_006423,2021-12-07,PERSON_00123,PERSON_00396,650,PHONE_00123,missed
CALL_006424,2026-01-12,PERSON_00124,PERSON_00425,154,PHONE_00124,voice
CALL_006425,2024-12-09,PERSON_00125,PERSON_00004,215,PHONE_00125,voice
CALL_006426,2021-02-05,PERSON_00126,PERSON_00220,148,PHONE_00126,missed
CALL_006427,2024-12-30,PERSON_00127,PERSON_00062,605,PHONE_00127,voice
CALL_006428,2024-07-08,PERSON_00128,PERSON_00091,495,PHONE_00128,voice
CALL_006429,2023-06-24,PERSON_00129,PERSON_00120,900,PHONE_00129,voice
CALL_006430,2021-10-02,PERSON_00130,PERSON_00149,108,PHONE_00130,voice
CALL_006431,2025-01-27,PERSON_00131,PERSON_00178,579,PHONE_00131,voice
CALL_006432,2024-10-05,PERSON_00132,PERSON_00207,268,PHONE_00132,missed
CALL_006433,2021-02-17,PERSON_00133,PERSON_00236,606,PHONE_00133,voice
CALL_006434,2021-06-20,PERSON_00134,PERSON_00265,459,PHONE_00134,voice
CALL_006435,2022-04-18,PERSON_00135,PERSON_00294,128,PHONE_00135,voice
CALL_006436,2025-09-03,PERSON_00136,PERSON_00323,401,PHONE_00136,missed
CALL_006437,2024-07-20,PERSON_00137,PERSON_00352,667,PHONE_00137,voice
CALL_006438,2025-02-14,PERSON_00138,PERSON_00381,61,PHONE_00138,missed
CALL_006439,2024-04-21,PERSON_00139,PERSON_00410,256,PHONE_00139,voice
CALL_006440,2023-02-22,PERSON_00140,PERSON_00439,842,PHONE_00140,voice
CALL_006441,2021-03-04,PERSON_00141,PERSON_00117,41,PHONE_00141,voice
CALL_006442,2023-01-06,PERSON_00142,PERSON_00047,343,PHONE_00142,voice
CALL_006443,2022-03-12,PERSON_00143,PERSON_00076,509,PHONE_00143,voice
CALL_006444,2024-12-08,PERSON_00144,PERSON_00105,897,PHONE_00144,voice
CALL_006445,2026-02-11,PERSON_00145,PERSON_00134,242,PHONE_00145,voice
CALL_006446,2024-03-02,PERSON_00146,PERSON_00163,791,PHONE_00146,voice
CALL_006447,2022-11-09,PERSON_00147,PERSON_00192,570,PHONE_00147,missed
CALL_006448,2024-08-26,PERSON_00148,PERSON_00221,133,PHONE_00148,voice
CALL_006449,2025-05-22,PERSON_00149,PERSON_00250,760,PHONE_00149,voice
CALL_006450,2021-06-26,PERSON_00150,PERSON_00279,285,PHONE_00150,missed
CALL_006451,2025-11-03,PERSON_00151,PERSON_00308,70,PHONE_00151,missed
CALL_006452,2026-05-16,PERSON_00152,PERSON_00337,235,PHONE_00152,voice
CALL_006453,2023-02-09,PERSON_00153,PERSON_00366,367,PHONE_00153,voice
CALL_006454,2021-08-19,PERSON_00154,PERSON_00395,816,PHONE_00154,missed
CALL_006455,2025-05-29,PERSON_00155,PERSON_00424,148,PHONE_00155,voice
CALL_006456,2022-07-02,PERSON_00156,PERSON_00318,139,PHONE_00156,voice
CALL_006457,2023-10-29,PERSON_00157,PERSON_00032,748,PHONE_00157,voice
CALL_006458,2022-12-03,PERSON_00158,PERSON_00061,483,PHONE_00158,voice
CALL_006459,2021-08-25,PERSON_00159,PERSON_00090,262,PHONE_00159,voice
CALL_006460,2022-06-19,PERSON_00160,PERSON_00119,541,PHONE_00160,missed
CALL_006461,2022-12-19,PERSON_00161,PERSON_00240,14,PHONE_00161,voice
CALL_006462,2024-07-31,PERSON_00162,PERSON_00177,474,PHONE_00162,missed
CALL_006463,2024-01-15,PERSON_00163,PERSON_00206,277,PHONE_00163,voice
CALL_006464,2021-04-24,PERSON_00164,PERSON_00235,633,PHONE_00164,voice
CALL_006465,2024-03-18,PERSON_00165,PERSON_00264,344,PHONE_00165,voice
CALL_006466,2022-11-11,PERSON_00166,PERSON_00442,63,PHONE_00166,missed
CALL_006467,2025-01-17,PERSON_00167,PERSON_00322,791,PHONE_00167,voice
CALL_006468,2024-02-19,PERSON_00168,PERSON_00351,513,PHONE_00168,voice
CALL_006469,2021-08-15,PERSON_00169,PERSON_00380,675,PHONE_00169,voice
CALL_006470,2022-06-24,PERSON_00170,PERSON_00409,752,PHONE_00170,missed
CALL_006471,2025-04-22,PERSON_00171,PERSON_00244,132,PHONE_00171,missed
CALL_006472,2023-05-07,PERSON_00172,PERSON_00017,527,PHONE_00172,missed
CALL_006473,2025-04-15,PERSON_00173,PERSON_00046,266,PHONE_00173,missed
CALL_006474,2023-10-25,PERSON_00174,PERSON_00075,736,PHONE_00174,voice
CALL_006475,2024-04-06,PERSON_00175,PERSON_00104,393,PHONE_00175,voice
CALL_006476,2023-11-20,PERSON_00176,PERSON_00133,840,PHONE_00176,voice
CALL_006477,2022-09-10,PERSON_00177,PERSON_00162,496,PHONE_00177,voice
CALL_006478,2023-01-22,PERSON_00178,PERSON_00191,531,PHONE_00178,missed
CALL_006479,2024-09-27,PERSON_00179,PERSON_00220,38,PHONE_00179,missed
CALL_006480,2023-11-27,PERSON_00180,PERSON_00249,833,PHONE_00180,voice
CALL_006481,2024-06-25,PERSON_00181,PERSON_00278,877,PHONE_00181,voice
CALL_006482,2023-10-11,PERSON_00182,PERSON_00307,124,PHONE_00182,voice
CALL_006483,2023-09-28,PERSON_00183,PERSON_00336,382,PHONE_00183,voice
CALL_006484,2025-05-12,PERSON_00184,PERSON_00365,407,PHONE_00184,missed
CALL_006485,2025-08-30,PERSON_00185,PERSON_00394,630,PHONE_00185,missed
CALL_006486,2023-10-23,PERSON_00186,PERSON_00423,212,PHONE_00186,missed
CALL_006487,2026-05-27,PERSON_00187,PERSON_00002,232,PHONE_00187,voice
CALL_006488,2023-04-13,PERSON_00188,PERSON_00031,241,PHONE_00188,missed
CALL_006489,2025-08-21,PERSON_00189,PERSON_00060,842,PHONE_00189,voice
CALL_006490,2024-05-21,PERSON_00190,PERSON_00089,365,PHONE_00190,missed
CALL_006491,2022-11-05,PERSON_00191,PERSON_00250,75,PHONE_00191,missed
CALL_006492,2025-06-29,PERSON_00192,PERSON_00147,289,PHONE_00192,voice
CALL_006493,2025-06-16,PERSON_00193,PERSON_00176,782,PHONE_00193,voice
CALL_006494,2021-11-24,PERSON_00194,PERSON_00205,794,PHONE_00194,voice
CALL_006495,2024-02-27,PERSON_00195,PERSON_00234,136,PHONE_00195,voice
CALL_006496,2024-04-07,PERSON_00196,PERSON_00074,104,PHONE_00196,missed
CALL_006497,2025-05-28,PERSON_00197,PERSON_00292,555,PHONE_00197,voice
CALL_006498,2023-11-20,PERSON_00198,PERSON_00321,820,PHONE_00198,voice
CALL_006499,2023-10-27,PERSON_00199,PERSON_00350,790,PHONE_00199,missed
CALL_006500,2021-08-25,PERSON_00200,PERSON_00379,205,PHONE_00200,voice
CALL_006501,2021-08-07,PERSON_00201,PERSON_00408,315,PHONE_00201,voice
CALL_006502,2021-11-29,PERSON_00202,PERSON_00437,197,PHONE_00202,missed
CALL_006503,2023-02-22,PERSON_00203,PERSON_00016,755,PHONE_00203,voice
CALL_006504,2026-01-21,PERSON_00204,PERSON_00045,488,PHONE_00204,missed
CALL_006505,2021-05-02,PERSON_00205,PERSON_00074,353,PHONE_00205,voice
CALL_006506,2024-06-20,PERSON_00206,PERSON_00103,248,PHONE_00206,voice
CALL_006507,2024-05-03,PERSON_00207,PERSON_00132,216,PHONE_00207,voice
CALL_006508,2023-02-21,PERSON_00208,PERSON_00161,279,PHONE_00208,voice
CALL_006509,2024-01-25,PERSON_00209,PERSON_00190,867,PHONE_00209,voice
CALL_006510,2026-03-23,PERSON_00210,PERSON_00219,347,PHONE_00210,voice
CALL_006511,2024-04-12,PERSON_00211,PERSON_00248,583,PHONE_00211,voice
CALL_006512,2023-05-02,PERSON_00212,PERSON_00277,766,PHONE_00212,missed
CALL_006513,2025-04-26,PERSON_00213,PERSON_00306,667,PHONE_00213,voice
CALL_006514,2025-08-10,PERSON_00214,PERSON_00335,860,PHONE_00214,missed
CALL_006515,2023-09-01,PERSON_00215,PERSON_00364,383,PHONE_00215,voice
CALL_006516,2024-04-17,PERSON_00216,PERSON_00122,164,PHONE_00216,missed
CALL_006517,2021-09-20,PERSON_00217,PERSON_00422,545,PHONE_00217,voice
CALL_006518,2021-01-31,PERSON_00218,PERSON_00001,819,PHONE_00218,missed
CALL_006519,2022-07-20,PERSON_00219,PERSON_00030,505,PHONE_00219,voice
CALL_006520,2021-10-23,PERSON_00220,PERSON_00059,680,PHONE_00220,voice
CALL_006521,2022-01-06,PERSON_00221,PERSON_00134,36,PHONE_00221,voice
CALL_006522,2025-01-14,PERSON_00222,PERSON_00117,667,PHONE_00222,missed
CALL_006523,2024-12-19,PERSON_00223,PERSON_00146,800,PHONE_00223,voice
CALL_006524,2022-07-31,PERSON_00224,PERSON_00175,630,PHONE_00224,voice
CALL_006525,2025-08-01,PERSON_00225,PERSON_00204,626,PHONE_00225,voice
CALL_006526,2021-11-01,PERSON_00226,PERSON_00394,138,PHONE_00226,missed
CALL_006527,2026-05-15,PERSON_00227,PERSON_00262,511,PHONE_00227,voice
CALL_006528,2024-10-15,PERSON_00228,PERSON_00291,701,PHONE_00228,voice
CALL_006529,2021-03-17,PERSON_00229,PERSON_00320,286,PHONE_00229,missed
CALL_006530,2022-08-31,PERSON_00230,PERSON_00349,215,PHONE_00230,missed
CALL_006531,2025-07-06,PERSON_00231,PERSON_00440,168,PHONE_00231,voice
CALL_006532,2021-07-29,PERSON_00232,PERSON_00407,855,PHONE_00232,voice
CALL_006533,2022-12-06,PERSON_00233,PERSON_00436,196,PHONE_00233,missed
CALL_006534,2025-02-03,PERSON_00234,PERSON_00015,370,PHONE_00234,voice
CALL_006535,2022-04-20,PERSON_00235,PERSON_00044,863,PHONE_00235,missed
CALL_006536,2025-12-12,PERSON_00236,PERSON_00073,452,PHONE_00236,voice
CALL_006537,2022-05-21,PERSON_00237,PERSON_00102,838,PHONE_00237,missed
CALL_006538,2024-11-26,PERSON_00238,PERSON_00131,700,PHONE_00238,voice
CALL_006539,2021-12-28,PERSON_00239,PERSON_00160,251,PHONE_00239,voice
CALL_006540,2021-02-02,PERSON_00240,PERSON_00189,703,PHONE_00240,voice
CALL_006541,2022-12-06,PERSON_00241,PERSON_00065,16,PHONE_00241,voice
CALL_006542,2025-02-18,PERSON_00242,PERSON_00247,818,PHONE_00242,voice
CALL_006543,2022-10-17,PERSON_00243,PERSON_00276,78,PHONE_00243,missed
CALL_006544,2025-02-11,PERSON_00244,PERSON_00305,234,PHONE_00244,missed
CALL_006545,2025-11-28,PERSON_00245,PERSON_00334,305,PHONE_00245,voice
CALL_006546,2022-04-13,PERSON_00246,PERSON_00363,854,PHONE_00246,missed
CALL_006547,2025-04-27,PERSON_00247,PERSON_00392,698,PHONE_00247,voice
CALL_006548,2022-11-24,PERSON_00248,PERSON_00421,508,PHONE_00248,voice
CALL_006549,2026-03-14,PERSON_00249,PERSON_00450,843,PHONE_00249,voice
CALL_006550,2026-04-03,PERSON_00250,PERSON_00029,257,PHONE_00250,missed
CALL_006551,2024-08-04,PERSON_00251,PERSON_00058,764,PHONE_00251,voice
CALL_006552,2023-01-03,PERSON_00252,PERSON_00087,69,PHONE_00252,voice
CALL_006553,2025-07-09,PERSON_00253,PERSON_00116,860,PHONE_00253,voice
CALL_006554,2023-11-12,PERSON_00254,PERSON_00145,247,PHONE_00254,voice
CALL_006555,2022-03-02,PERSON_00255,PERSON_00174,45,PHONE_00255,voice
CALL_006556,2022-02-17,PERSON_00256,PERSON_00220,157,PHONE_00256,missed
CALL_006557,2025-02-06,PERSON_00257,PERSON_00232,359,PHONE_00257,voice
CALL_006558,2024-05-12,PERSON_00258,PERSON_00261,146,PHONE_00258,voice
CALL_006559,2024-05-02,PERSON_00259,PERSON_00290,28,PHONE_00259,voice
CALL_006560,2023-07-13,PERSON_00260,PERSON_00319,272,PHONE_00260,missed
CALL_006561,2021-01-08,PERSON_00261,PERSON_00348,272,PHONE_00261,missed
CALL_006562,2021-05-22,PERSON_00262,PERSON_00377,399,PHONE_00262,missed
CALL_006563,2022-09-05,PERSON_00263,PERSON_00406,469,PHONE_00263,voice
CALL_006564,2025-06-04,PERSON_00264,PERSON_00435,647,PHONE_00264,missed
CALL_006565,2023-02-18,PERSON_00265,PERSON_00014,226,PHONE_00265,voice
CALL_006566,2024-08-12,PERSON_00266,PERSON_00043,777,PHONE_00266,voice
CALL_006567,2022-01-21,PERSON_00267,PERSON_00072,615,PHONE_00267,voice
CALL_006568,2024-08-21,PERSON_00268,PERSON_00101,91,PHONE_00268,voice
CALL_006569,2025-11-18,PERSON_00269,PERSON_00130,397,PHONE_00269,voice
CALL_006570,2021-12-28,PERSON_00270,PERSON_00159,296,PHONE_00270,missed
CALL_006571,2024-03-07,PERSON_00271,PERSON_00074,163,PHONE_00271,voice
CALL_006572,2023-03-25,PERSON_00272,PERSON_00217,496,PHONE_00272,missed
CALL_006573,2024-09-25,PERSON_00273,PERSON_00246,347,PHONE_00273,voice
CALL_006574,2022-09-06,PERSON_00274,PERSON_00275,691,PHONE_00274,voice
CALL_006575,2025-10-25,PERSON_00275,PERSON_00304,338,PHONE_00275,voice
CALL_006576,2021-06-23,PERSON_00276,PERSON_00333,186,PHONE_00276,voice
CALL_006577,2023-04-12,PERSON_00277,PERSON_00362,94,PHONE_00277,voice
CALL_006578,2023-06-05,PERSON_00278,PERSON_00391,363,PHONE_00278,voice
CALL_006579,2024-04-19,PERSON_00279,PERSON_00420,337,PHONE_00279,voice
CALL_006580,2023-09-14,PERSON_00280,PERSON_00449,525,PHONE_00280,voice
CALL_006581,2025-09-13,PERSON_00281,PERSON_00028,22,PHONE_00281,voice
CALL_006582,2025-05-27,PERSON_00282,PERSON_00057,655,PHONE_00282,voice
CALL_006583,2024-07-25,PERSON_00283,PERSON_00086,789,PHONE_00283,missed
CALL_006584,2025-10-02,PERSON_00284,PERSON_00115,184,PHONE_00284,voice
CALL_006585,2024-06-14,PERSON_00285,PERSON_00144,828,PHONE_00285,voice
CALL_006586,2026-02-06,PERSON_00286,PERSON_00075,43,PHONE_00286,voice
CALL_006587,2024-08-13,PERSON_00287,PERSON_00202,565,PHONE_00287,missed
CALL_006588,2023-06-24,PERSON_00288,PERSON_00231,518,PHONE_00288,voice
CALL_006589,2025-02-09,PERSON_00289,PERSON_00260,418,PHONE_00289,voice
CALL_006590,2022-01-07,PERSON_00290,PERSON_00289,197,PHONE_00290,voice
CALL_006591,2025-01-13,PERSON_00291,PERSON_00440,180,PHONE_00291,missed
CALL_006592,2022-03-28,PERSON_00292,PERSON_00347,547,PHONE_00292,voice
CALL_006593,2022-08-05,PERSON_00293,PERSON_00376,323,PHONE_00293,missed
CALL_006594,2025-09-12,PERSON_00294,PERSON_00405,29,PHONE_00294,voice
CALL_006595,2023-08-20,PERSON_00295,PERSON_00434,483,PHONE_00295,voice
CALL_006596,2023-01-11,PERSON_00296,PERSON_00013,776,PHONE_00296,voice
CALL_006597,2023-07-21,PERSON_00297,PERSON_00042,174,PHONE_00297,missed
CALL_006598,2025-10-08,PERSON_00298,PERSON_00071,638,PHONE_00298,voice
CALL_006599,2025-02-07,PERSON_00299,PERSON_00100,56,PHONE_00299,voice
CALL_006600,2023-12-11,PERSON_00300,PERSON_00129,174,PHONE_00300,missed
CALL_006601,2021-01-12,PERSON_00301,PERSON_00118,29,PHONE_00301,missed
CALL_006602,2022-11-22,PERSON_00302,PERSON_00187,889,PHONE_00302,missed
CALL_006603,2023-01-12,PERSON_00303,PERSON_00216,49,PHONE_00303,voice
CALL_006604,2023-10-23,PERSON_00304,PERSON_00245,230,PHONE_00304,missed
CALL_006605,2024-07-11,PERSON_00305,PERSON_00274,768,PHONE_00305,voice
CALL_006606,2022-09-21,PERSON_00306,PERSON_00303,710,PHONE_00306,voice
CALL_006607,2023-12-20,PERSON_00307,PERSON_00332,530,PHONE_00307,missed
CALL_006608,2026-03-12,PERSON_00308,PERSON_00361,372,PHONE_00308,missed
CALL_006609,2026-03-23,PERSON_00309,PERSON_00390,477,PHONE_00309,voice
CALL_006610,2021-10-24,PERSON_00310,PERSON_00419,21,PHONE_00310,voice
CALL_006611,2025-07-18,PERSON_00311,PERSON_00448,542,PHONE_00311,missed
CALL_006612,2025-10-28,PERSON_00312,PERSON_00027,638,PHONE_00312,voice
CALL_006613,2023-12-15,PERSON_00313,PERSON_00056,754,PHONE_00313,voice
CALL_006614,2025-09-15,PERSON_00314,PERSON_00085,793,PHONE_00314,missed
CALL_006615,2024-09-15,PERSON_00315,PERSON_00114,385,PHONE_00315,missed
CALL_006616,2022-05-21,PERSON_00316,PERSON_00143,183,PHONE_00316,missed
CALL_006617,2025-08-03,PERSON_00317,PERSON_00172,704,PHONE_00317,missed
CALL_006618,2023-12-04,PERSON_00318,PERSON_00201,290,PHONE_00318,voice
CALL_006619,2023-12-05,PERSON_00319,PERSON_00230,781,PHONE_00319,missed
CALL_006620,2026-06-19,PERSON_00320,PERSON_00259,526,PHONE_00320,voice
CALL_006621,2023-11-27,PERSON_00321,PERSON_00122,67,PHONE_00321,missed
CALL_006622,2022-05-24,PERSON_00322,PERSON_00317,476,PHONE_00322,voice
CALL_006623,2024-07-01,PERSON_00323,PERSON_00346,886,PHONE_00323,voice
CALL_006624,2023-01-15,PERSON_00324,PERSON_00375,699,PHONE_00324,voice
CALL_006625,2022-08-24,PERSON_00325,PERSON_00404,403,PHONE_00325,missed
CALL_006626,2021-10-14,PERSON_00326,PERSON_00433,763,PHONE_00326,missed
CALL_006627,2022-10-16,PERSON_00327,PERSON_00012,811,PHONE_00327,voice
CALL_006628,2021-06-23,PERSON_00328,PERSON_00041,18,PHONE_00328,voice
CALL_006629,2025-08-22,PERSON_00329,PERSON_00070,20,PHONE_00329,missed
CALL_006630,2023-09-11,PERSON_00330,PERSON_00099,48,PHONE_00330,voice
CALL_006631,2024-03-14,PERSON_00331,PERSON_00240,135,PHONE_00331,voice
CALL_006632,2022-01-29,PERSON_00332,PERSON_00157,734,PHONE_00332,voice
CALL_006633,2026-01-16,PERSON_00333,PERSON_00186,71,PHONE_00333,voice
CALL_006634,2022-01-24,PERSON_00334,PERSON_00215,379,PHONE_00334,voice
CALL_006635,2026-06-10,PERSON_00335,PERSON_00244,641,PHONE_00335,voice
CALL_006636,2022-09-27,PERSON_00336,PERSON_00250,47,PHONE_00336,voice
CALL_006637,2021-09-05,PERSON_00337,PERSON_00302,788,PHONE_00337,missed
CALL_006638,2024-04-24,PERSON_00338,PERSON_00331,183,PHONE_00338,voice
CALL_006639,2021-05-13,PERSON_00339,PERSON_00360,778,PHONE_00339,voice
CALL_006640,2022-02-01,PERSON_00340,PERSON_00389,538,PHONE_00340,voice
CALL_006641,2021-05-08,PERSON_00341,PERSON_00418,505,PHONE_00341,missed
CALL_006642,2026-05-07,PERSON_00342,PERSON_00447,758,PHONE_00342,voice
CALL_006643,2021-07-30,PERSON_00343,PERSON_00026,675,PHONE_00343,voice
CALL_006644,2022-07-24,PERSON_00344,PERSON_00055,279,PHONE_00344,voice
CALL_006645,2025-09-29,PERSON_00345,PERSON_00084,703,PHONE_00345,voice
CALL_006646,2022-01-12,PERSON_00346,PERSON_00113,166,PHONE_00346,voice
CALL_006647,2024-11-12,PERSON_00347,PERSON_00142,347,PHONE_00347,missed
CALL_006648,2025-12-13,PERSON_00348,PERSON_00171,720,PHONE_00348,voice
CALL_006649,2023-09-10,PERSON_00349,PERSON_00200,261,PHONE_00349,voice
CALL_006650,2023-11-25,PERSON_00350,PERSON_00229,361,PHONE_00350,missed
CALL_006651,2025-07-30,PERSON_00351,PERSON_00258,87,PHONE_00351,voice
CALL_006652,2023-08-08,PERSON_00352,PERSON_00287,604,PHONE_00352,voice
CALL_006653,2025-04-25,PERSON_00353,PERSON_00316,755,PHONE_00353,voice
CALL_006654,2025-06-25,PERSON_00354,PERSON_00345,171,PHONE_00354,voice
CALL_006655,2021-12-11,PERSON_00355,PERSON_00374,328,PHONE_00355,voice
CALL_006656,2024-08-29,PERSON_00356,PERSON_00403,143,PHONE_00356,missed
CALL_006657,2025-06-19,PERSON_00357,PERSON_00432,395,PHONE_00357,voice
CALL_006658,2026-03-14,PERSON_00358,PERSON_00011,738,PHONE_00358,voice
CALL_006659,2023-02-14,PERSON_00359,PERSON_00040,237,PHONE_00359,missed
CALL_006660,2025-01-08,PERSON_00360,PERSON_00069,733,PHONE_00360,voice
CALL_006661,2024-07-02,PERSON_00361,PERSON_00098,839,PHONE_00361,voice
CALL_006662,2023-01-26,PERSON_00362,PERSON_00127,793,PHONE_00362,voice
CALL_006663,2022-11-30,PERSON_00363,PERSON_00156,158,PHONE_00363,missed
CALL_006664,2023-07-03,PERSON_00364,PERSON_00185,234,PHONE_00364,voice
CALL_006665,2026-01-21,PERSON_00365,PERSON_00214,205,PHONE_00365,voice
CALL_006666,2021-09-11,PERSON_00366,PERSON_00318,80,PHONE_00366,missed
CALL_006667,2025-08-07,PERSON_00367,PERSON_00272,79,PHONE_00367,missed
CALL_006668,2025-08-08,PERSON_00368,PERSON_00301,189,PHONE_00368,missed
CALL_006669,2026-01-03,PERSON_00369,PERSON_00330,146,PHONE_00369,voice
CALL_006670,2021-08-12,PERSON_00370,PERSON_00359,477,PHONE_00370,voice
CALL_006671,2022-01-27,PERSON_00371,PERSON_00355,32,PHONE_00371,voice
CALL_006672,2021-05-04,PERSON_00372,PERSON_00417,33,PHONE_00372,voice
CALL_006673,2022-01-26,PERSON_00373,PERSON_00446,830,PHONE_00373,voice
CALL_006674,2025-04-09,PERSON_00374,PERSON_00025,408,PHONE_00374,voice
CALL_006675,2022-01-26,PERSON_00375,PERSON_00054,479,PHONE_00375,voice
CALL_006676,2025-11-17,PERSON_00376,PERSON_00250,132,PHONE_00376,voice
CALL_006677,2025-02-20,PERSON_00377,PERSON_00112,873,PHONE_00377,voice
CALL_006678,2022-04-10,PERSON_00378,PERSON_00141,51,PHONE_00378,voice
CALL_006679,2024-06-27,PERSON_00379,PERSON_00170,806,PHONE_00379,voice
CALL_006680,2025-01-24,PERSON_00380,PERSON_00199,642,PHONE_00380,voice
CALL_006681,2024-06-01,PERSON_00381,PERSON_00256,123,PHONE_00381,missed
CALL_006682,2025-11-18,PERSON_00382,PERSON_00257,671,PHONE_00382,voice
CALL_006683,2025-05-17,PERSON_00383,PERSON_00286,502,PHONE_00383,voice
CALL_006684,2026-06-04,PERSON_00384,PERSON_00315,573,PHONE_00384,voice
CALL_006685,2021-05-10,PERSON_00385,PERSON_00344,778,PHONE_00385,missed
CALL_006686,2026-01-29,PERSON_00386,PERSON_00373,886,PHONE_00386,voice
CALL_006687,2023-12-27,PERSON_00387,PERSON_00402,458,PHONE_00387,voice
CALL_006688,2021-02-27,PERSON_00388,PERSON_00431,270,PHONE_00388,missed
CALL_006689,2023-09-06,PERSON_00389,PERSON_00010,667,PHONE_00389,voice
CALL_006690,2021-07-03,PERSON_00390,PERSON_00039,459,PHONE_00390,missed
CALL_006691,2025-03-30,PERSON_00391,PERSON_00194,133,PHONE_00391,voice
CALL_006692,2023-06-29,PERSON_00392,PERSON_00097,208,PHONE_00392,voice
CALL_006693,2025-04-24,PERSON_00393,PERSON_00126,442,PHONE_00393,voice
CALL_006694,2023-11-02,PERSON_00394,PERSON_00155,242,PHONE_00394,missed
CALL_006695,2021-09-13,PERSON_00395,PERSON_00184,877,PHONE_00395,voice
CALL_006696,2021-08-21,PERSON_00396,PERSON_00213,578,PHONE_00396,voice
CALL_006697,2023-04-08,PERSON_00397,PERSON_00242,559,PHONE_00397,voice
CALL_006698,2022-08-03,PERSON_00398,PERSON_00271,879,PHONE_00398,voice
CALL_006699,2022-06-27,PERSON_00399,PERSON_00300,375,PHONE_00399,voice
CALL_006700,2023-03-04,PERSON_00400,PERSON_00329,87,PHONE_00400,voice
CALL_006701,2025-07-02,PERSON_00401,PERSON_00250,14,PHONE_00401,missed
CALL_006702,2021-05-05,PERSON_00402,PERSON_00387,277,PHONE_00402,voice
CALL_006703,2025-02-10,PERSON_00403,PERSON_00416,614,PHONE_00403,missed
CALL_006704,2022-01-03,PERSON_00404,PERSON_00445,553,PHONE_00404,voice
CALL_006705,2024-12-26,PERSON_00405,PERSON_00024,318,PHONE_00405,missed
CALL_006706,2023-07-12,PERSON_00406,PERSON_00202,114,PHONE_00406,voice
CALL_006707,2022-09-11,PERSON_00407,PERSON_00082,730,PHONE_00407,voice
CALL_006708,2024-01-24,PERSON_00408,PERSON_00111,867,PHONE_00408,voice
CALL_006709,2023-12-11,PERSON_00409,PERSON_00140,395,PHONE_00409,voice
CALL_006710,2021-07-19,PERSON_00410,PERSON_00169,45,PHONE_00410,missed
CALL_006711,2021-03-12,PERSON_00411,PERSON_00128,140,PHONE_00411,voice
CALL_006712,2022-07-07,PERSON_00412,PERSON_00227,248,PHONE_00412,voice
CALL_006713,2022-09-16,PERSON_00413,PERSON_00256,263,PHONE_00413,voice
CALL_006714,2023-01-15,PERSON_00414,PERSON_00285,263,PHONE_00414,voice
CALL_006715,2022-04-21,PERSON_00415,PERSON_00314,367,PHONE_00415,missed
CALL_006716,2024-01-06,PERSON_00416,PERSON_00343,202,PHONE_00416,missed
CALL_006717,2023-05-29,PERSON_00417,PERSON_00372,797,PHONE_00417,voice
CALL_006718,2024-11-02,PERSON_00418,PERSON_00401,284,PHONE_00418,missed
CALL_006719,2025-06-25,PERSON_00419,PERSON_00430,454,PHONE_00419,missed
CALL_006720,2025-04-03,PERSON_00420,PERSON_00009,761,PHONE_00420,missed
CALL_006721,2026-06-11,PERSON_00421,PERSON_00038,341,PHONE_00421,voice
CALL_006722,2023-11-23,PERSON_00422,PERSON_00067,383,PHONE_00422,voice
CALL_006723,2025-06-08,PERSON_00423,PERSON_00096,97,PHONE_00423,voice
CALL_006724,2024-12-27,PERSON_00424,PERSON_00125,305,PHONE_00424,voice
CALL_006725,2022-04-05,PERSON_00425,PERSON_00154,445,PHONE_00425,missed
CALL_006726,2022-06-11,PERSON_00426,PERSON_00183,888,PHONE_00426,voice
CALL_006727,2024-03-19,PERSON_00427,PERSON_00212,274,PHONE_00427,voice
CALL_006728,2024-07-11,PERSON_00428,PERSON_00241,811,PHONE_00428,voice
CALL_006729,2022-11-17,PERSON_00429,PERSON_00270,693,PHONE_00429,voice
CALL_006730,2022-10-12,PERSON_00430,PERSON_00299,675,PHONE_00430,voice
CALL_006731,2021-03-12,PERSON_00431,PERSON_00328,817,PHONE_00431,voice
CALL_006732,2024-03-26,PERSON_00432,PERSON_00357,353,PHONE_00432,voice
CALL_006733,2023-08-05,PERSON_00433,PERSON_00386,721,PHONE_00433,voice
CALL_006734,2023-09-12,PERSON_00434,PERSON_00415,431,PHONE_00434,voice
CALL_006735,2022-07-22,PERSON_00435,PERSON_00444,412,PHONE_00435,voice
CALL_006736,2022-11-13,PERSON_00436,PERSON_00331,94,PHONE_00436,missed
CALL_006737,2023-07-06,PERSON_00437,PERSON_00052,78,PHONE_00437,voice
CALL_006738,2021-02-12,PERSON_00438,PERSON_00081,619,PHONE_00438,voice
CALL_006739,2021-03-17,PERSON_00439,PERSON_00110,214,PHONE_00439,voice
CALL_006740,2021-12-07,PERSON_00440,PERSON_00139,475,PHONE_00440,missed
CALL_006741,2021-08-15,PERSON_00441,PERSON_00168,763,PHONE_00441,missed
CALL_006742,2025-05-10,PERSON_00442,PERSON_00197,170,PHONE_00442,missed
CALL_006743,2022-01-21,PERSON_00443,PERSON_00226,534,PHONE_00443,voice
CALL_006744,2022-12-29,PERSON_00444,PERSON_00255,616,PHONE_00444,missed
CALL_006745,2022-04-29,PERSON_00445,PERSON_00284,843,PHONE_00445,voice
CALL_006746,2026-01-30,PERSON_00446,PERSON_00313,150,PHONE_00446,voice
CALL_006747,2022-12-30,PERSON_00447,PERSON_00342,820,PHONE_00447,missed
CALL_006748,2022-05-02,PERSON_00448,PERSON_00371,669,PHONE_00448,voice
CALL_006749,2022-11-27,PERSON_00449,PERSON_00400,358,PHONE_00449,missed
CALL_006750,2022-03-20,PERSON_00450,PERSON_00429,598,PHONE_00450,missed
CALL_006751,2024-02-27,PERSON_00001,PERSON_00008,731,PHONE_00001,voice
CALL_006752,2022-06-10,PERSON_00002,PERSON_00037,30,PHONE_00002,voice
CALL_006753,2022-08-03,PERSON_00003,PERSON_00066,833,PHONE_00003,missed
CALL_006754,2025-11-18,PERSON_00004,PERSON_00095,354,PHONE_00004,voice
CALL_006755,2023-07-27,PERSON_00005,PERSON_00124,553,PHONE_00005,missed
CALL_006756,2021-04-07,PERSON_00006,PERSON_00012,8,PHONE_00006,voice
CALL_006757,2023-06-27,PERSON_00007,PERSON_00182,357,PHONE_00007,voice
CALL_006758,2021-08-23,PERSON_00008,PERSON_00211,284,PHONE_00008,voice
CALL_006759,2021-08-08,PERSON_00009,PERSON_00240,94,PHONE_00009,missed
CALL_006760,2022-05-17,PERSON_00010,PERSON_00269,436,PHONE_00010,missed
CALL_006761,2022-06-05,PERSON_00011,PERSON_00298,843,PHONE_00011,voice
CALL_006762,2021-05-17,PERSON_00012,PERSON_00327,853,PHONE_00012,voice
CALL_006763,2024-07-31,PERSON_00013,PERSON_00356,858,PHONE_00013,voice
CALL_006764,2024-11-03,PERSON_00014,PERSON_00385,805,PHONE_00014,missed
CALL_006765,2024-05-03,PERSON_00015,PERSON_00414,723,PHONE_00015,missed
CALL_006766,2023-08-07,PERSON_00016,PERSON_00065,33,PHONE_00016,voice
CALL_006767,2026-01-27,PERSON_00017,PERSON_00022,322,PHONE_00017,voice
CALL_006768,2023-02-13,PERSON_00018,PERSON_00051,772,PHONE_00018,missed
CALL_006769,2023-12-30,PERSON_00019,PERSON_00080,527,PHONE_00019,voice
CALL_006770,2021-07-23,PERSON_00020,PERSON_00109,120,PHONE_00020,missed
CALL_006771,2021-07-03,PERSON_00021,PERSON_00300,159,PHONE_00021,voice
CALL_006772,2022-08-12,PERSON_00022,PERSON_00167,287,PHONE_00022,missed
CALL_006773,2026-03-01,PERSON_00023,PERSON_00196,160,PHONE_00023,voice
CALL_006774,2021-09-03,PERSON_00024,PERSON_00225,239,PHONE_00024,voice
CALL_006775,2024-06-06,PERSON_00025,PERSON_00254,479,PHONE_00025,missed
CALL_006776,2023-07-17,PERSON_00026,PERSON_00283,436,PHONE_00026,voice
CALL_006777,2023-08-26,PERSON_00027,PERSON_00312,205,PHONE_00027,missed
CALL_006778,2023-11-02,PERSON_00028,PERSON_00341,883,PHONE_00028,missed
CALL_006779,2024-03-20,PERSON_00029,PERSON_00370,444,PHONE_00029,missed
CALL_006780,2022-07-29,PERSON_00030,PERSON_00399,611,PHONE_00030,voice
CALL_006781,2025-06-03,PERSON_00031,PERSON_00428,720,PHONE_00031,voice
CALL_006782,2025-11-08,PERSON_00032,PERSON_00007,81,PHONE_00032,missed
CALL_006783,2025-04-12,PERSON_00033,PERSON_00036,127,PHONE_00033,voice
CALL_006784,2023-03-30,PERSON_00034,PERSON_00065,520,PHONE_00034,voice
CALL_006785,2023-02-27,PERSON_00035,PERSON_00094,533,PHONE_00035,voice
CALL_006786,2021-09-15,PERSON_00036,PERSON_00123,198,PHONE_00036,missed
CALL_006787,2025-01-19,PERSON_00037,PERSON_00152,371,PHONE_00037,missed
CALL_006788,2025-06-17,PERSON_00038,PERSON_00181,801,PHONE_00038,missed
CALL_006789,2024-05-02,PERSON_00039,PERSON_00210,662,PHONE_00039,voice
CALL_006790,2025-02-02,PERSON_00040,PERSON_00239,482,PHONE_00040,voice
CALL_006791,2025-01-24,PERSON_00041,PERSON_00268,134,PHONE_00041,voice
CALL_006792,2024-03-19,PERSON_00042,PERSON_00297,508,PHONE_00042,voice
CALL_006793,2024-03-30,PERSON_00043,PERSON_00326,769,PHONE_00043,voice
CALL_006794,2021-10-07,PERSON_00044,PERSON_00355,687,PHONE_00044,missed
CALL_006795,2025-10-17,PERSON_00045,PERSON_00384,176,PHONE_00045,voice
CALL_006796,2026-03-09,PERSON_00046,PERSON_00401,159,PHONE_00046,missed
CALL_006797,2023-02-16,PERSON_00047,PERSON_00442,433,PHONE_00047,voice
CALL_006798,2025-02-12,PERSON_00048,PERSON_00021,331,PHONE_00048,voice
CALL_006799,2021-02-08,PERSON_00049,PERSON_00050,311,PHONE_00049,voice
CALL_006800,2022-12-16,PERSON_00050,PERSON_00079,178,PHONE_00050,voice
CALL_006801,2021-10-23,PERSON_00051,PERSON_00108,632,PHONE_00051,missed
CALL_006802,2026-02-25,PERSON_00052,PERSON_00137,653,PHONE_00052,voice
CALL_006803,2022-01-03,PERSON_00053,PERSON_00166,214,PHONE_00053,voice
CALL_006804,2025-04-30,PERSON_00054,PERSON_00195,620,PHONE_00054,voice
CALL_006805,2021-08-12,PERSON_00055,PERSON_00224,818,PHONE_00055,missed
CALL_006806,2022-03-29,PERSON_00056,PERSON_00253,149,PHONE_00056,voice
CALL_006807,2024-11-21,PERSON_00057,PERSON_00282,481,PHONE_00057,voice
CALL_006808,2026-01-12,PERSON_00058,PERSON_00311,582,PHONE_00058,voice
CALL_006809,2024-08-06,PERSON_00059,PERSON_00340,321,PHONE_00059,voice
CALL_006810,2024-08-14,PERSON_00060,PERSON_00369,803,PHONE_00060,voice
CALL_006811,2022-12-15,PERSON_00061,PERSON_00194,10,PHONE_00061,voice
CALL_006812,2021-12-06,PERSON_00062,PERSON_00427,386,PHONE_00062,voice
CALL_006813,2021-11-08,PERSON_00063,PERSON_00006,619,PHONE_00063,voice
CALL_006814,2021-01-02,PERSON_00064,PERSON_00035,419,PHONE_00064,voice
CALL_006815,2022-07-06,PERSON_00065,PERSON_00064,131,PHONE_00065,missed
CALL_006816,2024-09-27,PERSON_00066,PERSON_00093,522,PHONE_00066,missed
CALL_006817,2021-08-07,PERSON_00067,PERSON_00122,605,PHONE_00067,voice
CALL_006818,2021-12-19,PERSON_00068,PERSON_00151,607,PHONE_00068,voice
CALL_006819,2025-05-30,PERSON_00069,PERSON_00180,68,PHONE_00069,voice
CALL_006820,2024-05-06,PERSON_00070,PERSON_00209,210,PHONE_00070,missed
CALL_006821,2021-12-06,PERSON_00071,PERSON_00238,400,PHONE_00071,missed
CALL_006822,2022-10-19,PERSON_00072,PERSON_00267,15,PHONE_00072,missed
CALL_006823,2023-01-21,PERSON_00073,PERSON_00296,840,PHONE_00073,voice
CALL_006824,2021-08-27,PERSON_00074,PERSON_00325,395,PHONE_00074,voice
CALL_006825,2025-12-07,PERSON_00075,PERSON_00354,56,PHONE_00075,voice
CALL_006826,2022-02-14,PERSON_00076,PERSON_00209,83,PHONE_00076,voice
CALL_006827,2023-11-18,PERSON_00077,PERSON_00412,166,PHONE_00077,missed
CALL_006828,2024-12-31,PERSON_00078,PERSON_00441,465,PHONE_00078,voice
CALL_006829,2026-06-04,PERSON_00079,PERSON_00020,611,PHONE_00079,voice
CALL_006830,2024-01-16,PERSON_00080,PERSON_00049,225,PHONE_00080,voice
CALL_006831,2025-04-07,PERSON_00081,PERSON_00134,74,PHONE_00081,voice
CALL_006832,2022-05-20,PERSON_00082,PERSON_00107,684,PHONE_00082,missed
CALL_006833,2024-02-08,PERSON_00083,PERSON_00136,816,PHONE_00083,voice
CALL_006834,2024-09-18,PERSON_00084,PERSON_00165,33,PHONE_00084,missed
CALL_006835,2022-04-12,PERSON_00085,PERSON_00194,367,PHONE_00085,missed
CALL_006836,2022-04-26,PERSON_00086,PERSON_00321,13,PHONE_00086,voice
CALL_006837,2023-09-12,PERSON_00087,PERSON_00252,461,PHONE_00087,missed
CALL_006838,2023-02-27,PERSON_00088,PERSON_00281,806,PHONE_00088,voice
CALL_006839,2025-04-17,PERSON_00089,PERSON_00310,602,PHONE_00089,voice
CALL_006840,2024-09-05,PERSON_00090,PERSON_00339,765,PHONE_00090,voice
CALL_006841,2023-02-09,PERSON_00091,PERSON_00368,827,PHONE_00091,voice
CALL_006842,2022-07-17,PERSON_00092,PERSON_00397,754,PHONE_00092,missed
CALL_006843,2026-06-03,PERSON_00093,PERSON_00426,839,PHONE_00093,missed
CALL_006844,2023-03-10,PERSON_00094,PERSON_00005,593,PHONE_00094,missed
CALL_006845,2024-01-31,PERSON_00095,PERSON_00034,779,PHONE_00095,voice
CALL_006846,2026-04-07,PERSON_00096,PERSON_00063,92,PHONE_00096,voice
CALL_006847,2022-03-08,PERSON_00097,PERSON_00092,227,PHONE_00097,voice
CALL_006848,2022-03-10,PERSON_00098,PERSON_00121,400,PHONE_00098,missed
CALL_006849,2022-11-23,PERSON_00099,PERSON_00150,808,PHONE_00099,voice
CALL_006850,2022-07-25,PERSON_00100,PERSON_00179,652,PHONE_00100,missed
CALL_006851,2024-07-28,PERSON_00101,PERSON_00012,167,PHONE_00101,voice
CALL_006852,2022-05-06,PERSON_00102,PERSON_00237,689,PHONE_00102,voice
CALL_006853,2026-04-29,PERSON_00103,PERSON_00266,525,PHONE_00103,voice
CALL_006854,2022-04-14,PERSON_00104,PERSON_00295,183,PHONE_00104,missed
CALL_006855,2023-09-25,PERSON_00105,PERSON_00324,885,PHONE_00105,missed
CALL_006856,2023-08-23,PERSON_00106,PERSON_00018,60,PHONE_00106,missed
CALL_006857,2021-07-08,PERSON_00107,PERSON_00382,642,PHONE_00107,missed
CALL_006858,2023-08-18,PERSON_00108,PERSON_00411,293,PHONE_00108,voice
CALL_006859,2022-08-25,PERSON_00109,PERSON_00440,833,PHONE_00109,missed
CALL_006860,2023-01-21,PERSON_00110,PERSON_00019,847,PHONE_00110,missed
CALL_006861,2023-06-18,PERSON_00111,PERSON_00048,65,PHONE_00111,voice
CALL_006862,2026-04-15,PERSON_00112,PERSON_00077,384,PHONE_00112,voice
CALL_006863,2023-04-10,PERSON_00113,PERSON_00106,159,PHONE_00113,voice
CALL_006864,2025-11-20,PERSON_00114,PERSON_00135,730,PHONE_00114,missed
CALL_006865,2025-03-04,PERSON_00115,PERSON_00164,746,PHONE_00115,voice
CALL_006866,2024-02-01,PERSON_00116,PERSON_00193,248,PHONE_00116,voice
CALL_006867,2022-03-28,PERSON_00117,PERSON_00222,536,PHONE_00117,voice
CALL_006868,2025-07-08,PERSON_00118,PERSON_00251,666,PHONE_00118,missed
CALL_006869,2024-07-18,PERSON_00119,PERSON_00280,791,PHONE_00119,missed
CALL_006870,2026-01-02,PERSON_00120,PERSON_00309,514,PHONE_00120,voice
CALL_006871,2025-09-10,PERSON_00121,PERSON_00338,566,PHONE_00121,voice
CALL_006872,2023-02-26,PERSON_00122,PERSON_00367,590,PHONE_00122,missed
CALL_006873,2023-10-28,PERSON_00123,PERSON_00396,799,PHONE_00123,voice
CALL_006874,2022-10-15,PERSON_00124,PERSON_00425,209,PHONE_00124,missed
CALL_006875,2025-08-13,PERSON_00125,PERSON_00004,210,PHONE_00125,missed
CALL_006876,2024-09-11,PERSON_00126,PERSON_00340,38,PHONE_00126,voice
CALL_006877,2021-07-24,PERSON_00127,PERSON_00062,657,PHONE_00127,missed
CALL_006878,2021-01-07,PERSON_00128,PERSON_00091,302,PHONE_00128,voice
CALL_006879,2025-10-28,PERSON_00129,PERSON_00120,337,PHONE_00129,voice
CALL_006880,2021-12-20,PERSON_00130,PERSON_00149,296,PHONE_00130,voice
CALL_006881,2026-05-14,PERSON_00131,PERSON_00178,891,PHONE_00131,voice
CALL_006882,2024-08-07,PERSON_00132,PERSON_00207,247,PHONE_00132,missed
CALL_006883,2025-03-26,PERSON_00133,PERSON_00236,590,PHONE_00133,missed
CALL_006884,2024-04-09,PERSON_00134,PERSON_00265,328,PHONE_00134,voice
CALL_006885,2024-10-26,PERSON_00135,PERSON_00294,106,PHONE_00135,missed
CALL_006886,2022-10-13,PERSON_00136,PERSON_00323,849,PHONE_00136,missed
CALL_006887,2021-04-22,PERSON_00137,PERSON_00352,772,PHONE_00137,voice
CALL_006888,2022-10-07,PERSON_00138,PERSON_00381,82,PHONE_00138,missed
CALL_006889,2022-01-07,PERSON_00139,PERSON_00410,699,PHONE_00139,voice
CALL_006890,2023-11-01,PERSON_00140,PERSON_00439,649,PHONE_00140,voice
CALL_006891,2026-06-04,PERSON_00141,PERSON_00288,122,PHONE_00141,voice
CALL_006892,2021-09-24,PERSON_00142,PERSON_00047,748,PHONE_00142,missed
CALL_006893,2026-06-09,PERSON_00143,PERSON_00076,186,PHONE_00143,voice
CALL_006894,2022-05-09,PERSON_00144,PERSON_00105,722,PHONE_00144,missed
CALL_006895,2023-02-10,PERSON_00145,PERSON_00134,445,PHONE_00145,voice
CALL_006896,2023-01-25,PERSON_00146,PERSON_00163,665,PHONE_00146,missed
CALL_006897,2025-02-17,PERSON_00147,PERSON_00192,274,PHONE_00147,voice
CALL_006898,2023-08-01,PERSON_00148,PERSON_00221,423,PHONE_00148,voice
CALL_006899,2025-11-18,PERSON_00149,PERSON_00250,408,PHONE_00149,voice
CALL_006900,2022-10-06,PERSON_00150,PERSON_00279,769,PHONE_00150,missed
CALL_006901,2025-07-21,PERSON_00151,PERSON_00308,312,PHONE_00151,missed
CALL_006902,2022-10-13,PERSON_00152,PERSON_00337,183,PHONE_00152,missed
CALL_006903,2025-05-25,PERSON_00153,PERSON_00366,218,PHONE_00153,voice
CALL_006904,2021-09-13,PERSON_00154,PERSON_00395,28,PHONE_00154,missed
CALL_006905,2024-03-28,PERSON_00155,PERSON_00424,676,PHONE_00155,voice
CALL_006906,2024-05-19,PERSON_00156,PERSON_00389,153,PHONE_00156,voice
CALL_006907,2026-05-31,PERSON_00157,PERSON_00032,289,PHONE_00157,missed
CALL_006908,2022-07-28,PERSON_00158,PERSON_00061,277,PHONE_00158,voice
CALL_006909,2026-06-16,PERSON_00159,PERSON_00090,722,PHONE_00159,voice
CALL_006910,2024-04-18,PERSON_00160,PERSON_00119,38,PHONE_00160,missed
CALL_006911,2025-02-28,PERSON_00161,PERSON_00194,78,PHONE_00161,voice
CALL_006912,2023-06-10,PERSON_00162,PERSON_00177,216,PHONE_00162,voice
CALL_006913,2024-01-03,PERSON_00163,PERSON_00206,29,PHONE_00163,missed
CALL_006914,2024-12-05,PERSON_00164,PERSON_00235,768,PHONE_00164,voice
CALL_006915,2026-05-06,PERSON_00165,PERSON_00264,874,PHONE_00165,missed
CALL_006916,2021-08-28,PERSON_00166,PERSON_00410,9,PHONE_00166,voice
CALL_006917,2024-04-21,PERSON_00167,PERSON_00322,531,PHONE_00167,voice
CALL_006918,2026-04-22,PERSON_00168,PERSON_00351,26,PHONE_00168,voice
CALL_006919,2021-09-22,PERSON_00169,PERSON_00380,173,PHONE_00169,voice
CALL_006920,2025-08-08,PERSON_00170,PERSON_00409,727,PHONE_00170,voice
CALL_006921,2021-10-12,PERSON_00171,PERSON_00081,66,PHONE_00171,voice
CALL_006922,2023-12-24,PERSON_00172,PERSON_00017,120,PHONE_00172,voice
CALL_006923,2022-03-18,PERSON_00173,PERSON_00046,343,PHONE_00173,missed
CALL_006924,2025-08-11,PERSON_00174,PERSON_00075,653,PHONE_00174,missed
CALL_006925,2024-08-01,PERSON_00175,PERSON_00104,123,PHONE_00175,missed
CALL_006926,2025-04-19,PERSON_00176,PERSON_00133,571,PHONE_00176,voice
CALL_006927,2022-10-24,PERSON_00177,PERSON_00162,322,PHONE_00177,missed
CALL_006928,2021-04-11,PERSON_00178,PERSON_00191,530,PHONE_00178,voice
CALL_006929,2021-05-13,PERSON_00179,PERSON_00220,228,PHONE_00179,missed
CALL_006930,2022-05-11,PERSON_00180,PERSON_00249,519,PHONE_00180,missed
CALL_006931,2026-03-04,PERSON_00181,PERSON_00278,404,PHONE_00181,missed
CALL_006932,2023-09-21,PERSON_00182,PERSON_00307,206,PHONE_00182,voice
CALL_006933,2023-03-14,PERSON_00183,PERSON_00336,380,PHONE_00183,voice
CALL_006934,2021-07-11,PERSON_00184,PERSON_00365,836,PHONE_00184,voice
CALL_006935,2025-12-26,PERSON_00185,PERSON_00394,485,PHONE_00185,voice
CALL_006936,2024-12-17,PERSON_00186,PERSON_00423,397,PHONE_00186,voice
CALL_006937,2024-04-12,PERSON_00187,PERSON_00002,364,PHONE_00187,voice
CALL_006938,2021-12-04,PERSON_00188,PERSON_00031,225,PHONE_00188,missed
CALL_006939,2021-04-14,PERSON_00189,PERSON_00060,841,PHONE_00189,voice
CALL_006940,2026-02-18,PERSON_00190,PERSON_00089,691,PHONE_00190,voice
CALL_006941,2022-09-21,PERSON_00191,PERSON_00440,11,PHONE_00191,missed
CALL_006942,2022-08-11,PERSON_00192,PERSON_00147,387,PHONE_00192,voice
CALL_006943,2022-05-23,PERSON_00193,PERSON_00176,815,PHONE_00193,voice
CALL_006944,2021-02-13,PERSON_00194,PERSON_00205,624,PHONE_00194,missed
CALL_006945,2023-07-26,PERSON_00195,PERSON_00234,599,PHONE_00195,missed
CALL_006946,2024-03-16,PERSON_00196,PERSON_00240,18,PHONE_00196,missed
CALL_006947,2025-07-21,PERSON_00197,PERSON_00292,575,PHONE_00197,voice
CALL_006948,2024-05-08,PERSON_00198,PERSON_00321,171,PHONE_00198,missed
CALL_006949,2021-03-12,PERSON_00199,PERSON_00350,852,PHONE_00199,voice
CALL_006950,2023-11-27,PERSON_00200,PERSON_00379,745,PHONE_00200,missed
CALL_006951,2026-04-08,PERSON_00201,PERSON_00408,774,PHONE_00201,voice
CALL_006952,2025-02-09,PERSON_00202,PERSON_00437,280,PHONE_00202,voice
CALL_006953,2024-02-14,PERSON_00203,PERSON_00016,653,PHONE_00203,voice
CALL_006954,2021-11-14,PERSON_00204,PERSON_00045,597,PHONE_00204,voice
CALL_006955,2022-02-05,PERSON_00205,PERSON_00074,298,PHONE_00205,voice
CALL_006956,2024-09-17,PERSON_00206,PERSON_00103,487,PHONE_00206,voice
CALL_006957,2023-10-13,PERSON_00207,PERSON_00132,288,PHONE_00207,voice
CALL_006958,2022-10-09,PERSON_00208,PERSON_00161,713,PHONE_00208,voice
CALL_006959,2025-04-01,PERSON_00209,PERSON_00190,786,PHONE_00209,voice
CALL_006960,2025-04-30,PERSON_00210,PERSON_00219,61,PHONE_00210,voice
CALL_006961,2022-07-01,PERSON_00211,PERSON_00248,480,PHONE_00211,voice
CALL_006962,2025-03-15,PERSON_00212,PERSON_00277,582,PHONE_00212,voice
CALL_006963,2023-11-27,PERSON_00213,PERSON_00306,108,PHONE_00213,voice
CALL_006964,2024-07-30,PERSON_00214,PERSON_00335,70,PHONE_00214,voice
CALL_006965,2025-03-04,PERSON_00215,PERSON_00364,844,PHONE_00215,voice
CALL_006966,2021-03-21,PERSON_00216,PERSON_00240,31,PHONE_00216,voice
CALL_006967,2025-06-16,PERSON_00217,PERSON_00422,612,PHONE_00217,voice
CALL_006968,2025-06-05,PERSON_00218,PERSON_00001,545,PHONE_00218,missed
CALL_006969,2026-03-18,PERSON_00219,PERSON_00030,433,PHONE_00219,missed
CALL_006970,2025-09-18,PERSON_00220,PERSON_00059,118,PHONE_00220,voice
CALL_006971,2026-02-12,PERSON_00221,PERSON_00205,51,PHONE_00221,missed
CALL_006972,2024-06-01,PERSON_00222,PERSON_00117,427,PHONE_00222,missed
CALL_006973,2024-06-08,PERSON_00223,PERSON_00146,232,PHONE_00223,voice
CALL_006974,2023-05-22,PERSON_00224,PERSON_00175,786,PHONE_00224,missed
CALL_006975,2022-11-01,PERSON_00225,PERSON_00204,355,PHONE_00225,missed
CALL_006976,2021-04-08,PERSON_00226,PERSON_00410,101,PHONE_00226,voice
CALL_006977,2024-04-29,PERSON_00227,PERSON_00262,197,PHONE_00227,voice
CALL_006978,2024-09-24,PERSON_00228,PERSON_00291,628,PHONE_00228,voice
CALL_006979,2026-02-27,PERSON_00229,PERSON_00320,457,PHONE_00229,voice
CALL_006980,2024-10-21,PERSON_00230,PERSON_00349,570,PHONE_00230,voice
CALL_006981,2026-06-26,PERSON_00231,PERSON_00370,114,PHONE_00231,voice
CALL_006982,2024-03-21,PERSON_00232,PERSON_00407,661,PHONE_00232,missed
CALL_006983,2022-01-28,PERSON_00233,PERSON_00436,734,PHONE_00233,missed
CALL_006984,2021-12-06,PERSON_00234,PERSON_00015,794,PHONE_00234,voice
CALL_006985,2022-12-06,PERSON_00235,PERSON_00044,505,PHONE_00235,voice
CALL_006986,2025-02-16,PERSON_00236,PERSON_00073,153,PHONE_00236,missed
CALL_006987,2022-07-13,PERSON_00237,PERSON_00102,287,PHONE_00237,missed
CALL_006988,2022-02-11,PERSON_00238,PERSON_00131,721,PHONE_00238,voice
CALL_006989,2021-02-09,PERSON_00239,PERSON_00160,221,PHONE_00239,voice
CALL_006990,2023-09-29,PERSON_00240,PERSON_00189,79,PHONE_00240,voice
CALL_006991,2024-01-01,PERSON_00241,PERSON_00194,180,PHONE_00241,voice
CALL_006992,2024-06-28,PERSON_00242,PERSON_00247,508,PHONE_00242,voice
CALL_006993,2023-10-08,PERSON_00243,PERSON_00276,839,PHONE_00243,voice
CALL_006994,2021-06-20,PERSON_00244,PERSON_00305,740,PHONE_00244,voice
CALL_006995,2023-01-28,PERSON_00245,PERSON_00334,302,PHONE_00245,voice
CALL_006996,2025-07-14,PERSON_00246,PERSON_00363,397,PHONE_00246,missed
CALL_006997,2025-06-29,PERSON_00247,PERSON_00392,647,PHONE_00247,voice
CALL_006998,2021-02-22,PERSON_00248,PERSON_00421,137,PHONE_00248,voice
CALL_006999,2022-07-03,PERSON_00249,PERSON_00450,455,PHONE_00249,voice
CALL_007000,2021-08-02,PERSON_00250,PERSON_00029,606,PHONE_00250,voice
CALL_007001,2023-10-27,PERSON_00251,PERSON_00058,505,PHONE_00251,missed
CALL_007002,2021-08-27,PERSON_00252,PERSON_00087,616,PHONE_00252,voice
CALL_007003,2022-02-17,PERSON_00253,PERSON_00116,894,PHONE_00253,voice
CALL_007004,2021-07-12,PERSON_00254,PERSON_00145,479,PHONE_00254,voice
CALL_007005,2021-01-09,PERSON_00255,PERSON_00174,191,PHONE_00255,voice
CALL_007006,2021-06-19,PERSON_00256,PERSON_00169,140,PHONE_00256,voice
CALL_007007,2021-12-25,PERSON_00257,PERSON_00232,302,PHONE_00257,voice
CALL_007008,2023-02-21,PERSON_00258,PERSON_00261,82,PHONE_00258,voice
CALL_007009,2021-07-06,PERSON_00259,PERSON_00290,326,PHONE_00259,voice
CALL_007010,2023-06-06,PERSON_00260,PERSON_00319,620,PHONE_00260,missed
CALL_007011,2025-07-10,PERSON_00261,PERSON_00348,585,PHONE_00261,voice
CALL_007012,2023-08-15,PERSON_00262,PERSON_00377,547,PHONE_00262,voice
CALL_007013,2026-03-03,PERSON_00263,PERSON_00406,419,PHONE_00263,voice
CALL_007014,2025-06-28,PERSON_00264,PERSON_00435,167,PHONE_00264,voice
CALL_007015,2023-01-24,PERSON_00265,PERSON_00014,652,PHONE_00265,missed
CALL_007016,2021-03-17,PERSON_00266,PERSON_00043,166,PHONE_00266,voice
CALL_007017,2025-05-28,PERSON_00267,PERSON_00072,549,PHONE_00267,missed
CALL_007018,2021-09-17,PERSON_00268,PERSON_00101,96,PHONE_00268,voice
CALL_007019,2021-09-02,PERSON_00269,PERSON_00130,290,PHONE_00269,voice
CALL_007020,2025-12-07,PERSON_00270,PERSON_00159,589,PHONE_00270,voice
CALL_007021,2024-11-16,PERSON_00271,PERSON_00075,174,PHONE_00271,voice
CALL_007022,2022-12-06,PERSON_00272,PERSON_00217,421,PHONE_00272,voice
CALL_007023,2026-01-23,PERSON_00273,PERSON_00246,511,PHONE_00273,voice
CALL_007024,2025-03-24,PERSON_00274,PERSON_00275,113,PHONE_00274,missed
CALL_007025,2026-02-09,PERSON_00275,PERSON_00304,358,PHONE_00275,voice
CALL_007026,2024-09-08,PERSON_00276,PERSON_00333,377,PHONE_00276,voice
CALL_007027,2022-04-27,PERSON_00277,PERSON_00362,339,PHONE_00277,voice
CALL_007028,2022-10-10,PERSON_00278,PERSON_00391,690,PHONE_00278,missed
CALL_007029,2022-12-10,PERSON_00279,PERSON_00420,785,PHONE_00279,voice
CALL_007030,2025-07-09,PERSON_00280,PERSON_00449,689,PHONE_00280,voice
CALL_007031,2022-04-16,PERSON_00281,PERSON_00028,79,PHONE_00281,missed
CALL_007032,2023-02-27,PERSON_00282,PERSON_00057,437,PHONE_00282,voice
CALL_007033,2024-09-30,PERSON_00283,PERSON_00086,58,PHONE_00283,voice
CALL_007034,2021-11-23,PERSON_00284,PERSON_00115,866,PHONE_00284,voice
CALL_007035,2024-10-20,PERSON_00285,PERSON_00144,320,PHONE_00285,missed
CALL_007036,2021-09-22,PERSON_00286,PERSON_00268,45,PHONE_00286,voice
CALL_007037,2025-08-11,PERSON_00287,PERSON_00202,191,PHONE_00287,voice
CALL_007038,2023-11-25,PERSON_00288,PERSON_00231,355,PHONE_00288,missed
CALL_007039,2025-04-11,PERSON_00289,PERSON_00260,247,PHONE_00289,missed
CALL_007040,2024-11-04,PERSON_00290,PERSON_00289,562,PHONE_00290,voice
CALL_007041,2022-07-21,PERSON_00291,PERSON_00202,123,PHONE_00291,voice
CALL_007042,2025-12-19,PERSON_00292,PERSON_00347,271,PHONE_00292,voice
CALL_007043,2024-07-28,PERSON_00293,PERSON_00376,106,PHONE_00293,voice
CALL_007044,2021-08-04,PERSON_00294,PERSON_00405,283,PHONE_00294,voice
CALL_007045,2025-07-15,PERSON_00295,PERSON_00434,820,PHONE_00295,voice
CALL_007046,2022-02-25,PERSON_00296,PERSON_00013,154,PHONE_00296,voice
CALL_007047,2022-10-26,PERSON_00297,PERSON_00042,898,PHONE_00297,missed
CALL_007048,2023-04-26,PERSON_00298,PERSON_00071,661,PHONE_00298,voice
CALL_007049,2022-12-10,PERSON_00299,PERSON_00100,132,PHONE_00299,voice
CALL_007050,2023-03-29,PERSON_00300,PERSON_00129,82,PHONE_00300,missed
CALL_007051,2021-12-23,PERSON_00301,PERSON_00449,25,PHONE_00301,missed
CALL_007052,2021-08-30,PERSON_00302,PERSON_00187,443,PHONE_00302,missed
CALL_007053,2021-02-23,PERSON_00303,PERSON_00216,131,PHONE_00303,voice
CALL_007054,2025-12-16,PERSON_00304,PERSON_00245,590,PHONE_00304,voice
CALL_007055,2025-11-01,PERSON_00305,PERSON_00274,654,PHONE_00305,voice
CALL_007056,2024-07-15,PERSON_00306,PERSON_00303,297,PHONE_00306,missed
CALL_007057,2024-07-11,PERSON_00307,PERSON_00332,617,PHONE_00307,missed
CALL_007058,2026-02-08,PERSON_00308,PERSON_00361,479,PHONE_00308,voice
CALL_007059,2022-04-05,PERSON_00309,PERSON_00390,525,PHONE_00309,voice
CALL_007060,2023-01-10,PERSON_00310,PERSON_00419,856,PHONE_00310,missed
CALL_007061,2024-01-07,PERSON_00311,PERSON_00448,836,PHONE_00311,voice
CALL_007062,2023-12-17,PERSON_00312,PERSON_00027,181,PHONE_00312,missed
CALL_007063,2023-08-16,PERSON_00313,PERSON_00056,723,PHONE_00313,missed
CALL_007064,2025-09-07,PERSON_00314,PERSON_00085,750,PHONE_00314,missed
CALL_007065,2026-06-15,PERSON_00315,PERSON_00114,492,PHONE_00315,voice
CALL_007066,2023-02-11,PERSON_00316,PERSON_00143,61,PHONE_00316,missed
CALL_007067,2022-04-29,PERSON_00317,PERSON_00172,354,PHONE_00317,voice
CALL_007068,2021-09-01,PERSON_00318,PERSON_00201,181,PHONE_00318,voice
CALL_007069,2023-03-13,PERSON_00319,PERSON_00230,455,PHONE_00319,voice
CALL_007070,2022-01-21,PERSON_00320,PERSON_00259,64,PHONE_00320,voice
CALL_007071,2026-05-09,PERSON_00321,PERSON_00321,79,PHONE_00321,voice
CALL_007072,2024-12-29,PERSON_00322,PERSON_00317,502,PHONE_00322,voice
CALL_007073,2026-06-29,PERSON_00323,PERSON_00346,541,PHONE_00323,missed
CALL_007074,2024-07-14,PERSON_00324,PERSON_00375,392,PHONE_00324,voice
CALL_007075,2025-04-05,PERSON_00325,PERSON_00404,830,PHONE_00325,voice
CALL_007076,2024-11-25,PERSON_00326,PERSON_00433,704,PHONE_00326,missed
CALL_007077,2026-02-10,PERSON_00327,PERSON_00012,361,PHONE_00327,voice
CALL_007078,2021-11-12,PERSON_00328,PERSON_00041,153,PHONE_00328,voice
CALL_007079,2024-04-14,PERSON_00329,PERSON_00070,529,PHONE_00329,voice
CALL_007080,2024-09-17,PERSON_00330,PERSON_00099,894,PHONE_00330,missed
CALL_007081,2022-01-12,PERSON_00331,PERSON_00014,76,PHONE_00331,missed
CALL_007082,2023-10-09,PERSON_00332,PERSON_00157,746,PHONE_00332,voice
CALL_007083,2024-05-07,PERSON_00333,PERSON_00186,890,PHONE_00333,voice
CALL_007084,2023-06-16,PERSON_00334,PERSON_00215,141,PHONE_00334,voice
CALL_007085,2023-01-16,PERSON_00335,PERSON_00244,890,PHONE_00335,missed
CALL_007086,2023-04-27,PERSON_00336,PERSON_00268,44,PHONE_00336,voice
CALL_007087,2025-10-27,PERSON_00337,PERSON_00302,811,PHONE_00337,missed
CALL_007088,2022-09-08,PERSON_00338,PERSON_00331,194,PHONE_00338,missed
CALL_007089,2025-01-09,PERSON_00339,PERSON_00360,279,PHONE_00339,missed
CALL_007090,2023-02-05,PERSON_00340,PERSON_00389,860,PHONE_00340,voice
CALL_007091,2022-04-11,PERSON_00341,PERSON_00418,893,PHONE_00341,missed
CALL_007092,2022-05-17,PERSON_00342,PERSON_00447,93,PHONE_00342,missed
CALL_007093,2023-07-02,PERSON_00343,PERSON_00026,716,PHONE_00343,missed
CALL_007094,2023-09-15,PERSON_00344,PERSON_00055,156,PHONE_00344,voice
CALL_007095,2021-07-03,PERSON_00345,PERSON_00084,441,PHONE_00345,voice
CALL_007096,2021-09-04,PERSON_00346,PERSON_00113,41,PHONE_00346,voice
CALL_007097,2025-10-26,PERSON_00347,PERSON_00142,179,PHONE_00347,voice
CALL_007098,2021-08-15,PERSON_00348,PERSON_00171,757,PHONE_00348,voice
CALL_007099,2025-07-12,PERSON_00349,PERSON_00200,64,PHONE_00349,voice
CALL_007100,2024-10-05,PERSON_00350,PERSON_00229,181,PHONE_00350,missed
CALL_007101,2022-08-02,PERSON_00351,PERSON_00258,303,PHONE_00351,missed
CALL_007102,2021-12-02,PERSON_00352,PERSON_00287,558,PHONE_00352,missed
CALL_007103,2022-07-07,PERSON_00353,PERSON_00316,575,PHONE_00353,missed
CALL_007104,2022-10-01,PERSON_00354,PERSON_00345,788,PHONE_00354,voice
CALL_007105,2021-04-04,PERSON_00355,PERSON_00374,757,PHONE_00355,voice
CALL_007106,2026-05-16,PERSON_00356,PERSON_00403,67,PHONE_00356,missed
CALL_007107,2021-06-03,PERSON_00357,PERSON_00432,594,PHONE_00357,voice
CALL_007108,2021-02-18,PERSON_00358,PERSON_00011,428,PHONE_00358,missed
CALL_007109,2022-06-23,PERSON_00359,PERSON_00040,551,PHONE_00359,voice
CALL_007110,2021-04-17,PERSON_00360,PERSON_00069,627,PHONE_00360,voice
CALL_007111,2023-08-04,PERSON_00361,PERSON_00098,83,PHONE_00361,voice
CALL_007112,2025-11-29,PERSON_00362,PERSON_00127,807,PHONE_00362,voice
CALL_007113,2021-04-01,PERSON_00363,PERSON_00156,74,PHONE_00363,voice
CALL_007114,2022-09-22,PERSON_00364,PERSON_00185,586,PHONE_00364,voice
CALL_007115,2023-06-18,PERSON_00365,PERSON_00214,652,PHONE_00365,missed
CALL_007116,2021-01-29,PERSON_00366,PERSON_00159,153,PHONE_00366,missed
CALL_007117,2021-12-18,PERSON_00367,PERSON_00272,722,PHONE_00367,missed
CALL_007118,2024-11-15,PERSON_00368,PERSON_00301,758,PHONE_00368,voice
CALL_007119,2022-10-16,PERSON_00369,PERSON_00330,821,PHONE_00369,voice
CALL_007120,2022-08-31,PERSON_00370,PERSON_00359,662,PHONE_00370,missed
CALL_007121,2022-08-19,PERSON_00371,PERSON_00442,103,PHONE_00371,missed
CALL_007122,2025-05-21,PERSON_00372,PERSON_00417,679,PHONE_00372,missed
CALL_007123,2023-06-09,PERSON_00373,PERSON_00446,629,PHONE_00373,missed
CALL_007124,2022-01-05,PERSON_00374,PERSON_00025,355,PHONE_00374,missed
CALL_007125,2021-07-05,PERSON_00375,PERSON_00054,92,PHONE_00375,missed
CALL_007126,2025-01-23,PERSON_00376,PERSON_00331,127,PHONE_00376,missed
CALL_007127,2023-01-14,PERSON_00377,PERSON_00112,122,PHONE_00377,voice
CALL_007128,2023-03-28,PERSON_00378,PERSON_00141,871,PHONE_00378,voice
CALL_007129,2022-04-08,PERSON_00379,PERSON_00170,811,PHONE_00379,missed
CALL_007130,2022-03-05,PERSON_00380,PERSON_00199,229,PHONE_00380,voice
CALL_007131,2024-11-26,PERSON_00381,PERSON_00442,150,PHONE_00381,voice
CALL_007132,2024-12-09,PERSON_00382,PERSON_00257,676,PHONE_00382,voice
CALL_007133,2024-09-04,PERSON_00383,PERSON_00286,842,PHONE_00383,missed
CALL_007134,2025-11-09,PERSON_00384,PERSON_00315,50,PHONE_00384,voice
CALL_007135,2021-03-30,PERSON_00385,PERSON_00344,760,PHONE_00385,missed
CALL_007136,2025-07-11,PERSON_00386,PERSON_00373,806,PHONE_00386,voice
CALL_007137,2022-11-02,PERSON_00387,PERSON_00402,505,PHONE_00387,voice
CALL_007138,2021-01-22,PERSON_00388,PERSON_00431,428,PHONE_00388,voice
CALL_007139,2022-06-25,PERSON_00389,PERSON_00010,138,PHONE_00389,voice
CALL_007140,2025-07-10,PERSON_00390,PERSON_00039,589,PHONE_00390,missed
CALL_007141,2021-03-30,PERSON_00391,PERSON_00117,52,PHONE_00391,voice
CALL_007142,2022-04-24,PERSON_00392,PERSON_00097,534,PHONE_00392,missed
CALL_007143,2026-02-14,PERSON_00393,PERSON_00126,771,PHONE_00393,missed
CALL_007144,2021-10-08,PERSON_00394,PERSON_00155,611,PHONE_00394,missed
CALL_007145,2022-09-19,PERSON_00395,PERSON_00184,334,PHONE_00395,voice
CALL_007146,2022-08-06,PERSON_00396,PERSON_00213,865,PHONE_00396,voice
CALL_007147,2022-03-15,PERSON_00397,PERSON_00242,79,PHONE_00397,voice
CALL_007148,2022-12-26,PERSON_00398,PERSON_00271,845,PHONE_00398,voice
CALL_007149,2026-03-23,PERSON_00399,PERSON_00300,208,PHONE_00399,missed
CALL_007150,2021-10-06,PERSON_00400,PERSON_00329,506,PHONE_00400,voice
CALL_007151,2025-02-27,PERSON_00401,PERSON_00394,141,PHONE_00401,voice
CALL_007152,2022-10-01,PERSON_00402,PERSON_00387,65,PHONE_00402,voice
CALL_007153,2022-06-17,PERSON_00403,PERSON_00416,876,PHONE_00403,missed
CALL_007154,2023-02-01,PERSON_00404,PERSON_00445,275,PHONE_00404,missed
CALL_007155,2021-07-02,PERSON_00405,PERSON_00024,699,PHONE_00405,voice
CALL_007156,2022-08-03,PERSON_00406,PERSON_00118,166,PHONE_00406,voice
CALL_007157,2025-01-20,PERSON_00407,PERSON_00082,218,PHONE_00407,missed
CALL_007158,2024-12-24,PERSON_00408,PERSON_00111,415,PHONE_00408,voice
CALL_007159,2025-01-27,PERSON_00409,PERSON_00140,851,PHONE_00409,voice
CALL_007160,2023-10-20,PERSON_00410,PERSON_00169,735,PHONE_00410,missed
CALL_007161,2022-09-17,PERSON_00411,PERSON_00340,174,PHONE_00411,voice
CALL_007162,2024-07-02,PERSON_00412,PERSON_00227,579,PHONE_00412,voice
CALL_007163,2025-12-01,PERSON_00413,PERSON_00256,607,PHONE_00413,voice
CALL_007164,2021-05-31,PERSON_00414,PERSON_00285,325,PHONE_00414,missed
CALL_007165,2024-12-29,PERSON_00415,PERSON_00314,149,PHONE_00415,voice
CALL_007166,2024-02-01,PERSON_00416,PERSON_00343,163,PHONE_00416,missed
CALL_007167,2024-02-09,PERSON_00417,PERSON_00372,509,PHONE_00417,voice
CALL_007168,2024-09-23,PERSON_00418,PERSON_00401,572,PHONE_00418,missed
CALL_007169,2025-06-16,PERSON_00419,PERSON_00430,352,PHONE_00419,voice
CALL_007170,2024-09-01,PERSON_00420,PERSON_00009,832,PHONE_00420,voice
CALL_007171,2022-08-07,PERSON_00421,PERSON_00038,322,PHONE_00421,voice
CALL_007172,2023-08-03,PERSON_00422,PERSON_00067,294,PHONE_00422,voice
CALL_007173,2024-07-29,PERSON_00423,PERSON_00096,64,PHONE_00423,voice
CALL_007174,2021-04-28,PERSON_00424,PERSON_00125,334,PHONE_00424,missed
CALL_007175,2026-05-25,PERSON_00425,PERSON_00154,529,PHONE_00425,voice
CALL_007176,2022-10-09,PERSON_00426,PERSON_00183,538,PHONE_00426,voice
CALL_007177,2025-09-12,PERSON_00427,PERSON_00212,120,PHONE_00427,missed
CALL_007178,2022-07-02,PERSON_00428,PERSON_00241,150,PHONE_00428,voice
CALL_007179,2021-10-22,PERSON_00429,PERSON_00270,85,PHONE_00429,voice
CALL_007180,2022-11-06,PERSON_00430,PERSON_00299,707,PHONE_00430,voice
CALL_007181,2023-02-18,PERSON_00431,PERSON_00328,832,PHONE_00431,missed
CALL_007182,2026-01-19,PERSON_00432,PERSON_00357,57,PHONE_00432,missed
CALL_007183,2024-04-11,PERSON_00433,PERSON_00386,248,PHONE_00433,voice
CALL_007184,2022-07-20,PERSON_00434,PERSON_00415,272,PHONE_00434,voice
CALL_007185,2022-01-20,PERSON_00435,PERSON_00444,109,PHONE_00435,voice
CALL_007186,2023-06-24,PERSON_00436,PERSON_00122,69,PHONE_00436,missed
CALL_007187,2023-04-21,PERSON_00437,PERSON_00052,548,PHONE_00437,voice
CALL_007188,2023-09-24,PERSON_00438,PERSON_00081,385,PHONE_00438,voice
CALL_007189,2021-06-01,PERSON_00439,PERSON_00110,785,PHONE_00439,missed
CALL_007190,2026-03-10,PERSON_00440,PERSON_00139,497,PHONE_00440,missed
CALL_007191,2023-10-06,PERSON_00441,PERSON_00168,481,PHONE_00441,voice
CALL_007192,2025-01-10,PERSON_00442,PERSON_00197,152,PHONE_00442,missed
CALL_007193,2022-07-18,PERSON_00443,PERSON_00226,818,PHONE_00443,missed
CALL_007194,2023-05-11,PERSON_00444,PERSON_00255,47,PHONE_00444,voice
CALL_007195,2021-05-28,PERSON_00445,PERSON_00284,37,PHONE_00445,voice
CALL_007196,2025-01-15,PERSON_00446,PERSON_00313,43,PHONE_00446,missed
CALL_007197,2021-10-08,PERSON_00447,PERSON_00342,617,PHONE_00447,voice
CALL_007198,2023-05-27,PERSON_00448,PERSON_00371,510,PHONE_00448,voice
CALL_007199,2022-10-22,PERSON_00449,PERSON_00400,615,PHONE_00449,voice
CALL_007200,2023-08-03,PERSON_00450,PERSON_00429,634,PHONE_00450,voice
CALL_007201,2023-06-09,PERSON_00001,PERSON_00008,213,PHONE_00001,voice
CALL_007202,2024-02-27,PERSON_00002,PERSON_00037,269,PHONE_00002,voice
CALL_007203,2023-07-15,PERSON_00003,PERSON_00066,392,PHONE_00003,missed
CALL_007204,2024-03-13,PERSON_00004,PERSON_00095,760,PHONE_00004,voice
CALL_007205,2023-02-22,PERSON_00005,PERSON_00124,414,PHONE_00005,missed
CALL_007206,2021-12-05,PERSON_00006,PERSON_00394,101,PHONE_00006,voice
CALL_007207,2023-07-03,PERSON_00007,PERSON_00182,48,PHONE_00007,voice
CALL_007208,2023-03-17,PERSON_00008,PERSON_00211,743,PHONE_00008,voice
CALL_007209,2025-07-14,PERSON_00009,PERSON_00240,267,PHONE_00009,voice
CALL_007210,2025-12-28,PERSON_00010,PERSON_00269,475,PHONE_00010,voice
CALL_007211,2023-01-03,PERSON_00011,PERSON_00298,404,PHONE_00011,missed
CALL_007212,2021-02-10,PERSON_00012,PERSON_00327,725,PHONE_00012,voice
CALL_007213,2023-09-19,PERSON_00013,PERSON_00356,304,PHONE_00013,voice
CALL_007214,2024-07-29,PERSON_00014,PERSON_00385,277,PHONE_00014,voice
CALL_007215,2026-03-24,PERSON_00015,PERSON_00414,82,PHONE_00015,voice
CALL_007216,2024-12-10,PERSON_00016,PERSON_00030,151,PHONE_00016,voice
CALL_007217,2025-06-06,PERSON_00017,PERSON_00022,153,PHONE_00017,voice
CALL_007218,2023-04-02,PERSON_00018,PERSON_00051,539,PHONE_00018,voice
CALL_007219,2022-03-04,PERSON_00019,PERSON_00080,434,PHONE_00019,voice
CALL_007220,2022-12-29,PERSON_00020,PERSON_00109,861,PHONE_00020,voice
CALL_007221,2024-12-14,PERSON_00021,PERSON_00292,63,PHONE_00021,voice
CALL_007222,2024-11-29,PERSON_00022,PERSON_00167,551,PHONE_00022,voice
CALL_007223,2022-03-07,PERSON_00023,PERSON_00196,112,PHONE_00023,voice
CALL_007224,2021-05-09,PERSON_00024,PERSON_00225,688,PHONE_00024,voice
CALL_007225,2023-02-08,PERSON_00025,PERSON_00254,262,PHONE_00025,missed
CALL_007226,2024-05-06,PERSON_00026,PERSON_00283,456,PHONE_00026,voice
CALL_007227,2022-03-14,PERSON_00027,PERSON_00312,515,PHONE_00027,voice
CALL_007228,2022-09-05,PERSON_00028,PERSON_00341,814,PHONE_00028,voice
CALL_007229,2024-08-25,PERSON_00029,PERSON_00370,233,PHONE_00029,voice
CALL_007230,2025-11-21,PERSON_00030,PERSON_00399,889,PHONE_00030,voice
CALL_007231,2022-06-11,PERSON_00031,PERSON_00428,509,PHONE_00031,voice
CALL_007232,2025-08-30,PERSON_00032,PERSON_00007,875,PHONE_00032,voice
CALL_007233,2021-01-19,PERSON_00033,PERSON_00036,854,PHONE_00033,voice
CALL_007234,2025-06-06,PERSON_00034,PERSON_00065,73,PHONE_00034,missed
CALL_007235,2025-07-14,PERSON_00035,PERSON_00094,581,PHONE_00035,voice
CALL_007236,2021-04-05,PERSON_00036,PERSON_00123,188,PHONE_00036,voice
CALL_007237,2025-04-08,PERSON_00037,PERSON_00152,682,PHONE_00037,voice
CALL_007238,2026-05-19,PERSON_00038,PERSON_00181,835,PHONE_00038,missed
CALL_007239,2023-01-14,PERSON_00039,PERSON_00210,694,PHONE_00039,voice
CALL_007240,2023-09-28,PERSON_00040,PERSON_00239,728,PHONE_00040,voice
CALL_007241,2022-11-11,PERSON_00041,PERSON_00268,397,PHONE_00041,voice
CALL_007242,2022-12-11,PERSON_00042,PERSON_00297,768,PHONE_00042,voice
CALL_007243,2026-03-01,PERSON_00043,PERSON_00326,694,PHONE_00043,voice
CALL_007244,2024-01-21,PERSON_00044,PERSON_00355,92,PHONE_00044,voice
CALL_007245,2024-02-19,PERSON_00045,PERSON_00384,882,PHONE_00045,voice
CALL_007246,2023-10-29,PERSON_00046,PERSON_00300,108,PHONE_00046,voice
CALL_007247,2025-05-16,PERSON_00047,PERSON_00442,420,PHONE_00047,voice
CALL_007248,2021-02-06,PERSON_00048,PERSON_00021,380,PHONE_00048,voice
CALL_007249,2022-12-09,PERSON_00049,PERSON_00050,370,PHONE_00049,voice
CALL_007250,2023-11-28,PERSON_00050,PERSON_00079,624,PHONE_00050,missed
CALL_007251,2024-01-19,PERSON_00051,PERSON_00108,322,PHONE_00051,voice
CALL_007252,2023-08-23,PERSON_00052,PERSON_00137,900,PHONE_00052,voice
CALL_007253,2023-02-11,PERSON_00053,PERSON_00166,392,PHONE_00053,voice
CALL_007254,2023-02-15,PERSON_00054,PERSON_00195,625,PHONE_00054,missed
CALL_007255,2023-11-10,PERSON_00055,PERSON_00224,868,PHONE_00055,voice
CALL_007256,2025-03-24,PERSON_00056,PERSON_00253,427,PHONE_00056,missed
CALL_007257,2023-03-23,PERSON_00057,PERSON_00282,669,PHONE_00057,voice
CALL_007258,2024-04-18,PERSON_00058,PERSON_00311,131,PHONE_00058,missed
CALL_007259,2024-01-05,PERSON_00059,PERSON_00340,713,PHONE_00059,voice
CALL_007260,2022-11-08,PERSON_00060,PERSON_00369,718,PHONE_00060,voice
CALL_007261,2023-12-21,PERSON_00061,PERSON_00401,10,PHONE_00061,voice
CALL_007262,2024-09-06,PERSON_00062,PERSON_00427,42,PHONE_00062,voice
CALL_007263,2024-02-19,PERSON_00063,PERSON_00006,402,PHONE_00063,missed
CALL_007264,2023-08-16,PERSON_00064,PERSON_00035,500,PHONE_00064,missed
CALL_007265,2023-09-04,PERSON_00065,PERSON_00064,654,PHONE_00065,voice
CALL_007266,2021-04-01,PERSON_00066,PERSON_00093,442,PHONE_00066,voice
CALL_007267,2025-12-12,PERSON_00067,PERSON_00122,664,PHONE_00067,voice
CALL_007268,2022-07-13,PERSON_00068,PERSON_00151,39,PHONE_00068,voice
CALL_007269,2021-03-26,PERSON_00069,PERSON_00180,858,PHONE_00069,voice
CALL_007270,2024-12-05,PERSON_00070,PERSON_00209,329,PHONE_00070,voice
CALL_007271,2023-02-12,PERSON_00071,PERSON_00238,494,PHONE_00071,missed
CALL_007272,2022-04-26,PERSON_00072,PERSON_00267,219,PHONE_00072,voice
CALL_007273,2025-04-03,PERSON_00073,PERSON_00296,275,PHONE_00073,voice
CALL_007274,2024-10-10,PERSON_00074,PERSON_00325,152,PHONE_00074,voice
CALL_007275,2023-03-23,PERSON_00075,PERSON_00354,92,PHONE_00075,missed
CALL_007276,2022-01-22,PERSON_00076,PERSON_00394,158,PHONE_00076,voice
CALL_007277,2023-06-26,PERSON_00077,PERSON_00412,350,PHONE_00077,missed
CALL_007278,2026-01-24,PERSON_00078,PERSON_00441,136,PHONE_00078,voice
CALL_007279,2022-07-03,PERSON_00079,PERSON_00020,450,PHONE_00079,voice
CALL_007280,2024-10-21,PERSON_00080,PERSON_00049,445,PHONE_00080,missed
CALL_007281,2021-10-09,PERSON_00081,PERSON_00182,47,PHONE_00081,missed
CALL_007282,2021-08-13,PERSON_00082,PERSON_00107,886,PHONE_00082,missed
CALL_007283,2025-12-02,PERSON_00083,PERSON_00136,887,PHONE_00083,voice
CALL_007284,2022-12-24,PERSON_00084,PERSON_00165,638,PHONE_00084,voice
CALL_007285,2023-02-11,PERSON_00085,PERSON_00194,257,PHONE_00085,voice
CALL_007286,2022-08-07,PERSON_00086,PERSON_00154,131,PHONE_00086,voice
CALL_007287,2024-02-21,PERSON_00087,PERSON_00252,240,PHONE_00087,voice
CALL_007288,2021-06-09,PERSON_00088,PERSON_00281,515,PHONE_00088,voice
CALL_007289,2022-12-06,PERSON_00089,PERSON_00310,828,PHONE_00089,voice
CALL_007290,2024-05-18,PERSON_00090,PERSON_00339,519,PHONE_00090,voice
CALL_007291,2021-10-28,PERSON_00091,PERSON_00368,766,PHONE_00091,voice
CALL_007292,2024-04-15,PERSON_00092,PERSON_00397,551,PHONE_00092,voice
CALL_007293,2022-10-10,PERSON_00093,PERSON_00426,712,PHONE_00093,missed
CALL_007294,2025-07-27,PERSON_00094,PERSON_00005,530,PHONE_00094,missed
CALL_007295,2023-03-13,PERSON_00095,PERSON_00034,737,PHONE_00095,voice
CALL_007296,2023-01-10,PERSON_00096,PERSON_00063,503,PHONE_00096,voice
CALL_007297,2023-06-13,PERSON_00097,PERSON_00092,287,PHONE_00097,voice
CALL_007298,2024-10-08,PERSON_00098,PERSON_00121,361,PHONE_00098,missed
CALL_007299,2022-07-10,PERSON_00099,PERSON_00150,59,PHONE_00099,voice
CALL_007300,2021-03-03,PERSON_00100,PERSON_00179,602,PHONE_00100,voice
CALL_007301,2024-02-02,PERSON_00101,PERSON_00081,165,PHONE_00101,voice
CALL_007302,2021-11-19,PERSON_00102,PERSON_00237,472,PHONE_00102,voice
CALL_007303,2024-03-17,PERSON_00103,PERSON_00266,129,PHONE_00103,missed
CALL_007304,2023-10-14,PERSON_00104,PERSON_00295,615,PHONE_00104,missed
CALL_007305,2021-05-28,PERSON_00105,PERSON_00324,67,PHONE_00105,missed
CALL_007306,2023-12-03,PERSON_00106,PERSON_00018,28,PHONE_00106,missed
CALL_007307,2021-08-17,PERSON_00107,PERSON_00382,567,PHONE_00107,missed
CALL_007308,2025-10-26,PERSON_00108,PERSON_00411,544,PHONE_00108,missed
CALL_007309,2021-10-12,PERSON_00109,PERSON_00440,845,PHONE_00109,voice
CALL_007310,2025-10-25,PERSON_00110,PERSON_00019,535,PHONE_00110,voice
CALL_007311,2022-04-30,PERSON_00111,PERSON_00048,734,PHONE_00111,missed
CALL_007312,2024-09-08,PERSON_00112,PERSON_00077,749,PHONE_00112,voice
CALL_007313,2025-05-29,PERSON_00113,PERSON_00106,813,PHONE_00113,voice
CALL_007314,2023-07-19,PERSON_00114,PERSON_00135,760,PHONE_00114,voice
CALL_007315,2025-02-17,PERSON_00115,PERSON_00164,450,PHONE_00115,voice
CALL_007316,2025-10-10,PERSON_00116,PERSON_00193,184,PHONE_00116,voice
CALL_007317,2021-05-15,PERSON_00117,PERSON_00222,762,PHONE_00117,missed
CALL_007318,2021-10-24,PERSON_00118,PERSON_00251,725,PHONE_00118,missed
CALL_007319,2021-01-21,PERSON_00119,PERSON_00280,256,PHONE_00119,voice
CALL_007320,2021-10-05,PERSON_00120,PERSON_00309,365,PHONE_00120,missed
CALL_007321,2022-09-06,PERSON_00121,PERSON_00338,132,PHONE_00121,voice
CALL_007322,2022-02-03,PERSON_00122,PERSON_00367,739,PHONE_00122,missed
CALL_007323,2022-01-21,PERSON_00123,PERSON_00396,395,PHONE_00123,voice
CALL_007324,2024-06-16,PERSON_00124,PERSON_00425,864,PHONE_00124,missed
CALL_007325,2025-02-18,PERSON_00125,PERSON_00004,802,PHONE_00125,voice
CALL_007326,2024-07-15,PERSON_00126,PERSON_00288,163,PHONE_00126,voice
CALL_007327,2025-06-21,PERSON_00127,PERSON_00062,238,PHONE_00127,voice
CALL_007328,2023-02-03,PERSON_00128,PERSON_00091,782,PHONE_00128,voice
CALL_007329,2025-05-05,PERSON_00129,PERSON_00120,666,PHONE_00129,missed
CALL_007330,2024-08-26,PERSON_00130,PERSON_00149,862,PHONE_00130,voice
CALL_007331,2024-08-12,PERSON_00131,PERSON_00178,862,PHONE_00131,voice
CALL_007332,2023-05-23,PERSON_00132,PERSON_00207,502,PHONE_00132,missed
CALL_007333,2022-07-27,PERSON_00133,PERSON_00236,145,PHONE_00133,voice
CALL_007334,2026-04-20,PERSON_00134,PERSON_00265,596,PHONE_00134,voice
CALL_007335,2021-04-26,PERSON_00135,PERSON_00294,825,PHONE_00135,missed
CALL_007336,2023-02-09,PERSON_00136,PERSON_00323,535,PHONE_00136,voice
CALL_007337,2026-02-06,PERSON_00137,PERSON_00352,173,PHONE_00137,voice
CALL_007338,2024-09-22,PERSON_00138,PERSON_00381,434,PHONE_00138,missed
CALL_007339,2025-06-25,PERSON_00139,PERSON_00410,754,PHONE_00139,missed
CALL_007340,2024-05-14,PERSON_00140,PERSON_00439,501,PHONE_00140,voice
CALL_007341,2023-04-02,PERSON_00141,PERSON_00127,110,PHONE_00141,voice
CALL_007342,2021-02-06,PERSON_00142,PERSON_00047,222,PHONE_00142,voice
CALL_007343,2023-07-03,PERSON_00143,PERSON_00076,758,PHONE_00143,voice
CALL_007344,2022-04-26,PERSON_00144,PERSON_00105,469,PHONE_00144,voice
CALL_007345,2025-10-23,PERSON_00145,PERSON_00134,20,PHONE_00145,missed
CALL_007346,2024-02-28,PERSON_00146,PERSON_00163,41,PHONE_00146,voice
CALL_007347,2021-01-08,PERSON_00147,PERSON_00192,678,PHONE_00147,voice
CALL_007348,2021-12-24,PERSON_00148,PERSON_00221,645,PHONE_00148,voice
CALL_007349,2025-08-24,PERSON_00149,PERSON_00250,601,PHONE_00149,missed
CALL_007350,2025-07-31,PERSON_00150,PERSON_00279,703,PHONE_00150,voice
CALL_007351,2023-02-06,PERSON_00151,PERSON_00308,99,PHONE_00151,voice
CALL_007352,2026-04-04,PERSON_00152,PERSON_00337,496,PHONE_00152,voice
CALL_007353,2021-03-24,PERSON_00153,PERSON_00366,473,PHONE_00153,voice
CALL_007354,2022-06-06,PERSON_00154,PERSON_00395,139,PHONE_00154,voice
CALL_007355,2026-02-05,PERSON_00155,PERSON_00424,157,PHONE_00155,voice
CALL_007356,2022-02-17,PERSON_00156,PERSON_00074,34,PHONE_00156,voice
CALL_007357,2026-03-03,PERSON_00157,PERSON_00032,492,PHONE_00157,missed
CALL_007358,2022-07-09,PERSON_00158,PERSON_00061,203,PHONE_00158,missed
CALL_007359,2026-05-12,PERSON_00159,PERSON_00090,613,PHONE_00159,voice
CALL_007360,2023-10-28,PERSON_00160,PERSON_00119,190,PHONE_00160,voice
CALL_007361,2024-02-20,PERSON_00161,PERSON_00220,69,PHONE_00161,voice
CALL_007362,2024-09-02,PERSON_00162,PERSON_00177,473,PHONE_00162,voice
CALL_007363,2021-12-05,PERSON_00163,PERSON_00206,744,PHONE_00163,missed
CALL_007364,2026-01-17,PERSON_00164,PERSON_00235,35,PHONE_00164,voice
CALL_007365,2025-01-17,PERSON_00165,PERSON_00264,684,PHONE_00165,voice
CALL_007366,2026-04-13,PERSON_00166,PERSON_00081,144,PHONE_00166,voice
CALL_007367,2026-04-02,PERSON_00167,PERSON_00322,567,PHONE_00167,voice
CALL_007368,2024-03-05,PERSON_00168,PERSON_00351,879,PHONE_00168,missed
CALL_007369,2026-01-05,PERSON_00169,PERSON_00380,661,PHONE_00169,voice
CALL_007370,2023-12-28,PERSON_00170,PERSON_00409,132,PHONE_00170,missed
CALL_007371,2026-04-27,PERSON_00171,PERSON_00371,20,PHONE_00171,voice
CALL_007372,2025-11-02,PERSON_00172,PERSON_00017,757,PHONE_00172,missed
CALL_007373,2022-01-23,PERSON_00173,PERSON_00046,404,PHONE_00173,voice
CALL_007374,2023-04-06,PERSON_00174,PERSON_00075,60,PHONE_00174,voice
CALL_007375,2026-06-15,PERSON_00175,PERSON_00104,815,PHONE_00175,voice
CALL_007376,2025-06-10,PERSON_00176,PERSON_00133,549,PHONE_00176,voice
CALL_007377,2021-09-26,PERSON_00177,PERSON_00162,899,PHONE_00177,voice
CALL_007378,2025-05-22,PERSON_00178,PERSON_00191,873,PHONE_00178,voice
CALL_007379,2021-06-07,PERSON_00179,PERSON_00220,564,PHONE_00179,missed
CALL_007380,2022-10-28,PERSON_00180,PERSON_00249,682,PHONE_00180,voice
CALL_007381,2023-09-04,PERSON_00181,PERSON_00278,588,PHONE_00181,voice
CALL_007382,2022-01-05,PERSON_00182,PERSON_00307,213,PHONE_00182,missed
CALL_007383,2024-01-04,PERSON_00183,PERSON_00336,340,PHONE_00183,voice
CALL_007384,2022-08-24,PERSON_00184,PERSON_00365,295,PHONE_00184,missed
CALL_007385,2021-03-20,PERSON_00185,PERSON_00394,202,PHONE_00185,missed
CALL_007386,2025-04-18,PERSON_00186,PERSON_00423,719,PHONE_00186,missed
CALL_007387,2023-02-16,PERSON_00187,PERSON_00002,386,PHONE_00187,voice
CALL_007388,2022-02-13,PERSON_00188,PERSON_00031,637,PHONE_00188,voice
CALL_007389,2021-08-19,PERSON_00189,PERSON_00060,391,PHONE_00189,missed
CALL_007390,2023-06-17,PERSON_00190,PERSON_00089,277,PHONE_00190,voice
CALL_007391,2022-04-11,PERSON_00191,PERSON_00355,70,PHONE_00191,voice
CALL_007392,2024-07-13,PERSON_00192,PERSON_00147,509,PHONE_00192,voice
CALL_007393,2022-06-25,PERSON_00193,PERSON_00176,688,PHONE_00193,voice
CALL_007394,2022-11-15,PERSON_00194,PERSON_00205,223,PHONE_00194,voice
CALL_007395,2025-02-02,PERSON_00195,PERSON_00234,119,PHONE_00195,voice
CALL_007396,2022-10-28,PERSON_00196,PERSON_00439,169,PHONE_00196,voice
CALL_007397,2021-07-30,PERSON_00197,PERSON_00292,732,PHONE_00197,missed
CALL_007398,2021-12-16,PERSON_00198,PERSON_00321,177,PHONE_00198,missed
CALL_007399,2024-05-22,PERSON_00199,PERSON_00350,627,PHONE_00199,voice
CALL_007400,2023-11-29,PERSON_00200,PERSON_00379,751,PHONE_00200,voice
CALL_007401,2022-05-04,PERSON_00201,PERSON_00408,396,PHONE_00201,voice
CALL_007402,2024-03-12,PERSON_00202,PERSON_00437,149,PHONE_00202,voice
CALL_007403,2022-02-16,PERSON_00203,PERSON_00016,100,PHONE_00203,missed
CALL_007404,2022-02-07,PERSON_00204,PERSON_00045,278,PHONE_00204,voice
CALL_007405,2024-11-17,PERSON_00205,PERSON_00074,723,PHONE_00205,missed
CALL_007406,2025-05-15,PERSON_00206,PERSON_00103,144,PHONE_00206,missed
CALL_007407,2021-05-28,PERSON_00207,PERSON_00132,474,PHONE_00207,voice
CALL_007408,2024-02-27,PERSON_00208,PERSON_00161,797,PHONE_00208,voice
CALL_007409,2023-03-26,PERSON_00209,PERSON_00190,281,PHONE_00209,missed
CALL_007410,2025-04-20,PERSON_00210,PERSON_00219,82,PHONE_00210,missed
CALL_007411,2024-01-08,PERSON_00211,PERSON_00248,863,PHONE_00211,voice
CALL_007412,2022-04-19,PERSON_00212,PERSON_00277,327,PHONE_00212,voice
CALL_007413,2023-11-22,PERSON_00213,PERSON_00306,355,PHONE_00213,missed
CALL_007414,2023-10-15,PERSON_00214,PERSON_00335,385,PHONE_00214,voice
CALL_007415,2021-09-30,PERSON_00215,PERSON_00364,348,PHONE_00215,missed
CALL_007416,2025-03-24,PERSON_00216,PERSON_00290,81,PHONE_00216,voice
CALL_007417,2025-05-10,PERSON_00217,PERSON_00422,251,PHONE_00217,voice
CALL_007418,2025-12-12,PERSON_00218,PERSON_00001,599,PHONE_00218,missed
CALL_007419,2023-01-24,PERSON_00219,PERSON_00030,150,PHONE_00219,voice
CALL_007420,2025-06-12,PERSON_00220,PERSON_00059,770,PHONE_00220,missed
CALL_007421,2026-03-03,PERSON_00221,PERSON_00134,83,PHONE_00221,voice
CALL_007422,2023-10-01,PERSON_00222,PERSON_00117,847,PHONE_00222,voice
CALL_007423,2021-01-11,PERSON_00223,PERSON_00146,642,PHONE_00223,voice
CALL_007424,2024-08-14,PERSON_00224,PERSON_00175,602,PHONE_00224,voice
CALL_007425,2025-10-17,PERSON_00225,PERSON_00204,150,PHONE_00225,missed
CALL_007426,2025-05-23,PERSON_00226,PERSON_00268,33,PHONE_00226,voice
CALL_007427,2024-05-05,PERSON_00227,PERSON_00262,166,PHONE_00227,voice
CALL_007428,2025-12-26,PERSON_00228,PERSON_00291,573,PHONE_00228,missed
CALL_007429,2023-10-19,PERSON_00229,PERSON_00320,103,PHONE_00229,voice
CALL_007430,2022-04-17,PERSON_00230,PERSON_00349,402,PHONE_00230,missed
CALL_007431,2025-10-11,PERSON_00231,PERSON_00065,142,PHONE_00231,voice
CALL_007432,2023-04-14,PERSON_00232,PERSON_00407,124,PHONE_00232,missed
CALL_007433,2022-02-03,PERSON_00233,PERSON_00436,755,PHONE_00233,voice
CALL_007434,2023-11-09,PERSON_00234,PERSON_00015,448,PHONE_00234,voice
CALL_007435,2021-03-03,PERSON_00235,PERSON_00044,720,PHONE_00235,voice
CALL_007436,2021-06-19,PERSON_00236,PERSON_00073,318,PHONE_00236,voice
CALL_007437,2023-10-10,PERSON_00237,PERSON_00102,238,PHONE_00237,voice
CALL_007438,2023-08-09,PERSON_00238,PERSON_00131,617,PHONE_00238,voice
CALL_007439,2021-02-11,PERSON_00239,PERSON_00160,642,PHONE_00239,missed
CALL_007440,2026-02-04,PERSON_00240,PERSON_00189,631,PHONE_00240,voice
CALL_007441,2025-10-05,PERSON_00241,PERSON_00006,111,PHONE_00241,voice
CALL_007442,2025-05-15,PERSON_00242,PERSON_00247,440,PHONE_00242,missed
CALL_007443,2025-07-24,PERSON_00243,PERSON_00276,368,PHONE_00243,voice
CALL_007444,2023-10-04,PERSON_00244,PERSON_00305,308,PHONE_00244,missed
CALL_007445,2024-09-14,PERSON_00245,PERSON_00334,496,PHONE_00245,voice
CALL_007446,2022-09-23,PERSON_00246,PERSON_00363,144,PHONE_00246,missed
CALL_007447,2023-01-07,PERSON_00247,PERSON_00392,503,PHONE_00247,voice
CALL_007448,2022-10-31,PERSON_00248,PERSON_00421,754,PHONE_00248,voice
CALL_007449,2025-02-02,PERSON_00249,PERSON_00450,189,PHONE_00249,missed
CALL_007450,2022-01-18,PERSON_00250,PERSON_00029,190,PHONE_00250,voice
CALL_007451,2023-05-17,PERSON_00251,PERSON_00058,559,PHONE_00251,missed
CALL_007452,2023-10-08,PERSON_00252,PERSON_00087,18,PHONE_00252,voice
CALL_007453,2025-02-14,PERSON_00253,PERSON_00116,395,PHONE_00253,voice
CALL_007454,2021-09-18,PERSON_00254,PERSON_00145,677,PHONE_00254,missed
CALL_007455,2021-10-02,PERSON_00255,PERSON_00174,101,PHONE_00255,voice
CALL_007456,2024-07-13,PERSON_00256,PERSON_00117,76,PHONE_00256,missed
CALL_007457,2024-12-05,PERSON_00257,PERSON_00232,25,PHONE_00257,voice
CALL_007458,2022-12-06,PERSON_00258,PERSON_00261,259,PHONE_00258,voice
CALL_007459,2022-03-22,PERSON_00259,PERSON_00290,848,PHONE_00259,voice
CALL_007460,2024-05-04,PERSON_00260,PERSON_00319,162,PHONE_00260,missed
CALL_007461,2026-06-01,PERSON_00261,PERSON_00348,514,PHONE_00261,voice
CALL_007462,2023-11-20,PERSON_00262,PERSON_00377,362,PHONE_00262,voice
CALL_007463,2022-07-04,PERSON_00263,PERSON_00406,816,PHONE_00263,voice
CALL_007464,2021-03-02,PERSON_00264,PERSON_00435,668,PHONE_00264,voice
CALL_007465,2025-01-04,PERSON_00265,PERSON_00014,665,PHONE_00265,voice
CALL_007466,2021-09-17,PERSON_00266,PERSON_00043,607,PHONE_00266,voice
CALL_007467,2021-11-10,PERSON_00267,PERSON_00072,59,PHONE_00267,missed
CALL_007468,2021-10-07,PERSON_00268,PERSON_00101,689,PHONE_00268,missed
CALL_007469,2021-01-12,PERSON_00269,PERSON_00130,115,PHONE_00269,missed
CALL_007470,2023-02-26,PERSON_00270,PERSON_00159,638,PHONE_00270,missed
CALL_007471,2022-05-09,PERSON_00271,PERSON_00065,110,PHONE_00271,missed
CALL_007472,2021-06-20,PERSON_00272,PERSON_00217,150,PHONE_00272,voice
CALL_007473,2026-02-19,PERSON_00273,PERSON_00246,211,PHONE_00273,missed
CALL_007474,2026-02-24,PERSON_00274,PERSON_00275,244,PHONE_00274,missed
CALL_007475,2023-11-13,PERSON_00275,PERSON_00304,765,PHONE_00275,missed
CALL_007476,2024-05-28,PERSON_00276,PERSON_00333,761,PHONE_00276,missed
CALL_007477,2025-05-06,PERSON_00277,PERSON_00362,775,PHONE_00277,voice
CALL_007478,2023-12-21,PERSON_00278,PERSON_00391,833,PHONE_00278,voice
CALL_007479,2026-06-13,PERSON_00279,PERSON_00420,278,PHONE_00279,voice
CALL_007480,2021-04-29,PERSON_00280,PERSON_00449,306,PHONE_00280,voice
CALL_007481,2021-03-06,PERSON_00281,PERSON_00028,635,PHONE_00281,voice
CALL_007482,2026-02-10,PERSON_00282,PERSON_00057,598,PHONE_00282,voice
CALL_007483,2024-02-01,PERSON_00283,PERSON_00086,741,PHONE_00283,missed
CALL_007484,2024-03-26,PERSON_00284,PERSON_00115,367,PHONE_00284,voice
CALL_007485,2024-01-27,PERSON_00285,PERSON_00144,829,PHONE_00285,voice
CALL_007486,2025-03-30,PERSON_00286,PERSON_00318,120,PHONE_00286,voice
CALL_007487,2023-11-09,PERSON_00287,PERSON_00202,330,PHONE_00287,voice
CALL_007488,2023-08-23,PERSON_00288,PERSON_00231,117,PHONE_00288,voice
CALL_007489,2022-08-07,PERSON_00289,PERSON_00260,786,PHONE_00289,missed
CALL_007490,2024-01-14,PERSON_00290,PERSON_00289,131,PHONE_00290,missed
CALL_007491,2025-01-15,PERSON_00291,PERSON_00122,144,PHONE_00291,missed
CALL_007492,2022-06-15,PERSON_00292,PERSON_00347,436,PHONE_00292,voice
CALL_007493,2021-05-15,PERSON_00293,PERSON_00376,881,PHONE_00293,voice
CALL_007494,2022-08-15,PERSON_00294,PERSON_00405,131,PHONE_00294,missed
CALL_007495,2022-01-25,PERSON_00295,PERSON_00434,179,PHONE_00295,voice
CALL_007496,2025-06-17,PERSON_00296,PERSON_00013,266,PHONE_00296,voice
CALL_007497,2022-03-31,PERSON_00297,PERSON_00042,624,PHONE_00297,missed
CALL_007498,2026-01-26,PERSON_00298,PERSON_00071,283,PHONE_00298,missed
CALL_007499,2022-02-05,PERSON_00299,PERSON_00100,378,PHONE_00299,voice
CALL_007500,2024-08-11,PERSON_00300,PERSON_00129,605,PHONE_00300,voice
CALL_007501,2022-04-30,PERSON_00301,PERSON_00290,77,PHONE_00301,voice
CALL_007502,2023-04-25,PERSON_00302,PERSON_00187,547,PHONE_00302,voice
CALL_007503,2024-07-08,PERSON_00303,PERSON_00216,772,PHONE_00303,missed
CALL_007504,2022-04-14,PERSON_00304,PERSON_00245,884,PHONE_00304,voice
CALL_007505,2021-10-01,PERSON_00305,PERSON_00274,658,PHONE_00305,voice
CALL_007506,2024-01-13,PERSON_00306,PERSON_00303,148,PHONE_00306,voice
CALL_007507,2025-10-05,PERSON_00307,PERSON_00332,40,PHONE_00307,voice
CALL_007508,2025-09-17,PERSON_00308,PERSON_00361,762,PHONE_00308,missed
CALL_007509,2023-12-17,PERSON_00309,PERSON_00390,709,PHONE_00309,voice
CALL_007510,2022-06-29,PERSON_00310,PERSON_00419,395,PHONE_00310,voice
CALL_007511,2022-08-12,PERSON_00311,PERSON_00448,695,PHONE_00311,missed
CALL_007512,2021-12-20,PERSON_00312,PERSON_00027,731,PHONE_00312,voice
CALL_007513,2023-07-14,PERSON_00313,PERSON_00056,455,PHONE_00313,missed
CALL_007514,2025-07-07,PERSON_00314,PERSON_00085,375,PHONE_00314,voice
CALL_007515,2022-08-12,PERSON_00315,PERSON_00114,657,PHONE_00315,voice
CALL_007516,2024-01-16,PERSON_00316,PERSON_00143,668,PHONE_00316,missed
CALL_007517,2023-07-03,PERSON_00317,PERSON_00172,583,PHONE_00317,voice
CALL_007518,2025-02-15,PERSON_00318,PERSON_00201,121,PHONE_00318,voice
CALL_007519,2025-04-30,PERSON_00319,PERSON_00230,712,PHONE_00319,missed
CALL_007520,2022-09-26,PERSON_00320,PERSON_00259,748,PHONE_00320,missed
CALL_007521,2021-05-26,PERSON_00321,PERSON_00179,48,PHONE_00321,voice
CALL_007522,2022-01-30,PERSON_00322,PERSON_00317,751,PHONE_00322,voice
CALL_007523,2023-06-25,PERSON_00323,PERSON_00346,331,PHONE_00323,missed
CALL_007524,2025-03-12,PERSON_00324,PERSON_00375,469,PHONE_00324,voice
CALL_007525,2023-08-08,PERSON_00325,PERSON_00404,847,PHONE_00325,missed
CALL_007526,2023-05-14,PERSON_00326,PERSON_00433,797,PHONE_00326,voice
CALL_007527,2022-06-07,PERSON_00327,PERSON_00012,374,PHONE_00327,voice
CALL_007528,2023-05-04,PERSON_00328,PERSON_00041,200,PHONE_00328,missed
CALL_007529,2024-02-18,PERSON_00329,PERSON_00070,854,PHONE_00329,voice
CALL_007530,2022-10-18,PERSON_00330,PERSON_00099,270,PHONE_00330,missed
CALL_007531,2024-05-02,PERSON_00331,PERSON_00250,124,PHONE_00331,voice
CALL_007532,2023-01-26,PERSON_00332,PERSON_00157,149,PHONE_00332,missed
CALL_007533,2026-02-03,PERSON_00333,PERSON_00186,591,PHONE_00333,missed
CALL_007534,2025-05-03,PERSON_00334,PERSON_00215,265,PHONE_00334,voice
CALL_007535,2023-09-01,PERSON_00335,PERSON_00244,162,PHONE_00335,voice
CALL_007536,2023-04-25,PERSON_00336,PERSON_00240,140,PHONE_00336,missed
CALL_007537,2026-06-13,PERSON_00337,PERSON_00302,274,PHONE_00337,voice
CALL_007538,2024-01-24,PERSON_00338,PERSON_00331,754,PHONE_00338,voice
CALL_007539,2021-11-28,PERSON_00339,PERSON_00360,261,PHONE_00339,voice
CALL_007540,2022-07-01,PERSON_00340,PERSON_00389,362,PHONE_00340,voice
CALL_007541,2022-06-07,PERSON_00341,PERSON_00418,33,PHONE_00341,missed
CALL_007542,2022-07-27,PERSON_00342,PERSON_00447,667,PHONE_00342,voice
CALL_007543,2023-08-26,PERSON_00343,PERSON_00026,645,PHONE_00343,voice
CALL_007544,2022-07-06,PERSON_00344,PERSON_00055,593,PHONE_00344,voice
CALL_007545,2025-01-31,PERSON_00345,PERSON_00084,245,PHONE_00345,missed
CALL_007546,2021-10-16,PERSON_00346,PERSON_00113,164,PHONE_00346,missed
CALL_007547,2026-01-23,PERSON_00347,PERSON_00142,772,PHONE_00347,voice
CALL_007548,2021-10-31,PERSON_00348,PERSON_00171,665,PHONE_00348,voice
CALL_007549,2026-06-13,PERSON_00349,PERSON_00200,688,PHONE_00349,voice
CALL_007550,2025-05-04,PERSON_00350,PERSON_00229,899,PHONE_00350,missed
CALL_007551,2025-03-10,PERSON_00351,PERSON_00258,571,PHONE_00351,voice
CALL_007552,2024-08-29,PERSON_00352,PERSON_00287,207,PHONE_00352,voice
CALL_007553,2021-04-15,PERSON_00353,PERSON_00316,667,PHONE_00353,missed
CALL_007554,2021-09-18,PERSON_00354,PERSON_00345,847,PHONE_00354,missed
CALL_007555,2022-03-26,PERSON_00355,PERSON_00374,629,PHONE_00355,voice
CALL_007556,2021-02-05,PERSON_00356,PERSON_00403,79,PHONE_00356,voice
CALL_007557,2021-11-10,PERSON_00357,PERSON_00432,432,PHONE_00357,missed
CALL_007558,2021-02-08,PERSON_00358,PERSON_00011,573,PHONE_00358,missed
CALL_007559,2026-03-01,PERSON_00359,PERSON_00040,501,PHONE_00359,voice
CALL_007560,2022-10-17,PERSON_00360,PERSON_00069,425,PHONE_00360,voice
CALL_007561,2025-08-22,PERSON_00361,PERSON_00098,303,PHONE_00361,voice
CALL_007562,2026-05-01,PERSON_00362,PERSON_00127,662,PHONE_00362,voice
CALL_007563,2022-04-30,PERSON_00363,PERSON_00156,93,PHONE_00363,voice
CALL_007564,2022-01-18,PERSON_00364,PERSON_00185,452,PHONE_00364,voice
CALL_007565,2024-06-13,PERSON_00365,PERSON_00214,455,PHONE_00365,missed
CALL_007566,2024-05-03,PERSON_00366,PERSON_00256,126,PHONE_00366,missed
CALL_007567,2022-06-01,PERSON_00367,PERSON_00272,764,PHONE_00367,voice
CALL_007568,2022-02-13,PERSON_00368,PERSON_00301,33,PHONE_00368,voice
CALL_007569,2021-09-06,PERSON_00369,PERSON_00330,162,PHONE_00369,voice
CALL_007570,2026-04-10,PERSON_00370,PERSON_00359,832,PHONE_00370,voice
CALL_007571,2024-07-09,PERSON_00371,PERSON_00144,54,PHONE_00371,voice
CALL_007572,2025-05-20,PERSON_00372,PERSON_00417,335,PHONE_00372,voice
CALL_007573,2024-01-16,PERSON_00373,PERSON_00446,337,PHONE_00373,voice
CALL_007574,2024-01-15,PERSON_00374,PERSON_00025,537,PHONE_00374,voice
CALL_007575,2025-05-27,PERSON_00375,PERSON_00054,94,PHONE_00375,voice
CALL_007576,2022-09-23,PERSON_00376,PERSON_00220,101,PHONE_00376,missed
CALL_007577,2025-08-10,PERSON_00377,PERSON_00112,632,PHONE_00377,voice
CALL_007578,2024-10-02,PERSON_00378,PERSON_00141,322,PHONE_00378,missed
CALL_007579,2023-11-15,PERSON_00379,PERSON_00170,180,PHONE_00379,voice
CALL_007580,2024-04-14,PERSON_00380,PERSON_00199,254,PHONE_00380,missed
CALL_007581,2022-01-27,PERSON_00381,PERSON_00006,45,PHONE_00381,voice
CALL_007582,2022-07-27,PERSON_00382,PERSON_00257,744,PHONE_00382,voice
CALL_007583,2025-12-23,PERSON_00383,PERSON_00286,137,PHONE_00383,voice
CALL_007584,2025-01-30,PERSON_00384,PERSON_00315,429,PHONE_00384,voice
CALL_007585,2023-01-07,PERSON_00385,PERSON_00344,470,PHONE_00385,voice
CALL_007586,2022-04-29,PERSON_00386,PERSON_00373,325,PHONE_00386,missed
CALL_007587,2021-12-05,PERSON_00387,PERSON_00402,461,PHONE_00387,missed
CALL_007588,2023-12-04,PERSON_00388,PERSON_00431,799,PHONE_00388,voice
CALL_007589,2022-06-19,PERSON_00389,PERSON_00010,887,PHONE_00389,voice
CALL_007590,2022-06-28,PERSON_00390,PERSON_00039,182,PHONE_00390,voice
CALL_007591,2023-12-24,PERSON_00391,PERSON_00244,152,PHONE_00391,voice
CALL_007592,2022-01-30,PERSON_00392,PERSON_00097,592,PHONE_00392,missed
CALL_007593,2024-08-29,PERSON_00393,PERSON_00126,322,PHONE_00393,voice
CALL_007594,2025-01-15,PERSON_00394,PERSON_00155,542,PHONE_00394,voice
CALL_007595,2021-02-17,PERSON_00395,PERSON_00184,660,PHONE_00395,missed
CALL_007596,2026-03-20,PERSON_00396,PERSON_00213,167,PHONE_00396,voice
CALL_007597,2023-01-04,PERSON_00397,PERSON_00242,593,PHONE_00397,voice
CALL_007598,2023-01-12,PERSON_00398,PERSON_00271,211,PHONE_00398,voice
CALL_007599,2023-12-28,PERSON_00399,PERSON_00300,18,PHONE_00399,voice
CALL_007600,2021-04-04,PERSON_00400,PERSON_00329,94,PHONE_00400,voice
CALL_007601,2023-03-30,PERSON_00401,PERSON_00101,25,PHONE_00401,voice
CALL_007602,2021-06-18,PERSON_00402,PERSON_00387,322,PHONE_00402,missed
CALL_007603,2023-12-06,PERSON_00403,PERSON_00416,578,PHONE_00403,voice
CALL_007604,2023-06-26,PERSON_00404,PERSON_00445,822,PHONE_00404,voice
CALL_007605,2025-12-12,PERSON_00405,PERSON_00024,548,PHONE_00405,voice
CALL_007606,2025-07-02,PERSON_00406,PERSON_00018,19,PHONE_00406,voice
CALL_007607,2021-11-29,PERSON_00407,PERSON_00082,736,PHONE_00407,missed
CALL_007608,2025-02-25,PERSON_00408,PERSON_00111,612,PHONE_00408,voice
CALL_007609,2025-02-27,PERSON_00409,PERSON_00140,712,PHONE_00409,voice
CALL_007610,2022-01-05,PERSON_00410,PERSON_00169,810,PHONE_00410,missed
CALL_007611,2021-04-09,PERSON_00411,PERSON_00205,9,PHONE_00411,voice
CALL_007612,2021-12-13,PERSON_00412,PERSON_00227,239,PHONE_00412,voice
CALL_007613,2024-09-12,PERSON_00413,PERSON_00256,531,PHONE_00413,missed
CALL_007614,2024-12-03,PERSON_00414,PERSON_00285,287,PHONE_00414,missed
CALL_007615,2025-05-24,PERSON_00415,PERSON_00314,460,PHONE_00415,voice
CALL_007616,2026-05-19,PERSON_00416,PERSON_00343,756,PHONE_00416,voice
CALL_007617,2025-10-05,PERSON_00417,PERSON_00372,98,PHONE_00417,voice
CALL_007618,2022-09-24,PERSON_00418,PERSON_00401,615,PHONE_00418,missed
CALL_007619,2021-05-13,PERSON_00419,PERSON_00430,519,PHONE_00419,voice
CALL_007620,2024-09-20,PERSON_00420,PERSON_00009,621,PHONE_00420,voice
CALL_007621,2022-02-08,PERSON_00421,PERSON_00038,138,PHONE_00421,missed
CALL_007622,2022-06-07,PERSON_00422,PERSON_00067,781,PHONE_00422,voice
CALL_007623,2024-02-04,PERSON_00423,PERSON_00096,814,PHONE_00423,voice
CALL_007624,2025-03-29,PERSON_00424,PERSON_00125,483,PHONE_00424,missed
CALL_007625,2025-01-20,PERSON_00425,PERSON_00154,50,PHONE_00425,voice
CALL_007626,2024-11-30,PERSON_00426,PERSON_00183,824,PHONE_00426,missed
CALL_007627,2022-08-11,PERSON_00427,PERSON_00212,111,PHONE_00427,missed
CALL_007628,2024-10-01,PERSON_00428,PERSON_00241,366,PHONE_00428,missed
CALL_007629,2023-12-05,PERSON_00429,PERSON_00270,698,PHONE_00429,voice
CALL_007630,2021-09-10,PERSON_00430,PERSON_00299,507,PHONE_00430,voice
CALL_007631,2022-11-29,PERSON_00431,PERSON_00328,410,PHONE_00431,missed
CALL_007632,2026-06-19,PERSON_00432,PERSON_00357,631,PHONE_00432,missed
CALL_007633,2024-06-03,PERSON_00433,PERSON_00386,764,PHONE_00433,voice
CALL_007634,2026-03-30,PERSON_00434,PERSON_00415,537,PHONE_00434,missed
CALL_007635,2024-08-02,PERSON_00435,PERSON_00444,636,PHONE_00435,voice
CALL_007636,2023-09-05,PERSON_00436,PERSON_00014,64,PHONE_00436,missed
CALL_007637,2023-06-06,PERSON_00437,PERSON_00052,893,PHONE_00437,missed
CALL_007638,2021-07-22,PERSON_00438,PERSON_00081,813,PHONE_00438,missed
CALL_007639,2023-11-17,PERSON_00439,PERSON_00110,693,PHONE_00439,voice
CALL_007640,2021-12-22,PERSON_00440,PERSON_00139,57,PHONE_00440,missed
CALL_007641,2023-01-11,PERSON_00441,PERSON_00168,111,PHONE_00441,voice
CALL_007642,2021-03-05,PERSON_00442,PERSON_00197,744,PHONE_00442,voice
CALL_007643,2024-09-28,PERSON_00443,PERSON_00226,128,PHONE_00443,voice
CALL_007644,2026-02-19,PERSON_00444,PERSON_00255,153,PHONE_00444,voice
CALL_007645,2023-06-24,PERSON_00445,PERSON_00284,807,PHONE_00445,voice
CALL_007646,2024-11-28,PERSON_00446,PERSON_00313,243,PHONE_00446,voice
CALL_007647,2021-01-08,PERSON_00447,PERSON_00342,34,PHONE_00447,voice
CALL_007648,2025-02-24,PERSON_00448,PERSON_00371,822,PHONE_00448,voice
CALL_007649,2021-07-16,PERSON_00449,PERSON_00400,179,PHONE_00449,voice
CALL_007650,2023-06-05,PERSON_00450,PERSON_00429,732,PHONE_00450,missed
CALL_007651,2021-07-25,PERSON_00001,PERSON_00008,31,PHONE_00001,missed
CALL_007652,2023-11-30,PERSON_00002,PERSON_00037,281,PHONE_00002,voice
CALL_007653,2021-05-13,PERSON_00003,PERSON_00066,192,PHONE_00003,voice
CALL_007654,2022-06-16,PERSON_00004,PERSON_00095,587,PHONE_00004,missed
CALL_007655,2022-10-06,PERSON_00005,PERSON_00124,550,PHONE_00005,missed
CALL_007656,2022-05-24,PERSON_00006,PERSON_00256,42,PHONE_00006,voice
CALL_007657,2021-11-28,PERSON_00007,PERSON_00182,235,PHONE_00007,missed
CALL_007658,2024-09-02,PERSON_00008,PERSON_00211,885,PHONE_00008,voice
CALL_007659,2024-10-30,PERSON_00009,PERSON_00240,300,PHONE_00009,voice
CALL_007660,2022-09-10,PERSON_00010,PERSON_00269,495,PHONE_00010,missed
CALL_007661,2024-11-28,PERSON_00011,PERSON_00298,383,PHONE_00011,voice
CALL_007662,2023-06-03,PERSON_00012,PERSON_00327,410,PHONE_00012,voice
CALL_007663,2023-02-11,PERSON_00013,PERSON_00356,369,PHONE_00013,missed
CALL_007664,2023-06-28,PERSON_00014,PERSON_00385,881,PHONE_00014,missed
CALL_007665,2024-09-10,PERSON_00015,PERSON_00414,851,PHONE_00015,voice
CALL_007666,2024-01-18,PERSON_00016,PERSON_00127,132,PHONE_00016,voice
CALL_007667,2021-05-18,PERSON_00017,PERSON_00022,380,PHONE_00017,voice
CALL_007668,2026-06-18,PERSON_00018,PERSON_00051,476,PHONE_00018,voice
CALL_007669,2024-11-04,PERSON_00019,PERSON_00080,486,PHONE_00019,missed
CALL_007670,2023-04-20,PERSON_00020,PERSON_00109,580,PHONE_00020,missed
CALL_007671,2025-07-29,PERSON_00021,PERSON_00250,123,PHONE_00021,voice
CALL_007672,2025-01-22,PERSON_00022,PERSON_00167,317,PHONE_00022,missed
CALL_007673,2025-03-15,PERSON_00023,PERSON_00196,658,PHONE_00023,voice
CALL_007674,2025-05-08,PERSON_00024,PERSON_00225,515,PHONE_00024,voice
CALL_007675,2026-04-28,PERSON_00025,PERSON_00254,495,PHONE_00025,voice
CALL_007676,2024-07-28,PERSON_00026,PERSON_00283,884,PHONE_00026,voice
CALL_007677,2025-10-31,PERSON_00027,PERSON_00312,55,PHONE_00027,missed
CALL_007678,2022-10-14,PERSON_00028,PERSON_00341,239,PHONE_00028,voice
CALL_007679,2022-12-02,PERSON_00029,PERSON_00370,458,PHONE_00029,voice
CALL_007680,2024-07-26,PERSON_00030,PERSON_00399,29,PHONE_00030,voice
CALL_007681,2023-04-02,PERSON_00031,PERSON_00428,115,PHONE_00031,missed
CALL_007682,2021-04-30,PERSON_00032,PERSON_00007,418,PHONE_00032,voice
CALL_007683,2021-08-28,PERSON_00033,PERSON_00036,688,PHONE_00033,missed
CALL_007684,2021-06-18,PERSON_00034,PERSON_00065,727,PHONE_00034,voice
CALL_007685,2025-01-20,PERSON_00035,PERSON_00094,601,PHONE_00035,missed
CALL_007686,2024-08-04,PERSON_00036,PERSON_00123,774,PHONE_00036,voice
CALL_007687,2022-06-24,PERSON_00037,PERSON_00152,21,PHONE_00037,voice
CALL_007688,2026-06-15,PERSON_00038,PERSON_00181,678,PHONE_00038,missed
CALL_007689,2021-12-04,PERSON_00039,PERSON_00210,541,PHONE_00039,voice
CALL_007690,2021-09-18,PERSON_00040,PERSON_00239,46,PHONE_00040,missed
CALL_007691,2021-08-17,PERSON_00041,PERSON_00268,476,PHONE_00041,voice
CALL_007692,2024-11-14,PERSON_00042,PERSON_00297,560,PHONE_00042,voice
CALL_007693,2022-06-14,PERSON_00043,PERSON_00326,29,PHONE_00043,voice
CALL_007694,2025-02-17,PERSON_00044,PERSON_00355,366,PHONE_00044,voice
CALL_007695,2021-08-13,PERSON_00045,PERSON_00384,178,PHONE_00045,voice
CALL_007696,2021-08-10,PERSON_00046,PERSON_00440,177,PHONE_00046,voice
CALL_007697,2021-07-25,PERSON_00047,PERSON_00442,747,PHONE_00047,missed
CALL_007698,2024-02-12,PERSON_00048,PERSON_00021,424,PHONE_00048,voice
CALL_007699,2025-10-31,PERSON_00049,PERSON_00050,17,PHONE_00049,voice
CALL_007700,2023-09-25,PERSON_00050,PERSON_00079,145,PHONE_00050,missed
CALL_007701,2022-04-05,PERSON_00051,PERSON_00108,355,PHONE_00051,missed
CALL_007702,2022-11-27,PERSON_00052,PERSON_00137,340,PHONE_00052,voice
CALL_007703,2024-05-07,PERSON_00053,PERSON_00166,424,PHONE_00053,missed
CALL_007704,2024-01-16,PERSON_00054,PERSON_00195,97,PHONE_00054,missed
CALL_007705,2023-03-18,PERSON_00055,PERSON_00224,409,PHONE_00055,voice
CALL_007706,2025-05-01,PERSON_00056,PERSON_00253,96,PHONE_00056,voice
CALL_007707,2022-01-25,PERSON_00057,PERSON_00282,334,PHONE_00057,missed
CALL_007708,2022-02-08,PERSON_00058,PERSON_00311,277,PHONE_00058,voice
CALL_007709,2023-09-02,PERSON_00059,PERSON_00340,264,PHONE_00059,voice
CALL_007710,2024-08-07,PERSON_00060,PERSON_00369,806,PHONE_00060,missed
CALL_007711,2024-01-04,PERSON_00061,PERSON_00038,38,PHONE_00061,missed
CALL_007712,2021-04-23,PERSON_00062,PERSON_00427,619,PHONE_00062,missed
CALL_007713,2025-01-20,PERSON_00063,PERSON_00006,323,PHONE_00063,voice
CALL_007714,2026-05-11,PERSON_00064,PERSON_00035,61,PHONE_00064,voice
CALL_007715,2026-04-02,PERSON_00065,PERSON_00064,671,PHONE_00065,missed
CALL_007716,2023-03-19,PERSON_00066,PERSON_00093,760,PHONE_00066,missed
CALL_007717,2022-12-18,PERSON_00067,PERSON_00122,293,PHONE_00067,voice
CALL_007718,2024-03-03,PERSON_00068,PERSON_00151,210,PHONE_00068,missed
CALL_007719,2021-11-18,PERSON_00069,PERSON_00180,112,PHONE_00069,voice
CALL_007720,2022-04-03,PERSON_00070,PERSON_00209,807,PHONE_00070,missed
CALL_007721,2021-10-10,PERSON_00071,PERSON_00238,466,PHONE_00071,missed
CALL_007722,2023-04-19,PERSON_00072,PERSON_00267,481,PHONE_00072,missed
CALL_007723,2024-05-25,PERSON_00073,PERSON_00296,569,PHONE_00073,missed
CALL_007724,2021-08-15,PERSON_00074,PERSON_00325,437,PHONE_00074,missed
CALL_007725,2026-05-06,PERSON_00075,PERSON_00354,603,PHONE_00075,missed
CALL_007726,2022-03-05,PERSON_00076,PERSON_00128,95,PHONE_00076,voice
CALL_007727,2025-03-16,PERSON_00077,PERSON_00412,134,PHONE_00077,missed
CALL_007728,2023-11-13,PERSON_00078,PERSON_00441,847,PHONE_00078,missed
CALL_007729,2021-06-16,PERSON_00079,PERSON_00020,717,PHONE_00079,missed
CALL_007730,2023-12-04,PERSON_00080,PERSON_00049,765,PHONE_00080,missed
CALL_007731,2025-06-30,PERSON_00081,PERSON_00117,106,PHONE_00081,voice
CALL_007732,2021-10-26,PERSON_00082,PERSON_00107,17,PHONE_00082,voice
CALL_007733,2022-08-08,PERSON_00083,PERSON_00136,845,PHONE_00083,voice
CALL_007734,2026-04-24,PERSON_00084,PERSON_00165,226,PHONE_00084,voice
CALL_007735,2023-10-27,PERSON_00085,PERSON_00194,213,PHONE_00085,voice
CALL_007736,2024-11-01,PERSON_00086,PERSON_00256,119,PHONE_00086,missed
CALL_007737,2024-12-30,PERSON_00087,PERSON_00252,260,PHONE_00087,missed
CALL_007738,2022-10-24,PERSON_00088,PERSON_00281,211,PHONE_00088,voice
CALL_007739,2024-07-05,PERSON_00089,PERSON_00310,895,PHONE_00089,voice
CALL_007740,2021-05-03,PERSON_00090,PERSON_00339,69,PHONE_00090,voice
CALL_007741,2024-07-16,PERSON_00091,PERSON_00368,306,PHONE_00091,voice
CALL_007742,2022-11-24,PERSON_00092,PERSON_00397,465,PHONE_00092,missed
CALL_007743,2021-01-28,PERSON_00093,PERSON_00426,22,PHONE_00093,missed
CALL_007744,2021-05-21,PERSON_00094,PERSON_00005,389,PHONE_00094,voice
CALL_007745,2026-04-24,PERSON_00095,PERSON_00034,735,PHONE_00095,voice
CALL_007746,2023-10-28,PERSON_00096,PERSON_00063,785,PHONE_00096,missed
CALL_007747,2026-06-13,PERSON_00097,PERSON_00092,97,PHONE_00097,voice
CALL_007748,2025-12-19,PERSON_00098,PERSON_00121,711,PHONE_00098,missed
CALL_007749,2022-05-09,PERSON_00099,PERSON_00150,221,PHONE_00099,voice
CALL_007750,2024-03-02,PERSON_00100,PERSON_00179,229,PHONE_00100,missed
CALL_007751,2025-01-13,PERSON_00101,PERSON_00287,108,PHONE_00101,voice
CALL_007752,2023-12-26,PERSON_00102,PERSON_00237,515,PHONE_00102,voice
CALL_007753,2022-09-07,PERSON_00103,PERSON_00266,373,PHONE_00103,missed
CALL_007754,2026-04-22,PERSON_00104,PERSON_00295,622,PHONE_00104,voice
CALL_007755,2025-03-07,PERSON_00105,PERSON_00324,191,PHONE_00105,voice
CALL_007756,2024-07-11,PERSON_00106,PERSON_00144,20,PHONE_00106,missed
CALL_007757,2025-10-01,PERSON_00107,PERSON_00382,420,PHONE_00107,voice
CALL_007758,2023-01-12,PERSON_00108,PERSON_00411,528,PHONE_00108,missed
CALL_007759,2026-04-29,PERSON_00109,PERSON_00440,744,PHONE_00109,voice
CALL_007760,2025-07-25,PERSON_00110,PERSON_00019,278,PHONE_00110,voice
CALL_007761,2024-05-27,PERSON_00111,PERSON_00048,163,PHONE_00111,voice
CALL_007762,2023-01-29,PERSON_00112,PERSON_00077,336,PHONE_00112,missed
CALL_007763,2021-10-21,PERSON_00113,PERSON_00106,505,PHONE_00113,missed
CALL_007764,2022-07-31,PERSON_00114,PERSON_00135,303,PHONE_00114,voice
CALL_007765,2024-09-04,PERSON_00115,PERSON_00164,474,PHONE_00115,voice
CALL_007766,2025-01-29,PERSON_00116,PERSON_00193,368,PHONE_00116,voice
CALL_007767,2021-11-22,PERSON_00117,PERSON_00222,214,PHONE_00117,voice
CALL_007768,2025-08-27,PERSON_00118,PERSON_00251,720,PHONE_00118,voice
CALL_007769,2021-11-02,PERSON_00119,PERSON_00280,792,PHONE_00119,voice
CALL_007770,2025-07-29,PERSON_00120,PERSON_00309,740,PHONE_00120,voice
CALL_007771,2024-12-04,PERSON_00121,PERSON_00338,605,PHONE_00121,missed
CALL_007772,2025-03-06,PERSON_00122,PERSON_00367,397,PHONE_00122,missed
CALL_007773,2023-07-25,PERSON_00123,PERSON_00396,697,PHONE_00123,missed
CALL_007774,2025-02-23,PERSON_00124,PERSON_00425,509,PHONE_00124,voice
CALL_007775,2026-04-08,PERSON_00125,PERSON_00004,247,PHONE_00125,voice
CALL_007776,2021-04-12,PERSON_00126,PERSON_00268,151,PHONE_00126,voice
CALL_007777,2022-03-23,PERSON_00127,PERSON_00062,612,PHONE_00127,missed
CALL_007778,2025-12-31,PERSON_00128,PERSON_00091,804,PHONE_00128,voice
CALL_007779,2022-11-16,PERSON_00129,PERSON_00120,380,PHONE_00129,voice
CALL_007780,2022-03-16,PERSON_00130,PERSON_00149,54,PHONE_00130,voice
CALL_007781,2021-09-28,PERSON_00131,PERSON_00178,328,PHONE_00131,voice
CALL_007782,2022-06-12,PERSON_00132,PERSON_00207,323,PHONE_00132,missed
CALL_007783,2023-11-08,PERSON_00133,PERSON_00236,200,PHONE_00133,voice
CALL_007784,2022-05-12,PERSON_00134,PERSON_00265,862,PHONE_00134,voice
CALL_007785,2024-02-21,PERSON_00135,PERSON_00294,350,PHONE_00135,voice
CALL_007786,2023-10-13,PERSON_00136,PERSON_00323,522,PHONE_00136,voice
CALL_007787,2023-02-03,PERSON_00137,PERSON_00352,195,PHONE_00137,missed
CALL_007788,2022-12-26,PERSON_00138,PERSON_00381,17,PHONE_00138,voice
CALL_007789,2024-03-07,PERSON_00139,PERSON_00410,23,PHONE_00139,missed
CALL_007790,2024-03-17,PERSON_00140,PERSON_00439,172,PHONE_00140,voice
CALL_007791,2021-06-16,PERSON_00141,PERSON_00012,22,PHONE_00141,voice
CALL_007792,2023-08-14,PERSON_00142,PERSON_00047,631,PHONE_00142,voice
CALL_007793,2023-09-19,PERSON_00143,PERSON_00076,559,PHONE_00143,voice
CALL_007794,2021-10-07,PERSON_00144,PERSON_00105,532,PHONE_00144,voice
CALL_007795,2022-01-06,PERSON_00145,PERSON_00134,697,PHONE_00145,voice
CALL_007796,2021-12-27,PERSON_00146,PERSON_00163,152,PHONE_00146,voice
CALL_007797,2025-06-23,PERSON_00147,PERSON_00192,798,PHONE_00147,voice
CALL_007798,2021-02-15,PERSON_00148,PERSON_00221,322,PHONE_00148,voice
CALL_007799,2021-04-23,PERSON_00149,PERSON_00250,728,PHONE_00149,voice
CALL_007800,2022-07-29,PERSON_00150,PERSON_00279,484,PHONE_00150,voice
CALL_007801,2026-06-15,PERSON_00151,PERSON_00308,518,PHONE_00151,voice
CALL_007802,2025-04-20,PERSON_00152,PERSON_00337,616,PHONE_00152,missed
CALL_007803,2023-03-24,PERSON_00153,PERSON_00366,103,PHONE_00153,voice
CALL_007804,2023-03-23,PERSON_00154,PERSON_00395,793,PHONE_00154,missed
CALL_007805,2024-07-14,PERSON_00155,PERSON_00424,274,PHONE_00155,missed
CALL_007806,2025-10-31,PERSON_00156,PERSON_00389,104,PHONE_00156,missed
CALL_007807,2024-05-03,PERSON_00157,PERSON_00032,191,PHONE_00157,voice
CALL_007808,2024-05-11,PERSON_00158,PERSON_00061,158,PHONE_00158,voice
CALL_007809,2022-11-12,PERSON_00159,PERSON_00090,16,PHONE_00159,voice
CALL_007810,2021-07-07,PERSON_00160,PERSON_00119,774,PHONE_00160,missed
CALL_007811,2024-08-04,PERSON_00161,PERSON_00371,70,PHONE_00161,voice
CALL_007812,2025-03-12,PERSON_00162,PERSON_00177,320,PHONE_00162,voice
CALL_007813,2021-11-02,PERSON_00163,PERSON_00206,626,PHONE_00163,voice
CALL_007814,2025-03-16,PERSON_00164,PERSON_00235,197,PHONE_00164,voice
CALL_007815,2023-02-27,PERSON_00165,PERSON_00264,472,PHONE_00165,voice
CALL_007816,2025-12-27,PERSON_00166,PERSON_00439,139,PHONE_00166,missed
CALL_007817,2023-01-23,PERSON_00167,PERSON_00322,70,PHONE_00167,voice
CALL_007818,2024-09-18,PERSON_00168,PERSON_00351,545,PHONE_00168,missed
CALL_007819,2021-02-23,PERSON_00169,PERSON_00380,56,PHONE_00169,missed
CALL_007820,2024-05-08,PERSON_00170,PERSON_00409,374,PHONE_00170,voice
CALL_007821,2024-12-29,PERSON_00171,PERSON_00052,46,PHONE_00171,voice
CALL_007822,2024-09-30,PERSON_00172,PERSON_00017,325,PHONE_00172,voice
CALL_007823,2024-02-21,PERSON_00173,PERSON_00046,78,PHONE_00173,voice
CALL_007824,2025-10-15,PERSON_00174,PERSON_00075,240,PHONE_00174,voice
CALL_007825,2022-07-02,PERSON_00175,PERSON_00104,506,PHONE_00175,missed
CALL_007826,2022-10-04,PERSON_00176,PERSON_00133,273,PHONE_00176,voice
CALL_007827,2022-12-11,PERSON_00177,PERSON_00162,124,PHONE_00177,missed
CALL_007828,2022-01-25,PERSON_00178,PERSON_00191,76,PHONE_00178,missed
CALL_007829,2024-08-14,PERSON_00179,PERSON_00220,650,PHONE_00179,voice
CALL_007830,2025-03-17,PERSON_00180,PERSON_00249,571,PHONE_00180,voice
CALL_007831,2023-03-22,PERSON_00181,PERSON_00278,155,PHONE_00181,voice
CALL_007832,2026-04-01,PERSON_00182,PERSON_00307,262,PHONE_00182,voice
CALL_007833,2025-10-18,PERSON_00183,PERSON_00336,102,PHONE_00183,voice
CALL_007834,2021-08-09,PERSON_00184,PERSON_00365,837,PHONE_00184,voice
CALL_007835,2024-04-15,PERSON_00185,PERSON_00394,371,PHONE_00185,voice
CALL_007836,2023-02-10,PERSON_00186,PERSON_00423,793,PHONE_00186,voice
CALL_007837,2023-04-27,PERSON_00187,PERSON_00002,91,PHONE_00187,missed
CALL_007838,2023-11-11,PERSON_00188,PERSON_00031,669,PHONE_00188,voice
CALL_007839,2021-11-30,PERSON_00189,PERSON_00060,758,PHONE_00189,voice
CALL_007840,2024-01-21,PERSON_00190,PERSON_00089,503,PHONE_00190,missed
CALL_007841,2022-12-02,PERSON_00191,PERSON_00093,119,PHONE_00191,voice
CALL_007842,2025-01-07,PERSON_00192,PERSON_00147,513,PHONE_00192,voice
CALL_007843,2024-10-14,PERSON_00193,PERSON_00176,389,PHONE_00193,voice
CALL_007844,2023-12-30,PERSON_00194,PERSON_00205,557,PHONE_00194,voice
CALL_007845,2025-12-22,PERSON_00195,PERSON_00234,138,PHONE_00195,voice
CALL_007846,2022-01-13,PERSON_00196,PERSON_00012,176,PHONE_00196,missed
CALL_007847,2024-12-04,PERSON_00197,PERSON_00292,581,PHONE_00197,voice
CALL_007848,2024-03-12,PERSON_00198,PERSON_00321,842,PHONE_00198,voice
CALL_007849,2022-04-10,PERSON_00199,PERSON_00350,892,PHONE_00199,voice
CALL_007850,2023-01-12,PERSON_00200,PERSON_00379,262,PHONE_00200,missed
CALL_007851,2023-04-10,PERSON_00201,PERSON_00408,219,PHONE_00201,voice
CALL_007852,2021-03-14,PERSON_00202,PERSON_00437,232,PHONE_00202,missed
CALL_007853,2023-04-04,PERSON_00203,PERSON_00016,188,PHONE_00203,voice
CALL_007854,2025-01-27,PERSON_00204,PERSON_00045,740,PHONE_00204,missed
CALL_007855,2025-07-26,PERSON_00205,PERSON_00074,269,PHONE_00205,missed
CALL_007856,2025-02-25,PERSON_00206,PERSON_00103,614,PHONE_00206,voice
CALL_007857,2024-04-06,PERSON_00207,PERSON_00132,658,PHONE_00207,voice
CALL_007858,2025-04-09,PERSON_00208,PERSON_00161,66,PHONE_00208,voice
CALL_007859,2021-08-30,PERSON_00209,PERSON_00190,707,PHONE_00209,voice
CALL_007860,2023-05-30,PERSON_00210,PERSON_00219,762,PHONE_00210,voice
CALL_007861,2024-07-05,PERSON_00211,PERSON_00248,592,PHONE_00211,voice
CALL_007862,2024-08-23,PERSON_00212,PERSON_00277,340,PHONE_00212,voice
CALL_007863,2023-08-15,PERSON_00213,PERSON_00306,445,PHONE_00213,voice
CALL_007864,2025-07-26,PERSON_00214,PERSON_00335,78,PHONE_00214,voice
CALL_007865,2023-01-31,PERSON_00215,PERSON_00364,149,PHONE_00215,voice
CALL_007866,2021-10-12,PERSON_00216,PERSON_00290,38,PHONE_00216,missed
CALL_007867,2024-08-09,PERSON_00217,PERSON_00422,181,PHONE_00217,missed
CALL_007868,2025-10-25,PERSON_00218,PERSON_00001,549,PHONE_00218,voice
CALL_007869,2024-04-06,PERSON_00219,PERSON_00030,234,PHONE_00219,voice
CALL_007870,2022-04-06,PERSON_00220,PERSON_00059,169,PHONE_00220,voice
CALL_007871,2023-07-11,PERSON_00221,PERSON_00118,173,PHONE_00221,voice
CALL_007872,2025-11-27,PERSON_00222,PERSON_00117,220,PHONE_00222,voice
CALL_007873,2025-09-24,PERSON_00223,PERSON_00146,432,PHONE_00223,voice
CALL_007874,2023-05-14,PERSON_00224,PERSON_00175,279,PHONE_00224,voice
CALL_007875,2023-12-26,PERSON_00225,PERSON_00204,56,PHONE_00225,voice
CALL_007876,2022-08-01,PERSON_00226,PERSON_00038,56,PHONE_00226,missed
CALL_007877,2021-03-18,PERSON_00227,PERSON_00262,194,PHONE_00227,missed
CALL_007878,2021-03-11,PERSON_00228,PERSON_00291,332,PHONE_00228,voice
CALL_007879,2022-10-24,PERSON_00229,PERSON_00320,692,PHONE_00229,voice
CALL_007880,2021-07-26,PERSON_00230,PERSON_00349,796,PHONE_00230,missed
CALL_007881,2025-02-09,PERSON_00231,PERSON_00052,89,PHONE_00231,missed
CALL_007882,2024-05-31,PERSON_00232,PERSON_00407,431,PHONE_00232,missed
CALL_007883,2022-03-10,PERSON_00233,PERSON_00436,37,PHONE_00233,voice
CALL_007884,2026-01-31,PERSON_00234,PERSON_00015,834,PHONE_00234,missed
CALL_007885,2021-09-12,PERSON_00235,PERSON_00044,175,PHONE_00235,voice
CALL_007886,2024-02-22,PERSON_00236,PERSON_00073,338,PHONE_00236,missed
CALL_007887,2023-10-01,PERSON_00237,PERSON_00102,732,PHONE_00237,voice
CALL_007888,2026-04-24,PERSON_00238,PERSON_00131,547,PHONE_00238,missed
CALL_007889,2022-08-01,PERSON_00239,PERSON_00160,816,PHONE_00239,voice
CALL_007890,2025-03-13,PERSON_00240,PERSON_00189,644,PHONE_00240,voice
CALL_007891,2024-06-10,PERSON_00241,PERSON_00250,145,PHONE_00241,missed
CALL_007892,2023-05-31,PERSON_00242,PERSON_00247,259,PHONE_00242,voice
CALL_007893,2022-08-19,PERSON_00243,PERSON_00276,405,PHONE_00243,voice
CALL_007894,2024-09-09,PERSON_00244,PERSON_00305,833,PHONE_00244,voice
CALL_007895,2023-02-02,PERSON_00245,PERSON_00334,153,PHONE_00245,voice
CALL_007896,2025-04-20,PERSON_00246,PERSON_00363,181,PHONE_00246,missed
CALL_007897,2025-12-16,PERSON_00247,PERSON_00392,456,PHONE_00247,missed
CALL_007898,2025-01-31,PERSON_00248,PERSON_00421,203,PHONE_00248,voice
CALL_007899,2025-08-19,PERSON_00249,PERSON_00450,388,PHONE_00249,voice
CALL_007900,2025-02-23,PERSON_00250,PERSON_00029,829,PHONE_00250,voice
CALL_007901,2023-11-19,PERSON_00251,PERSON_00058,796,PHONE_00251,missed
CALL_007902,2022-01-19,PERSON_00252,PERSON_00087,544,PHONE_00252,voice
CALL_007903,2023-05-06,PERSON_00253,PERSON_00116,852,PHONE_00253,missed
CALL_007904,2024-05-20,PERSON_00254,PERSON_00145,48,PHONE_00254,voice
CALL_007905,2021-07-03,PERSON_00255,PERSON_00174,703,PHONE_00255,voice
CALL_007906,2023-06-11,PERSON_00256,PERSON_00220,175,PHONE_00256,voice
CALL_007907,2022-07-27,PERSON_00257,PERSON_00232,844,PHONE_00257,voice
CALL_007908,2026-06-18,PERSON_00258,PERSON_00261,646,PHONE_00258,voice
CALL_007909,2021-02-18,PERSON_00259,PERSON_00290,665,PHONE_00259,voice
CALL_007910,2023-01-12,PERSON_00260,PERSON_00319,87,PHONE_00260,voice
CALL_007911,2025-05-21,PERSON_00261,PERSON_00348,783,PHONE_00261,voice
CALL_007912,2022-04-03,PERSON_00262,PERSON_00377,109,PHONE_00262,missed
CALL_007913,2026-03-26,PERSON_00263,PERSON_00406,888,PHONE_00263,voice
CALL_007914,2021-02-06,PERSON_00264,PERSON_00435,524,PHONE_00264,voice
CALL_007915,2021-06-24,PERSON_00265,PERSON_00014,681,PHONE_00265,voice
CALL_007916,2023-10-22,PERSON_00266,PERSON_00043,755,PHONE_00266,voice
CALL_007917,2023-12-19,PERSON_00267,PERSON_00072,790,PHONE_00267,voice
CALL_007918,2025-11-11,PERSON_00268,PERSON_00101,521,PHONE_00268,voice
CALL_007919,2025-03-13,PERSON_00269,PERSON_00130,392,PHONE_00269,voice
CALL_007920,2021-09-28,PERSON_00270,PERSON_00159,21,PHONE_00270,voice
CALL_007921,2025-07-06,PERSON_00271,PERSON_00202,88,PHONE_00271,voice
CALL_007922,2023-08-13,PERSON_00272,PERSON_00217,818,PHONE_00272,missed
CALL_007923,2025-01-05,PERSON_00273,PERSON_00246,781,PHONE_00273,missed
CALL_007924,2025-06-05,PERSON_00274,PERSON_00275,356,PHONE_00274,voice
CALL_007925,2024-07-20,PERSON_00275,PERSON_00304,48,PHONE_00275,voice
CALL_007926,2026-04-30,PERSON_00276,PERSON_00333,84,PHONE_00276,missed
CALL_007927,2021-03-28,PERSON_00277,PERSON_00362,740,PHONE_00277,voice
CALL_007928,2025-02-09,PERSON_00278,PERSON_00391,618,PHONE_00278,missed
CALL_007929,2024-10-04,PERSON_00279,PERSON_00420,341,PHONE_00279,voice
CALL_007930,2025-10-17,PERSON_00280,PERSON_00449,400,PHONE_00280,voice
CALL_007931,2024-04-27,PERSON_00281,PERSON_00028,232,PHONE_00281,voice
CALL_007932,2025-02-07,PERSON_00282,PERSON_00057,218,PHONE_00282,voice
CALL_007933,2023-12-27,PERSON_00283,PERSON_00086,493,PHONE_00283,missed
CALL_007934,2023-05-20,PERSON_00284,PERSON_00115,361,PHONE_00284,voice
CALL_007935,2025-03-04,PERSON_00285,PERSON_00144,69,PHONE_00285,missed
CALL_007936,2023-05-06,PERSON_00286,PERSON_00436,147,PHONE_00286,missed
CALL_007937,2021-01-03,PERSON_00287,PERSON_00202,386,PHONE_00287,voice
CALL_007938,2024-10-02,PERSON_00288,PERSON_00231,242,PHONE_00288,voice
CALL_007939,2023-01-10,PERSON_00289,PERSON_00260,803,PHONE_00289,voice
CALL_007940,2021-07-20,PERSON_00290,PERSON_00289,852,PHONE_00290,missed
CALL_007941,2024-07-12,PERSON_00291,PERSON_00436,104,PHONE_00291,voice
CALL_007942,2023-07-11,PERSON_00292,PERSON_00347,636,PHONE_00292,voice
CALL_007943,2026-02-22,PERSON_00293,PERSON_00376,107,PHONE_00293,voice
CALL_007944,2024-07-11,PERSON_00294,PERSON_00405,676,PHONE_00294,voice
CALL_007945,2025-10-22,PERSON_00295,PERSON_00434,475,PHONE_00295,voice
CALL_007946,2024-02-05,PERSON_00296,PERSON_00013,92,PHONE_00296,missed
CALL_007947,2021-03-24,PERSON_00297,PERSON_00042,55,PHONE_00297,missed
CALL_007948,2021-05-07,PERSON_00298,PERSON_00071,744,PHONE_00298,voice
CALL_007949,2025-10-24,PERSON_00299,PERSON_00100,366,PHONE_00299,missed
CALL_007950,2024-05-01,PERSON_00300,PERSON_00129,478,PHONE_00300,missed
CALL_007951,2022-08-08,PERSON_00301,PERSON_00081,164,PHONE_00301,voice
CALL_007952,2025-03-05,PERSON_00302,PERSON_00187,504,PHONE_00302,missed
CALL_007953,2022-02-13,PERSON_00303,PERSON_00216,55,PHONE_00303,missed
CALL_007954,2025-02-28,PERSON_00304,PERSON_00245,197,PHONE_00304,voice
CALL_007955,2024-10-11,PERSON_00305,PERSON_00274,592,PHONE_00305,missed
CALL_007956,2021-11-24,PERSON_00306,PERSON_00303,312,PHONE_00306,voice
CALL_007957,2021-09-19,PERSON_00307,PERSON_00332,147,PHONE_00307,voice
CALL_007958,2023-12-14,PERSON_00308,PERSON_00361,148,PHONE_00308,missed
CALL_007959,2025-03-08,PERSON_00309,PERSON_00390,484,PHONE_00309,voice
CALL_007960,2024-03-11,PERSON_00310,PERSON_00419,628,PHONE_00310,missed
CALL_007961,2022-02-24,PERSON_00311,PERSON_00448,668,PHONE_00311,voice
CALL_007962,2021-01-30,PERSON_00312,PERSON_00027,525,PHONE_00312,voice
CALL_007963,2026-04-30,PERSON_00313,PERSON_00056,292,PHONE_00313,voice
CALL_007964,2024-08-16,PERSON_00314,PERSON_00085,182,PHONE_00314,missed
CALL_007965,2024-06-13,PERSON_00315,PERSON_00114,655,PHONE_00315,voice
CALL_007966,2024-03-14,PERSON_00316,PERSON_00143,625,PHONE_00316,missed
CALL_007967,2024-09-01,PERSON_00317,PERSON_00172,283,PHONE_00317,missed
CALL_007968,2024-03-17,PERSON_00318,PERSON_00201,766,PHONE_00318,missed
CALL_007969,2025-09-20,PERSON_00319,PERSON_00230,306,PHONE_00319,missed
CALL_007970,2023-05-22,PERSON_00320,PERSON_00259,849,PHONE_00320,missed
CALL_007971,2023-02-18,PERSON_00321,PERSON_00169,147,PHONE_00321,voice
CALL_007972,2022-11-08,PERSON_00322,PERSON_00317,738,PHONE_00322,missed
CALL_007973,2025-10-09,PERSON_00323,PERSON_00346,623,PHONE_00323,missed
CALL_007974,2025-01-27,PERSON_00324,PERSON_00375,762,PHONE_00324,missed
CALL_007975,2021-06-30,PERSON_00325,PERSON_00404,254,PHONE_00325,missed
CALL_007976,2023-07-09,PERSON_00326,PERSON_00433,39,PHONE_00326,missed
CALL_007977,2024-03-06,PERSON_00327,PERSON_00012,399,PHONE_00327,voice
CALL_007978,2023-06-18,PERSON_00328,PERSON_00041,529,PHONE_00328,voice
CALL_007979,2021-08-09,PERSON_00329,PERSON_00070,590,PHONE_00329,missed
CALL_007980,2024-08-23,PERSON_00330,PERSON_00099,517,PHONE_00330,voice
CALL_007981,2022-10-14,PERSON_00331,PERSON_00240,180,PHONE_00331,voice
CALL_007982,2022-01-28,PERSON_00332,PERSON_00157,500,PHONE_00332,voice
CALL_007983,2025-09-20,PERSON_00333,PERSON_00186,334,PHONE_00333,voice
CALL_007984,2026-01-11,PERSON_00334,PERSON_00215,717,PHONE_00334,voice
CALL_007985,2024-07-31,PERSON_00335,PERSON_00244,745,PHONE_00335,missed
CALL_007986,2023-09-22,PERSON_00336,PERSON_00014,91,PHONE_00336,voice
CALL_007987,2025-12-27,PERSON_00337,PERSON_00302,22,PHONE_00337,voice
CALL_007988,2025-06-30,PERSON_00338,PERSON_00331,600,PHONE_00338,voice
CALL_007989,2024-10-19,PERSON_00339,PERSON_00360,718,PHONE_00339,voice
CALL_007990,2021-05-30,PERSON_00340,PERSON_00389,839,PHONE_00340,voice
CALL_007991,2026-06-28,PERSON_00341,PERSON_00418,75,PHONE_00341,voice
CALL_007992,2024-04-28,PERSON_00342,PERSON_00447,733,PHONE_00342,missed
CALL_007993,2026-06-06,PERSON_00343,PERSON_00026,390,PHONE_00343,voice
CALL_007994,2022-10-19,PERSON_00344,PERSON_00055,151,PHONE_00344,voice
CALL_007995,2024-11-10,PERSON_00345,PERSON_00084,426,PHONE_00345,missed
CALL_007996,2022-11-27,PERSON_00346,PERSON_00113,757,PHONE_00346,missed
CALL_007997,2025-12-30,PERSON_00347,PERSON_00142,111,PHONE_00347,missed
CALL_007998,2024-05-04,PERSON_00348,PERSON_00171,427,PHONE_00348,voice
CALL_007999,2021-10-29,PERSON_00349,PERSON_00200,339,PHONE_00349,voice
CALL_008000,2021-07-24,PERSON_00350,PERSON_00229,673,PHONE_00350,voice
CALL_008001,2021-07-06,PERSON_00351,PERSON_00258,249,PHONE_00351,missed
CALL_008002,2024-05-27,PERSON_00352,PERSON_00287,512,PHONE_00352,missed
CALL_008003,2025-09-27,PERSON_00353,PERSON_00316,149,PHONE_00353,voice
CALL_008004,2022-02-28,PERSON_00354,PERSON_00345,846,PHONE_00354,voice
CALL_008005,2023-09-27,PERSON_00355,PERSON_00374,622,PHONE_00355,voice
CALL_008006,2024-08-25,PERSON_00356,PERSON_00403,620,PHONE_00356,voice
CALL_008007,2025-07-12,PERSON_00357,PERSON_00432,187,PHONE_00357,missed
CALL_008008,2026-05-21,PERSON_00358,PERSON_00011,121,PHONE_00358,voice
CALL_008009,2023-12-23,PERSON_00359,PERSON_00040,238,PHONE_00359,voice
CALL_008010,2022-07-04,PERSON_00360,PERSON_00069,359,PHONE_00360,voice
CALL_008011,2021-05-04,PERSON_00361,PERSON_00098,229,PHONE_00361,missed
CALL_008012,2022-04-03,PERSON_00362,PERSON_00127,453,PHONE_00362,voice
CALL_008013,2025-11-22,PERSON_00363,PERSON_00156,275,PHONE_00363,voice
CALL_008014,2022-04-27,PERSON_00364,PERSON_00185,722,PHONE_00364,voice
CALL_008015,2021-03-13,PERSON_00365,PERSON_00214,516,PHONE_00365,missed
CALL_008016,2026-03-24,PERSON_00366,PERSON_00288,108,PHONE_00366,voice
CALL_008017,2021-02-25,PERSON_00367,PERSON_00272,42,PHONE_00367,voice
CALL_008018,2023-07-09,PERSON_00368,PERSON_00301,650,PHONE_00368,voice
CALL_008019,2025-04-16,PERSON_00369,PERSON_00330,37,PHONE_00369,voice
CALL_008020,2022-06-13,PERSON_00370,PERSON_00359,561,PHONE_00370,voice
CALL_008021,2021-04-06,PERSON_00371,PERSON_00076,70,PHONE_00371,voice
CALL_008022,2022-10-25,PERSON_00372,PERSON_00417,747,PHONE_00372,missed
CALL_008023,2022-06-12,PERSON_00373,PERSON_00446,384,PHONE_00373,voice
CALL_008024,2023-06-20,PERSON_00374,PERSON_00025,809,PHONE_00374,voice
CALL_008025,2023-08-19,PERSON_00375,PERSON_00054,406,PHONE_00375,voice
CALL_008026,2023-02-08,PERSON_00376,PERSON_00144,67,PHONE_00376,voice
CALL_008027,2025-11-28,PERSON_00377,PERSON_00112,39,PHONE_00377,voice
CALL_008028,2025-04-22,PERSON_00378,PERSON_00141,526,PHONE_00378,voice
CALL_008029,2025-06-04,PERSON_00379,PERSON_00170,803,PHONE_00379,voice
CALL_008030,2021-11-10,PERSON_00380,PERSON_00199,456,PHONE_00380,voice
CALL_008031,2023-10-26,PERSON_00381,PERSON_00436,17,PHONE_00381,voice
CALL_008032,2025-08-12,PERSON_00382,PERSON_00257,420,PHONE_00382,missed
CALL_008033,2024-09-15,PERSON_00383,PERSON_00286,592,PHONE_00383,voice
CALL_008034,2025-12-29,PERSON_00384,PERSON_00315,885,PHONE_00384,voice
CALL_008035,2022-08-18,PERSON_00385,PERSON_00344,334,PHONE_00385,missed
CALL_008036,2024-02-26,PERSON_00386,PERSON_00373,358,PHONE_00386,voice
CALL_008037,2025-01-05,PERSON_00387,PERSON_00402,593,PHONE_00387,voice
CALL_008038,2024-10-31,PERSON_00388,PERSON_00431,295,PHONE_00388,missed
CALL_008039,2025-03-07,PERSON_00389,PERSON_00010,772,PHONE_00389,voice
CALL_008040,2025-03-25,PERSON_00390,PERSON_00039,215,PHONE_00390,missed
CALL_008041,2024-12-31,PERSON_00391,PERSON_00268,56,PHONE_00391,voice
CALL_008042,2022-01-08,PERSON_00392,PERSON_00097,622,PHONE_00392,voice
CALL_008043,2024-08-09,PERSON_00393,PERSON_00126,566,PHONE_00393,voice
CALL_008044,2026-06-30,PERSON_00394,PERSON_00155,575,PHONE_00394,voice
CALL_008045,2021-01-31,PERSON_00395,PERSON_00184,451,PHONE_00395,voice
CALL_008046,2021-12-31,PERSON_00396,PERSON_00213,711,PHONE_00396,voice
CALL_008047,2021-07-28,PERSON_00397,PERSON_00242,763,PHONE_00397,missed
CALL_008048,2021-11-14,PERSON_00398,PERSON_00271,866,PHONE_00398,voice
CALL_008049,2025-01-12,PERSON_00399,PERSON_00300,682,PHONE_00399,voice
CALL_008050,2025-03-10,PERSON_00400,PERSON_00329,224,PHONE_00400,voice
CALL_008051,2025-12-14,PERSON_00401,PERSON_00134,82,PHONE_00401,voice
CALL_008052,2022-10-27,PERSON_00402,PERSON_00387,381,PHONE_00402,voice
CALL_008053,2023-10-07,PERSON_00403,PERSON_00416,482,PHONE_00403,missed
CALL_008054,2026-01-01,PERSON_00404,PERSON_00445,336,PHONE_00404,voice
CALL_008055,2026-02-24,PERSON_00405,PERSON_00024,777,PHONE_00405,voice
CALL_008056,2021-09-18,PERSON_00406,PERSON_00038,118,PHONE_00406,voice
CALL_008057,2021-01-02,PERSON_00407,PERSON_00082,816,PHONE_00407,voice
CALL_008058,2025-11-14,PERSON_00408,PERSON_00111,751,PHONE_00408,voice
CALL_008059,2024-03-19,PERSON_00409,PERSON_00140,435,PHONE_00409,missed
CALL_008060,2021-07-06,PERSON_00410,PERSON_00169,126,PHONE_00410,voice
CALL_008061,2026-04-18,PERSON_00411,PERSON_00244,82,PHONE_00411,voice
CALL_008062,2021-03-03,PERSON_00412,PERSON_00227,789,PHONE_00412,missed
CALL_008063,2025-08-18,PERSON_00413,PERSON_00256,399,PHONE_00413,voice
CALL_008064,2025-05-26,PERSON_00414,PERSON_00285,493,PHONE_00414,voice
CALL_008065,2025-06-07,PERSON_00415,PERSON_00314,738,PHONE_00415,voice
CALL_008066,2021-04-10,PERSON_00416,PERSON_00343,353,PHONE_00416,missed
CALL_008067,2024-08-03,PERSON_00417,PERSON_00372,367,PHONE_00417,voice
CALL_008068,2022-10-24,PERSON_00418,PERSON_00401,565,PHONE_00418,voice
CALL_008069,2021-10-19,PERSON_00419,PERSON_00430,377,PHONE_00419,missed
CALL_008070,2022-01-26,PERSON_00420,PERSON_00009,267,PHONE_00420,missed
CALL_008071,2022-01-03,PERSON_00421,PERSON_00038,875,PHONE_00421,voice
CALL_008072,2023-07-31,PERSON_00422,PERSON_00067,130,PHONE_00422,voice
CALL_008073,2024-12-07,PERSON_00423,PERSON_00096,84,PHONE_00423,missed
CALL_008074,2022-05-24,PERSON_00424,PERSON_00125,730,PHONE_00424,voice
CALL_008075,2024-08-04,PERSON_00425,PERSON_00154,882,PHONE_00425,missed
CALL_008076,2025-11-15,PERSON_00426,PERSON_00183,894,PHONE_00426,voice
CALL_008077,2023-01-22,PERSON_00427,PERSON_00212,725,PHONE_00427,missed
CALL_008078,2023-05-25,PERSON_00428,PERSON_00241,729,PHONE_00428,voice
CALL_008079,2026-01-01,PERSON_00429,PERSON_00270,182,PHONE_00429,missed
CALL_008080,2022-05-15,PERSON_00430,PERSON_00299,18,PHONE_00430,voice
CALL_008081,2021-01-09,PERSON_00431,PERSON_00328,777,PHONE_00431,voice
CALL_008082,2021-04-07,PERSON_00432,PERSON_00357,450,PHONE_00432,voice
CALL_008083,2022-09-17,PERSON_00433,PERSON_00386,741,PHONE_00433,missed
CALL_008084,2021-11-05,PERSON_00434,PERSON_00415,41,PHONE_00434,voice
CALL_008085,2021-09-30,PERSON_00435,PERSON_00444,855,PHONE_00435,voice
CALL_008086,2021-11-04,PERSON_00436,PERSON_00287,71,PHONE_00436,missed
CALL_008087,2022-08-25,PERSON_00437,PERSON_00052,660,PHONE_00437,voice
CALL_008088,2026-04-16,PERSON_00438,PERSON_00081,369,PHONE_00438,voice
CALL_008089,2021-09-01,PERSON_00439,PERSON_00110,390,PHONE_00439,missed
CALL_008090,2022-10-09,PERSON_00440,PERSON_00139,538,PHONE_00440,voice
CALL_008091,2026-03-25,PERSON_00441,PERSON_00168,179,PHONE_00441,voice
CALL_008092,2021-06-23,PERSON_00442,PERSON_00197,705,PHONE_00442,missed
CALL_008093,2021-08-03,PERSON_00443,PERSON_00226,98,PHONE_00443,missed
CALL_008094,2022-09-01,PERSON_00444,PERSON_00255,103,PHONE_00444,voice
CALL_008095,2021-09-25,PERSON_00445,PERSON_00284,857,PHONE_00445,missed
CALL_008096,2024-03-13,PERSON_00446,PERSON_00313,584,PHONE_00446,voice
CALL_008097,2023-04-27,PERSON_00447,PERSON_00342,512,PHONE_00447,voice
CALL_008098,2024-08-10,PERSON_00448,PERSON_00371,224,PHONE_00448,missed
CALL_008099,2024-02-15,PERSON_00449,PERSON_00400,435,PHONE_00449,voice
CALL_008100,2023-02-11,PERSON_00450,PERSON_00429,515,PHONE_00450,voice
CALL_008101,2023-08-19,PERSON_00001,PERSON_00008,509,PHONE_00001,voice
CALL_008102,2023-09-25,PERSON_00002,PERSON_00037,40,PHONE_00002,voice
CALL_008103,2025-05-07,PERSON_00003,PERSON_00066,870,PHONE_00003,voice
CALL_008104,2022-09-11,PERSON_00004,PERSON_00095,423,PHONE_00004,voice
CALL_008105,2023-06-17,PERSON_00005,PERSON_00124,589,PHONE_00005,voice
CALL_008106,2025-08-01,PERSON_00006,PERSON_00081,125,PHONE_00006,voice
CALL_008107,2024-03-31,PERSON_00007,PERSON_00182,186,PHONE_00007,missed
CALL_008108,2024-11-07,PERSON_00008,PERSON_00211,668,PHONE_00008,missed
CALL_008109,2021-07-03,PERSON_00009,PERSON_00240,507,PHONE_00009,voice
CALL_008110,2023-01-26,PERSON_00010,PERSON_00269,212,PHONE_00010,voice
CALL_008111,2024-02-06,PERSON_00011,PERSON_00298,374,PHONE_00011,voice
CALL_008112,2024-01-05,PERSON_00012,PERSON_00327,350,PHONE_00012,voice
CALL_008113,2022-11-19,PERSON_00013,PERSON_00356,211,PHONE_00013,missed
CALL_008114,2024-02-21,PERSON_00014,PERSON_00385,667,PHONE_00014,voice
CALL_008115,2026-02-07,PERSON_00015,PERSON_00414,311,PHONE_00015,voice
CALL_008116,2023-02-05,PERSON_00016,PERSON_00355,141,PHONE_00016,missed
CALL_008117,2026-02-01,PERSON_00017,PERSON_00022,596,PHONE_00017,missed
CALL_008118,2021-10-25,PERSON_00018,PERSON_00051,617,PHONE_00018,voice
CALL_008119,2023-05-04,PERSON_00019,PERSON_00080,864,PHONE_00019,voice
CALL_008120,2024-04-06,PERSON_00020,PERSON_00109,540,PHONE_00020,voice
CALL_008121,2022-03-27,PERSON_00021,PERSON_00081,131,PHONE_00021,voice
CALL_008122,2021-06-27,PERSON_00022,PERSON_00167,230,PHONE_00022,missed
CALL_008123,2021-01-12,PERSON_00023,PERSON_00196,115,PHONE_00023,voice
CALL_008124,2021-01-08,PERSON_00024,PERSON_00225,877,PHONE_00024,voice
CALL_008125,2023-09-28,PERSON_00025,PERSON_00254,548,PHONE_00025,voice
CALL_008126,2026-03-24,PERSON_00026,PERSON_00283,801,PHONE_00026,missed
CALL_008127,2021-10-07,PERSON_00027,PERSON_00312,432,PHONE_00027,missed
CALL_008128,2023-06-20,PERSON_00028,PERSON_00341,424,PHONE_00028,missed
CALL_008129,2025-07-28,PERSON_00029,PERSON_00370,633,PHONE_00029,voice
CALL_008130,2021-03-20,PERSON_00030,PERSON_00399,731,PHONE_00030,voice
CALL_008131,2025-11-29,PERSON_00031,PERSON_00428,117,PHONE_00031,missed
CALL_008132,2025-02-14,PERSON_00032,PERSON_00007,246,PHONE_00032,missed
CALL_008133,2023-08-02,PERSON_00033,PERSON_00036,207,PHONE_00033,voice
CALL_008134,2021-11-02,PERSON_00034,PERSON_00065,201,PHONE_00034,voice
CALL_008135,2023-07-03,PERSON_00035,PERSON_00094,349,PHONE_00035,missed
CALL_008136,2022-02-14,PERSON_00036,PERSON_00123,270,PHONE_00036,voice
CALL_008137,2021-07-05,PERSON_00037,PERSON_00152,99,PHONE_00037,voice
CALL_008138,2022-03-24,PERSON_00038,PERSON_00181,430,PHONE_00038,missed
CALL_008139,2023-02-21,PERSON_00039,PERSON_00210,432,PHONE_00039,missed
CALL_008140,2025-03-05,PERSON_00040,PERSON_00239,873,PHONE_00040,voice
CALL_008141,2024-10-09,PERSON_00041,PERSON_00268,233,PHONE_00041,voice
CALL_008142,2024-09-08,PERSON_00042,PERSON_00297,420,PHONE_00042,missed
CALL_008143,2025-07-04,PERSON_00043,PERSON_00326,798,PHONE_00043,voice
CALL_008144,2025-04-10,PERSON_00044,PERSON_00355,778,PHONE_00044,voice
CALL_008145,2026-02-04,PERSON_00045,PERSON_00384,765,PHONE_00045,missed
CALL_008146,2021-03-09,PERSON_00046,PERSON_00117,42,PHONE_00046,missed
CALL_008147,2026-06-18,PERSON_00047,PERSON_00442,366,PHONE_00047,voice
CALL_008148,2022-05-13,PERSON_00048,PERSON_00021,701,PHONE_00048,voice
CALL_008149,2026-04-29,PERSON_00049,PERSON_00050,492,PHONE_00049,missed
CALL_008150,2021-08-20,PERSON_00050,PERSON_00079,808,PHONE_00050,voice
CALL_008151,2022-12-15,PERSON_00051,PERSON_00108,270,PHONE_00051,voice
CALL_008152,2025-10-13,PERSON_00052,PERSON_00137,318,PHONE_00052,missed
CALL_008153,2021-10-26,PERSON_00053,PERSON_00166,741,PHONE_00053,missed
CALL_008154,2022-10-02,PERSON_00054,PERSON_00195,815,PHONE_00054,voice
CALL_008155,2024-11-26,PERSON_00055,PERSON_00224,266,PHONE_00055,voice
CALL_008156,2021-11-10,PERSON_00056,PERSON_00253,672,PHONE_00056,voice
CALL_008157,2024-01-22,PERSON_00057,PERSON_00282,637,PHONE_00057,missed
CALL_008158,2025-03-17,PERSON_00058,PERSON_00311,716,PHONE_00058,missed
CALL_008159,2022-08-23,PERSON_00059,PERSON_00340,334,PHONE_00059,voice
CALL_008160,2021-03-02,PERSON_00060,PERSON_00369,25,PHONE_00060,missed
CALL_008161,2021-08-28,PERSON_00061,PERSON_00440,132,PHONE_00061,voice
CALL_008162,2025-10-20,PERSON_00062,PERSON_00427,853,PHONE_00062,missed
CALL_008163,2021-05-14,PERSON_00063,PERSON_00006,705,PHONE_00063,missed
CALL_008164,2021-10-25,PERSON_00064,PERSON_00035,745,PHONE_00064,voice
CALL_008165,2021-06-12,PERSON_00065,PERSON_00064,140,PHONE_00065,voice
CALL_008166,2022-04-05,PERSON_00066,PERSON_00093,677,PHONE_00066,voice
CALL_008167,2022-06-04,PERSON_00067,PERSON_00122,770,PHONE_00067,missed
CALL_008168,2025-01-15,PERSON_00068,PERSON_00151,471,PHONE_00068,voice
CALL_008169,2022-11-09,PERSON_00069,PERSON_00180,510,PHONE_00069,missed
CALL_008170,2022-10-20,PERSON_00070,PERSON_00209,525,PHONE_00070,voice
CALL_008171,2021-04-29,PERSON_00071,PERSON_00238,575,PHONE_00071,voice
CALL_008172,2021-07-07,PERSON_00072,PERSON_00267,635,PHONE_00072,voice
CALL_008173,2022-05-08,PERSON_00073,PERSON_00296,726,PHONE_00073,missed
CALL_008174,2025-05-26,PERSON_00074,PERSON_00325,299,PHONE_00074,missed
CALL_008175,2022-08-16,PERSON_00075,PERSON_00354,443,PHONE_00075,missed
CALL_008176,2025-02-07,PERSON_00076,PERSON_00321,108,PHONE_00076,voice
CALL_008177,2025-02-08,PERSON_00077,PERSON_00412,286,PHONE_00077,voice
CALL_008178,2022-01-12,PERSON_00078,PERSON_00441,61,PHONE_00078,voice
CALL_008179,2025-07-15,PERSON_00079,PERSON_00020,75,PHONE_00079,missed
CALL_008180,2021-10-10,PERSON_00080,PERSON_00049,454,PHONE_00080,missed
CALL_008181,2022-11-03,PERSON_00081,PERSON_00118,63,PHONE_00081,missed
CALL_008182,2022-08-02,PERSON_00082,PERSON_00107,175,PHONE_00082,voice
CALL_008183,2024-12-24,PERSON_00083,PERSON_00136,830,PHONE_00083,missed
CALL_008184,2022-10-03,PERSON_00084,PERSON_00165,249,PHONE_00084,missed
CALL_008185,2023-08-04,PERSON_00085,PERSON_00194,590,PHONE_00085,voice
CALL_008186,2024-04-09,PERSON_00086,PERSON_00288,17,PHONE_00086,voice
CALL_008187,2025-09-07,PERSON_00087,PERSON_00252,320,PHONE_00087,voice
CALL_008188,2024-03-25,PERSON_00088,PERSON_00281,162,PHONE_00088,missed
CALL_008189,2021-09-01,PERSON_00089,PERSON_00310,315,PHONE_00089,voice
CALL_008190,2024-04-08,PERSON_00090,PERSON_00339,223,PHONE_00090,missed
CALL_008191,2025-12-03,PERSON_00091,PERSON_00368,829,PHONE_00091,voice
CALL_008192,2024-01-10,PERSON_00092,PERSON_00397,276,PHONE_00092,missed
CALL_008193,2024-03-29,PERSON_00093,PERSON_00426,757,PHONE_00093,voice
CALL_008194,2021-01-07,PERSON_00094,PERSON_00005,485,PHONE_00094,voice
CALL_008195,2023-12-31,PERSON_00095,PERSON_00034,875,PHONE_00095,voice
CALL_008196,2025-04-13,PERSON_00096,PERSON_00063,228,PHONE_00096,missed
CALL_008197,2025-01-13,PERSON_00097,PERSON_00092,897,PHONE_00097,missed
CALL_008198,2025-01-22,PERSON_00098,PERSON_00121,620,PHONE_00098,missed
CALL_008199,2023-07-20,PERSON_00099,PERSON_00150,29,PHONE_00099,missed
CALL_008200,2026-02-25,PERSON_00100,PERSON_00179,332,PHONE_00100,voice
CALL_008201,2025-05-21,PERSON_00101,PERSON_00429,71,PHONE_00101,voice
CALL_008202,2025-03-16,PERSON_00102,PERSON_00237,538,PHONE_00102,voice
CALL_008203,2021-02-06,PERSON_00103,PERSON_00266,393,PHONE_00103,voice
CALL_008204,2026-04-02,PERSON_00104,PERSON_00295,573,PHONE_00104,voice
CALL_008205,2022-09-05,PERSON_00105,PERSON_00324,703,PHONE_00105,missed
CALL_008206,2023-07-20,PERSON_00106,PERSON_00439,49,PHONE_00106,voice
CALL_008207,2025-05-11,PERSON_00107,PERSON_00382,294,PHONE_00107,voice
CALL_008208,2021-07-13,PERSON_00108,PERSON_00411,148,PHONE_00108,voice
CALL_008209,2026-06-15,PERSON_00109,PERSON_00440,669,PHONE_00109,voice
CALL_008210,2026-02-09,PERSON_00110,PERSON_00019,741,PHONE_00110,missed
CALL_008211,2021-11-03,PERSON_00111,PERSON_00048,246,PHONE_00111,voice
CALL_008212,2023-10-28,PERSON_00112,PERSON_00077,297,PHONE_00112,missed
CALL_008213,2023-11-19,PERSON_00113,PERSON_00106,384,PHONE_00113,missed
CALL_008214,2022-08-03,PERSON_00114,PERSON_00135,646,PHONE_00114,voice
CALL_008215,2024-01-15,PERSON_00115,PERSON_00164,862,PHONE_00115,missed
CALL_008216,2026-06-16,PERSON_00116,PERSON_00193,461,PHONE_00116,voice
CALL_008217,2025-03-27,PERSON_00117,PERSON_00222,616,PHONE_00117,voice
CALL_008218,2022-08-17,PERSON_00118,PERSON_00251,394,PHONE_00118,voice
CALL_008219,2026-01-10,PERSON_00119,PERSON_00280,452,PHONE_00119,missed
CALL_008220,2023-08-21,PERSON_00120,PERSON_00309,604,PHONE_00120,voice
CALL_008221,2023-12-04,PERSON_00121,PERSON_00338,138,PHONE_00121,voice
CALL_008222,2024-11-16,PERSON_00122,PERSON_00367,326,PHONE_00122,voice
CALL_008223,2022-01-19,PERSON_00123,PERSON_00396,246,PHONE_00123,voice
CALL_008224,2024-11-26,PERSON_00124,PERSON_00425,202,PHONE_00124,missed
CALL_008225,2025-11-27,PERSON_00125,PERSON_00004,285,PHONE_00125,voice
CALL_008226,2024-02-15,PERSON_00126,PERSON_00179,106,PHONE_00126,missed
CALL_008227,2026-01-10,PERSON_00127,PERSON_00062,874,PHONE_00127,voice
CALL_008228,2022-09-02,PERSON_00128,PERSON_00091,475,PHONE_00128,missed
CALL_008229,2025-09-06,PERSON_00129,PERSON_00120,553,PHONE_00129,voice
CALL_008230,2022-07-05,PERSON_00130,PERSON_00149,446,PHONE_00130,voice
CALL_008231,2024-08-24,PERSON_00131,PERSON_00178,225,PHONE_00131,missed
CALL_008232,2022-09-27,PERSON_00132,PERSON_00207,424,PHONE_00132,missed
CALL_008233,2026-04-08,PERSON_00133,PERSON_00236,856,PHONE_00133,missed
CALL_008234,2024-05-06,PERSON_00134,PERSON_00265,736,PHONE_00134,voice
CALL_008235,2023-07-29,PERSON_00135,PERSON_00294,428,PHONE_00135,voice
CALL_008236,2022-12-16,PERSON_00136,PERSON_00323,143,PHONE_00136,voice
CALL_008237,2022-12-19,PERSON_00137,PERSON_00352,756,PHONE_00137,voice
CALL_008238,2025-06-04,PERSON_00138,PERSON_00381,377,PHONE_00138,voice
CALL_008239,2021-08-31,PERSON_00139,PERSON_00410,835,PHONE_00139,voice
CALL_008240,2021-01-07,PERSON_00140,PERSON_00439,827,PHONE_00140,missed
CALL_008241,2023-07-22,PERSON_00141,PERSON_00318,91,PHONE_00141,voice
CALL_008242,2024-11-03,PERSON_00142,PERSON_00047,675,PHONE_00142,voice
CALL_008243,2023-04-30,PERSON_00143,PERSON_00076,562,PHONE_00143,voice
CALL_008244,2026-03-27,PERSON_00144,PERSON_00105,554,PHONE_00144,voice
CALL_008245,2025-03-18,PERSON_00145,PERSON_00134,777,PHONE_00145,voice
CALL_008246,2024-12-12,PERSON_00146,PERSON_00163,656,PHONE_00146,voice
CALL_008247,2024-02-26,PERSON_00147,PERSON_00192,400,PHONE_00147,missed
CALL_008248,2023-04-14,PERSON_00148,PERSON_00221,104,PHONE_00148,missed
CALL_008249,2021-07-30,PERSON_00149,PERSON_00250,298,PHONE_00149,voice
CALL_008250,2023-04-17,PERSON_00150,PERSON_00279,550,PHONE_00150,missed
CALL_008251,2023-11-26,PERSON_00151,PERSON_00308,117,PHONE_00151,voice
CALL_008252,2022-03-28,PERSON_00152,PERSON_00337,93,PHONE_00152,voice
CALL_008253,2021-10-04,PERSON_00153,PERSON_00366,37,PHONE_00153,voice
CALL_008254,2022-05-05,PERSON_00154,PERSON_00395,480,PHONE_00154,voice
CALL_008255,2023-10-05,PERSON_00155,PERSON_00424,484,PHONE_00155,voice
CALL_008256,2021-08-11,PERSON_00156,PERSON_00128,19,PHONE_00156,voice
CALL_008257,2021-04-18,PERSON_00157,PERSON_00032,448,PHONE_00157,voice
CALL_008258,2023-01-05,PERSON_00158,PERSON_00061,653,PHONE_00158,voice
CALL_008259,2026-04-28,PERSON_00159,PERSON_00090,113,PHONE_00159,voice
CALL_008260,2025-01-20,PERSON_00160,PERSON_00119,68,PHONE_00160,missed
CALL_008261,2021-10-14,PERSON_00161,PERSON_00194,110,PHONE_00161,missed
CALL_008262,2024-08-30,PERSON_00162,PERSON_00177,102,PHONE_00162,missed
CALL_008263,2024-07-03,PERSON_00163,PERSON_00206,693,PHONE_00163,voice
CALL_008264,2023-04-11,PERSON_00164,PERSON_00235,520,PHONE_00164,voice
CALL_008265,2025-04-13,PERSON_00165,PERSON_00264,648,PHONE_00165,voice
CALL_008266,2024-07-05,PERSON_00166,PERSON_00371,78,PHONE_00166,voice
CALL_008267,2023-04-12,PERSON_00167,PERSON_00322,134,PHONE_00167,voice
CALL_008268,2025-11-02,PERSON_00168,PERSON_00351,323,PHONE_00168,missed
CALL_008269,2025-10-23,PERSON_00169,PERSON_00380,162,PHONE_00169,voice
CALL_008270,2026-05-16,PERSON_00170,PERSON_00409,297,PHONE_00170,missed
CALL_008271,2024-12-07,PERSON_00171,PERSON_00122,16,PHONE_00171,voice
CALL_008272,2021-09-02,PERSON_00172,PERSON_00017,605,PHONE_00172,missed
CALL_008273,2021-06-10,PERSON_00173,PERSON_00046,207,PHONE_00173,missed
CALL_008274,2022-01-27,PERSON_00174,PERSON_00075,174,PHONE_00174,missed
CALL_008275,2026-06-03,PERSON_00175,PERSON_00104,807,PHONE_00175,missed
CALL_008276,2024-08-31,PERSON_00176,PERSON_00133,546,PHONE_00176,voice
CALL_008277,2022-12-18,PERSON_00177,PERSON_00162,226,PHONE_00177,missed
CALL_008278,2023-06-26,PERSON_00178,PERSON_00191,55,PHONE_00178,voice
CALL_008279,2025-03-06,PERSON_00179,PERSON_00220,406,PHONE_00179,missed
CALL_008280,2023-07-20,PERSON_00180,PERSON_00249,483,PHONE_00180,voice
CALL_008281,2025-02-21,PERSON_00181,PERSON_00278,391,PHONE_00181,voice
CALL_008282,2025-04-07,PERSON_00182,PERSON_00307,37,PHONE_00182,missed
CALL_008283,2024-09-26,PERSON_00183,PERSON_00336,812,PHONE_00183,voice
CALL_008284,2021-07-29,PERSON_00184,PERSON_00365,388,PHONE_00184,voice
CALL_008285,2024-10-25,PERSON_00185,PERSON_00394,830,PHONE_00185,voice
CALL_008286,2021-12-29,PERSON_00186,PERSON_00423,845,PHONE_00186,missed
CALL_008287,2025-12-14,PERSON_00187,PERSON_00002,207,PHONE_00187,voice
CALL_008288,2024-07-12,PERSON_00188,PERSON_00031,624,PHONE_00188,voice
CALL_008289,2023-09-13,PERSON_00189,PERSON_00060,766,PHONE_00189,voice
CALL_008290,2025-03-06,PERSON_00190,PERSON_00089,351,PHONE_00190,missed
CALL_008291,2022-11-04,PERSON_00191,PERSON_00194,42,PHONE_00191,voice
CALL_008292,2026-06-24,PERSON_00192,PERSON_00147,484,PHONE_00192,voice
CALL_008293,2023-03-18,PERSON_00193,PERSON_00176,396,PHONE_00193,voice
CALL_008294,2024-07-29,PERSON_00194,PERSON_00205,243,PHONE_00194,voice
CALL_008295,2025-08-11,PERSON_00195,PERSON_00234,133,PHONE_00195,missed
CALL_008296,2022-05-28,PERSON_00196,PERSON_00182,176,PHONE_00196,voice
CALL_008297,2026-05-31,PERSON_00197,PERSON_00292,326,PHONE_00197,voice
CALL_008298,2025-02-25,PERSON_00198,PERSON_00321,708,PHONE_00198,missed
CALL_008299,2022-01-23,PERSON_00199,PERSON_00350,380,PHONE_00199,voice
CALL_008300,2022-12-31,PERSON_00200,PERSON_00379,821,PHONE_00200,voice
CALL_008301,2021-10-24,PERSON_00201,PERSON_00408,37,PHONE_00201,voice
CALL_008302,2021-09-13,PERSON_00202,PERSON_00437,755,PHONE_00202,voice
CALL_008303,2022-04-17,PERSON_00203,PERSON_00016,378,PHONE_00203,voice
CALL_008304,2024-10-06,PERSON_00204,PERSON_00045,816,PHONE_00204,missed
CALL_008305,2023-06-05,PERSON_00205,PERSON_00074,840,PHONE_00205,voice
CALL_008306,2022-01-05,PERSON_00206,PERSON_00103,179,PHONE_00206,voice
CALL_008307,2021-01-22,PERSON_00207,PERSON_00132,277,PHONE_00207,missed
CALL_008308,2023-05-08,PERSON_00208,PERSON_00161,674,PHONE_00208,missed
CALL_008309,2026-02-05,PERSON_00209,PERSON_00190,326,PHONE_00209,voice
CALL_008310,2025-12-28,PERSON_00210,PERSON_00219,629,PHONE_00210,voice
CALL_008311,2023-11-29,PERSON_00211,PERSON_00248,17,PHONE_00211,missed
CALL_008312,2025-08-15,PERSON_00212,PERSON_00277,656,PHONE_00212,voice
CALL_008313,2022-03-24,PERSON_00213,PERSON_00306,168,PHONE_00213,voice
CALL_008314,2024-03-05,PERSON_00214,PERSON_00335,661,PHONE_00214,missed
CALL_008315,2025-08-03,PERSON_00215,PERSON_00364,823,PHONE_00215,voice
CALL_008316,2025-07-06,PERSON_00216,PERSON_00268,51,PHONE_00216,voice
CALL_008317,2022-07-21,PERSON_00217,PERSON_00422,382,PHONE_00217,voice
CALL_008318,2025-01-30,PERSON_00218,PERSON_00001,494,PHONE_00218,missed
CALL_008319,2024-03-09,PERSON_00219,PERSON_00030,418,PHONE_00219,voice
CALL_008320,2022-10-18,PERSON_00220,PERSON_00059,158,PHONE_00220,voice
CALL_008321,2023-05-04,PERSON_00221,PERSON_00442,151,PHONE_00221,missed
CALL_008322,2025-02-08,PERSON_00222,PERSON_00117,187,PHONE_00222,voice
CALL_008323,2021-08-02,PERSON_00223,PERSON_00146,714,PHONE_00223,voice
CALL_008324,2025-05-10,PERSON_00224,PERSON_00175,442,PHONE_00224,missed
CALL_008325,2022-09-12,PERSON_00225,PERSON_00204,610,PHONE_00225,voice
CALL_008326,2021-07-02,PERSON_00226,PERSON_00442,82,PHONE_00226,voice
CALL_008327,2026-05-29,PERSON_00227,PERSON_00262,626,PHONE_00227,voice
CALL_008328,2021-08-23,PERSON_00228,PERSON_00291,636,PHONE_00228,voice
CALL_008329,2023-10-07,PERSON_00229,PERSON_00320,191,PHONE_00229,voice
CALL_008330,2021-07-05,PERSON_00230,PERSON_00349,461,PHONE_00230,missed
CALL_008331,2024-04-30,PERSON_00231,PERSON_00101,122,PHONE_00231,missed
CALL_008332,2025-05-04,PERSON_00232,PERSON_00407,668,PHONE_00232,voice
CALL_008333,2025-10-04,PERSON_00233,PERSON_00436,452,PHONE_00233,missed
CALL_008334,2023-05-12,PERSON_00234,PERSON_00015,541,PHONE_00234,voice
CALL_008335,2024-11-02,PERSON_00235,PERSON_00044,602,PHONE_00235,voice
CALL_008336,2021-10-12,PERSON_00236,PERSON_00073,705,PHONE_00236,voice
CALL_008337,2022-07-24,PERSON_00237,PERSON_00102,117,PHONE_00237,missed
CALL_008338,2023-11-11,PERSON_00238,PERSON_00131,523,PHONE_00238,voice
CALL_008339,2021-11-25,PERSON_00239,PERSON_00160,131,PHONE_00239,voice
CALL_008340,2025-05-25,PERSON_00240,PERSON_00189,872,PHONE_00240,voice
CALL_008341,2021-12-05,PERSON_00241,PERSON_00290,97,PHONE_00241,voice
CALL_008342,2024-08-17,PERSON_00242,PERSON_00247,331,PHONE_00242,voice
CALL_008343,2025-04-25,PERSON_00243,PERSON_00276,360,PHONE_00243,missed
CALL_008344,2023-05-19,PERSON_00244,PERSON_00305,798,PHONE_00244,voice
CALL_008345,2024-10-19,PERSON_00245,PERSON_00334,385,PHONE_00245,missed
CALL_008346,2021-08-03,PERSON_00246,PERSON_00363,894,PHONE_00246,voice
CALL_008347,2022-03-17,PERSON_00247,PERSON_00392,126,PHONE_00247,voice
CALL_008348,2022-12-10,PERSON_00248,PERSON_00421,855,PHONE_00248,voice
CALL_008349,2021-04-23,PERSON_00249,PERSON_00450,744,PHONE_00249,voice
CALL_008350,2021-01-26,PERSON_00250,PERSON_00029,170,PHONE_00250,voice
CALL_008351,2021-04-06,PERSON_00251,PERSON_00058,334,PHONE_00251,missed
CALL_008352,2025-08-27,PERSON_00252,PERSON_00087,315,PHONE_00252,voice
CALL_008353,2025-10-14,PERSON_00253,PERSON_00116,248,PHONE_00253,missed
CALL_008354,2025-10-25,PERSON_00254,PERSON_00145,312,PHONE_00254,voice
CALL_008355,2023-05-12,PERSON_00255,PERSON_00174,648,PHONE_00255,voice
CALL_008356,2024-06-08,PERSON_00256,PERSON_00411,161,PHONE_00256,voice
CALL_008357,2025-08-18,PERSON_00257,PERSON_00232,121,PHONE_00257,voice
CALL_008358,2025-12-07,PERSON_00258,PERSON_00261,630,PHONE_00258,voice
CALL_008359,2026-04-07,PERSON_00259,PERSON_00290,20,PHONE_00259,voice
CALL_008360,2025-03-09,PERSON_00260,PERSON_00319,848,PHONE_00260,voice
CALL_008361,2021-06-06,PERSON_00261,PERSON_00348,69,PHONE_00261,voice
CALL_008362,2023-09-22,PERSON_00262,PERSON_00377,516,PHONE_00262,voice
CALL_008363,2024-06-05,PERSON_00263,PERSON_00406,435,PHONE_00263,voice
CALL_008364,2025-12-31,PERSON_00264,PERSON_00435,721,PHONE_00264,voice
CALL_008365,2024-01-05,PERSON_00265,PERSON_00014,386,PHONE_00265,voice
CALL_008366,2026-03-07,PERSON_00266,PERSON_00043,899,PHONE_00266,voice
CALL_008367,2023-12-15,PERSON_00267,PERSON_00072,372,PHONE_00267,missed
CALL_008368,2021-10-24,PERSON_00268,PERSON_00101,663,PHONE_00268,voice
CALL_008369,2024-11-11,PERSON_00269,PERSON_00130,315,PHONE_00269,voice
CALL_008370,2022-10-11,PERSON_00270,PERSON_00159,75,PHONE_00270,missed
CALL_008371,2023-09-15,PERSON_00271,PERSON_00250,132,PHONE_00271,missed
CALL_008372,2023-01-18,PERSON_00272,PERSON_00217,180,PHONE_00272,missed
CALL_008373,2026-03-20,PERSON_00273,PERSON_00246,51,PHONE_00273,voice
CALL_008374,2026-06-06,PERSON_00274,PERSON_00275,172,PHONE_00274,voice
CALL_008375,2021-12-05,PERSON_00275,PERSON_00304,548,PHONE_00275,missed
CALL_008376,2022-11-01,PERSON_00276,PERSON_00333,463,PHONE_00276,voice
CALL_008377,2026-02-13,PERSON_00277,PERSON_00362,244,PHONE_00277,missed
CALL_008378,2025-08-27,PERSON_00278,PERSON_00391,490,PHONE_00278,missed
CALL_008379,2022-10-14,PERSON_00279,PERSON_00420,152,PHONE_00279,voice
CALL_008380,2021-11-17,PERSON_00280,PERSON_00449,791,PHONE_00280,missed
CALL_008381,2025-05-19,PERSON_00281,PERSON_00028,380,PHONE_00281,missed
CALL_008382,2024-11-24,PERSON_00282,PERSON_00057,528,PHONE_00282,missed
CALL_008383,2021-06-11,PERSON_00283,PERSON_00086,459,PHONE_00283,missed
CALL_008384,2023-09-12,PERSON_00284,PERSON_00115,25,PHONE_00284,voice
CALL_008385,2021-11-15,PERSON_00285,PERSON_00144,68,PHONE_00285,missed
CALL_008386,2022-10-09,PERSON_00286,PERSON_00159,67,PHONE_00286,voice
CALL_008387,2023-07-06,PERSON_00287,PERSON_00202,232,PHONE_00287,voice
CALL_008388,2021-02-15,PERSON_00288,PERSON_00231,183,PHONE_00288,missed
CALL_008389,2021-09-27,PERSON_00289,PERSON_00260,61,PHONE_00289,voice
CALL_008390,2021-11-05,PERSON_00290,PERSON_00289,92,PHONE_00290,voice
CALL_008391,2021-03-28,PERSON_00291,PERSON_00154,34,PHONE_00291,voice
CALL_008392,2024-03-23,PERSON_00292,PERSON_00347,663,PHONE_00292,voice
CALL_008393,2024-11-04,PERSON_00293,PERSON_00376,864,PHONE_00293,missed
CALL_008394,2025-05-16,PERSON_00294,PERSON_00405,768,PHONE_00294,voice
CALL_008395,2021-02-02,PERSON_00295,PERSON_00434,714,PHONE_00295,voice
CALL_008396,2022-12-10,PERSON_00296,PERSON_00013,565,PHONE_00296,voice
CALL_008397,2025-06-08,PERSON_00297,PERSON_00042,813,PHONE_00297,missed
CALL_008398,2025-06-04,PERSON_00298,PERSON_00071,305,PHONE_00298,voice
CALL_008399,2024-07-04,PERSON_00299,PERSON_00100,855,PHONE_00299,missed
CALL_008400,2025-12-02,PERSON_00300,PERSON_00129,569,PHONE_00300,voice
CALL_008401,2023-04-29,PERSON_00301,PERSON_00389,47,PHONE_00301,missed
CALL_008402,2024-03-17,PERSON_00302,PERSON_00187,361,PHONE_00302,missed
CALL_008403,2021-03-16,PERSON_00303,PERSON_00216,865,PHONE_00303,voice
CALL_008404,2025-12-18,PERSON_00304,PERSON_00245,237,PHONE_00304,missed
CALL_008405,2022-07-10,PERSON_00305,PERSON_00274,652,PHONE_00305,voice
CALL_008406,2026-04-29,PERSON_00306,PERSON_00303,109,PHONE_00306,voice
CALL_008407,2022-07-13,PERSON_00307,PERSON_00332,822,PHONE_00307,missed
CALL_008408,2026-03-11,PERSON_00308,PERSON_00361,46,PHONE_00308,missed
CALL_008409,2022-06-02,PERSON_00309,PERSON_00390,271,PHONE_00309,voice
CALL_008410,2025-11-28,PERSON_00310,PERSON_00419,596,PHONE_00310,voice
CALL_008411,2021-02-08,PERSON_00311,PERSON_00448,241,PHONE_00311,missed
CALL_008412,2023-03-14,PERSON_00312,PERSON_00027,149,PHONE_00312,voice
CALL_008413,2021-10-22,PERSON_00313,PERSON_00056,461,PHONE_00313,voice
CALL_008414,2023-03-11,PERSON_00314,PERSON_00085,423,PHONE_00314,voice
CALL_008415,2025-09-20,PERSON_00315,PERSON_00114,662,PHONE_00315,voice
CALL_008416,2023-08-14,PERSON_00316,PERSON_00143,386,PHONE_00316,voice
CALL_008417,2026-01-19,PERSON_00317,PERSON_00172,473,PHONE_00317,voice
CALL_008418,2024-08-11,PERSON_00318,PERSON_00201,38,PHONE_00318,missed
CALL_008419,2022-09-10,PERSON_00319,PERSON_00230,191,PHONE_00319,voice
CALL_008420,2024-03-24,PERSON_00320,PERSON_00259,162,PHONE_00320,voice
CALL_008421,2022-03-10,PERSON_00321,PERSON_00411,98,PHONE_00321,missed
CALL_008422,2023-06-13,PERSON_00322,PERSON_00317,179,PHONE_00322,voice
CALL_008423,2021-05-22,PERSON_00323,PERSON_00346,888,PHONE_00323,missed
CALL_008424,2023-03-06,PERSON_00324,PERSON_00375,136,PHONE_00324,voice
CALL_008425,2025-02-18,PERSON_00325,PERSON_00404,521,PHONE_00325,voice
CALL_008426,2025-01-08,PERSON_00326,PERSON_00433,666,PHONE_00326,missed
CALL_008427,2024-01-25,PERSON_00327,PERSON_00012,732,PHONE_00327,voice
CALL_008428,2026-06-27,PERSON_00328,PERSON_00041,882,PHONE_00328,voice
CALL_008429,2025-01-16,PERSON_00329,PERSON_00070,129,PHONE_00329,voice
CALL_008430,2024-01-05,PERSON_00330,PERSON_00099,277,PHONE_00330,voice
CALL_008431,2024-01-24,PERSON_00331,PERSON_00075,108,PHONE_00331,voice
CALL_008432,2025-10-12,PERSON_00332,PERSON_00157,748,PHONE_00332,voice
CALL_008433,2021-10-11,PERSON_00333,PERSON_00186,685,PHONE_00333,voice
CALL_008434,2023-05-18,PERSON_00334,PERSON_00215,591,PHONE_00334,voice
CALL_008435,2026-01-18,PERSON_00335,PERSON_00244,641,PHONE_00335,missed
CALL_008436,2022-01-29,PERSON_00336,PERSON_00220,9,PHONE_00336,voice
CALL_008437,2024-10-21,PERSON_00337,PERSON_00302,646,PHONE_00337,voice
CALL_008438,2022-01-15,PERSON_00338,PERSON_00331,611,PHONE_00338,voice
CALL_008439,2021-10-30,PERSON_00339,PERSON_00360,219,PHONE_00339,missed
CALL_008440,2024-04-21,PERSON_00340,PERSON_00389,226,PHONE_00340,voice
CALL_008441,2025-12-06,PERSON_00341,PERSON_00418,242,PHONE_00341,missed
CALL_008442,2021-11-20,PERSON_00342,PERSON_00447,662,PHONE_00342,voice
CALL_008443,2024-07-24,PERSON_00343,PERSON_00026,119,PHONE_00343,missed
CALL_008444,2023-01-21,PERSON_00344,PERSON_00055,569,PHONE_00344,voice
CALL_008445,2022-07-31,PERSON_00345,PERSON_00084,633,PHONE_00345,missed
CALL_008446,2022-12-08,PERSON_00346,PERSON_00113,738,PHONE_00346,voice
CALL_008447,2026-01-24,PERSON_00347,PERSON_00142,73,PHONE_00347,voice
CALL_008448,2025-12-09,PERSON_00348,PERSON_00171,607,PHONE_00348,missed
CALL_008449,2023-07-01,PERSON_00349,PERSON_00200,456,PHONE_00349,voice
CALL_008450,2023-05-09,PERSON_00350,PERSON_00229,740,PHONE_00350,voice
CALL_008451,2022-07-10,PERSON_00351,PERSON_00258,29,PHONE_00351,missed
CALL_008452,2026-04-23,PERSON_00352,PERSON_00287,86,PHONE_00352,voice
CALL_008453,2025-09-09,PERSON_00353,PERSON_00316,534,PHONE_00353,voice
CALL_008454,2021-02-25,PERSON_00354,PERSON_00345,135,PHONE_00354,missed
CALL_008455,2023-01-09,PERSON_00355,PERSON_00374,514,PHONE_00355,missed
CALL_008456,2021-09-10,PERSON_00356,PERSON_00403,583,PHONE_00356,voice
CALL_008457,2021-05-30,PERSON_00357,PERSON_00432,558,PHONE_00357,missed
CALL_008458,2022-04-28,PERSON_00358,PERSON_00011,600,PHONE_00358,voice
CALL_008459,2021-01-08,PERSON_00359,PERSON_00040,115,PHONE_00359,voice
CALL_008460,2023-08-19,PERSON_00360,PERSON_00069,396,PHONE_00360,voice
CALL_008461,2024-12-12,PERSON_00361,PERSON_00098,761,PHONE_00361,voice
CALL_008462,2026-05-04,PERSON_00362,PERSON_00127,677,PHONE_00362,voice
CALL_008463,2023-02-02,PERSON_00363,PERSON_00156,262,PHONE_00363,missed
CALL_008464,2025-01-19,PERSON_00364,PERSON_00185,466,PHONE_00364,voice
CALL_008465,2021-01-12,PERSON_00365,PERSON_00214,480,PHONE_00365,voice
CALL_008466,2021-10-21,PERSON_00366,PERSON_00093,12,PHONE_00366,missed
CALL_008467,2023-10-29,PERSON_00367,PERSON_00272,795,PHONE_00367,voice
CALL_008468,2023-07-27,PERSON_00368,PERSON_00301,888,PHONE_00368,voice
CALL_008469,2025-09-25,PERSON_00369,PERSON_00330,568,PHONE_00369,voice
CALL_008470,2022-06-19,PERSON_00370,PERSON_00359,346,PHONE_00370,voice
CALL_008471,2024-08-31,PERSON_00371,PERSON_00410,62,PHONE_00371,missed
CALL_008472,2025-11-16,PERSON_00372,PERSON_00417,572,PHONE_00372,missed
CALL_008473,2024-01-01,PERSON_00373,PERSON_00446,881,PHONE_00373,voice
CALL_008474,2023-06-11,PERSON_00374,PERSON_00025,767,PHONE_00374,voice
CALL_008475,2025-11-22,PERSON_00375,PERSON_00054,415,PHONE_00375,voice
CALL_008476,2021-04-02,PERSON_00376,PERSON_00159,72,PHONE_00376,missed
CALL_008477,2021-10-05,PERSON_00377,PERSON_00112,226,PHONE_00377,missed
CALL_008478,2026-04-09,PERSON_00378,PERSON_00141,401,PHONE_00378,voice
CALL_008479,2021-06-16,PERSON_00379,PERSON_00170,704,PHONE_00379,voice
CALL_008480,2025-01-08,PERSON_00380,PERSON_00199,240,PHONE_00380,voice
CALL_008481,2021-02-21,PERSON_00381,PERSON_00288,167,PHONE_00381,missed
CALL_008482,2023-08-10,PERSON_00382,PERSON_00257,850,PHONE_00382,missed
CALL_008483,2022-01-19,PERSON_00383,PERSON_00286,141,PHONE_00383,voice
CALL_008484,2026-06-15,PERSON_00384,PERSON_00315,754,PHONE_00384,voice
CALL_008485,2022-10-25,PERSON_00385,PERSON_00344,698,PHONE_00385,voice
CALL_008486,2025-07-22,PERSON_00386,PERSON_00373,643,PHONE_00386,missed
CALL_008487,2025-01-02,PERSON_00387,PERSON_00402,408,PHONE_00387,voice
CALL_008488,2022-01-07,PERSON_00388,PERSON_00431,529,PHONE_00388,voice
CALL_008489,2022-08-29,PERSON_00389,PERSON_00010,690,PHONE_00389,missed
CALL_008490,2023-10-18,PERSON_00390,PERSON_00039,478,PHONE_00390,voice
CALL_008491,2022-09-08,PERSON_00391,PERSON_00194,120,PHONE_00391,missed
CALL_008492,2025-04-14,PERSON_00392,PERSON_00097,678,PHONE_00392,voice
CALL_008493,2023-09-16,PERSON_00393,PERSON_00126,724,PHONE_00393,voice
CALL_008494,2021-03-01,PERSON_00394,PERSON_00155,608,PHONE_00394,voice
CALL_008495,2022-08-31,PERSON_00395,PERSON_00184,563,PHONE_00395,voice
CALL_008496,2026-04-18,PERSON_00396,PERSON_00213,351,PHONE_00396,voice
CALL_008497,2022-09-05,PERSON_00397,PERSON_00242,249,PHONE_00397,missed
CALL_008498,2022-03-31,PERSON_00398,PERSON_00271,63,PHONE_00398,voice
CALL_008499,2022-08-29,PERSON_00399,PERSON_00300,386,PHONE_00399,missed
CALL_008500,2025-06-20,PERSON_00400,PERSON_00329,530,PHONE_00400,voice
CALL_008501,2023-04-21,PERSON_00401,PERSON_00250,176,PHONE_00401,voice
CALL_008502,2024-07-06,PERSON_00402,PERSON_00387,454,PHONE_00402,missed
CALL_008503,2025-01-10,PERSON_00403,PERSON_00416,751,PHONE_00403,voice
CALL_008504,2021-07-06,PERSON_00404,PERSON_00445,297,PHONE_00404,voice
CALL_008505,2024-03-05,PERSON_00405,PERSON_00024,413,PHONE_00405,voice
CALL_008506,2023-11-13,PERSON_00406,PERSON_00436,18,PHONE_00406,voice
CALL_008507,2022-06-30,PERSON_00407,PERSON_00082,21,PHONE_00407,voice
CALL_008508,2024-08-10,PERSON_00408,PERSON_00111,476,PHONE_00408,voice
CALL_008509,2022-10-01,PERSON_00409,PERSON_00140,668,PHONE_00409,missed
CALL_008510,2024-08-28,PERSON_00410,PERSON_00169,772,PHONE_00410,voice
CALL_008511,2021-03-04,PERSON_00411,PERSON_00318,64,PHONE_00411,missed
CALL_008512,2026-05-28,PERSON_00412,PERSON_00227,480,PHONE_00412,voice
CALL_008513,2024-04-03,PERSON_00413,PERSON_00256,519,PHONE_00413,voice
CALL_008514,2021-07-17,PERSON_00414,PERSON_00285,410,PHONE_00414,voice
CALL_008515,2024-08-13,PERSON_00415,PERSON_00314,824,PHONE_00415,voice
CALL_008516,2026-01-25,PERSON_00416,PERSON_00343,18,PHONE_00416,missed
CALL_008517,2021-11-04,PERSON_00417,PERSON_00372,452,PHONE_00417,missed
CALL_008518,2026-03-13,PERSON_00418,PERSON_00401,530,PHONE_00418,voice
CALL_008519,2023-12-24,PERSON_00419,PERSON_00430,446,PHONE_00419,voice
CALL_008520,2023-12-03,PERSON_00420,PERSON_00009,103,PHONE_00420,voice
CALL_008521,2025-12-13,PERSON_00421,PERSON_00038,649,PHONE_00421,voice
CALL_008522,2021-05-03,PERSON_00422,PERSON_00067,19,PHONE_00422,voice
CALL_008523,2024-08-30,PERSON_00423,PERSON_00096,759,PHONE_00423,missed
CALL_008524,2022-09-19,PERSON_00424,PERSON_00125,131,PHONE_00424,voice
CALL_008525,2025-03-25,PERSON_00425,PERSON_00154,506,PHONE_00425,voice
CALL_008526,2025-07-26,PERSON_00426,PERSON_00183,138,PHONE_00426,voice
CALL_008527,2025-08-06,PERSON_00427,PERSON_00212,440,PHONE_00427,voice
CALL_008528,2021-04-07,PERSON_00428,PERSON_00241,648,PHONE_00428,missed
CALL_008529,2025-04-02,PERSON_00429,PERSON_00270,198,PHONE_00429,missed
CALL_008530,2025-01-22,PERSON_00430,PERSON_00299,242,PHONE_00430,voice
CALL_008531,2024-04-23,PERSON_00431,PERSON_00328,260,PHONE_00431,voice
CALL_008532,2021-02-07,PERSON_00432,PERSON_00357,19,PHONE_00432,voice
CALL_008533,2022-04-01,PERSON_00433,PERSON_00386,266,PHONE_00433,voice
CALL_008534,2021-02-02,PERSON_00434,PERSON_00415,410,PHONE_00434,voice
CALL_008535,2024-07-23,PERSON_00435,PERSON_00444,351,PHONE_00435,voice
CALL_008536,2021-01-09,PERSON_00436,PERSON_00245,82,PHONE_00436,voice
CALL_008537,2021-06-26,PERSON_00437,PERSON_00052,634,PHONE_00437,voice
CALL_008538,2025-03-27,PERSON_00438,PERSON_00081,886,PHONE_00438,voice
CALL_008539,2022-11-30,PERSON_00439,PERSON_00110,257,PHONE_00439,voice
CALL_008540,2025-06-20,PERSON_00440,PERSON_00139,354,PHONE_00440,voice
CALL_008541,2024-06-09,PERSON_00441,PERSON_00168,140,PHONE_00441,missed
CALL_008542,2022-12-03,PERSON_00442,PERSON_00197,577,PHONE_00442,missed
CALL_008543,2021-10-06,PERSON_00443,PERSON_00226,433,PHONE_00443,voice
CALL_008544,2022-01-29,PERSON_00444,PERSON_00255,621,PHONE_00444,missed
CALL_008545,2021-06-21,PERSON_00445,PERSON_00284,839,PHONE_00445,missed
CALL_008546,2026-04-20,PERSON_00446,PERSON_00313,837,PHONE_00446,voice
CALL_008547,2024-04-05,PERSON_00447,PERSON_00342,343,PHONE_00447,missed
CALL_008548,2025-04-02,PERSON_00448,PERSON_00371,383,PHONE_00448,voice
CALL_008549,2023-11-03,PERSON_00449,PERSON_00400,712,PHONE_00449,voice
CALL_008550,2023-02-23,PERSON_00450,PERSON_00429,781,PHONE_00450,voice
CALL_008551,2024-05-13,PERSON_00001,PERSON_00008,182,PHONE_00001,voice
CALL_008552,2024-03-12,PERSON_00002,PERSON_00037,648,PHONE_00002,voice
CALL_008553,2023-09-23,PERSON_00003,PERSON_00066,322,PHONE_00003,voice
CALL_008554,2021-06-17,PERSON_00004,PERSON_00095,570,PHONE_00004,voice
CALL_008555,2023-02-08,PERSON_00005,PERSON_00124,196,PHONE_00005,missed
CALL_008556,2025-09-13,PERSON_00006,PERSON_00209,161,PHONE_00006,voice
CALL_008557,2025-01-20,PERSON_00007,PERSON_00182,617,PHONE_00007,voice
CALL_008558,2022-10-21,PERSON_00008,PERSON_00211,21,PHONE_00008,missed
CALL_008559,2025-03-27,PERSON_00009,PERSON_00240,329,PHONE_00009,voice
CALL_008560,2021-03-15,PERSON_00010,PERSON_00269,835,PHONE_00010,voice
CALL_008561,2024-03-24,PERSON_00011,PERSON_00298,440,PHONE_00011,voice
CALL_008562,2022-10-15,PERSON_00012,PERSON_00327,896,PHONE_00012,voice
CALL_008563,2026-02-03,PERSON_00013,PERSON_00356,734,PHONE_00013,voice
CALL_008564,2021-08-21,PERSON_00014,PERSON_00385,39,PHONE_00014,voice
CALL_008565,2021-07-14,PERSON_00015,PERSON_00414,602,PHONE_00015,voice
CALL_008566,2021-11-05,PERSON_00016,PERSON_00300,54,PHONE_00016,missed
CALL_008567,2023-07-21,PERSON_00017,PERSON_00022,374,PHONE_00017,voice
CALL_008568,2026-04-12,PERSON_00018,PERSON_00051,385,PHONE_00018,voice
CALL_008569,2024-11-17,PERSON_00019,PERSON_00080,636,PHONE_00019,voice
CALL_008570,2025-03-16,PERSON_00020,PERSON_00109,618,PHONE_00020,voice
CALL_008571,2022-09-19,PERSON_00021,PERSON_00429,126,PHONE_00021,voice
CALL_008572,2022-05-26,PERSON_00022,PERSON_00167,444,PHONE_00022,missed
CALL_008573,2026-05-14,PERSON_00023,PERSON_00196,210,PHONE_00023,voice
CALL_008574,2026-04-16,PERSON_00024,PERSON_00225,295,PHONE_00024,voice
CALL_008575,2023-05-20,PERSON_00025,PERSON_00254,718,PHONE_00025,voice
CALL_008576,2024-11-16,PERSON_00026,PERSON_00283,187,PHONE_00026,missed
CALL_008577,2022-04-04,PERSON_00027,PERSON_00312,41,PHONE_00027,missed
CALL_008578,2024-04-07,PERSON_00028,PERSON_00341,854,PHONE_00028,voice
CALL_008579,2023-07-25,PERSON_00029,PERSON_00370,538,PHONE_00029,voice
CALL_008580,2024-11-29,PERSON_00030,PERSON_00399,204,PHONE_00030,voice
CALL_008581,2024-05-21,PERSON_00031,PERSON_00428,470,PHONE_00031,voice
CALL_008582,2021-04-05,PERSON_00032,PERSON_00007,432,PHONE_00032,missed
CALL_008583,2024-01-11,PERSON_00033,PERSON_00036,620,PHONE_00033,voice
CALL_008584,2023-07-08,PERSON_00034,PERSON_00065,629,PHONE_00034,missed
CALL_008585,2025-04-30,PERSON_00035,PERSON_00094,241,PHONE_00035,missed
CALL_008586,2023-07-21,PERSON_00036,PERSON_00123,413,PHONE_00036,missed
CALL_008587,2022-10-05,PERSON_00037,PERSON_00152,814,PHONE_00037,voice
CALL_008588,2022-12-03,PERSON_00038,PERSON_00181,432,PHONE_00038,voice
CALL_008589,2025-07-10,PERSON_00039,PERSON_00210,495,PHONE_00039,voice
CALL_008590,2024-09-16,PERSON_00040,PERSON_00239,220,PHONE_00040,voice
CALL_008591,2023-09-13,PERSON_00041,PERSON_00268,80,PHONE_00041,voice
CALL_008592,2023-04-14,PERSON_00042,PERSON_00297,593,PHONE_00042,voice
CALL_008593,2025-07-10,PERSON_00043,PERSON_00326,507,PHONE_00043,voice
CALL_008594,2026-03-24,PERSON_00044,PERSON_00355,165,PHONE_00044,voice
CALL_008595,2025-05-25,PERSON_00045,PERSON_00384,304,PHONE_00045,missed
CALL_008596,2024-08-14,PERSON_00046,PERSON_00127,58,PHONE_00046,missed
CALL_008597,2026-06-14,PERSON_00047,PERSON_00442,862,PHONE_00047,voice
CALL_008598,2026-05-13,PERSON_00048,PERSON_00021,52,PHONE_00048,voice
CALL_008599,2026-03-04,PERSON_00049,PERSON_00050,823,PHONE_00049,missed
CALL_008600,2023-02-12,PERSON_00050,PERSON_00079,431,PHONE_00050,voice
CALL_008601,2026-02-25,PERSON_00051,PERSON_00108,595,PHONE_00051,voice
CALL_008602,2025-01-29,PERSON_00052,PERSON_00137,366,PHONE_00052,missed
CALL_008603,2022-06-04,PERSON_00053,PERSON_00166,762,PHONE_00053,voice
CALL_008604,2023-08-02,PERSON_00054,PERSON_00195,287,PHONE_00054,voice
CALL_008605,2023-03-12,PERSON_00055,PERSON_00224,692,PHONE_00055,voice
CALL_008606,2026-04-18,PERSON_00056,PERSON_00253,325,PHONE_00056,voice
CALL_008607,2024-06-13,PERSON_00057,PERSON_00282,660,PHONE_00057,voice
CALL_008608,2022-04-01,PERSON_00058,PERSON_00311,91,PHONE_00058,voice
CALL_008609,2024-04-13,PERSON_00059,PERSON_00340,346,PHONE_00059,voice
CALL_008610,2023-01-19,PERSON_00060,PERSON_00369,605,PHONE_00060,voice
CALL_008611,2021-10-10,PERSON_00061,PERSON_00290,97,PHONE_00061,voice
CALL_008612,2022-01-21,PERSON_00062,PERSON_00427,557,PHONE_00062,missed
CALL_008613,2023-01-28,PERSON_00063,PERSON_00006,440,PHONE_00063,voice
CALL_008614,2021-04-20,PERSON_00064,PERSON_00035,736,PHONE_00064,missed
CALL_008615,2026-02-18,PERSON_00065,PERSON_00064,488,PHONE_00065,voice
CALL_008616,2021-05-24,PERSON_00066,PERSON_00093,345,PHONE_00066,voice
CALL_008617,2026-06-14,PERSON_00067,PERSON_00122,853,PHONE_00067,missed
CALL_008618,2026-05-21,PERSON_00068,PERSON_00151,53,PHONE_00068,voice
CALL_008619,2022-09-25,PERSON_00069,PERSON_00180,609,PHONE_00069,voice
CALL_008620,2021-12-14,PERSON_00070,PERSON_00209,635,PHONE_00070,voice
CALL_008621,2025-01-30,PERSON_00071,PERSON_00238,417,PHONE_00071,voice
CALL_008622,2022-04-12,PERSON_00072,PERSON_00267,332,PHONE_00072,voice
CALL_008623,2022-07-15,PERSON_00073,PERSON_00296,434,PHONE_00073,voice
CALL_008624,2023-08-12,PERSON_00074,PERSON_00325,140,PHONE_00074,missed
CALL_008625,2026-02-26,PERSON_00075,PERSON_00354,690,PHONE_00075,voice
CALL_008626,2021-08-11,PERSON_00076,PERSON_00127,130,PHONE_00076,voice
CALL_008627,2024-10-20,PERSON_00077,PERSON_00412,499,PHONE_00077,voice
CALL_008628,2021-05-17,PERSON_00078,PERSON_00441,707,PHONE_00078,voice
CALL_008629,2026-05-21,PERSON_00079,PERSON_00020,120,PHONE_00079,voice
CALL_008630,2023-10-08,PERSON_00080,PERSON_00049,310,PHONE_00080,voice
CALL_008631,2025-04-08,PERSON_00081,PERSON_00075,9,PHONE_00081,voice
CALL_008632,2024-03-08,PERSON_00082,PERSON_00107,675,PHONE_00082,missed
CALL_008633,2022-07-24,PERSON_00083,PERSON_00136,525,PHONE_00083,voice
CALL_008634,2025-01-13,PERSON_00084,PERSON_00165,324,PHONE_00084,missed
CALL_008635,2024-10-31,PERSON_00085,PERSON_00194,340,PHONE_00085,missed
CALL_008636,2021-08-01,PERSON_00086,PERSON_00018,150,PHONE_00086,voice
CALL_008637,2025-05-12,PERSON_00087,PERSON_00252,282,PHONE_00087,voice
CALL_008638,2021-08-05,PERSON_00088,PERSON_00281,563,PHONE_00088,missed
CALL_008639,2024-05-03,PERSON_00089,PERSON_00310,58,PHONE_00089,missed
CALL_008640,2025-10-11,PERSON_00090,PERSON_00339,48,PHONE_00090,voice
CALL_008641,2022-01-12,PERSON_00091,PERSON_00368,138,PHONE_00091,voice
CALL_008642,2025-01-21,PERSON_00092,PERSON_00397,301,PHONE_00092,missed
CALL_008643,2024-07-07,PERSON_00093,PERSON_00426,282,PHONE_00093,voice
CALL_008644,2021-02-21,PERSON_00094,PERSON_00005,429,PHONE_00094,missed
CALL_008645,2025-03-31,PERSON_00095,PERSON_00034,310,PHONE_00095,missed
CALL_008646,2021-01-23,PERSON_00096,PERSON_00063,536,PHONE_00096,voice
CALL_008647,2023-11-04,PERSON_00097,PERSON_00092,369,PHONE_00097,voice
CALL_008648,2022-08-04,PERSON_00098,PERSON_00121,466,PHONE_00098,missed
CALL_008649,2025-03-04,PERSON_00099,PERSON_00150,430,PHONE_00099,voice
CALL_008650,2021-03-26,PERSON_00100,PERSON_00179,379,PHONE_00100,missed
CALL_008651,2021-01-15,PERSON_00101,PERSON_00075,116,PHONE_00101,voice
CALL_008652,2023-06-16,PERSON_00102,PERSON_00237,248,PHONE_00102,voice
CALL_008653,2022-12-15,PERSON_00103,PERSON_00266,866,PHONE_00103,voice
CALL_008654,2026-01-19,PERSON_00104,PERSON_00295,604,PHONE_00104,missed
CALL_008655,2025-07-30,PERSON_00105,PERSON_00324,244,PHONE_00105,missed
CALL_008656,2024-02-04,PERSON_00106,PERSON_00410,11,PHONE_00106,voice
CALL_008657,2021-06-11,PERSON_00107,PERSON_00382,814,PHONE_00107,voice
CALL_008658,2023-08-12,PERSON_00108,PERSON_00411,817,PHONE_00108,missed
CALL_008659,2025-03-05,PERSON_00109,PERSON_00440,467,PHONE_00109,voice
CALL_008660,2024-05-29,PERSON_00110,PERSON_00019,380,PHONE_00110,missed
CALL_008661,2023-02-13,PERSON_00111,PERSON_00048,495,PHONE_00111,missed
CALL_008662,2026-06-16,PERSON_00112,PERSON_00077,420,PHONE_00112,voice
CALL_008663,2026-06-03,PERSON_00113,PERSON_00106,151,PHONE_00113,voice
CALL_008664,2024-09-19,PERSON_00114,PERSON_00135,333,PHONE_00114,voice
CALL_008665,2025-05-09,PERSON_00115,PERSON_00164,596,PHONE_00115,voice
CALL_008666,2021-10-05,PERSON_00116,PERSON_00193,893,PHONE_00116,missed
CALL_008667,2021-09-18,PERSON_00117,PERSON_00222,230,PHONE_00117,voice
CALL_008668,2021-09-11,PERSON_00118,PERSON_00251,362,PHONE_00118,voice
CALL_008669,2025-01-25,PERSON_00119,PERSON_00280,366,PHONE_00119,missed
CALL_008670,2023-07-16,PERSON_00120,PERSON_00309,639,PHONE_00120,voice
CALL_008671,2025-01-04,PERSON_00121,PERSON_00338,158,PHONE_00121,missed
CALL_008672,2025-09-09,PERSON_00122,PERSON_00367,256,PHONE_00122,voice
CALL_008673,2024-04-02,PERSON_00123,PERSON_00396,301,PHONE_00123,voice
CALL_008674,2024-12-21,PERSON_00124,PERSON_00425,99,PHONE_00124,voice
CALL_008675,2021-04-19,PERSON_00125,PERSON_00004,17,PHONE_00125,missed
CALL_008676,2022-05-15,PERSON_00126,PERSON_00329,61,PHONE_00126,voice
CALL_008677,2021-03-21,PERSON_00127,PERSON_00062,878,PHONE_00127,voice
CALL_008678,2022-04-22,PERSON_00128,PERSON_00091,244,PHONE_00128,missed
CALL_008679,2023-08-27,PERSON_00129,PERSON_00120,211,PHONE_00129,voice
CALL_008680,2022-02-10,PERSON_00130,PERSON_00149,678,PHONE_00130,voice
CALL_008681,2021-06-25,PERSON_00131,PERSON_00178,183,PHONE_00131,voice
CALL_008682,2025-11-29,PERSON_00132,PERSON_00207,323,PHONE_00132,voice
CALL_008683,2021-12-16,PERSON_00133,PERSON_00236,434,PHONE_00133,voice
CALL_008684,2022-10-17,PERSON_00134,PERSON_00265,852,PHONE_00134,voice
CALL_008685,2022-10-08,PERSON_00135,PERSON_00294,835,PHONE_00135,voice
CALL_008686,2026-04-27,PERSON_00136,PERSON_00323,375,PHONE_00136,voice
CALL_008687,2024-05-09,PERSON_00137,PERSON_00352,268,PHONE_00137,voice
CALL_008688,2022-02-01,PERSON_00138,PERSON_00381,575,PHONE_00138,voice
CALL_008689,2022-09-11,PERSON_00139,PERSON_00410,33,PHONE_00139,missed
CALL_008690,2025-09-12,PERSON_00140,PERSON_00439,220,PHONE_00140,missed
CALL_008691,2026-04-05,PERSON_00141,PERSON_00018,147,PHONE_00141,missed
CALL_008692,2024-11-16,PERSON_00142,PERSON_00047,412,PHONE_00142,voice
CALL_008693,2024-12-25,PERSON_00143,PERSON_00076,423,PHONE_00143,voice
CALL_008694,2024-12-25,PERSON_00144,PERSON_00105,633,PHONE_00144,missed
CALL_008695,2023-02-02,PERSON_00145,PERSON_00134,703,PHONE_00145,voice
CALL_008696,2024-01-26,PERSON_00146,PERSON_00163,882,PHONE_00146,voice
CALL_008697,2025-06-14,PERSON_00147,PERSON_00192,71,PHONE_00147,voice
CALL_008698,2022-08-18,PERSON_00148,PERSON_00221,172,PHONE_00148,missed
CALL_008699,2022-07-14,PERSON_00149,PERSON_00250,647,PHONE_00149,missed
CALL_008700,2023-05-07,PERSON_00150,PERSON_00279,608,PHONE_00150,missed
CALL_008701,2022-12-06,PERSON_00151,PERSON_00308,553,PHONE_00151,voice
CALL_008702,2023-01-29,PERSON_00152,PERSON_00337,306,PHONE_00152,missed
CALL_008703,2025-03-06,PERSON_00153,PERSON_00366,110,PHONE_00153,voice
CALL_008704,2025-08-25,PERSON_00154,PERSON_00395,620,PHONE_00154,missed
CALL_008705,2025-06-10,PERSON_00155,PERSON_00424,53,PHONE_00155,voice
CALL_008706,2026-05-15,PERSON_00156,PERSON_00194,159,PHONE_00156,voice
CALL_008707,2021-11-05,PERSON_00157,PERSON_00032,660,PHONE_00157,voice
CALL_008708,2026-01-12,PERSON_00158,PERSON_00061,315,PHONE_00158,missed
CALL_008709,2024-02-02,PERSON_00159,PERSON_00090,708,PHONE_00159,voice
CALL_008710,2026-01-07,PERSON_00160,PERSON_00119,853,PHONE_00160,voice
CALL_008711,2021-12-19,PERSON_00161,PERSON_00030,96,PHONE_00161,missed
CALL_008712,2022-07-22,PERSON_00162,PERSON_00177,555,PHONE_00162,missed
CALL_008713,2023-01-22,PERSON_00163,PERSON_00206,543,PHONE_00163,missed
CALL_008714,2023-03-26,PERSON_00164,PERSON_00235,255,PHONE_00164,voice
CALL_008715,2024-09-21,PERSON_00165,PERSON_00264,459,PHONE_00165,voice
CALL_008716,2023-01-13,PERSON_00166,PERSON_00075,147,PHONE_00166,missed
CALL_008717,2023-07-24,PERSON_00167,PERSON_00322,201,PHONE_00167,voice
CALL_008718,2024-07-10,PERSON_00168,PERSON_00351,848,PHONE_00168,voice
CALL_008719,2021-12-22,PERSON_00169,PERSON_00380,599,PHONE_00169,voice
CALL_008720,2025-01-21,PERSON_00170,PERSON_00409,338,PHONE_00170,voice
CALL_008721,2024-04-07,PERSON_00171,PERSON_00242,80,PHONE_00171,voice
CALL_008722,2021-03-24,PERSON_00172,PERSON_00017,240,PHONE_00172,voice
CALL_008723,2026-02-08,PERSON_00173,PERSON_00046,897,PHONE_00173,voice
CALL_008724,2024-08-01,PERSON_00174,PERSON_00075,290,PHONE_00174,missed
CALL_008725,2021-04-04,PERSON_00175,PERSON_00104,246,PHONE_00175,missed
CALL_008726,2025-02-06,PERSON_00176,PERSON_00133,591,PHONE_00176,voice
CALL_008727,2022-05-25,PERSON_00177,PERSON_00162,689,PHONE_00177,voice
CALL_008728,2022-03-08,PERSON_00178,PERSON_00191,213,PHONE_00178,voice
CALL_008729,2023-02-11,PERSON_00179,PERSON_00220,723,PHONE_00179,missed
CALL_008730,2024-09-06,PERSON_00180,PERSON_00249,81,PHONE_00180,missed
CALL_008731,2021-05-03,PERSON_00181,PERSON_00278,532,PHONE_00181,missed
CALL_008732,2025-06-18,PERSON_00182,PERSON_00307,130,PHONE_00182,voice
CALL_008733,2022-07-03,PERSON_00183,PERSON_00336,105,PHONE_00183,missed
CALL_008734,2024-11-27,PERSON_00184,PERSON_00365,569,PHONE_00184,voice
CALL_008735,2021-07-11,PERSON_00185,PERSON_00394,337,PHONE_00185,voice
CALL_008736,2021-12-07,PERSON_00186,PERSON_00423,119,PHONE_00186,missed
CALL_008737,2026-02-18,PERSON_00187,PERSON_00002,269,PHONE_00187,voice
CALL_008738,2023-02-27,PERSON_00188,PERSON_00031,378,PHONE_00188,missed
CALL_008739,2024-07-17,PERSON_00189,PERSON_00060,72,PHONE_00189,missed
CALL_008740,2024-08-29,PERSON_00190,PERSON_00089,435,PHONE_00190,voice
CALL_008741,2024-04-10,PERSON_00191,PERSON_00268,62,PHONE_00191,voice
CALL_008742,2026-06-27,PERSON_00192,PERSON_00147,638,PHONE_00192,missed
CALL_008743,2022-11-01,PERSON_00193,PERSON_00176,411,PHONE_00193,missed
CALL_008744,2022-11-22,PERSON_00194,PERSON_00205,373,PHONE_00194,missed
CALL_008745,2024-07-07,PERSON_00195,PERSON_00234,316,PHONE_00195,voice
CALL_008746,2022-08-25,PERSON_00196,PERSON_00237,150,PHONE_00196,voice
CALL_008747,2021-01-24,PERSON_00197,PERSON_00292,809,PHONE_00197,voice
CALL_008748,2023-04-20,PERSON_00198,PERSON_00321,129,PHONE_00198,voice
CALL_008749,2023-06-05,PERSON_00199,PERSON_00350,367,PHONE_00199,voice
CALL_008750,2022-09-27,PERSON_00200,PERSON_00379,170,PHONE_00200,voice
CALL_008751,2026-05-31,PERSON_00201,PERSON_00408,664,PHONE_00201,missed
CALL_008752,2022-08-03,PERSON_00202,PERSON_00437,267,PHONE_00202,voice
CALL_008753,2025-08-09,PERSON_00203,PERSON_00016,199,PHONE_00203,missed
CALL_008754,2023-07-01,PERSON_00204,PERSON_00045,624,PHONE_00204,voice
CALL_008755,2023-06-02,PERSON_00205,PERSON_00074,468,PHONE_00205,missed
CALL_008756,2022-08-06,PERSON_00206,PERSON_00103,324,PHONE_00206,missed
CALL_008757,2023-05-29,PERSON_00207,PERSON_00132,703,PHONE_00207,missed
CALL_008758,2022-07-17,PERSON_00208,PERSON_00161,791,PHONE_00208,voice
CALL_008759,2025-03-30,PERSON_00209,PERSON_00190,236,PHONE_00209,voice
CALL_008760,2023-03-24,PERSON_00210,PERSON_00219,355,PHONE_00210,missed
CALL_008761,2025-09-28,PERSON_00211,PERSON_00248,730,PHONE_00211,voice
CALL_008762,2026-04-19,PERSON_00212,PERSON_00277,574,PHONE_00212,missed
CALL_008763,2023-12-25,PERSON_00213,PERSON_00306,856,PHONE_00213,voice
CALL_008764,2025-02-03,PERSON_00214,PERSON_00335,547,PHONE_00214,missed
CALL_008765,2022-08-01,PERSON_00215,PERSON_00364,290,PHONE_00215,voice
CALL_008766,2025-12-02,PERSON_00216,PERSON_00065,49,PHONE_00216,missed
CALL_008767,2022-02-28,PERSON_00217,PERSON_00422,766,PHONE_00217,voice
CALL_008768,2024-09-12,PERSON_00218,PERSON_00001,311,PHONE_00218,voice
CALL_008769,2022-02-26,PERSON_00219,PERSON_00030,419,PHONE_00219,voice
CALL_008770,2021-08-07,PERSON_00220,PERSON_00059,21,PHONE_00220,missed
CALL_008771,2025-07-15,PERSON_00221,PERSON_00292,79,PHONE_00221,missed
CALL_008772,2022-02-16,PERSON_00222,PERSON_00117,692,PHONE_00222,voice
CALL_008773,2024-01-03,PERSON_00223,PERSON_00146,730,PHONE_00223,missed
CALL_008774,2025-08-07,PERSON_00224,PERSON_00175,365,PHONE_00224,voice
CALL_008775,2022-03-04,PERSON_00225,PERSON_00204,244,PHONE_00225,voice
CALL_008776,2025-02-18,PERSON_00226,PERSON_00156,153,PHONE_00226,voice
CALL_008777,2023-07-29,PERSON_00227,PERSON_00262,423,PHONE_00227,voice
CALL_008778,2023-11-28,PERSON_00228,PERSON_00291,605,PHONE_00228,voice
CALL_008779,2023-04-22,PERSON_00229,PERSON_00320,430,PHONE_00229,missed
CALL_008780,2022-09-09,PERSON_00230,PERSON_00349,581,PHONE_00230,voice
CALL_008781,2022-05-22,PERSON_00231,PERSON_00128,19,PHONE_00231,voice
CALL_008782,2022-01-29,PERSON_00232,PERSON_00407,464,PHONE_00232,voice
CALL_008783,2022-10-12,PERSON_00233,PERSON_00436,551,PHONE_00233,voice
CALL_008784,2023-10-24,PERSON_00234,PERSON_00015,330,PHONE_00234,voice
CALL_008785,2023-09-22,PERSON_00235,PERSON_00044,368,PHONE_00235,voice
CALL_008786,2025-11-20,PERSON_00236,PERSON_00073,124,PHONE_00236,missed
CALL_008787,2025-11-28,PERSON_00237,PERSON_00102,102,PHONE_00237,missed
CALL_008788,2023-02-09,PERSON_00238,PERSON_00131,260,PHONE_00238,voice
CALL_008789,2023-08-19,PERSON_00239,PERSON_00160,523,PHONE_00239,missed
CALL_008790,2022-06-28,PERSON_00240,PERSON_00189,217,PHONE_00240,voice
CALL_008791,2025-04-27,PERSON_00241,PERSON_00287,20,PHONE_00241,missed
CALL_008792,2022-05-16,PERSON_00242,PERSON_00247,158,PHONE_00242,missed
CALL_008793,2024-07-21,PERSON_00243,PERSON_00276,229,PHONE_00243,voice
CALL_008794,2021-01-21,PERSON_00244,PERSON_00305,818,PHONE_00244,voice
CALL_008795,2021-03-09,PERSON_00245,PERSON_00334,786,PHONE_00245,voice
CALL_008796,2024-11-11,PERSON_00246,PERSON_00363,755,PHONE_00246,voice
CALL_008797,2025-05-21,PERSON_00247,PERSON_00392,344,PHONE_00247,voice
CALL_008798,2021-06-19,PERSON_00248,PERSON_00421,175,PHONE_00248,voice
CALL_008799,2024-04-09,PERSON_00249,PERSON_00450,289,PHONE_00249,missed
CALL_008800,2026-04-01,PERSON_00250,PERSON_00029,563,PHONE_00250,missed
CALL_008801,2023-11-23,PERSON_00251,PERSON_00058,552,PHONE_00251,voice
CALL_008802,2021-11-03,PERSON_00252,PERSON_00087,736,PHONE_00252,voice
CALL_008803,2021-11-18,PERSON_00253,PERSON_00116,407,PHONE_00253,voice
CALL_008804,2026-06-01,PERSON_00254,PERSON_00145,776,PHONE_00254,voice
CALL_008805,2025-10-23,PERSON_00255,PERSON_00174,254,PHONE_00255,missed
CALL_008806,2025-06-06,PERSON_00256,PERSON_00179,101,PHONE_00256,missed
CALL_008807,2021-12-23,PERSON_00257,PERSON_00232,730,PHONE_00257,voice
CALL_008808,2022-01-13,PERSON_00258,PERSON_00261,645,PHONE_00258,voice
CALL_008809,2024-04-26,PERSON_00259,PERSON_00290,338,PHONE_00259,missed
CALL_008810,2022-10-20,PERSON_00260,PERSON_00319,110,PHONE_00260,missed
CALL_008811,2022-06-03,PERSON_00261,PERSON_00348,373,PHONE_00261,voice
CALL_008812,2024-06-05,PERSON_00262,PERSON_00377,114,PHONE_00262,voice
CALL_008813,2024-11-22,PERSON_00263,PERSON_00406,574,PHONE_00263,voice
CALL_008814,2026-02-27,PERSON_00264,PERSON_00435,70,PHONE_00264,voice
CALL_008815,2021-01-18,PERSON_00265,PERSON_00014,456,PHONE_00265,voice
CALL_008816,2021-12-07,PERSON_00266,PERSON_00043,570,PHONE_00266,missed
CALL_008817,2024-11-14,PERSON_00267,PERSON_00072,485,PHONE_00267,voice
CALL_008818,2022-03-31,PERSON_00268,PERSON_00101,885,PHONE_00268,voice
CALL_008819,2025-09-04,PERSON_00269,PERSON_00130,523,PHONE_00269,voice
CALL_008820,2021-07-22,PERSON_00270,PERSON_00159,221,PHONE_00270,missed
CALL_008821,2021-05-07,PERSON_00271,PERSON_00179,97,PHONE_00271,voice
CALL_008822,2025-09-01,PERSON_00272,PERSON_00217,217,PHONE_00272,voice
CALL_008823,2025-10-10,PERSON_00273,PERSON_00246,619,PHONE_00273,voice
CALL_008824,2025-12-19,PERSON_00274,PERSON_00275,43,PHONE_00274,voice
CALL_008825,2021-02-22,PERSON_00275,PERSON_00304,64,PHONE_00275,voice
CALL_008826,2026-06-26,PERSON_00276,PERSON_00333,137,PHONE_00276,voice
CALL_008827,2022-12-28,PERSON_00277,PERSON_00362,805,PHONE_00277,voice
CALL_008828,2023-01-18,PERSON_00278,PERSON_00391,446,PHONE_00278,missed
CALL_008829,2025-02-14,PERSON_00279,PERSON_00420,85,PHONE_00279,voice
CALL_008830,2024-02-16,PERSON_00280,PERSON_00449,72,PHONE_00280,voice
CALL_008831,2022-01-18,PERSON_00281,PERSON_00028,242,PHONE_00281,missed
CALL_008832,2025-08-05,PERSON_00282,PERSON_00057,253,PHONE_00282,voice
CALL_008833,2026-02-26,PERSON_00283,PERSON_00086,330,PHONE_00283,voice
CALL_008834,2026-04-05,PERSON_00284,PERSON_00115,586,PHONE_00284,voice
CALL_008835,2021-04-28,PERSON_00285,PERSON_00144,179,PHONE_00285,voice
CALL_008836,2025-05-29,PERSON_00286,PERSON_00169,106,PHONE_00286,missed
CALL_008837,2024-06-12,PERSON_00287,PERSON_00202,775,PHONE_00287,missed
CALL_008838,2025-11-05,PERSON_00288,PERSON_00231,708,PHONE_00288,voice
CALL_008839,2026-05-01,PERSON_00289,PERSON_00260,267,PHONE_00289,missed
CALL_008840,2026-02-18,PERSON_00290,PERSON_00289,140,PHONE_00290,voice
CALL_008841,2023-10-31,PERSON_00291,PERSON_00169,84,PHONE_00291,voice
CALL_008842,2023-09-23,PERSON_00292,PERSON_00347,16,PHONE_00292,missed
CALL_008843,2024-07-09,PERSON_00293,PERSON_00376,481,PHONE_00293,voice
CALL_008844,2025-07-06,PERSON_00294,PERSON_00405,604,PHONE_00294,voice
CALL_008845,2021-11-04,PERSON_00295,PERSON_00434,409,PHONE_00295,voice
CALL_008846,2022-11-11,PERSON_00296,PERSON_00013,54,PHONE_00296,voice
CALL_008847,2023-02-14,PERSON_00297,PERSON_00042,46,PHONE_00297,voice
CALL_008848,2022-02-08,PERSON_00298,PERSON_00071,364,PHONE_00298,voice
CALL_008849,2021-06-09,PERSON_00299,PERSON_00100,304,PHONE_00299,voice
CALL_008850,2023-06-02,PERSON_00300,PERSON_00129,540,PHONE_00300,missed
CALL_008851,2024-03-25,PERSON_00301,PERSON_00156,23,PHONE_00301,voice
CALL_008852,2022-07-22,PERSON_00302,PERSON_00187,497,PHONE_00302,voice
CALL_008853,2026-06-25,PERSON_00303,PERSON_00216,714,PHONE_00303,missed
CALL_008854,2022-11-24,PERSON_00304,PERSON_00245,776,PHONE_00304,voice
CALL_008855,2026-04-17,PERSON_00305,PERSON_00274,547,PHONE_00305,missed
CALL_008856,2023-06-19,PERSON_00306,PERSON_00303,125,PHONE_00306,voice
CALL_008857,2026-06-25,PERSON_00307,PERSON_00332,670,PHONE_00307,missed
CALL_008858,2026-01-07,PERSON_00308,PERSON_00361,330,PHONE_00308,voice
CALL_008859,2023-09-11,PERSON_00309,PERSON_00390,68,PHONE_00309,voice
CALL_008860,2023-05-03,PERSON_00310,PERSON_00419,416,PHONE_00310,voice
CALL_008861,2022-08-07,PERSON_00311,PERSON_00448,580,PHONE_00311,voice
CALL_008862,2022-07-29,PERSON_00312,PERSON_00027,660,PHONE_00312,missed
CALL_008863,2026-05-18,PERSON_00313,PERSON_00056,565,PHONE_00313,missed
CALL_008864,2023-07-10,PERSON_00314,PERSON_00085,255,PHONE_00314,missed
CALL_008865,2021-04-14,PERSON_00315,PERSON_00114,55,PHONE_00315,missed
CALL_008866,2021-04-11,PERSON_00316,PERSON_00143,97,PHONE_00316,missed
CALL_008867,2023-02-18,PERSON_00317,PERSON_00172,432,PHONE_00317,missed
CALL_008868,2021-05-24,PERSON_00318,PERSON_00201,402,PHONE_00318,voice
CALL_008869,2023-12-14,PERSON_00319,PERSON_00230,448,PHONE_00319,voice
CALL_008870,2026-01-12,PERSON_00320,PERSON_00259,293,PHONE_00320,missed
CALL_008871,2023-05-24,PERSON_00321,PERSON_00171,33,PHONE_00321,voice
CALL_008872,2025-10-12,PERSON_00322,PERSON_00317,243,PHONE_00322,voice
CALL_008873,2021-01-27,PERSON_00323,PERSON_00346,417,PHONE_00323,voice
CALL_008874,2023-09-13,PERSON_00324,PERSON_00375,307,PHONE_00324,voice
CALL_008875,2023-01-24,PERSON_00325,PERSON_00404,339,PHONE_00325,voice
CALL_008876,2024-02-03,PERSON_00326,PERSON_00433,541,PHONE_00326,voice
CALL_008877,2022-11-07,PERSON_00327,PERSON_00012,144,PHONE_00327,missed
CALL_008878,2025-11-11,PERSON_00328,PERSON_00041,45,PHONE_00328,missed
CALL_008879,2024-08-24,PERSON_00329,PERSON_00070,568,PHONE_00329,voice
CALL_008880,2022-12-27,PERSON_00330,PERSON_00099,506,PHONE_00330,voice
CALL_008881,2023-11-13,PERSON_00331,PERSON_00065,156,PHONE_00331,voice
CALL_008882,2025-10-07,PERSON_00332,PERSON_00157,153,PHONE_00332,voice
CALL_008883,2023-07-29,PERSON_00333,PERSON_00186,168,PHONE_00333,missed
CALL_008884,2022-06-24,PERSON_00334,PERSON_00215,348,PHONE_00334,missed
CALL_008885,2025-11-03,PERSON_00335,PERSON_00244,611,PHONE_00335,voice
CALL_008886,2022-06-07,PERSON_00336,PERSON_00442,166,PHONE_00336,missed
CALL_008887,2022-08-31,PERSON_00337,PERSON_00302,680,PHONE_00337,voice
CALL_008888,2023-09-28,PERSON_00338,PERSON_00331,84,PHONE_00338,missed
CALL_008889,2022-04-02,PERSON_00339,PERSON_00360,54,PHONE_00339,voice
CALL_008890,2025-06-09,PERSON_00340,PERSON_00389,374,PHONE_00340,voice
CALL_008891,2022-12-19,PERSON_00341,PERSON_00418,339,PHONE_00341,voice
CALL_008892,2021-09-29,PERSON_00342,PERSON_00447,90,PHONE_00342,voice
CALL_008893,2024-02-16,PERSON_00343,PERSON_00026,494,PHONE_00343,voice
CALL_008894,2023-12-29,PERSON_00344,PERSON_00055,162,PHONE_00344,voice
CALL_008895,2023-07-22,PERSON_00345,PERSON_00084,806,PHONE_00345,voice
CALL_008896,2026-03-09,PERSON_00346,PERSON_00113,605,PHONE_00346,voice
CALL_008897,2024-06-23,PERSON_00347,PERSON_00142,589,PHONE_00347,voice
CALL_008898,2021-05-21,PERSON_00348,PERSON_00171,44,PHONE_00348,missed
CALL_008899,2026-05-02,PERSON_00349,PERSON_00200,677,PHONE_00349,voice
CALL_008900,2024-02-20,PERSON_00350,PERSON_00229,246,PHONE_00350,missed
CALL_008901,2022-03-17,PERSON_00351,PERSON_00258,667,PHONE_00351,voice
CALL_008902,2022-06-14,PERSON_00352,PERSON_00287,64,PHONE_00352,voice
CALL_008903,2023-11-04,PERSON_00353,PERSON_00316,853,PHONE_00353,voice
CALL_008904,2021-04-15,PERSON_00354,PERSON_00345,824,PHONE_00354,missed
CALL_008905,2021-06-09,PERSON_00355,PERSON_00374,736,PHONE_00355,voice
CALL_008906,2023-03-18,PERSON_00356,PERSON_00403,497,PHONE_00356,voice
CALL_008907,2021-01-05,PERSON_00357,PERSON_00432,198,PHONE_00357,voice
CALL_008908,2022-01-14,PERSON_00358,PERSON_00011,459,PHONE_00358,voice
CALL_008909,2022-06-23,PERSON_00359,PERSON_00040,840,PHONE_00359,voice
CALL_008910,2023-04-14,PERSON_00360,PERSON_00069,414,PHONE_00360,voice
CALL_008911,2026-01-14,PERSON_00361,PERSON_00098,360,PHONE_00361,voice
CALL_008912,2024-12-23,PERSON_00362,PERSON_00127,158,PHONE_00362,missed
CALL_008913,2025-07-19,PERSON_00363,PERSON_00156,115,PHONE_00363,missed
CALL_008914,2026-03-24,PERSON_00364,PERSON_00185,514,PHONE_00364,voice
CALL_008915,2024-01-14,PERSON_00365,PERSON_00214,460,PHONE_00365,missed
CALL_008916,2021-12-13,PERSON_00366,PERSON_00355,177,PHONE_00366,voice
CALL_008917,2022-02-14,PERSON_00367,PERSON_00272,670,PHONE_00367,voice
CALL_008918,2023-10-08,PERSON_00368,PERSON_00301,67,PHONE_00368,voice
CALL_008919,2025-11-19,PERSON_00369,PERSON_00330,155,PHONE_00369,voice
CALL_008920,2024-12-19,PERSON_00370,PERSON_00359,562,PHONE_00370,voice
CALL_008921,2024-05-30,PERSON_00371,PERSON_00242,124,PHONE_00371,voice
CALL_008922,2023-08-31,PERSON_00372,PERSON_00417,234,PHONE_00372,voice
CALL_008923,2025-01-11,PERSON_00373,PERSON_00446,394,PHONE_00373,voice
CALL_008924,2022-12-15,PERSON_00374,PERSON_00025,140,PHONE_00374,voice
CALL_008925,2026-06-05,PERSON_00375,PERSON_00054,864,PHONE_00375,missed
CALL_008926,2025-12-24,PERSON_00376,PERSON_00410,165,PHONE_00376,missed
CALL_008927,2024-06-16,PERSON_00377,PERSON_00112,172,PHONE_00377,missed
CALL_008928,2022-05-20,PERSON_00378,PERSON_00141,380,PHONE_00378,missed
CALL_008929,2024-06-13,PERSON_00379,PERSON_00170,469,PHONE_00379,voice
CALL_008930,2021-05-29,PERSON_00380,PERSON_00199,783,PHONE_00380,voice
CALL_008931,2022-04-05,PERSON_00381,PERSON_00117,137,PHONE_00381,missed
CALL_008932,2023-01-06,PERSON_00382,PERSON_00257,473,PHONE_00382,voice
CALL_008933,2023-05-16,PERSON_00383,PERSON_00286,655,PHONE_00383,missed
CALL_008934,2022-07-01,PERSON_00384,PERSON_00315,226,PHONE_00384,missed
CALL_008935,2025-10-10,PERSON_00385,PERSON_00344,570,PHONE_00385,voice
CALL_008936,2023-12-03,PERSON_00386,PERSON_00373,645,PHONE_00386,voice
CALL_008937,2025-03-07,PERSON_00387,PERSON_00402,861,PHONE_00387,voice
CALL_008938,2022-08-10,PERSON_00388,PERSON_00431,638,PHONE_00388,missed
CALL_008939,2026-06-19,PERSON_00389,PERSON_00010,137,PHONE_00389,voice
CALL_008940,2024-06-01,PERSON_00390,PERSON_00039,601,PHONE_00390,voice
CALL_008941,2022-10-26,PERSON_00391,PERSON_00122,94,PHONE_00391,voice
CALL_008942,2024-06-30,PERSON_00392,PERSON_00097,197,PHONE_00392,voice
CALL_008943,2023-11-02,PERSON_00393,PERSON_00126,128,PHONE_00393,voice
CALL_008944,2025-11-04,PERSON_00394,PERSON_00155,76,PHONE_00394,missed
CALL_008945,2022-05-20,PERSON_00395,PERSON_00184,784,PHONE_00395,voice
CALL_008946,2025-06-18,PERSON_00396,PERSON_00213,391,PHONE_00396,voice
CALL_008947,2021-12-05,PERSON_00397,PERSON_00242,383,PHONE_00397,missed
CALL_008948,2024-06-14,PERSON_00398,PERSON_00271,607,PHONE_00398,missed
CALL_008949,2024-10-06,PERSON_00399,PERSON_00300,779,PHONE_00399,voice
CALL_008950,2024-03-08,PERSON_00400,PERSON_00329,896,PHONE_00400,voice
CALL_008951,2025-01-25,PERSON_00401,PERSON_00117,9,PHONE_00401,voice
CALL_008952,2021-12-21,PERSON_00402,PERSON_00387,571,PHONE_00402,voice
CALL_008953,2022-07-15,PERSON_00403,PERSON_00416,436,PHONE_00403,voice
CALL_008954,2023-03-30,PERSON_00404,PERSON_00445,886,PHONE_00404,voice
CALL_008955,2021-12-05,PERSON_00405,PERSON_00024,832,PHONE_00405,voice
CALL_008956,2022-01-20,PERSON_00406,PERSON_00242,12,PHONE_00406,voice
CALL_008957,2024-05-22,PERSON_00407,PERSON_00082,482,PHONE_00407,voice
CALL_008958,2024-04-13,PERSON_00408,PERSON_00111,721,PHONE_00408,missed
CALL_008959,2024-04-16,PERSON_00409,PERSON_00140,330,PHONE_00409,missed
CALL_008960,2023-03-07,PERSON_00410,PERSON_00169,794,PHONE_00410,voice
CALL_008961,2023-09-27,PERSON_00411,PERSON_00018,46,PHONE_00411,missed
CALL_008962,2023-11-07,PERSON_00412,PERSON_00227,46,PHONE_00412,voice
CALL_008963,2023-07-24,PERSON_00413,PERSON_00256,888,PHONE_00413,voice
CALL_008964,2023-04-07,PERSON_00414,PERSON_00285,143,PHONE_00414,voice
CALL_008965,2023-01-21,PERSON_00415,PERSON_00314,656,PHONE_00415,voice
CALL_008966,2024-04-13,PERSON_00416,PERSON_00343,194,PHONE_00416,voice
CALL_008967,2024-02-04,PERSON_00417,PERSON_00372,81,PHONE_00417,missed
CALL_008968,2026-06-25,PERSON_00418,PERSON_00401,351,PHONE_00418,missed
CALL_008969,2022-01-11,PERSON_00419,PERSON_00430,570,PHONE_00419,voice
CALL_008970,2021-12-25,PERSON_00420,PERSON_00009,265,PHONE_00420,voice
CALL_008971,2025-08-04,PERSON_00421,PERSON_00038,696,PHONE_00421,voice
CALL_008972,2023-06-18,PERSON_00422,PERSON_00067,490,PHONE_00422,missed
CALL_008973,2023-08-22,PERSON_00423,PERSON_00096,348,PHONE_00423,voice
CALL_008974,2024-01-16,PERSON_00424,PERSON_00125,424,PHONE_00424,missed
CALL_008975,2023-09-23,PERSON_00425,PERSON_00154,612,PHONE_00425,voice
CALL_008976,2023-05-31,PERSON_00426,PERSON_00183,498,PHONE_00426,voice
CALL_008977,2022-03-27,PERSON_00427,PERSON_00212,424,PHONE_00427,missed
CALL_008978,2026-03-14,PERSON_00428,PERSON_00241,509,PHONE_00428,voice
CALL_008979,2025-06-21,PERSON_00429,PERSON_00270,823,PHONE_00429,missed
CALL_008980,2023-04-17,PERSON_00430,PERSON_00299,248,PHONE_00430,voice
CALL_008981,2024-12-11,PERSON_00431,PERSON_00328,858,PHONE_00431,voice
CALL_008982,2022-01-16,PERSON_00432,PERSON_00357,142,PHONE_00432,voice
CALL_008983,2022-11-25,PERSON_00433,PERSON_00386,41,PHONE_00433,voice
CALL_008984,2025-12-16,PERSON_00434,PERSON_00415,497,PHONE_00434,voice
CALL_008985,2021-11-30,PERSON_00435,PERSON_00444,166,PHONE_00435,missed
CALL_008986,2023-06-26,PERSON_00436,PERSON_00220,76,PHONE_00436,missed
CALL_008987,2021-09-07,PERSON_00437,PERSON_00052,862,PHONE_00437,voice
CALL_008988,2023-10-31,PERSON_00438,PERSON_00081,442,PHONE_00438,missed
CALL_008989,2021-12-25,PERSON_00439,PERSON_00110,248,PHONE_00439,voice
CALL_008990,2025-09-05,PERSON_00440,PERSON_00139,616,PHONE_00440,voice
CALL_008991,2021-11-01,PERSON_00441,PERSON_00168,402,PHONE_00441,voice
CALL_008992,2023-02-22,PERSON_00442,PERSON_00197,361,PHONE_00442,voice
CALL_008993,2026-05-21,PERSON_00443,PERSON_00226,351,PHONE_00443,missed
CALL_008994,2025-12-12,PERSON_00444,PERSON_00255,626,PHONE_00444,voice
CALL_008995,2023-07-17,PERSON_00445,PERSON_00284,754,PHONE_00445,voice
CALL_008996,2025-08-13,PERSON_00446,PERSON_00313,443,PHONE_00446,voice
CALL_008997,2024-02-09,PERSON_00447,PERSON_00342,275,PHONE_00447,voice
CALL_008998,2021-05-28,PERSON_00448,PERSON_00371,347,PHONE_00448,missed
CALL_008999,2023-08-13,PERSON_00449,PERSON_00400,59,PHONE_00449,voice
CALL_009000,2025-01-20,PERSON_00450,PERSON_00429,332,PHONE_00450,missed
CALL_009001,2023-02-19,PERSON_00001,PERSON_00008,502,PHONE_00001,voice
CALL_009002,2022-07-12,PERSON_00002,PERSON_00037,769,PHONE_00002,missed
CALL_009003,2021-04-12,PERSON_00003,PERSON_00066,137,PHONE_00003,missed
CALL_009004,2024-09-25,PERSON_00004,PERSON_00095,695,PHONE_00004,voice
CALL_009005,2026-05-11,PERSON_00005,PERSON_00124,798,PHONE_00005,voice
CALL_009006,2024-01-08,PERSON_00006,PERSON_00081,63,PHONE_00006,missed
CALL_009007,2025-05-25,PERSON_00007,PERSON_00182,395,PHONE_00007,voice
CALL_009008,2022-08-07,PERSON_00008,PERSON_00211,255,PHONE_00008,voice
CALL_009009,2022-06-20,PERSON_00009,PERSON_00240,251,PHONE_00009,missed
CALL_009010,2023-06-26,PERSON_00010,PERSON_00269,790,PHONE_00010,voice
CALL_009011,2026-05-31,PERSON_00011,PERSON_00298,185,PHONE_00011,voice
CALL_009012,2025-05-26,PERSON_00012,PERSON_00327,366,PHONE_00012,voice
CALL_009013,2022-06-16,PERSON_00013,PERSON_00356,203,PHONE_00013,voice
CALL_009014,2024-08-29,PERSON_00014,PERSON_00385,659,PHONE_00014,voice
CALL_009015,2024-09-14,PERSON_00015,PERSON_00414,180,PHONE_00015,voice
CALL_009016,2022-02-14,PERSON_00016,PERSON_00110,76,PHONE_00016,voice
CALL_009017,2024-10-18,PERSON_00017,PERSON_00022,742,PHONE_00017,missed
CALL_009018,2026-01-22,PERSON_00018,PERSON_00051,665,PHONE_00018,missed
CALL_009019,2023-01-05,PERSON_00019,PERSON_00080,573,PHONE_00019,voice
CALL_009020,2024-12-19,PERSON_00020,PERSON_00109,293,PHONE_00020,voice
CALL_009021,2025-01-26,PERSON_00021,PERSON_00117,137,PHONE_00021,missed
CALL_009022,2021-06-03,PERSON_00022,PERSON_00167,389,PHONE_00022,voice
CALL_009023,2024-08-30,PERSON_00023,PERSON_00196,869,PHONE_00023,missed
CALL_009024,2024-11-08,PERSON_00024,PERSON_00225,199,PHONE_00024,voice
CALL_009025,2024-10-26,PERSON_00025,PERSON_00254,228,PHONE_00025,missed
CALL_009026,2025-05-16,PERSON_00026,PERSON_00283,338,PHONE_00026,voice
CALL_009027,2026-05-13,PERSON_00027,PERSON_00312,504,PHONE_00027,missed
CALL_009028,2021-11-25,PERSON_00028,PERSON_00341,87,PHONE_00028,missed
CALL_009029,2021-03-06,PERSON_00029,PERSON_00370,89,PHONE_00029,voice
CALL_009030,2021-10-12,PERSON_00030,PERSON_00399,583,PHONE_00030,missed
CALL_009031,2023-11-02,PERSON_00031,PERSON_00428,785,PHONE_00031,voice
CALL_009032,2022-08-30,PERSON_00032,PERSON_00007,723,PHONE_00032,voice
CALL_009033,2022-07-27,PERSON_00033,PERSON_00036,538,PHONE_00033,voice
CALL_009034,2025-02-17,PERSON_00034,PERSON_00065,696,PHONE_00034,missed
CALL_009035,2025-05-21,PERSON_00035,PERSON_00094,47,PHONE_00035,voice
CALL_009036,2023-11-14,PERSON_00036,PERSON_00123,317,PHONE_00036,missed
CALL_009037,2025-04-06,PERSON_00037,PERSON_00152,327,PHONE_00037,missed
CALL_009038,2025-07-20,PERSON_00038,PERSON_00181,880,PHONE_00038,voice
CALL_009039,2021-12-10,PERSON_00039,PERSON_00210,232,PHONE_00039,missed
CALL_009040,2023-12-20,PERSON_00040,PERSON_00239,322,PHONE_00040,missed
CALL_009041,2021-10-14,PERSON_00041,PERSON_00268,731,PHONE_00041,missed
CALL_009042,2021-12-16,PERSON_00042,PERSON_00297,281,PHONE_00042,voice
CALL_009043,2023-01-07,PERSON_00043,PERSON_00326,322,PHONE_00043,voice
CALL_009044,2021-12-17,PERSON_00044,PERSON_00355,420,PHONE_00044,voice
CALL_009045,2024-08-17,PERSON_00045,PERSON_00384,747,PHONE_00045,voice
CALL_009046,2026-04-21,PERSON_00046,PERSON_00439,49,PHONE_00046,missed
CALL_009047,2021-11-09,PERSON_00047,PERSON_00442,854,PHONE_00047,voice
CALL_009048,2021-04-16,PERSON_00048,PERSON_00021,153,PHONE_00048,voice
CALL_009049,2025-10-05,PERSON_00049,PERSON_00050,102,PHONE_00049,missed
CALL_009050,2021-05-04,PERSON_00050,PERSON_00079,593,PHONE_00050,voice
CALL_009051,2025-05-30,PERSON_00051,PERSON_00108,451,PHONE_00051,missed
CALL_009052,2021-09-10,PERSON_00052,PERSON_00137,311,PHONE_00052,voice
CALL_009053,2023-11-06,PERSON_00053,PERSON_00166,42,PHONE_00053,voice
CALL_009054,2023-11-07,PERSON_00054,PERSON_00195,459,PHONE_00054,missed
CALL_009055,2023-12-17,PERSON_00055,PERSON_00224,682,PHONE_00055,voice
CALL_009056,2025-11-30,PERSON_00056,PERSON_00253,216,PHONE_00056,voice
CALL_009057,2025-06-15,PERSON_00057,PERSON_00282,689,PHONE_00057,missed
CALL_009058,2022-10-27,PERSON_00058,PERSON_00311,810,PHONE_00058,voice
CALL_009059,2021-03-05,PERSON_00059,PERSON_00340,861,PHONE_00059,voice
CALL_009060,2024-03-02,PERSON_00060,PERSON_00369,141,PHONE_00060,missed
CALL_009061,2022-11-23,PERSON_00061,PERSON_00219,37,PHONE_00061,voice
CALL_009062,2022-03-08,PERSON_00062,PERSON_00427,393,PHONE_00062,voice
CALL_009063,2023-04-19,PERSON_00063,PERSON_00006,195,PHONE_00063,missed
CALL_009064,2025-01-14,PERSON_00064,PERSON_00035,828,PHONE_00064,voice
CALL_009065,2024-07-03,PERSON_00065,PERSON_00064,500,PHONE_00065,missed
CALL_009066,2025-10-14,PERSON_00066,PERSON_00093,881,PHONE_00066,voice
CALL_009067,2022-08-25,PERSON_00067,PERSON_00122,842,PHONE_00067,missed
CALL_009068,2021-06-15,PERSON_00068,PERSON_00151,509,PHONE_00068,voice
CALL_009069,2021-07-26,PERSON_00069,PERSON_00180,841,PHONE_00069,voice
CALL_009070,2023-05-26,PERSON_00070,PERSON_00209,720,PHONE_00070,voice
CALL_009071,2022-11-26,PERSON_00071,PERSON_00238,731,PHONE_00071,missed
CALL_009072,2024-02-21,PERSON_00072,PERSON_00267,373,PHONE_00072,missed
CALL_009073,2022-03-09,PERSON_00073,PERSON_00296,684,PHONE_00073,missed
CALL_009074,2022-01-07,PERSON_00074,PERSON_00325,663,PHONE_00074,voice
CALL_009075,2025-06-17,PERSON_00075,PERSON_00354,431,PHONE_00075,voice
CALL_009076,2023-10-19,PERSON_00076,PERSON_00065,32,PHONE_00076,missed
CALL_009077,2026-06-13,PERSON_00077,PERSON_00412,476,PHONE_00077,voice
CALL_009078,2026-06-06,PERSON_00078,PERSON_00441,696,PHONE_00078,missed
CALL_009079,2025-09-25,PERSON_00079,PERSON_00020,417,PHONE_00079,missed
CALL_009080,2021-02-28,PERSON_00080,PERSON_00049,874,PHONE_00080,voice
CALL_009081,2025-06-08,PERSON_00081,PERSON_00244,30,PHONE_00081,missed
CALL_009082,2023-03-09,PERSON_00082,PERSON_00107,585,PHONE_00082,voice
CALL_009083,2021-10-10,PERSON_00083,PERSON_00136,379,PHONE_00083,missed
CALL_009084,2022-09-26,PERSON_00084,PERSON_00165,566,PHONE_00084,voice
CALL_009085,2022-04-02,PERSON_00085,PERSON_00194,544,PHONE_00085,missed
CALL_009086,2026-03-12,PERSON_00086,PERSON_00411,113,PHONE_00086,voice
CALL_009087,2022-02-09,PERSON_00087,PERSON_00252,705,PHONE_00087,voice
CALL_009088,2023-03-26,PERSON_00088,PERSON_00281,884,PHONE_00088,voice
CALL_009089,2022-11-17,PERSON_00089,PERSON_00310,342,PHONE_00089,voice
CALL_009090,2022-05-11,PERSON_00090,PERSON_00339,863,PHONE_00090,missed
CALL_009091,2026-03-10,PERSON_00091,PERSON_00368,364,PHONE_00091,missed
CALL_009092,2021-05-29,PERSON_00092,PERSON_00397,149,PHONE_00092,missed
CALL_009093,2025-02-02,PERSON_00093,PERSON_00426,653,PHONE_00093,missed
CALL_009094,2022-01-24,PERSON_00094,PERSON_00005,17,PHONE_00094,voice
CALL_009095,2025-10-20,PERSON_00095,PERSON_00034,456,PHONE_00095,voice
CALL_009096,2026-03-06,PERSON_00096,PERSON_00063,62,PHONE_00096,voice
CALL_009097,2023-01-29,PERSON_00097,PERSON_00092,872,PHONE_00097,missed
CALL_009098,2023-10-28,PERSON_00098,PERSON_00121,789,PHONE_00098,voice
CALL_009099,2024-10-21,PERSON_00099,PERSON_00150,444,PHONE_00099,voice
CALL_009100,2023-11-10,PERSON_00100,PERSON_00179,625,PHONE_00100,missed
CALL_009101,2025-10-17,PERSON_00101,PERSON_00219,38,PHONE_00101,missed
CALL_009102,2022-03-01,PERSON_00102,PERSON_00237,422,PHONE_00102,missed
CALL_009103,2023-11-04,PERSON_00103,PERSON_00266,265,PHONE_00103,voice
CALL_009104,2021-01-03,PERSON_00104,PERSON_00295,623,PHONE_00104,voice
CALL_009105,2021-11-20,PERSON_00105,PERSON_00324,746,PHONE_00105,voice
CALL_009106,2021-08-05,PERSON_00106,PERSON_00290,94,PHONE_00106,missed
CALL_009107,2025-12-04,PERSON_00107,PERSON_00382,101,PHONE_00107,missed
CALL_009108,2021-02-26,PERSON_00108,PERSON_00411,894,PHONE_00108,missed
CALL_009109,2024-12-26,PERSON_00109,PERSON_00440,54,PHONE_00109,missed
CALL_009110,2025-04-22,PERSON_00110,PERSON_00019,175,PHONE_00110,voice
CALL_009111,2024-03-19,PERSON_00111,PERSON_00048,522,PHONE_00111,voice
CALL_009112,2021-04-15,PERSON_00112,PERSON_00077,354,PHONE_00112,voice
CALL_009113,2022-08-22,PERSON_00113,PERSON_00106,515,PHONE_00113,missed
CALL_009114,2023-08-07,PERSON_00114,PERSON_00135,21,PHONE_00114,missed
CALL_009115,2025-09-10,PERSON_00115,PERSON_00164,132,PHONE_00115,voice
CALL_009116,2025-06-12,PERSON_00116,PERSON_00193,654,PHONE_00116,missed
CALL_009117,2025-10-30,PERSON_00117,PERSON_00222,35,PHONE_00117,voice
CALL_009118,2025-08-23,PERSON_00118,PERSON_00251,713,PHONE_00118,voice
CALL_009119,2025-04-05,PERSON_00119,PERSON_00280,735,PHONE_00119,voice
CALL_009120,2024-08-11,PERSON_00120,PERSON_00309,68,PHONE_00120,missed
CALL_009121,2021-01-26,PERSON_00121,PERSON_00338,122,PHONE_00121,voice
CALL_009122,2022-09-10,PERSON_00122,PERSON_00367,684,PHONE_00122,voice
CALL_009123,2021-12-03,PERSON_00123,PERSON_00396,672,PHONE_00123,voice
CALL_009124,2025-03-13,PERSON_00124,PERSON_00425,492,PHONE_00124,voice
CALL_009125,2022-01-19,PERSON_00125,PERSON_00004,752,PHONE_00125,voice
CALL_009126,2025-07-29,PERSON_00126,PERSON_00052,47,PHONE_00126,voice
CALL_009127,2024-09-25,PERSON_00127,PERSON_00062,556,PHONE_00127,missed
CALL_009128,2025-09-15,PERSON_00128,PERSON_00091,180,PHONE_00128,missed
CALL_009129,2024-08-09,PERSON_00129,PERSON_00120,807,PHONE_00129,voice
CALL_009130,2024-10-20,PERSON_00130,PERSON_00149,374,PHONE_00130,voice
CALL_009131,2025-02-26,PERSON_00131,PERSON_00178,430,PHONE_00131,missed
CALL_009132,2023-03-31,PERSON_00132,PERSON_00207,841,PHONE_00132,voice
CALL_009133,2024-07-29,PERSON_00133,PERSON_00236,311,PHONE_00133,voice
CALL_009134,2021-12-12,PERSON_00134,PERSON_00265,100,PHONE_00134,voice
CALL_009135,2022-10-26,PERSON_00135,PERSON_00294,112,PHONE_00135,voice
CALL_009136,2024-01-18,PERSON_00136,PERSON_00323,492,PHONE_00136,missed
CALL_009137,2022-10-30,PERSON_00137,PERSON_00352,456,PHONE_00137,voice
CALL_009138,2022-04-10,PERSON_00138,PERSON_00381,691,PHONE_00138,voice
CALL_009139,2022-06-24,PERSON_00139,PERSON_00410,663,PHONE_00139,voice
CALL_009140,2021-10-16,PERSON_00140,PERSON_00439,336,PHONE_00140,voice
CALL_009141,2024-01-18,PERSON_00141,PERSON_00219,139,PHONE_00141,voice
CALL_009142,2022-09-05,PERSON_00142,PERSON_00047,378,PHONE_00142,voice
CALL_009143,2021-10-05,PERSON_00143,PERSON_00076,279,PHONE_00143,missed
CALL_009144,2024-04-27,PERSON_00144,PERSON_00105,502,PHONE_00144,voice
CALL_009145,2021-06-07,PERSON_00145,PERSON_00134,740,PHONE_00145,voice
CALL_009146,2024-08-03,PERSON_00146,PERSON_00163,267,PHONE_00146,voice
CALL_009147,2023-07-11,PERSON_00147,PERSON_00192,308,PHONE_00147,missed
CALL_009148,2022-03-16,PERSON_00148,PERSON_00221,490,PHONE_00148,voice
CALL_009149,2025-12-20,PERSON_00149,PERSON_00250,766,PHONE_00149,voice
CALL_009150,2024-11-05,PERSON_00150,PERSON_00279,545,PHONE_00150,voice
CALL_009151,2021-07-21,PERSON_00151,PERSON_00308,263,PHONE_00151,missed
CALL_009152,2024-09-09,PERSON_00152,PERSON_00337,592,PHONE_00152,voice
CALL_009153,2026-06-27,PERSON_00153,PERSON_00366,406,PHONE_00153,voice
CALL_009154,2022-12-08,PERSON_00154,PERSON_00395,62,PHONE_00154,voice
CALL_009155,2026-06-07,PERSON_00155,PERSON_00424,358,PHONE_00155,missed
CALL_009156,2021-10-03,PERSON_00156,PERSON_00355,62,PHONE_00156,voice
CALL_009157,2023-06-09,PERSON_00157,PERSON_00032,629,PHONE_00157,voice
CALL_009158,2024-04-16,PERSON_00158,PERSON_00061,868,PHONE_00158,voice
CALL_009159,2022-09-12,PERSON_00159,PERSON_00090,215,PHONE_00159,missed
CALL_009160,2022-06-26,PERSON_00160,PERSON_00119,460,PHONE_00160,missed
CALL_009161,2026-06-10,PERSON_00161,PERSON_00159,92,PHONE_00161,voice
CALL_009162,2024-05-29,PERSON_00162,PERSON_00177,718,PHONE_00162,voice
CALL_009163,2026-01-14,PERSON_00163,PERSON_00206,721,PHONE_00163,voice
CALL_009164,2023-09-15,PERSON_00164,PERSON_00235,543,PHONE_00164,voice
CALL_009165,2022-03-25,PERSON_00165,PERSON_00264,636,PHONE_00165,voice
CALL_009166,2023-03-17,PERSON_00166,PERSON_00194,26,PHONE_00166,missed
CALL_009167,2024-04-24,PERSON_00167,PERSON_00322,162,PHONE_00167,voice
CALL_009168,2022-01-06,PERSON_00168,PERSON_00351,388,PHONE_00168,missed
CALL_009169,2026-02-22,PERSON_00169,PERSON_00380,746,PHONE_00169,voice
CALL_009170,2024-09-18,PERSON_00170,PERSON_00409,683,PHONE_00170,voice
CALL_009171,2026-05-03,PERSON_00171,PERSON_00287,76,PHONE_00171,missed
CALL_009172,2021-01-08,PERSON_00172,PERSON_00017,839,PHONE_00172,missed
CALL_009173,2022-12-05,PERSON_00173,PERSON_00046,514,PHONE_00173,voice
CALL_009174,2022-07-27,PERSON_00174,PERSON_00075,559,PHONE_00174,voice
CALL_009175,2021-10-02,PERSON_00175,PERSON_00104,547,PHONE_00175,voice
CALL_009176,2024-07-23,PERSON_00176,PERSON_00133,818,PHONE_00176,voice
CALL_009177,2022-11-17,PERSON_00177,PERSON_00162,228,PHONE_00177,voice
CALL_009178,2024-02-25,PERSON_00178,PERSON_00191,507,PHONE_00178,voice
CALL_009179,2023-08-08,PERSON_00179,PERSON_00220,547,PHONE_00179,missed
CALL_009180,2021-05-17,PERSON_00180,PERSON_00249,583,PHONE_00180,missed
CALL_009181,2024-07-28,PERSON_00181,PERSON_00278,745,PHONE_00181,voice
CALL_009182,2024-01-29,PERSON_00182,PERSON_00307,682,PHONE_00182,missed
CALL_009183,2021-02-14,PERSON_00183,PERSON_00336,406,PHONE_00183,voice
CALL_009184,2025-07-29,PERSON_00184,PERSON_00365,226,PHONE_00184,missed
CALL_009185,2021-03-02,PERSON_00185,PERSON_00394,785,PHONE_00185,voice
CALL_009186,2022-04-15,PERSON_00186,PERSON_00423,828,PHONE_00186,voice
CALL_009187,2023-02-20,PERSON_00187,PERSON_00002,267,PHONE_00187,missed
CALL_009188,2024-05-02,PERSON_00188,PERSON_00031,457,PHONE_00188,voice
CALL_009189,2026-03-22,PERSON_00189,PERSON_00060,409,PHONE_00189,voice
CALL_009190,2023-02-06,PERSON_00190,PERSON_00089,133,PHONE_00190,voice
CALL_009191,2021-02-11,PERSON_00191,PERSON_00329,168,PHONE_00191,voice
CALL_009192,2021-10-02,PERSON_00192,PERSON_00147,321,PHONE_00192,voice
CALL_009193,2024-08-16,PERSON_00193,PERSON_00176,609,PHONE_00193,voice
CALL_009194,2024-11-07,PERSON_00194,PERSON_00205,661,PHONE_00194,voice
CALL_009195,2024-05-06,PERSON_00195,PERSON_00234,357,PHONE_00195,voice
CALL_009196,2025-02-06,PERSON_00196,PERSON_00250,148,PHONE_00196,voice
CALL_009197,2022-11-18,PERSON_00197,PERSON_00292,199,PHONE_00197,voice
CALL_009198,2024-01-22,PERSON_00198,PERSON_00321,888,PHONE_00198,missed
CALL_009199,2021-04-22,PERSON_00199,PERSON_00350,382,PHONE_00199,voice
CALL_009200,2022-09-25,PERSON_00200,PERSON_00379,344,PHONE_00200,voice
CALL_009201,2021-10-11,PERSON_00201,PERSON_00408,303,PHONE_00201,voice
CALL_009202,2024-03-08,PERSON_00202,PERSON_00437,794,PHONE_00202,missed
CALL_009203,2026-05-01,PERSON_00203,PERSON_00016,867,PHONE_00203,missed
CALL_009204,2025-02-01,PERSON_00204,PERSON_00045,661,PHONE_00204,voice
CALL_009205,2026-03-15,PERSON_00205,PERSON_00074,373,PHONE_00205,voice
CALL_009206,2023-11-19,PERSON_00206,PERSON_00103,774,PHONE_00206,voice
CALL_009207,2022-05-09,PERSON_00207,PERSON_00132,343,PHONE_00207,voice
CALL_009208,2022-02-05,PERSON_00208,PERSON_00161,847,PHONE_00208,missed
CALL_009209,2024-09-07,PERSON_00209,PERSON_00190,189,PHONE_00209,voice
CALL_009210,2025-04-08,PERSON_00210,PERSON_00219,582,PHONE_00210,voice
CALL_009211,2024-12-19,PERSON_00211,PERSON_00248,736,PHONE_00211,voice
CALL_009212,2025-09-30,PERSON_00212,PERSON_00277,385,PHONE_00212,voice
CALL_009213,2021-02-16,PERSON_00213,PERSON_00306,271,PHONE_00213,voice
CALL_009214,2025-01-24,PERSON_00214,PERSON_00335,867,PHONE_00214,missed
CALL_009215,2026-01-07,PERSON_00215,PERSON_00364,97,PHONE_00215,voice
CALL_009216,2022-02-17,PERSON_00216,PERSON_00439,166,PHONE_00216,voice
CALL_009217,2025-03-18,PERSON_00217,PERSON_00422,815,PHONE_00217,voice
CALL_009218,2023-09-07,PERSON_00218,PERSON_00001,251,PHONE_00218,voice
CALL_009219,2025-03-21,PERSON_00219,PERSON_00030,302,PHONE_00219,missed
CALL_009220,2023-10-10,PERSON_00220,PERSON_00059,346,PHONE_00220,voice
CALL_009221,2023-09-29,PERSON_00221,PERSON_00440,116,PHONE_00221,missed
CALL_009222,2024-10-15,PERSON_00222,PERSON_00117,368,PHONE_00222,missed
CALL_009223,2023-10-25,PERSON_00223,PERSON_00146,685,PHONE_00223,voice
CALL_009224,2022-07-10,PERSON_00224,PERSON_00175,649,PHONE_00224,voice
CALL_009225,2023-01-26,PERSON_00225,PERSON_00204,522,PHONE_00225,voice
CALL_009226,2023-07-03,PERSON_00226,PERSON_00159,150,PHONE_00226,missed
CALL_009227,2023-09-12,PERSON_00227,PERSON_00262,750,PHONE_00227,missed
CALL_009228,2024-07-09,PERSON_00228,PERSON_00291,362,PHONE_00228,missed
CALL_009229,2021-11-29,PERSON_00229,PERSON_00320,122,PHONE_00229,missed
CALL_009230,2022-09-22,PERSON_00230,PERSON_00349,306,PHONE_00230,voice
CALL_009231,2022-04-14,PERSON_00231,PERSON_00237,91,PHONE_00231,missed
CALL_009232,2024-09-25,PERSON_00232,PERSON_00407,759,PHONE_00232,voice
CALL_009233,2021-01-22,PERSON_00233,PERSON_00436,612,PHONE_00233,voice
CALL_009234,2022-09-07,PERSON_00234,PERSON_00015,567,PHONE_00234,voice
CALL_009235,2023-06-02,PERSON_00235,PERSON_00044,96,PHONE_00235,missed
CALL_009236,2025-04-21,PERSON_00236,PERSON_00073,859,PHONE_00236,voice
CALL_009237,2023-05-15,PERSON_00237,PERSON_00102,576,PHONE_00237,missed
CALL_009238,2024-05-08,PERSON_00238,PERSON_00131,814,PHONE_00238,voice
CALL_009239,2023-07-26,PERSON_00239,PERSON_00160,667,PHONE_00239,voice
CALL_009240,2023-01-01,PERSON_00240,PERSON_00189,532,PHONE_00240,voice
CALL_009241,2025-07-18,PERSON_00241,PERSON_00250,115,PHONE_00241,missed
CALL_009242,2025-06-02,PERSON_00242,PERSON_00247,675,PHONE_00242,voice
CALL_009243,2026-06-21,PERSON_00243,PERSON_00276,92,PHONE_00243,voice
CALL_009244,2023-03-01,PERSON_00244,PERSON_00305,542,PHONE_00244,voice
CALL_009245,2021-01-09,PERSON_00245,PERSON_00334,474,PHONE_00245,missed
CALL_009246,2023-11-24,PERSON_00246,PERSON_00363,343,PHONE_00246,voice
CALL_009247,2021-08-30,PERSON_00247,PERSON_00392,129,PHONE_00247,missed
CALL_009248,2021-03-29,PERSON_00248,PERSON_00421,258,PHONE_00248,voice
CALL_009249,2023-05-26,PERSON_00249,PERSON_00450,853,PHONE_00249,voice
CALL_009250,2026-06-12,PERSON_00250,PERSON_00029,701,PHONE_00250,voice
CALL_009251,2021-10-20,PERSON_00251,PERSON_00058,625,PHONE_00251,voice
CALL_009252,2025-03-28,PERSON_00252,PERSON_00087,328,PHONE_00252,voice
CALL_009253,2021-06-27,PERSON_00253,PERSON_00116,615,PHONE_00253,missed
CALL_009254,2022-11-24,PERSON_00254,PERSON_00145,338,PHONE_00254,voice
CALL_009255,2021-06-02,PERSON_00255,PERSON_00174,695,PHONE_00255,voice
CALL_009256,2024-02-06,PERSON_00256,PERSON_00318,73,PHONE_00256,missed
CALL_009257,2021-08-31,PERSON_00257,PERSON_00232,787,PHONE_00257,voice
CALL_009258,2021-01-17,PERSON_00258,PERSON_00261,151,PHONE_00258,missed
CALL_009259,2021-02-08,PERSON_00259,PERSON_00290,485,PHONE_00259,voice
CALL_009260,2021-08-01,PERSON_00260,PERSON_00319,640,PHONE_00260,voice
CALL_009261,2023-10-03,PERSON_00261,PERSON_00348,184,PHONE_00261,voice
CALL_009262,2023-06-26,PERSON_00262,PERSON_00377,733,PHONE_00262,voice
CALL_009263,2021-07-01,PERSON_00263,PERSON_00406,560,PHONE_00263,voice
CALL_009264,2025-05-18,PERSON_00264,PERSON_00435,771,PHONE_00264,voice
CALL_009265,2024-04-17,PERSON_00265,PERSON_00014,547,PHONE_00265,voice
CALL_009266,2021-10-16,PERSON_00266,PERSON_00043,435,PHONE_00266,voice
CALL_009267,2024-04-17,PERSON_00267,PERSON_00072,711,PHONE_00267,missed
CALL_009268,2021-06-28,PERSON_00268,PERSON_00101,721,PHONE_00268,voice
CALL_009269,2021-11-17,PERSON_00269,PERSON_00130,451,PHONE_00269,voice
CALL_009270,2024-08-30,PERSON_00270,PERSON_00159,313,PHONE_00270,voice
CALL_009271,2023-06-13,PERSON_00271,PERSON_00331,84,PHONE_00271,missed
CALL_009272,2025-02-13,PERSON_00272,PERSON_00217,133,PHONE_00272,missed
CALL_009273,2024-08-25,PERSON_00273,PERSON_00246,526,PHONE_00273,voice
CALL_009274,2021-09-19,PERSON_00274,PERSON_00275,861,PHONE_00274,missed
CALL_009275,2024-06-29,PERSON_00275,PERSON_00304,383,PHONE_00275,voice
CALL_009276,2021-07-25,PERSON_00276,PERSON_00333,425,PHONE_00276,missed
CALL_009277,2023-04-21,PERSON_00277,PERSON_00362,716,PHONE_00277,voice
CALL_009278,2024-12-01,PERSON_00278,PERSON_00391,729,PHONE_00278,voice
CALL_009279,2022-08-27,PERSON_00279,PERSON_00420,375,PHONE_00279,voice
CALL_009280,2023-02-27,PERSON_00280,PERSON_00449,562,PHONE_00280,voice
CALL_009281,2022-05-13,PERSON_00281,PERSON_00028,771,PHONE_00281,voice
CALL_009282,2022-01-24,PERSON_00282,PERSON_00057,713,PHONE_00282,voice
CALL_009283,2025-09-06,PERSON_00283,PERSON_00086,227,PHONE_00283,voice
CALL_009284,2022-10-29,PERSON_00284,PERSON_00115,477,PHONE_00284,missed
CALL_009285,2026-03-22,PERSON_00285,PERSON_00144,168,PHONE_00285,voice
CALL_009286,2023-02-11,PERSON_00286,PERSON_00440,172,PHONE_00286,missed
CALL_009287,2023-05-17,PERSON_00287,PERSON_00202,643,PHONE_00287,voice
CALL_009288,2025-11-18,PERSON_00288,PERSON_00231,720,PHONE_00288,missed
CALL_009289,2025-09-22,PERSON_00289,PERSON_00260,185,PHONE_00289,voice
CALL_009290,2022-11-02,PERSON_00290,PERSON_00289,497,PHONE_00290,voice
CALL_009291,2024-11-21,PERSON_00291,PERSON_00202,30,PHONE_00291,voice
CALL_009292,2025-03-16,PERSON_00292,PERSON_00347,131,PHONE_00292,voice
CALL_009293,2022-08-25,PERSON_00293,PERSON_00376,625,PHONE_00293,voice
CALL_009294,2022-02-27,PERSON_00294,PERSON_00405,48,PHONE_00294,voice
CALL_009295,2023-09-03,PERSON_00295,PERSON_00434,842,PHONE_00295,voice
CALL_009296,2024-01-17,PERSON_00296,PERSON_00013,366,PHONE_00296,missed
CALL_009297,2023-10-03,PERSON_00297,PERSON_00042,571,PHONE_00297,voice
CALL_009298,2024-06-24,PERSON_00298,PERSON_00071,515,PHONE_00298,missed
CALL_009299,2021-12-16,PERSON_00299,PERSON_00100,53,PHONE_00299,voice
CALL_009300,2024-07-27,PERSON_00300,PERSON_00129,588,PHONE_00300,voice
CALL_009301,2025-12-01,PERSON_00301,PERSON_00012,85,PHONE_00301,voice
CALL_009302,2021-08-27,PERSON_00302,PERSON_00187,489,PHONE_00302,missed
CALL_009303,2025-10-03,PERSON_00303,PERSON_00216,356,PHONE_00303,voice
CALL_009304,2021-04-29,PERSON_00304,PERSON_00245,553,PHONE_00304,voice
CALL_009305,2025-09-13,PERSON_00305,PERSON_00274,593,PHONE_00305,voice
CALL_009306,2025-12-18,PERSON_00306,PERSON_00303,233,PHONE_00306,voice
CALL_009307,2023-07-15,PERSON_00307,PERSON_00332,448,PHONE_00307,voice
CALL_009308,2025-05-06,PERSON_00308,PERSON_00361,138,PHONE_00308,missed
CALL_009309,2026-04-30,PERSON_00309,PERSON_00390,677,PHONE_00309,missed
CALL_009310,2025-12-25,PERSON_00310,PERSON_00419,488,PHONE_00310,voice
CALL_009311,2023-08-13,PERSON_00311,PERSON_00448,784,PHONE_00311,missed
CALL_009312,2024-12-15,PERSON_00312,PERSON_00027,395,PHONE_00312,voice
CALL_009313,2025-08-25,PERSON_00313,PERSON_00056,52,PHONE_00313,missed
CALL_009314,2022-10-15,PERSON_00314,PERSON_00085,431,PHONE_00314,voice
CALL_009315,2022-08-22,PERSON_00315,PERSON_00114,341,PHONE_00315,missed
CALL_009316,2026-06-25,PERSON_00316,PERSON_00143,814,PHONE_00316,missed
CALL_009317,2024-03-13,PERSON_00317,PERSON_00172,338,PHONE_00317,voice
CALL_009318,2025-07-30,PERSON_00318,PERSON_00201,312,PHONE_00318,voice
CALL_009319,2021-05-22,PERSON_00319,PERSON_00230,414,PHONE_00319,voice
CALL_009320,2024-02-09,PERSON_00320,PERSON_00259,466,PHONE_00320,voice
CALL_009321,2025-06-26,PERSON_00321,PERSON_00122,93,PHONE_00321,missed
CALL_009322,2025-04-01,PERSON_00322,PERSON_00317,478,PHONE_00322,missed
CALL_009323,2025-12-29,PERSON_00323,PERSON_00346,711,PHONE_00323,voice
CALL_009324,2025-01-05,PERSON_00324,PERSON_00375,639,PHONE_00324,missed
CALL_009325,2023-08-17,PERSON_00325,PERSON_00404,381,PHONE_00325,missed
CALL_009326,2024-02-18,PERSON_00326,PERSON_00433,32,PHONE_00326,voice
CALL_009327,2026-01-29,PERSON_00327,PERSON_00012,697,PHONE_00327,voice
CALL_009328,2021-05-01,PERSON_00328,PERSON_00041,338,PHONE_00328,voice
CALL_009329,2023-12-12,PERSON_00329,PERSON_00070,193,PHONE_00329,voice
CALL_009330,2021-10-15,PERSON_00330,PERSON_00099,447,PHONE_00330,voice
CALL_009331,2024-12-08,PERSON_00331,PERSON_00093,48,PHONE_00331,voice
CALL_009332,2024-03-03,PERSON_00332,PERSON_00157,103,PHONE_00332,voice
CALL_009333,2026-01-29,PERSON_00333,PERSON_00186,439,PHONE_00333,voice
CALL_009334,2024-01-09,PERSON_00334,PERSON_00215,291,PHONE_00334,missed
CALL_009335,2022-06-30,PERSON_00335,PERSON_00244,720,PHONE_00335,voice
CALL_009336,2023-10-30,PERSON_00336,PERSON_00171,85,PHONE_00336,voice
CALL_009337,2024-06-14,PERSON_00337,PERSON_00302,831,PHONE_00337,voice
CALL_009338,2023-07-02,PERSON_00338,PERSON_00331,197,PHONE_00338,voice
CALL_009339,2021-09-05,PERSON_00339,PERSON_00360,389,PHONE_00339,missed
CALL_009340,2021-01-01,PERSON_00340,PERSON_00389,400,PHONE_00340,voice
CALL_009341,2021-11-07,PERSON_00341,PERSON_00418,400,PHONE_00341,voice
CALL_009342,2025-02-19,PERSON_00342,PERSON_00447,68,PHONE_00342,voice
CALL_009343,2021-01-06,PERSON_00343,PERSON_00026,644,PHONE_00343,voice
CALL_009344,2021-07-08,PERSON_00344,PERSON_00055,746,PHONE_00344,missed
CALL_009345,2023-06-08,PERSON_00345,PERSON_00084,503,PHONE_00345,missed
CALL_009346,2023-10-23,PERSON_00346,PERSON_00113,231,PHONE_00346,voice
CALL_009347,2025-04-08,PERSON_00347,PERSON_00142,795,PHONE_00347,missed
CALL_009348,2021-08-09,PERSON_00348,PERSON_00171,845,PHONE_00348,missed
CALL_009349,2021-06-28,PERSON_00349,PERSON_00200,531,PHONE_00349,voice
CALL_009350,2023-06-09,PERSON_00350,PERSON_00229,759,PHONE_00350,voice
CALL_009351,2021-03-13,PERSON_00351,PERSON_00258,406,PHONE_00351,voice
CALL_009352,2024-06-21,PERSON_00352,PERSON_00287,330,PHONE_00352,missed
CALL_009353,2023-07-24,PERSON_00353,PERSON_00316,647,PHONE_00353,voice
CALL_009354,2021-12-01,PERSON_00354,PERSON_00345,720,PHONE_00354,voice
CALL_009355,2022-12-23,PERSON_00355,PERSON_00374,649,PHONE_00355,missed
CALL_009356,2026-06-16,PERSON_00356,PERSON_00403,193,PHONE_00356,missed
CALL_009357,2023-01-05,PERSON_00357,PERSON_00432,286,PHONE_00357,voice
CALL_009358,2023-05-23,PERSON_00358,PERSON_00011,194,PHONE_00358,voice
CALL_009359,2024-12-29,PERSON_00359,PERSON_00040,622,PHONE_00359,missed
CALL_009360,2023-03-02,PERSON_00360,PERSON_00069,556,PHONE_00360,missed
CALL_009361,2025-07-14,PERSON_00361,PERSON_00098,241,PHONE_00361,voice
CALL_009362,2022-06-16,PERSON_00362,PERSON_00127,382,PHONE_00362,missed
CALL_009363,2025-10-13,PERSON_00363,PERSON_00156,69,PHONE_00363,voice
CALL_009364,2025-12-18,PERSON_00364,PERSON_00185,552,PHONE_00364,missed
CALL_009365,2022-07-26,PERSON_00365,PERSON_00214,203,PHONE_00365,voice
CALL_009366,2025-07-15,PERSON_00366,PERSON_00245,168,PHONE_00366,voice
CALL_009367,2026-03-12,PERSON_00367,PERSON_00272,496,PHONE_00367,missed
CALL_009368,2023-10-22,PERSON_00368,PERSON_00301,779,PHONE_00368,voice
CALL_009369,2023-03-29,PERSON_00369,PERSON_00330,419,PHONE_00369,voice
CALL_009370,2021-05-03,PERSON_00370,PERSON_00359,658,PHONE_00370,missed
CALL_009371,2021-12-28,PERSON_00371,PERSON_00179,77,PHONE_00371,voice
CALL_009372,2025-04-10,PERSON_00372,PERSON_00417,355,PHONE_00372,missed
CALL_009373,2022-01-27,PERSON_00373,PERSON_00446,635,PHONE_00373,voice
CALL_009374,2023-03-17,PERSON_00374,PERSON_00025,226,PHONE_00374,voice
CALL_009375,2026-03-28,PERSON_00375,PERSON_00054,547,PHONE_00375,voice
CALL_009376,2026-01-23,PERSON_00376,PERSON_00340,117,PHONE_00376,voice
CALL_009377,2023-03-05,PERSON_00377,PERSON_00112,339,PHONE_00377,voice
CALL_009378,2025-12-07,PERSON_00378,PERSON_00141,516,PHONE_00378,voice
CALL_009379,2025-01-24,PERSON_00379,PERSON_00170,243,PHONE_00379,voice
CALL_009380,2022-08-02,PERSON_00380,PERSON_00199,193,PHONE_00380,missed
CALL_009381,2024-04-17,PERSON_00381,PERSON_00318,161,PHONE_00381,voice
CALL_009382,2024-01-23,PERSON_00382,PERSON_00257,543,PHONE_00382,missed
CALL_009383,2021-03-08,PERSON_00383,PERSON_00286,399,PHONE_00383,voice
CALL_009384,2021-04-17,PERSON_00384,PERSON_00315,467,PHONE_00384,missed
CALL_009385,2025-07-26,PERSON_00385,PERSON_00344,534,PHONE_00385,voice
CALL_009386,2025-08-21,PERSON_00386,PERSON_00373,378,PHONE_00386,missed
CALL_009387,2026-01-31,PERSON_00387,PERSON_00402,231,PHONE_00387,missed
CALL_009388,2023-09-05,PERSON_00388,PERSON_00431,231,PHONE_00388,voice
CALL_009389,2022-04-21,PERSON_00389,PERSON_00010,821,PHONE_00389,missed
CALL_009390,2023-09-10,PERSON_00390,PERSON_00039,841,PHONE_00390,missed
CALL_009391,2024-03-24,PERSON_00391,PERSON_00169,28,PHONE_00391,voice
CALL_009392,2025-08-15,PERSON_00392,PERSON_00097,544,PHONE_00392,voice
CALL_009393,2026-01-21,PERSON_00393,PERSON_00126,26,PHONE_00393,voice
CALL_009394,2023-04-16,PERSON_00394,PERSON_00155,401,PHONE_00394,voice
CALL_009395,2023-09-07,PERSON_00395,PERSON_00184,355,PHONE_00395,voice
CALL_009396,2024-09-19,PERSON_00396,PERSON_00213,418,PHONE_00396,voice
CALL_009397,2025-10-08,PERSON_00397,PERSON_00242,719,PHONE_00397,voice
CALL_009398,2021-09-11,PERSON_00398,PERSON_00271,785,PHONE_00398,voice
CALL_009399,2021-10-05,PERSON_00399,PERSON_00300,640,PHONE_00399,voice
CALL_009400,2023-04-12,PERSON_00400,PERSON_00329,630,PHONE_00400,voice
CALL_009401,2022-11-29,PERSON_00401,PERSON_00410,177,PHONE_00401,missed
CALL_009402,2021-11-11,PERSON_00402,PERSON_00387,891,PHONE_00402,missed
CALL_009403,2024-10-06,PERSON_00403,PERSON_00416,282,PHONE_00403,missed
CALL_009404,2026-06-01,PERSON_00404,PERSON_00445,650,PHONE_00404,voice
CALL_009405,2021-08-20,PERSON_00405,PERSON_00024,875,PHONE_00405,voice
CALL_009406,2023-06-16,PERSON_00406,PERSON_00122,130,PHONE_00406,voice
CALL_009407,2024-02-10,PERSON_00407,PERSON_00082,543,PHONE_00407,missed
CALL_009408,2023-07-05,PERSON_00408,PERSON_00111,361,PHONE_00408,voice
CALL_009409,2024-03-09,PERSON_00409,PERSON_00140,569,PHONE_00409,missed
CALL_009410,2023-08-28,PERSON_00410,PERSON_00169,816,PHONE_00410,voice
CALL_009411,2021-03-28,PERSON_00411,PERSON_00171,121,PHONE_00411,missed
CALL_009412,2026-05-28,PERSON_00412,PERSON_00227,553,PHONE_00412,voice
CALL_009413,2022-04-14,PERSON_00413,PERSON_00256,512,PHONE_00413,voice
CALL_009414,2026-06-08,PERSON_00414,PERSON_00285,180,PHONE_00414,voice
CALL_009415,2022-07-26,PERSON_00415,PERSON_00314,670,PHONE_00415,voice
CALL_009416,2022-08-29,PERSON_00416,PERSON_00343,863,PHONE_00416,voice
CALL_009417,2023-02-05,PERSON_00417,PERSON_00372,346,PHONE_00417,missed
CALL_009418,2025-07-02,PERSON_00418,PERSON_00401,267,PHONE_00418,missed
CALL_009419,2023-08-17,PERSON_00419,PERSON_00430,107,PHONE_00419,voice
CALL_009420,2025-07-16,PERSON_00420,PERSON_00009,148,PHONE_00420,missed
CALL_009421,2024-11-09,PERSON_00421,PERSON_00038,895,PHONE_00421,voice
CALL_009422,2024-12-15,PERSON_00422,PERSON_00067,71,PHONE_00422,voice
CALL_009423,2024-06-08,PERSON_00423,PERSON_00096,547,PHONE_00423,voice
CALL_009424,2023-07-09,PERSON_00424,PERSON_00125,127,PHONE_00424,voice
CALL_009425,2023-07-23,PERSON_00425,PERSON_00154,607,PHONE_00425,voice
CALL_009426,2022-03-14,PERSON_00426,PERSON_00183,98,PHONE_00426,voice
CALL_009427,2025-06-21,PERSON_00427,PERSON_00212,885,PHONE_00427,voice
CALL_009428,2025-06-03,PERSON_00428,PERSON_00241,623,PHONE_00428,voice
CALL_009429,2023-09-26,PERSON_00429,PERSON_00270,169,PHONE_00429,voice
CALL_009430,2022-04-03,PERSON_00430,PERSON_00299,546,PHONE_00430,voice
CALL_009431,2023-04-05,PERSON_00431,PERSON_00328,728,PHONE_00431,voice
CALL_009432,2021-02-26,PERSON_00432,PERSON_00357,615,PHONE_00432,voice
CALL_009433,2025-03-02,PERSON_00433,PERSON_00386,756,PHONE_00433,voice
CALL_009434,2023-03-29,PERSON_00434,PERSON_00415,250,PHONE_00434,voice
CALL_009435,2025-02-20,PERSON_00435,PERSON_00444,856,PHONE_00435,voice
CALL_009436,2021-12-16,PERSON_00436,PERSON_00038,45,PHONE_00436,missed
CALL_009437,2021-02-26,PERSON_00437,PERSON_00052,744,PHONE_00437,voice
CALL_009438,2025-02-06,PERSON_00438,PERSON_00081,164,PHONE_00438,voice
CALL_009439,2024-02-27,PERSON_00439,PERSON_00110,409,PHONE_00439,missed
CALL_009440,2024-07-08,PERSON_00440,PERSON_00139,756,PHONE_00440,voice
CALL_009441,2025-08-14,PERSON_00441,PERSON_00168,61,PHONE_00441,missed
CALL_009442,2021-06-14,PERSON_00442,PERSON_00197,245,PHONE_00442,voice
CALL_009443,2022-02-18,PERSON_00443,PERSON_00226,164,PHONE_00443,voice
CALL_009444,2023-09-30,PERSON_00444,PERSON_00255,226,PHONE_00444,voice
CALL_009445,2025-09-03,PERSON_00445,PERSON_00284,529,PHONE_00445,voice
CALL_009446,2023-12-14,PERSON_00446,PERSON_00313,565,PHONE_00446,missed
CALL_009447,2026-01-26,PERSON_00447,PERSON_00342,856,PHONE_00447,missed
CALL_009448,2021-08-29,PERSON_00448,PERSON_00371,339,PHONE_00448,voice
CALL_009449,2023-04-15,PERSON_00449,PERSON_00400,803,PHONE_00449,voice
CALL_009450,2024-07-19,PERSON_00450,PERSON_00429,21,PHONE_00450,voice
CALL_009451,2024-10-19,PERSON_00001,PERSON_00008,468,PHONE_00001,voice
CALL_009452,2026-04-25,PERSON_00002,PERSON_00037,257,PHONE_00002,voice
CALL_009453,2025-09-21,PERSON_00003,PERSON_00066,292,PHONE_00003,voice
CALL_009454,2025-06-12,PERSON_00004,PERSON_00095,237,PHONE_00004,missed
CALL_009455,2022-10-25,PERSON_00005,PERSON_00124,710,PHONE_00005,voice
CALL_009456,2021-06-20,PERSON_00006,PERSON_00410,135,PHONE_00006,voice
CALL_009457,2024-07-21,PERSON_00007,PERSON_00182,609,PHONE_00007,missed
CALL_009458,2021-03-14,PERSON_00008,PERSON_00211,729,PHONE_00008,voice
CALL_009459,2022-12-04,PERSON_00009,PERSON_00240,30,PHONE_00009,voice
CALL_009460,2025-03-04,PERSON_00010,PERSON_00269,733,PHONE_00010,missed
CALL_009461,2025-12-25,PERSON_00011,PERSON_00298,96,PHONE_00011,voice
CALL_009462,2024-05-14,PERSON_00012,PERSON_00327,743,PHONE_00012,voice
CALL_009463,2023-04-13,PERSON_00013,PERSON_00356,820,PHONE_00013,voice
CALL_009464,2024-07-26,PERSON_00014,PERSON_00385,596,PHONE_00014,voice
CALL_009465,2022-10-11,PERSON_00015,PERSON_00414,622,PHONE_00015,missed
CALL_009466,2023-02-04,PERSON_00016,PERSON_00118,35,PHONE_00016,missed
CALL_009467,2025-04-02,PERSON_00017,PERSON_00022,791,PHONE_00017,missed
CALL_009468,2022-03-15,PERSON_00018,PERSON_00051,325,PHONE_00018,voice
CALL_009469,2024-02-10,PERSON_00019,PERSON_00080,164,PHONE_00019,missed
CALL_009470,2024-02-11,PERSON_00020,PERSON_00109,899,PHONE_00020,voice
CALL_009471,2025-12-30,PERSON_00021,PERSON_00268,65,PHONE_00021,voice
CALL_009472,2022-07-22,PERSON_00022,PERSON_00167,86,PHONE_00022,voice
CALL_009473,2021-08-23,PERSON_00023,PERSON_00196,30,PHONE_00023,voice
CALL_009474,2023-05-09,PERSON_00024,PERSON_00225,37,PHONE_00024,voice
CALL_009475,2022-11-19,PERSON_00025,PERSON_00254,549,PHONE_00025,voice
CALL_009476,2024-09-27,PERSON_00026,PERSON_00283,876,PHONE_00026,voice
CALL_009477,2022-02-10,PERSON_00027,PERSON_00312,128,PHONE_00027,voice
CALL_009478,2024-05-30,PERSON_00028,PERSON_00341,322,PHONE_00028,voice
CALL_009479,2023-05-11,PERSON_00029,PERSON_00370,212,PHONE_00029,voice
CALL_009480,2022-01-19,PERSON_00030,PERSON_00399,258,PHONE_00030,missed
CALL_009481,2025-05-15,PERSON_00031,PERSON_00428,505,PHONE_00031,missed
CALL_009482,2025-11-09,PERSON_00032,PERSON_00007,672,PHONE_00032,missed
CALL_009483,2023-08-25,PERSON_00033,PERSON_00036,800,PHONE_00033,missed
CALL_009484,2022-10-16,PERSON_00034,PERSON_00065,66,PHONE_00034,missed
CALL_009485,2022-07-28,PERSON_00035,PERSON_00094,149,PHONE_00035,voice
CALL_009486,2023-07-10,PERSON_00036,PERSON_00123,702,PHONE_00036,voice
CALL_009487,2021-11-06,PERSON_00037,PERSON_00152,339,PHONE_00037,missed
CALL_009488,2025-06-29,PERSON_00038,PERSON_00181,690,PHONE_00038,missed
CALL_009489,2021-10-03,PERSON_00039,PERSON_00210,376,PHONE_00039,missed
CALL_009490,2021-11-28,PERSON_00040,PERSON_00239,231,PHONE_00040,missed
CALL_009491,2025-11-25,PERSON_00041,PERSON_00268,368,PHONE_00041,voice
CALL_009492,2025-03-21,PERSON_00042,PERSON_00297,777,PHONE_00042,voice
CALL_009493,2024-08-03,PERSON_00043,PERSON_00326,796,PHONE_00043,voice
CALL_009494,2026-02-08,PERSON_00044,PERSON_00355,759,PHONE_00044,voice
CALL_009495,2025-12-16,PERSON_00045,PERSON_00384,496,PHONE_00045,voice
CALL_009496,2026-03-08,PERSON_00046,PERSON_00018,153,PHONE_00046,missed
CALL_009497,2026-05-02,PERSON_00047,PERSON_00442,878,PHONE_00047,voice
CALL_009498,2025-03-21,PERSON_00048,PERSON_00021,549,PHONE_00048,voice
CALL_009499,2023-03-27,PERSON_00049,PERSON_00050,802,PHONE_00049,missed
CALL_009500,2021-08-07,PERSON_00050,PERSON_00079,452,PHONE_00050,voice
CALL_009501,2021-02-15,PERSON_00051,PERSON_00108,298,PHONE_00051,missed
CALL_009502,2025-10-13,PERSON_00052,PERSON_00137,646,PHONE_00052,voice
CALL_009503,2023-12-24,PERSON_00053,PERSON_00166,861,PHONE_00053,missed
CALL_009504,2023-03-09,PERSON_00054,PERSON_00195,752,PHONE_00054,voice
CALL_009505,2021-03-31,PERSON_00055,PERSON_00224,415,PHONE_00055,missed
CALL_009506,2025-07-30,PERSON_00056,PERSON_00253,474,PHONE_00056,voice
CALL_009507,2023-04-04,PERSON_00057,PERSON_00282,347,PHONE_00057,voice
CALL_009508,2024-03-26,PERSON_00058,PERSON_00311,504,PHONE_00058,voice
CALL_009509,2022-01-12,PERSON_00059,PERSON_00340,218,PHONE_00059,missed
CALL_009510,2021-11-29,PERSON_00060,PERSON_00369,872,PHONE_00060,missed
CALL_009511,2022-04-19,PERSON_00061,PERSON_00038,159,PHONE_00061,missed
CALL_009512,2021-11-03,PERSON_00062,PERSON_00427,107,PHONE_00062,voice
CALL_009513,2023-02-18,PERSON_00063,PERSON_00006,66,PHONE_00063,voice
CALL_009514,2025-12-22,PERSON_00064,PERSON_00035,477,PHONE_00064,voice
CALL_009515,2025-06-04,PERSON_00065,PERSON_00064,674,PHONE_00065,voice
CALL_009516,2025-06-13,PERSON_00066,PERSON_00093,342,PHONE_00066,voice
CALL_009517,2022-10-19,PERSON_00067,PERSON_00122,397,PHONE_00067,voice
CALL_009518,2023-09-28,PERSON_00068,PERSON_00151,652,PHONE_00068,missed
CALL_009519,2023-08-18,PERSON_00069,PERSON_00180,265,PHONE_00069,voice
CALL_009520,2026-01-16,PERSON_00070,PERSON_00209,528,PHONE_00070,voice
CALL_009521,2024-03-23,PERSON_00071,PERSON_00238,309,PHONE_00071,voice
CALL_009522,2025-02-27,PERSON_00072,PERSON_00267,382,PHONE_00072,missed
CALL_009523,2023-05-01,PERSON_00073,PERSON_00296,212,PHONE_00073,missed
CALL_009524,2025-11-06,PERSON_00074,PERSON_00325,831,PHONE_00074,missed
CALL_009525,2025-07-23,PERSON_00075,PERSON_00354,624,PHONE_00075,voice
CALL_009526,2021-12-24,PERSON_00076,PERSON_00205,179,PHONE_00076,missed
CALL_009527,2022-11-06,PERSON_00077,PERSON_00412,116,PHONE_00077,missed
CALL_009528,2021-10-15,PERSON_00078,PERSON_00441,414,PHONE_00078,voice
CALL_009529,2021-03-27,PERSON_00079,PERSON_00020,95,PHONE_00079,voice
CALL_009530,2024-12-18,PERSON_00080,PERSON_00049,408,PHONE_00080,missed
CALL_009531,2025-04-04,PERSON_00081,PERSON_00101,134,PHONE_00081,missed
CALL_009532,2026-06-18,PERSON_00082,PERSON_00107,624,PHONE_00082,voice
CALL_009533,2025-08-09,PERSON_00083,PERSON_00136,232,PHONE_00083,missed
CALL_009534,2021-09-23,PERSON_00084,PERSON_00165,858,PHONE_00084,missed
CALL_009535,2021-11-28,PERSON_00085,PERSON_00194,82,PHONE_00085,voice
CALL_009536,2021-06-23,PERSON_00086,PERSON_00329,171,PHONE_00086,voice
CALL_009537,2023-01-29,PERSON_00087,PERSON_00252,433,PHONE_00087,voice
CALL_009538,2024-01-29,PERSON_00088,PERSON_00281,423,PHONE_00088,missed
CALL_009539,2024-11-28,PERSON_00089,PERSON_00310,769,PHONE_00089,voice
CALL_009540,2022-04-30,PERSON_00090,PERSON_00339,536,PHONE_00090,missed
CALL_009541,2024-02-11,PERSON_00091,PERSON_00368,381,PHONE_00091,voice
CALL_009542,2023-11-10,PERSON_00092,PERSON_00397,362,PHONE_00092,voice
CALL_009543,2024-10-10,PERSON_00093,PERSON_00426,139,PHONE_00093,voice
CALL_009544,2026-01-13,PERSON_00094,PERSON_00005,73,PHONE_00094,missed
CALL_009545,2025-02-10,PERSON_00095,PERSON_00034,162,PHONE_00095,missed
CALL_009546,2021-09-21,PERSON_00096,PERSON_00063,589,PHONE_00096,missed
CALL_009547,2025-10-25,PERSON_00097,PERSON_00092,216,PHONE_00097,voice
CALL_009548,2024-12-05,PERSON_00098,PERSON_00121,878,PHONE_00098,voice
CALL_009549,2023-09-18,PERSON_00099,PERSON_00150,280,PHONE_00099,missed
CALL_009550,2023-06-05,PERSON_00100,PERSON_00179,814,PHONE_00100,voice
CALL_009551,2022-12-22,PERSON_00101,PERSON_00014,136,PHONE_00101,voice
CALL_009552,2023-04-18,PERSON_00102,PERSON_00237,644,PHONE_00102,missed
CALL_009553,2022-09-23,PERSON_00103,PERSON_00266,391,PHONE_00103,missed
CALL_009554,2021-11-21,PERSON_00104,PERSON_00295,900,PHONE_00104,missed
CALL_009555,2021-05-01,PERSON_00105,PERSON_00324,61,PHONE_00105,voice
CALL_009556,2021-05-13,PERSON_00106,PERSON_00101,160,PHONE_00106,missed
CALL_009557,2021-01-28,PERSON_00107,PERSON_00382,248,PHONE_00107,voice
CALL_009558,2023-12-08,PERSON_00108,PERSON_00411,631,PHONE_00108,voice
CALL_009559,2025-05-18,PERSON_00109,PERSON_00440,447,PHONE_00109,voice
CALL_009560,2023-05-01,PERSON_00110,PERSON_00019,85,PHONE_00110,voice
CALL_009561,2026-03-20,PERSON_00111,PERSON_00048,155,PHONE_00111,voice
CALL_009562,2021-02-25,PERSON_00112,PERSON_00077,496,PHONE_00112,missed
CALL_009563,2025-08-07,PERSON_00113,PERSON_00106,212,PHONE_00113,missed
CALL_009564,2026-05-26,PERSON_00114,PERSON_00135,250,PHONE_00114,missed
CALL_009565,2021-07-29,PERSON_00115,PERSON_00164,377,PHONE_00115,voice
CALL_009566,2024-01-25,PERSON_00116,PERSON_00193,48,PHONE_00116,voice
CALL_009567,2026-01-13,PERSON_00117,PERSON_00222,400,PHONE_00117,voice
CALL_009568,2024-10-01,PERSON_00118,PERSON_00251,588,PHONE_00118,voice
CALL_009569,2024-07-08,PERSON_00119,PERSON_00280,568,PHONE_00119,voice
CALL_009570,2025-07-27,PERSON_00120,PERSON_00309,147,PHONE_00120,voice
CALL_009571,2025-02-11,PERSON_00121,PERSON_00338,885,PHONE_00121,voice
CALL_009572,2024-06-15,PERSON_00122,PERSON_00367,564,PHONE_00122,missed
CALL_009573,2025-12-03,PERSON_00123,PERSON_00396,212,PHONE_00123,missed
CALL_009574,2026-02-04,PERSON_00124,PERSON_00425,315,PHONE_00124,voice
CALL_009575,2022-11-22,PERSON_00125,PERSON_00004,745,PHONE_00125,voice
CALL_009576,2023-01-30,PERSON_00126,PERSON_00442,100,PHONE_00126,voice
CALL_009577,2021-10-08,PERSON_00127,PERSON_00062,176,PHONE_00127,missed
CALL_009578,2023-06-16,PERSON_00128,PERSON_00091,173,PHONE_00128,voice
CALL_009579,2025-04-29,PERSON_00129,PERSON_00120,233,PHONE_00129,voice
CALL_009580,2021-06-10,PERSON_00130,PERSON_00149,621,PHONE_00130,voice
CALL_009581,2026-01-18,PERSON_00131,PERSON_00178,37,PHONE_00131,voice
CALL_009582,2022-05-31,PERSON_00132,PERSON_00207,419,PHONE_00132,voice
CALL_009583,2025-07-23,PERSON_00133,PERSON_00236,718,PHONE_00133,voice
CALL_009584,2021-03-10,PERSON_00134,PERSON_00265,696,PHONE_00134,missed
CALL_009585,2025-05-01,PERSON_00135,PERSON_00294,110,PHONE_00135,missed
CALL_009586,2022-03-31,PERSON_00136,PERSON_00323,889,PHONE_00136,voice
CALL_009587,2024-01-24,PERSON_00137,PERSON_00352,305,PHONE_00137,voice
CALL_009588,2022-11-29,PERSON_00138,PERSON_00381,519,PHONE_00138,voice
CALL_009589,2024-01-27,PERSON_00139,PERSON_00410,246,PHONE_00139,missed
CALL_009590,2026-04-19,PERSON_00140,PERSON_00439,784,PHONE_00140,voice
CALL_009591,2022-08-19,PERSON_00141,PERSON_00401,93,PHONE_00141,voice
CALL_009592,2024-06-29,PERSON_00142,PERSON_00047,296,PHONE_00142,missed
CALL_009593,2025-05-26,PERSON_00143,PERSON_00076,119,PHONE_00143,voice
CALL_009594,2026-05-21,PERSON_00144,PERSON_00105,377,PHONE_00144,missed
CALL_009595,2025-02-21,PERSON_00145,PERSON_00134,576,PHONE_00145,missed
CALL_009596,2026-05-18,PERSON_00146,PERSON_00163,614,PHONE_00146,missed
CALL_009597,2022-11-11,PERSON_00147,PERSON_00192,246,PHONE_00147,missed
CALL_009598,2022-09-15,PERSON_00148,PERSON_00221,689,PHONE_00148,voice
CALL_009599,2022-04-19,PERSON_00149,PERSON_00250,140,PHONE_00149,voice
CALL_009600,2025-09-02,PERSON_00150,PERSON_00279,724,PHONE_00150,voice
CALL_009601,2022-05-29,PERSON_00151,PERSON_00308,748,PHONE_00151,voice
CALL_009602,2023-02-15,PERSON_00152,PERSON_00337,809,PHONE_00152,voice
CALL_009603,2024-01-22,PERSON_00153,PERSON_00366,159,PHONE_00153,voice
CALL_009604,2024-06-03,PERSON_00154,PERSON_00395,199,PHONE_00154,missed
CALL_009605,2026-02-08,PERSON_00155,PERSON_00424,768,PHONE_00155,missed
CALL_009606,2025-07-25,PERSON_00156,PERSON_00156,31,PHONE_00156,voice
CALL_009607,2024-07-16,PERSON_00157,PERSON_00032,585,PHONE_00157,voice
CALL_009608,2021-02-03,PERSON_00158,PERSON_00061,831,PHONE_00158,missed
CALL_009609,2025-10-31,PERSON_00159,PERSON_00090,626,PHONE_00159,voice
CALL_009610,2023-03-27,PERSON_00160,PERSON_00119,222,PHONE_00160,voice
CALL_009611,2025-05-15,PERSON_00161,PERSON_00101,83,PHONE_00161,voice
CALL_009612,2022-02-26,PERSON_00162,PERSON_00177,423,PHONE_00162,voice
CALL_009613,2024-11-04,PERSON_00163,PERSON_00206,500,PHONE_00163,voice
CALL_009614,2024-05-30,PERSON_00164,PERSON_00235,141,PHONE_00164,missed
CALL_009615,2025-07-06,PERSON_00165,PERSON_00264,175,PHONE_00165,missed
CALL_009616,2021-06-25,PERSON_00166,PERSON_00237,164,PHONE_00166,voice
CALL_009617,2022-02-09,PERSON_00167,PERSON_00322,165,PHONE_00167,voice
CALL_009618,2025-10-23,PERSON_00168,PERSON_00351,517,PHONE_00168,voice
CALL_009619,2026-06-27,PERSON_00169,PERSON_00380,152,PHONE_00169,voice
CALL_009620,2024-01-11,PERSON_00170,PERSON_00409,105,PHONE_00170,voice
CALL_009621,2026-03-12,PERSON_00171,PERSON_00006,119,PHONE_00171,voice
CALL_009622,2023-03-25,PERSON_00172,PERSON_00017,402,PHONE_00172,voice
CALL_009623,2024-02-19,PERSON_00173,PERSON_00046,666,PHONE_00173,voice
CALL_009624,2022-04-10,PERSON_00174,PERSON_00075,659,PHONE_00174,voice
CALL_009625,2022-04-13,PERSON_00175,PERSON_00104,242,PHONE_00175,voice
CALL_009626,2026-05-05,PERSON_00176,PERSON_00133,719,PHONE_00176,voice
CALL_009627,2022-10-19,PERSON_00177,PERSON_00162,275,PHONE_00177,voice
CALL_009628,2025-06-21,PERSON_00178,PERSON_00191,826,PHONE_00178,missed
CALL_009629,2022-04-02,PERSON_00179,PERSON_00220,159,PHONE_00179,voice
CALL_009630,2025-03-24,PERSON_00180,PERSON_00249,379,PHONE_00180,voice
CALL_009631,2022-10-13,PERSON_00181,PERSON_00278,718,PHONE_00181,missed
CALL_009632,2024-04-02,PERSON_00182,PERSON_00307,327,PHONE_00182,voice
CALL_009633,2021-09-29,PERSON_00183,PERSON_00336,97,PHONE_00183,missed
CALL_009634,2025-06-23,PERSON_00184,PERSON_00365,643,PHONE_00184,voice
CALL_009635,2024-05-27,PERSON_00185,PERSON_00394,47,PHONE_00185,voice
CALL_009636,2022-09-06,PERSON_00186,PERSON_00423,753,PHONE_00186,missed
CALL_009637,2022-08-06,PERSON_00187,PERSON_00002,380,PHONE_00187,missed
CALL_009638,2024-04-13,PERSON_00188,PERSON_00031,859,PHONE_00188,voice
CALL_009639,2024-04-13,PERSON_00189,PERSON_00060,393,PHONE_00189,missed
CALL_009640,2023-10-09,PERSON_00190,PERSON_00089,222,PHONE_00190,voice
CALL_009641,2024-03-22,PERSON_00191,PERSON_00436,108,PHONE_00191,voice
CALL_009642,2021-01-01,PERSON_00192,PERSON_00147,60,PHONE_00192,voice
CALL_009643,2026-03-22,PERSON_00193,PERSON_00176,157,PHONE_00193,voice
CALL_009644,2022-01-22,PERSON_00194,PERSON_00205,724,PHONE_00194,voice
CALL_009645,2023-11-06,PERSON_00195,PERSON_00234,691,PHONE_00195,voice
CALL_009646,2022-10-11,PERSON_00196,PERSON_00182,155,PHONE_00196,voice
CALL_009647,2021-01-15,PERSON_00197,PERSON_00292,664,PHONE_00197,missed
CALL_009648,2024-03-16,PERSON_00198,PERSON_00321,76,PHONE_00198,missed
CALL_009649,2024-08-30,PERSON_00199,PERSON_00350,263,PHONE_00199,voice
CALL_009650,2021-11-09,PERSON_00200,PERSON_00379,696,PHONE_00200,voice
CALL_009651,2023-02-15,PERSON_00201,PERSON_00408,395,PHONE_00201,voice
CALL_009652,2021-09-30,PERSON_00202,PERSON_00437,767,PHONE_00202,voice
CALL_009653,2022-04-13,PERSON_00203,PERSON_00016,687,PHONE_00203,voice
CALL_009654,2026-02-06,PERSON_00204,PERSON_00045,248,PHONE_00204,missed
CALL_009655,2022-02-25,PERSON_00205,PERSON_00074,139,PHONE_00205,voice
CALL_009656,2025-01-05,PERSON_00206,PERSON_00103,130,PHONE_00206,voice
CALL_009657,2025-05-04,PERSON_00207,PERSON_00132,418,PHONE_00207,voice
CALL_009658,2022-10-20,PERSON_00208,PERSON_00161,421,PHONE_00208,voice
CALL_009659,2023-05-13,PERSON_00209,PERSON_00190,222,PHONE_00209,voice
CALL_009660,2021-03-27,PERSON_00210,PERSON_00219,321,PHONE_00210,voice
CALL_009661,2024-03-19,PERSON_00211,PERSON_00248,801,PHONE_00211,voice
CALL_009662,2021-12-01,PERSON_00212,PERSON_00277,313,PHONE_00212,voice
CALL_009663,2021-06-16,PERSON_00213,PERSON_00306,308,PHONE_00213,voice
CALL_009664,2021-06-04,PERSON_00214,PERSON_00335,356,PHONE_00214,voice
CALL_009665,2022-02-02,PERSON_00215,PERSON_00364,732,PHONE_00215,voice
CALL_009666,2025-10-06,PERSON_00216,PERSON_00134,43,PHONE_00216,voice
CALL_009667,2022-08-11,PERSON_00217,PERSON_00422,26,PHONE_00217,voice
CALL_009668,2024-01-02,PERSON_00218,PERSON_00001,278,PHONE_00218,voice
CALL_009669,2022-08-28,PERSON_00219,PERSON_00030,764,PHONE_00219,voice
CALL_009670,2024-09-29,PERSON_00220,PERSON_00059,335,PHONE_00220,missed
CALL_009671,2021-05-14,PERSON_00221,PERSON_00128,172,PHONE_00221,missed
CALL_009672,2022-05-06,PERSON_00222,PERSON_00117,333,PHONE_00222,missed
CALL_009673,2025-09-06,PERSON_00223,PERSON_00146,796,PHONE_00223,voice
CALL_009674,2026-02-10,PERSON_00224,PERSON_00175,555,PHONE_00224,voice
CALL_009675,2021-12-08,PERSON_00225,PERSON_00204,406,PHONE_00225,missed
CALL_009676,2022-08-17,PERSON_00226,PERSON_00117,145,PHONE_00226,voice
CALL_009677,2025-05-25,PERSON_00227,PERSON_00262,775,PHONE_00227,voice
CALL_009678,2021-07-22,PERSON_00228,PERSON_00291,294,PHONE_00228,voice
CALL_009679,2025-04-12,PERSON_00229,PERSON_00320,692,PHONE_00229,missed
CALL_009680,2022-10-21,PERSON_00230,PERSON_00349,489,PHONE_00230,voice
CALL_009681,2021-09-18,PERSON_00231,PERSON_00344,40,PHONE_00231,voice
CALL_009682,2023-05-19,PERSON_00232,PERSON_00407,860,PHONE_00232,voice
CALL_009683,2021-04-19,PERSON_00233,PERSON_00436,759,PHONE_00233,missed
CALL_009684,2026-01-22,PERSON_00234,PERSON_00015,666,PHONE_00234,voice
CALL_009685,2025-09-02,PERSON_00235,PERSON_00044,423,PHONE_00235,voice
CALL_009686,2025-12-14,PERSON_00236,PERSON_00073,849,PHONE_00236,voice
CALL_009687,2024-03-11,PERSON_00237,PERSON_00102,288,PHONE_00237,voice
CALL_009688,2026-02-27,PERSON_00238,PERSON_00131,596,PHONE_00238,voice
CALL_009689,2021-09-05,PERSON_00239,PERSON_00160,765,PHONE_00239,missed
CALL_009690,2022-12-23,PERSON_00240,PERSON_00189,845,PHONE_00240,voice
CALL_009691,2026-03-11,PERSON_00241,PERSON_00194,19,PHONE_00241,voice
CALL_009692,2025-05-14,PERSON_00242,PERSON_00247,806,PHONE_00242,voice
CALL_009693,2021-08-11,PERSON_00243,PERSON_00276,613,PHONE_00243,voice
CALL_009694,2023-06-03,PERSON_00244,PERSON_00305,169,PHONE_00244,voice
CALL_009695,2022-08-05,PERSON_00245,PERSON_00334,368,PHONE_00245,voice
CALL_009696,2024-10-19,PERSON_00246,PERSON_00363,679,PHONE_00246,missed
CALL_009697,2021-08-16,PERSON_00247,PERSON_00392,29,PHONE_00247,voice
CALL_009698,2021-08-29,PERSON_00248,PERSON_00421,243,PHONE_00248,missed
CALL_009699,2025-05-21,PERSON_00249,PERSON_00450,272,PHONE_00249,missed
CALL_009700,2021-08-15,PERSON_00250,PERSON_00029,64,PHONE_00250,voice
CALL_009701,2021-08-25,PERSON_00251,PERSON_00058,806,PHONE_00251,missed
CALL_009702,2021-05-22,PERSON_00252,PERSON_00087,612,PHONE_00252,voice
CALL_009703,2022-03-08,PERSON_00253,PERSON_00116,565,PHONE_00253,voice
CALL_009704,2024-05-04,PERSON_00254,PERSON_00145,193,PHONE_00254,voice
CALL_009705,2022-08-21,PERSON_00255,PERSON_00174,155,PHONE_00255,voice
CALL_009706,2022-04-08,PERSON_00256,PERSON_00171,120,PHONE_00256,missed
CALL_009707,2022-12-13,PERSON_00257,PERSON_00232,673,PHONE_00257,missed
CALL_009708,2024-01-07,PERSON_00258,PERSON_00261,24,PHONE_00258,voice
CALL_009709,2024-12-01,PERSON_00259,PERSON_00290,404,PHONE_00259,voice
CALL_009710,2026-03-08,PERSON_00260,PERSON_00319,116,PHONE_00260,voice
CALL_009711,2023-08-26,PERSON_00261,PERSON_00348,265,PHONE_00261,voice
CALL_009712,2026-06-01,PERSON_00262,PERSON_00377,497,PHONE_00262,voice
CALL_009713,2021-06-11,PERSON_00263,PERSON_00406,850,PHONE_00263,voice
CALL_009714,2022-05-02,PERSON_00264,PERSON_00435,344,PHONE_00264,missed
CALL_009715,2023-10-13,PERSON_00265,PERSON_00014,330,PHONE_00265,voice
CALL_009716,2022-06-25,PERSON_00266,PERSON_00043,681,PHONE_00266,voice
CALL_009717,2024-03-03,PERSON_00267,PERSON_00072,714,PHONE_00267,voice
CALL_009718,2021-01-23,PERSON_00268,PERSON_00101,119,PHONE_00268,voice
CALL_009719,2021-04-30,PERSON_00269,PERSON_00130,457,PHONE_00269,voice
CALL_009720,2022-01-26,PERSON_00270,PERSON_00159,150,PHONE_00270,voice
CALL_009721,2024-06-21,PERSON_00271,PERSON_00159,138,PHONE_00271,voice
CALL_009722,2025-09-25,PERSON_00272,PERSON_00217,558,PHONE_00272,voice
CALL_009723,2024-05-18,PERSON_00273,PERSON_00246,519,PHONE_00273,missed
CALL_009724,2025-04-24,PERSON_00274,PERSON_00275,607,PHONE_00274,missed
CALL_009725,2022-12-16,PERSON_00275,PERSON_00304,673,PHONE_00275,missed
CALL_009726,2021-01-16,PERSON_00276,PERSON_00333,393,PHONE_00276,voice
CALL_009727,2023-12-08,PERSON_00277,PERSON_00362,497,PHONE_00277,voice
CALL_009728,2025-08-23,PERSON_00278,PERSON_00391,105,PHONE_00278,voice
CALL_009729,2023-10-03,PERSON_00279,PERSON_00420,776,PHONE_00279,missed
CALL_009730,2023-12-16,PERSON_00280,PERSON_00449,819,PHONE_00280,missed
CALL_009731,2021-06-22,PERSON_00281,PERSON_00028,289,PHONE_00281,voice
CALL_009732,2023-08-19,PERSON_00282,PERSON_00057,647,PHONE_00282,voice
CALL_009733,2023-07-26,PERSON_00283,PERSON_00086,759,PHONE_00283,voice
CALL_009734,2026-01-04,PERSON_00284,PERSON_00115,532,PHONE_00284,voice
CALL_009735,2026-06-04,PERSON_00285,PERSON_00144,377,PHONE_00285,voice
CALL_009736,2024-01-03,PERSON_00286,PERSON_00292,114,PHONE_00286,voice
CALL_009737,2025-03-16,PERSON_00287,PERSON_00202,72,PHONE_00287,voice
CALL_009738,2021-08-21,PERSON_00288,PERSON_00231,607,PHONE_00288,voice
CALL_009739,2024-12-15,PERSON_00289,PERSON_00260,741,PHONE_00289,voice
CALL_009740,2026-04-05,PERSON_00290,PERSON_00289,48,PHONE_00290,voice
CALL_009741,2024-10-26,PERSON_00291,PERSON_00439,59,PHONE_00291,voice
CALL_009742,2022-06-07,PERSON_00292,PERSON_00347,283,PHONE_00292,missed
CALL_009743,2024-05-15,PERSON_00293,PERSON_00376,860,PHONE_00293,voice
CALL_009744,2022-07-25,PERSON_00294,PERSON_00405,426,PHONE_00294,voice
CALL_009745,2022-08-04,PERSON_00295,PERSON_00434,548,PHONE_00295,voice
CALL_009746,2024-11-26,PERSON_00296,PERSON_00013,811,PHONE_00296,missed
CALL_009747,2021-05-21,PERSON_00297,PERSON_00042,410,PHONE_00297,missed
CALL_009748,2022-04-06,PERSON_00298,PERSON_00071,673,PHONE_00298,voice
CALL_009749,2024-03-07,PERSON_00299,PERSON_00100,221,PHONE_00299,missed
CALL_009750,2025-07-07,PERSON_00300,PERSON_00129,145,PHONE_00300,missed
CALL_009751,2025-01-16,PERSON_00301,PERSON_00242,95,PHONE_00301,missed
CALL_009752,2021-01-03,PERSON_00302,PERSON_00187,535,PHONE_00302,voice
CALL_009753,2025-01-09,PERSON_00303,PERSON_00216,294,PHONE_00303,voice
CALL_009754,2021-11-11,PERSON_00304,PERSON_00245,655,PHONE_00304,voice
CALL_009755,2021-07-01,PERSON_00305,PERSON_00274,612,PHONE_00305,voice
CALL_009756,2022-10-26,PERSON_00306,PERSON_00303,521,PHONE_00306,voice
CALL_009757,2022-01-08,PERSON_00307,PERSON_00332,405,PHONE_00307,missed
CALL_009758,2023-11-30,PERSON_00308,PERSON_00361,361,PHONE_00308,voice
CALL_009759,2022-08-21,PERSON_00309,PERSON_00390,674,PHONE_00309,voice
CALL_009760,2022-12-28,PERSON_00310,PERSON_00419,649,PHONE_00310,voice
CALL_009761,2024-06-11,PERSON_00311,PERSON_00448,428,PHONE_00311,voice
CALL_009762,2025-10-27,PERSON_00312,PERSON_00027,451,PHONE_00312,missed
CALL_009763,2021-05-18,PERSON_00313,PERSON_00056,380,PHONE_00313,voice
CALL_009764,2025-09-15,PERSON_00314,PERSON_00085,603,PHONE_00314,missed
CALL_009765,2022-09-14,PERSON_00315,PERSON_00114,202,PHONE_00315,voice
CALL_009766,2021-09-13,PERSON_00316,PERSON_00143,819,PHONE_00316,voice
CALL_009767,2024-03-03,PERSON_00317,PERSON_00172,108,PHONE_00317,voice
CALL_009768,2023-04-21,PERSON_00318,PERSON_00201,820,PHONE_00318,voice
CALL_009769,2021-12-17,PERSON_00319,PERSON_00230,363,PHONE_00319,missed
CALL_009770,2024-02-11,PERSON_00320,PERSON_00259,653,PHONE_00320,voice
CALL_009771,2024-05-05,PERSON_00321,PERSON_00030,41,PHONE_00321,missed
CALL_009772,2021-06-24,PERSON_00322,PERSON_00317,240,PHONE_00322,voice
CALL_009773,2021-04-28,PERSON_00323,PERSON_00346,687,PHONE_00323,voice
CALL_009774,2024-05-09,PERSON_00324,PERSON_00375,740,PHONE_00324,voice
CALL_009775,2024-09-08,PERSON_00325,PERSON_00404,74,PHONE_00325,missed
CALL_009776,2024-07-05,PERSON_00326,PERSON_00433,708,PHONE_00326,missed
CALL_009777,2022-03-31,PERSON_00327,PERSON_00012,705,PHONE_00327,voice
CALL_009778,2026-01-12,PERSON_00328,PERSON_00041,349,PHONE_00328,missed
CALL_009779,2022-11-07,PERSON_00329,PERSON_00070,485,PHONE_00329,missed
CALL_009780,2025-02-01,PERSON_00330,PERSON_00099,657,PHONE_00330,voice
CALL_009781,2025-09-25,PERSON_00331,PERSON_00169,87,PHONE_00331,voice
CALL_009782,2022-10-31,PERSON_00332,PERSON_00157,580,PHONE_00332,voice
CALL_009783,2024-11-26,PERSON_00333,PERSON_00186,204,PHONE_00333,voice
CALL_009784,2022-09-27,PERSON_00334,PERSON_00215,578,PHONE_00334,missed
CALL_009785,2022-01-16,PERSON_00335,PERSON_00244,505,PHONE_00335,voice
CALL_009786,2025-06-29,PERSON_00336,PERSON_00014,17,PHONE_00336,missed
CALL_009787,2024-02-23,PERSON_00337,PERSON_00302,631,PHONE_00337,voice
CALL_009788,2023-11-26,PERSON_00338,PERSON_00331,687,PHONE_00338,missed
CALL_009789,2024-10-30,PERSON_00339,PERSON_00360,307,PHONE_00339,voice
CALL_009790,2024-02-19,PERSON_00340,PERSON_00389,826,PHONE_00340,voice
CALL_009791,2023-11-05,PERSON_00341,PERSON_00418,505,PHONE_00341,voice
CALL_009792,2024-06-29,PERSON_00342,PERSON_00447,638,PHONE_00342,voice
CALL_009793,2023-03-26,PERSON_00343,PERSON_00026,366,PHONE_00343,voice
CALL_009794,2022-12-22,PERSON_00344,PERSON_00055,445,PHONE_00344,voice
CALL_009795,2021-03-01,PERSON_00345,PERSON_00084,892,PHONE_00345,voice
CALL_009796,2022-08-29,PERSON_00346,PERSON_00113,658,PHONE_00346,voice
CALL_009797,2024-10-20,PERSON_00347,PERSON_00142,182,PHONE_00347,missed
CALL_009798,2024-06-07,PERSON_00348,PERSON_00171,649,PHONE_00348,voice
CALL_009799,2022-03-19,PERSON_00349,PERSON_00200,491,PHONE_00349,missed
CALL_009800,2023-10-14,PERSON_00350,PERSON_00229,310,PHONE_00350,voice
CALL_009801,2025-01-01,PERSON_00351,PERSON_00258,192,PHONE_00351,missed
CALL_009802,2021-09-25,PERSON_00352,PERSON_00287,880,PHONE_00352,voice
CALL_009803,2026-05-06,PERSON_00353,PERSON_00316,629,PHONE_00353,missed
CALL_009804,2023-06-04,PERSON_00354,PERSON_00345,577,PHONE_00354,missed
CALL_009805,2024-12-07,PERSON_00355,PERSON_00374,247,PHONE_00355,voice
CALL_009806,2026-01-10,PERSON_00356,PERSON_00403,358,PHONE_00356,missed
CALL_009807,2023-02-28,PERSON_00357,PERSON_00432,883,PHONE_00357,missed
CALL_009808,2021-11-08,PERSON_00358,PERSON_00011,742,PHONE_00358,voice
CALL_009809,2021-04-09,PERSON_00359,PERSON_00040,15,PHONE_00359,voice
CALL_009810,2025-03-21,PERSON_00360,PERSON_00069,71,PHONE_00360,voice
CALL_009811,2021-01-17,PERSON_00361,PERSON_00098,151,PHONE_00361,voice
CALL_009812,2024-03-21,PERSON_00362,PERSON_00127,36,PHONE_00362,voice
CALL_009813,2022-12-04,PERSON_00363,PERSON_00156,201,PHONE_00363,missed
CALL_009814,2021-06-23,PERSON_00364,PERSON_00185,143,PHONE_00364,missed
CALL_009815,2022-10-18,PERSON_00365,PERSON_00214,365,PHONE_00365,voice
CALL_009816,2026-06-27,PERSON_00366,PERSON_00237,94,PHONE_00366,missed
CALL_009817,2026-04-21,PERSON_00367,PERSON_00272,527,PHONE_00367,voice
CALL_009818,2023-07-15,PERSON_00368,PERSON_00301,454,PHONE_00368,voice
CALL_009819,2022-10-24,PERSON_00369,PERSON_00330,332,PHONE_00369,voice
CALL_009820,2022-11-25,PERSON_00370,PERSON_00359,270,PHONE_00370,voice
CALL_009821,2021-09-28,PERSON_00371,PERSON_00411,146,PHONE_00371,voice
CALL_009822,2024-11-10,PERSON_00372,PERSON_00417,637,PHONE_00372,voice
CALL_009823,2025-05-06,PERSON_00373,PERSON_00446,793,PHONE_00373,voice
CALL_009824,2023-11-01,PERSON_00374,PERSON_00025,615,PHONE_00374,voice
CALL_009825,2021-01-01,PERSON_00375,PERSON_00054,366,PHONE_00375,voice
CALL_009826,2025-12-14,PERSON_00376,PERSON_00411,68,PHONE_00376,missed
CALL_009827,2024-07-19,PERSON_00377,PERSON_00112,269,PHONE_00377,missed
CALL_009828,2021-01-11,PERSON_00378,PERSON_00141,598,PHONE_00378,missed
CALL_009829,2025-07-28,PERSON_00379,PERSON_00170,27,PHONE_00379,missed
CALL_009830,2023-09-07,PERSON_00380,PERSON_00199,654,PHONE_00380,missed
CALL_009831,2021-01-20,PERSON_00381,PERSON_00256,44,PHONE_00381,voice
CALL_009832,2025-01-24,PERSON_00382,PERSON_00257,282,PHONE_00382,voice
CALL_009833,2025-04-25,PERSON_00383,PERSON_00286,77,PHONE_00383,voice
CALL_009834,2024-12-16,PERSON_00384,PERSON_00315,759,PHONE_00384,voice
CALL_009835,2021-07-19,PERSON_00385,PERSON_00344,599,PHONE_00385,voice
CALL_009836,2023-11-18,PERSON_00386,PERSON_00373,502,PHONE_00386,voice
CALL_009837,2025-08-17,PERSON_00387,PERSON_00402,527,PHONE_00387,missed
CALL_009838,2025-01-04,PERSON_00388,PERSON_00431,360,PHONE_00388,voice
CALL_009839,2021-02-17,PERSON_00389,PERSON_00010,22,PHONE_00389,missed
CALL_009840,2022-09-10,PERSON_00390,PERSON_00039,703,PHONE_00390,missed
CALL_009841,2025-10-29,PERSON_00391,PERSON_00144,126,PHONE_00391,voice
CALL_009842,2025-09-11,PERSON_00392,PERSON_00097,200,PHONE_00392,voice
CALL_009843,2025-12-24,PERSON_00393,PERSON_00126,751,PHONE_00393,missed
CALL_009844,2021-01-10,PERSON_00394,PERSON_00155,267,PHONE_00394,voice
CALL_009845,2024-04-05,PERSON_00395,PERSON_00184,438,PHONE_00395,voice
CALL_009846,2021-02-03,PERSON_00396,PERSON_00213,573,PHONE_00396,voice
CALL_009847,2023-04-19,PERSON_00397,PERSON_00242,806,PHONE_00397,missed
CALL_009848,2025-01-16,PERSON_00398,PERSON_00271,385,PHONE_00398,voice
CALL_009849,2022-08-21,PERSON_00399,PERSON_00300,618,PHONE_00399,missed
CALL_009850,2025-01-27,PERSON_00400,PERSON_00329,205,PHONE_00400,voice
CALL_009851,2021-01-20,PERSON_00401,PERSON_00081,130,PHONE_00401,voice
CALL_009852,2024-08-03,PERSON_00402,PERSON_00387,709,PHONE_00402,voice
CALL_009853,2021-07-30,PERSON_00403,PERSON_00416,300,PHONE_00403,missed
CALL_009854,2026-06-13,PERSON_00404,PERSON_00445,744,PHONE_00404,voice
CALL_009855,2024-11-27,PERSON_00405,PERSON_00024,197,PHONE_00405,voice
CALL_009856,2025-11-21,PERSON_00406,PERSON_00205,24,PHONE_00406,voice
CALL_009857,2025-09-28,PERSON_00407,PERSON_00082,684,PHONE_00407,missed
CALL_009858,2025-12-16,PERSON_00408,PERSON_00111,655,PHONE_00408,voice
CALL_009859,2021-10-18,PERSON_00409,PERSON_00140,398,PHONE_00409,voice
CALL_009860,2023-06-03,PERSON_00410,PERSON_00169,218,PHONE_00410,voice
CALL_009861,2024-05-30,PERSON_00411,PERSON_00288,125,PHONE_00411,missed
CALL_009862,2025-05-20,PERSON_00412,PERSON_00227,773,PHONE_00412,missed
CALL_009863,2023-04-24,PERSON_00413,PERSON_00256,206,PHONE_00413,voice
CALL_009864,2026-04-19,PERSON_00414,PERSON_00285,253,PHONE_00414,voice
CALL_009865,2022-04-09,PERSON_00415,PERSON_00314,465,PHONE_00415,missed
CALL_009866,2021-10-06,PERSON_00416,PERSON_00343,879,PHONE_00416,voice
CALL_009867,2022-12-16,PERSON_00417,PERSON_00372,529,PHONE_00417,voice
CALL_009868,2024-12-08,PERSON_00418,PERSON_00401,799,PHONE_00418,voice
CALL_009869,2025-05-10,PERSON_00419,PERSON_00430,787,PHONE_00419,voice
CALL_009870,2021-03-12,PERSON_00420,PERSON_00009,804,PHONE_00420,missed
CALL_009871,2024-10-28,PERSON_00421,PERSON_00038,856,PHONE_00421,voice
CALL_009872,2021-07-27,PERSON_00422,PERSON_00067,748,PHONE_00422,missed
CALL_009873,2023-05-18,PERSON_00423,PERSON_00096,644,PHONE_00423,voice
CALL_009874,2023-06-24,PERSON_00424,PERSON_00125,28,PHONE_00424,voice
CALL_009875,2026-03-01,PERSON_00425,PERSON_00154,788,PHONE_00425,voice
CALL_009876,2025-01-01,PERSON_00426,PERSON_00183,366,PHONE_00426,voice
CALL_009877,2024-11-18,PERSON_00427,PERSON_00212,849,PHONE_00427,voice
CALL_009878,2026-05-05,PERSON_00428,PERSON_00241,622,PHONE_00428,missed
CALL_009879,2021-02-19,PERSON_00429,PERSON_00270,272,PHONE_00429,voice
CALL_009880,2021-06-15,PERSON_00430,PERSON_00299,746,PHONE_00430,missed
CALL_009881,2024-03-30,PERSON_00431,PERSON_00328,422,PHONE_00431,missed
CALL_009882,2024-05-21,PERSON_00432,PERSON_00357,588,PHONE_00432,missed
CALL_009883,2022-05-21,PERSON_00433,PERSON_00386,411,PHONE_00433,missed
CALL_009884,2024-08-30,PERSON_00434,PERSON_00415,570,PHONE_00434,voice
CALL_009885,2023-07-18,PERSON_00435,PERSON_00444,192,PHONE_00435,missed
CALL_009886,2021-09-12,PERSON_00436,PERSON_00318,163,PHONE_00436,voice
CALL_009887,2024-04-08,PERSON_00437,PERSON_00052,247,PHONE_00437,voice
CALL_009888,2022-08-21,PERSON_00438,PERSON_00081,554,PHONE_00438,missed
CALL_009889,2022-03-12,PERSON_00439,PERSON_00110,888,PHONE_00439,voice
CALL_009890,2022-04-26,PERSON_00440,PERSON_00139,624,PHONE_00440,voice
CALL_009891,2023-05-30,PERSON_00441,PERSON_00168,193,PHONE_00441,voice
CALL_009892,2026-06-16,PERSON_00442,PERSON_00197,450,PHONE_00442,voice
CALL_009893,2024-03-25,PERSON_00443,PERSON_00226,319,PHONE_00443,voice
CALL_009894,2024-06-18,PERSON_00444,PERSON_00255,420,PHONE_00444,voice
CALL_009895,2023-10-28,PERSON_00445,PERSON_00284,703,PHONE_00445,missed
CALL_009896,2022-10-14,PERSON_00446,PERSON_00313,298,PHONE_00446,voice
CALL_009897,2024-09-20,PERSON_00447,PERSON_00342,701,PHONE_00447,voice
CALL_009898,2022-09-18,PERSON_00448,PERSON_00371,457,PHONE_00448,voice
CALL_009899,2025-10-28,PERSON_00449,PERSON_00400,239,PHONE_00449,voice
CALL_009900,2021-02-10,PERSON_00450,PERSON_00429,57,PHONE_00450,voice
CALL_009901,2021-11-29,PERSON_00001,PERSON_00008,336,PHONE_00001,missed
CALL_009902,2023-09-19,PERSON_00002,PERSON_00037,892,PHONE_00002,missed
CALL_009903,2023-08-04,PERSON_00003,PERSON_00066,675,PHONE_00003,missed
CALL_009904,2024-02-17,PERSON_00004,PERSON_00095,755,PHONE_00004,missed
CALL_009905,2021-02-18,PERSON_00005,PERSON_00124,653,PHONE_00005,voice
CALL_009906,2026-02-02,PERSON_00006,PERSON_00118,10,PHONE_00006,voice
CALL_009907,2021-11-22,PERSON_00007,PERSON_00182,640,PHONE_00007,missed
CALL_009908,2025-09-22,PERSON_00008,PERSON_00211,530,PHONE_00008,missed
CALL_009909,2021-10-31,PERSON_00009,PERSON_00240,241,PHONE_00009,missed
CALL_009910,2021-08-24,PERSON_00010,PERSON_00269,623,PHONE_00010,missed
CALL_009911,2023-09-22,PERSON_00011,PERSON_00298,76,PHONE_00011,missed
CALL_009912,2023-03-30,PERSON_00012,PERSON_00327,871,PHONE_00012,missed
CALL_009913,2021-09-24,PERSON_00013,PERSON_00356,287,PHONE_00013,missed
CALL_009914,2025-06-03,PERSON_00014,PERSON_00385,555,PHONE_00014,missed
CALL_009915,2022-11-19,PERSON_00015,PERSON_00414,292,PHONE_00015,voice
CALL_009916,2025-05-30,PERSON_00016,PERSON_00350,75,PHONE_00016,voice
CALL_009917,2024-12-18,PERSON_00017,PERSON_00022,318,PHONE_00017,missed
CALL_009918,2024-09-07,PERSON_00018,PERSON_00051,188,PHONE_00018,voice
CALL_009919,2022-09-21,PERSON_00019,PERSON_00080,828,PHONE_00019,missed
CALL_009920,2023-06-19,PERSON_00020,PERSON_00109,889,PHONE_00020,missed
CALL_009921,2021-06-21,PERSON_00021,PERSON_00012,136,PHONE_00021,voice
CALL_009922,2022-07-20,PERSON_00022,PERSON_00167,174,PHONE_00022,voice
CALL_009923,2025-12-27,PERSON_00023,PERSON_00196,346,PHONE_00023,voice
CALL_009924,2025-01-07,PERSON_00024,PERSON_00225,834,PHONE_00024,voice
CALL_009925,2021-03-07,PERSON_00025,PERSON_00254,763,PHONE_00025,voice
CALL_009926,2025-10-30,PERSON_00026,PERSON_00283,764,PHONE_00026,voice
CALL_009927,2025-04-12,PERSON_00027,PERSON_00312,424,PHONE_00027,voice
CALL_009928,2022-08-13,PERSON_00028,PERSON_00341,279,PHONE_00028,voice
CALL_009929,2025-11-12,PERSON_00029,PERSON_00370,562,PHONE_00029,missed
CALL_009930,2025-04-18,PERSON_00030,PERSON_00399,528,PHONE_00030,voice
CALL_009931,2023-09-30,PERSON_00031,PERSON_00428,830,PHONE_00031,voice
CALL_009932,2025-09-27,PERSON_00032,PERSON_00007,653,PHONE_00032,voice
CALL_009933,2025-08-23,PERSON_00033,PERSON_00036,687,PHONE_00033,voice
CALL_009934,2022-03-24,PERSON_00034,PERSON_00065,502,PHONE_00034,missed
CALL_009935,2026-04-28,PERSON_00035,PERSON_00094,156,PHONE_00035,missed
CALL_009936,2022-08-09,PERSON_00036,PERSON_00123,49,PHONE_00036,voice
CALL_009937,2025-10-29,PERSON_00037,PERSON_00152,277,PHONE_00037,voice
CALL_009938,2021-03-10,PERSON_00038,PERSON_00181,681,PHONE_00038,missed
CALL_009939,2025-10-21,PERSON_00039,PERSON_00210,652,PHONE_00039,missed
CALL_009940,2024-02-19,PERSON_00040,PERSON_00239,152,PHONE_00040,voice
CALL_009941,2024-05-29,PERSON_00041,PERSON_00268,730,PHONE_00041,missed
CALL_009942,2025-04-23,PERSON_00042,PERSON_00297,177,PHONE_00042,voice
CALL_009943,2021-06-30,PERSON_00043,PERSON_00326,880,PHONE_00043,voice
CALL_009944,2025-11-21,PERSON_00044,PERSON_00355,141,PHONE_00044,missed
CALL_009945,2021-12-11,PERSON_00045,PERSON_00384,299,PHONE_00045,voice
CALL_009946,2025-08-10,PERSON_00046,PERSON_00220,31,PHONE_00046,missed
CALL_009947,2021-03-04,PERSON_00047,PERSON_00442,293,PHONE_00047,missed
CALL_009948,2021-12-06,PERSON_00048,PERSON_00021,108,PHONE_00048,voice
CALL_009949,2024-06-17,PERSON_00049,PERSON_00050,660,PHONE_00049,missed
CALL_009950,2025-02-21,PERSON_00050,PERSON_00079,30,PHONE_00050,voice
CALL_009951,2026-01-29,PERSON_00051,PERSON_00108,768,PHONE_00051,missed
CALL_009952,2021-12-06,PERSON_00052,PERSON_00137,686,PHONE_00052,voice
CALL_009953,2021-05-30,PERSON_00053,PERSON_00166,443,PHONE_00053,voice
CALL_009954,2023-12-08,PERSON_00054,PERSON_00195,327,PHONE_00054,missed
CALL_009955,2023-07-29,PERSON_00055,PERSON_00224,412,PHONE_00055,missed
CALL_009956,2025-05-27,PERSON_00056,PERSON_00253,241,PHONE_00056,voice
CALL_009957,2021-05-17,PERSON_00057,PERSON_00282,94,PHONE_00057,voice
CALL_009958,2021-03-19,PERSON_00058,PERSON_00311,771,PHONE_00058,voice
CALL_009959,2024-04-13,PERSON_00059,PERSON_00340,851,PHONE_00059,missed
CALL_009960,2021-08-09,PERSON_00060,PERSON_00369,687,PHONE_00060,voice
CALL_009961,2022-01-22,PERSON_00061,PERSON_00300,131,PHONE_00061,missed
CALL_009962,2025-12-27,PERSON_00062,PERSON_00427,732,PHONE_00062,voice
CALL_009963,2025-06-02,PERSON_00063,PERSON_00006,59,PHONE_00063,voice
CALL_009964,2023-06-22,PERSON_00064,PERSON_00035,339,PHONE_00064,missed
CALL_009965,2023-05-30,PERSON_00065,PERSON_00064,605,PHONE_00065,missed
CALL_009966,2023-12-07,PERSON_00066,PERSON_00093,66,PHONE_00066,missed
CALL_009967,2024-04-20,PERSON_00067,PERSON_00122,802,PHONE_00067,voice
CALL_009968,2021-02-02,PERSON_00068,PERSON_00151,37,PHONE_00068,voice
CALL_009969,2024-10-02,PERSON_00069,PERSON_00180,724,PHONE_00069,missed
CALL_009970,2022-04-10,PERSON_00070,PERSON_00209,147,PHONE_00070,voice
CALL_009971,2023-11-08,PERSON_00071,PERSON_00238,207,PHONE_00071,missed
CALL_009972,2025-06-13,PERSON_00072,PERSON_00267,612,PHONE_00072,missed
CALL_009973,2023-05-07,PERSON_00073,PERSON_00296,658,PHONE_00073,voice
CALL_009974,2023-01-03,PERSON_00074,PERSON_00325,420,PHONE_00074,missed
CALL_009975,2024-09-12,PERSON_00075,PERSON_00354,664,PHONE_00075,voice
CALL_009976,2023-07-07,PERSON_00076,PERSON_00030,84,PHONE_00076,voice
CALL_009977,2026-03-11,PERSON_00077,PERSON_00412,501,PHONE_00077,voice
CALL_009978,2023-03-17,PERSON_00078,PERSON_00441,476,PHONE_00078,voice
CALL_009979,2026-03-06,PERSON_00079,PERSON_00020,441,PHONE_00079,voice
CALL_009980,2026-01-24,PERSON_00080,PERSON_00049,276,PHONE_00080,voice
CALL_009981,2025-05-12,PERSON_00081,PERSON_00012,68,PHONE_00081,missed
CALL_009982,2023-12-23,PERSON_00082,PERSON_00107,53,PHONE_00082,voice
CALL_009983,2022-12-12,PERSON_00083,PERSON_00136,604,PHONE_00083,voice
CALL_009984,2022-12-12,PERSON_00084,PERSON_00165,672,PHONE_00084,voice
CALL_009985,2021-04-26,PERSON_00085,PERSON_00194,235,PHONE_00085,missed
CALL_009986,2024-08-02,PERSON_00086,PERSON_00371,68,PHONE_00086,missed
CALL_009987,2021-11-01,PERSON_00087,PERSON_00252,461,PHONE_00087,voice
CALL_009988,2024-03-17,PERSON_00088,PERSON_00281,851,PHONE_00088,voice
CALL_009989,2022-04-07,PERSON_00089,PERSON_00310,791,PHONE_00089,voice
CALL_009990,2024-03-22,PERSON_00090,PERSON_00339,487,PHONE_00090,voice
CALL_009991,2022-01-04,PERSON_00091,PERSON_00368,184,PHONE_00091,voice
CALL_009992,2025-04-18,PERSON_00092,PERSON_00397,493,PHONE_00092,voice
CALL_009993,2024-02-07,PERSON_00093,PERSON_00426,558,PHONE_00093,voice
CALL_009994,2026-05-10,PERSON_00094,PERSON_00005,343,PHONE_00094,voice
CALL_009995,2025-08-08,PERSON_00095,PERSON_00034,20,PHONE_00095,voice
CALL_009996,2021-08-31,PERSON_00096,PERSON_00063,762,PHONE_00096,missed
CALL_009997,2024-07-23,PERSON_00097,PERSON_00092,328,PHONE_00097,missed
CALL_009998,2026-03-06,PERSON_00098,PERSON_00121,782,PHONE_00098,voice
CALL_009999,2022-10-01,PERSON_00099,PERSON_00150,554,PHONE_00099,voice
CALL_010000,2021-06-21,PERSON_00100,PERSON_00179,278,PHONE_00100,missed
CALL_010001,2025-08-12,PERSON_00101,PERSON_00122,14,PHONE_00101,voice
CALL_010002,2026-04-14,PERSON_00102,PERSON_00237,488,PHONE_00102,voice
CALL_010003,2022-02-16,PERSON_00103,PERSON_00266,703,PHONE_00103,voice
CALL_010004,2026-02-16,PERSON_00104,PERSON_00295,775,PHONE_00104,missed
CALL_010005,2026-02-18,PERSON_00105,PERSON_00324,280,PHONE_00105,missed
CALL_010006,2022-11-14,PERSON_00106,PERSON_00439,74,PHONE_00106,voice
CALL_010007,2026-05-19,PERSON_00107,PERSON_00382,41,PHONE_00107,voice
CALL_010008,2023-12-07,PERSON_00108,PERSON_00411,198,PHONE_00108,voice
CALL_010009,2022-04-25,PERSON_00109,PERSON_00440,784,PHONE_00109,missed
CALL_010010,2025-06-04,PERSON_00110,PERSON_00019,477,PHONE_00110,missed
CALL_010011,2025-11-14,PERSON_00111,PERSON_00048,219,PHONE_00111,missed
CALL_010012,2021-04-22,PERSON_00112,PERSON_00077,556,PHONE_00112,voice
CALL_010013,2021-03-18,PERSON_00113,PERSON_00106,525,PHONE_00113,voice
CALL_010014,2022-08-13,PERSON_00114,PERSON_00135,147,PHONE_00114,voice
CALL_010015,2023-01-02,PERSON_00115,PERSON_00164,813,PHONE_00115,missed
CALL_010016,2022-06-03,PERSON_00116,PERSON_00193,590,PHONE_00116,voice
CALL_010017,2026-02-04,PERSON_00117,PERSON_00222,495,PHONE_00117,missed
CALL_010018,2021-12-15,PERSON_00118,PERSON_00251,286,PHONE_00118,voice
CALL_010019,2021-09-14,PERSON_00119,PERSON_00280,678,PHONE_00119,voice
CALL_010020,2024-12-23,PERSON_00120,PERSON_00309,713,PHONE_00120,voice
CALL_010021,2025-06-21,PERSON_00121,PERSON_00338,405,PHONE_00121,voice
CALL_010022,2021-08-07,PERSON_00122,PERSON_00367,169,PHONE_00122,voice
CALL_010023,2021-05-12,PERSON_00123,PERSON_00396,632,PHONE_00123,missed
CALL_010024,2025-12-15,PERSON_00124,PERSON_00425,36,PHONE_00124,voice
CALL_010025,2022-12-05,PERSON_00125,PERSON_00004,536,PHONE_00125,missed
CALL_010026,2021-04-03,PERSON_00126,PERSON_00154,128,PHONE_00126,voice
CALL_010027,2021-04-07,PERSON_00127,PERSON_00062,732,PHONE_00127,voice
CALL_010028,2024-06-19,PERSON_00128,PERSON_00091,505,PHONE_00128,voice
CALL_010029,2024-07-06,PERSON_00129,PERSON_00120,393,PHONE_00129,missed
CALL_010030,2024-01-10,PERSON_00130,PERSON_00149,245,PHONE_00130,voice
CALL_010031,2026-02-16,PERSON_00131,PERSON_00178,575,PHONE_00131,missed
CALL_010032,2022-07-23,PERSON_00132,PERSON_00207,860,PHONE_00132,voice
CALL_010033,2021-02-17,PERSON_00133,PERSON_00236,30,PHONE_00133,voice
CALL_010034,2024-03-31,PERSON_00134,PERSON_00265,621,PHONE_00134,missed
CALL_010035,2024-07-11,PERSON_00135,PERSON_00294,500,PHONE_00135,missed
CALL_010036,2025-09-11,PERSON_00136,PERSON_00323,464,PHONE_00136,voice
CALL_010037,2023-03-21,PERSON_00137,PERSON_00352,588,PHONE_00137,missed
CALL_010038,2023-10-29,PERSON_00138,PERSON_00381,607,PHONE_00138,voice
CALL_010039,2025-01-13,PERSON_00139,PERSON_00410,167,PHONE_00139,voice
CALL_010040,2022-09-10,PERSON_00140,PERSON_00439,834,PHONE_00140,voice
CALL_010041,2026-03-20,PERSON_00141,PERSON_00038,55,PHONE_00141,voice
CALL_010042,2021-05-27,PERSON_00142,PERSON_00047,57,PHONE_00142,voice
CALL_010043,2024-01-30,PERSON_00143,PERSON_00076,571,PHONE_00143,voice
CALL_010044,2022-12-27,PERSON_00144,PERSON_00105,872,PHONE_00144,voice
CALL_010045,2026-04-22,PERSON_00145,PERSON_00134,776,PHONE_00145,missed
CALL_010046,2023-11-17,PERSON_00146,PERSON_00163,425,PHONE_00146,voice
CALL_010047,2025-01-14,PERSON_00147,PERSON_00192,412,PHONE_00147,voice
CALL_010048,2022-07-26,PERSON_00148,PERSON_00221,742,PHONE_00148,missed
CALL_010049,2022-06-18,PERSON_00149,PERSON_00250,546,PHONE_00149,voice
CALL_010050,2021-03-16,PERSON_00150,PERSON_00279,750,PHONE_00150,voice
CALL_010051,2024-05-19,PERSON_00151,PERSON_00308,246,PHONE_00151,missed
CALL_010052,2024-12-10,PERSON_00152,PERSON_00337,33,PHONE_00152,voice
CALL_010053,2022-08-27,PERSON_00153,PERSON_00366,586,PHONE_00153,missed
CALL_010054,2021-03-15,PERSON_00154,PERSON_00395,759,PHONE_00154,voice
CALL_010055,2025-08-27,PERSON_00155,PERSON_00424,124,PHONE_00155,missed
CALL_010056,2021-03-16,PERSON_00156,PERSON_00411,100,PHONE_00156,voice
CALL_010057,2022-09-24,PERSON_00157,PERSON_00032,579,PHONE_00157,voice
CALL_010058,2023-12-10,PERSON_00158,PERSON_00061,387,PHONE_00158,voice
CALL_010059,2024-02-28,PERSON_00159,PERSON_00090,192,PHONE_00159,missed
CALL_010060,2023-05-11,PERSON_00160,PERSON_00119,276,PHONE_00160,missed
CALL_010061,2024-01-29,PERSON_00161,PERSON_00288,163,PHONE_00161,missed
CALL_010062,2021-03-24,PERSON_00162,PERSON_00177,542,PHONE_00162,missed
CALL_010063,2023-03-13,PERSON_00163,PERSON_00206,437,PHONE_00163,missed
CALL_010064,2021-07-01,PERSON_00164,PERSON_00235,253,PHONE_00164,voice
CALL_010065,2023-03-03,PERSON_00165,PERSON_00264,800,PHONE_00165,voice
CALL_010066,2025-05-08,PERSON_00166,PERSON_00169,127,PHONE_00166,voice
CALL_010067,2025-02-08,PERSON_00167,PERSON_00322,863,PHONE_00167,missed
CALL_010068,2021-12-15,PERSON_00168,PERSON_00351,654,PHONE_00168,missed
CALL_010069,2021-10-06,PERSON_00169,PERSON_00380,409,PHONE_00169,missed
CALL_010070,2023-10-09,PERSON_00170,PERSON_00409,301,PHONE_00170,voice
CALL_010071,2022-12-21,PERSON_00171,PERSON_00014,171,PHONE_00171,voice
CALL_010072,2025-12-17,PERSON_00172,PERSON_00017,16,PHONE_00172,missed
CALL_010073,2022-05-05,PERSON_00173,PERSON_00046,462,PHONE_00173,voice
CALL_010074,2024-01-31,PERSON_00174,PERSON_00075,762,PHONE_00174,voice
CALL_010075,2024-12-01,PERSON_00175,PERSON_00104,568,PHONE_00175,voice
CALL_010076,2024-12-06,PERSON_00176,PERSON_00133,507,PHONE_00176,voice
CALL_010077,2021-06-01,PERSON_00177,PERSON_00162,253,PHONE_00177,voice
CALL_010078,2022-04-04,PERSON_00178,PERSON_00191,344,PHONE_00178,voice
CALL_010079,2025-04-24,PERSON_00179,PERSON_00220,892,PHONE_00179,voice
CALL_010080,2024-10-11,PERSON_00180,PERSON_00249,617,PHONE_00180,voice
CALL_010081,2021-05-25,PERSON_00181,PERSON_00278,302,PHONE_00181,missed
CALL_010082,2023-03-02,PERSON_00182,PERSON_00307,810,PHONE_00182,missed
CALL_010083,2025-12-31,PERSON_00183,PERSON_00336,611,PHONE_00183,voice
CALL_010084,2024-10-04,PERSON_00184,PERSON_00365,894,PHONE_00184,voice
CALL_010085,2022-12-22,PERSON_00185,PERSON_00394,848,PHONE_00185,missed
CALL_010086,2023-05-16,PERSON_00186,PERSON_00423,491,PHONE_00186,missed
CALL_010087,2022-09-15,PERSON_00187,PERSON_00002,562,PHONE_00187,voice
CALL_010088,2024-01-28,PERSON_00188,PERSON_00031,413,PHONE_00188,voice
CALL_010089,2026-03-30,PERSON_00189,PERSON_00060,530,PHONE_00189,voice
CALL_010090,2024-04-16,PERSON_00190,PERSON_00089,441,PHONE_00190,voice
CALL_010091,2022-04-25,PERSON_00191,PERSON_00202,77,PHONE_00191,voice
CALL_010092,2022-03-04,PERSON_00192,PERSON_00147,639,PHONE_00192,voice
CALL_010093,2024-08-10,PERSON_00193,PERSON_00176,646,PHONE_00193,voice
CALL_010094,2021-06-16,PERSON_00194,PERSON_00205,68,PHONE_00194,voice
CALL_010095,2025-04-20,PERSON_00195,PERSON_00234,368,PHONE_00195,missed
CALL_010096,2023-07-24,PERSON_00196,PERSON_00329,100,PHONE_00196,missed
CALL_010097,2024-10-15,PERSON_00197,PERSON_00292,179,PHONE_00197,missed
CALL_010098,2022-02-06,PERSON_00198,PERSON_00321,566,PHONE_00198,missed
CALL_010099,2021-06-04,PERSON_00199,PERSON_00350,419,PHONE_00199,missed
CALL_010100,2025-10-06,PERSON_00200,PERSON_00379,525,PHONE_00200,missed
CALL_010101,2026-04-09,PERSON_00201,PERSON_00408,278,PHONE_00201,missed
CALL_010102,2025-09-24,PERSON_00202,PERSON_00437,68,PHONE_00202,missed
CALL_010103,2024-07-21,PERSON_00203,PERSON_00016,844,PHONE_00203,voice
CALL_010104,2022-02-16,PERSON_00204,PERSON_00045,793,PHONE_00204,missed
CALL_010105,2022-10-12,PERSON_00205,PERSON_00074,812,PHONE_00205,voice
CALL_010106,2026-06-29,PERSON_00206,PERSON_00103,107,PHONE_00206,voice
CALL_010107,2021-07-20,PERSON_00207,PERSON_00132,52,PHONE_00207,voice
CALL_010108,2022-03-02,PERSON_00208,PERSON_00161,864,PHONE_00208,voice
CALL_010109,2026-01-19,PERSON_00209,PERSON_00190,864,PHONE_00209,missed
CALL_010110,2023-01-02,PERSON_00210,PERSON_00219,357,PHONE_00210,missed
CALL_010111,2021-11-30,PERSON_00211,PERSON_00248,573,PHONE_00211,missed
CALL_010112,2021-11-21,PERSON_00212,PERSON_00277,722,PHONE_00212,voice
CALL_010113,2023-10-13,PERSON_00213,PERSON_00306,590,PHONE_00213,voice
CALL_010114,2022-04-22,PERSON_00214,PERSON_00335,236,PHONE_00214,voice
CALL_010115,2021-02-28,PERSON_00215,PERSON_00364,693,PHONE_00215,voice
CALL_010116,2024-02-24,PERSON_00216,PERSON_00355,21,PHONE_00216,missed
CALL_010117,2025-11-11,PERSON_00217,PERSON_00422,322,PHONE_00217,missed
CALL_010118,2023-07-30,PERSON_00218,PERSON_00001,215,PHONE_00218,voice
CALL_010119,2021-11-23,PERSON_00219,PERSON_00030,506,PHONE_00219,missed
CALL_010120,2025-06-21,PERSON_00220,PERSON_00059,617,PHONE_00220,voice
CALL_010121,2023-03-10,PERSON_00221,PERSON_00110,112,PHONE_00221,missed
CALL_010122,2022-02-17,PERSON_00222,PERSON_00117,78,PHONE_00222,voice
CALL_010123,2023-03-23,PERSON_00223,PERSON_00146,536,PHONE_00223,voice
CALL_010124,2022-01-11,PERSON_00224,PERSON_00175,429,PHONE_00224,voice
CALL_010125,2023-08-12,PERSON_00225,PERSON_00204,766,PHONE_00225,voice
CALL_010126,2023-10-27,PERSON_00226,PERSON_00219,140,PHONE_00226,voice
CALL_010127,2022-11-28,PERSON_00227,PERSON_00262,409,PHONE_00227,missed
CALL_010128,2022-03-18,PERSON_00228,PERSON_00291,264,PHONE_00228,missed
CALL_010129,2024-08-12,PERSON_00229,PERSON_00320,516,PHONE_00229,voice
CALL_010130,2026-05-10,PERSON_00230,PERSON_00349,593,PHONE_00230,voice
CALL_010131,2022-07-02,PERSON_00231,PERSON_00292,104,PHONE_00231,voice
CALL_010132,2022-10-26,PERSON_00232,PERSON_00407,669,PHONE_00232,voice
CALL_010133,2026-04-08,PERSON_00233,PERSON_00436,525,PHONE_00233,voice
CALL_010134,2025-05-20,PERSON_00234,PERSON_00015,343,PHONE_00234,voice
CALL_010135,2022-07-08,PERSON_00235,PERSON_00044,186,PHONE_00235,voice
CALL_010136,2022-11-22,PERSON_00236,PERSON_00073,334,PHONE_00236,voice
CALL_010137,2025-07-23,PERSON_00237,PERSON_00102,834,PHONE_00237,missed
CALL_010138,2022-01-03,PERSON_00238,PERSON_00131,129,PHONE_00238,voice
CALL_010139,2021-03-28,PERSON_00239,PERSON_00160,361,PHONE_00239,voice
CALL_010140,2022-06-25,PERSON_00240,PERSON_00189,488,PHONE_00240,voice
CALL_010141,2024-04-18,PERSON_00241,PERSON_00411,24,PHONE_00241,missed
CALL_010142,2022-06-24,PERSON_00242,PERSON_00247,868,PHONE_00242,missed
CALL_010143,2024-07-03,PERSON_00243,PERSON_00276,182,PHONE_00243,voice
CALL_010144,2025-08-24,PERSON_00244,PERSON_00305,94,PHONE_00244,voice
CALL_010145,2021-08-14,PERSON_00245,PERSON_00334,41,PHONE_00245,voice
CALL_010146,2025-11-15,PERSON_00246,PERSON_00363,231,PHONE_00246,missed
CALL_010147,2024-03-03,PERSON_00247,PERSON_00392,142,PHONE_00247,voice
CALL_010148,2022-03-01,PERSON_00248,PERSON_00421,237,PHONE_00248,voice
CALL_010149,2023-04-15,PERSON_00249,PERSON_00450,853,PHONE_00249,voice
CALL_010150,2022-02-16,PERSON_00250,PERSON_00029,850,PHONE_00250,voice
CALL_010151,2025-02-12,PERSON_00251,PERSON_00058,553,PHONE_00251,voice
CALL_010152,2023-05-24,PERSON_00252,PERSON_00087,100,PHONE_00252,voice
CALL_010153,2021-12-23,PERSON_00253,PERSON_00116,369,PHONE_00253,voice
CALL_010154,2023-10-14,PERSON_00254,PERSON_00145,357,PHONE_00254,voice
CALL_010155,2023-08-11,PERSON_00255,PERSON_00174,531,PHONE_00255,missed
CALL_010156,2021-07-10,PERSON_00256,PERSON_00410,151,PHONE_00256,voice
CALL_010157,2024-03-13,PERSON_00257,PERSON_00232,44,PHONE_00257,missed
CALL_010158,2021-08-21,PERSON_00258,PERSON_00261,249,PHONE_00258,voice
CALL_010159,2023-03-15,PERSON_00259,PERSON_00290,528,PHONE_00259,voice
CALL_010160,2023-05-27,PERSON_00260,PERSON_00319,739,PHONE_00260,voice
CALL_010161,2024-06-23,PERSON_00261,PERSON_00348,200,PHONE_00261,voice
CALL_010162,2022-06-04,PERSON_00262,PERSON_00377,567,PHONE_00262,voice
CALL_010163,2021-04-17,PERSON_00263,PERSON_00406,47,PHONE_00263,voice
CALL_010164,2024-03-27,PERSON_00264,PERSON_00435,180,PHONE_00264,missed
CALL_010165,2022-06-08,PERSON_00265,PERSON_00014,876,PHONE_00265,voice
CALL_010166,2023-11-03,PERSON_00266,PERSON_00043,846,PHONE_00266,missed
CALL_010167,2025-03-30,PERSON_00267,PERSON_00072,179,PHONE_00267,missed
CALL_010168,2024-01-23,PERSON_00268,PERSON_00101,97,PHONE_00268,missed
CALL_010169,2026-04-25,PERSON_00269,PERSON_00130,836,PHONE_00269,voice
CALL_010170,2025-08-01,PERSON_00270,PERSON_00159,486,PHONE_00270,voice
CALL_010171,2021-08-28,PERSON_00271,PERSON_00012,93,PHONE_00271,voice
CALL_010172,2022-07-31,PERSON_00272,PERSON_00217,489,PHONE_00272,voice
CALL_010173,2024-05-12,PERSON_00273,PERSON_00246,664,PHONE_00273,voice
CALL_010174,2021-01-15,PERSON_00274,PERSON_00275,889,PHONE_00274,missed
CALL_010175,2026-02-21,PERSON_00275,PERSON_00304,614,PHONE_00275,voice
CALL_010176,2021-11-04,PERSON_00276,PERSON_00333,295,PHONE_00276,voice
CALL_010177,2021-04-18,PERSON_00277,PERSON_00362,142,PHONE_00277,missed
CALL_010178,2021-02-12,PERSON_00278,PERSON_00391,647,PHONE_00278,missed
CALL_010179,2023-10-05,PERSON_00279,PERSON_00420,837,PHONE_00279,voice
CALL_010180,2025-10-15,PERSON_00280,PERSON_00449,426,PHONE_00280,missed
CALL_010181,2025-05-07,PERSON_00281,PERSON_00028,310,PHONE_00281,voice
CALL_010182,2023-03-24,PERSON_00282,PERSON_00057,603,PHONE_00282,missed
CALL_010183,2025-11-13,PERSON_00283,PERSON_00086,228,PHONE_00283,missed
CALL_010184,2024-02-02,PERSON_00284,PERSON_00115,797,PHONE_00284,voice
CALL_010185,2021-09-26,PERSON_00285,PERSON_00144,586,PHONE_00285,voice
CALL_010186,2024-10-05,PERSON_00286,PERSON_00128,126,PHONE_00286,voice
CALL_010187,2021-02-14,PERSON_00287,PERSON_00202,848,PHONE_00287,voice
CALL_010188,2023-05-18,PERSON_00288,PERSON_00231,615,PHONE_00288,missed
CALL_010189,2024-02-01,PERSON_00289,PERSON_00260,74,PHONE_00289,voice
CALL_010190,2021-02-06,PERSON_00290,PERSON_00289,392,PHONE_00290,voice
CALL_010191,2022-08-07,PERSON_00291,PERSON_00117,53,PHONE_00291,missed
CALL_010192,2021-07-07,PERSON_00292,PERSON_00347,477,PHONE_00292,missed
CALL_010193,2022-12-15,PERSON_00293,PERSON_00376,133,PHONE_00293,missed
CALL_010194,2021-06-04,PERSON_00294,PERSON_00405,262,PHONE_00294,missed
CALL_010195,2022-12-23,PERSON_00295,PERSON_00434,824,PHONE_00295,voice
CALL_010196,2025-03-29,PERSON_00296,PERSON_00013,68,PHONE_00296,missed
CALL_010197,2023-01-07,PERSON_00297,PERSON_00042,146,PHONE_00297,missed
CALL_010198,2024-06-03,PERSON_00298,PERSON_00071,878,PHONE_00298,voice
CALL_010199,2024-12-28,PERSON_00299,PERSON_00100,288,PHONE_00299,voice
CALL_010200,2026-05-31,PERSON_00300,PERSON_00129,465,PHONE_00300,voice
CALL_010201,2025-10-19,PERSON_00301,PERSON_00240,67,PHONE_00301,voice
CALL_010202,2022-10-13,PERSON_00302,PERSON_00187,584,PHONE_00302,voice
CALL_010203,2024-03-29,PERSON_00303,PERSON_00216,418,PHONE_00303,missed
CALL_010204,2026-04-02,PERSON_00304,PERSON_00245,377,PHONE_00304,voice
CALL_010205,2026-05-06,PERSON_00305,PERSON_00274,203,PHONE_00305,voice
CALL_010206,2021-11-02,PERSON_00306,PERSON_00303,339,PHONE_00306,missed
CALL_010207,2026-03-25,PERSON_00307,PERSON_00332,426,PHONE_00307,voice
CALL_010208,2025-04-08,PERSON_00308,PERSON_00361,756,PHONE_00308,missed
CALL_010209,2022-07-18,PERSON_00309,PERSON_00390,836,PHONE_00309,voice
CALL_010210,2021-09-06,PERSON_00310,PERSON_00419,308,PHONE_00310,voice
CALL_010211,2021-06-02,PERSON_00311,PERSON_00448,226,PHONE_00311,voice
CALL_010212,2024-03-21,PERSON_00312,PERSON_00027,200,PHONE_00312,missed
CALL_010213,2024-01-14,PERSON_00313,PERSON_00056,132,PHONE_00313,voice
CALL_010214,2021-09-21,PERSON_00314,PERSON_00085,268,PHONE_00314,voice
CALL_010215,2024-10-03,PERSON_00315,PERSON_00114,320,PHONE_00315,missed
CALL_010216,2021-08-28,PERSON_00316,PERSON_00143,679,PHONE_00316,voice
CALL_010217,2021-11-25,PERSON_00317,PERSON_00172,624,PHONE_00317,voice
CALL_010218,2024-05-27,PERSON_00318,PERSON_00201,857,PHONE_00318,missed
CALL_010219,2025-05-07,PERSON_00319,PERSON_00230,426,PHONE_00319,voice
CALL_010220,2023-06-11,PERSON_00320,PERSON_00259,364,PHONE_00320,voice
CALL_010221,2024-02-25,PERSON_00321,PERSON_00394,80,PHONE_00321,voice
CALL_010222,2022-04-27,PERSON_00322,PERSON_00317,248,PHONE_00322,missed
CALL_010223,2022-10-14,PERSON_00323,PERSON_00346,704,PHONE_00323,voice
CALL_010224,2024-07-12,PERSON_00324,PERSON_00375,261,PHONE_00324,missed
CALL_010225,2025-04-06,PERSON_00325,PERSON_00404,135,PHONE_00325,voice
CALL_010226,2024-05-24,PERSON_00326,PERSON_00433,474,PHONE_00326,missed
CALL_010227,2024-07-13,PERSON_00327,PERSON_00012,635,PHONE_00327,voice
CALL_010228,2021-06-11,PERSON_00328,PERSON_00041,77,PHONE_00328,missed
CALL_010229,2026-06-08,PERSON_00329,PERSON_00070,625,PHONE_00329,voice
CALL_010230,2024-11-14,PERSON_00330,PERSON_00099,151,PHONE_00330,missed
CALL_010231,2022-09-30,PERSON_00331,PERSON_00449,128,PHONE_00331,voice
CALL_010232,2023-12-08,PERSON_00332,PERSON_00157,630,PHONE_00332,voice
CALL_010233,2023-11-20,PERSON_00333,PERSON_00186,675,PHONE_00333,missed
CALL_010234,2025-09-21,PERSON_00334,PERSON_00215,226,PHONE_00334,voice
CALL_010235,2025-12-25,PERSON_00335,PERSON_00244,515,PHONE_00335,voice
CALL_010236,2022-07-01,PERSON_00336,PERSON_00169,80,PHONE_00336,missed
CALL_010237,2022-03-30,PERSON_00337,PERSON_00302,373,PHONE_00337,voice
CALL_010238,2024-12-14,PERSON_00338,PERSON_00331,530,PHONE_00338,voice
CALL_010239,2021-08-14,PERSON_00339,PERSON_00360,462,PHONE_00339,voice
CALL_010240,2023-10-14,PERSON_00340,PERSON_00389,109,PHONE_00340,voice
CALL_010241,2026-01-15,PERSON_00341,PERSON_00418,800,PHONE_00341,missed
CALL_010242,2021-10-10,PERSON_00342,PERSON_00447,445,PHONE_00342,voice
CALL_010243,2021-07-24,PERSON_00343,PERSON_00026,725,PHONE_00343,missed
CALL_010244,2024-03-18,PERSON_00344,PERSON_00055,762,PHONE_00344,missed
CALL_010245,2021-05-23,PERSON_00345,PERSON_00084,819,PHONE_00345,voice
CALL_010246,2021-08-09,PERSON_00346,PERSON_00113,154,PHONE_00346,missed
CALL_010247,2026-02-02,PERSON_00347,PERSON_00142,649,PHONE_00347,missed
CALL_010248,2023-03-09,PERSON_00348,PERSON_00171,292,PHONE_00348,voice
CALL_010249,2021-04-25,PERSON_00349,PERSON_00200,326,PHONE_00349,missed
CALL_010250,2025-04-03,PERSON_00350,PERSON_00229,779,PHONE_00350,missed
CALL_010251,2021-08-03,PERSON_00351,PERSON_00258,121,PHONE_00351,voice
CALL_010252,2024-02-02,PERSON_00352,PERSON_00287,756,PHONE_00352,voice
CALL_010253,2025-04-22,PERSON_00353,PERSON_00316,780,PHONE_00353,voice
CALL_010254,2022-10-14,PERSON_00354,PERSON_00345,268,PHONE_00354,missed
CALL_010255,2021-10-24,PERSON_00355,PERSON_00374,462,PHONE_00355,voice
CALL_010256,2023-06-08,PERSON_00356,PERSON_00403,683,PHONE_00356,voice
CALL_010257,2021-02-19,PERSON_00357,PERSON_00432,138,PHONE_00357,missed
CALL_010258,2021-12-04,PERSON_00358,PERSON_00011,737,PHONE_00358,voice
CALL_010259,2024-05-16,PERSON_00359,PERSON_00040,472,PHONE_00359,voice
CALL_010260,2021-03-19,PERSON_00360,PERSON_00069,122,PHONE_00360,voice
CALL_010261,2024-05-23,PERSON_00361,PERSON_00098,734,PHONE_00361,voice
CALL_010262,2023-11-21,PERSON_00362,PERSON_00127,275,PHONE_00362,missed
CALL_010263,2024-08-03,PERSON_00363,PERSON_00156,569,PHONE_00363,voice
CALL_010264,2021-06-11,PERSON_00364,PERSON_00185,210,PHONE_00364,missed
CALL_010265,2021-08-14,PERSON_00365,PERSON_00214,459,PHONE_00365,voice
CALL_010266,2022-02-20,PERSON_00366,PERSON_00006,82,PHONE_00366,missed
CALL_010267,2024-01-18,PERSON_00367,PERSON_00272,691,PHONE_00367,voice
CALL_010268,2024-07-07,PERSON_00368,PERSON_00301,377,PHONE_00368,voice
CALL_010269,2024-01-26,PERSON_00369,PERSON_00330,83,PHONE_00369,missed
CALL_010270,2025-10-05,PERSON_00370,PERSON_00359,795,PHONE_00370,missed
CALL_010271,2025-12-29,PERSON_00371,PERSON_00209,42,PHONE_00371,missed
CALL_010272,2022-05-21,PERSON_00372,PERSON_00417,223,PHONE_00372,voice
CALL_010273,2022-04-30,PERSON_00373,PERSON_00446,185,PHONE_00373,voice
CALL_010274,2024-01-30,PERSON_00374,PERSON_00025,692,PHONE_00374,voice
CALL_010275,2026-02-25,PERSON_00375,PERSON_00054,151,PHONE_00375,voice
CALL_010276,2024-06-25,PERSON_00376,PERSON_00076,45,PHONE_00376,voice
CALL_010277,2021-06-05,PERSON_00377,PERSON_00112,844,PHONE_00377,voice
CALL_010278,2025-07-13,PERSON_00378,PERSON_00141,21,PHONE_00378,voice
CALL_010279,2022-03-03,PERSON_00379,PERSON_00170,863,PHONE_00379,missed
CALL_010280,2021-02-21,PERSON_00380,PERSON_00199,577,PHONE_00380,voice
CALL_010281,2021-12-24,PERSON_00381,PERSON_00182,65,PHONE_00381,missed
CALL_010282,2024-07-22,PERSON_00382,PERSON_00257,456,PHONE_00382,voice
CALL_010283,2022-01-18,PERSON_00383,PERSON_00286,886,PHONE_00383,missed
CALL_010284,2026-03-03,PERSON_00384,PERSON_00315,488,PHONE_00384,voice
CALL_010285,2023-02-19,PERSON_00385,PERSON_00344,62,PHONE_00385,missed
CALL_010286,2024-11-17,PERSON_00386,PERSON_00373,762,PHONE_00386,voice
CALL_010287,2026-04-22,PERSON_00387,PERSON_00402,330,PHONE_00387,voice
CALL_010288,2026-06-28,PERSON_00388,PERSON_00431,239,PHONE_00388,missed
CALL_010289,2023-08-30,PERSON_00389,PERSON_00010,327,PHONE_00389,voice
CALL_010290,2023-11-27,PERSON_00390,PERSON_00039,282,PHONE_00390,missed
CALL_010291,2023-01-27,PERSON_00391,PERSON_00171,170,PHONE_00391,voice
CALL_010292,2023-09-11,PERSON_00392,PERSON_00097,696,PHONE_00392,missed
CALL_010293,2021-08-22,PERSON_00393,PERSON_00126,217,PHONE_00393,missed
CALL_010294,2021-04-30,PERSON_00394,PERSON_00155,644,PHONE_00394,voice
CALL_010295,2026-03-17,PERSON_00395,PERSON_00184,501,PHONE_00395,voice
CALL_010296,2026-06-30,PERSON_00396,PERSON_00213,499,PHONE_00396,missed
CALL_010297,2022-02-04,PERSON_00397,PERSON_00242,564,PHONE_00397,voice
CALL_010298,2024-02-04,PERSON_00398,PERSON_00271,434,PHONE_00398,voice
CALL_010299,2025-01-12,PERSON_00399,PERSON_00300,219,PHONE_00399,voice
CALL_010300,2023-12-03,PERSON_00400,PERSON_00329,358,PHONE_00400,voice
CALL_010301,2022-02-14,PERSON_00401,PERSON_00439,110,PHONE_00401,voice
CALL_010302,2024-06-08,PERSON_00402,PERSON_00387,304,PHONE_00402,voice
CALL_010303,2026-01-24,PERSON_00403,PERSON_00416,692,PHONE_00403,missed
CALL_010304,2021-12-22,PERSON_00404,PERSON_00445,275,PHONE_00404,missed
CALL_010305,2023-09-13,PERSON_00405,PERSON_00024,873,PHONE_00405,voice
CALL_010306,2024-10-04,PERSON_00406,PERSON_00219,149,PHONE_00406,missed
CALL_010307,2021-05-13,PERSON_00407,PERSON_00082,364,PHONE_00407,voice
CALL_010308,2021-05-30,PERSON_00408,PERSON_00111,627,PHONE_00408,voice
CALL_010309,2022-02-19,PERSON_00409,PERSON_00140,853,PHONE_00409,voice
CALL_010310,2023-04-09,PERSON_00410,PERSON_00169,197,PHONE_00410,missed
CALL_010311,2025-11-30,PERSON_00411,PERSON_00292,86,PHONE_00411,missed
CALL_010312,2021-06-02,PERSON_00412,PERSON_00227,453,PHONE_00412,missed
CALL_010313,2021-02-23,PERSON_00413,PERSON_00256,390,PHONE_00413,missed
CALL_010314,2021-03-15,PERSON_00414,PERSON_00285,89,PHONE_00414,voice
CALL_010315,2023-10-14,PERSON_00415,PERSON_00314,696,PHONE_00415,voice
CALL_010316,2025-12-01,PERSON_00416,PERSON_00343,695,PHONE_00416,missed
CALL_010317,2024-05-25,PERSON_00417,PERSON_00372,825,PHONE_00417,voice
CALL_010318,2022-08-02,PERSON_00418,PERSON_00401,490,PHONE_00418,voice
CALL_010319,2022-02-25,PERSON_00419,PERSON_00430,725,PHONE_00419,missed
CALL_010320,2023-08-19,PERSON_00420,PERSON_00009,45,PHONE_00420,voice
CALL_010321,2022-10-07,PERSON_00421,PERSON_00038,383,PHONE_00421,missed
CALL_010322,2023-05-13,PERSON_00422,PERSON_00067,159,PHONE_00422,voice
CALL_010323,2022-06-01,PERSON_00423,PERSON_00096,511,PHONE_00423,voice
CALL_010324,2022-01-20,PERSON_00424,PERSON_00125,179,PHONE_00424,missed
CALL_010325,2025-06-13,PERSON_00425,PERSON_00154,706,PHONE_00425,missed
CALL_010326,2026-03-07,PERSON_00426,PERSON_00183,697,PHONE_00426,voice
CALL_010327,2024-06-05,PERSON_00427,PERSON_00212,629,PHONE_00427,voice
CALL_010328,2022-12-10,PERSON_00428,PERSON_00241,184,PHONE_00428,voice
CALL_010329,2021-12-23,PERSON_00429,PERSON_00270,33,PHONE_00429,missed
CALL_010330,2023-04-27,PERSON_00430,PERSON_00299,623,PHONE_00430,voice
CALL_010331,2023-05-17,PERSON_00431,PERSON_00328,825,PHONE_00431,voice
CALL_010332,2023-07-01,PERSON_00432,PERSON_00357,830,PHONE_00432,voice
CALL_010333,2025-12-28,PERSON_00433,PERSON_00386,738,PHONE_00433,voice
CALL_010334,2023-01-03,PERSON_00434,PERSON_00415,618,PHONE_00434,voice
CALL_010335,2025-12-27,PERSON_00435,PERSON_00444,374,PHONE_00435,missed
CALL_010336,2024-12-09,PERSON_00436,PERSON_00268,124,PHONE_00436,missed
CALL_010337,2021-10-05,PERSON_00437,PERSON_00052,219,PHONE_00437,missed
CALL_010338,2025-11-26,PERSON_00438,PERSON_00081,72,PHONE_00438,voice
CALL_010339,2024-04-25,PERSON_00439,PERSON_00110,170,PHONE_00439,missed
CALL_010340,2021-05-17,PERSON_00440,PERSON_00139,879,PHONE_00440,voice
CALL_010341,2023-04-18,PERSON_00441,PERSON_00168,314,PHONE_00441,missed
CALL_010342,2021-04-26,PERSON_00442,PERSON_00197,707,PHONE_00442,missed
CALL_010343,2022-03-09,PERSON_00443,PERSON_00226,691,PHONE_00443,voice
CALL_010344,2025-09-29,PERSON_00444,PERSON_00255,900,PHONE_00444,missed
CALL_010345,2022-09-04,PERSON_00445,PERSON_00284,730,PHONE_00445,missed
CALL_010346,2025-04-02,PERSON_00446,PERSON_00313,730,PHONE_00446,voice
CALL_010347,2025-06-05,PERSON_00447,PERSON_00342,410,PHONE_00447,missed
CALL_010348,2026-01-12,PERSON_00448,PERSON_00371,254,PHONE_00448,missed
CALL_010349,2025-08-07,PERSON_00449,PERSON_00400,650,PHONE_00449,voice
CALL_010350,2023-01-08,PERSON_00450,PERSON_00429,248,PHONE_00450,missed
CALL_010351,2022-12-31,PERSON_00001,PERSON_00008,198,PHONE_00001,voice
CALL_010352,2021-02-19,PERSON_00002,PERSON_00037,186,PHONE_00002,missed
CALL_010353,2023-12-02,PERSON_00003,PERSON_00066,437,PHONE_00003,voice
CALL_010354,2021-07-10,PERSON_00004,PERSON_00095,562,PHONE_00004,voice
CALL_010355,2024-01-10,PERSON_00005,PERSON_00124,157,PHONE_00005,voice
CALL_010356,2026-04-09,PERSON_00006,PERSON_00122,106,PHONE_00006,voice
CALL_010357,2024-12-07,PERSON_00007,PERSON_00182,218,PHONE_00007,voice
CALL_010358,2025-07-24,PERSON_00008,PERSON_00211,126,PHONE_00008,voice
CALL_010359,2025-10-26,PERSON_00009,PERSON_00240,527,PHONE_00009,missed
CALL_010360,2025-12-28,PERSON_00010,PERSON_00269,835,PHONE_00010,voice
CALL_010361,2022-12-01,PERSON_00011,PERSON_00298,817,PHONE_00011,voice
CALL_010362,2023-04-11,PERSON_00012,PERSON_00327,527,PHONE_00012,missed
CALL_010363,2023-03-18,PERSON_00013,PERSON_00356,559,PHONE_00013,voice
CALL_010364,2022-06-03,PERSON_00014,PERSON_00385,457,PHONE_00014,voice
CALL_010365,2022-06-12,PERSON_00015,PERSON_00414,829,PHONE_00015,voice
CALL_010366,2021-05-27,PERSON_00016,PERSON_00076,143,PHONE_00016,missed
CALL_010367,2022-05-30,PERSON_00017,PERSON_00022,168,PHONE_00017,voice
CALL_010368,2026-01-20,PERSON_00018,PERSON_00051,400,PHONE_00018,voice
CALL_010369,2025-08-16,PERSON_00019,PERSON_00080,524,PHONE_00019,voice
CALL_010370,2022-10-30,PERSON_00020,PERSON_00109,402,PHONE_00020,missed
CALL_010371,2021-12-13,PERSON_00021,PERSON_00074,88,PHONE_00021,missed
CALL_010372,2022-09-17,PERSON_00022,PERSON_00167,84,PHONE_00022,voice
CALL_010373,2026-01-30,PERSON_00023,PERSON_00196,771,PHONE_00023,voice
CALL_010374,2026-03-04,PERSON_00024,PERSON_00225,290,PHONE_00024,voice
CALL_010375,2021-09-09,PERSON_00025,PERSON_00254,814,PHONE_00025,voice
CALL_010376,2021-02-06,PERSON_00026,PERSON_00283,412,PHONE_00026,missed
CALL_010377,2025-02-12,PERSON_00027,PERSON_00312,277,PHONE_00027,voice
CALL_010378,2024-04-25,PERSON_00028,PERSON_00341,16,PHONE_00028,missed
CALL_010379,2022-04-01,PERSON_00029,PERSON_00370,538,PHONE_00029,voice
CALL_010380,2021-06-24,PERSON_00030,PERSON_00399,181,PHONE_00030,voice
CALL_010381,2021-02-07,PERSON_00031,PERSON_00428,764,PHONE_00031,voice
CALL_010382,2026-05-07,PERSON_00032,PERSON_00007,24,PHONE_00032,missed
CALL_010383,2025-04-20,PERSON_00033,PERSON_00036,52,PHONE_00033,voice
CALL_010384,2024-10-20,PERSON_00034,PERSON_00065,263,PHONE_00034,voice
CALL_010385,2021-09-16,PERSON_00035,PERSON_00094,57,PHONE_00035,voice
CALL_010386,2023-01-26,PERSON_00036,PERSON_00123,142,PHONE_00036,voice
CALL_010387,2022-10-08,PERSON_00037,PERSON_00152,468,PHONE_00037,missed
CALL_010388,2021-09-19,PERSON_00038,PERSON_00181,582,PHONE_00038,missed
CALL_010389,2025-10-23,PERSON_00039,PERSON_00210,46,PHONE_00039,missed
CALL_010390,2022-10-24,PERSON_00040,PERSON_00239,548,PHONE_00040,voice
CALL_010391,2024-12-31,PERSON_00041,PERSON_00268,154,PHONE_00041,voice
CALL_010392,2023-01-10,PERSON_00042,PERSON_00297,893,PHONE_00042,voice
CALL_010393,2025-03-12,PERSON_00043,PERSON_00326,275,PHONE_00043,voice
CALL_010394,2023-11-03,PERSON_00044,PERSON_00355,543,PHONE_00044,voice
CALL_010395,2023-09-21,PERSON_00045,PERSON_00384,865,PHONE_00045,voice
CALL_010396,2022-08-24,PERSON_00046,PERSON_00389,164,PHONE_00046,voice
CALL_010397,2024-04-19,PERSON_00047,PERSON_00442,98,PHONE_00047,voice
CALL_010398,2023-06-27,PERSON_00048,PERSON_00021,61,PHONE_00048,voice
CALL_010399,2026-02-02,PERSON_00049,PERSON_00050,82,PHONE_00049,missed
CALL_010400,2023-07-21,PERSON_00050,PERSON_00079,623,PHONE_00050,voice
CALL_010401,2024-02-20,PERSON_00051,PERSON_00108,68,PHONE_00051,missed
CALL_010402,2024-02-22,PERSON_00052,PERSON_00137,127,PHONE_00052,voice
CALL_010403,2022-11-21,PERSON_00053,PERSON_00166,725,PHONE_00053,missed
CALL_010404,2023-05-17,PERSON_00054,PERSON_00195,238,PHONE_00054,voice
CALL_010405,2025-06-19,PERSON_00055,PERSON_00224,160,PHONE_00055,voice
CALL_010406,2025-12-03,PERSON_00056,PERSON_00253,893,PHONE_00056,missed
CALL_010407,2023-07-27,PERSON_00057,PERSON_00282,537,PHONE_00057,missed
CALL_010408,2026-06-09,PERSON_00058,PERSON_00311,527,PHONE_00058,missed
CALL_010409,2023-07-31,PERSON_00059,PERSON_00340,60,PHONE_00059,missed
CALL_010410,2024-07-13,PERSON_00060,PERSON_00369,817,PHONE_00060,missed
CALL_010411,2025-08-23,PERSON_00061,PERSON_00144,20,PHONE_00061,voice
CALL_010412,2021-11-19,PERSON_00062,PERSON_00427,709,PHONE_00062,missed
CALL_010413,2023-09-20,PERSON_00063,PERSON_00006,189,PHONE_00063,voice
CALL_010414,2023-08-20,PERSON_00064,PERSON_00035,810,PHONE_00064,voice
CALL_010415,2025-05-08,PERSON_00065,PERSON_00064,494,PHONE_00065,voice
CALL_010416,2021-06-29,PERSON_00066,PERSON_00093,858,PHONE_00066,voice
CALL_010417,2025-01-23,PERSON_00067,PERSON_00122,548,PHONE_00067,missed
CALL_010418,2025-01-18,PERSON_00068,PERSON_00151,313,PHONE_00068,voice
CALL_010419,2023-06-29,PERSON_00069,PERSON_00180,893,PHONE_00069,voice
CALL_010420,2026-03-04,PERSON_00070,PERSON_00209,206,PHONE_00070,voice
CALL_010421,2025-06-05,PERSON_00071,PERSON_00238,673,PHONE_00071,voice
CALL_010422,2023-12-29,PERSON_00072,PERSON_00267,220,PHONE_00072,voice
CALL_010423,2025-11-01,PERSON_00073,PERSON_00296,848,PHONE_00073,voice
CALL_010424,2021-06-15,PERSON_00074,PERSON_00325,519,PHONE_00074,voice
CALL_010425,2021-12-11,PERSON_00075,PERSON_00354,305,PHONE_00075,missed
CALL_010426,2024-04-08,PERSON_00076,PERSON_00250,31,PHONE_00076,voice
CALL_010427,2021-11-25,PERSON_00077,PERSON_00412,830,PHONE_00077,voice
CALL_010428,2024-06-29,PERSON_00078,PERSON_00441,274,PHONE_00078,voice
CALL_010429,2024-04-24,PERSON_00079,PERSON_00020,309,PHONE_00079,missed
CALL_010430,2022-12-19,PERSON_00080,PERSON_00049,595,PHONE_00080,voice
CALL_010431,2021-03-13,PERSON_00081,PERSON_00052,92,PHONE_00081,missed
CALL_010432,2022-12-24,PERSON_00082,PERSON_00107,213,PHONE_00082,voice
CALL_010433,2023-09-25,PERSON_00083,PERSON_00136,263,PHONE_00083,voice
CALL_010434,2022-01-19,PERSON_00084,PERSON_00165,112,PHONE_00084,voice
CALL_010435,2023-09-25,PERSON_00085,PERSON_00194,281,PHONE_00085,missed
CALL_010436,2022-08-28,PERSON_00086,PERSON_00156,155,PHONE_00086,missed
CALL_010437,2026-03-28,PERSON_00087,PERSON_00252,523,PHONE_00087,voice
CALL_010438,2021-11-08,PERSON_00088,PERSON_00281,352,PHONE_00088,missed
CALL_010439,2025-04-15,PERSON_00089,PERSON_00310,346,PHONE_00089,missed
CALL_010440,2022-08-25,PERSON_00090,PERSON_00339,456,PHONE_00090,missed
CALL_010441,2021-02-01,PERSON_00091,PERSON_00368,696,PHONE_00091,voice
CALL_010442,2021-07-28,PERSON_00092,PERSON_00397,616,PHONE_00092,missed
CALL_010443,2023-01-17,PERSON_00093,PERSON_00426,454,PHONE_00093,voice
CALL_010444,2024-05-22,PERSON_00094,PERSON_00005,716,PHONE_00094,missed
CALL_010445,2023-02-20,PERSON_00095,PERSON_00034,399,PHONE_00095,voice
CALL_010446,2025-08-04,PERSON_00096,PERSON_00063,585,PHONE_00096,missed
CALL_010447,2021-05-11,PERSON_00097,PERSON_00092,675,PHONE_00097,voice
CALL_010448,2021-04-18,PERSON_00098,PERSON_00121,565,PHONE_00098,voice
CALL_010449,2024-11-10,PERSON_00099,PERSON_00150,564,PHONE_00099,voice
CALL_010450,2021-08-24,PERSON_00100,PERSON_00179,412,PHONE_00100,voice
CALL_010451,2021-06-06,PERSON_00101,PERSON_00355,121,PHONE_00101,voice
CALL_010452,2023-05-21,PERSON_00102,PERSON_00237,798,PHONE_00102,voice
CALL_010453,2023-11-24,PERSON_00103,PERSON_00266,422,PHONE_00103,voice
CALL_010454,2021-04-11,PERSON_00104,PERSON_00295,108,PHONE_00104,voice
CALL_010455,2023-12-20,PERSON_00105,PERSON_00324,186,PHONE_00105,voice
CALL_010456,2022-01-09,PERSON_00106,PERSON_00134,61,PHONE_00106,voice
CALL_010457,2022-01-29,PERSON_00107,PERSON_00382,779,PHONE_00107,voice
CALL_010458,2021-08-18,PERSON_00108,PERSON_00411,104,PHONE_00108,missed
CALL_010459,2025-09-23,PERSON_00109,PERSON_00440,282,PHONE_00109,voice
CALL_010460,2023-03-12,PERSON_00110,PERSON_00019,817,PHONE_00110,voice
CALL_010461,2021-03-01,PERSON_00111,PERSON_00048,831,PHONE_00111,voice
CALL_010462,2022-08-24,PERSON_00112,PERSON_00077,863,PHONE_00112,voice
CALL_010463,2023-01-05,PERSON_00113,PERSON_00106,594,PHONE_00113,missed
CALL_010464,2025-03-11,PERSON_00114,PERSON_00135,15,PHONE_00114,missed
CALL_010465,2022-12-14,PERSON_00115,PERSON_00164,712,PHONE_00115,voice
CALL_010466,2025-10-13,PERSON_00116,PERSON_00193,824,PHONE_00116,voice
CALL_010467,2025-11-25,PERSON_00117,PERSON_00222,695,PHONE_00117,voice
CALL_010468,2021-03-02,PERSON_00118,PERSON_00251,851,PHONE_00118,voice
CALL_010469,2024-08-05,PERSON_00119,PERSON_00280,663,PHONE_00119,missed
CALL_010470,2024-12-29,PERSON_00120,PERSON_00309,725,PHONE_00120,missed
CALL_010471,2025-09-25,PERSON_00121,PERSON_00338,261,PHONE_00121,missed
CALL_010472,2021-12-22,PERSON_00122,PERSON_00367,845,PHONE_00122,voice
CALL_010473,2026-06-08,PERSON_00123,PERSON_00396,355,PHONE_00123,missed
CALL_010474,2022-04-15,PERSON_00124,PERSON_00425,260,PHONE_00124,missed
CALL_010475,2025-06-27,PERSON_00125,PERSON_00004,378,PHONE_00125,voice
CALL_010476,2024-03-30,PERSON_00126,PERSON_00127,157,PHONE_00126,missed
CALL_010477,2022-03-19,PERSON_00127,PERSON_00062,54,PHONE_00127,missed
CALL_010478,2024-03-18,PERSON_00128,PERSON_00091,778,PHONE_00128,voice
CALL_010479,2022-04-21,PERSON_00129,PERSON_00120,694,PHONE_00129,voice
CALL_010480,2021-01-18,PERSON_00130,PERSON_00149,483,PHONE_00130,missed
CALL_010481,2025-05-10,PERSON_00131,PERSON_00178,898,PHONE_00131,voice
CALL_010482,2021-03-08,PERSON_00132,PERSON_00207,633,PHONE_00132,missed
CALL_010483,2025-10-19,PERSON_00133,PERSON_00236,568,PHONE_00133,voice
CALL_010484,2025-03-28,PERSON_00134,PERSON_00265,564,PHONE_00134,voice
CALL_010485,2021-05-12,PERSON_00135,PERSON_00294,348,PHONE_00135,missed
CALL_010486,2024-08-25,PERSON_00136,PERSON_00323,893,PHONE_00136,missed
CALL_010487,2025-03-18,PERSON_00137,PERSON_00352,126,PHONE_00137,voice
CALL_010488,2023-02-04,PERSON_00138,PERSON_00381,117,PHONE_00138,missed
CALL_010489,2024-02-04,PERSON_00139,PERSON_00410,815,PHONE_00139,voice
CALL_010490,2023-11-10,PERSON_00140,PERSON_00439,739,PHONE_00140,missed
CALL_010491,2026-05-27,PERSON_00141,PERSON_00065,66,PHONE_00141,missed
CALL_010492,2024-06-18,PERSON_00142,PERSON_00047,65,PHONE_00142,voice
CALL_010493,2023-08-20,PERSON_00143,PERSON_00076,540,PHONE_00143,voice
CALL_010494,2023-07-05,PERSON_00144,PERSON_00105,666,PHONE_00144,voice
CALL_010495,2021-10-21,PERSON_00145,PERSON_00134,341,PHONE_00145,voice
CALL_010496,2021-10-03,PERSON_00146,PERSON_00163,192,PHONE_00146,voice
CALL_010497,2025-07-16,PERSON_00147,PERSON_00192,560,PHONE_00147,missed
CALL_010498,2023-08-05,PERSON_00148,PERSON_00221,342,PHONE_00148,voice
CALL_010499,2024-06-10,PERSON_00149,PERSON_00250,266,PHONE_00149,voice
CALL_010500,2021-01-21,PERSON_00150,PERSON_00279,20,PHONE_00150,missed
CALL_010501,2024-10-02,PERSON_00151,PERSON_00308,142,PHONE_00151,voice
CALL_010502,2022-10-16,PERSON_00152,PERSON_00337,105,PHONE_00152,missed
CALL_010503,2021-10-11,PERSON_00153,PERSON_00366,306,PHONE_00153,voice
CALL_010504,2024-10-01,PERSON_00154,PERSON_00395,376,PHONE_00154,voice
CALL_010505,2021-11-24,PERSON_00155,PERSON_00424,44,PHONE_00155,voice
CALL_010506,2023-04-08,PERSON_00156,PERSON_00128,74,PHONE_00156,voice
CALL_010507,2023-10-07,PERSON_00157,PERSON_00032,581,PHONE_00157,voice
CALL_010508,2021-11-19,PERSON_00158,PERSON_00061,307,PHONE_00158,missed
CALL_010509,2022-11-18,PERSON_00159,PERSON_00090,368,PHONE_00159,voice
CALL_010510,2024-01-05,PERSON_00160,PERSON_00119,617,PHONE_00160,missed
CALL_010511,2023-08-03,PERSON_00161,PERSON_00350,178,PHONE_00161,missed
CALL_010512,2023-07-20,PERSON_00162,PERSON_00177,705,PHONE_00162,missed
CALL_010513,2025-03-19,PERSON_00163,PERSON_00206,304,PHONE_00163,voice
CALL_010514,2023-03-29,PERSON_00164,PERSON_00235,659,PHONE_00164,voice
CALL_010515,2025-05-21,PERSON_00165,PERSON_00264,501,PHONE_00165,voice
CALL_010516,2022-07-09,PERSON_00166,PERSON_00245,17,PHONE_00166,voice
CALL_010517,2025-08-02,PERSON_00167,PERSON_00322,550,PHONE_00167,missed
CALL_010518,2024-11-17,PERSON_00168,PERSON_00351,398,PHONE_00168,voice
CALL_010519,2024-10-11,PERSON_00169,PERSON_00380,79,PHONE_00169,voice
CALL_010520,2022-11-10,PERSON_00170,PERSON_00409,613,PHONE_00170,missed
CALL_010521,2024-03-14,PERSON_00171,PERSON_00290,130,PHONE_00171,missed
CALL_010522,2023-10-16,PERSON_00172,PERSON_00017,511,PHONE_00172,missed
CALL_010523,2023-02-02,PERSON_00173,PERSON_00046,566,PHONE_00173,voice
CALL_010524,2021-08-26,PERSON_00174,PERSON_00075,496,PHONE_00174,missed
CALL_010525,2024-09-06,PERSON_00175,PERSON_00104,418,PHONE_00175,voice
CALL_010526,2025-03-19,PERSON_00176,PERSON_00133,576,PHONE_00176,missed
CALL_010527,2021-12-01,PERSON_00177,PERSON_00162,333,PHONE_00177,voice
CALL_010528,2023-11-30,PERSON_00178,PERSON_00191,723,PHONE_00178,voice
CALL_010529,2025-06-01,PERSON_00179,PERSON_00220,452,PHONE_00179,voice
CALL_010530,2024-03-31,PERSON_00180,PERSON_00249,696,PHONE_00180,missed
CALL_010531,2024-07-07,PERSON_00181,PERSON_00278,260,PHONE_00181,voice
CALL_010532,2021-05-10,PERSON_00182,PERSON_00307,191,PHONE_00182,voice
CALL_010533,2021-01-04,PERSON_00183,PERSON_00336,158,PHONE_00183,missed
CALL_010534,2021-05-27,PERSON_00184,PERSON_00365,281,PHONE_00184,voice
CALL_010535,2024-03-13,PERSON_00185,PERSON_00394,296,PHONE_00185,missed
CALL_010536,2025-04-23,PERSON_00186,PERSON_00423,365,PHONE_00186,voice
CALL_010537,2023-07-07,PERSON_00187,PERSON_00002,308,PHONE_00187,missed
CALL_010538,2024-12-28,PERSON_00188,PERSON_00031,827,PHONE_00188,voice
CALL_010539,2021-10-07,PERSON_00189,PERSON_00060,380,PHONE_00189,missed
CALL_010540,2025-07-11,PERSON_00190,PERSON_00089,252,PHONE_00190,voice
CALL_010541,2021-02-19,PERSON_00191,PERSON_00440,72,PHONE_00191,voice
CALL_010542,2021-11-24,PERSON_00192,PERSON_00147,205,PHONE_00192,voice
CALL_010543,2024-08-26,PERSON_00193,PERSON_00176,196,PHONE_00193,voice
CALL_010544,2025-05-12,PERSON_00194,PERSON_00205,103,PHONE_00194,voice
CALL_010545,2022-09-14,PERSON_00195,PERSON_00234,401,PHONE_00195,voice
CALL_010546,2025-07-28,PERSON_00196,PERSON_00006,61,PHONE_00196,voice
CALL_010547,2023-01-30,PERSON_00197,PERSON_00292,110,PHONE_00197,missed
CALL_010548,2022-04-06,PERSON_00198,PERSON_00321,285,PHONE_00198,missed
CALL_010549,2024-07-15,PERSON_00199,PERSON_00350,659,PHONE_00199,voice
CALL_010550,2021-09-20,PERSON_00200,PERSON_00379,423,PHONE_00200,voice
CALL_010551,2023-05-19,PERSON_00201,PERSON_00408,338,PHONE_00201,voice
CALL_010552,2022-08-21,PERSON_00202,PERSON_00437,489,PHONE_00202,voice
CALL_010553,2025-04-02,PERSON_00203,PERSON_00016,326,PHONE_00203,missed
CALL_010554,2022-10-25,PERSON_00204,PERSON_00045,896,PHONE_00204,missed
CALL_010555,2021-11-26,PERSON_00205,PERSON_00074,828,PHONE_00205,voice
CALL_010556,2024-06-18,PERSON_00206,PERSON_00103,640,PHONE_00206,voice
CALL_010557,2022-11-18,PERSON_00207,PERSON_00132,449,PHONE_00207,missed
CALL_010558,2023-11-25,PERSON_00208,PERSON_00161,289,PHONE_00208,missed
CALL_010559,2025-01-09,PERSON_00209,PERSON_00190,53,PHONE_00209,missed
CALL_010560,2024-03-26,PERSON_00210,PERSON_00219,513,PHONE_00210,voice
CALL_010561,2025-06-03,PERSON_00211,PERSON_00248,78,PHONE_00211,missed
CALL_010562,2022-08-01,PERSON_00212,PERSON_00277,793,PHONE_00212,missed
CALL_010563,2021-05-28,PERSON_00213,PERSON_00306,119,PHONE_00213,voice
CALL_010564,2023-08-06,PERSON_00214,PERSON_00335,632,PHONE_00214,voice
CALL_010565,2026-06-03,PERSON_00215,PERSON_00364,273,PHONE_00215,voice
CALL_010566,2023-05-03,PERSON_00216,PERSON_00244,84,PHONE_00216,missed
CALL_010567,2023-01-24,PERSON_00217,PERSON_00422,291,PHONE_00217,voice
CALL_010568,2026-06-11,PERSON_00218,PERSON_00001,734,PHONE_00218,voice
CALL_010569,2025-03-21,PERSON_00219,PERSON_00030,538,PHONE_00219,voice
CALL_010570,2024-12-20,PERSON_00220,PERSON_00059,499,PHONE_00220,voice
CALL_010571,2025-03-28,PERSON_00221,PERSON_00127,19,PHONE_00221,voice
CALL_010572,2023-07-28,PERSON_00222,PERSON_00117,119,PHONE_00222,voice
CALL_010573,2024-11-16,PERSON_00223,PERSON_00146,691,PHONE_00223,missed
CALL_010574,2021-05-01,PERSON_00224,PERSON_00175,737,PHONE_00224,voice
CALL_010575,2025-09-12,PERSON_00225,PERSON_00204,578,PHONE_00225,voice
CALL_010576,2026-03-28,PERSON_00226,PERSON_00245,15,PHONE_00226,voice
CALL_010577,2025-01-31,PERSON_00227,PERSON_00262,418,PHONE_00227,voice
CALL_010578,2024-12-13,PERSON_00228,PERSON_00291,586,PHONE_00228,voice
CALL_010579,2022-02-06,PERSON_00229,PERSON_00320,104,PHONE_00229,voice
CALL_010580,2024-07-23,PERSON_00230,PERSON_00349,130,PHONE_00230,voice
CALL_010581,2025-03-27,PERSON_00231,PERSON_00194,142,PHONE_00231,missed
CALL_010582,2025-03-22,PERSON_00232,PERSON_00407,797,PHONE_00232,voice
CALL_010583,2022-12-20,PERSON_00233,PERSON_00436,520,PHONE_00233,voice
CALL_010584,2025-05-15,PERSON_00234,PERSON_00015,746,PHONE_00234,voice
CALL_010585,2022-11-29,PERSON_00235,PERSON_00044,158,PHONE_00235,voice
CALL_010586,2026-04-13,PERSON_00236,PERSON_00073,167,PHONE_00236,voice
CALL_010587,2023-04-01,PERSON_00237,PERSON_00102,366,PHONE_00237,missed
CALL_010588,2024-06-13,PERSON_00238,PERSON_00131,351,PHONE_00238,voice
CALL_010589,2021-12-24,PERSON_00239,PERSON_00160,542,PHONE_00239,voice
CALL_010590,2022-02-24,PERSON_00240,PERSON_00189,329,PHONE_00240,voice
CALL_010591,2021-10-07,PERSON_00241,PERSON_00440,80,PHONE_00241,voice
CALL_010592,2026-03-13,PERSON_00242,PERSON_00247,818,PHONE_00242,voice
CALL_010593,2021-01-21,PERSON_00243,PERSON_00276,475,PHONE_00243,voice
CALL_010594,2024-01-10,PERSON_00244,PERSON_00305,82,PHONE_00244,missed
CALL_010595,2022-12-08,PERSON_00245,PERSON_00334,58,PHONE_00245,voice
CALL_010596,2024-03-20,PERSON_00246,PERSON_00363,595,PHONE_00246,voice
CALL_010597,2025-12-27,PERSON_00247,PERSON_00392,398,PHONE_00247,missed
CALL_010598,2024-07-26,PERSON_00248,PERSON_00421,37,PHONE_00248,missed
CALL_010599,2021-03-29,PERSON_00249,PERSON_00450,197,PHONE_00249,voice
CALL_010600,2024-11-03,PERSON_00250,PERSON_00029,121,PHONE_00250,voice
CALL_010601,2024-03-07,PERSON_00251,PERSON_00058,740,PHONE_00251,missed
CALL_010602,2021-07-25,PERSON_00252,PERSON_00087,542,PHONE_00252,voice
CALL_010603,2021-12-16,PERSON_00253,PERSON_00116,833,PHONE_00253,voice
CALL_010604,2024-04-18,PERSON_00254,PERSON_00145,376,PHONE_00254,voice
CALL_010605,2022-02-12,PERSON_00255,PERSON_00174,862,PHONE_00255,voice
CALL_010606,2024-05-05,PERSON_00256,PERSON_00202,164,PHONE_00256,voice
CALL_010607,2023-02-27,PERSON_00257,PERSON_00232,392,PHONE_00257,voice
CALL_010608,2024-12-06,PERSON_00258,PERSON_00261,581,PHONE_00258,voice
CALL_010609,2025-12-03,PERSON_00259,PERSON_00290,217,PHONE_00259,voice
CALL_010610,2026-04-17,PERSON_00260,PERSON_00319,580,PHONE_00260,voice
CALL_010611,2021-11-18,PERSON_00261,PERSON_00348,842,PHONE_00261,voice
CALL_010612,2023-07-02,PERSON_00262,PERSON_00377,533,PHONE_00262,voice
CALL_010613,2024-12-04,PERSON_00263,PERSON_00406,239,PHONE_00263,missed
CALL_010614,2024-10-25,PERSON_00264,PERSON_00435,650,PHONE_00264,missed
CALL_010615,2023-08-24,PERSON_00265,PERSON_00014,128,PHONE_00265,missed
CALL_010616,2023-08-31,PERSON_00266,PERSON_00043,809,PHONE_00266,voice
CALL_010617,2025-01-31,PERSON_00267,PERSON_00072,89,PHONE_00267,voice
CALL_010618,2026-06-10,PERSON_00268,PERSON_00101,552,PHONE_00268,voice
CALL_010619,2023-04-30,PERSON_00269,PERSON_00130,88,PHONE_00269,voice
CALL_010620,2023-07-13,PERSON_00270,PERSON_00159,549,PHONE_00270,voice
CALL_010621,2022-08-25,PERSON_00271,PERSON_00030,142,PHONE_00271,missed
CALL_010622,2024-10-20,PERSON_00272,PERSON_00217,330,PHONE_00272,voice
CALL_010623,2021-07-23,PERSON_00273,PERSON_00246,656,PHONE_00273,missed
CALL_010624,2021-09-02,PERSON_00274,PERSON_00275,352,PHONE_00274,voice
CALL_010625,2025-08-14,PERSON_00275,PERSON_00304,864,PHONE_00275,missed
CALL_010626,2021-09-09,PERSON_00276,PERSON_00333,350,PHONE_00276,voice
CALL_010627,2025-12-15,PERSON_00277,PERSON_00362,332,PHONE_00277,missed
CALL_010628,2025-11-21,PERSON_00278,PERSON_00391,131,PHONE_00278,voice
CALL_010629,2026-04-01,PERSON_00279,PERSON_00420,876,PHONE_00279,missed
CALL_010630,2021-07-11,PERSON_00280,PERSON_00449,789,PHONE_00280,voice
CALL_010631,2024-04-26,PERSON_00281,PERSON_00028,49,PHONE_00281,missed
CALL_010632,2023-01-01,PERSON_00282,PERSON_00057,181,PHONE_00282,voice
CALL_010633,2024-12-06,PERSON_00283,PERSON_00086,205,PHONE_00283,voice
CALL_010634,2024-06-01,PERSON_00284,PERSON_00115,709,PHONE_00284,voice
CALL_010635,2022-05-30,PERSON_00285,PERSON_00144,394,PHONE_00285,voice
CALL_010636,2022-07-23,PERSON_00286,PERSON_00256,99,PHONE_00286,voice
CALL_010637,2021-01-20,PERSON_00287,PERSON_00202,232,PHONE_00287,voice
CALL_010638,2024-02-12,PERSON_00288,PERSON_00231,195,PHONE_00288,voice
CALL_010639,2023-12-05,PERSON_00289,PERSON_00260,725,PHONE_00289,missed
CALL_010640,2021-05-28,PERSON_00290,PERSON_00289,124,PHONE_00290,missed
CALL_010641,2026-06-13,PERSON_00291,PERSON_00202,42,PHONE_00291,missed
CALL_010642,2021-08-05,PERSON_00292,PERSON_00347,488,PHONE_00292,voice
CALL_010643,2026-01-08,PERSON_00293,PERSON_00376,462,PHONE_00293,voice
CALL_010644,2021-09-18,PERSON_00294,PERSON_00405,233,PHONE_00294,voice
CALL_010645,2023-03-21,PERSON_00295,PERSON_00434,23,PHONE_00295,voice
CALL_010646,2021-06-19,PERSON_00296,PERSON_00013,657,PHONE_00296,voice
CALL_010647,2024-06-12,PERSON_00297,PERSON_00042,77,PHONE_00297,voice
CALL_010648,2022-06-01,PERSON_00298,PERSON_00071,790,PHONE_00298,missed
CALL_010649,2021-06-11,PERSON_00299,PERSON_00100,295,PHONE_00299,voice
CALL_010650,2022-04-22,PERSON_00300,PERSON_00129,507,PHONE_00300,voice
CALL_010651,2021-02-18,PERSON_00301,PERSON_00159,28,PHONE_00301,voice
CALL_010652,2024-10-23,PERSON_00302,PERSON_00187,819,PHONE_00302,voice
CALL_010653,2021-02-03,PERSON_00303,PERSON_00216,747,PHONE_00303,voice
CALL_010654,2023-04-11,PERSON_00304,PERSON_00245,292,PHONE_00304,voice
CALL_010655,2023-11-10,PERSON_00305,PERSON_00274,588,PHONE_00305,voice
CALL_010656,2022-04-08,PERSON_00306,PERSON_00303,121,PHONE_00306,voice
CALL_010657,2023-08-25,PERSON_00307,PERSON_00332,595,PHONE_00307,missed
CALL_010658,2025-11-17,PERSON_00308,PERSON_00361,752,PHONE_00308,voice
CALL_010659,2025-10-19,PERSON_00309,PERSON_00390,293,PHONE_00309,missed
CALL_010660,2023-11-02,PERSON_00310,PERSON_00419,825,PHONE_00310,voice
CALL_010661,2023-08-10,PERSON_00311,PERSON_00448,129,PHONE_00311,voice
CALL_010662,2023-02-17,PERSON_00312,PERSON_00027,506,PHONE_00312,voice
CALL_010663,2025-09-27,PERSON_00313,PERSON_00056,840,PHONE_00313,missed
CALL_010664,2024-06-11,PERSON_00314,PERSON_00085,856,PHONE_00314,missed
CALL_010665,2025-05-10,PERSON_00315,PERSON_00114,252,PHONE_00315,voice
CALL_010666,2021-08-02,PERSON_00316,PERSON_00143,768,PHONE_00316,voice
CALL_010667,2023-08-27,PERSON_00317,PERSON_00172,221,PHONE_00317,voice
CALL_010668,2026-04-08,PERSON_00318,PERSON_00201,139,PHONE_00318,missed
CALL_010669,2023-10-03,PERSON_00319,PERSON_00230,575,PHONE_00319,voice
CALL_010670,2024-05-27,PERSON_00320,PERSON_00259,695,PHONE_00320,voice
CALL_010671,2025-11-02,PERSON_00321,PERSON_00202,23,PHONE_00321,voice
CALL_010672,2025-05-17,PERSON_00322,PERSON_00317,359,PHONE_00322,voice
CALL_010673,2022-07-12,PERSON_00323,PERSON_00346,217,PHONE_00323,voice
CALL_010674,2024-08-27,PERSON_00324,PERSON_00375,623,PHONE_00324,voice
CALL_010675,2023-11-02,PERSON_00325,PERSON_00404,202,PHONE_00325,voice
CALL_010676,2021-01-22,PERSON_00326,PERSON_00433,808,PHONE_00326,missed
CALL_010677,2024-01-25,PERSON_00327,PERSON_00012,147,PHONE_00327,missed
CALL_010678,2023-06-17,PERSON_00328,PERSON_00041,322,PHONE_00328,voice
CALL_010679,2024-12-04,PERSON_00329,PERSON_00070,424,PHONE_00329,voice
CALL_010680,2022-01-25,PERSON_00330,PERSON_00099,651,PHONE_00330,missed
CALL_010681,2024-08-15,PERSON_00331,PERSON_00237,99,PHONE_00331,voice
CALL_010682,2022-09-28,PERSON_00332,PERSON_00157,568,PHONE_00332,voice
CALL_010683,2024-01-05,PERSON_00333,PERSON_00186,332,PHONE_00333,voice
CALL_010684,2025-06-24,PERSON_00334,PERSON_00215,854,PHONE_00334,missed
CALL_010685,2023-04-21,PERSON_00335,PERSON_00244,372,PHONE_00335,missed
CALL_010686,2025-10-16,PERSON_00336,PERSON_00401,12,PHONE_00336,voice
CALL_010687,2025-11-18,PERSON_00337,PERSON_00302,733,PHONE_00337,voice
CALL_010688,2021-12-01,PERSON_00338,PERSON_00331,327,PHONE_00338,voice
CALL_010689,2023-10-06,PERSON_00339,PERSON_00360,94,PHONE_00339,voice
CALL_010690,2025-10-14,PERSON_00340,PERSON_00389,770,PHONE_00340,voice
CALL_010691,2024-04-23,PERSON_00341,PERSON_00418,693,PHONE_00341,voice
CALL_010692,2025-10-01,PERSON_00342,PERSON_00447,278,PHONE_00342,voice
CALL_010693,2026-05-13,PERSON_00343,PERSON_00026,41,PHONE_00343,missed
CALL_010694,2021-10-13,PERSON_00344,PERSON_00055,886,PHONE_00344,missed
CALL_010695,2022-07-22,PERSON_00345,PERSON_00084,362,PHONE_00345,missed
CALL_010696,2025-04-02,PERSON_00346,PERSON_00113,75,PHONE_00346,voice
CALL_010697,2022-02-23,PERSON_00347,PERSON_00142,255,PHONE_00347,voice
CALL_010698,2022-06-30,PERSON_00348,PERSON_00171,142,PHONE_00348,missed
CALL_010699,2025-10-27,PERSON_00349,PERSON_00200,675,PHONE_00349,voice
CALL_010700,2023-02-04,PERSON_00350,PERSON_00229,339,PHONE_00350,voice
CALL_010701,2022-01-03,PERSON_00351,PERSON_00258,239,PHONE_00351,missed
CALL_010702,2023-11-26,PERSON_00352,PERSON_00287,732,PHONE_00352,voice
CALL_010703,2026-06-09,PERSON_00353,PERSON_00316,42,PHONE_00353,missed
CALL_010704,2022-04-29,PERSON_00354,PERSON_00345,415,PHONE_00354,voice
CALL_010705,2021-03-19,PERSON_00355,PERSON_00374,685,PHONE_00355,missed
CALL_010706,2024-12-22,PERSON_00356,PERSON_00403,148,PHONE_00356,missed
CALL_010707,2025-03-06,PERSON_00357,PERSON_00432,262,PHONE_00357,voice
CALL_010708,2025-03-24,PERSON_00358,PERSON_00011,774,PHONE_00358,voice
CALL_010709,2022-08-21,PERSON_00359,PERSON_00040,248,PHONE_00359,voice
CALL_010710,2023-11-23,PERSON_00360,PERSON_00069,712,PHONE_00360,voice
CALL_010711,2025-03-16,PERSON_00361,PERSON_00098,611,PHONE_00361,missed
CALL_010712,2025-05-23,PERSON_00362,PERSON_00127,890,PHONE_00362,missed
CALL_010713,2022-12-27,PERSON_00363,PERSON_00156,318,PHONE_00363,missed
CALL_010714,2023-02-05,PERSON_00364,PERSON_00185,68,PHONE_00364,voice
CALL_010715,2025-01-01,PERSON_00365,PERSON_00214,548,PHONE_00365,voice
CALL_010716,2022-04-20,PERSON_00366,PERSON_00171,81,PHONE_00366,voice
CALL_010717,2023-09-15,PERSON_00367,PERSON_00272,366,PHONE_00367,missed
CALL_010718,2024-10-26,PERSON_00368,PERSON_00301,822,PHONE_00368,voice
CALL_010719,2025-03-29,PERSON_00369,PERSON_00330,345,PHONE_00369,missed
CALL_010720,2025-05-27,PERSON_00370,PERSON_00359,58,PHONE_00370,voice
CALL_010721,2023-03-22,PERSON_00371,PERSON_00093,88,PHONE_00371,voice
CALL_010722,2021-08-08,PERSON_00372,PERSON_00417,83,PHONE_00372,missed
CALL_010723,2025-05-15,PERSON_00373,PERSON_00446,194,PHONE_00373,voice
CALL_010724,2024-03-17,PERSON_00374,PERSON_00025,502,PHONE_00374,voice
CALL_010725,2021-02-22,PERSON_00375,PERSON_00054,482,PHONE_00375,missed
CALL_010726,2024-09-25,PERSON_00376,PERSON_00012,101,PHONE_00376,voice
CALL_010727,2023-10-06,PERSON_00377,PERSON_00112,375,PHONE_00377,voice
CALL_010728,2023-09-02,PERSON_00378,PERSON_00141,774,PHONE_00378,voice
CALL_010729,2025-03-19,PERSON_00379,PERSON_00170,746,PHONE_00379,voice
CALL_010730,2026-04-11,PERSON_00380,PERSON_00199,896,PHONE_00380,voice
CALL_010731,2024-09-08,PERSON_00381,PERSON_00219,177,PHONE_00381,missed
CALL_010732,2025-10-30,PERSON_00382,PERSON_00257,167,PHONE_00382,voice
CALL_010733,2024-08-07,PERSON_00383,PERSON_00286,748,PHONE_00383,missed
CALL_010734,2024-09-15,PERSON_00384,PERSON_00315,554,PHONE_00384,voice
CALL_010735,2024-05-10,PERSON_00385,PERSON_00344,870,PHONE_00385,missed
CALL_010736,2026-01-29,PERSON_00386,PERSON_00373,862,PHONE_00386,missed
CALL_010737,2026-06-24,PERSON_00387,PERSON_00402,182,PHONE_00387,voice
CALL_010738,2023-06-10,PERSON_00388,PERSON_00431,340,PHONE_00388,missed
CALL_010739,2024-09-29,PERSON_00389,PERSON_00010,578,PHONE_00389,missed
CALL_010740,2024-03-29,PERSON_00390,PERSON_00039,360,PHONE_00390,missed
CALL_010741,2023-08-26,PERSON_00391,PERSON_00355,39,PHONE_00391,voice
CALL_010742,2025-11-04,PERSON_00392,PERSON_00097,782,PHONE_00392,missed
CALL_010743,2022-05-18,PERSON_00393,PERSON_00126,241,PHONE_00393,voice
CALL_010744,2023-05-16,PERSON_00394,PERSON_00155,553,PHONE_00394,voice
CALL_010745,2025-05-19,PERSON_00395,PERSON_00184,510,PHONE_00395,voice
CALL_010746,2021-05-10,PERSON_00396,PERSON_00213,617,PHONE_00396,voice
CALL_010747,2025-03-04,PERSON_00397,PERSON_00242,331,PHONE_00397,voice
CALL_010748,2024-08-07,PERSON_00398,PERSON_00271,233,PHONE_00398,missed
CALL_010749,2026-01-14,PERSON_00399,PERSON_00300,115,PHONE_00399,voice
CALL_010750,2023-01-08,PERSON_00400,PERSON_00329,528,PHONE_00400,voice
CALL_010751,2021-06-17,PERSON_00401,PERSON_00169,117,PHONE_00401,missed
CALL_010752,2021-05-28,PERSON_00402,PERSON_00387,532,PHONE_00402,voice
CALL_010753,2025-10-20,PERSON_00403,PERSON_00416,826,PHONE_00403,missed
CALL_010754,2022-11-15,PERSON_00404,PERSON_00445,322,PHONE_00404,voice
CALL_010755,2025-03-05,PERSON_00405,PERSON_00024,365,PHONE_00405,voice
CALL_010756,2023-08-16,PERSON_00406,PERSON_00075,17,PHONE_00406,voice
CALL_010757,2025-10-14,PERSON_00407,PERSON_00082,74,PHONE_00407,missed
CALL_010758,2024-08-09,PERSON_00408,PERSON_00111,322,PHONE_00408,voice
CALL_010759,2021-08-13,PERSON_00409,PERSON_00140,302,PHONE_00409,missed
CALL_010760,2022-08-27,PERSON_00410,PERSON_00169,339,PHONE_00410,missed
CALL_010761,2021-09-10,PERSON_00411,PERSON_00018,121,PHONE_00411,voice
CALL_010762,2021-06-05,PERSON_00412,PERSON_00227,99,PHONE_00412,voice
CALL_010763,2023-03-06,PERSON_00413,PERSON_00256,170,PHONE_00413,voice
CALL_010764,2025-05-02,PERSON_00414,PERSON_00285,342,PHONE_00414,missed
CALL_010765,2023-03-06,PERSON_00415,PERSON_00314,394,PHONE_00415,voice
CALL_010766,2024-12-25,PERSON_00416,PERSON_00343,63,PHONE_00416,voice
CALL_010767,2023-03-23,PERSON_00417,PERSON_00372,259,PHONE_00417,voice
CALL_010768,2024-06-13,PERSON_00418,PERSON_00401,304,PHONE_00418,missed
CALL_010769,2025-02-09,PERSON_00419,PERSON_00430,355,PHONE_00419,voice
CALL_010770,2023-07-09,PERSON_00420,PERSON_00009,259,PHONE_00420,missed
CALL_010771,2021-05-22,PERSON_00421,PERSON_00038,302,PHONE_00421,voice
CALL_010772,2021-08-20,PERSON_00422,PERSON_00067,249,PHONE_00422,voice
CALL_010773,2023-08-23,PERSON_00423,PERSON_00096,52,PHONE_00423,voice
CALL_010774,2021-07-13,PERSON_00424,PERSON_00125,332,PHONE_00424,voice
CALL_010775,2021-12-23,PERSON_00425,PERSON_00154,521,PHONE_00425,voice
CALL_010776,2023-09-07,PERSON_00426,PERSON_00183,430,PHONE_00426,voice
CALL_010777,2025-10-02,PERSON_00427,PERSON_00212,376,PHONE_00427,missed
CALL_010778,2021-10-03,PERSON_00428,PERSON_00241,415,PHONE_00428,missed
CALL_010779,2024-04-24,PERSON_00429,PERSON_00270,333,PHONE_00429,voice
CALL_010780,2024-06-28,PERSON_00430,PERSON_00299,611,PHONE_00430,voice
CALL_010781,2021-10-13,PERSON_00431,PERSON_00328,639,PHONE_00431,missed
CALL_010782,2024-01-03,PERSON_00432,PERSON_00357,674,PHONE_00432,voice
CALL_010783,2023-08-05,PERSON_00433,PERSON_00386,716,PHONE_00433,voice
CALL_010784,2024-07-23,PERSON_00434,PERSON_00415,630,PHONE_00434,missed
CALL_010785,2021-08-19,PERSON_00435,PERSON_00444,116,PHONE_00435,missed
CALL_010786,2023-09-29,PERSON_00436,PERSON_00389,156,PHONE_00436,voice
CALL_010787,2024-02-16,PERSON_00437,PERSON_00052,824,PHONE_00437,voice
CALL_010788,2021-04-11,PERSON_00438,PERSON_00081,133,PHONE_00438,missed
CALL_010789,2025-10-11,PERSON_00439,PERSON_00110,552,PHONE_00439,voice
CALL_010790,2021-10-30,PERSON_00440,PERSON_00139,133,PHONE_00440,voice
CALL_010791,2021-01-28,PERSON_00441,PERSON_00168,104,PHONE_00441,voice
CALL_010792,2021-11-16,PERSON_00442,PERSON_00197,354,PHONE_00442,missed
CALL_010793,2026-04-13,PERSON_00443,PERSON_00226,646,PHONE_00443,missed
CALL_010794,2021-07-23,PERSON_00444,PERSON_00255,76,PHONE_00444,voice
CALL_010795,2022-12-12,PERSON_00445,PERSON_00284,841,PHONE_00445,voice
CALL_010796,2022-02-06,PERSON_00446,PERSON_00313,546,PHONE_00446,voice
CALL_010797,2021-03-07,PERSON_00447,PERSON_00342,878,PHONE_00447,voice
CALL_010798,2025-02-23,PERSON_00448,PERSON_00371,687,PHONE_00448,missed
CALL_010799,2022-07-28,PERSON_00449,PERSON_00400,521,PHONE_00449,missed
CALL_010800,2022-08-25,PERSON_00450,PERSON_00429,470,PHONE_00450,voice
CALL_010801,2024-12-25,PERSON_00001,PERSON_00008,527,PHONE_00001,voice
CALL_010802,2023-10-03,PERSON_00002,PERSON_00037,587,PHONE_00002,missed
CALL_010803,2025-05-24,PERSON_00003,PERSON_00066,827,PHONE_00003,voice
CALL_010804,2025-01-12,PERSON_00004,PERSON_00095,489,PHONE_00004,voice
CALL_010805,2023-03-04,PERSON_00005,PERSON_00124,743,PHONE_00005,voice
CALL_010806,2025-03-19,PERSON_00006,PERSON_00449,8,PHONE_00006,missed
CALL_010807,2022-10-24,PERSON_00007,PERSON_00182,756,PHONE_00007,voice
CALL_010808,2023-04-03,PERSON_00008,PERSON_00211,661,PHONE_00008,voice
CALL_010809,2022-11-20,PERSON_00009,PERSON_00240,588,PHONE_00009,voice
CALL_010810,2025-12-31,PERSON_00010,PERSON_00269,428,PHONE_00010,voice
CALL_010811,2023-09-11,PERSON_00011,PERSON_00298,295,PHONE_00011,voice
CALL_010812,2024-09-19,PERSON_00012,PERSON_00327,767,PHONE_00012,missed
CALL_010813,2024-06-25,PERSON_00013,PERSON_00356,483,PHONE_00013,voice
CALL_010814,2023-10-12,PERSON_00014,PERSON_00385,840,PHONE_00014,missed
CALL_010815,2026-06-23,PERSON_00015,PERSON_00414,526,PHONE_00015,voice
CALL_010816,2026-06-30,PERSON_00016,PERSON_00202,18,PHONE_00016,missed
CALL_010817,2021-07-06,PERSON_00017,PERSON_00022,205,PHONE_00017,missed
CALL_010818,2021-03-16,PERSON_00018,PERSON_00051,375,PHONE_00018,voice
CALL_010819,2025-02-27,PERSON_00019,PERSON_00080,818,PHONE_00019,voice
CALL_010820,2022-01-31,PERSON_00020,PERSON_00109,637,PHONE_00020,voice
CALL_010821,2025-06-28,PERSON_00021,PERSON_00355,13,PHONE_00021,missed
CALL_010822,2023-09-12,PERSON_00022,PERSON_00167,710,PHONE_00022,missed
CALL_010823,2022-10-06,PERSON_00023,PERSON_00196,454,PHONE_00023,voice
CALL_010824,2022-02-21,PERSON_00024,PERSON_00225,350,PHONE_00024,missed
CALL_010825,2023-05-08,PERSON_00025,PERSON_00254,288,PHONE_00025,missed
CALL_010826,2026-06-20,PERSON_00026,PERSON_00283,36,PHONE_00026,voice
CALL_010827,2021-04-27,PERSON_00027,PERSON_00312,826,PHONE_00027,missed
CALL_010828,2022-08-19,PERSON_00028,PERSON_00341,709,PHONE_00028,voice
CALL_010829,2024-07-01,PERSON_00029,PERSON_00370,151,PHONE_00029,missed
CALL_010830,2022-11-19,PERSON_00030,PERSON_00399,427,PHONE_00030,missed
CALL_010831,2021-09-21,PERSON_00031,PERSON_00428,515,PHONE_00031,voice
CALL_010832,2023-02-23,PERSON_00032,PERSON_00007,33,PHONE_00032,voice
CALL_010833,2025-01-19,PERSON_00033,PERSON_00036,286,PHONE_00033,voice
CALL_010834,2024-11-07,PERSON_00034,PERSON_00065,381,PHONE_00034,voice
CALL_010835,2021-03-01,PERSON_00035,PERSON_00094,234,PHONE_00035,voice
CALL_010836,2021-12-09,PERSON_00036,PERSON_00123,324,PHONE_00036,voice
CALL_010837,2021-08-18,PERSON_00037,PERSON_00152,698,PHONE_00037,missed
CALL_010838,2022-11-29,PERSON_00038,PERSON_00181,816,PHONE_00038,voice
CALL_010839,2026-01-11,PERSON_00039,PERSON_00210,848,PHONE_00039,voice
CALL_010840,2021-11-12,PERSON_00040,PERSON_00239,223,PHONE_00040,voice
CALL_010841,2023-06-26,PERSON_00041,PERSON_00268,553,PHONE_00041,voice
CALL_010842,2024-12-28,PERSON_00042,PERSON_00297,707,PHONE_00042,voice
CALL_010843,2022-08-30,PERSON_00043,PERSON_00326,252,PHONE_00043,voice
CALL_010844,2022-02-23,PERSON_00044,PERSON_00355,61,PHONE_00044,voice
CALL_010845,2021-12-25,PERSON_00045,PERSON_00384,860,PHONE_00045,missed
CALL_010846,2024-10-24,PERSON_00046,PERSON_00411,80,PHONE_00046,missed
CALL_010847,2024-04-19,PERSON_00047,PERSON_00442,739,PHONE_00047,voice
CALL_010848,2025-02-04,PERSON_00048,PERSON_00021,175,PHONE_00048,voice
CALL_010849,2025-05-08,PERSON_00049,PERSON_00050,201,PHONE_00049,voice
CALL_010850,2024-09-11,PERSON_00050,PERSON_00079,636,PHONE_00050,voice
CALL_010851,2023-12-30,PERSON_00051,PERSON_00108,617,PHONE_00051,missed
CALL_010852,2022-12-02,PERSON_00052,PERSON_00137,685,PHONE_00052,voice
CALL_010853,2021-03-26,PERSON_00053,PERSON_00166,100,PHONE_00053,missed
CALL_010854,2022-05-19,PERSON_00054,PERSON_00195,731,PHONE_00054,missed
CALL_010855,2024-08-07,PERSON_00055,PERSON_00224,517,PHONE_00055,missed
CALL_010856,2022-02-27,PERSON_00056,PERSON_00253,209,PHONE_00056,missed
CALL_010857,2021-11-15,PERSON_00057,PERSON_00282,861,PHONE_00057,missed
CALL_010858,2024-08-04,PERSON_00058,PERSON_00311,857,PHONE_00058,missed
CALL_010859,2025-07-01,PERSON_00059,PERSON_00340,366,PHONE_00059,voice
CALL_010860,2023-05-28,PERSON_00060,PERSON_00369,419,PHONE_00060,voice
CALL_010861,2023-04-15,PERSON_00061,PERSON_00440,80,PHONE_00061,missed
CALL_010862,2025-10-12,PERSON_00062,PERSON_00427,551,PHONE_00062,voice
CALL_010863,2021-03-25,PERSON_00063,PERSON_00006,656,PHONE_00063,voice
CALL_010864,2025-10-17,PERSON_00064,PERSON_00035,321,PHONE_00064,missed
CALL_010865,2022-05-11,PERSON_00065,PERSON_00064,396,PHONE_00065,voice
CALL_010866,2026-05-07,PERSON_00066,PERSON_00093,683,PHONE_00066,voice
CALL_010867,2025-04-15,PERSON_00067,PERSON_00122,271,PHONE_00067,voice
CALL_010868,2026-02-06,PERSON_00068,PERSON_00151,896,PHONE_00068,voice
CALL_010869,2023-03-24,PERSON_00069,PERSON_00180,437,PHONE_00069,missed
CALL_010870,2024-11-09,PERSON_00070,PERSON_00209,613,PHONE_00070,missed
CALL_010871,2021-02-03,PERSON_00071,PERSON_00238,791,PHONE_00071,voice
CALL_010872,2023-10-22,PERSON_00072,PERSON_00267,194,PHONE_00072,voice
CALL_010873,2024-06-04,PERSON_00073,PERSON_00296,268,PHONE_00073,voice
CALL_010874,2025-07-28,PERSON_00074,PERSON_00325,445,PHONE_00074,missed
CALL_010875,2024-01-23,PERSON_00075,PERSON_00354,653,PHONE_00075,missed
CALL_010876,2023-04-29,PERSON_00076,PERSON_00110,62,PHONE_00076,voice
CALL_010877,2023-07-14,PERSON_00077,PERSON_00412,27,PHONE_00077,voice
CALL_010878,2021-07-09,PERSON_00078,PERSON_00441,429,PHONE_00078,voice
CALL_010879,2025-02-04,PERSON_00079,PERSON_00020,85,PHONE_00079,voice
CALL_010880,2021-01-28,PERSON_00080,PERSON_00049,51,PHONE_00080,voice
CALL_010881,2025-01-01,PERSON_00081,PERSON_00030,11,PHONE_00081,missed
CALL_010882,2021-01-19,PERSON_00082,PERSON_00107,394,PHONE_00082,voice
CALL_010883,2026-05-23,PERSON_00083,PERSON_00136,763,PHONE_00083,voice
CALL_010884,2021-09-26,PERSON_00084,PERSON_00165,434,PHONE_00084,voice
CALL_010885,2024-08-31,PERSON_00085,PERSON_00194,729,PHONE_00085,missed
CALL_010886,2021-01-12,PERSON_00086,PERSON_00118,165,PHONE_00086,missed
CALL_010887,2021-02-27,PERSON_00087,PERSON_00252,449,PHONE_00087,voice
CALL_010888,2023-10-24,PERSON_00088,PERSON_00281,791,PHONE_00088,missed
CALL_010889,2021-01-18,PERSON_00089,PERSON_00310,290,PHONE_00089,voice
CALL_010890,2025-05-14,PERSON_00090,PERSON_00339,193,PHONE_00090,voice
CALL_010891,2022-02-08,PERSON_00091,PERSON_00368,298,PHONE_00091,voice
CALL_010892,2023-06-27,PERSON_00092,PERSON_00397,337,PHONE_00092,voice
CALL_010893,2025-01-11,PERSON_00093,PERSON_00426,712,PHONE_00093,missed
CALL_010894,2025-09-24,PERSON_00094,PERSON_00005,810,PHONE_00094,missed
CALL_010895,2021-03-19,PERSON_00095,PERSON_00034,496,PHONE_00095,missed
CALL_010896,2023-02-23,PERSON_00096,PERSON_00063,875,PHONE_00096,voice
CALL_010897,2023-10-13,PERSON_00097,PERSON_00092,228,PHONE_00097,missed
CALL_010898,2024-10-07,PERSON_00098,PERSON_00121,533,PHONE_00098,voice
CALL_010899,2023-05-31,PERSON_00099,PERSON_00150,92,PHONE_00099,voice
CALL_010900,2024-02-02,PERSON_00100,PERSON_00179,787,PHONE_00100,voice
CALL_010901,2023-10-29,PERSON_00101,PERSON_00292,149,PHONE_00101,missed
CALL_010902,2025-01-28,PERSON_00102,PERSON_00237,809,PHONE_00102,voice
CALL_010903,2026-01-01,PERSON_00103,PERSON_00266,450,PHONE_00103,missed
CALL_010904,2023-01-13,PERSON_00104,PERSON_00295,454,PHONE_00104,missed
CALL_010905,2021-04-28,PERSON_00105,PERSON_00324,313,PHONE_00105,missed
CALL_010906,2026-04-10,PERSON_00106,PERSON_00065,96,PHONE_00106,voice
CALL_010907,2023-02-03,PERSON_00107,PERSON_00382,301,PHONE_00107,missed
CALL_010908,2022-05-29,PERSON_00108,PERSON_00411,305,PHONE_00108,voice
CALL_010909,2022-01-29,PERSON_00109,PERSON_00440,574,PHONE_00109,missed
CALL_010910,2024-10-14,PERSON_00110,PERSON_00019,249,PHONE_00110,voice
CALL_010911,2025-02-26,PERSON_00111,PERSON_00048,358,PHONE_00111,voice
CALL_010912,2024-05-08,PERSON_00112,PERSON_00077,466,PHONE_00112,missed
CALL_010913,2026-05-18,PERSON_00113,PERSON_00106,298,PHONE_00113,voice
CALL_010914,2024-05-16,PERSON_00114,PERSON_00135,461,PHONE_00114,voice
CALL_010915,2023-11-11,PERSON_00115,PERSON_00164,873,PHONE_00115,missed
CALL_010916,2023-04-07,PERSON_00116,PERSON_00193,798,PHONE_00116,voice
CALL_010917,2023-04-02,PERSON_00117,PERSON_00222,367,PHONE_00117,voice
CALL_010918,2022-09-03,PERSON_00118,PERSON_00251,171,PHONE_00118,voice
CALL_010919,2021-12-04,PERSON_00119,PERSON_00280,299,PHONE_00119,voice
CALL_010920,2023-05-25,PERSON_00120,PERSON_00309,118,PHONE_00120,voice
CALL_010921,2023-03-03,PERSON_00121,PERSON_00338,563,PHONE_00121,voice
CALL_010922,2025-08-14,PERSON_00122,PERSON_00367,465,PHONE_00122,voice
CALL_010923,2022-03-19,PERSON_00123,PERSON_00396,75,PHONE_00123,missed
CALL_010924,2021-03-03,PERSON_00124,PERSON_00425,585,PHONE_00124,missed
CALL_010925,2022-11-04,PERSON_00125,PERSON_00004,248,PHONE_00125,voice
CALL_010926,2022-08-26,PERSON_00126,PERSON_00442,158,PHONE_00126,voice
CALL_010927,2021-04-11,PERSON_00127,PERSON_00062,346,PHONE_00127,missed
CALL_010928,2023-10-23,PERSON_00128,PERSON_00091,500,PHONE_00128,voice
CALL_010929,2023-04-11,PERSON_00129,PERSON_00120,528,PHONE_00129,missed
CALL_010930,2025-10-21,PERSON_00130,PERSON_00149,284,PHONE_00130,voice
CALL_010931,2024-02-06,PERSON_00131,PERSON_00178,87,PHONE_00131,missed
CALL_010932,2024-03-26,PERSON_00132,PERSON_00207,891,PHONE_00132,missed
CALL_010933,2024-07-02,PERSON_00133,PERSON_00236,318,PHONE_00133,missed
CALL_010934,2022-01-09,PERSON_00134,PERSON_00265,422,PHONE_00134,voice
CALL_010935,2021-04-17,PERSON_00135,PERSON_00294,467,PHONE_00135,voice
CALL_010936,2024-08-19,PERSON_00136,PERSON_00323,277,PHONE_00136,missed
CALL_010937,2023-08-28,PERSON_00137,PERSON_00352,782,PHONE_00137,missed
CALL_010938,2022-11-29,PERSON_00138,PERSON_00381,482,PHONE_00138,voice
CALL_010939,2022-09-05,PERSON_00139,PERSON_00410,775,PHONE_00139,missed
CALL_010940,2023-09-18,PERSON_00140,PERSON_00439,665,PHONE_00140,voice
CALL_010941,2023-04-02,PERSON_00141,PERSON_00411,136,PHONE_00141,missed
CALL_010942,2021-10-30,PERSON_00142,PERSON_00047,390,PHONE_00142,missed
CALL_010943,2024-07-13,PERSON_00143,PERSON_00076,154,PHONE_00143,voice
CALL_010944,2025-03-17,PERSON_00144,PERSON_00105,787,PHONE_00144,missed
CALL_010945,2023-10-28,PERSON_00145,PERSON_00134,485,PHONE_00145,missed
CALL_010946,2023-11-06,PERSON_00146,PERSON_00163,449,PHONE_00146,voice
CALL_010947,2022-04-19,PERSON_00147,PERSON_00192,654,PHONE_00147,missed
CALL_010948,2026-04-10,PERSON_00148,PERSON_00221,884,PHONE_00148,voice
CALL_010949,2023-07-20,PERSON_00149,PERSON_00250,817,PHONE_00149,voice
CALL_010950,2024-09-20,PERSON_00150,PERSON_00279,261,PHONE_00150,voice
CALL_010951,2024-09-23,PERSON_00151,PERSON_00308,453,PHONE_00151,missed
CALL_010952,2022-06-18,PERSON_00152,PERSON_00337,821,PHONE_00152,voice
CALL_010953,2025-01-28,PERSON_00153,PERSON_00366,670,PHONE_00153,voice
CALL_010954,2023-11-03,PERSON_00154,PERSON_00395,779,PHONE_00154,voice
CALL_010955,2022-10-18,PERSON_00155,PERSON_00424,303,PHONE_00155,missed
CALL_010956,2023-01-19,PERSON_00156,PERSON_00344,92,PHONE_00156,voice
CALL_010957,2024-08-29,PERSON_00157,PERSON_00032,820,PHONE_00157,voice
CALL_010958,2024-07-03,PERSON_00158,PERSON_00061,895,PHONE_00158,voice
CALL_010959,2024-11-03,PERSON_00159,PERSON_00090,749,PHONE_00159,voice
CALL_010960,2025-08-31,PERSON_00160,PERSON_00119,675,PHONE_00160,voice
CALL_010961,2021-03-17,PERSON_00161,PERSON_00101,48,PHONE_00161,missed
CALL_010962,2021-09-21,PERSON_00162,PERSON_00177,696,PHONE_00162,missed
CALL_010963,2025-11-10,PERSON_00163,PERSON_00206,670,PHONE_00163,missed
CALL_010964,2025-06-12,PERSON_00164,PERSON_00235,81,PHONE_00164,voice
CALL_010965,2026-05-02,PERSON_00165,PERSON_00264,494,PHONE_00165,voice
CALL_010966,2023-06-30,PERSON_00166,PERSON_00240,76,PHONE_00166,voice
CALL_010967,2024-03-31,PERSON_00167,PERSON_00322,745,PHONE_00167,voice
CALL_010968,2021-10-09,PERSON_00168,PERSON_00351,451,PHONE_00168,voice
CALL_010969,2023-09-30,PERSON_00169,PERSON_00380,155,PHONE_00169,voice
CALL_010970,2021-09-26,PERSON_00170,PERSON_00409,548,PHONE_00170,missed
CALL_010971,2021-06-18,PERSON_00171,PERSON_00171,102,PHONE_00171,missed
CALL_010972,2025-07-24,PERSON_00172,PERSON_00017,84,PHONE_00172,voice
CALL_010973,2022-06-10,PERSON_00173,PERSON_00046,832,PHONE_00173,missed
CALL_010974,2025-08-05,PERSON_00174,PERSON_00075,196,PHONE_00174,missed
CALL_010975,2024-11-14,PERSON_00175,PERSON_00104,231,PHONE_00175,voice
CALL_010976,2021-06-27,PERSON_00176,PERSON_00133,77,PHONE_00176,missed
CALL_010977,2025-06-05,PERSON_00177,PERSON_00162,740,PHONE_00177,voice
CALL_010978,2026-02-23,PERSON_00178,PERSON_00191,788,PHONE_00178,voice
CALL_010979,2023-09-03,PERSON_00179,PERSON_00220,627,PHONE_00179,missed
CALL_010980,2025-07-14,PERSON_00180,PERSON_00249,834,PHONE_00180,voice
CALL_010981,2024-04-12,PERSON_00181,PERSON_00278,99,PHONE_00181,voice
CALL_010982,2022-05-05,PERSON_00182,PERSON_00307,433,PHONE_00182,voice
CALL_010983,2026-04-08,PERSON_00183,PERSON_00336,197,PHONE_00183,voice
CALL_010984,2025-05-01,PERSON_00184,PERSON_00365,26,PHONE_00184,missed
CALL_010985,2026-01-23,PERSON_00185,PERSON_00394,709,PHONE_00185,voice
CALL_010986,2024-03-05,PERSON_00186,PERSON_00423,474,PHONE_00186,voice
CALL_010987,2025-12-31,PERSON_00187,PERSON_00002,113,PHONE_00187,missed
CALL_010988,2024-07-21,PERSON_00188,PERSON_00031,124,PHONE_00188,voice
CALL_010989,2024-12-23,PERSON_00189,PERSON_00060,284,PHONE_00189,voice
CALL_010990,2023-02-02,PERSON_00190,PERSON_00089,137,PHONE_00190,missed
CALL_010991,2025-09-25,PERSON_00191,PERSON_00411,159,PHONE_00191,voice
CALL_010992,2023-03-30,PERSON_00192,PERSON_00147,97,PHONE_00192,voice
CALL_010993,2025-09-08,PERSON_00193,PERSON_00176,244,PHONE_00193,voice
CALL_010994,2023-08-30,PERSON_00194,PERSON_00205,80,PHONE_00194,missed
CALL_010995,2022-04-04,PERSON_00195,PERSON_00234,782,PHONE_00195,missed
CALL_010996,2022-07-13,PERSON_00196,PERSON_00401,67,PHONE_00196,missed
CALL_010997,2021-01-09,PERSON_00197,PERSON_00292,289,PHONE_00197,voice
CALL_010998,2025-09-02,PERSON_00198,PERSON_00321,65,PHONE_00198,missed
CALL_010999,2021-05-01,PERSON_00199,PERSON_00350,122,PHONE_00199,voice
CALL_011000,2025-04-24,PERSON_00200,PERSON_00379,146,PHONE_00200,voice
CALL_011001,2024-12-21,PERSON_00201,PERSON_00408,631,PHONE_00201,missed
CALL_011002,2026-04-24,PERSON_00202,PERSON_00437,482,PHONE_00202,voice
CALL_011003,2024-05-24,PERSON_00203,PERSON_00016,156,PHONE_00203,voice
CALL_011004,2025-06-02,PERSON_00204,PERSON_00045,494,PHONE_00204,voice
CALL_011005,2022-01-07,PERSON_00205,PERSON_00074,70,PHONE_00205,voice
CALL_011006,2025-11-15,PERSON_00206,PERSON_00103,820,PHONE_00206,voice
CALL_011007,2024-05-27,PERSON_00207,PERSON_00132,585,PHONE_00207,voice
CALL_011008,2022-09-01,PERSON_00208,PERSON_00161,384,PHONE_00208,voice
CALL_011009,2021-06-10,PERSON_00209,PERSON_00190,466,PHONE_00209,missed
CALL_011010,2025-02-22,PERSON_00210,PERSON_00219,735,PHONE_00210,missed
CALL_011011,2024-03-22,PERSON_00211,PERSON_00248,71,PHONE_00211,missed
CALL_011012,2024-02-29,PERSON_00212,PERSON_00277,74,PHONE_00212,voice
CALL_011013,2026-05-08,PERSON_00213,PERSON_00306,591,PHONE_00213,missed
CALL_011014,2021-09-30,PERSON_00214,PERSON_00335,856,PHONE_00214,missed
CALL_011015,2023-07-12,PERSON_00215,PERSON_00364,33,PHONE_00215,voice
CALL_011016,2023-10-08,PERSON_00216,PERSON_00101,151,PHONE_00216,missed
CALL_011017,2021-09-29,PERSON_00217,PERSON_00422,314,PHONE_00217,voice
CALL_011018,2023-09-29,PERSON_00218,PERSON_00001,671,PHONE_00218,voice
CALL_011019,2022-11-26,PERSON_00219,PERSON_00030,579,PHONE_00219,voice
CALL_011020,2025-10-02,PERSON_00220,PERSON_00059,554,PHONE_00220,voice
CALL_011021,2023-10-18,PERSON_00221,PERSON_00074,9,PHONE_00221,voice
CALL_011022,2023-05-28,PERSON_00222,PERSON_00117,563,PHONE_00222,voice
CALL_011023,2021-10-05,PERSON_00223,PERSON_00146,338,PHONE_00223,missed
CALL_011024,2024-12-08,PERSON_00224,PERSON_00175,285,PHONE_00224,missed
CALL_011025,2023-12-28,PERSON_00225,PERSON_00204,777,PHONE_00225,voice
CALL_011026,2023-11-03,PERSON_00226,PERSON_00076,173,PHONE_00226,missed
CALL_011027,2023-01-31,PERSON_00227,PERSON_00262,276,PHONE_00227,missed
CALL_011028,2025-10-16,PERSON_00228,PERSON_00291,242,PHONE_00228,missed
CALL_011029,2024-06-02,PERSON_00229,PERSON_00320,741,PHONE_00229,voice
CALL_011030,2021-01-28,PERSON_00230,PERSON_00349,365,PHONE_00230,missed
CALL_011031,2025-06-30,PERSON_00231,PERSON_00182,153,PHONE_00231,voice
CALL_011032,2024-07-11,PERSON_00232,PERSON_00407,850,PHONE_00232,voice
CALL_011033,2022-04-23,PERSON_00233,PERSON_00436,697,PHONE_00233,missed
CALL_011034,2024-08-06,PERSON_00234,PERSON_00015,83,PHONE_00234,missed
CALL_011035,2024-02-27,PERSON_00235,PERSON_00044,775,PHONE_00235,voice
CALL_011036,2025-12-04,PERSON_00236,PERSON_00073,793,PHONE_00236,missed
CALL_011037,2021-09-13,PERSON_00237,PERSON_00102,575,PHONE_00237,voice
CALL_011038,2023-03-02,PERSON_00238,PERSON_00131,331,PHONE_00238,voice
CALL_011039,2025-01-08,PERSON_00239,PERSON_00160,244,PHONE_00239,voice
CALL_011040,2023-06-14,PERSON_00240,PERSON_00189,451,PHONE_00240,voice
CALL_011041,2025-11-24,PERSON_00241,PERSON_00329,93,PHONE_00241,voice
CALL_011042,2024-01-25,PERSON_00242,PERSON_00247,324,PHONE_00242,voice
CALL_011043,2023-02-01,PERSON_00243,PERSON_00276,509,PHONE_00243,voice
CALL_011044,2025-02-24,PERSON_00244,PERSON_00305,310,PHONE_00244,missed
CALL_011045,2022-08-30,PERSON_00245,PERSON_00334,671,PHONE_00245,missed
CALL_011046,2022-01-01,PERSON_00246,PERSON_00363,460,PHONE_00246,missed
CALL_011047,2022-08-14,PERSON_00247,PERSON_00392,615,PHONE_00247,voice
CALL_011048,2022-07-09,PERSON_00248,PERSON_00421,98,PHONE_00248,missed
CALL_011049,2023-02-19,PERSON_00249,PERSON_00450,79,PHONE_00249,voice
CALL_011050,2024-01-06,PERSON_00250,PERSON_00029,334,PHONE_00250,voice
CALL_011051,2022-09-27,PERSON_00251,PERSON_00058,224,PHONE_00251,voice
CALL_011052,2024-07-27,PERSON_00252,PERSON_00087,663,PHONE_00252,voice
CALL_011053,2023-02-23,PERSON_00253,PERSON_00116,703,PHONE_00253,voice
CALL_011054,2025-04-18,PERSON_00254,PERSON_00145,766,PHONE_00254,voice
CALL_011055,2021-11-17,PERSON_00255,PERSON_00174,187,PHONE_00255,voice
CALL_011056,2022-10-16,PERSON_00256,PERSON_00237,175,PHONE_00256,voice
CALL_011057,2024-04-30,PERSON_00257,PERSON_00232,793,PHONE_00257,voice
CALL_011058,2022-09-29,PERSON_00258,PERSON_00261,863,PHONE_00258,missed
CALL_011059,2021-08-07,PERSON_00259,PERSON_00290,587,PHONE_00259,voice
CALL_011060,2023-02-09,PERSON_00260,PERSON_00319,626,PHONE_00260,missed
CALL_011061,2025-01-25,PERSON_00261,PERSON_00348,853,PHONE_00261,voice
CALL_011062,2022-02-07,PERSON_00262,PERSON_00377,127,PHONE_00262,voice
CALL_011063,2023-10-22,PERSON_00263,PERSON_00406,187,PHONE_00263,missed
CALL_011064,2025-05-12,PERSON_00264,PERSON_00435,404,PHONE_00264,voice
CALL_011065,2024-08-13,PERSON_00265,PERSON_00014,466,PHONE_00265,voice
CALL_011066,2022-05-30,PERSON_00266,PERSON_00043,621,PHONE_00266,voice
CALL_011067,2023-03-09,PERSON_00267,PERSON_00072,55,PHONE_00267,voice
CALL_011068,2024-05-08,PERSON_00268,PERSON_00101,757,PHONE_00268,voice
CALL_011069,2023-09-26,PERSON_00269,PERSON_00130,278,PHONE_00269,voice
CALL_011070,2024-09-09,PERSON_00270,PERSON_00159,758,PHONE_00270,missed
CALL_011071,2024-12-12,PERSON_00271,PERSON_00179,107,PHONE_00271,voice
CALL_011072,2023-08-23,PERSON_00272,PERSON_00217,850,PHONE_00272,voice
CALL_011073,2023-05-19,PERSON_00273,PERSON_00246,469,PHONE_00273,voice
CALL_011074,2023-11-17,PERSON_00274,PERSON_00275,518,PHONE_00274,missed
CALL_011075,2022-10-24,PERSON_00275,PERSON_00304,521,PHONE_00275,missed
CALL_011076,2024-11-29,PERSON_00276,PERSON_00333,544,PHONE_00276,voice
CALL_011077,2022-10-24,PERSON_00277,PERSON_00362,842,PHONE_00277,voice
CALL_011078,2021-01-06,PERSON_00278,PERSON_00391,709,PHONE_00278,voice
CALL_011079,2021-02-11,PERSON_00279,PERSON_00420,329,PHONE_00279,voice
CALL_011080,2022-07-12,PERSON_00280,PERSON_00449,557,PHONE_00280,missed
CALL_011081,2022-01-22,PERSON_00281,PERSON_00028,41,PHONE_00281,voice
CALL_011082,2025-05-24,PERSON_00282,PERSON_00057,203,PHONE_00282,voice
CALL_011083,2021-10-25,PERSON_00283,PERSON_00086,407,PHONE_00283,voice
CALL_011084,2021-09-24,PERSON_00284,PERSON_00115,397,PHONE_00284,voice
CALL_011085,2024-08-24,PERSON_00285,PERSON_00144,583,PHONE_00285,voice
CALL_011086,2026-05-31,PERSON_00286,PERSON_00220,168,PHONE_00286,voice
CALL_011087,2024-10-08,PERSON_00287,PERSON_00202,868,PHONE_00287,voice
CALL_011088,2025-08-08,PERSON_00288,PERSON_00231,337,PHONE_00288,voice
CALL_011089,2025-11-13,PERSON_00289,PERSON_00260,614,PHONE_00289,missed
CALL_011090,2023-05-08,PERSON_00290,PERSON_00289,867,PHONE_00290,voice
CALL_011091,2021-07-14,PERSON_00291,PERSON_00209,89,PHONE_00291,voice
CALL_011092,2023-06-15,PERSON_00292,PERSON_00347,57,PHONE_00292,missed
CALL_011093,2022-06-05,PERSON_00293,PERSON_00376,313,PHONE_00293,voice
CALL_011094,2021-06-03,PERSON_00294,PERSON_00405,507,PHONE_00294,voice
CALL_011095,2021-04-10,PERSON_00295,PERSON_00434,501,PHONE_00295,voice
CALL_011096,2024-05-20,PERSON_00296,PERSON_00013,838,PHONE_00296,voice
CALL_011097,2023-12-07,PERSON_00297,PERSON_00042,759,PHONE_00297,voice
CALL_011098,2025-12-28,PERSON_00298,PERSON_00071,143,PHONE_00298,voice
CALL_011099,2021-07-28,PERSON_00299,PERSON_00100,489,PHONE_00299,missed
CALL_011100,2025-11-17,PERSON_00300,PERSON_00129,222,PHONE_00300,missed
CALL_011101,2021-02-09,PERSON_00301,PERSON_00076,158,PHONE_00301,voice
CALL_011102,2021-04-23,PERSON_00302,PERSON_00187,730,PHONE_00302,voice
CALL_011103,2024-08-26,PERSON_00303,PERSON_00216,344,PHONE_00303,missed
CALL_011104,2026-04-22,PERSON_00304,PERSON_00245,190,PHONE_00304,voice
CALL_011105,2026-05-17,PERSON_00305,PERSON_00274,62,PHONE_00305,voice
CALL_011106,2024-12-06,PERSON_00306,PERSON_00303,863,PHONE_00306,voice
CALL_011107,2022-10-07,PERSON_00307,PERSON_00332,231,PHONE_00307,missed
CALL_011108,2025-06-03,PERSON_00308,PERSON_00361,754,PHONE_00308,missed
CALL_011109,2021-04-11,PERSON_00309,PERSON_00390,230,PHONE_00309,voice
CALL_011110,2024-08-01,PERSON_00310,PERSON_00419,812,PHONE_00310,voice
CALL_011111,2023-10-19,PERSON_00311,PERSON_00448,141,PHONE_00311,missed
CALL_011112,2022-02-11,PERSON_00312,PERSON_00027,423,PHONE_00312,voice
CALL_011113,2023-08-16,PERSON_00313,PERSON_00056,743,PHONE_00313,missed
CALL_011114,2022-02-13,PERSON_00314,PERSON_00085,502,PHONE_00314,missed
CALL_011115,2024-02-01,PERSON_00315,PERSON_00114,641,PHONE_00315,missed
CALL_011116,2021-01-04,PERSON_00316,PERSON_00143,632,PHONE_00316,voice
CALL_011117,2023-07-20,PERSON_00317,PERSON_00172,662,PHONE_00317,voice
CALL_011118,2021-09-09,PERSON_00318,PERSON_00201,393,PHONE_00318,missed
CALL_011119,2021-12-28,PERSON_00319,PERSON_00230,170,PHONE_00319,voice
CALL_011120,2021-06-25,PERSON_00320,PERSON_00259,680,PHONE_00320,missed
CALL_011121,2024-09-29,PERSON_00321,PERSON_00030,150,PHONE_00321,missed
CALL_011122,2025-02-08,PERSON_00322,PERSON_00317,432,PHONE_00322,voice
CALL_011123,2024-10-06,PERSON_00323,PERSON_00346,295,PHONE_00323,missed
CALL_011124,2023-03-20,PERSON_00324,PERSON_00375,590,PHONE_00324,voice
CALL_011125,2024-03-17,PERSON_00325,PERSON_00404,138,PHONE_00325,voice
CALL_011126,2021-02-06,PERSON_00326,PERSON_00433,141,PHONE_00326,voice
CALL_011127,2023-08-31,PERSON_00327,PERSON_00012,721,PHONE_00327,missed
CALL_011128,2025-11-28,PERSON_00328,PERSON_00041,895,PHONE_00328,missed
CALL_011129,2021-01-25,PERSON_00329,PERSON_00070,584,PHONE_00329,voice
CALL_011130,2025-11-01,PERSON_00330,PERSON_00099,374,PHONE_00330,voice
CALL_011131,2024-07-08,PERSON_00331,PERSON_00370,98,PHONE_00331,voice
CALL_011132,2024-06-21,PERSON_00332,PERSON_00157,329,PHONE_00332,missed
CALL_011133,2021-10-26,PERSON_00333,PERSON_00186,24,PHONE_00333,voice
CALL_011134,2026-03-07,PERSON_00334,PERSON_00215,517,PHONE_00334,voice
CALL_011135,2022-10-20,PERSON_00335,PERSON_00244,53,PHONE_00335,missed
CALL_011136,2026-04-27,PERSON_00336,PERSON_00110,161,PHONE_00336,voice
CALL_011137,2021-10-02,PERSON_00337,PERSON_00302,249,PHONE_00337,voice
CALL_011138,2025-05-24,PERSON_00338,PERSON_00331,260,PHONE_00338,voice
CALL_011139,2023-04-19,PERSON_00339,PERSON_00360,430,PHONE_00339,missed
CALL_011140,2022-01-18,PERSON_00340,PERSON_00389,496,PHONE_00340,voice
CALL_011141,2024-04-22,PERSON_00341,PERSON_00418,302,PHONE_00341,voice
CALL_011142,2022-03-08,PERSON_00342,PERSON_00447,839,PHONE_00342,missed
CALL_011143,2025-04-05,PERSON_00343,PERSON_00026,109,PHONE_00343,missed
CALL_011144,2025-06-15,PERSON_00344,PERSON_00055,99,PHONE_00344,voice
CALL_011145,2022-05-30,PERSON_00345,PERSON_00084,566,PHONE_00345,voice
CALL_011146,2023-11-27,PERSON_00346,PERSON_00113,265,PHONE_00346,missed
CALL_011147,2026-02-07,PERSON_00347,PERSON_00142,687,PHONE_00347,voice
CALL_011148,2022-12-13,PERSON_00348,PERSON_00171,700,PHONE_00348,missed
CALL_011149,2021-07-28,PERSON_00349,PERSON_00200,169,PHONE_00349,missed
CALL_011150,2024-07-27,PERSON_00350,PERSON_00229,35,PHONE_00350,missed
CALL_011151,2024-01-25,PERSON_00351,PERSON_00258,450,PHONE_00351,voice
CALL_011152,2024-12-06,PERSON_00352,PERSON_00287,841,PHONE_00352,voice
CALL_011153,2023-10-20,PERSON_00353,PERSON_00316,749,PHONE_00353,missed
CALL_011154,2025-01-08,PERSON_00354,PERSON_00345,897,PHONE_00354,voice
CALL_011155,2022-02-26,PERSON_00355,PERSON_00374,879,PHONE_00355,voice
CALL_011156,2021-07-29,PERSON_00356,PERSON_00403,637,PHONE_00356,missed
CALL_011157,2022-12-25,PERSON_00357,PERSON_00432,266,PHONE_00357,voice
CALL_011158,2023-12-31,PERSON_00358,PERSON_00011,152,PHONE_00358,missed
CALL_011159,2025-01-25,PERSON_00359,PERSON_00040,702,PHONE_00359,missed
CALL_011160,2024-06-21,PERSON_00360,PERSON_00069,478,PHONE_00360,missed
CALL_011161,2021-06-06,PERSON_00361,PERSON_00098,773,PHONE_00361,missed
CALL_011162,2022-03-10,PERSON_00362,PERSON_00127,599,PHONE_00362,missed
CALL_011163,2023-11-27,PERSON_00363,PERSON_00156,587,PHONE_00363,missed
CALL_011164,2026-02-19,PERSON_00364,PERSON_00185,319,PHONE_00364,voice
CALL_011165,2025-05-22,PERSON_00365,PERSON_00214,698,PHONE_00365,voice
CALL_011166,2025-12-29,PERSON_00366,PERSON_00156,98,PHONE_00366,missed
CALL_011167,2022-02-25,PERSON_00367,PERSON_00272,617,PHONE_00367,voice
CALL_011168,2021-12-09,PERSON_00368,PERSON_00301,568,PHONE_00368,missed
CALL_011169,2025-09-12,PERSON_00369,PERSON_00330,462,PHONE_00369,missed
CALL_011170,2023-02-28,PERSON_00370,PERSON_00359,636,PHONE_00370,voice
CALL_011171,2025-07-25,PERSON_00371,PERSON_00350,60,PHONE_00371,voice
CALL_011172,2021-07-22,PERSON_00372,PERSON_00417,755,PHONE_00372,voice
CALL_011173,2025-09-13,PERSON_00373,PERSON_00446,368,PHONE_00373,missed
CALL_011174,2021-05-09,PERSON_00374,PERSON_00025,800,PHONE_00374,missed
CALL_011175,2025-01-02,PERSON_00375,PERSON_00054,823,PHONE_00375,missed
CALL_011176,2022-01-08,PERSON_00376,PERSON_00240,23,PHONE_00376,voice
CALL_011177,2023-09-24,PERSON_00377,PERSON_00112,677,PHONE_00377,missed
CALL_011178,2026-03-24,PERSON_00378,PERSON_00141,900,PHONE_00378,missed
CALL_011179,2021-04-22,PERSON_00379,PERSON_00170,782,PHONE_00379,voice
CALL_011180,2025-02-25,PERSON_00380,PERSON_00199,750,PHONE_00380,voice
CALL_011181,2024-06-18,PERSON_00381,PERSON_00300,76,PHONE_00381,voice
CALL_011182,2026-02-27,PERSON_00382,PERSON_00257,241,PHONE_00382,missed
CALL_011183,2022-03-28,PERSON_00383,PERSON_00286,722,PHONE_00383,voice
CALL_011184,2024-06-26,PERSON_00384,PERSON_00315,418,PHONE_00384,voice
CALL_011185,2023-02-28,PERSON_00385,PERSON_00344,679,PHONE_00385,voice
CALL_011186,2025-06-07,PERSON_00386,PERSON_00373,147,PHONE_00386,missed
CALL_011187,2022-01-01,PERSON_00387,PERSON_00402,590,PHONE_00387,missed
CALL_011188,2022-11-03,PERSON_00388,PERSON_00431,744,PHONE_00388,missed
CALL_011189,2022-03-12,PERSON_00389,PERSON_00010,483,PHONE_00389,missed
CALL_011190,2026-04-28,PERSON_00390,PERSON_00039,223,PHONE_00390,voice
CALL_011191,2021-07-29,PERSON_00391,PERSON_00389,81,PHONE_00391,voice
CALL_011192,2024-06-28,PERSON_00392,PERSON_00097,760,PHONE_00392,voice
CALL_011193,2022-08-19,PERSON_00393,PERSON_00126,770,PHONE_00393,voice
CALL_011194,2021-01-01,PERSON_00394,PERSON_00155,643,PHONE_00394,missed
CALL_011195,2023-06-30,PERSON_00395,PERSON_00184,233,PHONE_00395,missed
CALL_011196,2021-10-10,PERSON_00396,PERSON_00213,785,PHONE_00396,missed
CALL_011197,2024-08-27,PERSON_00397,PERSON_00242,509,PHONE_00397,voice
CALL_011198,2026-05-11,PERSON_00398,PERSON_00271,150,PHONE_00398,missed
CALL_011199,2021-11-29,PERSON_00399,PERSON_00300,48,PHONE_00399,missed
CALL_011200,2024-07-22,PERSON_00400,PERSON_00329,253,PHONE_00400,voice
CALL_011201,2026-04-11,PERSON_00401,PERSON_00134,176,PHONE_00401,missed
CALL_011202,2026-05-30,PERSON_00402,PERSON_00387,231,PHONE_00402,voice
CALL_011203,2023-10-22,PERSON_00403,PERSON_00416,319,PHONE_00403,missed
CALL_011204,2023-07-25,PERSON_00404,PERSON_00445,54,PHONE_00404,missed
CALL_011205,2023-08-06,PERSON_00405,PERSON_00024,321,PHONE_00405,voice
CALL_011206,2026-01-03,PERSON_00406,PERSON_00401,159,PHONE_00406,missed
CALL_011207,2024-04-22,PERSON_00407,PERSON_00082,585,PHONE_00407,missed
CALL_011208,2025-09-15,PERSON_00408,PERSON_00111,295,PHONE_00408,voice
CALL_011209,2026-03-13,PERSON_00409,PERSON_00140,41,PHONE_00409,voice
CALL_011210,2021-11-19,PERSON_00410,PERSON_00169,760,PHONE_00410,missed
CALL_011211,2023-12-25,PERSON_00411,PERSON_00018,19,PHONE_00411,missed
CALL_011212,2025-09-24,PERSON_00412,PERSON_00227,188,PHONE_00412,missed
CALL_011213,2024-04-22,PERSON_00413,PERSON_00256,720,PHONE_00413,voice
CALL_011214,2024-01-05,PERSON_00414,PERSON_00285,417,PHONE_00414,voice
CALL_011215,2022-05-18,PERSON_00415,PERSON_00314,348,PHONE_00415,voice
CALL_011216,2025-10-20,PERSON_00416,PERSON_00343,587,PHONE_00416,missed
CALL_011217,2021-07-10,PERSON_00417,PERSON_00372,723,PHONE_00417,voice
CALL_011218,2022-06-23,PERSON_00418,PERSON_00401,514,PHONE_00418,missed
CALL_011219,2023-05-03,PERSON_00419,PERSON_00430,296,PHONE_00419,missed
CALL_011220,2024-01-01,PERSON_00420,PERSON_00009,87,PHONE_00420,missed
CALL_011221,2025-08-06,PERSON_00421,PERSON_00038,85,PHONE_00421,voice
CALL_011222,2024-11-10,PERSON_00422,PERSON_00067,619,PHONE_00422,voice
CALL_011223,2021-11-27,PERSON_00423,PERSON_00096,218,PHONE_00423,voice
CALL_011224,2024-04-20,PERSON_00424,PERSON_00125,892,PHONE_00424,missed
CALL_011225,2022-08-20,PERSON_00425,PERSON_00154,133,PHONE_00425,missed
CALL_011226,2024-03-08,PERSON_00426,PERSON_00183,523,PHONE_00426,voice
CALL_011227,2022-04-03,PERSON_00427,PERSON_00212,604,PHONE_00427,voice
CALL_011228,2024-09-30,PERSON_00428,PERSON_00241,628,PHONE_00428,voice
CALL_011229,2022-08-28,PERSON_00429,PERSON_00270,422,PHONE_00429,voice
CALL_011230,2021-02-09,PERSON_00430,PERSON_00299,224,PHONE_00430,voice
CALL_011231,2024-04-01,PERSON_00431,PERSON_00328,65,PHONE_00431,voice
CALL_011232,2023-02-24,PERSON_00432,PERSON_00357,613,PHONE_00432,missed
CALL_011233,2024-11-20,PERSON_00433,PERSON_00386,146,PHONE_00433,voice
CALL_011234,2024-05-30,PERSON_00434,PERSON_00415,104,PHONE_00434,voice
CALL_011235,2026-05-15,PERSON_00435,PERSON_00444,494,PHONE_00435,voice
CALL_011236,2026-01-20,PERSON_00436,PERSON_00355,66,PHONE_00436,missed
CALL_011237,2025-12-22,PERSON_00437,PERSON_00052,334,PHONE_00437,voice
CALL_011238,2022-01-14,PERSON_00438,PERSON_00081,696,PHONE_00438,voice
CALL_011239,2023-12-09,PERSON_00439,PERSON_00110,558,PHONE_00439,voice
CALL_011240,2022-11-05,PERSON_00440,PERSON_00139,471,PHONE_00440,missed
CALL_011241,2024-04-17,PERSON_00441,PERSON_00168,537,PHONE_00441,voice
CALL_011242,2026-05-10,PERSON_00442,PERSON_00197,80,PHONE_00442,missed
CALL_011243,2026-02-24,PERSON_00443,PERSON_00226,825,PHONE_00443,missed
CALL_011244,2024-12-30,PERSON_00444,PERSON_00255,710,PHONE_00444,voice
CALL_011245,2024-11-15,PERSON_00445,PERSON_00284,164,PHONE_00445,missed
CALL_011246,2023-12-20,PERSON_00446,PERSON_00313,534,PHONE_00446,missed
CALL_011247,2026-02-20,PERSON_00447,PERSON_00342,559,PHONE_00447,voice
CALL_011248,2026-02-06,PERSON_00448,PERSON_00371,436,PHONE_00448,missed
CALL_011249,2025-08-10,PERSON_00449,PERSON_00400,896,PHONE_00449,missed
CALL_011250,2023-04-06,PERSON_00450,PERSON_00429,746,PHONE_00450,voice
CALL_011251,2026-02-01,PERSON_00001,PERSON_00008,173,PHONE_00001,missed
CALL_011252,2021-05-08,PERSON_00002,PERSON_00037,189,PHONE_00002,voice
CALL_011253,2021-02-04,PERSON_00003,PERSON_00066,23,PHONE_00003,voice
CALL_011254,2021-04-15,PERSON_00004,PERSON_00095,449,PHONE_00004,voice
CALL_011255,2025-01-20,PERSON_00005,PERSON_00124,416,PHONE_00005,missed
CALL_011256,2026-03-14,PERSON_00006,PERSON_00292,158,PHONE_00006,voice
CALL_011257,2025-03-21,PERSON_00007,PERSON_00182,44,PHONE_00007,missed
CALL_011258,2021-06-23,PERSON_00008,PERSON_00211,277,PHONE_00008,missed
CALL_011259,2022-07-15,PERSON_00009,PERSON_00240,353,PHONE_00009,voice
CALL_011260,2021-04-19,PERSON_00010,PERSON_00269,883,PHONE_00010,voice
CALL_011261,2022-09-22,PERSON_00011,PERSON_00298,122,PHONE_00011,missed
CALL_011262,2022-12-22,PERSON_00012,PERSON_00327,194,PHONE_00012,missed
CALL_011263,2023-11-11,PERSON_00013,PERSON_00356,541,PHONE_00013,missed
CALL_011264,2025-07-08,PERSON_00014,PERSON_00385,547,PHONE_00014,voice
CALL_011265,2022-12-23,PERSON_00015,PERSON_00414,643,PHONE_00015,voice
CALL_011266,2021-10-03,PERSON_00016,PERSON_00288,38,PHONE_00016,voice
CALL_011267,2024-02-08,PERSON_00017,PERSON_00022,438,PHONE_00017,voice
CALL_011268,2022-06-23,PERSON_00018,PERSON_00051,58,PHONE_00018,voice
CALL_011269,2023-04-30,PERSON_00019,PERSON_00080,101,PHONE_00019,voice
CALL_011270,2021-08-05,PERSON_00020,PERSON_00109,505,PHONE_00020,voice
CALL_011271,2025-02-14,PERSON_00021,PERSON_00410,103,PHONE_00021,voice
CALL_011272,2025-03-29,PERSON_00022,PERSON_00167,356,PHONE_00022,voice
CALL_011273,2024-03-10,PERSON_00023,PERSON_00196,80,PHONE_00023,missed
CALL_011274,2023-01-26,PERSON_00024,PERSON_00225,519,PHONE_00024,missed
CALL_011275,2024-12-10,PERSON_00025,PERSON_00254,500,PHONE_00025,missed
CALL_011276,2022-04-26,PERSON_00026,PERSON_00283,307,PHONE_00026,voice
CALL_011277,2022-02-18,PERSON_00027,PERSON_00312,197,PHONE_00027,voice
CALL_011278,2023-06-24,PERSON_00028,PERSON_00341,882,PHONE_00028,voice
CALL_011279,2025-06-06,PERSON_00029,PERSON_00370,78,PHONE_00029,voice
CALL_011280,2025-12-03,PERSON_00030,PERSON_00399,428,PHONE_00030,voice
CALL_011281,2024-03-27,PERSON_00031,PERSON_00428,266,PHONE_00031,voice
CALL_011282,2021-07-04,PERSON_00032,PERSON_00007,403,PHONE_00032,voice
CALL_011283,2025-10-05,PERSON_00033,PERSON_00036,245,PHONE_00033,voice
CALL_011284,2022-07-13,PERSON_00034,PERSON_00065,563,PHONE_00034,voice
CALL_011285,2022-10-16,PERSON_00035,PERSON_00094,862,PHONE_00035,voice
CALL_011286,2022-05-01,PERSON_00036,PERSON_00123,516,PHONE_00036,missed
CALL_011287,2022-09-13,PERSON_00037,PERSON_00152,626,PHONE_00037,voice
CALL_011288,2022-11-08,PERSON_00038,PERSON_00181,381,PHONE_00038,missed
CALL_011289,2023-04-25,PERSON_00039,PERSON_00210,106,PHONE_00039,voice
CALL_011290,2021-01-16,PERSON_00040,PERSON_00239,549,PHONE_00040,voice
CALL_011291,2026-03-02,PERSON_00041,PERSON_00268,76,PHONE_00041,missed
CALL_011292,2022-07-05,PERSON_00042,PERSON_00297,672,PHONE_00042,missed
CALL_011293,2025-11-04,PERSON_00043,PERSON_00326,138,PHONE_00043,voice
CALL_011294,2025-05-03,PERSON_00044,PERSON_00355,334,PHONE_00044,missed
CALL_011295,2021-06-21,PERSON_00045,PERSON_00384,514,PHONE_00045,missed
CALL_011296,2025-08-08,PERSON_00046,PERSON_00194,25,PHONE_00046,voice
CALL_011297,2023-11-11,PERSON_00047,PERSON_00442,278,PHONE_00047,missed
CALL_011298,2022-09-06,PERSON_00048,PERSON_00021,747,PHONE_00048,voice
CALL_011299,2024-07-08,PERSON_00049,PERSON_00050,25,PHONE_00049,missed
CALL_011300,2022-11-20,PERSON_00050,PERSON_00079,54,PHONE_00050,voice
CALL_011301,2021-09-25,PERSON_00051,PERSON_00108,348,PHONE_00051,missed
CALL_011302,2021-02-15,PERSON_00052,PERSON_00137,881,PHONE_00052,missed
CALL_011303,2021-07-17,PERSON_00053,PERSON_00166,842,PHONE_00053,missed
CALL_011304,2024-09-01,PERSON_00054,PERSON_00195,861,PHONE_00054,voice
CALL_011305,2021-11-10,PERSON_00055,PERSON_00224,233,PHONE_00055,voice
CALL_011306,2022-08-03,PERSON_00056,PERSON_00253,401,PHONE_00056,voice
CALL_011307,2025-12-19,PERSON_00057,PERSON_00282,808,PHONE_00057,missed
CALL_011308,2024-08-11,PERSON_00058,PERSON_00311,660,PHONE_00058,voice
CALL_011309,2025-09-24,PERSON_00059,PERSON_00340,655,PHONE_00059,voice
CALL_011310,2021-01-13,PERSON_00060,PERSON_00369,162,PHONE_00060,voice
CALL_011311,2026-01-06,PERSON_00061,PERSON_00127,84,PHONE_00061,voice
CALL_011312,2025-10-31,PERSON_00062,PERSON_00427,231,PHONE_00062,voice
CALL_011313,2021-09-30,PERSON_00063,PERSON_00006,489,PHONE_00063,voice
CALL_011314,2026-03-05,PERSON_00064,PERSON_00035,404,PHONE_00064,voice
CALL_011315,2022-08-07,PERSON_00065,PERSON_00064,16,PHONE_00065,voice
CALL_011316,2022-03-29,PERSON_00066,PERSON_00093,690,PHONE_00066,voice
CALL_011317,2022-02-02,PERSON_00067,PERSON_00122,664,PHONE_00067,voice
CALL_011318,2022-10-29,PERSON_00068,PERSON_00151,42,PHONE_00068,voice
CALL_011319,2022-11-28,PERSON_00069,PERSON_00180,468,PHONE_00069,missed
CALL_011320,2025-12-09,PERSON_00070,PERSON_00209,216,PHONE_00070,voice
CALL_011321,2021-06-30,PERSON_00071,PERSON_00238,523,PHONE_00071,voice
CALL_011322,2026-03-06,PERSON_00072,PERSON_00267,142,PHONE_00072,voice
CALL_011323,2025-11-06,PERSON_00073,PERSON_00296,537,PHONE_00073,voice
CALL_011324,2022-12-19,PERSON_00074,PERSON_00325,550,PHONE_00074,missed
CALL_011325,2023-03-09,PERSON_00075,PERSON_00354,504,PHONE_00075,missed
CALL_011326,2024-02-18,PERSON_00076,PERSON_00076,177,PHONE_00076,voice
CALL_011327,2022-02-11,PERSON_00077,PERSON_00412,475,PHONE_00077,voice
CALL_011328,2023-04-22,PERSON_00078,PERSON_00441,686,PHONE_00078,voice
CALL_011329,2021-11-15,PERSON_00079,PERSON_00020,553,PHONE_00079,voice
CALL_011330,2023-04-30,PERSON_00080,PERSON_00049,858,PHONE_00080,voice
CALL_011331,2021-05-02,PERSON_00081,PERSON_00355,111,PHONE_00081,voice
CALL_011332,2023-01-27,PERSON_00082,PERSON_00107,376,PHONE_00082,voice
CALL_011333,2022-11-08,PERSON_00083,PERSON_00136,22,PHONE_00083,voice
CALL_011334,2026-03-02,PERSON_00084,PERSON_00165,456,PHONE_00084,voice
CALL_011335,2021-02-06,PERSON_00085,PERSON_00194,172,PHONE_00085,voice
CALL_011336,2025-05-29,PERSON_00086,PERSON_00287,46,PHONE_00086,voice
CALL_011337,2021-06-05,PERSON_00087,PERSON_00252,334,PHONE_00087,voice
CALL_011338,2023-08-11,PERSON_00088,PERSON_00281,277,PHONE_00088,voice
CALL_011339,2024-06-11,PERSON_00089,PERSON_00310,558,PHONE_00089,missed
CALL_011340,2023-02-26,PERSON_00090,PERSON_00339,547,PHONE_00090,voice
CALL_011341,2025-11-21,PERSON_00091,PERSON_00368,81,PHONE_00091,voice
CALL_011342,2021-07-29,PERSON_00092,PERSON_00397,713,PHONE_00092,voice
CALL_011343,2025-08-20,PERSON_00093,PERSON_00426,390,PHONE_00093,voice
CALL_011344,2025-09-29,PERSON_00094,PERSON_00005,512,PHONE_00094,missed
CALL_011345,2023-08-03,PERSON_00095,PERSON_00034,405,PHONE_00095,voice
CALL_011346,2025-01-19,PERSON_00096,PERSON_00063,465,PHONE_00096,voice
CALL_011347,2023-08-25,PERSON_00097,PERSON_00092,307,PHONE_00097,voice
CALL_011348,2023-03-09,PERSON_00098,PERSON_00121,28,PHONE_00098,voice
CALL_011349,2021-04-26,PERSON_00099,PERSON_00150,314,PHONE_00099,voice
CALL_011350,2024-06-14,PERSON_00100,PERSON_00179,608,PHONE_00100,voice
CALL_011351,2022-12-16,PERSON_00101,PERSON_00171,136,PHONE_00101,missed
CALL_011352,2023-06-11,PERSON_00102,PERSON_00237,823,PHONE_00102,voice
CALL_011353,2026-05-22,PERSON_00103,PERSON_00266,540,PHONE_00103,voice
CALL_011354,2024-09-21,PERSON_00104,PERSON_00295,296,PHONE_00104,voice
CALL_011355,2023-07-08,PERSON_00105,PERSON_00324,837,PHONE_00105,voice
CALL_011356,2022-08-31,PERSON_00106,PERSON_00219,32,PHONE_00106,voice
CALL_011357,2023-06-10,PERSON_00107,PERSON_00382,147,PHONE_00107,voice
CALL_011358,2021-03-05,PERSON_00108,PERSON_00411,836,PHONE_00108,voice
CALL_011359,2025-03-10,PERSON_00109,PERSON_00440,687,PHONE_00109,voice
CALL_011360,2024-03-08,PERSON_00110,PERSON_00019,51,PHONE_00110,missed
CALL_011361,2026-06-03,PERSON_00111,PERSON_00048,558,PHONE_00111,voice
CALL_011362,2021-09-12,PERSON_00112,PERSON_00077,847,PHONE_00112,missed
CALL_011363,2025-06-26,PERSON_00113,PERSON_00106,301,PHONE_00113,missed
CALL_011364,2025-03-15,PERSON_00114,PERSON_00135,866,PHONE_00114,voice
CALL_011365,2026-04-01,PERSON_00115,PERSON_00164,468,PHONE_00115,missed
CALL_011366,2026-03-01,PERSON_00116,PERSON_00193,463,PHONE_00116,voice
CALL_011367,2021-01-03,PERSON_00117,PERSON_00222,262,PHONE_00117,voice
CALL_011368,2022-03-20,PERSON_00118,PERSON_00251,840,PHONE_00118,missed
CALL_011369,2025-09-29,PERSON_00119,PERSON_00280,879,PHONE_00119,missed
CALL_011370,2025-03-30,PERSON_00120,PERSON_00309,854,PHONE_00120,missed
CALL_011371,2025-10-09,PERSON_00121,PERSON_00338,79,PHONE_00121,voice
CALL_011372,2025-08-01,PERSON_00122,PERSON_00367,111,PHONE_00122,voice
CALL_011373,2024-01-07,PERSON_00123,PERSON_00396,598,PHONE_00123,voice
CALL_011374,2022-10-26,PERSON_00124,PERSON_00425,486,PHONE_00124,voice
CALL_011375,2022-02-19,PERSON_00125,PERSON_00004,874,PHONE_00125,voice
CALL_011376,2021-04-08,PERSON_00126,PERSON_00318,20,PHONE_00126,voice
CALL_011377,2024-07-21,PERSON_00127,PERSON_00062,424,PHONE_00127,missed
CALL_011378,2025-04-20,PERSON_00128,PERSON_00091,349,PHONE_00128,voice
CALL_011379,2021-05-17,PERSON_00129,PERSON_00120,476,PHONE_00129,voice
CALL_011380,2026-05-19,PERSON_00130,PERSON_00149,800,PHONE_00130,voice
CALL_011381,2025-12-01,PERSON_00131,PERSON_00178,283,PHONE_00131,voice
CALL_011382,2024-07-20,PERSON_00132,PERSON_00207,451,PHONE_00132,voice
CALL_011383,2021-01-27,PERSON_00133,PERSON_00236,396,PHONE_00133,voice
CALL_011384,2023-08-12,PERSON_00134,PERSON_00265,321,PHONE_00134,voice
CALL_011385,2023-04-18,PERSON_00135,PERSON_00294,741,PHONE_00135,voice
CALL_011386,2022-04-29,PERSON_00136,PERSON_00323,116,PHONE_00136,missed
CALL_011387,2023-10-12,PERSON_00137,PERSON_00352,407,PHONE_00137,voice
CALL_011388,2025-05-25,PERSON_00138,PERSON_00381,534,PHONE_00138,voice
CALL_011389,2025-01-26,PERSON_00139,PERSON_00410,17,PHONE_00139,missed
CALL_011390,2022-02-05,PERSON_00140,PERSON_00439,444,PHONE_00140,missed
CALL_011391,2024-12-07,PERSON_00141,PERSON_00394,109,PHONE_00141,voice
CALL_011392,2023-10-13,PERSON_00142,PERSON_00047,721,PHONE_00142,voice
CALL_011393,2026-02-21,PERSON_00143,PERSON_00076,174,PHONE_00143,missed
CALL_011394,2024-06-29,PERSON_00144,PERSON_00105,750,PHONE_00144,voice
CALL_011395,2023-02-15,PERSON_00145,PERSON_00134,717,PHONE_00145,voice
CALL_011396,2024-12-06,PERSON_00146,PERSON_00163,522,PHONE_00146,voice
CALL_011397,2022-12-27,PERSON_00147,PERSON_00192,508,PHONE_00147,missed
CALL_011398,2021-03-27,PERSON_00148,PERSON_00221,821,PHONE_00148,missed
CALL_011399,2022-08-11,PERSON_00149,PERSON_00250,244,PHONE_00149,voice
CALL_011400,2021-09-11,PERSON_00150,PERSON_00279,410,PHONE_00150,missed
CALL_011401,2025-04-26,PERSON_00151,PERSON_00308,666,PHONE_00151,voice
CALL_011402,2021-06-23,PERSON_00152,PERSON_00337,656,PHONE_00152,missed
CALL_011403,2022-01-17,PERSON_00153,PERSON_00366,172,PHONE_00153,voice
CALL_011404,2025-03-30,PERSON_00154,PERSON_00395,786,PHONE_00154,voice
CALL_011405,2025-03-22,PERSON_00155,PERSON_00424,286,PHONE_00155,voice
CALL_011406,2025-05-24,PERSON_00156,PERSON_00244,26,PHONE_00156,missed
CALL_011407,2022-06-06,PERSON_00157,PERSON_00032,350,PHONE_00157,voice
CALL_011408,2021-10-24,PERSON_00158,PERSON_00061,145,PHONE_00158,voice
CALL_011409,2025-08-03,PERSON_00159,PERSON_00090,878,PHONE_00159,voice
CALL_011410,2022-04-08,PERSON_00160,PERSON_00119,753,PHONE_00160,voice
CALL_011411,2023-06-02,PERSON_00161,PERSON_00389,66,PHONE_00161,voice
CALL_011412,2023-12-11,PERSON_00162,PERSON_00177,293,PHONE_00162,missed
CALL_011413,2021-11-02,PERSON_00163,PERSON_00206,395,PHONE_00163,missed
CALL_011414,2023-04-01,PERSON_00164,PERSON_00235,124,PHONE_00164,missed
CALL_011415,2024-03-12,PERSON_00165,PERSON_00264,808,PHONE_00165,voice
CALL_011416,2026-04-28,PERSON_00166,PERSON_00394,17,PHONE_00166,voice
CALL_011417,2022-06-16,PERSON_00167,PERSON_00322,235,PHONE_00167,voice
CALL_011418,2023-08-22,PERSON_00168,PERSON_00351,565,PHONE_00168,missed
CALL_011419,2025-03-14,PERSON_00169,PERSON_00380,438,PHONE_00169,missed
CALL_011420,2021-04-10,PERSON_00170,PERSON_00409,37,PHONE_00170,missed
CALL_011421,2024-07-28,PERSON_00171,PERSON_00127,161,PHONE_00171,voice
CALL_011422,2023-09-07,PERSON_00172,PERSON_00017,560,PHONE_00172,missed
CALL_011423,2022-07-07,PERSON_00173,PERSON_00046,162,PHONE_00173,missed
CALL_011424,2025-09-08,PERSON_00174,PERSON_00075,309,PHONE_00174,voice
CALL_011425,2022-02-14,PERSON_00175,PERSON_00104,314,PHONE_00175,missed
CALL_011426,2025-04-26,PERSON_00176,PERSON_00133,84,PHONE_00176,missed
CALL_011427,2025-05-18,PERSON_00177,PERSON_00162,218,PHONE_00177,missed
CALL_011428,2021-05-01,PERSON_00178,PERSON_00191,45,PHONE_00178,voice
CALL_011429,2023-10-29,PERSON_00179,PERSON_00220,793,PHONE_00179,missed
CALL_011430,2022-08-19,PERSON_00180,PERSON_00249,489,PHONE_00180,voice
CALL_011431,2025-07-30,PERSON_00181,PERSON_00278,696,PHONE_00181,voice
CALL_011432,2022-01-30,PERSON_00182,PERSON_00307,757,PHONE_00182,missed
CALL_011433,2021-03-17,PERSON_00183,PERSON_00336,279,PHONE_00183,voice
CALL_011434,2023-08-11,PERSON_00184,PERSON_00365,737,PHONE_00184,voice
CALL_011435,2021-08-16,PERSON_00185,PERSON_00394,473,PHONE_00185,voice
CALL_011436,2025-07-10,PERSON_00186,PERSON_00423,55,PHONE_00186,missed
CALL_011437,2025-07-23,PERSON_00187,PERSON_00002,89,PHONE_00187,voice
CALL_011438,2025-05-28,PERSON_00188,PERSON_00031,158,PHONE_00188,voice
CALL_011439,2024-01-19,PERSON_00189,PERSON_00060,440,PHONE_00189,voice
CALL_011440,2021-04-18,PERSON_00190,PERSON_00089,775,PHONE_00190,voice
CALL_011441,2021-12-05,PERSON_00191,PERSON_00340,20,PHONE_00191,voice
CALL_011442,2026-05-01,PERSON_00192,PERSON_00147,385,PHONE_00192,voice
CALL_011443,2024-09-07,PERSON_00193,PERSON_00176,335,PHONE_00193,voice
CALL_011444,2023-07-27,PERSON_00194,PERSON_00205,600,PHONE_00194,voice
CALL_011445,2026-02-23,PERSON_00195,PERSON_00234,23,PHONE_00195,voice
CALL_011446,2025-04-10,PERSON_00196,PERSON_00171,163,PHONE_00196,voice
CALL_011447,2022-11-28,PERSON_00197,PERSON_00292,311,PHONE_00197,voice
CALL_011448,2023-08-19,PERSON_00198,PERSON_00321,360,PHONE_00198,voice
CALL_011449,2025-02-20,PERSON_00199,PERSON_00350,854,PHONE_00199,voice
CALL_011450,2026-02-22,PERSON_00200,PERSON_00379,655,PHONE_00200,voice
CALL_011451,2024-03-31,PERSON_00201,PERSON_00408,364,PHONE_00201,voice
CALL_011452,2021-07-14,PERSON_00202,PERSON_00437,738,PHONE_00202,missed
CALL_011453,2024-12-12,PERSON_00203,PERSON_00016,888,PHONE_00203,voice
CALL_011454,2022-11-16,PERSON_00204,PERSON_00045,82,PHONE_00204,voice
CALL_011455,2021-11-09,PERSON_00205,PERSON_00074,362,PHONE_00205,missed
CALL_011456,2022-07-28,PERSON_00206,PERSON_00103,698,PHONE_00206,voice
CALL_011457,2022-10-11,PERSON_00207,PERSON_00132,96,PHONE_00207,voice
CALL_011458,2024-07-14,PERSON_00208,PERSON_00161,65,PHONE_00208,voice
CALL_011459,2023-10-12,PERSON_00209,PERSON_00190,127,PHONE_00209,missed
CALL_011460,2025-11-24,PERSON_00210,PERSON_00219,609,PHONE_00210,voice
CALL_011461,2023-07-03,PERSON_00211,PERSON_00248,502,PHONE_00211,missed
CALL_011462,2022-03-13,PERSON_00212,PERSON_00277,154,PHONE_00212,voice
CALL_011463,2024-09-13,PERSON_00213,PERSON_00306,255,PHONE_00213,voice
CALL_011464,2021-04-10,PERSON_00214,PERSON_00335,659,PHONE_00214,voice
CALL_011465,2026-04-08,PERSON_00215,PERSON_00364,479,PHONE_00215,missed
CALL_011466,2025-12-18,PERSON_00216,PERSON_00429,70,PHONE_00216,voice
CALL_011467,2022-07-25,PERSON_00217,PERSON_00422,191,PHONE_00217,voice
CALL_011468,2025-05-03,PERSON_00218,PERSON_00001,193,PHONE_00218,voice
CALL_011469,2021-01-31,PERSON_00219,PERSON_00030,807,PHONE_00219,missed
CALL_011470,2024-10-10,PERSON_00220,PERSON_00059,242,PHONE_00220,voice
CALL_011471,2026-05-20,PERSON_00221,PERSON_00169,12,PHONE_00221,missed
CALL_011472,2023-12-24,PERSON_00222,PERSON_00117,244,PHONE_00222,missed
CALL_011473,2023-09-12,PERSON_00223,PERSON_00146,739,PHONE_00223,voice
CALL_011474,2026-05-29,PERSON_00224,PERSON_00175,434,PHONE_00224,voice
CALL_011475,2023-11-17,PERSON_00225,PERSON_00204,263,PHONE_00225,voice
CALL_011476,2026-01-24,PERSON_00226,PERSON_00268,118,PHONE_00226,voice
CALL_011477,2024-09-12,PERSON_00227,PERSON_00262,785,PHONE_00227,voice
CALL_011478,2022-06-16,PERSON_00228,PERSON_00291,721,PHONE_00228,missed
CALL_011479,2022-12-21,PERSON_00229,PERSON_00320,154,PHONE_00229,missed
CALL_011480,2021-10-13,PERSON_00230,PERSON_00349,780,PHONE_00230,voice
CALL_011481,2025-05-02,PERSON_00231,PERSON_00240,151,PHONE_00231,voice
CALL_011482,2021-04-23,PERSON_00232,PERSON_00407,647,PHONE_00232,voice
CALL_011483,2024-12-29,PERSON_00233,PERSON_00436,509,PHONE_00233,voice
CALL_011484,2025-05-22,PERSON_00234,PERSON_00015,823,PHONE_00234,voice
CALL_011485,2023-12-31,PERSON_00235,PERSON_00044,242,PHONE_00235,voice
CALL_011486,2022-12-29,PERSON_00236,PERSON_00073,87,PHONE_00236,voice
CALL_011487,2023-07-05,PERSON_00237,PERSON_00102,161,PHONE_00237,voice
CALL_011488,2022-01-02,PERSON_00238,PERSON_00131,68,PHONE_00238,missed
CALL_011489,2023-12-21,PERSON_00239,PERSON_00160,159,PHONE_00239,voice
CALL_011490,2024-05-16,PERSON_00240,PERSON_00189,759,PHONE_00240,voice
CALL_011491,2022-08-21,PERSON_00241,PERSON_00012,78,PHONE_00241,voice
CALL_011492,2022-07-30,PERSON_00242,PERSON_00247,609,PHONE_00242,voice
CALL_011493,2025-07-30,PERSON_00243,PERSON_00276,682,PHONE_00243,voice
CALL_011494,2023-07-31,PERSON_00244,PERSON_00305,658,PHONE_00244,missed
CALL_011495,2025-12-02,PERSON_00245,PERSON_00334,655,PHONE_00245,missed
CALL_011496,2024-11-05,PERSON_00246,PERSON_00363,445,PHONE_00246,voice
CALL_011497,2022-10-28,PERSON_00247,PERSON_00392,655,PHONE_00247,missed
CALL_011498,2025-09-26,PERSON_00248,PERSON_00421,533,PHONE_00248,voice
CALL_011499,2025-04-13,PERSON_00249,PERSON_00450,228,PHONE_00249,voice
CALL_011500,2023-05-27,PERSON_00250,PERSON_00029,125,PHONE_00250,voice
CALL_011501,2021-04-26,PERSON_00251,PERSON_00058,758,PHONE_00251,missed
CALL_011502,2021-05-29,PERSON_00252,PERSON_00087,60,PHONE_00252,voice
CALL_011503,2021-10-17,PERSON_00253,PERSON_00116,822,PHONE_00253,voice
CALL_011504,2026-04-06,PERSON_00254,PERSON_00145,593,PHONE_00254,voice
CALL_011505,2022-08-31,PERSON_00255,PERSON_00174,638,PHONE_00255,missed
CALL_011506,2024-01-23,PERSON_00256,PERSON_00205,80,PHONE_00256,voice
CALL_011507,2025-08-13,PERSON_00257,PERSON_00232,185,PHONE_00257,voice
CALL_011508,2023-08-22,PERSON_00258,PERSON_00261,465,PHONE_00258,voice
CALL_011509,2021-05-06,PERSON_00259,PERSON_00290,306,PHONE_00259,voice
CALL_011510,2021-05-14,PERSON_00260,PERSON_00319,376,PHONE_00260,voice
CALL_011511,2025-02-15,PERSON_00261,PERSON_00348,442,PHONE_00261,missed
CALL_011512,2021-08-25,PERSON_00262,PERSON_00377,623,PHONE_00262,voice
CALL_011513,2023-05-15,PERSON_00263,PERSON_00406,830,PHONE_00263,voice
CALL_011514,2026-01-22,PERSON_00264,PERSON_00435,310,PHONE_00264,voice
CALL_011515,2022-09-14,PERSON_00265,PERSON_00014,163,PHONE_00265,voice
CALL_011516,2022-06-09,PERSON_00266,PERSON_00043,464,PHONE_00266,voice
CALL_011517,2023-11-18,PERSON_00267,PERSON_00072,285,PHONE_00267,voice
CALL_011518,2023-07-07,PERSON_00268,PERSON_00101,532,PHONE_00268,voice
CALL_011519,2026-04-08,PERSON_00269,PERSON_00130,126,PHONE_00269,missed
CALL_011520,2021-10-31,PERSON_00270,PERSON_00159,245,PHONE_00270,voice
CALL_011521,2021-09-14,PERSON_00271,PERSON_00018,173,PHONE_00271,missed
CALL_011522,2023-03-25,PERSON_00272,PERSON_00217,486,PHONE_00272,voice
CALL_011523,2025-01-21,PERSON_00273,PERSON_00246,565,PHONE_00273,voice
CALL_011524,2026-05-09,PERSON_00274,PERSON_00275,746,PHONE_00274,voice
CALL_011525,2025-12-09,PERSON_00275,PERSON_00304,500,PHONE_00275,voice
CALL_011526,2025-08-29,PERSON_00276,PERSON_00333,41,PHONE_00276,voice
CALL_011527,2024-07-28,PERSON_00277,PERSON_00362,795,PHONE_00277,voice
CALL_011528,2021-12-04,PERSON_00278,PERSON_00391,398,PHONE_00278,missed
CALL_011529,2021-04-24,PERSON_00279,PERSON_00420,118,PHONE_00279,voice
CALL_011530,2025-12-02,PERSON_00280,PERSON_00449,527,PHONE_00280,missed
CALL_011531,2021-12-11,PERSON_00281,PERSON_00028,513,PHONE_00281,voice
CALL_011532,2023-12-30,PERSON_00282,PERSON_00057,827,PHONE_00282,missed
CALL_011533,2021-07-01,PERSON_00283,PERSON_00086,392,PHONE_00283,voice
CALL_011534,2022-12-08,PERSON_00284,PERSON_00115,128,PHONE_00284,voice
CALL_011535,2025-06-01,PERSON_00285,PERSON_00144,874,PHONE_00285,voice
CALL_011536,2025-04-17,PERSON_00286,PERSON_00122,88,PHONE_00286,missed
CALL_011537,2022-08-26,PERSON_00287,PERSON_00202,188,PHONE_00287,voice
CALL_011538,2024-12-01,PERSON_00288,PERSON_00231,643,PHONE_00288,voice
CALL_011539,2026-03-20,PERSON_00289,PERSON_00260,475,PHONE_00289,missed
CALL_011540,2022-12-02,PERSON_00290,PERSON_00289,174,PHONE_00290,missed
CALL_011541,2024-02-28,PERSON_00291,PERSON_00389,167,PHONE_00291,missed
CALL_011542,2024-02-05,PERSON_00292,PERSON_00347,596,PHONE_00292,missed
CALL_011543,2023-03-19,PERSON_00293,PERSON_00376,410,PHONE_00293,voice
CALL_011544,2021-03-22,PERSON_00294,PERSON_00405,594,PHONE_00294,missed
CALL_011545,2021-03-28,PERSON_00295,PERSON_00434,701,PHONE_00295,voice
CALL_011546,2023-12-05,PERSON_00296,PERSON_00013,739,PHONE_00296,voice
CALL_011547,2023-02-14,PERSON_00297,PERSON_00042,27,PHONE_00297,missed
CALL_011548,2025-05-07,PERSON_00298,PERSON_00071,167,PHONE_00298,voice
CALL_011549,2025-04-04,PERSON_00299,PERSON_00100,199,PHONE_00299,voice
CALL_011550,2021-12-23,PERSON_00300,PERSON_00129,881,PHONE_00300,voice
CALL_011551,2021-06-06,PERSON_00301,PERSON_00134,161,PHONE_00301,missed
CALL_011552,2024-11-01,PERSON_00302,PERSON_00187,30,PHONE_00302,voice
CALL_011553,2023-04-22,PERSON_00303,PERSON_00216,331,PHONE_00303,voice
CALL_011554,2021-11-07,PERSON_00304,PERSON_00245,546,PHONE_00304,voice
CALL_011555,2021-05-29,PERSON_00305,PERSON_00274,733,PHONE_00305,missed
CALL_011556,2023-04-12,PERSON_00306,PERSON_00303,872,PHONE_00306,voice
CALL_011557,2025-09-30,PERSON_00307,PERSON_00332,256,PHONE_00307,voice
CALL_011558,2023-07-26,PERSON_00308,PERSON_00361,644,PHONE_00308,missed
CALL_011559,2025-07-10,PERSON_00309,PERSON_00390,718,PHONE_00309,voice
CALL_011560,2022-07-23,PERSON_00310,PERSON_00419,716,PHONE_00310,voice
CALL_011561,2025-02-16,PERSON_00311,PERSON_00448,165,PHONE_00311,voice
CALL_011562,2022-08-30,PERSON_00312,PERSON_00027,52,PHONE_00312,voice
CALL_011563,2022-06-16,PERSON_00313,PERSON_00056,80,PHONE_00313,voice
CALL_011564,2025-04-11,PERSON_00314,PERSON_00085,248,PHONE_00314,voice
CALL_011565,2024-11-07,PERSON_00315,PERSON_00114,496,PHONE_00315,voice
CALL_011566,2024-01-13,PERSON_00316,PERSON_00143,667,PHONE_00316,voice
CALL_011567,2023-08-28,PERSON_00317,PERSON_00172,302,PHONE_00317,voice
CALL_011568,2023-10-07,PERSON_00318,PERSON_00201,521,PHONE_00318,voice
CALL_011569,2022-11-14,PERSON_00319,PERSON_00230,736,PHONE_00319,voice
CALL_011570,2025-07-14,PERSON_00320,PERSON_00259,874,PHONE_00320,voice
CALL_011571,2021-11-01,PERSON_00321,PERSON_00290,119,PHONE_00321,missed
CALL_011572,2025-02-03,PERSON_00322,PERSON_00317,146,PHONE_00322,missed
CALL_011573,2022-05-22,PERSON_00323,PERSON_00346,67,PHONE_00323,voice
CALL_011574,2023-05-14,PERSON_00324,PERSON_00375,627,PHONE_00324,voice
CALL_011575,2025-11-27,PERSON_00325,PERSON_00404,699,PHONE_00325,voice
CALL_011576,2025-09-23,PERSON_00326,PERSON_00433,776,PHONE_00326,voice
CALL_011577,2023-03-30,PERSON_00327,PERSON_00012,541,PHONE_00327,voice
CALL_011578,2023-07-16,PERSON_00328,PERSON_00041,681,PHONE_00328,voice
CALL_011579,2026-06-03,PERSON_00329,PERSON_00070,624,PHONE_00329,voice
CALL_011580,2024-01-03,PERSON_00330,PERSON_00099,807,PHONE_00330,missed
CALL_011581,2023-09-27,PERSON_00331,PERSON_00194,21,PHONE_00331,missed
CALL_011582,2024-12-14,PERSON_00332,PERSON_00157,725,PHONE_00332,voice
CALL_011583,2025-08-25,PERSON_00333,PERSON_00186,855,PHONE_00333,voice
CALL_011584,2024-08-08,PERSON_00334,PERSON_00215,719,PHONE_00334,missed
CALL_011585,2021-07-01,PERSON_00335,PERSON_00244,542,PHONE_00335,missed
CALL_011586,2023-02-19,PERSON_00336,PERSON_00240,180,PHONE_00336,voice
CALL_011587,2021-02-23,PERSON_00337,PERSON_00302,658,PHONE_00337,voice
CALL_011588,2023-10-01,PERSON_00338,PERSON_00331,741,PHONE_00338,missed
CALL_011589,2025-12-29,PERSON_00339,PERSON_00360,863,PHONE_00339,missed
CALL_011590,2021-12-12,PERSON_00340,PERSON_00389,668,PHONE_00340,voice
CALL_011591,2025-07-20,PERSON_00341,PERSON_00418,746,PHONE_00341,voice
CALL_011592,2025-02-26,PERSON_00342,PERSON_00447,84,PHONE_00342,voice
CALL_011593,2026-05-31,PERSON_00343,PERSON_00026,807,PHONE_00343,voice
CALL_011594,2022-03-19,PERSON_00344,PERSON_00055,75,PHONE_00344,voice
CALL_011595,2024-09-18,PERSON_00345,PERSON_00084,437,PHONE_00345,voice
CALL_011596,2026-05-24,PERSON_00346,PERSON_00113,84,PHONE_00346,voice
CALL_011597,2024-08-02,PERSON_00347,PERSON_00142,834,PHONE_00347,voice
CALL_011598,2021-09-22,PERSON_00348,PERSON_00171,248,PHONE_00348,missed
CALL_011599,2025-04-26,PERSON_00349,PERSON_00200,218,PHONE_00349,missed
CALL_011600,2025-01-10,PERSON_00350,PERSON_00229,420,PHONE_00350,voice
CALL_011601,2023-05-18,PERSON_00351,PERSON_00258,620,PHONE_00351,missed
CALL_011602,2025-07-25,PERSON_00352,PERSON_00287,115,PHONE_00352,voice
CALL_011603,2025-04-08,PERSON_00353,PERSON_00316,216,PHONE_00353,voice
CALL_011604,2023-09-30,PERSON_00354,PERSON_00345,585,PHONE_00354,voice
CALL_011605,2026-02-04,PERSON_00355,PERSON_00374,628,PHONE_00355,missed
CALL_011606,2021-06-28,PERSON_00356,PERSON_00403,728,PHONE_00356,missed
CALL_011607,2021-11-21,PERSON_00357,PERSON_00432,233,PHONE_00357,voice
CALL_011608,2024-09-20,PERSON_00358,PERSON_00011,827,PHONE_00358,voice
CALL_011609,2022-01-11,PERSON_00359,PERSON_00040,35,PHONE_00359,voice
CALL_011610,2024-06-09,PERSON_00360,PERSON_00069,714,PHONE_00360,voice
CALL_011611,2022-10-31,PERSON_00361,PERSON_00098,81,PHONE_00361,missed
CALL_011612,2022-05-25,PERSON_00362,PERSON_00127,28,PHONE_00362,missed
CALL_011613,2024-11-27,PERSON_00363,PERSON_00156,744,PHONE_00363,voice
CALL_011614,2023-04-17,PERSON_00364,PERSON_00185,46,PHONE_00364,voice
CALL_011615,2024-03-05,PERSON_00365,PERSON_00214,447,PHONE_00365,voice
CALL_011616,2022-02-14,PERSON_00366,PERSON_00006,27,PHONE_00366,missed
CALL_011617,2024-01-05,PERSON_00367,PERSON_00272,759,PHONE_00367,missed
CALL_011618,2026-02-12,PERSON_00368,PERSON_00301,209,PHONE_00368,voice
CALL_011619,2025-12-07,PERSON_00369,PERSON_00330,154,PHONE_00369,missed
CALL_011620,2021-01-27,PERSON_00370,PERSON_00359,30,PHONE_00370,missed
CALL_011621,2021-09-26,PERSON_00371,PERSON_00244,141,PHONE_00371,voice
CALL_011622,2024-11-14,PERSON_00372,PERSON_00417,627,PHONE_00372,voice
CALL_011623,2023-05-13,PERSON_00373,PERSON_00446,113,PHONE_00373,missed
CALL_011624,2023-09-26,PERSON_00374,PERSON_00025,123,PHONE_00374,voice
CALL_011625,2025-12-29,PERSON_00375,PERSON_00054,223,PHONE_00375,voice
CALL_011626,2024-11-23,PERSON_00376,PERSON_00093,104,PHONE_00376,missed
CALL_011627,2024-06-10,PERSON_00377,PERSON_00112,179,PHONE_00377,voice
CALL_011628,2023-04-13,PERSON_00378,PERSON_00141,281,PHONE_00378,voice
CALL_011629,2024-07-11,PERSON_00379,PERSON_00170,27,PHONE_00379,voice
CALL_011630,2021-10-04,PERSON_00380,PERSON_00199,398,PHONE_00380,missed
CALL_011631,2025-01-21,PERSON_00381,PERSON_00156,16,PHONE_00381,voice
CALL_011632,2022-12-25,PERSON_00382,PERSON_00257,687,PHONE_00382,voice
CALL_011633,2021-08-04,PERSON_00383,PERSON_00286,521,PHONE_00383,voice
CALL_011634,2024-11-17,PERSON_00384,PERSON_00315,123,PHONE_00384,voice
CALL_011635,2021-01-28,PERSON_00385,PERSON_00344,584,PHONE_00385,voice
CALL_011636,2025-12-14,PERSON_00386,PERSON_00373,803,PHONE_00386,missed
CALL_011637,2022-01-18,PERSON_00387,PERSON_00402,579,PHONE_00387,missed
CALL_011638,2025-07-09,PERSON_00388,PERSON_00431,662,PHONE_00388,voice
CALL_011639,2022-02-13,PERSON_00389,PERSON_00010,347,PHONE_00389,voice
CALL_011640,2023-10-29,PERSON_00390,PERSON_00039,518,PHONE_00390,voice
CALL_011641,2024-09-16,PERSON_00391,PERSON_00110,143,PHONE_00391,voice
CALL_011642,2022-04-25,PERSON_00392,PERSON_00097,852,PHONE_00392,voice
CALL_011643,2023-05-02,PERSON_00393,PERSON_00126,476,PHONE_00393,voice
CALL_011644,2021-09-10,PERSON_00394,PERSON_00155,644,PHONE_00394,voice
CALL_011645,2022-02-24,PERSON_00395,PERSON_00184,177,PHONE_00395,missed
CALL_011646,2023-08-27,PERSON_00396,PERSON_00213,715,PHONE_00396,voice
CALL_011647,2025-12-26,PERSON_00397,PERSON_00242,323,PHONE_00397,missed
CALL_011648,2022-09-16,PERSON_00398,PERSON_00271,530,PHONE_00398,voice
CALL_011649,2025-10-29,PERSON_00399,PERSON_00300,498,PHONE_00399,voice
CALL_011650,2021-02-02,PERSON_00400,PERSON_00329,414,PHONE_00400,missed
CALL_011651,2024-12-09,PERSON_00401,PERSON_00288,126,PHONE_00401,voice
CALL_011652,2022-07-06,PERSON_00402,PERSON_00387,386,PHONE_00402,voice
CALL_011653,2021-07-17,PERSON_00403,PERSON_00416,466,PHONE_00403,missed
CALL_011654,2026-01-19,PERSON_00404,PERSON_00445,337,PHONE_00404,missed
CALL_011655,2022-08-21,PERSON_00405,PERSON_00024,182,PHONE_00405,missed
CALL_011656,2023-09-30,PERSON_00406,PERSON_00240,163,PHONE_00406,voice
CALL_011657,2022-11-28,PERSON_00407,PERSON_00082,335,PHONE_00407,missed
CALL_011658,2021-10-01,PERSON_00408,PERSON_00111,315,PHONE_00408,voice
CALL_011659,2021-07-27,PERSON_00409,PERSON_00140,175,PHONE_00409,voice
CALL_011660,2023-07-31,PERSON_00410,PERSON_00169,27,PHONE_00410,voice
CALL_011661,2022-09-01,PERSON_00411,PERSON_00117,89,PHONE_00411,voice
CALL_011662,2024-11-06,PERSON_00412,PERSON_00227,764,PHONE_00412,voice
CALL_011663,2022-12-17,PERSON_00413,PERSON_00256,479,PHONE_00413,voice
CALL_011664,2022-07-20,PERSON_00414,PERSON_00285,546,PHONE_00414,voice
CALL_011665,2025-03-03,PERSON_00415,PERSON_00314,685,PHONE_00415,voice
CALL_011666,2023-04-22,PERSON_00416,PERSON_00343,312,PHONE_00416,missed
CALL_011667,2025-12-24,PERSON_00417,PERSON_00372,670,PHONE_00417,missed
CALL_011668,2022-05-08,PERSON_00418,PERSON_00401,243,PHONE_00418,missed
CALL_011669,2025-09-28,PERSON_00419,PERSON_00430,298,PHONE_00419,voice
CALL_011670,2023-01-11,PERSON_00420,PERSON_00009,271,PHONE_00420,voice
CALL_011671,2024-09-18,PERSON_00421,PERSON_00038,427,PHONE_00421,missed
CALL_011672,2022-02-08,PERSON_00422,PERSON_00067,797,PHONE_00422,missed
CALL_011673,2023-12-24,PERSON_00423,PERSON_00096,586,PHONE_00423,missed
CALL_011674,2024-03-06,PERSON_00424,PERSON_00125,205,PHONE_00424,voice
CALL_011675,2023-06-25,PERSON_00425,PERSON_00154,475,PHONE_00425,voice
CALL_011676,2021-10-04,PERSON_00426,PERSON_00183,338,PHONE_00426,voice
CALL_011677,2021-05-05,PERSON_00427,PERSON_00212,769,PHONE_00427,missed
CALL_011678,2023-12-03,PERSON_00428,PERSON_00241,71,PHONE_00428,missed
CALL_011679,2021-11-19,PERSON_00429,PERSON_00270,493,PHONE_00429,voice
CALL_011680,2024-06-03,PERSON_00430,PERSON_00299,227,PHONE_00430,voice
CALL_011681,2022-01-20,PERSON_00431,PERSON_00328,84,PHONE_00431,voice
CALL_011682,2024-05-11,PERSON_00432,PERSON_00357,878,PHONE_00432,voice
CALL_011683,2023-05-24,PERSON_00433,PERSON_00386,209,PHONE_00433,missed
CALL_011684,2021-07-08,PERSON_00434,PERSON_00415,806,PHONE_00434,voice
CALL_011685,2021-08-20,PERSON_00435,PERSON_00444,712,PHONE_00435,voice
CALL_011686,2023-12-31,PERSON_00436,PERSON_00449,118,PHONE_00436,voice
CALL_011687,2021-02-24,PERSON_00437,PERSON_00052,760,PHONE_00437,voice
CALL_011688,2022-06-07,PERSON_00438,PERSON_00081,488,PHONE_00438,voice
CALL_011689,2024-09-30,PERSON_00439,PERSON_00110,586,PHONE_00439,missed
CALL_011690,2025-09-20,PERSON_00440,PERSON_00139,803,PHONE_00440,voice
CALL_011691,2024-11-27,PERSON_00441,PERSON_00168,721,PHONE_00441,voice
CALL_011692,2021-12-26,PERSON_00442,PERSON_00197,144,PHONE_00442,voice
CALL_011693,2022-08-12,PERSON_00443,PERSON_00226,338,PHONE_00443,voice
CALL_011694,2022-02-16,PERSON_00444,PERSON_00255,778,PHONE_00444,voice
CALL_011695,2022-02-25,PERSON_00445,PERSON_00284,845,PHONE_00445,missed
CALL_011696,2023-11-08,PERSON_00446,PERSON_00313,367,PHONE_00446,missed
CALL_011697,2022-03-29,PERSON_00447,PERSON_00342,600,PHONE_00447,missed
CALL_011698,2026-03-26,PERSON_00448,PERSON_00371,869,PHONE_00448,missed
CALL_011699,2022-08-03,PERSON_00449,PERSON_00400,320,PHONE_00449,voice
CALL_011700,2021-10-26,PERSON_00450,PERSON_00429,740,PHONE_00450,voice
CALL_011701,2021-03-31,PERSON_00001,PERSON_00008,577,PHONE_00001,voice
CALL_011702,2024-04-27,PERSON_00002,PERSON_00037,836,PHONE_00002,voice
CALL_011703,2022-12-02,PERSON_00003,PERSON_00066,819,PHONE_00003,voice
CALL_011704,2023-03-13,PERSON_00004,PERSON_00095,359,PHONE_00004,voice
CALL_011705,2024-11-17,PERSON_00005,PERSON_00124,98,PHONE_00005,voice
CALL_011706,2021-02-20,PERSON_00006,PERSON_00321,13,PHONE_00006,voice
CALL_011707,2024-03-05,PERSON_00007,PERSON_00182,70,PHONE_00007,missed
CALL_011708,2022-01-07,PERSON_00008,PERSON_00211,573,PHONE_00008,missed
CALL_011709,2021-07-03,PERSON_00009,PERSON_00240,316,PHONE_00009,voice
CALL_011710,2026-03-02,PERSON_00010,PERSON_00269,334,PHONE_00010,voice
CALL_011711,2025-07-09,PERSON_00011,PERSON_00298,404,PHONE_00011,missed
CALL_011712,2023-03-25,PERSON_00012,PERSON_00327,129,PHONE_00012,missed
CALL_011713,2024-05-23,PERSON_00013,PERSON_00356,18,PHONE_00013,voice
CALL_011714,2021-01-15,PERSON_00014,PERSON_00385,726,PHONE_00014,missed
CALL_011715,2024-08-06,PERSON_00015,PERSON_00414,756,PHONE_00015,missed
CALL_011716,2023-05-14,PERSON_00016,PERSON_00182,131,PHONE_00016,voice
CALL_011717,2025-06-29,PERSON_00017,PERSON_00022,328,PHONE_00017,missed
CALL_011718,2024-11-02,PERSON_00018,PERSON_00051,275,PHONE_00018,voice
CALL_011719,2023-08-05,PERSON_00019,PERSON_00080,704,PHONE_00019,voice
CALL_011720,2022-07-03,PERSON_00020,PERSON_00109,884,PHONE_00020,missed
CALL_011721,2022-07-29,PERSON_00021,PERSON_00371,117,PHONE_00021,voice
CALL_011722,2026-03-04,PERSON_00022,PERSON_00167,625,PHONE_00022,voice
CALL_011723,2023-06-07,PERSON_00023,PERSON_00196,188,PHONE_00023,voice
CALL_011724,2025-08-25,PERSON_00024,PERSON_00225,233,PHONE_00024,missed
CALL_011725,2023-08-01,PERSON_00025,PERSON_00254,755,PHONE_00025,missed
CALL_011726,2025-01-03,PERSON_00026,PERSON_00283,869,PHONE_00026,voice
CALL_011727,2022-09-08,PERSON_00027,PERSON_00312,573,PHONE_00027,voice
CALL_011728,2026-06-26,PERSON_00028,PERSON_00341,592,PHONE_00028,voice
CALL_011729,2021-07-12,PERSON_00029,PERSON_00370,821,PHONE_00029,missed
CALL_011730,2024-05-13,PERSON_00030,PERSON_00399,664,PHONE_00030,voice
CALL_011731,2024-11-08,PERSON_00031,PERSON_00428,267,PHONE_00031,missed
CALL_011732,2022-01-01,PERSON_00032,PERSON_00007,641,PHONE_00032,voice
CALL_011733,2025-06-26,PERSON_00033,PERSON_00036,503,PHONE_00033,voice
CALL_011734,2021-05-13,PERSON_00034,PERSON_00065,77,PHONE_00034,voice
CALL_011735,2023-01-07,PERSON_00035,PERSON_00094,171,PHONE_00035,voice
CALL_011736,2025-12-31,PERSON_00036,PERSON_00123,709,PHONE_00036,voice
CALL_011737,2023-06-11,PERSON_00037,PERSON_00152,315,PHONE_00037,voice
CALL_011738,2021-12-16,PERSON_00038,PERSON_00181,794,PHONE_00038,missed
CALL_011739,2022-10-12,PERSON_00039,PERSON_00210,622,PHONE_00039,voice
CALL_011740,2026-03-26,PERSON_00040,PERSON_00239,855,PHONE_00040,voice
CALL_011741,2022-05-24,PERSON_00041,PERSON_00268,513,PHONE_00041,voice
CALL_011742,2026-04-08,PERSON_00042,PERSON_00297,418,PHONE_00042,voice
CALL_011743,2026-01-10,PERSON_00043,PERSON_00326,496,PHONE_00043,voice
CALL_011744,2023-04-11,PERSON_00044,PERSON_00355,86,PHONE_00044,missed
CALL_011745,2022-10-02,PERSON_00045,PERSON_00384,258,PHONE_00045,voice
CALL_011746,2022-06-20,PERSON_00046,PERSON_00144,49,PHONE_00046,missed
CALL_011747,2026-02-12,PERSON_00047,PERSON_00442,479,PHONE_00047,missed
CALL_011748,2024-02-24,PERSON_00048,PERSON_00021,45,PHONE_00048,missed
CALL_011749,2024-05-05,PERSON_00049,PERSON_00050,559,PHONE_00049,voice
CALL_011750,2023-03-21,PERSON_00050,PERSON_00079,741,PHONE_00050,missed
CALL_011751,2023-03-04,PERSON_00051,PERSON_00108,895,PHONE_00051,voice
CALL_011752,2022-02-14,PERSON_00052,PERSON_00137,231,PHONE_00052,missed
CALL_011753,2023-08-01,PERSON_00053,PERSON_00166,878,PHONE_00053,voice
CALL_011754,2025-09-03,PERSON_00054,PERSON_00195,427,PHONE_00054,missed
CALL_011755,2025-02-05,PERSON_00055,PERSON_00224,447,PHONE_00055,voice
CALL_011756,2026-05-20,PERSON_00056,PERSON_00253,157,PHONE_00056,voice
CALL_011757,2024-12-13,PERSON_00057,PERSON_00282,377,PHONE_00057,voice
CALL_011758,2025-03-23,PERSON_00058,PERSON_00311,356,PHONE_00058,missed
CALL_011759,2024-03-07,PERSON_00059,PERSON_00340,162,PHONE_00059,voice
CALL_011760,2021-05-08,PERSON_00060,PERSON_00369,806,PHONE_00060,voice
CALL_011761,2025-05-11,PERSON_00061,PERSON_00344,138,PHONE_00061,voice
CALL_011762,2023-11-10,PERSON_00062,PERSON_00427,132,PHONE_00062,voice
CALL_011763,2021-07-07,PERSON_00063,PERSON_00006,462,PHONE_00063,missed
CALL_011764,2022-02-24,PERSON_00064,PERSON_00035,836,PHONE_00064,voice
CALL_011765,2021-02-24,PERSON_00065,PERSON_00064,695,PHONE_00065,missed
CALL_011766,2024-07-26,PERSON_00066,PERSON_00093,463,PHONE_00066,missed
CALL_011767,2021-08-28,PERSON_00067,PERSON_00122,85,PHONE_00067,voice
CALL_011768,2022-03-28,PERSON_00068,PERSON_00151,385,PHONE_00068,missed
CALL_011769,2023-11-11,PERSON_00069,PERSON_00180,269,PHONE_00069,voice
CALL_011770,2022-08-05,PERSON_00070,PERSON_00209,696,PHONE_00070,voice
CALL_011771,2023-07-28,PERSON_00071,PERSON_00238,358,PHONE_00071,voice
CALL_011772,2023-05-08,PERSON_00072,PERSON_00267,561,PHONE_00072,voice
CALL_011773,2024-10-11,PERSON_00073,PERSON_00296,831,PHONE_00073,voice
CALL_011774,2022-11-02,PERSON_00074,PERSON_00325,19,PHONE_00074,missed
CALL_011775,2024-05-02,PERSON_00075,PERSON_00354,225,PHONE_00075,voice
CALL_011776,2023-02-24,PERSON_00076,PERSON_00340,138,PHONE_00076,voice
CALL_011777,2026-03-21,PERSON_00077,PERSON_00412,772,PHONE_00077,missed
CALL_011778,2026-05-17,PERSON_00078,PERSON_00441,388,PHONE_00078,voice
CALL_011779,2025-03-04,PERSON_00079,PERSON_00020,405,PHONE_00079,voice
CALL_011780,2022-06-17,PERSON_00080,PERSON_00049,23,PHONE_00080,voice
CALL_011781,2022-09-02,PERSON_00081,PERSON_00128,140,PHONE_00081,voice
CALL_011782,2023-10-02,PERSON_00082,PERSON_00107,329,PHONE_00082,missed
CALL_011783,2024-04-06,PERSON_00083,PERSON_00136,381,PHONE_00083,voice
CALL_011784,2021-01-22,PERSON_00084,PERSON_00165,863,PHONE_00084,missed
CALL_011785,2021-09-07,PERSON_00085,PERSON_00194,252,PHONE_00085,voice
CALL_011786,2021-08-25,PERSON_00086,PERSON_00018,25,PHONE_00086,missed
CALL_011787,2024-02-11,PERSON_00087,PERSON_00252,223,PHONE_00087,voice
CALL_011788,2021-06-11,PERSON_00088,PERSON_00281,301,PHONE_00088,voice
CALL_011789,2021-12-13,PERSON_00089,PERSON_00310,591,PHONE_00089,voice
CALL_011790,2026-03-07,PERSON_00090,PERSON_00339,792,PHONE_00090,voice
CALL_011791,2021-01-20,PERSON_00091,PERSON_00368,774,PHONE_00091,voice
CALL_011792,2024-06-04,PERSON_00092,PERSON_00397,87,PHONE_00092,voice
CALL_011793,2023-08-12,PERSON_00093,PERSON_00426,322,PHONE_00093,voice
CALL_011794,2022-08-17,PERSON_00094,PERSON_00005,208,PHONE_00094,missed
CALL_011795,2023-01-19,PERSON_00095,PERSON_00034,864,PHONE_00095,voice
CALL_011796,2021-03-05,PERSON_00096,PERSON_00063,547,PHONE_00096,missed
CALL_011797,2025-01-22,PERSON_00097,PERSON_00092,741,PHONE_00097,voice
CALL_011798,2023-02-08,PERSON_00098,PERSON_00121,473,PHONE_00098,missed
CALL_011799,2021-06-17,PERSON_00099,PERSON_00150,576,PHONE_00099,voice
CALL_011800,2024-02-19,PERSON_00100,PERSON_00179,572,PHONE_00100,missed
CALL_011801,2025-04-22,PERSON_00101,PERSON_00154,47,PHONE_00101,voice
CALL_011802,2024-02-01,PERSON_00102,PERSON_00237,567,PHONE_00102,voice
CALL_011803,2025-07-05,PERSON_00103,PERSON_00266,265,PHONE_00103,missed
CALL_011804,2025-05-07,PERSON_00104,PERSON_00295,731,PHONE_00104,missed
CALL_011805,2025-04-09,PERSON_00105,PERSON_00324,753,PHONE_00105,missed
CALL_011806,2024-06-05,PERSON_00106,PERSON_00076,39,PHONE_00106,voice
CALL_011807,2025-07-29,PERSON_00107,PERSON_00382,420,PHONE_00107,voice
CALL_011808,2024-08-18,PERSON_00108,PERSON_00411,32,PHONE_00108,voice
CALL_011809,2023-08-19,PERSON_00109,PERSON_00440,494,PHONE_00109,missed
CALL_011810,2022-09-18,PERSON_00110,PERSON_00019,216,PHONE_00110,voice
CALL_011811,2024-02-12,PERSON_00111,PERSON_00048,166,PHONE_00111,voice
CALL_011812,2023-12-12,PERSON_00112,PERSON_00077,512,PHONE_00112,missed
CALL_011813,2022-07-09,PERSON_00113,PERSON_00106,527,PHONE_00113,voice
CALL_011814,2025-05-15,PERSON_00114,PERSON_00135,764,PHONE_00114,voice
CALL_011815,2021-05-03,PERSON_00115,PERSON_00164,809,PHONE_00115,voice
CALL_011816,2021-05-16,PERSON_00116,PERSON_00193,172,PHONE_00116,missed
CALL_011817,2021-04-27,PERSON_00117,PERSON_00222,651,PHONE_00117,missed
CALL_011818,2022-04-27,PERSON_00118,PERSON_00251,191,PHONE_00118,voice
CALL_011819,2024-06-01,PERSON_00119,PERSON_00280,280,PHONE_00119,voice
CALL_011820,2024-02-26,PERSON_00120,PERSON_00309,767,PHONE_00120,voice
CALL_011821,2022-01-29,PERSON_00121,PERSON_00338,589,PHONE_00121,voice
CALL_011822,2021-06-16,PERSON_00122,PERSON_00367,249,PHONE_00122,voice
CALL_011823,2025-05-01,PERSON_00123,PERSON_00396,462,PHONE_00123,voice
CALL_011824,2025-07-28,PERSON_00124,PERSON_00425,521,PHONE_00124,voice
CALL_011825,2022-02-05,PERSON_00125,PERSON_00004,83,PHONE_00125,voice
CALL_011826,2025-01-22,PERSON_00126,PERSON_00052,76,PHONE_00126,voice
CALL_011827,2021-05-17,PERSON_00127,PERSON_00062,295,PHONE_00127,voice
CALL_011828,2024-12-08,PERSON_00128,PERSON_00091,792,PHONE_00128,voice
CALL_011829,2023-01-20,PERSON_00129,PERSON_00120,628,PHONE_00129,voice
CALL_011830,2025-09-09,PERSON_00130,PERSON_00149,440,PHONE_00130,voice
CALL_011831,2025-09-24,PERSON_00131,PERSON_00178,815,PHONE_00131,voice
CALL_011832,2022-08-25,PERSON_00132,PERSON_00207,57,PHONE_00132,missed
CALL_011833,2022-10-20,PERSON_00133,PERSON_00236,318,PHONE_00133,voice
CALL_011834,2024-02-06,PERSON_00134,PERSON_00265,466,PHONE_00134,voice
CALL_011835,2023-01-18,PERSON_00135,PERSON_00294,512,PHONE_00135,missed
CALL_011836,2021-09-26,PERSON_00136,PERSON_00323,716,PHONE_00136,missed
CALL_011837,2023-07-03,PERSON_00137,PERSON_00352,58,PHONE_00137,voice
CALL_011838,2023-06-10,PERSON_00138,PERSON_00381,834,PHONE_00138,voice
CALL_011839,2023-09-30,PERSON_00139,PERSON_00410,608,PHONE_00139,missed
CALL_011840,2026-03-31,PERSON_00140,PERSON_00439,258,PHONE_00140,voice
CALL_011841,2023-11-29,PERSON_00141,PERSON_00370,139,PHONE_00141,missed
CALL_011842,2021-10-29,PERSON_00142,PERSON_00047,243,PHONE_00142,voice
CALL_011843,2023-03-14,PERSON_00143,PERSON_00076,338,PHONE_00143,missed
CALL_011844,2021-02-22,PERSON_00144,PERSON_00105,513,PHONE_00144,voice
CALL_011845,2024-08-26,PERSON_00145,PERSON_00134,612,PHONE_00145,voice
CALL_011846,2025-04-18,PERSON_00146,PERSON_00163,830,PHONE_00146,voice
CALL_011847,2024-03-27,PERSON_00147,PERSON_00192,40,PHONE_00147,voice
CALL_011848,2025-02-15,PERSON_00148,PERSON_00221,468,PHONE_00148,voice
CALL_011849,2025-03-31,PERSON_00149,PERSON_00250,787,PHONE_00149,missed
CALL_011850,2022-07-08,PERSON_00150,PERSON_00279,525,PHONE_00150,voice
CALL_011851,2026-04-27,PERSON_00151,PERSON_00308,853,PHONE_00151,voice
CALL_011852,2023-04-14,PERSON_00152,PERSON_00337,129,PHONE_00152,voice
CALL_011853,2023-12-27,PERSON_00153,PERSON_00366,257,PHONE_00153,missed
CALL_011854,2023-04-15,PERSON_00154,PERSON_00395,417,PHONE_00154,voice
CALL_011855,2026-01-01,PERSON_00155,PERSON_00424,478,PHONE_00155,voice
CALL_011856,2024-01-16,PERSON_00156,PERSON_00436,179,PHONE_00156,missed
CALL_011857,2025-08-09,PERSON_00157,PERSON_00032,515,PHONE_00157,missed
CALL_011858,2024-01-22,PERSON_00158,PERSON_00061,204,PHONE_00158,voice
CALL_011859,2023-06-05,PERSON_00159,PERSON_00090,546,PHONE_00159,voice
CALL_011860,2023-08-01,PERSON_00160,PERSON_00119,759,PHONE_00160,missed
CALL_011861,2026-04-14,PERSON_00161,PERSON_00128,12,PHONE_00161,voice
CALL_011862,2025-10-03,PERSON_00162,PERSON_00177,540,PHONE_00162,missed
CALL_011863,2022-06-30,PERSON_00163,PERSON_00206,397,PHONE_00163,voice
CALL_011864,2022-10-20,PERSON_00164,PERSON_00235,725,PHONE_00164,voice
CALL_011865,2025-01-02,PERSON_00165,PERSON_00264,731,PHONE_00165,missed
CALL_011866,2022-07-03,PERSON_00166,PERSON_00240,119,PHONE_00166,voice
CALL_011867,2023-07-08,PERSON_00167,PERSON_00322,123,PHONE_00167,voice
CALL_011868,2023-07-12,PERSON_00168,PERSON_00351,699,PHONE_00168,voice
CALL_011869,2025-10-06,PERSON_00169,PERSON_00380,225,PHONE_00169,voice
CALL_011870,2023-02-03,PERSON_00170,PERSON_00409,51,PHONE_00170,missed
CALL_011871,2021-09-17,PERSON_00171,PERSON_00219,32,PHONE_00171,missed
CALL_011872,2023-05-21,PERSON_00172,PERSON_00017,106,PHONE_00172,voice
CALL_011873,2021-11-05,PERSON_00173,PERSON_00046,709,PHONE_00173,voice
CALL_011874,2021-03-11,PERSON_00174,PERSON_00075,55,PHONE_00174,voice
CALL_011875,2022-02-02,PERSON_00175,PERSON_00104,533,PHONE_00175,missed
CALL_011876,2023-07-28,PERSON_00176,PERSON_00133,739,PHONE_00176,voice
CALL_011877,2025-03-15,PERSON_00177,PERSON_00162,458,PHONE_00177,missed
CALL_011878,2021-06-25,PERSON_00178,PERSON_00191,369,PHONE_00178,missed
CALL_011879,2022-03-17,PERSON_00179,PERSON_00220,538,PHONE_00179,voice
CALL_011880,2024-12-25,PERSON_00180,PERSON_00249,760,PHONE_00180,voice
CALL_011881,2021-04-03,PERSON_00181,PERSON_00278,482,PHONE_00181,voice
CALL_011882,2023-04-26,PERSON_00182,PERSON_00307,453,PHONE_00182,missed
CALL_011883,2026-01-11,PERSON_00183,PERSON_00336,509,PHONE_00183,voice
CALL_011884,2022-07-06,PERSON_00184,PERSON_00365,472,PHONE_00184,voice
CALL_011885,2021-09-18,PERSON_00185,PERSON_00394,643,PHONE_00185,voice
CALL_011886,2021-01-12,PERSON_00186,PERSON_00423,64,PHONE_00186,voice
CALL_011887,2021-07-20,PERSON_00187,PERSON_00002,400,PHONE_00187,voice
CALL_011888,2023-06-02,PERSON_00188,PERSON_00031,272,PHONE_00188,voice
CALL_011889,2025-03-03,PERSON_00189,PERSON_00060,181,PHONE_00189,missed
CALL_011890,2024-03-26,PERSON_00190,PERSON_00089,114,PHONE_00190,voice
CALL_011891,2024-05-02,PERSON_00191,PERSON_00159,125,PHONE_00191,voice
CALL_011892,2025-05-02,PERSON_00192,PERSON_00147,733,PHONE_00192,missed
CALL_011893,2025-09-15,PERSON_00193,PERSON_00176,356,PHONE_00193,voice
CALL_011894,2022-06-30,PERSON_00194,PERSON_00205,761,PHONE_00194,voice
CALL_011895,2026-06-20,PERSON_00195,PERSON_00234,99,PHONE_00195,voice
CALL_011896,2023-03-07,PERSON_00196,PERSON_00127,89,PHONE_00196,missed
CALL_011897,2023-08-16,PERSON_00197,PERSON_00292,456,PHONE_00197,missed
CALL_011898,2022-12-26,PERSON_00198,PERSON_00321,146,PHONE_00198,voice
CALL_011899,2021-02-25,PERSON_00199,PERSON_00350,199,PHONE_00199,voice
CALL_011900,2022-04-11,PERSON_00200,PERSON_00379,346,PHONE_00200,voice
CALL_011901,2021-03-26,PERSON_00201,PERSON_00408,576,PHONE_00201,voice
CALL_011902,2021-02-26,PERSON_00202,PERSON_00437,413,PHONE_00202,voice
CALL_011903,2023-01-03,PERSON_00203,PERSON_00016,841,PHONE_00203,missed
CALL_011904,2023-05-13,PERSON_00204,PERSON_00045,386,PHONE_00204,missed
CALL_011905,2021-09-23,PERSON_00205,PERSON_00074,83,PHONE_00205,missed
CALL_011906,2022-06-24,PERSON_00206,PERSON_00103,621,PHONE_00206,missed
CALL_011907,2022-07-16,PERSON_00207,PERSON_00132,595,PHONE_00207,voice
CALL_011908,2025-07-10,PERSON_00208,PERSON_00161,244,PHONE_00208,voice
CALL_011909,2025-09-28,PERSON_00209,PERSON_00190,333,PHONE_00209,voice
CALL_011910,2025-10-15,PERSON_00210,PERSON_00219,139,PHONE_00210,voice
CALL_011911,2025-06-15,PERSON_00211,PERSON_00248,384,PHONE_00211,voice
CALL_011912,2025-11-22,PERSON_00212,PERSON_00277,582,PHONE_00212,voice
CALL_011913,2021-09-08,PERSON_00213,PERSON_00306,178,PHONE_00213,missed
CALL_011914,2023-05-13,PERSON_00214,PERSON_00335,701,PHONE_00214,voice
CALL_011915,2021-05-27,PERSON_00215,PERSON_00364,60,PHONE_00215,missed
CALL_011916,2022-11-09,PERSON_00216,PERSON_00288,69,PHONE_00216,voice
CALL_011917,2023-05-03,PERSON_00217,PERSON_00422,873,PHONE_00217,voice
CALL_011918,2022-04-02,PERSON_00218,PERSON_00001,785,PHONE_00218,voice
CALL_011919,2023-10-23,PERSON_00219,PERSON_00030,573,PHONE_00219,voice
CALL_011920,2025-08-04,PERSON_00220,PERSON_00059,435,PHONE_00220,voice
CALL_011921,2021-10-26,PERSON_00221,PERSON_00134,108,PHONE_00221,missed
CALL_011922,2025-09-02,PERSON_00222,PERSON_00117,55,PHONE_00222,missed
CALL_011923,2024-03-14,PERSON_00223,PERSON_00146,155,PHONE_00223,missed
CALL_011924,2021-02-28,PERSON_00224,PERSON_00175,424,PHONE_00224,voice
CALL_011925,2023-10-13,PERSON_00225,PERSON_00204,768,PHONE_00225,missed
CALL_011926,2021-09-21,PERSON_00226,PERSON_00439,102,PHONE_00226,missed
CALL_011927,2024-10-09,PERSON_00227,PERSON_00262,808,PHONE_00227,voice
CALL_011928,2022-06-21,PERSON_00228,PERSON_00291,764,PHONE_00228,voice
CALL_011929,2024-02-13,PERSON_00229,PERSON_00320,303,PHONE_00229,missed
CALL_011930,2021-09-29,PERSON_00230,PERSON_00349,283,PHONE_00230,voice
CALL_011931,2024-07-04,PERSON_00231,PERSON_00449,55,PHONE_00231,missed
CALL_011932,2023-10-08,PERSON_00232,PERSON_00407,111,PHONE_00232,voice
CALL_011933,2024-08-08,PERSON_00233,PERSON_00436,101,PHONE_00233,missed
CALL_011934,2025-04-27,PERSON_00234,PERSON_00015,658,PHONE_00234,missed
CALL_011935,2023-09-25,PERSON_00235,PERSON_00044,438,PHONE_00235,voice
CALL_011936,2021-02-25,PERSON_00236,PERSON_00073,384,PHONE_00236,voice
CALL_011937,2022-05-11,PERSON_00237,PERSON_00102,865,PHONE_00237,voice
CALL_011938,2024-07-22,PERSON_00238,PERSON_00131,395,PHONE_00238,voice
CALL_011939,2025-11-08,PERSON_00239,PERSON_00160,16,PHONE_00239,voice
CALL_011940,2024-05-04,PERSON_00240,PERSON_00189,450,PHONE_00240,voice
CALL_011941,2022-01-30,PERSON_00241,PERSON_00101,117,PHONE_00241,voice
CALL_011942,2023-10-30,PERSON_00242,PERSON_00247,267,PHONE_00242,voice
CALL_011943,2021-06-07,PERSON_00243,PERSON_00276,661,PHONE_00243,voice
CALL_011944,2022-03-26,PERSON_00244,PERSON_00305,717,PHONE_00244,voice
CALL_011945,2025-01-10,PERSON_00245,PERSON_00334,22,PHONE_00245,missed
CALL_011946,2021-01-29,PERSON_00246,PERSON_00363,377,PHONE_00246,missed
CALL_011947,2022-06-27,PERSON_00247,PERSON_00392,308,PHONE_00247,missed
CALL_011948,2022-07-20,PERSON_00248,PERSON_00421,306,PHONE_00248,missed
CALL_011949,2021-02-20,PERSON_00249,PERSON_00450,165,PHONE_00249,voice
CALL_011950,2021-01-17,PERSON_00250,PERSON_00029,657,PHONE_00250,missed
CALL_011951,2021-04-23,PERSON_00251,PERSON_00058,806,PHONE_00251,voice
CALL_011952,2025-09-02,PERSON_00252,PERSON_00087,830,PHONE_00252,voice
CALL_011953,2023-10-03,PERSON_00253,PERSON_00116,870,PHONE_00253,voice
CALL_011954,2023-09-12,PERSON_00254,PERSON_00145,412,PHONE_00254,missed
CALL_011955,2024-12-29,PERSON_00255,PERSON_00174,819,PHONE_00255,voice
CALL_011956,2023-05-25,PERSON_00256,PERSON_00093,50,PHONE_00256,missed
CALL_011957,2025-02-12,PERSON_00257,PERSON_00232,331,PHONE_00257,missed
CALL_011958,2022-05-06,PERSON_00258,PERSON_00261,177,PHONE_00258,voice
CALL_011959,2022-10-27,PERSON_00259,PERSON_00290,136,PHONE_00259,missed
CALL_011960,2026-06-27,PERSON_00260,PERSON_00319,729,PHONE_00260,voice
CALL_011961,2023-10-05,PERSON_00261,PERSON_00348,529,PHONE_00261,voice
CALL_011962,2024-10-03,PERSON_00262,PERSON_00377,730,PHONE_00262,missed
CALL_011963,2021-01-12,PERSON_00263,PERSON_00406,742,PHONE_00263,voice
CALL_011964,2021-11-23,PERSON_00264,PERSON_00435,170,PHONE_00264,missed
CALL_011965,2021-12-12,PERSON_00265,PERSON_00014,429,PHONE_00265,voice
CALL_011966,2026-01-28,PERSON_00266,PERSON_00043,518,PHONE_00266,voice
CALL_011967,2022-12-14,PERSON_00267,PERSON_00072,582,PHONE_00267,voice
CALL_011968,2022-05-25,PERSON_00268,PERSON_00101,103,PHONE_00268,voice
CALL_011969,2024-03-04,PERSON_00269,PERSON_00130,845,PHONE_00269,missed
CALL_011970,2025-01-14,PERSON_00270,PERSON_00159,272,PHONE_00270,voice
CALL_011971,2023-02-17,PERSON_00271,PERSON_00065,117,PHONE_00271,voice
CALL_011972,2024-12-07,PERSON_00272,PERSON_00217,679,PHONE_00272,voice
CALL_011973,2021-11-30,PERSON_00273,PERSON_00246,467,PHONE_00273,voice
CALL_011974,2026-04-22,PERSON_00274,PERSON_00275,216,PHONE_00274,voice
CALL_011975,2023-08-03,PERSON_00275,PERSON_00304,545,PHONE_00275,missed
CALL_011976,2022-05-01,PERSON_00276,PERSON_00333,724,PHONE_00276,missed
CALL_011977,2022-03-03,PERSON_00277,PERSON_00362,882,PHONE_00277,voice
CALL_011978,2025-05-18,PERSON_00278,PERSON_00391,706,PHONE_00278,missed
CALL_011979,2025-06-02,PERSON_00279,PERSON_00420,527,PHONE_00279,missed
CALL_011980,2025-04-03,PERSON_00280,PERSON_00449,791,PHONE_00280,voice
CALL_011981,2025-04-10,PERSON_00281,PERSON_00028,117,PHONE_00281,missed
CALL_011982,2025-06-17,PERSON_00282,PERSON_00057,742,PHONE_00282,missed
CALL_011983,2021-01-02,PERSON_00283,PERSON_00086,232,PHONE_00283,missed
CALL_011984,2026-02-28,PERSON_00284,PERSON_00115,508,PHONE_00284,voice
CALL_011985,2022-11-20,PERSON_00285,PERSON_00144,813,PHONE_00285,missed
CALL_011986,2026-06-27,PERSON_00286,PERSON_00018,75,PHONE_00286,voice
CALL_011987,2022-06-09,PERSON_00287,PERSON_00202,125,PHONE_00287,voice
CALL_011988,2023-06-03,PERSON_00288,PERSON_00231,80,PHONE_00288,missed
CALL_011989,2021-08-06,PERSON_00289,PERSON_00260,528,PHONE_00289,voice
CALL_011990,2022-12-19,PERSON_00290,PERSON_00289,317,PHONE_00290,missed
CALL_011991,2022-05-25,PERSON_00291,PERSON_00038,12,PHONE_00291,missed
CALL_011992,2023-12-16,PERSON_00292,PERSON_00347,869,PHONE_00292,voice
CALL_011993,2022-01-21,PERSON_00293,PERSON_00376,31,PHONE_00293,missed
CALL_011994,2024-04-02,PERSON_00294,PERSON_00405,480,PHONE_00294,voice
CALL_011995,2021-02-11,PERSON_00295,PERSON_00434,622,PHONE_00295,voice
CALL_011996,2023-09-19,PERSON_00296,PERSON_00013,622,PHONE_00296,voice
CALL_011997,2022-01-11,PERSON_00297,PERSON_00042,726,PHONE_00297,missed
CALL_011998,2021-07-10,PERSON_00298,PERSON_00071,809,PHONE_00298,voice
CALL_011999,2021-09-21,PERSON_00299,PERSON_00100,626,PHONE_00299,missed
CALL_012000,2026-04-19,PERSON_00300,PERSON_00129,489,PHONE_00300,voice
CALL_012001,2022-05-19,PERSON_00301,PERSON_00128,157,PHONE_00301,voice
CALL_012002,2025-12-13,PERSON_00302,PERSON_00187,233,PHONE_00302,voice
CALL_012003,2022-09-10,PERSON_00303,PERSON_00216,428,PHONE_00303,voice
CALL_012004,2024-08-06,PERSON_00304,PERSON_00245,640,PHONE_00304,missed
CALL_012005,2021-07-11,PERSON_00305,PERSON_00274,527,PHONE_00305,missed
CALL_012006,2025-05-19,PERSON_00306,PERSON_00303,817,PHONE_00306,voice
CALL_012007,2026-01-11,PERSON_00307,PERSON_00332,880,PHONE_00307,missed
CALL_012008,2026-06-29,PERSON_00308,PERSON_00361,317,PHONE_00308,voice
CALL_012009,2021-01-29,PERSON_00309,PERSON_00390,402,PHONE_00309,missed
CALL_012010,2025-08-13,PERSON_00310,PERSON_00419,139,PHONE_00310,voice
CALL_012011,2023-08-18,PERSON_00311,PERSON_00448,597,PHONE_00311,voice
CALL_012012,2025-01-17,PERSON_00312,PERSON_00027,401,PHONE_00312,voice
CALL_012013,2021-11-19,PERSON_00313,PERSON_00056,562,PHONE_00313,voice
CALL_012014,2023-06-20,PERSON_00314,PERSON_00085,524,PHONE_00314,missed
CALL_012015,2021-02-10,PERSON_00315,PERSON_00114,761,PHONE_00315,voice
CALL_012016,2024-03-24,PERSON_00316,PERSON_00143,379,PHONE_00316,voice
CALL_012017,2023-01-11,PERSON_00317,PERSON_00172,404,PHONE_00317,voice
CALL_012018,2023-01-05,PERSON_00318,PERSON_00201,490,PHONE_00318,voice
CALL_012019,2021-04-22,PERSON_00319,PERSON_00230,598,PHONE_00319,voice
CALL_012020,2021-03-09,PERSON_00320,PERSON_00259,188,PHONE_00320,voice
CALL_012021,2022-03-07,PERSON_00321,PERSON_00290,94,PHONE_00321,voice
CALL_012022,2023-11-17,PERSON_00322,PERSON_00317,855,PHONE_00322,voice
CALL_012023,2025-11-27,PERSON_00323,PERSON_00346,336,PHONE_00323,voice
CALL_012024,2022-01-28,PERSON_00324,PERSON_00375,487,PHONE_00324,missed
CALL_012025,2024-12-10,PERSON_00325,PERSON_00404,535,PHONE_00325,voice
CALL_012026,2023-12-15,PERSON_00326,PERSON_00433,880,PHONE_00326,voice
CALL_012027,2026-06-02,PERSON_00327,PERSON_00012,59,PHONE_00327,missed
CALL_012028,2022-09-03,PERSON_00328,PERSON_00041,727,PHONE_00328,missed
CALL_012029,2021-07-25,PERSON_00329,PERSON_00070,595,PHONE_00329,voice
CALL_012030,2024-01-31,PERSON_00330,PERSON_00099,276,PHONE_00330,missed
CALL_012031,2023-10-07,PERSON_00331,PERSON_00318,135,PHONE_00331,voice
CALL_012032,2024-10-10,PERSON_00332,PERSON_00157,274,PHONE_00332,missed
CALL_012033,2025-01-24,PERSON_00333,PERSON_00186,437,PHONE_00333,voice
CALL_012034,2025-07-12,PERSON_00334,PERSON_00215,742,PHONE_00334,voice
CALL_012035,2025-07-30,PERSON_00335,PERSON_00244,430,PHONE_00335,voice
CALL_012036,2025-04-23,PERSON_00336,PERSON_00329,71,PHONE_00336,voice
CALL_012037,2021-10-28,PERSON_00337,PERSON_00302,204,PHONE_00337,voice
CALL_012038,2024-05-28,PERSON_00338,PERSON_00331,617,PHONE_00338,voice
CALL_012039,2022-11-20,PERSON_00339,PERSON_00360,723,PHONE_00339,voice
CALL_012040,2022-03-15,PERSON_00340,PERSON_00389,540,PHONE_00340,voice
CALL_012041,2026-05-27,PERSON_00341,PERSON_00418,541,PHONE_00341,missed
CALL_012042,2024-11-14,PERSON_00342,PERSON_00447,418,PHONE_00342,voice
CALL_012043,2025-08-25,PERSON_00343,PERSON_00026,548,PHONE_00343,voice
CALL_012044,2024-01-30,PERSON_00344,PERSON_00055,803,PHONE_00344,voice
CALL_012045,2024-11-13,PERSON_00345,PERSON_00084,392,PHONE_00345,voice
CALL_012046,2021-01-12,PERSON_00346,PERSON_00113,515,PHONE_00346,missed
CALL_012047,2021-03-14,PERSON_00347,PERSON_00142,544,PHONE_00347,voice
CALL_012048,2021-06-06,PERSON_00348,PERSON_00171,814,PHONE_00348,voice
CALL_012049,2023-12-13,PERSON_00349,PERSON_00200,790,PHONE_00349,voice
CALL_012050,2025-09-08,PERSON_00350,PERSON_00229,287,PHONE_00350,voice
CALL_012051,2025-02-24,PERSON_00351,PERSON_00258,159,PHONE_00351,voice
CALL_012052,2021-10-09,PERSON_00352,PERSON_00287,365,PHONE_00352,voice
CALL_012053,2025-07-09,PERSON_00353,PERSON_00316,179,PHONE_00353,voice
CALL_012054,2022-04-27,PERSON_00354,PERSON_00345,249,PHONE_00354,voice
CALL_012055,2022-01-24,PERSON_00355,PERSON_00374,32,PHONE_00355,voice
CALL_012056,2021-11-19,PERSON_00356,PERSON_00403,164,PHONE_00356,voice
CALL_012057,2025-09-15,PERSON_00357,PERSON_00432,674,PHONE_00357,voice
CALL_012058,2023-04-04,PERSON_00358,PERSON_00011,118,PHONE_00358,voice
CALL_012059,2025-06-19,PERSON_00359,PERSON_00040,767,PHONE_00359,voice
CALL_012060,2021-09-19,PERSON_00360,PERSON_00069,848,PHONE_00360,voice
CALL_012061,2023-07-10,PERSON_00361,PERSON_00098,732,PHONE_00361,missed
CALL_012062,2021-09-09,PERSON_00362,PERSON_00127,523,PHONE_00362,voice
CALL_012063,2023-09-07,PERSON_00363,PERSON_00156,349,PHONE_00363,missed
CALL_012064,2022-10-17,PERSON_00364,PERSON_00185,187,PHONE_00364,missed
CALL_012065,2024-08-31,PERSON_00365,PERSON_00214,113,PHONE_00365,missed
CALL_012066,2023-04-03,PERSON_00366,PERSON_00268,33,PHONE_00366,missed
CALL_012067,2024-09-12,PERSON_00367,PERSON_00272,430,PHONE_00367,missed
CALL_012068,2025-09-18,PERSON_00368,PERSON_00301,519,PHONE_00368,voice
CALL_012069,2022-02-16,PERSON_00369,PERSON_00330,662,PHONE_00369,voice
CALL_012070,2021-06-01,PERSON_00370,PERSON_00359,259,PHONE_00370,voice
CALL_012071,2022-01-15,PERSON_00371,PERSON_00237,98,PHONE_00371,voice
CALL_012072,2026-03-07,PERSON_00372,PERSON_00417,778,PHONE_00372,voice
CALL_012073,2023-05-08,PERSON_00373,PERSON_00446,781,PHONE_00373,voice
CALL_012074,2024-06-13,PERSON_00374,PERSON_00025,311,PHONE_00374,voice
CALL_012075,2022-09-06,PERSON_00375,PERSON_00054,763,PHONE_00375,voice
CALL_012076,2022-08-24,PERSON_00376,PERSON_00194,27,PHONE_00376,voice
CALL_012077,2023-09-14,PERSON_00377,PERSON_00112,264,PHONE_00377,voice
CALL_012078,2023-03-17,PERSON_00378,PERSON_00141,724,PHONE_00378,voice
CALL_012079,2024-12-28,PERSON_00379,PERSON_00170,690,PHONE_00379,voice
CALL_012080,2023-09-08,PERSON_00380,PERSON_00199,662,PHONE_00380,voice
CALL_012081,2024-06-18,PERSON_00381,PERSON_00340,113,PHONE_00381,missed
CALL_012082,2024-06-17,PERSON_00382,PERSON_00257,318,PHONE_00382,voice
CALL_012083,2024-11-04,PERSON_00383,PERSON_00286,575,PHONE_00383,voice
CALL_012084,2023-05-28,PERSON_00384,PERSON_00315,449,PHONE_00384,missed
CALL_012085,2022-05-21,PERSON_00385,PERSON_00344,199,PHONE_00385,voice
CALL_012086,2024-01-13,PERSON_00386,PERSON_00373,193,PHONE_00386,missed
CALL_012087,2024-12-11,PERSON_00387,PERSON_00402,350,PHONE_00387,missed
CALL_012088,2023-01-01,PERSON_00388,PERSON_00431,176,PHONE_00388,voice
CALL_012089,2021-03-30,PERSON_00389,PERSON_00010,232,PHONE_00389,voice
CALL_012090,2021-03-11,PERSON_00390,PERSON_00039,336,PHONE_00390,voice
CALL_012091,2026-04-21,PERSON_00391,PERSON_00219,74,PHONE_00391,voice
CALL_012092,2025-10-27,PERSON_00392,PERSON_00097,474,PHONE_00392,voice
CALL_012093,2024-11-26,PERSON_00393,PERSON_00126,866,PHONE_00393,missed
CALL_012094,2024-09-24,PERSON_00394,PERSON_00155,577,PHONE_00394,voice
CALL_012095,2023-09-08,PERSON_00395,PERSON_00184,247,PHONE_00395,missed
CALL_012096,2023-10-05,PERSON_00396,PERSON_00213,516,PHONE_00396,voice
CALL_012097,2024-08-20,PERSON_00397,PERSON_00242,602,PHONE_00397,missed
CALL_012098,2025-10-15,PERSON_00398,PERSON_00271,586,PHONE_00398,voice
CALL_012099,2024-01-13,PERSON_00399,PERSON_00300,244,PHONE_00399,missed
CALL_012100,2024-06-09,PERSON_00400,PERSON_00329,28,PHONE_00400,missed
CALL_012101,2023-06-06,PERSON_00401,PERSON_00209,90,PHONE_00401,voice
CALL_012102,2023-04-04,PERSON_00402,PERSON_00387,115,PHONE_00402,voice
CALL_012103,2024-01-27,PERSON_00403,PERSON_00416,195,PHONE_00403,voice
CALL_012104,2023-09-18,PERSON_00404,PERSON_00445,314,PHONE_00404,voice
CALL_012105,2024-12-30,PERSON_00405,PERSON_00024,840,PHONE_00405,voice
CALL_012106,2021-01-10,PERSON_00406,PERSON_00171,14,PHONE_00406,voice
CALL_012107,2024-07-27,PERSON_00407,PERSON_00082,621,PHONE_00407,voice
CALL_012108,2024-08-22,PERSON_00408,PERSON_00111,486,PHONE_00408,voice
CALL_012109,2025-03-19,PERSON_00409,PERSON_00140,298,PHONE_00409,voice
CALL_012110,2021-08-03,PERSON_00410,PERSON_00169,661,PHONE_00410,voice
CALL_012111,2023-10-04,PERSON_00411,PERSON_00118,27,PHONE_00411,voice
CALL_012112,2026-06-13,PERSON_00412,PERSON_00227,377,PHONE_00412,voice
CALL_012113,2026-03-06,PERSON_00413,PERSON_00256,638,PHONE_00413,voice
CALL_012114,2023-01-06,PERSON_00414,PERSON_00285,601,PHONE_00414,missed
CALL_012115,2021-12-13,PERSON_00415,PERSON_00314,343,PHONE_00415,voice
CALL_012116,2021-02-09,PERSON_00416,PERSON_00343,299,PHONE_00416,missed
CALL_012117,2021-11-08,PERSON_00417,PERSON_00372,41,PHONE_00417,voice
CALL_012118,2024-07-16,PERSON_00418,PERSON_00401,441,PHONE_00418,voice
CALL_012119,2024-02-29,PERSON_00419,PERSON_00430,535,PHONE_00419,missed
CALL_012120,2023-03-05,PERSON_00420,PERSON_00009,786,PHONE_00420,voice
CALL_012121,2025-08-22,PERSON_00421,PERSON_00038,326,PHONE_00421,missed
CALL_012122,2022-05-23,PERSON_00422,PERSON_00067,73,PHONE_00422,voice
CALL_012123,2021-02-12,PERSON_00423,PERSON_00096,58,PHONE_00423,voice
CALL_012124,2022-09-20,PERSON_00424,PERSON_00125,667,PHONE_00424,voice
CALL_012125,2025-11-11,PERSON_00425,PERSON_00154,548,PHONE_00425,missed
CALL_012126,2023-04-20,PERSON_00426,PERSON_00183,502,PHONE_00426,missed
CALL_012127,2024-11-01,PERSON_00427,PERSON_00212,318,PHONE_00427,voice
CALL_012128,2024-04-28,PERSON_00428,PERSON_00241,83,PHONE_00428,voice
CALL_012129,2026-04-16,PERSON_00429,PERSON_00270,355,PHONE_00429,missed
CALL_012130,2025-10-21,PERSON_00430,PERSON_00299,376,PHONE_00430,voice
CALL_012131,2026-04-05,PERSON_00431,PERSON_00328,43,PHONE_00431,voice
CALL_012132,2024-01-20,PERSON_00432,PERSON_00357,154,PHONE_00432,voice
CALL_012133,2024-03-07,PERSON_00433,PERSON_00386,599,PHONE_00433,voice
CALL_012134,2021-06-10,PERSON_00434,PERSON_00415,201,PHONE_00434,voice
CALL_012135,2024-11-11,PERSON_00435,PERSON_00444,212,PHONE_00435,missed
CALL_012136,2023-04-20,PERSON_00436,PERSON_00076,170,PHONE_00436,voice
CALL_012137,2021-05-11,PERSON_00437,PERSON_00052,97,PHONE_00437,missed
CALL_012138,2025-05-14,PERSON_00438,PERSON_00081,734,PHONE_00438,missed
CALL_012139,2025-05-14,PERSON_00439,PERSON_00110,439,PHONE_00439,voice
CALL_012140,2023-06-09,PERSON_00440,PERSON_00139,733,PHONE_00440,voice
CALL_012141,2023-01-28,PERSON_00441,PERSON_00168,411,PHONE_00441,voice
CALL_012142,2022-08-26,PERSON_00442,PERSON_00197,884,PHONE_00442,voice
CALL_012143,2025-09-21,PERSON_00443,PERSON_00226,593,PHONE_00443,voice
CALL_012144,2023-11-24,PERSON_00444,PERSON_00255,18,PHONE_00444,missed
CALL_012145,2024-08-07,PERSON_00445,PERSON_00284,456,PHONE_00445,voice
CALL_012146,2024-03-05,PERSON_00446,PERSON_00313,709,PHONE_00446,missed
CALL_012147,2023-04-12,PERSON_00447,PERSON_00342,784,PHONE_00447,missed
CALL_012148,2024-06-08,PERSON_00448,PERSON_00371,86,PHONE_00448,voice
CALL_012149,2022-09-24,PERSON_00449,PERSON_00400,879,PHONE_00449,voice
CALL_012150,2022-02-20,PERSON_00450,PERSON_00429,135,PHONE_00450,missed
CALL_012151,2021-04-24,PERSON_00001,PERSON_00008,819,PHONE_00001,voice
CALL_012152,2022-05-15,PERSON_00002,PERSON_00037,775,PHONE_00002,missed
CALL_012153,2024-08-15,PERSON_00003,PERSON_00066,531,PHONE_00003,voice
CALL_012154,2022-11-15,PERSON_00004,PERSON_00095,809,PHONE_00004,voice
CALL_012155,2026-05-15,PERSON_00005,PERSON_00124,590,PHONE_00005,voice
CALL_012156,2023-04-24,PERSON_00006,PERSON_00012,103,PHONE_00006,missed
CALL_012157,2023-08-22,PERSON_00007,PERSON_00182,69,PHONE_00007,voice
CALL_012158,2023-01-26,PERSON_00008,PERSON_00211,729,PHONE_00008,voice
CALL_012159,2024-03-17,PERSON_00009,PERSON_00240,747,PHONE_00009,voice
CALL_012160,2025-03-04,PERSON_00010,PERSON_00269,587,PHONE_00010,voice
CALL_012161,2024-08-09,PERSON_00011,PERSON_00298,146,PHONE_00011,voice
CALL_012162,2022-05-06,PERSON_00012,PERSON_00327,220,PHONE_00012,missed
CALL_012163,2025-11-06,PERSON_00013,PERSON_00356,161,PHONE_00013,missed
CALL_012164,2026-01-10,PERSON_00014,PERSON_00385,824,PHONE_00014,voice
CALL_012165,2023-09-08,PERSON_00015,PERSON_00414,544,PHONE_00015,voice
CALL_012166,2024-12-08,PERSON_00016,PERSON_00288,127,PHONE_00016,missed
CALL_012167,2025-05-08,PERSON_00017,PERSON_00022,153,PHONE_00017,missed
CALL_012168,2022-09-30,PERSON_00018,PERSON_00051,839,PHONE_00018,voice
CALL_012169,2022-12-07,PERSON_00019,PERSON_00080,346,PHONE_00019,missed
CALL_012170,2026-01-18,PERSON_00020,PERSON_00109,436,PHONE_00020,voice
CALL_012171,2022-07-03,PERSON_00021,PERSON_00076,35,PHONE_00021,missed
CALL_012172,2026-04-28,PERSON_00022,PERSON_00167,593,PHONE_00022,voice
CALL_012173,2023-02-23,PERSON_00023,PERSON_00196,391,PHONE_00023,missed
CALL_012174,2021-10-12,PERSON_00024,PERSON_00225,262,PHONE_00024,voice
CALL_012175,2021-10-25,PERSON_00025,PERSON_00254,428,PHONE_00025,missed
CALL_012176,2023-04-01,PERSON_00026,PERSON_00283,250,PHONE_00026,voice
CALL_012177,2021-06-12,PERSON_00027,PERSON_00312,504,PHONE_00027,voice
CALL_012178,2022-03-03,PERSON_00028,PERSON_00341,550,PHONE_00028,voice
CALL_012179,2021-10-17,PERSON_00029,PERSON_00370,562,PHONE_00029,voice
CALL_012180,2022-03-02,PERSON_00030,PERSON_00399,398,PHONE_00030,missed
CALL_012181,2026-01-02,PERSON_00031,PERSON_00428,243,PHONE_00031,voice
CALL_012182,2025-06-06,PERSON_00032,PERSON_00007,713,PHONE_00032,voice
CALL_012183,2022-06-21,PERSON_00033,PERSON_00036,649,PHONE_00033,missed
CALL_012184,2022-08-01,PERSON_00034,PERSON_00065,807,PHONE_00034,missed
CALL_012185,2025-11-08,PERSON_00035,PERSON_00094,346,PHONE_00035,missed
CALL_012186,2021-03-28,PERSON_00036,PERSON_00123,70,PHONE_00036,missed
CALL_012187,2025-05-12,PERSON_00037,PERSON_00152,733,PHONE_00037,voice
CALL_012188,2025-08-23,PERSON_00038,PERSON_00181,768,PHONE_00038,voice
CALL_012189,2025-05-24,PERSON_00039,PERSON_00210,15,PHONE_00039,missed
CALL_012190,2024-12-05,PERSON_00040,PERSON_00239,478,PHONE_00040,missed
CALL_012191,2021-04-18,PERSON_00041,PERSON_00268,503,PHONE_00041,missed
CALL_012192,2023-04-22,PERSON_00042,PERSON_00297,467,PHONE_00042,voice
CALL_012193,2023-07-01,PERSON_00043,PERSON_00326,843,PHONE_00043,voice
CALL_012194,2023-12-28,PERSON_00044,PERSON_00355,547,PHONE_00044,missed
CALL_012195,2024-02-11,PERSON_00045,PERSON_00384,608,PHONE_00045,voice
CALL_012196,2021-01-26,PERSON_00046,PERSON_00370,158,PHONE_00046,voice
CALL_012197,2023-01-31,PERSON_00047,PERSON_00442,184,PHONE_00047,voice
CALL_012198,2025-04-15,PERSON_00048,PERSON_00021,405,PHONE_00048,voice
CALL_012199,2024-02-03,PERSON_00049,PERSON_00050,331,PHONE_00049,voice
CALL_012200,2022-11-01,PERSON_00050,PERSON_00079,790,PHONE_00050,voice
CALL_012201,2026-05-13,PERSON_00051,PERSON_00108,816,PHONE_00051,voice
CALL_012202,2022-01-14,PERSON_00052,PERSON_00137,37,PHONE_00052,voice
CALL_012203,2023-08-28,PERSON_00053,PERSON_00166,817,PHONE_00053,voice
CALL_012204,2025-08-19,PERSON_00054,PERSON_00195,42,PHONE_00054,voice
CALL_012205,2023-11-16,PERSON_00055,PERSON_00224,146,PHONE_00055,voice
CALL_012206,2022-11-18,PERSON_00056,PERSON_00253,16,PHONE_00056,voice
CALL_012207,2021-09-12,PERSON_00057,PERSON_00282,316,PHONE_00057,voice
CALL_012208,2022-09-14,PERSON_00058,PERSON_00311,697,PHONE_00058,voice
CALL_012209,2024-11-20,PERSON_00059,PERSON_00340,36,PHONE_00059,missed
CALL_012210,2024-04-11,PERSON_00060,PERSON_00369,773,PHONE_00060,missed
CALL_012211,2022-01-21,PERSON_00061,PERSON_00076,26,PHONE_00061,voice
CALL_012212,2025-05-09,PERSON_00062,PERSON_00427,365,PHONE_00062,missed
CALL_012213,2026-02-24,PERSON_00063,PERSON_00006,450,PHONE_00063,voice
CALL_012214,2022-03-02,PERSON_00064,PERSON_00035,799,PHONE_00064,voice
CALL_012215,2025-01-01,PERSON_00065,PERSON_00064,878,PHONE_00065,voice
CALL_012216,2025-10-30,PERSON_00066,PERSON_00093,570,PHONE_00066,voice
CALL_012217,2022-12-19,PERSON_00067,PERSON_00122,601,PHONE_00067,voice
CALL_012218,2025-12-28,PERSON_00068,PERSON_00151,340,PHONE_00068,voice
CALL_012219,2026-05-24,PERSON_00069,PERSON_00180,729,PHONE_00069,voice
CALL_012220,2025-08-11,PERSON_00070,PERSON_00209,397,PHONE_00070,missed
CALL_012221,2025-05-03,PERSON_00071,PERSON_00238,554,PHONE_00071,voice
CALL_012222,2021-12-11,PERSON_00072,PERSON_00267,173,PHONE_00072,missed
CALL_012223,2023-08-03,PERSON_00073,PERSON_00296,275,PHONE_00073,voice
CALL_012224,2025-08-17,PERSON_00074,PERSON_00325,453,PHONE_00074,missed
CALL_012225,2022-09-05,PERSON_00075,PERSON_00354,252,PHONE_00075,voice
CALL_012226,2022-02-24,PERSON_00076,PERSON_00439,51,PHONE_00076,voice
CALL_012227,2022-10-08,PERSON_00077,PERSON_00412,270,PHONE_00077,voice
CALL_012228,2026-01-05,PERSON_00078,PERSON_00441,437,PHONE_00078,voice
CALL_012229,2024-04-30,PERSON_00079,PERSON_00020,796,PHONE_00079,voice
CALL_012230,2021-06-08,PERSON_00080,PERSON_00049,62,PHONE_00080,voice
CALL_012231,2021-12-16,PERSON_00081,PERSON_00292,143,PHONE_00081,voice
CALL_012232,2022-12-17,PERSON_00082,PERSON_00107,108,PHONE_00082,voice
CALL_012233,2025-11-01,PERSON_00083,PERSON_00136,603,PHONE_00083,voice
CALL_012234,2023-12-29,PERSON_00084,PERSON_00165,88,PHONE_00084,voice
CALL_012235,2022-08-25,PERSON_00085,PERSON_00194,856,PHONE_00085,voice
CALL_012236,2021-05-20,PERSON_00086,PERSON_00331,95,PHONE_00086,voice
CALL_012237,2025-05-07,PERSON_00087,PERSON_00252,326,PHONE_00087,voice
CALL_012238,2021-11-28,PERSON_00088,PERSON_00281,45,PHONE_00088,voice
CALL_012239,2021-11-15,PERSON_00089,PERSON_00310,615,PHONE_00089,missed
CALL_012240,2024-07-29,PERSON_00090,PERSON_00339,518,PHONE_00090,voice
CALL_012241,2023-06-26,PERSON_00091,PERSON_00368,572,PHONE_00091,voice
CALL_012242,2024-04-07,PERSON_00092,PERSON_00397,247,PHONE_00092,voice
CALL_012243,2021-05-24,PERSON_00093,PERSON_00426,387,PHONE_00093,voice
CALL_012244,2023-05-24,PERSON_00094,PERSON_00005,133,PHONE_00094,missed
CALL_012245,2021-11-10,PERSON_00095,PERSON_00034,762,PHONE_00095,voice
CALL_012246,2025-12-01,PERSON_00096,PERSON_00063,50,PHONE_00096,missed
CALL_012247,2022-10-05,PERSON_00097,PERSON_00092,755,PHONE_00097,voice
CALL_012248,2024-07-31,PERSON_00098,PERSON_00121,106,PHONE_00098,voice
CALL_012249,2025-09-09,PERSON_00099,PERSON_00150,422,PHONE_00099,missed
CALL_012250,2024-09-25,PERSON_00100,PERSON_00179,397,PHONE_00100,voice
CALL_012251,2025-05-22,PERSON_00101,PERSON_00110,80,PHONE_00101,missed
CALL_012252,2022-07-08,PERSON_00102,PERSON_00237,639,PHONE_00102,voice
CALL_012253,2021-02-25,PERSON_00103,PERSON_00266,194,PHONE_00103,missed
CALL_012254,2025-08-13,PERSON_00104,PERSON_00295,445,PHONE_00104,voice
CALL_012255,2022-04-18,PERSON_00105,PERSON_00324,801,PHONE_00105,missed
CALL_012256,2023-10-26,PERSON_00106,PERSON_00220,41,PHONE_00106,voice
CALL_012257,2023-05-22,PERSON_00107,PERSON_00382,845,PHONE_00107,voice
CALL_012258,2023-12-13,PERSON_00108,PERSON_00411,179,PHONE_00108,voice
CALL_012259,2022-08-01,PERSON_00109,PERSON_00440,386,PHONE_00109,missed
CALL_012260,2021-12-21,PERSON_00110,PERSON_00019,166,PHONE_00110,voice
CALL_012261,2021-11-10,PERSON_00111,PERSON_00048,522,PHONE_00111,missed
CALL_012262,2025-02-20,PERSON_00112,PERSON_00077,22,PHONE_00112,missed
CALL_012263,2025-08-27,PERSON_00113,PERSON_00106,15,PHONE_00113,voice
CALL_012264,2025-12-05,PERSON_00114,PERSON_00135,241,PHONE_00114,voice
CALL_012265,2024-07-21,PERSON_00115,PERSON_00164,72,PHONE_00115,missed
CALL_012266,2023-09-21,PERSON_00116,PERSON_00193,92,PHONE_00116,voice
CALL_012267,2025-08-20,PERSON_00117,PERSON_00222,194,PHONE_00117,missed
CALL_012268,2024-12-21,PERSON_00118,PERSON_00251,273,PHONE_00118,voice
CALL_012269,2025-03-13,PERSON_00119,PERSON_00280,431,PHONE_00119,missed
CALL_012270,2025-03-01,PERSON_00120,PERSON_00309,329,PHONE_00120,missed
CALL_012271,2024-12-24,PERSON_00121,PERSON_00338,753,PHONE_00121,voice
CALL_012272,2022-05-13,PERSON_00122,PERSON_00367,552,PHONE_00122,missed
CALL_012273,2025-10-02,PERSON_00123,PERSON_00396,313,PHONE_00123,voice
CALL_012274,2022-12-10,PERSON_00124,PERSON_00425,209,PHONE_00124,missed
CALL_012275,2025-12-30,PERSON_00125,PERSON_00004,235,PHONE_00125,voice
CALL_012276,2024-12-03,PERSON_00126,PERSON_00093,20,PHONE_00126,voice
CALL_012277,2026-01-13,PERSON_00127,PERSON_00062,390,PHONE_00127,voice
CALL_012278,2023-02-03,PERSON_00128,PERSON_00091,350,PHONE_00128,voice
CALL_012279,2023-03-07,PERSON_00129,PERSON_00120,153,PHONE_00129,missed
CALL_012280,2023-02-08,PERSON_00130,PERSON_00149,869,PHONE_00130,voice
CALL_012281,2023-03-17,PERSON_00131,PERSON_00178,16,PHONE_00131,voice
CALL_012282,2022-12-10,PERSON_00132,PERSON_00207,20,PHONE_00132,missed
CALL_012283,2023-10-08,PERSON_00133,PERSON_00236,788,PHONE_00133,voice
CALL_012284,2023-12-17,PERSON_00134,PERSON_00265,838,PHONE_00134,missed
CALL_012285,2024-02-21,PERSON_00135,PERSON_00294,69,PHONE_00135,voice
CALL_012286,2024-05-09,PERSON_00136,PERSON_00323,473,PHONE_00136,voice
CALL_012287,2021-03-11,PERSON_00137,PERSON_00352,319,PHONE_00137,voice
CALL_012288,2023-05-15,PERSON_00138,PERSON_00381,15,PHONE_00138,voice
CALL_012289,2025-05-08,PERSON_00139,PERSON_00410,573,PHONE_00139,voice
CALL_012290,2024-08-05,PERSON_00140,PERSON_00439,187,PHONE_00140,voice
CALL_012291,2022-12-25,PERSON_00141,PERSON_00394,47,PHONE_00141,voice
CALL_012292,2024-03-05,PERSON_00142,PERSON_00047,238,PHONE_00142,voice
CALL_012293,2022-10-26,PERSON_00143,PERSON_00076,323,PHONE_00143,missed
CALL_012294,2021-09-24,PERSON_00144,PERSON_00105,695,PHONE_00144,missed
CALL_012295,2025-05-29,PERSON_00145,PERSON_00134,605,PHONE_00145,voice
CALL_012296,2024-04-10,PERSON_00146,PERSON_00163,735,PHONE_00146,voice
CALL_012297,2025-02-15,PERSON_00147,PERSON_00192,340,PHONE_00147,voice
CALL_012298,2024-06-27,PERSON_00148,PERSON_00221,306,PHONE_00148,missed
CALL_012299,2022-06-10,PERSON_00149,PERSON_00250,601,PHONE_00149,voice
CALL_012300,2021-07-07,PERSON_00150,PERSON_00279,292,PHONE_00150,voice
CALL_012301,2026-05-28,PERSON_00151,PERSON_00308,598,PHONE_00151,voice
CALL_012302,2025-12-03,PERSON_00152,PERSON_00337,706,PHONE_00152,missed
CALL_012303,2022-10-15,PERSON_00153,PERSON_00366,576,PHONE_00153,voice
CALL_012304,2024-11-07,PERSON_00154,PERSON_00395,333,PHONE_00154,voice
CALL_012305,2025-02-14,PERSON_00155,PERSON_00424,172,PHONE_00155,missed
CALL_012306,2023-08-12,PERSON_00156,PERSON_00220,127,PHONE_00156,missed
CALL_012307,2026-02-15,PERSON_00157,PERSON_00032,504,PHONE_00157,voice
CALL_012308,2023-10-02,PERSON_00158,PERSON_00061,341,PHONE_00158,voice
CALL_012309,2022-02-16,PERSON_00159,PERSON_00090,17,PHONE_00159,voice
CALL_012310,2023-01-22,PERSON_00160,PERSON_00119,855,PHONE_00160,voice
CALL_012311,2024-03-17,PERSON_00161,PERSON_00074,179,PHONE_00161,voice
CALL_012312,2021-05-03,PERSON_00162,PERSON_00177,52,PHONE_00162,voice
CALL_012313,2024-05-24,PERSON_00163,PERSON_00206,690,PHONE_00163,missed
CALL_012314,2021-01-24,PERSON_00164,PERSON_00235,390,PHONE_00164,missed
CALL_012315,2021-06-26,PERSON_00165,PERSON_00264,598,PHONE_00165,voice
CALL_012316,2023-01-13,PERSON_00166,PERSON_00290,29,PHONE_00166,missed
CALL_012317,2025-02-16,PERSON_00167,PERSON_00322,715,PHONE_00167,voice
CALL_012318,2026-03-25,PERSON_00168,PERSON_00351,168,PHONE_00168,voice
CALL_012319,2025-08-06,PERSON_00169,PERSON_00380,826,PHONE_00169,missed
CALL_012320,2023-09-19,PERSON_00170,PERSON_00409,685,PHONE_00170,voice
CALL_012321,2022-12-25,PERSON_00171,PERSON_00122,13,PHONE_00171,missed
CALL_012322,2021-08-10,PERSON_00172,PERSON_00017,609,PHONE_00172,missed
CALL_012323,2021-05-18,PERSON_00173,PERSON_00046,394,PHONE_00173,voice
CALL_012324,2025-04-06,PERSON_00174,PERSON_00075,745,PHONE_00174,missed
CALL_012325,2024-12-30,PERSON_00175,PERSON_00104,800,PHONE_00175,missed
CALL_012326,2024-12-17,PERSON_00176,PERSON_00133,685,PHONE_00176,voice
CALL_012327,2021-09-24,PERSON_00177,PERSON_00162,767,PHONE_00177,missed
CALL_012328,2021-05-24,PERSON_00178,PERSON_00191,899,PHONE_00178,voice
CALL_012329,2026-01-30,PERSON_00179,PERSON_00220,784,PHONE_00179,voice
CALL_012330,2021-11-14,PERSON_00180,PERSON_00249,193,PHONE_00180,voice
CALL_012331,2023-07-31,PERSON_00181,PERSON_00278,668,PHONE_00181,voice
CALL_012332,2022-01-26,PERSON_00182,PERSON_00307,684,PHONE_00182,missed
CALL_012333,2022-07-11,PERSON_00183,PERSON_00336,837,PHONE_00183,voice
CALL_012334,2024-06-27,PERSON_00184,PERSON_00365,900,PHONE_00184,missed
CALL_012335,2024-03-24,PERSON_00185,PERSON_00394,623,PHONE_00185,voice
CALL_012336,2022-11-17,PERSON_00186,PERSON_00423,725,PHONE_00186,voice
CALL_012337,2025-02-03,PERSON_00187,PERSON_00002,329,PHONE_00187,voice
CALL_012338,2025-01-04,PERSON_00188,PERSON_00031,21,PHONE_00188,voice
CALL_012339,2025-06-28,PERSON_00189,PERSON_00060,338,PHONE_00189,voice
CALL_012340,2024-04-16,PERSON_00190,PERSON_00089,300,PHONE_00190,voice
CALL_012341,2022-02-17,PERSON_00191,PERSON_00076,25,PHONE_00191,missed
CALL_012342,2022-07-13,PERSON_00192,PERSON_00147,253,PHONE_00192,voice
CALL_012343,2023-08-18,PERSON_00193,PERSON_00176,682,PHONE_00193,missed
CALL_012344,2024-10-02,PERSON_00194,PERSON_00205,588,PHONE_00194,missed
CALL_012345,2022-11-11,PERSON_00195,PERSON_00234,371,PHONE_00195,voice
CALL_012346,2025-06-21,PERSON_00196,PERSON_00209,43,PHONE_00196,voice
CALL_012347,2021-10-20,PERSON_00197,PERSON_00292,56,PHONE_00197,voice
CALL_012348,2025-02-17,PERSON_00198,PERSON_00321,321,PHONE_00198,missed
CALL_012349,2024-10-06,PERSON_00199,PERSON_00350,557,PHONE_00199,voice
CALL_012350,2023-06-26,PERSON_00200,PERSON_00379,601,PHONE_00200,missed
CALL_012351,2025-09-22,PERSON_00201,PERSON_00408,853,PHONE_00201,voice
CALL_012352,2023-04-05,PERSON_00202,PERSON_00437,83,PHONE_00202,missed
CALL_012353,2025-12-04,PERSON_00203,PERSON_00016,756,PHONE_00203,voice
CALL_012354,2024-09-28,PERSON_00204,PERSON_00045,370,PHONE_00204,voice
CALL_012355,2025-09-19,PERSON_00205,PERSON_00074,244,PHONE_00205,voice
CALL_012356,2023-12-01,PERSON_00206,PERSON_00103,139,PHONE_00206,voice
CALL_012357,2025-03-12,PERSON_00207,PERSON_00132,110,PHONE_00207,voice
CALL_012358,2024-05-03,PERSON_00208,PERSON_00161,795,PHONE_00208,voice
CALL_012359,2022-06-07,PERSON_00209,PERSON_00190,234,PHONE_00209,voice
CALL_012360,2023-10-21,PERSON_00210,PERSON_00219,539,PHONE_00210,voice
CALL_012361,2021-01-29,PERSON_00211,PERSON_00248,883,PHONE_00211,voice
CALL_012362,2021-03-09,PERSON_00212,PERSON_00277,230,PHONE_00212,missed
CALL_012363,2025-10-26,PERSON_00213,PERSON_00306,220,PHONE_00213,missed
CALL_012364,2021-09-04,PERSON_00214,PERSON_00335,765,PHONE_00214,voice
CALL_012365,2024-05-02,PERSON_00215,PERSON_00364,460,PHONE_00215,voice
CALL_012366,2026-06-25,PERSON_00216,PERSON_00436,69,PHONE_00216,voice
CALL_012367,2025-06-24,PERSON_00217,PERSON_00422,183,PHONE_00217,missed
CALL_012368,2026-06-06,PERSON_00218,PERSON_00001,530,PHONE_00218,voice
CALL_012369,2024-08-28,PERSON_00219,PERSON_00030,451,PHONE_00219,missed
CALL_012370,2024-09-27,PERSON_00220,PERSON_00059,171,PHONE_00220,missed
CALL_012371,2025-08-26,PERSON_00221,PERSON_00171,107,PHONE_00221,missed
CALL_012372,2024-07-18,PERSON_00222,PERSON_00117,757,PHONE_00222,voice
CALL_012373,2022-01-22,PERSON_00223,PERSON_00146,650,PHONE_00223,voice
CALL_012374,2025-07-27,PERSON_00224,PERSON_00175,319,PHONE_00224,voice
CALL_012375,2023-09-22,PERSON_00225,PERSON_00204,667,PHONE_00225,voice
CALL_012376,2024-01-12,PERSON_00226,PERSON_00014,74,PHONE_00226,voice
CALL_012377,2023-12-18,PERSON_00227,PERSON_00262,208,PHONE_00227,voice
CALL_012378,2022-06-29,PERSON_00228,PERSON_00291,743,PHONE_00228,missed
CALL_012379,2025-03-04,PERSON_00229,PERSON_00320,770,PHONE_00229,missed
CALL_012380,2024-06-21,PERSON_00230,PERSON_00349,289,PHONE_00230,missed
CALL_012381,2023-05-09,PERSON_00231,PERSON_00081,88,PHONE_00231,missed
CALL_012382,2022-04-10,PERSON_00232,PERSON_00407,359,PHONE_00232,voice
CALL_012383,2023-01-04,PERSON_00233,PERSON_00436,779,PHONE_00233,voice
CALL_012384,2023-02-09,PERSON_00234,PERSON_00015,822,PHONE_00234,voice
CALL_012385,2022-09-14,PERSON_00235,PERSON_00044,88,PHONE_00235,voice
CALL_012386,2021-12-16,PERSON_00236,PERSON_00073,421,PHONE_00236,missed
CALL_012387,2023-02-26,PERSON_00237,PERSON_00102,149,PHONE_00237,voice
CALL_012388,2023-07-25,PERSON_00238,PERSON_00131,425,PHONE_00238,voice
CALL_012389,2025-12-11,PERSON_00239,PERSON_00160,775,PHONE_00239,voice
CALL_012390,2023-07-25,PERSON_00240,PERSON_00189,542,PHONE_00240,missed
CALL_012391,2025-12-22,PERSON_00241,PERSON_00256,97,PHONE_00241,missed
CALL_012392,2022-07-20,PERSON_00242,PERSON_00247,22,PHONE_00242,voice
CALL_012393,2023-05-07,PERSON_00243,PERSON_00276,502,PHONE_00243,voice
CALL_012394,2022-10-20,PERSON_00244,PERSON_00305,214,PHONE_00244,voice
CALL_012395,2021-11-04,PERSON_00245,PERSON_00334,569,PHONE_00245,voice
CALL_012396,2024-12-23,PERSON_00246,PERSON_00363,420,PHONE_00246,voice
CALL_012397,2021-01-01,PERSON_00247,PERSON_00392,727,PHONE_00247,voice
CALL_012398,2026-04-16,PERSON_00248,PERSON_00421,630,PHONE_00248,missed
CALL_012399,2021-04-14,PERSON_00249,PERSON_00450,117,PHONE_00249,voice
CALL_012400,2023-08-29,PERSON_00250,PERSON_00029,834,PHONE_00250,missed
CALL_012401,2021-12-11,PERSON_00251,PERSON_00058,836,PHONE_00251,voice
CALL_012402,2025-06-03,PERSON_00252,PERSON_00087,576,PHONE_00252,voice
CALL_012403,2025-09-29,PERSON_00253,PERSON_00116,76,PHONE_00253,voice
CALL_012404,2025-08-02,PERSON_00254,PERSON_00145,70,PHONE_00254,voice
CALL_012405,2022-10-10,PERSON_00255,PERSON_00174,64,PHONE_00255,voice
CALL_012406,2023-01-12,PERSON_00256,PERSON_00209,115,PHONE_00256,voice
CALL_012407,2025-10-25,PERSON_00257,PERSON_00232,599,PHONE_00257,voice
CALL_012408,2021-01-10,PERSON_00258,PERSON_00261,113,PHONE_00258,voice
CALL_012409,2021-09-10,PERSON_00259,PERSON_00290,828,PHONE_00259,voice
CALL_012410,2025-12-02,PERSON_00260,PERSON_00319,664,PHONE_00260,missed
CALL_012411,2025-05-15,PERSON_00261,PERSON_00348,110,PHONE_00261,missed
CALL_012412,2022-04-22,PERSON_00262,PERSON_00377,798,PHONE_00262,missed
CALL_012413,2025-07-11,PERSON_00263,PERSON_00406,505,PHONE_00263,voice
CALL_012414,2021-12-17,PERSON_00264,PERSON_00435,708,PHONE_00264,voice
CALL_012415,2024-08-31,PERSON_00265,PERSON_00014,152,PHONE_00265,voice
CALL_012416,2026-05-18,PERSON_00266,PERSON_00043,741,PHONE_00266,voice
CALL_012417,2026-06-09,PERSON_00267,PERSON_00072,469,PHONE_00267,voice
CALL_012418,2024-07-27,PERSON_00268,PERSON_00101,859,PHONE_00268,voice
CALL_012419,2026-04-08,PERSON_00269,PERSON_00130,144,PHONE_00269,missed
CALL_012420,2022-04-25,PERSON_00270,PERSON_00159,105,PHONE_00270,voice
CALL_012421,2026-02-03,PERSON_00271,PERSON_00290,165,PHONE_00271,missed
CALL_012422,2024-09-24,PERSON_00272,PERSON_00217,386,PHONE_00272,voice
CALL_012423,2022-10-16,PERSON_00273,PERSON_00246,569,PHONE_00273,voice
CALL_012424,2022-09-08,PERSON_00274,PERSON_00275,867,PHONE_00274,voice
CALL_012425,2026-04-11,PERSON_00275,PERSON_00304,441,PHONE_00275,voice
CALL_012426,2024-06-08,PERSON_00276,PERSON_00333,654,PHONE_00276,missed
CALL_012427,2022-03-07,PERSON_00277,PERSON_00362,262,PHONE_00277,missed
CALL_012428,2023-03-12,PERSON_00278,PERSON_00391,197,PHONE_00278,missed
CALL_012429,2025-08-18,PERSON_00279,PERSON_00420,447,PHONE_00279,voice
CALL_012430,2023-02-13,PERSON_00280,PERSON_00449,445,PHONE_00280,missed
CALL_012431,2025-12-22,PERSON_00281,PERSON_00028,532,PHONE_00281,voice
CALL_012432,2022-03-08,PERSON_00282,PERSON_00057,707,PHONE_00282,voice
CALL_012433,2021-03-28,PERSON_00283,PERSON_00086,635,PHONE_00283,missed
CALL_012434,2022-12-22,PERSON_00284,PERSON_00115,711,PHONE_00284,voice
CALL_012435,2021-08-25,PERSON_00285,PERSON_00144,54,PHONE_00285,missed
CALL_012436,2023-05-16,PERSON_00286,PERSON_00144,92,PHONE_00286,missed
CALL_012437,2024-04-24,PERSON_00287,PERSON_00202,635,PHONE_00287,voice
CALL_012438,2021-10-05,PERSON_00288,PERSON_00231,119,PHONE_00288,missed
CALL_012439,2021-08-20,PERSON_00289,PERSON_00260,424,PHONE_00289,missed
CALL_012440,2022-04-30,PERSON_00290,PERSON_00289,223,PHONE_00290,voice
CALL_012441,2026-04-21,PERSON_00291,PERSON_00370,82,PHONE_00291,missed
CALL_012442,2021-03-04,PERSON_00292,PERSON_00347,100,PHONE_00292,voice
CALL_012443,2024-08-28,PERSON_00293,PERSON_00376,437,PHONE_00293,voice
CALL_012444,2024-03-17,PERSON_00294,PERSON_00405,358,PHONE_00294,voice
CALL_012445,2022-08-16,PERSON_00295,PERSON_00434,409,PHONE_00295,missed
CALL_012446,2021-05-15,PERSON_00296,PERSON_00013,38,PHONE_00296,missed
CALL_012447,2024-12-12,PERSON_00297,PERSON_00042,587,PHONE_00297,voice
CALL_012448,2021-01-12,PERSON_00298,PERSON_00071,522,PHONE_00298,voice
CALL_012449,2022-05-26,PERSON_00299,PERSON_00100,187,PHONE_00299,missed
CALL_012450,2024-10-21,PERSON_00300,PERSON_00129,259,PHONE_00300,missed
CALL_012451,2025-03-07,PERSON_00301,PERSON_00449,98,PHONE_00301,voice
CALL_012452,2023-07-17,PERSON_00302,PERSON_00187,223,PHONE_00302,voice
CALL_012453,2024-10-15,PERSON_00303,PERSON_00216,48,PHONE_00303,missed
CALL_012454,2021-02-16,PERSON_00304,PERSON_00245,748,PHONE_00304,missed
CALL_012455,2024-08-18,PERSON_00305,PERSON_00274,307,PHONE_00305,voice
CALL_012456,2021-08-15,PERSON_00306,PERSON_00303,589,PHONE_00306,voice
CALL_012457,2024-12-06,PERSON_00307,PERSON_00332,290,PHONE_00307,voice
CALL_012458,2024-12-18,PERSON_00308,PERSON_00361,569,PHONE_00308,missed
CALL_012459,2025-11-29,PERSON_00309,PERSON_00390,101,PHONE_00309,missed
CALL_012460,2022-01-31,PERSON_00310,PERSON_00419,415,PHONE_00310,voice
CALL_012461,2021-06-12,PERSON_00311,PERSON_00448,33,PHONE_00311,voice
CALL_012462,2022-06-17,PERSON_00312,PERSON_00027,463,PHONE_00312,missed
CALL_012463,2026-06-25,PERSON_00313,PERSON_00056,130,PHONE_00313,voice
CALL_012464,2022-09-23,PERSON_00314,PERSON_00085,860,PHONE_00314,voice
CALL_012465,2024-12-24,PERSON_00315,PERSON_00114,867,PHONE_00315,voice
CALL_012466,2025-07-20,PERSON_00316,PERSON_00143,223,PHONE_00316,voice
CALL_012467,2021-09-25,PERSON_00317,PERSON_00172,388,PHONE_00317,missed
CALL_012468,2025-02-14,PERSON_00318,PERSON_00201,352,PHONE_00318,missed
CALL_012469,2022-12-13,PERSON_00319,PERSON_00230,140,PHONE_00319,missed
CALL_012470,2024-12-31,PERSON_00320,PERSON_00259,867,PHONE_00320,voice
CALL_012471,2022-02-05,PERSON_00321,PERSON_00389,72,PHONE_00321,voice
CALL_012472,2023-07-07,PERSON_00322,PERSON_00317,344,PHONE_00322,missed
CALL_012473,2026-05-15,PERSON_00323,PERSON_00346,655,PHONE_00323,voice
CALL_012474,2025-09-06,PERSON_00324,PERSON_00375,855,PHONE_00324,voice
CALL_012475,2023-12-11,PERSON_00325,PERSON_00404,98,PHONE_00325,missed
CALL_012476,2024-10-29,PERSON_00326,PERSON_00433,199,PHONE_00326,missed
CALL_012477,2025-02-10,PERSON_00327,PERSON_00012,749,PHONE_00327,voice
CALL_012478,2021-05-25,PERSON_00328,PERSON_00041,303,PHONE_00328,voice
CALL_012479,2021-11-20,PERSON_00329,PERSON_00070,256,PHONE_00329,voice
CALL_012480,2025-07-28,PERSON_00330,PERSON_00099,876,PHONE_00330,voice
CALL_012481,2022-08-30,PERSON_00331,PERSON_00219,169,PHONE_00331,missed
CALL_012482,2024-10-20,PERSON_00332,PERSON_00157,620,PHONE_00332,missed
CALL_012483,2026-05-04,PERSON_00333,PERSON_00186,857,PHONE_00333,missed
CALL_012484,2025-11-17,PERSON_00334,PERSON_00215,781,PHONE_00334,voice
CALL_012485,2025-12-12,PERSON_00335,PERSON_00244,705,PHONE_00335,missed
CALL_012486,2024-12-10,PERSON_00336,PERSON_00436,101,PHONE_00336,missed
CALL_012487,2026-03-16,PERSON_00337,PERSON_00302,452,PHONE_00337,missed
CALL_012488,2022-12-27,PERSON_00338,PERSON_00331,33,PHONE_00338,voice
CALL_012489,2023-10-27,PERSON_00339,PERSON_00360,282,PHONE_00339,voice
CALL_012490,2024-05-21,PERSON_00340,PERSON_00389,401,PHONE_00340,voice
CALL_012491,2025-04-20,PERSON_00341,PERSON_00418,409,PHONE_00341,voice
CALL_012492,2024-06-23,PERSON_00342,PERSON_00447,169,PHONE_00342,voice
CALL_012493,2024-09-02,PERSON_00343,PERSON_00026,472,PHONE_00343,voice
CALL_012494,2024-05-25,PERSON_00344,PERSON_00055,449,PHONE_00344,missed
CALL_012495,2026-04-20,PERSON_00345,PERSON_00084,664,PHONE_00345,missed
CALL_012496,2026-03-10,PERSON_00346,PERSON_00113,726,PHONE_00346,voice
CALL_012497,2025-10-29,PERSON_00347,PERSON_00142,91,PHONE_00347,voice
CALL_012498,2023-11-11,PERSON_00348,PERSON_00171,203,PHONE_00348,voice
CALL_012499,2025-02-05,PERSON_00349,PERSON_00200,127,PHONE_00349,missed
CALL_012500,2024-08-25,PERSON_00350,PERSON_00229,637,PHONE_00350,missed
CALL_012501,2026-05-05,PERSON_00351,PERSON_00258,686,PHONE_00351,missed
CALL_012502,2021-10-21,PERSON_00352,PERSON_00287,188,PHONE_00352,missed
CALL_012503,2025-03-30,PERSON_00353,PERSON_00316,491,PHONE_00353,voice
CALL_012504,2026-03-26,PERSON_00354,PERSON_00345,763,PHONE_00354,voice
CALL_012505,2024-10-13,PERSON_00355,PERSON_00374,346,PHONE_00355,voice
CALL_012506,2023-12-31,PERSON_00356,PERSON_00403,796,PHONE_00356,voice
CALL_012507,2022-06-25,PERSON_00357,PERSON_00432,675,PHONE_00357,voice
CALL_012508,2025-04-09,PERSON_00358,PERSON_00011,70,PHONE_00358,missed
CALL_012509,2022-10-19,PERSON_00359,PERSON_00040,423,PHONE_00359,missed
CALL_012510,2022-06-21,PERSON_00360,PERSON_00069,615,PHONE_00360,voice
CALL_012511,2021-05-16,PERSON_00361,PERSON_00098,519,PHONE_00361,missed
CALL_012512,2023-04-19,PERSON_00362,PERSON_00127,456,PHONE_00362,voice
CALL_012513,2025-10-14,PERSON_00363,PERSON_00156,36,PHONE_00363,missed
CALL_012514,2025-12-17,PERSON_00364,PERSON_00185,28,PHONE_00364,voice
CALL_012515,2023-05-04,PERSON_00365,PERSON_00214,332,PHONE_00365,voice
CALL_012516,2022-03-17,PERSON_00366,PERSON_00065,168,PHONE_00366,voice
CALL_012517,2026-06-17,PERSON_00367,PERSON_00272,131,PHONE_00367,missed
CALL_012518,2025-11-01,PERSON_00368,PERSON_00301,839,PHONE_00368,voice
CALL_012519,2023-08-08,PERSON_00369,PERSON_00330,407,PHONE_00369,missed
CALL_012520,2025-12-26,PERSON_00370,PERSON_00359,262,PHONE_00370,voice
CALL_012521,2022-09-13,PERSON_00371,PERSON_00340,118,PHONE_00371,voice
CALL_012522,2023-02-12,PERSON_00372,PERSON_00417,485,PHONE_00372,voice
CALL_012523,2024-10-27,PERSON_00373,PERSON_00446,489,PHONE_00373,voice
CALL_012524,2025-04-02,PERSON_00374,PERSON_00025,336,PHONE_00374,missed
CALL_012525,2022-12-29,PERSON_00375,PERSON_00054,46,PHONE_00375,voice
CALL_012526,2024-01-07,PERSON_00376,PERSON_00179,151,PHONE_00376,missed
CALL_012527,2024-09-26,PERSON_00377,PERSON_00112,449,PHONE_00377,voice
CALL_012528,2026-03-20,PERSON_00378,PERSON_00141,803,PHONE_00378,missed
CALL_012529,2023-08-03,PERSON_00379,PERSON_00170,53,PHONE_00379,voice
CALL_012530,2026-06-21,PERSON_00380,PERSON_00199,58,PHONE_00380,missed
CALL_012531,2025-03-30,PERSON_00381,PERSON_00065,113,PHONE_00381,voice
CALL_012532,2026-05-30,PERSON_00382,PERSON_00257,34,PHONE_00382,voice
CALL_012533,2026-05-19,PERSON_00383,PERSON_00286,32,PHONE_00383,voice
CALL_012534,2024-07-21,PERSON_00384,PERSON_00315,812,PHONE_00384,voice
CALL_012535,2024-01-08,PERSON_00385,PERSON_00344,547,PHONE_00385,voice
CALL_012536,2022-03-21,PERSON_00386,PERSON_00373,294,PHONE_00386,missed
CALL_012537,2022-09-29,PERSON_00387,PERSON_00402,260,PHONE_00387,voice
CALL_012538,2024-04-12,PERSON_00388,PERSON_00431,211,PHONE_00388,voice
CALL_012539,2026-01-08,PERSON_00389,PERSON_00010,644,PHONE_00389,voice
CALL_012540,2021-01-27,PERSON_00390,PERSON_00039,500,PHONE_00390,voice
CALL_012541,2023-06-09,PERSON_00391,PERSON_00159,46,PHONE_00391,missed
CALL_012542,2025-03-20,PERSON_00392,PERSON_00097,73,PHONE_00392,missed
CALL_012543,2024-08-31,PERSON_00393,PERSON_00126,292,PHONE_00393,voice
CALL_012544,2024-11-18,PERSON_00394,PERSON_00155,597,PHONE_00394,missed
CALL_012545,2024-08-07,PERSON_00395,PERSON_00184,540,PHONE_00395,voice
CALL_012546,2022-01-09,PERSON_00396,PERSON_00213,722,PHONE_00396,missed
CALL_012547,2024-08-26,PERSON_00397,PERSON_00242,87,PHONE_00397,missed
CALL_012548,2022-10-14,PERSON_00398,PERSON_00271,193,PHONE_00398,voice
CALL_012549,2026-01-13,PERSON_00399,PERSON_00300,794,PHONE_00399,voice
CALL_012550,2026-02-26,PERSON_00400,PERSON_00329,793,PHONE_00400,missed
CALL_012551,2021-09-27,PERSON_00401,PERSON_00389,36,PHONE_00401,voice
CALL_012552,2026-05-28,PERSON_00402,PERSON_00387,716,PHONE_00402,voice
CALL_012553,2025-01-14,PERSON_00403,PERSON_00416,590,PHONE_00403,voice
CALL_012554,2025-10-30,PERSON_00404,PERSON_00445,385,PHONE_00404,missed
CALL_012555,2021-01-29,PERSON_00405,PERSON_00024,209,PHONE_00405,voice
CALL_012556,2023-02-27,PERSON_00406,PERSON_00256,78,PHONE_00406,voice
CALL_012557,2026-04-01,PERSON_00407,PERSON_00082,343,PHONE_00407,voice
CALL_012558,2023-09-22,PERSON_00408,PERSON_00111,797,PHONE_00408,missed
CALL_012559,2024-08-08,PERSON_00409,PERSON_00140,664,PHONE_00409,voice
CALL_012560,2025-06-11,PERSON_00410,PERSON_00169,418,PHONE_00410,voice
CALL_012561,2021-01-27,PERSON_00411,PERSON_00439,179,PHONE_00411,missed
CALL_012562,2025-05-02,PERSON_00412,PERSON_00227,111,PHONE_00412,voice
CALL_012563,2022-12-03,PERSON_00413,PERSON_00256,58,PHONE_00413,missed
CALL_012564,2024-06-06,PERSON_00414,PERSON_00285,344,PHONE_00414,voice
CALL_012565,2021-10-17,PERSON_00415,PERSON_00314,624,PHONE_00415,missed
CALL_012566,2023-06-25,PERSON_00416,PERSON_00343,216,PHONE_00416,missed
CALL_012567,2026-06-11,PERSON_00417,PERSON_00372,134,PHONE_00417,voice
CALL_012568,2023-10-12,PERSON_00418,PERSON_00401,757,PHONE_00418,voice
CALL_012569,2024-01-28,PERSON_00419,PERSON_00430,809,PHONE_00419,voice
CALL_012570,2024-03-21,PERSON_00420,PERSON_00009,866,PHONE_00420,missed
CALL_012571,2023-06-01,PERSON_00421,PERSON_00038,760,PHONE_00421,missed
CALL_012572,2025-06-08,PERSON_00422,PERSON_00067,715,PHONE_00422,missed
CALL_012573,2025-02-26,PERSON_00423,PERSON_00096,656,PHONE_00423,voice
CALL_012574,2024-03-14,PERSON_00424,PERSON_00125,66,PHONE_00424,missed
CALL_012575,2025-11-20,PERSON_00425,PERSON_00154,563,PHONE_00425,missed
CALL_012576,2024-03-16,PERSON_00426,PERSON_00183,547,PHONE_00426,voice
CALL_012577,2026-05-14,PERSON_00427,PERSON_00212,110,PHONE_00427,voice
CALL_012578,2021-09-29,PERSON_00428,PERSON_00241,303,PHONE_00428,voice
CALL_012579,2025-05-02,PERSON_00429,PERSON_00270,661,PHONE_00429,voice
CALL_012580,2023-03-24,PERSON_00430,PERSON_00299,324,PHONE_00430,voice
CALL_012581,2023-05-16,PERSON_00431,PERSON_00328,209,PHONE_00431,missed
CALL_012582,2023-01-03,PERSON_00432,PERSON_00357,123,PHONE_00432,voice
CALL_012583,2025-12-05,PERSON_00433,PERSON_00386,555,PHONE_00433,voice
CALL_012584,2024-02-24,PERSON_00434,PERSON_00415,703,PHONE_00434,voice
CALL_012585,2021-10-07,PERSON_00435,PERSON_00444,500,PHONE_00435,voice
CALL_012586,2026-01-19,PERSON_00436,PERSON_00268,67,PHONE_00436,voice
CALL_012587,2023-11-30,PERSON_00437,PERSON_00052,96,PHONE_00437,missed
CALL_012588,2023-03-16,PERSON_00438,PERSON_00081,886,PHONE_00438,voice
CALL_012589,2021-04-21,PERSON_00439,PERSON_00110,822,PHONE_00439,voice
CALL_012590,2022-08-28,PERSON_00440,PERSON_00139,874,PHONE_00440,voice
CALL_012591,2025-07-26,PERSON_00441,PERSON_00168,177,PHONE_00441,voice
CALL_012592,2025-01-16,PERSON_00442,PERSON_00197,120,PHONE_00442,voice
CALL_012593,2024-07-02,PERSON_00443,PERSON_00226,603,PHONE_00443,missed
CALL_012594,2022-02-02,PERSON_00444,PERSON_00255,848,PHONE_00444,missed
CALL_012595,2021-11-27,PERSON_00445,PERSON_00284,615,PHONE_00445,missed
CALL_012596,2026-03-20,PERSON_00446,PERSON_00313,621,PHONE_00446,voice
CALL_012597,2024-10-22,PERSON_00447,PERSON_00342,852,PHONE_00447,missed
CALL_012598,2024-07-29,PERSON_00448,PERSON_00371,75,PHONE_00448,missed
CALL_012599,2022-01-17,PERSON_00449,PERSON_00400,132,PHONE_00449,voice
CALL_012600,2021-10-22,PERSON_00450,PERSON_00429,556,PHONE_00450,voice
CALL_012601,2021-08-02,PERSON_00001,PERSON_00008,618,PHONE_00001,missed
CALL_012602,2023-05-23,PERSON_00002,PERSON_00037,568,PHONE_00002,missed
CALL_012603,2021-03-11,PERSON_00003,PERSON_00066,158,PHONE_00003,voice
CALL_012604,2022-04-04,PERSON_00004,PERSON_00095,478,PHONE_00004,voice
CALL_012605,2025-02-22,PERSON_00005,PERSON_00124,497,PHONE_00005,voice
CALL_012606,2023-06-23,PERSON_00006,PERSON_00038,115,PHONE_00006,missed
CALL_012607,2025-02-07,PERSON_00007,PERSON_00182,822,PHONE_00007,voice
CALL_012608,2021-01-18,PERSON_00008,PERSON_00211,68,PHONE_00008,voice
CALL_012609,2021-04-24,PERSON_00009,PERSON_00240,292,PHONE_00009,missed
CALL_012610,2025-11-10,PERSON_00010,PERSON_00269,359,PHONE_00010,missed
CALL_012611,2025-08-22,PERSON_00011,PERSON_00298,374,PHONE_00011,voice
CALL_012612,2024-11-02,PERSON_00012,PERSON_00327,154,PHONE_00012,voice
CALL_012613,2025-08-31,PERSON_00013,PERSON_00356,860,PHONE_00013,voice
CALL_012614,2024-03-04,PERSON_00014,PERSON_00385,551,PHONE_00014,voice
CALL_012615,2022-05-25,PERSON_00015,PERSON_00414,366,PHONE_00015,voice
CALL_012616,2022-04-29,PERSON_00016,PERSON_00331,73,PHONE_00016,missed
CALL_012617,2021-12-06,PERSON_00017,PERSON_00022,679,PHONE_00017,voice
CALL_012618,2025-10-06,PERSON_00018,PERSON_00051,773,PHONE_00018,voice
CALL_012619,2025-09-13,PERSON_00019,PERSON_00080,307,PHONE_00019,missed
CALL_012620,2023-09-14,PERSON_00020,PERSON_00109,374,PHONE_00020,missed
CALL_012621,2022-11-04,PERSON_00021,PERSON_00075,69,PHONE_00021,voice
CALL_012622,2022-07-29,PERSON_00022,PERSON_00167,881,PHONE_00022,missed
CALL_012623,2023-10-08,PERSON_00023,PERSON_00196,866,PHONE_00023,voice
CALL_012624,2023-12-24,PERSON_00024,PERSON_00225,564,PHONE_00024,voice
CALL_012625,2024-01-25,PERSON_00025,PERSON_00254,277,PHONE_00025,missed
CALL_012626,2021-05-13,PERSON_00026,PERSON_00283,569,PHONE_00026,missed
CALL_012627,2024-03-09,PERSON_00027,PERSON_00312,454,PHONE_00027,voice
CALL_012628,2023-10-17,PERSON_00028,PERSON_00341,630,PHONE_00028,voice
CALL_012629,2024-12-21,PERSON_00029,PERSON_00370,616,PHONE_00029,missed
CALL_012630,2021-01-22,PERSON_00030,PERSON_00399,372,PHONE_00030,voice
CALL_012631,2026-04-14,PERSON_00031,PERSON_00428,736,PHONE_00031,voice
CALL_012632,2024-01-20,PERSON_00032,PERSON_00007,402,PHONE_00032,voice
CALL_012633,2021-04-16,PERSON_00033,PERSON_00036,359,PHONE_00033,voice
CALL_012634,2024-04-25,PERSON_00034,PERSON_00065,541,PHONE_00034,voice
CALL_012635,2024-06-29,PERSON_00035,PERSON_00094,701,PHONE_00035,voice
CALL_012636,2024-02-19,PERSON_00036,PERSON_00123,844,PHONE_00036,voice
CALL_012637,2024-06-23,PERSON_00037,PERSON_00152,75,PHONE_00037,voice
CALL_012638,2025-07-04,PERSON_00038,PERSON_00181,169,PHONE_00038,missed
CALL_012639,2023-05-11,PERSON_00039,PERSON_00210,884,PHONE_00039,missed
CALL_012640,2022-06-14,PERSON_00040,PERSON_00239,403,PHONE_00040,missed
CALL_012641,2022-08-04,PERSON_00041,PERSON_00268,154,PHONE_00041,voice
CALL_012642,2024-01-27,PERSON_00042,PERSON_00297,868,PHONE_00042,voice
CALL_012643,2023-12-28,PERSON_00043,PERSON_00326,152,PHONE_00043,missed
CALL_012644,2021-02-19,PERSON_00044,PERSON_00355,130,PHONE_00044,voice
CALL_012645,2022-08-24,PERSON_00045,PERSON_00384,559,PHONE_00045,voice
CALL_012646,2022-10-18,PERSON_00046,PERSON_00242,144,PHONE_00046,voice
CALL_012647,2025-04-08,PERSON_00047,PERSON_00442,446,PHONE_00047,missed
CALL_012648,2024-09-16,PERSON_00048,PERSON_00021,782,PHONE_00048,missed
CALL_012649,2026-02-19,PERSON_00049,PERSON_00050,800,PHONE_00049,voice
CALL_012650,2021-08-18,PERSON_00050,PERSON_00079,16,PHONE_00050,voice
CALL_012651,2025-03-03,PERSON_00051,PERSON_00108,246,PHONE_00051,voice
CALL_012652,2025-04-30,PERSON_00052,PERSON_00137,877,PHONE_00052,missed
CALL_012653,2021-08-20,PERSON_00053,PERSON_00166,843,PHONE_00053,missed
CALL_012654,2023-01-21,PERSON_00054,PERSON_00195,74,PHONE_00054,missed
CALL_012655,2022-08-19,PERSON_00055,PERSON_00224,762,PHONE_00055,voice
CALL_012656,2022-12-02,PERSON_00056,PERSON_00253,605,PHONE_00056,voice
CALL_012657,2025-10-10,PERSON_00057,PERSON_00282,506,PHONE_00057,voice
CALL_012658,2021-04-21,PERSON_00058,PERSON_00311,745,PHONE_00058,voice
CALL_012659,2023-07-28,PERSON_00059,PERSON_00340,97,PHONE_00059,missed
CALL_012660,2022-04-17,PERSON_00060,PERSON_00369,332,PHONE_00060,voice
CALL_012661,2022-04-09,PERSON_00061,PERSON_00371,142,PHONE_00061,voice
CALL_012662,2023-03-31,PERSON_00062,PERSON_00427,553,PHONE_00062,missed
CALL_012663,2025-07-26,PERSON_00063,PERSON_00006,828,PHONE_00063,voice
CALL_012664,2024-02-18,PERSON_00064,PERSON_00035,387,PHONE_00064,missed
CALL_012665,2021-06-10,PERSON_00065,PERSON_00064,218,PHONE_00065,voice
CALL_012666,2023-02-09,PERSON_00066,PERSON_00093,47,PHONE_00066,missed
CALL_012667,2023-10-21,PERSON_00067,PERSON_00122,382,PHONE_00067,missed
CALL_012668,2022-05-17,PERSON_00068,PERSON_00151,496,PHONE_00068,voice
CALL_012669,2024-08-20,PERSON_00069,PERSON_00180,640,PHONE_00069,voice
CALL_012670,2025-05-31,PERSON_00070,PERSON_00209,356,PHONE_00070,voice
CALL_012671,2023-05-21,PERSON_00071,PERSON_00238,84,PHONE_00071,voice
CALL_012672,2021-02-19,PERSON_00072,PERSON_00267,816,PHONE_00072,voice
CALL_012673,2021-10-23,PERSON_00073,PERSON_00296,208,PHONE_00073,voice
CALL_012674,2022-04-11,PERSON_00074,PERSON_00325,273,PHONE_00074,missed
CALL_012675,2022-11-23,PERSON_00075,PERSON_00354,174,PHONE_00075,missed
CALL_012676,2022-02-02,PERSON_00076,PERSON_00182,167,PHONE_00076,voice
CALL_012677,2026-04-07,PERSON_00077,PERSON_00412,167,PHONE_00077,voice
CALL_012678,2021-04-04,PERSON_00078,PERSON_00441,682,PHONE_00078,voice
CALL_012679,2026-03-19,PERSON_00079,PERSON_00020,250,PHONE_00079,voice
CALL_012680,2023-08-09,PERSON_00080,PERSON_00049,291,PHONE_00080,voice
CALL_012681,2024-05-25,PERSON_00081,PERSON_00350,138,PHONE_00081,voice
CALL_012682,2022-12-21,PERSON_00082,PERSON_00107,812,PHONE_00082,voice
CALL_012683,2024-04-13,PERSON_00083,PERSON_00136,417,PHONE_00083,voice
CALL_012684,2022-11-06,PERSON_00084,PERSON_00165,569,PHONE_00084,voice
CALL_012685,2023-08-08,PERSON_00085,PERSON_00194,581,PHONE_00085,voice
CALL_012686,2021-06-29,PERSON_00086,PERSON_00268,23,PHONE_00086,voice
CALL_012687,2023-06-22,PERSON_00087,PERSON_00252,742,PHONE_00087,voice
CALL_012688,2022-05-17,PERSON_00088,PERSON_00281,553,PHONE_00088,missed
CALL_012689,2024-01-02,PERSON_00089,PERSON_00310,657,PHONE_00089,voice
CALL_012690,2021-09-02,PERSON_00090,PERSON_00339,669,PHONE_00090,missed
CALL_012691,2024-02-27,PERSON_00091,PERSON_00368,326,PHONE_00091,voice
CALL_012692,2022-01-08,PERSON_00092,PERSON_00397,838,PHONE_00092,voice
CALL_012693,2022-09-05,PERSON_00093,PERSON_00426,328,PHONE_00093,voice
CALL_012694,2022-07-03,PERSON_00094,PERSON_00005,53,PHONE_00094,voice
CALL_012695,2023-03-21,PERSON_00095,PERSON_00034,437,PHONE_00095,voice
CALL_012696,2023-08-12,PERSON_00096,PERSON_00063,31,PHONE_00096,voice
CALL_012697,2025-03-21,PERSON_00097,PERSON_00092,391,PHONE_00097,missed
CALL_012698,2024-09-18,PERSON_00098,PERSON_00121,124,PHONE_00098,voice
CALL_012699,2021-07-04,PERSON_00099,PERSON_00150,841,PHONE_00099,voice
CALL_012700,2023-05-20,PERSON_00100,PERSON_00179,749,PHONE_00100,voice
CALL_012701,2024-09-17,PERSON_00101,PERSON_00134,134,PHONE_00101,voice
CALL_012702,2021-05-08,PERSON_00102,PERSON_00237,61,PHONE_00102,voice
CALL_012703,2021-07-31,PERSON_00103,PERSON_00266,663,PHONE_00103,missed
CALL_012704,2026-03-17,PERSON_00104,PERSON_00295,756,PHONE_00104,voice
CALL_012705,2026-05-16,PERSON_00105,PERSON_00324,313,PHONE_00105,voice
CALL_012706,2026-05-30,PERSON_00106,PERSON_00290,151,PHONE_00106,missed
CALL_012707,2021-10-22,PERSON_00107,PERSON_00382,74,PHONE_00107,voice
CALL_012708,2021-11-09,PERSON_00108,PERSON_00411,687,PHONE_00108,voice
CALL_012709,2021-01-28,PERSON_00109,PERSON_00440,717,PHONE_00109,voice
CALL_012710,2025-02-03,PERSON_00110,PERSON_00019,565,PHONE_00110,voice
CALL_012711,2023-09-28,PERSON_00111,PERSON_00048,412,PHONE_00111,voice
CALL_012712,2024-11-15,PERSON_00112,PERSON_00077,19,PHONE_00112,voice
CALL_012713,2023-09-30,PERSON_00113,PERSON_00106,653,PHONE_00113,missed
CALL_012714,2026-02-19,PERSON_00114,PERSON_00135,699,PHONE_00114,voice
CALL_012715,2023-03-23,PERSON_00115,PERSON_00164,603,PHONE_00115,voice
CALL_012716,2023-12-05,PERSON_00116,PERSON_00193,301,PHONE_00116,voice
CALL_012717,2023-05-25,PERSON_00117,PERSON_00222,369,PHONE_00117,missed
CALL_012718,2022-09-24,PERSON_00118,PERSON_00251,169,PHONE_00118,missed
CALL_012719,2021-07-08,PERSON_00119,PERSON_00280,319,PHONE_00119,voice
CALL_012720,2024-01-05,PERSON_00120,PERSON_00309,43,PHONE_00120,voice
CALL_012721,2023-04-30,PERSON_00121,PERSON_00338,787,PHONE_00121,missed
CALL_012722,2026-02-11,PERSON_00122,PERSON_00367,480,PHONE_00122,missed
CALL_012723,2022-11-12,PERSON_00123,PERSON_00396,354,PHONE_00123,voice
CALL_012724,2023-01-12,PERSON_00124,PERSON_00425,286,PHONE_00124,voice
CALL_012725,2024-03-09,PERSON_00125,PERSON_00004,142,PHONE_00125,voice
CALL_012726,2022-06-10,PERSON_00126,PERSON_00122,82,PHONE_00126,voice
CALL_012727,2022-10-10,PERSON_00127,PERSON_00062,881,PHONE_00127,voice
CALL_012728,2023-01-10,PERSON_00128,PERSON_00091,894,PHONE_00128,voice
CALL_012729,2022-08-19,PERSON_00129,PERSON_00120,265,PHONE_00129,voice
CALL_012730,2022-07-03,PERSON_00130,PERSON_00149,593,PHONE_00130,voice
CALL_012731,2022-02-16,PERSON_00131,PERSON_00178,671,PHONE_00131,voice
CALL_012732,2021-10-05,PERSON_00132,PERSON_00207,819,PHONE_00132,missed
CALL_012733,2025-12-06,PERSON_00133,PERSON_00236,28,PHONE_00133,missed
CALL_012734,2022-11-20,PERSON_00134,PERSON_00265,745,PHONE_00134,voice
CALL_012735,2025-10-07,PERSON_00135,PERSON_00294,59,PHONE_00135,voice
CALL_012736,2025-06-25,PERSON_00136,PERSON_00323,148,PHONE_00136,missed
CALL_012737,2024-09-04,PERSON_00137,PERSON_00352,709,PHONE_00137,missed
CALL_012738,2023-10-10,PERSON_00138,PERSON_00381,56,PHONE_00138,voice
CALL_012739,2021-05-05,PERSON_00139,PERSON_00410,289,PHONE_00139,missed
CALL_012740,2026-01-24,PERSON_00140,PERSON_00439,775,PHONE_00140,missed
CALL_012741,2022-09-06,PERSON_00141,PERSON_00370,62,PHONE_00141,voice
CALL_012742,2024-10-10,PERSON_00142,PERSON_00047,100,PHONE_00142,missed
CALL_012743,2024-12-26,PERSON_00143,PERSON_00076,528,PHONE_00143,voice
CALL_012744,2021-02-13,PERSON_00144,PERSON_00105,393,PHONE_00144,voice
CALL_012745,2025-05-02,PERSON_00145,PERSON_00134,421,PHONE_00145,voice
CALL_012746,2026-04-02,PERSON_00146,PERSON_00163,65,PHONE_00146,voice
CALL_012747,2024-03-27,PERSON_00147,PERSON_00192,681,PHONE_00147,missed
CALL_012748,2021-07-10,PERSON_00148,PERSON_00221,264,PHONE_00148,missed
CALL_012749,2022-05-29,PERSON_00149,PERSON_00250,810,PHONE_00149,voice
CALL_012750,2024-08-01,PERSON_00150,PERSON_00279,691,PHONE_00150,voice
CALL_012751,2022-08-30,PERSON_00151,PERSON_00308,706,PHONE_00151,missed
CALL_012752,2025-11-06,PERSON_00152,PERSON_00337,285,PHONE_00152,voice
CALL_012753,2024-10-02,PERSON_00153,PERSON_00366,772,PHONE_00153,missed
CALL_012754,2023-02-06,PERSON_00154,PERSON_00395,23,PHONE_00154,missed
CALL_012755,2026-02-21,PERSON_00155,PERSON_00424,277,PHONE_00155,voice
CALL_012756,2023-12-25,PERSON_00156,PERSON_00331,39,PHONE_00156,voice
CALL_012757,2024-12-22,PERSON_00157,PERSON_00032,426,PHONE_00157,voice
CALL_012758,2023-07-25,PERSON_00158,PERSON_00061,71,PHONE_00158,voice
CALL_012759,2021-12-28,PERSON_00159,PERSON_00090,123,PHONE_00159,voice
CALL_012760,2023-10-10,PERSON_00160,PERSON_00119,189,PHONE_00160,missed
CALL_012761,2024-06-08,PERSON_00161,PERSON_00182,178,PHONE_00161,missed
CALL_012762,2026-05-17,PERSON_00162,PERSON_00177,510,PHONE_00162,missed
CALL_012763,2023-07-11,PERSON_00163,PERSON_00206,286,PHONE_00163,voice
CALL_012764,2022-06-23,PERSON_00164,PERSON_00235,688,PHONE_00164,missed
CALL_012765,2022-07-16,PERSON_00165,PERSON_00264,291,PHONE_00165,voice
CALL_012766,2022-03-13,PERSON_00166,PERSON_00300,25,PHONE_00166,voice
CALL_012767,2024-01-19,PERSON_00167,PERSON_00322,195,PHONE_00167,voice
CALL_012768,2021-05-17,PERSON_00168,PERSON_00351,156,PHONE_00168,missed
CALL_012769,2024-08-08,PERSON_00169,PERSON_00380,632,PHONE_00169,voice
CALL_012770,2025-05-08,PERSON_00170,PERSON_00409,501,PHONE_00170,voice
CALL_012771,2022-12-11,PERSON_00171,PERSON_00127,50,PHONE_00171,missed
CALL_012772,2022-09-21,PERSON_00172,PERSON_00017,629,PHONE_00172,voice
CALL_012773,2025-12-18,PERSON_00173,PERSON_00046,819,PHONE_00173,missed
CALL_012774,2024-08-02,PERSON_00174,PERSON_00075,441,PHONE_00174,voice
CALL_012775,2023-08-24,PERSON_00175,PERSON_00104,249,PHONE_00175,missed
CALL_012776,2026-03-25,PERSON_00176,PERSON_00133,427,PHONE_00176,voice
CALL_012777,2024-06-29,PERSON_00177,PERSON_00162,225,PHONE_00177,voice
CALL_012778,2021-10-31,PERSON_00178,PERSON_00191,876,PHONE_00178,voice
CALL_012779,2022-04-13,PERSON_00179,PERSON_00220,347,PHONE_00179,missed
CALL_012780,2023-10-02,PERSON_00180,PERSON_00249,355,PHONE_00180,missed
CALL_012781,2024-02-26,PERSON_00181,PERSON_00278,105,PHONE_00181,missed
CALL_012782,2024-12-12,PERSON_00182,PERSON_00307,22,PHONE_00182,voice
CALL_012783,2024-04-17,PERSON_00183,PERSON_00336,796,PHONE_00183,missed
CALL_012784,2021-01-26,PERSON_00184,PERSON_00365,360,PHONE_00184,voice
CALL_012785,2022-05-03,PERSON_00185,PERSON_00394,434,PHONE_00185,missed
CALL_012786,2022-08-09,PERSON_00186,PERSON_00423,119,PHONE_00186,missed
CALL_012787,2024-01-21,PERSON_00187,PERSON_00002,807,PHONE_00187,voice
CALL_012788,2021-07-24,PERSON_00188,PERSON_00031,275,PHONE_00188,voice
CALL_012789,2021-03-16,PERSON_00189,PERSON_00060,250,PHONE_00189,voice
CALL_012790,2025-10-22,PERSON_00190,PERSON_00089,761,PHONE_00190,missed
CALL_012791,2026-06-19,PERSON_00191,PERSON_00075,40,PHONE_00191,voice
CALL_012792,2024-01-15,PERSON_00192,PERSON_00147,337,PHONE_00192,voice
CALL_012793,2023-07-24,PERSON_00193,PERSON_00176,476,PHONE_00193,missed
CALL_012794,2024-06-28,PERSON_00194,PERSON_00205,464,PHONE_00194,missed
CALL_012795,2022-04-20,PERSON_00195,PERSON_00234,900,PHONE_00195,voice
CALL_012796,2023-11-29,PERSON_00196,PERSON_00159,138,PHONE_00196,voice
CALL_012797,2022-01-17,PERSON_00197,PERSON_00292,715,PHONE_00197,voice
CALL_012798,2021-09-29,PERSON_00198,PERSON_00321,665,PHONE_00198,missed
CALL_012799,2021-09-06,PERSON_00199,PERSON_00350,50,PHONE_00199,missed
CALL_012800,2025-03-07,PERSON_00200,PERSON_00379,101,PHONE_00200,missed
CALL_012801,2025-10-14,PERSON_00201,PERSON_00408,200,PHONE_00201,voice
CALL_012802,2026-05-10,PERSON_00202,PERSON_00437,332,PHONE_00202,voice
CALL_012803,2022-04-07,PERSON_00203,PERSON_00016,536,PHONE_00203,voice
CALL_012804,2022-05-21,PERSON_00204,PERSON_00045,404,PHONE_00204,voice
CALL_012805,2026-04-21,PERSON_00205,PERSON_00074,263,PHONE_00205,voice
CALL_012806,2025-02-02,PERSON_00206,PERSON_00103,362,PHONE_00206,missed
CALL_012807,2025-05-12,PERSON_00207,PERSON_00132,897,PHONE_00207,voice
CALL_012808,2021-07-30,PERSON_00208,PERSON_00161,339,PHONE_00208,missed
CALL_012809,2024-06-06,PERSON_00209,PERSON_00190,69,PHONE_00209,voice
CALL_012810,2022-08-08,PERSON_00210,PERSON_00219,627,PHONE_00210,missed
CALL_012811,2021-12-27,PERSON_00211,PERSON_00248,836,PHONE_00211,voice
CALL_012812,2025-03-17,PERSON_00212,PERSON_00277,729,PHONE_00212,voice
CALL_012813,2023-12-29,PERSON_00213,PERSON_00306,585,PHONE_00213,missed
CALL_012814,2022-05-09,PERSON_00214,PERSON_00335,848,PHONE_00214,voice
CALL_012815,2023-06-13,PERSON_00215,PERSON_00364,210,PHONE_00215,missed
CALL_012816,2025-03-09,PERSON_00216,PERSON_00128,9,PHONE_00216,missed
CALL_012817,2023-05-21,PERSON_00217,PERSON_00422,762,PHONE_00217,missed
CALL_012818,2024-04-13,PERSON_00218,PERSON_00001,146,PHONE_00218,voice
CALL_012819,2025-07-06,PERSON_00219,PERSON_00030,831,PHONE_00219,missed
CALL_012820,2026-01-24,PERSON_00220,PERSON_00059,899,PHONE_00220,voice
CALL_012821,2023-06-22,PERSON_00221,PERSON_00127,36,PHONE_00221,voice
CALL_012822,2023-04-04,PERSON_00222,PERSON_00117,444,PHONE_00222,missed
CALL_012823,2022-01-18,PERSON_00223,PERSON_00146,188,PHONE_00223,missed
CALL_012824,2023-01-08,PERSON_00224,PERSON_00175,453,PHONE_00224,voice
CALL_012825,2022-07-18,PERSON_00225,PERSON_00204,531,PHONE_00225,missed
CALL_012826,2021-02-10,PERSON_00226,PERSON_00075,136,PHONE_00226,voice
CALL_012827,2025-02-18,PERSON_00227,PERSON_00262,306,PHONE_00227,voice
CALL_012828,2023-05-02,PERSON_00228,PERSON_00291,47,PHONE_00228,missed
CALL_012829,2026-05-30,PERSON_00229,PERSON_00320,220,PHONE_00229,voice
CALL_012830,2025-08-05,PERSON_00230,PERSON_00349,120,PHONE_00230,missed
CALL_012831,2025-12-16,PERSON_00231,PERSON_00245,139,PHONE_00231,voice
CALL_012832,2022-08-01,PERSON_00232,PERSON_00407,90,PHONE_00232,missed
CALL_012833,2023-02-01,PERSON_00233,PERSON_00436,682,PHONE_00233,missed
CALL_012834,2021-02-21,PERSON_00234,PERSON_00015,78,PHONE_00234,voice
CALL_012835,2024-05-23,PERSON_00235,PERSON_00044,95,PHONE_00235,voice
CALL_012836,2025-01-29,PERSON_00236,PERSON_00073,138,PHONE_00236,voice
CALL_012837,2025-09-08,PERSON_00237,PERSON_00102,456,PHONE_00237,missed
CALL_012838,2026-06-03,PERSON_00238,PERSON_00131,619,PHONE_00238,voice
CALL_012839,2024-06-20,PERSON_00239,PERSON_00160,581,PHONE_00239,voice
CALL_012840,2021-05-10,PERSON_00240,PERSON_00189,671,PHONE_00240,missed
CALL_012841,2024-03-12,PERSON_00241,PERSON_00394,60,PHONE_00241,voice
CALL_012842,2021-03-02,PERSON_00242,PERSON_00247,295,PHONE_00242,voice
CALL_012843,2021-08-24,PERSON_00243,PERSON_00276,899,PHONE_00243,voice
CALL_012844,2024-07-25,PERSON_00244,PERSON_00305,82,PHONE_00244,missed
CALL_012845,2022-06-19,PERSON_00245,PERSON_00334,853,PHONE_00245,missed
CALL_012846,2025-07-12,PERSON_00246,PERSON_00363,847,PHONE_00246,voice
CALL_012847,2026-01-13,PERSON_00247,PERSON_00392,94,PHONE_00247,voice
CALL_012848,2026-06-02,PERSON_00248,PERSON_00421,184,PHONE_00248,voice
CALL_012849,2024-03-19,PERSON_00249,PERSON_00450,787,PHONE_00249,voice
CALL_012850,2022-12-22,PERSON_00250,PERSON_00029,666,PHONE_00250,voice
CALL_012851,2022-06-17,PERSON_00251,PERSON_00058,162,PHONE_00251,voice
CALL_012852,2025-06-09,PERSON_00252,PERSON_00087,639,PHONE_00252,missed
CALL_012853,2022-07-10,PERSON_00253,PERSON_00116,269,PHONE_00253,missed
CALL_012854,2024-08-20,PERSON_00254,PERSON_00145,493,PHONE_00254,voice
CALL_012855,2025-10-15,PERSON_00255,PERSON_00174,739,PHONE_00255,missed
CALL_012856,2022-09-10,PERSON_00256,PERSON_00245,53,PHONE_00256,voice
CALL_012857,2022-06-30,PERSON_00257,PERSON_00232,75,PHONE_00257,voice
CALL_012858,2021-07-28,PERSON_00258,PERSON_00261,328,PHONE_00258,missed
CALL_012859,2023-08-16,PERSON_00259,PERSON_00290,633,PHONE_00259,voice
CALL_012860,2021-04-12,PERSON_00260,PERSON_00319,17,PHONE_00260,voice
CALL_012861,2021-12-19,PERSON_00261,PERSON_00348,569,PHONE_00261,voice
CALL_012862,2024-04-11,PERSON_00262,PERSON_00377,110,PHONE_00262,voice
CALL_012863,2025-10-13,PERSON_00263,PERSON_00406,823,PHONE_00263,missed
CALL_012864,2026-02-01,PERSON_00264,PERSON_00435,113,PHONE_00264,voice
CALL_012865,2022-06-19,PERSON_00265,PERSON_00014,273,PHONE_00265,missed
CALL_012866,2026-01-16,PERSON_00266,PERSON_00043,353,PHONE_00266,voice
CALL_012867,2024-10-07,PERSON_00267,PERSON_00072,303,PHONE_00267,voice
CALL_012868,2023-12-04,PERSON_00268,PERSON_00101,714,PHONE_00268,voice
CALL_012869,2021-12-22,PERSON_00269,PERSON_00130,296,PHONE_00269,missed
CALL_012870,2023-10-18,PERSON_00270,PERSON_00159,55,PHONE_00270,voice
CALL_012871,2026-05-13,PERSON_00271,PERSON_00440,53,PHONE_00271,missed
CALL_012872,2021-10-09,PERSON_00272,PERSON_00217,178,PHONE_00272,missed
CALL_012873,2026-03-21,PERSON_00273,PERSON_00246,314,PHONE_00273,missed
CALL_012874,2021-12-24,PERSON_00274,PERSON_00275,208,PHONE_00274,voice
CALL_012875,2026-01-24,PERSON_00275,PERSON_00304,180,PHONE_00275,voice
CALL_012876,2022-01-27,PERSON_00276,PERSON_00333,821,PHONE_00276,voice
CALL_012877,2026-03-27,PERSON_00277,PERSON_00362,627,PHONE_00277,missed
CALL_012878,2024-10-26,PERSON_00278,PERSON_00391,900,PHONE_00278,voice
CALL_012879,2024-08-21,PERSON_00279,PERSON_00420,679,PHONE_00279,voice
CALL_012880,2024-11-10,PERSON_00280,PERSON_00449,739,PHONE_00280,missed
CALL_012881,2021-12-11,PERSON_00281,PERSON_00028,104,PHONE_00281,voice
CALL_012882,2022-05-10,PERSON_00282,PERSON_00057,716,PHONE_00282,voice
CALL_012883,2021-10-15,PERSON_00283,PERSON_00086,749,PHONE_00283,missed
CALL_012884,2024-03-01,PERSON_00284,PERSON_00115,571,PHONE_00284,voice
CALL_012885,2021-09-07,PERSON_00285,PERSON_00144,299,PHONE_00285,voice
CALL_012886,2021-01-29,PERSON_00286,PERSON_00268,178,PHONE_00286,voice
CALL_012887,2022-03-18,PERSON_00287,PERSON_00202,761,PHONE_00287,missed
CALL_012888,2023-09-15,PERSON_00288,PERSON_00231,829,PHONE_00288,voice
CALL_012889,2023-04-01,PERSON_00289,PERSON_00260,876,PHONE_00289,voice
CALL_012890,2023-03-22,PERSON_00290,PERSON_00289,693,PHONE_00290,missed
CALL_012891,2021-02-23,PERSON_00291,PERSON_00371,65,PHONE_00291,missed
CALL_012892,2023-03-17,PERSON_00292,PERSON_00347,583,PHONE_00292,voice
CALL_012893,2023-07-07,PERSON_00293,PERSON_00376,550,PHONE_00293,voice
CALL_012894,2024-01-21,PERSON_00294,PERSON_00405,732,PHONE_00294,missed
CALL_012895,2023-05-18,PERSON_00295,PERSON_00434,325,PHONE_00295,voice
CALL_012896,2023-01-13,PERSON_00296,PERSON_00013,852,PHONE_00296,voice
CALL_012897,2024-08-08,PERSON_00297,PERSON_00042,120,PHONE_00297,missed
CALL_012898,2025-12-26,PERSON_00298,PERSON_00071,547,PHONE_00298,missed
CALL_012899,2026-04-06,PERSON_00299,PERSON_00100,190,PHONE_00299,missed
CALL_012900,2023-06-18,PERSON_00300,PERSON_00129,893,PHONE_00300,voice
CALL_012901,2021-12-28,PERSON_00301,PERSON_00209,94,PHONE_00301,voice
CALL_012902,2022-03-09,PERSON_00302,PERSON_00187,647,PHONE_00302,voice
CALL_012903,2024-06-05,PERSON_00303,PERSON_00216,87,PHONE_00303,voice
CALL_012904,2022-07-08,PERSON_00304,PERSON_00245,867,PHONE_00304,voice
CALL_012905,2026-02-25,PERSON_00305,PERSON_00274,887,PHONE_00305,voice
CALL_012906,2023-04-13,PERSON_00306,PERSON_00303,667,PHONE_00306,voice
CALL_012907,2023-03-07,PERSON_00307,PERSON_00332,324,PHONE_00307,voice
CALL_012908,2025-06-27,PERSON_00308,PERSON_00361,584,PHONE_00308,missed
CALL_012909,2025-09-06,PERSON_00309,PERSON_00390,891,PHONE_00309,voice
CALL_012910,2021-03-12,PERSON_00310,PERSON_00419,140,PHONE_00310,voice
CALL_012911,2024-12-15,PERSON_00311,PERSON_00448,782,PHONE_00311,missed
CALL_012912,2025-10-12,PERSON_00312,PERSON_00027,525,PHONE_00312,voice
CALL_012913,2025-02-11,PERSON_00313,PERSON_00056,295,PHONE_00313,voice
CALL_012914,2021-11-25,PERSON_00314,PERSON_00085,178,PHONE_00314,missed
CALL_012915,2025-10-28,PERSON_00315,PERSON_00114,64,PHONE_00315,missed
CALL_012916,2023-08-25,PERSON_00316,PERSON_00143,437,PHONE_00316,missed
CALL_012917,2024-11-08,PERSON_00317,PERSON_00172,551,PHONE_00317,missed
CALL_012918,2025-04-24,PERSON_00318,PERSON_00201,608,PHONE_00318,voice
CALL_012919,2023-06-19,PERSON_00319,PERSON_00230,309,PHONE_00319,voice
CALL_012920,2021-03-21,PERSON_00320,PERSON_00259,45,PHONE_00320,missed
CALL_012921,2022-05-29,PERSON_00321,PERSON_00411,139,PHONE_00321,voice
CALL_012922,2024-07-15,PERSON_00322,PERSON_00317,541,PHONE_00322,missed
CALL_012923,2023-11-22,PERSON_00323,PERSON_00346,402,PHONE_00323,missed
CALL_012924,2023-12-04,PERSON_00324,PERSON_00375,811,PHONE_00324,voice
CALL_012925,2024-10-24,PERSON_00325,PERSON_00404,31,PHONE_00325,voice
CALL_012926,2022-04-14,PERSON_00326,PERSON_00433,879,PHONE_00326,voice
CALL_012927,2021-08-27,PERSON_00327,PERSON_00012,638,PHONE_00327,missed
CALL_012928,2025-02-01,PERSON_00328,PERSON_00041,254,PHONE_00328,voice
CALL_012929,2022-07-24,PERSON_00329,PERSON_00070,724,PHONE_00329,missed
CALL_012930,2025-11-11,PERSON_00330,PERSON_00099,417,PHONE_00330,voice
CALL_012931,2024-02-07,PERSON_00331,PERSON_00052,84,PHONE_00331,missed
CALL_012932,2021-04-09,PERSON_00332,PERSON_00157,128,PHONE_00332,missed
CALL_012933,2022-08-06,PERSON_00333,PERSON_00186,35,PHONE_00333,voice
CALL_012934,2022-07-29,PERSON_00334,PERSON_00215,540,PHONE_00334,voice
CALL_012935,2023-11-19,PERSON_00335,PERSON_00244,627,PHONE_00335,missed
CALL_012936,2023-08-27,PERSON_00336,PERSON_00355,13,PHONE_00336,voice
CALL_012937,2022-03-24,PERSON_00337,PERSON_00302,636,PHONE_00337,voice
CALL_012938,2025-10-27,PERSON_00338,PERSON_00331,260,PHONE_00338,voice
CALL_012939,2025-10-21,PERSON_00339,PERSON_00360,896,PHONE_00339,missed
CALL_012940,2021-05-20,PERSON_00340,PERSON_00389,377,PHONE_00340,voice
CALL_012941,2021-07-06,PERSON_00341,PERSON_00418,308,PHONE_00341,voice
CALL_012942,2025-05-28,PERSON_00342,PERSON_00447,764,PHONE_00342,voice
CALL_012943,2024-01-04,PERSON_00343,PERSON_00026,613,PHONE_00343,voice
CALL_012944,2023-09-14,PERSON_00344,PERSON_00055,496,PHONE_00344,missed
CALL_012945,2022-05-01,PERSON_00345,PERSON_00084,483,PHONE_00345,voice
CALL_012946,2024-06-22,PERSON_00346,PERSON_00113,611,PHONE_00346,voice
CALL_012947,2021-12-17,PERSON_00347,PERSON_00142,468,PHONE_00347,missed
CALL_012948,2022-08-29,PERSON_00348,PERSON_00171,431,PHONE_00348,voice
CALL_012949,2022-06-01,PERSON_00349,PERSON_00200,848,PHONE_00349,voice
CALL_012950,2025-04-16,PERSON_00350,PERSON_00229,317,PHONE_00350,voice
CALL_012951,2021-04-19,PERSON_00351,PERSON_00258,775,PHONE_00351,voice
CALL_012952,2023-11-01,PERSON_00352,PERSON_00287,225,PHONE_00352,missed
CALL_012953,2024-07-29,PERSON_00353,PERSON_00316,335,PHONE_00353,voice
CALL_012954,2024-07-09,PERSON_00354,PERSON_00345,160,PHONE_00354,voice
CALL_012955,2023-10-09,PERSON_00355,PERSON_00374,328,PHONE_00355,missed
CALL_012956,2024-10-17,PERSON_00356,PERSON_00403,698,PHONE_00356,missed
CALL_012957,2024-09-29,PERSON_00357,PERSON_00432,177,PHONE_00357,missed
CALL_012958,2025-09-23,PERSON_00358,PERSON_00011,599,PHONE_00358,voice
CALL_012959,2024-11-05,PERSON_00359,PERSON_00040,746,PHONE_00359,missed
CALL_012960,2023-10-18,PERSON_00360,PERSON_00069,859,PHONE_00360,voice
CALL_012961,2026-03-07,PERSON_00361,PERSON_00098,291,PHONE_00361,voice
CALL_012962,2023-09-25,PERSON_00362,PERSON_00127,409,PHONE_00362,missed
CALL_012963,2023-01-21,PERSON_00363,PERSON_00156,259,PHONE_00363,missed
CALL_012964,2025-11-10,PERSON_00364,PERSON_00185,860,PHONE_00364,voice
CALL_012965,2022-07-05,PERSON_00365,PERSON_00214,247,PHONE_00365,missed
CALL_012966,2022-05-26,PERSON_00366,PERSON_00202,43,PHONE_00366,voice
CALL_012967,2026-03-09,PERSON_00367,PERSON_00272,191,PHONE_00367,missed
CALL_012968,2021-07-05,PERSON_00368,PERSON_00301,208,PHONE_00368,voice
CALL_012969,2024-09-06,PERSON_00369,PERSON_00330,665,PHONE_00369,missed
CALL_012970,2023-10-18,PERSON_00370,PERSON_00359,356,PHONE_00370,voice
CALL_012971,2023-11-04,PERSON_00371,PERSON_00074,31,PHONE_00371,voice
CALL_012972,2022-02-08,PERSON_00372,PERSON_00417,820,PHONE_00372,voice
CALL_012973,2021-03-19,PERSON_00373,PERSON_00446,729,PHONE_00373,voice
CALL_012974,2024-12-11,PERSON_00374,PERSON_00025,238,PHONE_00374,voice
CALL_012975,2025-07-19,PERSON_00375,PERSON_00054,653,PHONE_00375,missed
CALL_012976,2022-03-31,PERSON_00376,PERSON_00355,164,PHONE_00376,missed
CALL_012977,2022-05-02,PERSON_00377,PERSON_00112,748,PHONE_00377,missed
CALL_012978,2025-11-03,PERSON_00378,PERSON_00141,312,PHONE_00378,voice
CALL_012979,2025-09-16,PERSON_00379,PERSON_00170,75,PHONE_00379,voice
CALL_012980,2022-06-14,PERSON_00380,PERSON_00199,154,PHONE_00380,voice
CALL_012981,2022-07-17,PERSON_00381,PERSON_00287,104,PHONE_00381,voice
CALL_012982,2024-06-23,PERSON_00382,PERSON_00257,893,PHONE_00382,voice
CALL_012983,2025-07-22,PERSON_00383,PERSON_00286,776,PHONE_00383,voice
CALL_012984,2023-07-15,PERSON_00384,PERSON_00315,868,PHONE_00384,voice
CALL_012985,2022-05-10,PERSON_00385,PERSON_00344,879,PHONE_00385,voice
CALL_012986,2024-12-17,PERSON_00386,PERSON_00373,680,PHONE_00386,voice
CALL_012987,2022-03-21,PERSON_00387,PERSON_00402,470,PHONE_00387,voice
CALL_012988,2022-08-13,PERSON_00388,PERSON_00431,230,PHONE_00388,voice
CALL_012989,2023-11-19,PERSON_00389,PERSON_00010,643,PHONE_00389,voice
CALL_012990,2023-08-09,PERSON_00390,PERSON_00039,116,PHONE_00390,missed
CALL_012991,2021-01-27,PERSON_00391,PERSON_00171,30,PHONE_00391,voice
CALL_012992,2023-05-19,PERSON_00392,PERSON_00097,509,PHONE_00392,voice
CALL_012993,2021-05-14,PERSON_00393,PERSON_00126,546,PHONE_00393,voice
CALL_012994,2025-08-07,PERSON_00394,PERSON_00155,652,PHONE_00394,voice
CALL_012995,2024-12-02,PERSON_00395,PERSON_00184,837,PHONE_00395,voice
CALL_012996,2023-01-21,PERSON_00396,PERSON_00213,675,PHONE_00396,missed
CALL_012997,2024-04-14,PERSON_00397,PERSON_00242,94,PHONE_00397,voice
CALL_012998,2023-10-27,PERSON_00398,PERSON_00271,132,PHONE_00398,missed
CALL_012999,2023-04-27,PERSON_00399,PERSON_00300,900,PHONE_00399,voice
CALL_013000,2024-11-26,PERSON_00400,PERSON_00329,346,PHONE_00400,missed
CALL_013001,2022-07-29,PERSON_00401,PERSON_00344,52,PHONE_00401,voice
CALL_013002,2021-02-18,PERSON_00402,PERSON_00387,517,PHONE_00402,voice
CALL_013003,2024-09-15,PERSON_00403,PERSON_00416,310,PHONE_00403,missed
CALL_013004,2023-04-29,PERSON_00404,PERSON_00445,24,PHONE_00404,voice
CALL_013005,2022-05-23,PERSON_00405,PERSON_00024,457,PHONE_00405,voice
CALL_013006,2022-05-03,PERSON_00406,PERSON_00300,110,PHONE_00406,voice
CALL_013007,2021-12-08,PERSON_00407,PERSON_00082,587,PHONE_00407,voice
CALL_013008,2023-04-02,PERSON_00408,PERSON_00111,86,PHONE_00408,missed
CALL_013009,2026-02-28,PERSON_00409,PERSON_00140,732,PHONE_00409,missed
CALL_013010,2023-06-21,PERSON_00410,PERSON_00169,489,PHONE_00410,voice
CALL_013011,2021-07-18,PERSON_00411,PERSON_00250,168,PHONE_00411,voice
CALL_013012,2022-05-17,PERSON_00412,PERSON_00227,456,PHONE_00412,voice
CALL_013013,2022-08-29,PERSON_00413,PERSON_00256,758,PHONE_00413,voice
CALL_013014,2023-08-02,PERSON_00414,PERSON_00285,163,PHONE_00414,voice
CALL_013015,2022-11-14,PERSON_00415,PERSON_00314,124,PHONE_00415,missed
CALL_013016,2024-10-05,PERSON_00416,PERSON_00343,682,PHONE_00416,missed
CALL_013017,2025-10-31,PERSON_00417,PERSON_00372,563,PHONE_00417,missed
CALL_013018,2023-10-19,PERSON_00418,PERSON_00401,569,PHONE_00418,voice
CALL_013019,2026-04-08,PERSON_00419,PERSON_00430,460,PHONE_00419,missed
CALL_013020,2024-06-21,PERSON_00420,PERSON_00009,503,PHONE_00420,voice
CALL_013021,2025-12-03,PERSON_00421,PERSON_00038,533,PHONE_00421,voice
CALL_013022,2025-11-12,PERSON_00422,PERSON_00067,445,PHONE_00422,voice
CALL_013023,2024-12-17,PERSON_00423,PERSON_00096,679,PHONE_00423,voice
CALL_013024,2021-10-28,PERSON_00424,PERSON_00125,496,PHONE_00424,voice
CALL_013025,2021-09-21,PERSON_00425,PERSON_00154,147,PHONE_00425,voice
CALL_013026,2022-12-25,PERSON_00426,PERSON_00183,422,PHONE_00426,voice
CALL_013027,2024-01-07,PERSON_00427,PERSON_00212,500,PHONE_00427,voice
CALL_013028,2025-04-20,PERSON_00428,PERSON_00241,900,PHONE_00428,voice
CALL_013029,2024-04-25,PERSON_00429,PERSON_00270,545,PHONE_00429,missed
CALL_013030,2023-01-22,PERSON_00430,PERSON_00299,275,PHONE_00430,voice
CALL_013031,2022-01-18,PERSON_00431,PERSON_00328,144,PHONE_00431,voice
CALL_013032,2025-04-05,PERSON_00432,PERSON_00357,117,PHONE_00432,voice
CALL_013033,2026-01-19,PERSON_00433,PERSON_00386,95,PHONE_00433,missed
CALL_013034,2021-09-08,PERSON_00434,PERSON_00415,553,PHONE_00434,voice
CALL_013035,2026-02-22,PERSON_00435,PERSON_00444,772,PHONE_00435,voice
CALL_013036,2021-08-05,PERSON_00436,PERSON_00370,163,PHONE_00436,voice
CALL_013037,2021-02-20,PERSON_00437,PERSON_00052,689,PHONE_00437,voice
CALL_013038,2022-12-03,PERSON_00438,PERSON_00081,537,PHONE_00438,voice
CALL_013039,2021-11-28,PERSON_00439,PERSON_00110,279,PHONE_00439,missed
CALL_013040,2023-08-17,PERSON_00440,PERSON_00139,634,PHONE_00440,missed
CALL_013041,2021-02-03,PERSON_00441,PERSON_00168,577,PHONE_00441,voice
CALL_013042,2023-09-23,PERSON_00442,PERSON_00197,441,PHONE_00442,voice
CALL_013043,2025-01-10,PERSON_00443,PERSON_00226,750,PHONE_00443,voice
CALL_013044,2023-06-28,PERSON_00444,PERSON_00255,212,PHONE_00444,voice
CALL_013045,2022-05-03,PERSON_00445,PERSON_00284,368,PHONE_00445,voice
CALL_013046,2024-12-30,PERSON_00446,PERSON_00313,121,PHONE_00446,missed
CALL_013047,2021-12-11,PERSON_00447,PERSON_00342,225,PHONE_00447,voice
CALL_013048,2021-05-20,PERSON_00448,PERSON_00371,695,PHONE_00448,missed
CALL_013049,2025-06-22,PERSON_00449,PERSON_00400,346,PHONE_00449,voice
CALL_013050,2022-04-08,PERSON_00450,PERSON_00429,236,PHONE_00450,missed
CALL_013051,2024-08-13,PERSON_00001,PERSON_00008,661,PHONE_00001,missed
CALL_013052,2026-01-08,PERSON_00002,PERSON_00037,743,PHONE_00002,voice
CALL_013053,2025-07-09,PERSON_00003,PERSON_00066,274,PHONE_00003,voice
CALL_013054,2022-03-09,PERSON_00004,PERSON_00095,889,PHONE_00004,voice
CALL_013055,2022-04-28,PERSON_00005,PERSON_00124,411,PHONE_00005,missed
CALL_013056,2022-08-02,PERSON_00006,PERSON_00237,161,PHONE_00006,missed
CALL_013057,2022-03-09,PERSON_00007,PERSON_00182,291,PHONE_00007,missed
CALL_013058,2021-05-29,PERSON_00008,PERSON_00211,834,PHONE_00008,missed
CALL_013059,2021-04-06,PERSON_00009,PERSON_00240,244,PHONE_00009,voice
CALL_013060,2021-05-08,PERSON_00010,PERSON_00269,156,PHONE_00010,missed
CALL_013061,2026-03-21,PERSON_00011,PERSON_00298,300,PHONE_00011,voice
CALL_013062,2026-01-02,PERSON_00012,PERSON_00327,555,PHONE_00012,voice
CALL_013063,2025-12-10,PERSON_00013,PERSON_00356,827,PHONE_00013,voice
CALL_013064,2021-07-05,PERSON_00014,PERSON_00385,380,PHONE_00014,voice
CALL_013065,2021-08-16,PERSON_00015,PERSON_00414,819,PHONE_00015,voice
CALL_013066,2024-11-21,PERSON_00016,PERSON_00128,134,PHONE_00016,voice
CALL_013067,2024-10-08,PERSON_00017,PERSON_00022,280,PHONE_00017,voice
CALL_013068,2023-10-05,PERSON_00018,PERSON_00051,783,PHONE_00018,voice
CALL_013069,2023-10-10,PERSON_00019,PERSON_00080,704,PHONE_00019,voice
CALL_013070,2025-02-14,PERSON_00020,PERSON_00109,689,PHONE_00020,missed
CALL_013071,2023-01-31,PERSON_00021,PERSON_00331,89,PHONE_00021,voice
CALL_013072,2023-02-12,PERSON_00022,PERSON_00167,544,PHONE_00022,voice
CALL_013073,2021-04-29,PERSON_00023,PERSON_00196,531,PHONE_00023,missed
CALL_013074,2023-10-19,PERSON_00024,PERSON_00225,505,PHONE_00024,voice
CALL_013075,2021-08-08,PERSON_00025,PERSON_00254,161,PHONE_00025,voice
CALL_013076,2023-11-12,PERSON_00026,PERSON_00283,193,PHONE_00026,missed
CALL_013077,2021-04-01,PERSON_00027,PERSON_00312,119,PHONE_00027,missed
CALL_013078,2024-12-13,PERSON_00028,PERSON_00341,258,PHONE_00028,missed
CALL_013079,2021-09-10,PERSON_00029,PERSON_00370,247,PHONE_00029,missed
CALL_013080,2025-09-04,PERSON_00030,PERSON_00399,460,PHONE_00030,voice
CALL_013081,2026-01-03,PERSON_00031,PERSON_00428,67,PHONE_00031,voice
CALL_013082,2024-05-10,PERSON_00032,PERSON_00007,164,PHONE_00032,voice
CALL_013083,2023-11-06,PERSON_00033,PERSON_00036,374,PHONE_00033,voice
CALL_013084,2023-11-22,PERSON_00034,PERSON_00065,829,PHONE_00034,voice
CALL_013085,2022-01-12,PERSON_00035,PERSON_00094,232,PHONE_00035,voice
CALL_013086,2024-07-14,PERSON_00036,PERSON_00123,454,PHONE_00036,missed
CALL_013087,2026-04-19,PERSON_00037,PERSON_00152,712,PHONE_00037,missed
CALL_013088,2024-05-08,PERSON_00038,PERSON_00181,131,PHONE_00038,voice
CALL_013089,2023-09-09,PERSON_00039,PERSON_00210,491,PHONE_00039,voice
CALL_013090,2024-08-22,PERSON_00040,PERSON_00239,661,PHONE_00040,voice
CALL_013091,2025-10-16,PERSON_00041,PERSON_00268,519,PHONE_00041,missed
CALL_013092,2023-10-05,PERSON_00042,PERSON_00297,839,PHONE_00042,voice
CALL_013093,2024-08-21,PERSON_00043,PERSON_00326,814,PHONE_00043,voice
CALL_013094,2023-09-30,PERSON_00044,PERSON_00355,882,PHONE_00044,voice
CALL_013095,2025-02-13,PERSON_00045,PERSON_00384,590,PHONE_00045,missed
CALL_013096,2024-07-01,PERSON_00046,PERSON_00300,94,PHONE_00046,missed
CALL_013097,2023-02-13,PERSON_00047,PERSON_00442,607,PHONE_00047,voice
CALL_013098,2024-04-26,PERSON_00048,PERSON_00021,766,PHONE_00048,voice
CALL_013099,2023-03-26,PERSON_00049,PERSON_00050,163,PHONE_00049,voice
CALL_013100,2025-03-13,PERSON_00050,PERSON_00079,489,PHONE_00050,voice
CALL_013101,2024-02-27,PERSON_00051,PERSON_00108,830,PHONE_00051,voice
CALL_013102,2024-01-22,PERSON_00052,PERSON_00137,636,PHONE_00052,voice
CALL_013103,2021-11-29,PERSON_00053,PERSON_00166,381,PHONE_00053,missed
CALL_013104,2025-01-31,PERSON_00054,PERSON_00195,187,PHONE_00054,voice
CALL_013105,2025-01-24,PERSON_00055,PERSON_00224,209,PHONE_00055,missed
CALL_013106,2026-03-14,PERSON_00056,PERSON_00253,550,PHONE_00056,missed
CALL_013107,2023-11-15,PERSON_00057,PERSON_00282,250,PHONE_00057,missed
CALL_013108,2022-01-06,PERSON_00058,PERSON_00311,880,PHONE_00058,voice
CALL_013109,2022-09-02,PERSON_00059,PERSON_00340,797,PHONE_00059,voice
CALL_013110,2022-11-04,PERSON_00060,PERSON_00369,239,PHONE_00060,missed
CALL_013111,2022-03-28,PERSON_00061,PERSON_00127,176,PHONE_00061,missed
CALL_013112,2023-11-14,PERSON_00062,PERSON_00427,766,PHONE_00062,voice
CALL_013113,2024-09-02,PERSON_00063,PERSON_00006,652,PHONE_00063,voice
CALL_013114,2023-08-23,PERSON_00064,PERSON_00035,103,PHONE_00064,voice
CALL_013115,2021-07-14,PERSON_00065,PERSON_00064,310,PHONE_00065,voice
CALL_013116,2021-07-17,PERSON_00066,PERSON_00093,594,PHONE_00066,voice
CALL_013117,2022-05-21,PERSON_00067,PERSON_00122,869,PHONE_00067,voice
CALL_013118,2025-03-26,PERSON_00068,PERSON_00151,319,PHONE_00068,missed
CALL_013119,2025-10-19,PERSON_00069,PERSON_00180,306,PHONE_00069,voice
CALL_013120,2022-11-05,PERSON_00070,PERSON_00209,729,PHONE_00070,voice
CALL_013121,2025-04-14,PERSON_00071,PERSON_00238,769,PHONE_00071,missed
CALL_013122,2022-08-15,PERSON_00072,PERSON_00267,729,PHONE_00072,missed
CALL_013123,2024-07-22,PERSON_00073,PERSON_00296,885,PHONE_00073,voice
CALL_013124,2024-01-28,PERSON_00074,PERSON_00325,256,PHONE_00074,voice
CALL_013125,2025-10-28,PERSON_00075,PERSON_00354,679,PHONE_00075,voice
CALL_013126,2024-06-04,PERSON_00076,PERSON_00101,53,PHONE_00076,missed
CALL_013127,2024-04-03,PERSON_00077,PERSON_00412,165,PHONE_00077,voice
CALL_013128,2022-08-13,PERSON_00078,PERSON_00441,86,PHONE_00078,missed
CALL_013129,2025-10-17,PERSON_00079,PERSON_00020,140,PHONE_00079,voice
CALL_013130,2026-05-21,PERSON_00080,PERSON_00049,494,PHONE_00080,missed
CALL_013131,2023-01-05,PERSON_00081,PERSON_00075,77,PHONE_00081,voice
CALL_013132,2021-05-03,PERSON_00082,PERSON_00107,885,PHONE_00082,voice
CALL_013133,2023-08-21,PERSON_00083,PERSON_00136,397,PHONE_00083,voice
CALL_013134,2024-04-12,PERSON_00084,PERSON_00165,544,PHONE_00084,voice
CALL_013135,2022-10-26,PERSON_00085,PERSON_00194,312,PHONE_00085,voice
CALL_013136,2022-11-20,PERSON_00086,PERSON_00439,155,PHONE_00086,missed
CALL_013137,2024-09-04,PERSON_00087,PERSON_00252,411,PHONE_00087,voice
CALL_013138,2021-11-06,PERSON_00088,PERSON_00281,620,PHONE_00088,voice
CALL_013139,2022-09-21,PERSON_00089,PERSON_00310,826,PHONE_00089,voice
CALL_013140,2023-02-12,PERSON_00090,PERSON_00339,827,PHONE_00090,voice
CALL_013141,2023-11-01,PERSON_00091,PERSON_00368,498,PHONE_00091,voice
CALL_013142,2021-03-11,PERSON_00092,PERSON_00397,577,PHONE_00092,voice
CALL_013143,2021-01-16,PERSON_00093,PERSON_00426,707,PHONE_00093,missed
CALL_013144,2023-04-05,PERSON_00094,PERSON_00005,130,PHONE_00094,voice
CALL_013145,2023-09-07,PERSON_00095,PERSON_00034,215,PHONE_00095,voice
CALL_013146,2025-02-09,PERSON_00096,PERSON_00063,593,PHONE_00096,voice
CALL_013147,2024-06-09,PERSON_00097,PERSON_00092,614,PHONE_00097,voice
CALL_013148,2024-05-23,PERSON_00098,PERSON_00121,20,PHONE_00098,voice
CALL_013149,2026-04-04,PERSON_00099,PERSON_00150,640,PHONE_00099,voice
CALL_013150,2024-02-19,PERSON_00100,PERSON_00179,859,PHONE_00100,voice
CALL_013151,2021-12-13,PERSON_00101,PERSON_00038,61,PHONE_00101,voice
CALL_013152,2022-05-23,PERSON_00102,PERSON_00237,685,PHONE_00102,voice
CALL_013153,2024-12-04,PERSON_00103,PERSON_00266,866,PHONE_00103,missed
CALL_013154,2026-01-25,PERSON_00104,PERSON_00295,340,PHONE_00104,missed
CALL_013155,2022-10-23,PERSON_00105,PERSON_00324,185,PHONE_00105,voice
CALL_013156,2025-01-25,PERSON_00106,PERSON_00331,54,PHONE_00106,voice
CALL_013157,2025-03-14,PERSON_00107,PERSON_00382,345,PHONE_00107,voice
CALL_013158,2021-08-25,PERSON_00108,PERSON_00411,582,PHONE_00108,missed
CALL_013159,2025-06-06,PERSON_00109,PERSON_00440,799,PHONE_00109,voice
CALL_013160,2022-06-11,PERSON_00110,PERSON_00019,639,PHONE_00110,missed
CALL_013161,2022-11-25,PERSON_00111,PERSON_00048,374,PHONE_00111,missed
CALL_013162,2022-10-29,PERSON_00112,PERSON_00077,384,PHONE_00112,voice
CALL_013163,2021-09-10,PERSON_00113,PERSON_00106,632,PHONE_00113,missed
CALL_013164,2022-08-01,PERSON_00114,PERSON_00135,692,PHONE_00114,missed
CALL_013165,2024-04-19,PERSON_00115,PERSON_00164,726,PHONE_00115,voice
CALL_013166,2023-11-15,PERSON_00116,PERSON_00193,234,PHONE_00116,missed
CALL_013167,2022-07-21,PERSON_00117,PERSON_00222,483,PHONE_00117,voice
CALL_013168,2026-02-25,PERSON_00118,PERSON_00251,599,PHONE_00118,voice
CALL_013169,2026-05-24,PERSON_00119,PERSON_00280,206,PHONE_00119,voice
CALL_013170,2022-02-27,PERSON_00120,PERSON_00309,305,PHONE_00120,missed
CALL_013171,2026-01-09,PERSON_00121,PERSON_00338,423,PHONE_00121,voice
CALL_013172,2025-07-01,PERSON_00122,PERSON_00367,213,PHONE_00122,voice
CALL_013173,2024-10-02,PERSON_00123,PERSON_00396,399,PHONE_00123,missed
CALL_013174,2022-10-21,PERSON_00124,PERSON_00425,45,PHONE_00124,missed
CALL_013175,2024-02-28,PERSON_00125,PERSON_00004,867,PHONE_00125,voice
CALL_013176,2021-01-10,PERSON_00126,PERSON_00209,167,PHONE_00126,voice
CALL_013177,2024-04-30,PERSON_00127,PERSON_00062,878,PHONE_00127,voice
CALL_013178,2025-05-11,PERSON_00128,PERSON_00091,548,PHONE_00128,missed
CALL_013179,2025-02-02,PERSON_00129,PERSON_00120,707,PHONE_00129,missed
CALL_013180,2023-12-15,PERSON_00130,PERSON_00149,678,PHONE_00130,voice
CALL_013181,2024-02-17,PERSON_00131,PERSON_00178,633,PHONE_00131,voice
CALL_013182,2021-05-26,PERSON_00132,PERSON_00207,89,PHONE_00132,voice
CALL_013183,2025-03-09,PERSON_00133,PERSON_00236,473,PHONE_00133,missed
CALL_013184,2022-05-23,PERSON_00134,PERSON_00265,192,PHONE_00134,voice
CALL_013185,2024-01-06,PERSON_00135,PERSON_00294,260,PHONE_00135,voice
CALL_013186,2023-02-13,PERSON_00136,PERSON_00323,260,PHONE_00136,missed
CALL_013187,2024-03-23,PERSON_00137,PERSON_00352,834,PHONE_00137,missed
CALL_013188,2024-05-28,PERSON_00138,PERSON_00381,26,PHONE_00138,voice
CALL_013189,2021-06-01,PERSON_00139,PERSON_00410,525,PHONE_00139,voice
CALL_013190,2025-10-20,PERSON_00140,PERSON_00439,431,PHONE_00140,voice
CALL_013191,2026-05-21,PERSON_00141,PERSON_00205,133,PHONE_00141,missed
CALL_013192,2025-05-04,PERSON_00142,PERSON_00047,821,PHONE_00142,voice
CALL_013193,2025-03-29,PERSON_00143,PERSON_00076,550,PHONE_00143,voice
CALL_013194,2023-02-24,PERSON_00144,PERSON_00105,343,PHONE_00144,missed
CALL_013195,2022-04-23,PERSON_00145,PERSON_00134,583,PHONE_00145,missed
CALL_013196,2024-10-12,PERSON_00146,PERSON_00163,612,PHONE_00146,voice
CALL_013197,2025-07-27,PERSON_00147,PERSON_00192,205,PHONE_00147,voice
CALL_013198,2025-02-09,PERSON_00148,PERSON_00221,425,PHONE_00148,voice
CALL_013199,2023-09-24,PERSON_00149,PERSON_00250,94,PHONE_00149,voice
CALL_013200,2026-04-01,PERSON_00150,PERSON_00279,481,PHONE_00150,voice
CALL_013201,2025-06-23,PERSON_00151,PERSON_00308,249,PHONE_00151,voice
CALL_013202,2024-06-28,PERSON_00152,PERSON_00337,896,PHONE_00152,voice
CALL_013203,2025-07-31,PERSON_00153,PERSON_00366,37,PHONE_00153,voice
CALL_013204,2024-04-24,PERSON_00154,PERSON_00395,248,PHONE_00154,missed
CALL_013205,2022-10-12,PERSON_00155,PERSON_00424,135,PHONE_00155,voice
CALL_013206,2022-12-25,PERSON_00156,PERSON_00156,110,PHONE_00156,voice
CALL_013207,2021-09-26,PERSON_00157,PERSON_00032,621,PHONE_00157,voice
CALL_013208,2021-04-19,PERSON_00158,PERSON_00061,616,PHONE_00158,missed
CALL_013209,2023-04-23,PERSON_00159,PERSON_00090,788,PHONE_00159,missed
CALL_013210,2022-03-09,PERSON_00160,PERSON_00119,526,PHONE_00160,voice
CALL_013211,2021-01-16,PERSON_00161,PERSON_00179,35,PHONE_00161,missed
CALL_013212,2021-07-20,PERSON_00162,PERSON_00177,728,PHONE_00162,missed
CALL_013213,2022-07-19,PERSON_00163,PERSON_00206,306,PHONE_00163,voice
CALL_013214,2022-12-01,PERSON_00164,PERSON_00235,893,PHONE_00164,voice
CALL_013215,2025-10-25,PERSON_00165,PERSON_00264,796,PHONE_00165,voice
CALL_013216,2021-12-07,PERSON_00166,PERSON_00350,67,PHONE_00166,voice
CALL_013217,2025-11-19,PERSON_00167,PERSON_00322,401,PHONE_00167,missed
CALL_013218,2021-05-03,PERSON_00168,PERSON_00351,721,PHONE_00168,missed
CALL_013219,2021-12-08,PERSON_00169,PERSON_00380,32,PHONE_00169,voice
CALL_013220,2026-05-17,PERSON_00170,PERSON_00409,375,PHONE_00170,voice
CALL_013221,2024-04-22,PERSON_00171,PERSON_00159,74,PHONE_00171,missed
CALL_013222,2022-05-18,PERSON_00172,PERSON_00017,825,PHONE_00172,voice
CALL_013223,2021-04-30,PERSON_00173,PERSON_00046,703,PHONE_00173,missed
CALL_013224,2022-12-25,PERSON_00174,PERSON_00075,802,PHONE_00174,voice
CALL_013225,2025-07-03,PERSON_00175,PERSON_00104,852,PHONE_00175,missed
CALL_013226,2021-06-15,PERSON_00176,PERSON_00133,331,PHONE_00176,missed
CALL_013227,2022-10-02,PERSON_00177,PERSON_00162,239,PHONE_00177,voice
CALL_013228,2025-04-14,PERSON_00178,PERSON_00191,88,PHONE_00178,missed
CALL_013229,2021-04-19,PERSON_00179,PERSON_00220,58,PHONE_00179,missed
CALL_013230,2022-11-29,PERSON_00180,PERSON_00249,808,PHONE_00180,voice
CALL_013231,2021-01-31,PERSON_00181,PERSON_00278,535,PHONE_00181,voice
CALL_013232,2024-07-08,PERSON_00182,PERSON_00307,516,PHONE_00182,voice
CALL_013233,2023-05-01,PERSON_00183,PERSON_00336,221,PHONE_00183,voice
CALL_013234,2026-04-29,PERSON_00184,PERSON_00365,350,PHONE_00184,voice
CALL_013235,2023-10-20,PERSON_00185,PERSON_00394,452,PHONE_00185,voice
CALL_013236,2021-11-16,PERSON_00186,PERSON_00423,698,PHONE_00186,voice
CALL_013237,2022-08-13,PERSON_00187,PERSON_00002,651,PHONE_00187,voice
CALL_013238,2023-03-03,PERSON_00188,PERSON_00031,15,PHONE_00188,voice
CALL_013239,2022-11-01,PERSON_00189,PERSON_00060,56,PHONE_00189,voice
CALL_013240,2021-01-27,PERSON_00190,PERSON_00089,664,PHONE_00190,missed
CALL_013241,2023-06-08,PERSON_00191,PERSON_00134,162,PHONE_00191,missed
CALL_013242,2024-11-14,PERSON_00192,PERSON_00147,808,PHONE_00192,voice
CALL_013243,2025-02-10,PERSON_00193,PERSON_00176,136,PHONE_00193,voice
CALL_013244,2021-08-08,PERSON_00194,PERSON_00205,793,PHONE_00194,voice
CALL_013245,2026-05-25,PERSON_00195,PERSON_00234,780,PHONE_00195,missed
CALL_013246,2021-08-29,PERSON_00196,PERSON_00250,46,PHONE_00196,voice
CALL_013247,2021-04-11,PERSON_00197,PERSON_00292,262,PHONE_00197,voice
CALL_013248,2026-03-30,PERSON_00198,PERSON_00321,822,PHONE_00198,missed
CALL_013249,2024-06-08,PERSON_00199,PERSON_00350,120,PHONE_00199,missed
CALL_013250,2021-11-21,PERSON_00200,PERSON_00379,361,PHONE_00200,missed
CALL_013251,2023-09-24,PERSON_00201,PERSON_00408,824,PHONE_00201,missed
CALL_013252,2026-03-23,PERSON_00202,PERSON_00437,865,PHONE_00202,voice
CALL_013253,2022-07-19,PERSON_00203,PERSON_00016,697,PHONE_00203,voice
CALL_013254,2021-02-05,PERSON_00204,PERSON_00045,820,PHONE_00204,voice
CALL_013255,2024-02-03,PERSON_00205,PERSON_00074,249,PHONE_00205,missed
CALL_013256,2023-12-14,PERSON_00206,PERSON_00103,120,PHONE_00206,voice
CALL_013257,2021-02-24,PERSON_00207,PERSON_00132,770,PHONE_00207,voice
CALL_013258,2022-02-05,PERSON_00208,PERSON_00161,431,PHONE_00208,missed
CALL_013259,2026-01-07,PERSON_00209,PERSON_00190,522,PHONE_00209,missed
CALL_013260,2024-08-21,PERSON_00210,PERSON_00219,417,PHONE_00210,voice
CALL_013261,2023-03-01,PERSON_00211,PERSON_00248,474,PHONE_00211,voice
CALL_013262,2021-08-13,PERSON_00212,PERSON_00277,57,PHONE_00212,missed
CALL_013263,2023-09-20,PERSON_00213,PERSON_00306,448,PHONE_00213,voice
CALL_013264,2022-10-12,PERSON_00214,PERSON_00335,632,PHONE_00214,missed
CALL_013265,2025-04-07,PERSON_00215,PERSON_00364,485,PHONE_00215,missed
CALL_013266,2023-08-30,PERSON_00216,PERSON_00292,86,PHONE_00216,missed
CALL_013267,2025-06-10,PERSON_00217,PERSON_00422,479,PHONE_00217,voice
CALL_013268,2024-12-16,PERSON_00218,PERSON_00001,698,PHONE_00218,voice
CALL_013269,2024-07-14,PERSON_00219,PERSON_00030,276,PHONE_00219,voice
CALL_013270,2024-04-27,PERSON_00220,PERSON_00059,173,PHONE_00220,voice
CALL_013271,2024-11-22,PERSON_00221,PERSON_00110,50,PHONE_00221,missed
CALL_013272,2022-06-18,PERSON_00222,PERSON_00117,304,PHONE_00222,voice
CALL_013273,2023-01-30,PERSON_00223,PERSON_00146,672,PHONE_00223,missed
CALL_013274,2021-02-12,PERSON_00224,PERSON_00175,841,PHONE_00224,voice
CALL_013275,2021-08-11,PERSON_00225,PERSON_00204,542,PHONE_00225,voice
CALL_013276,2023-06-12,PERSON_00226,PERSON_00159,169,PHONE_00226,voice
CALL_013277,2023-05-16,PERSON_00227,PERSON_00262,881,PHONE_00227,voice
CALL_013278,2025-06-16,PERSON_00228,PERSON_00291,38,PHONE_00228,voice
CALL_013279,2024-03-21,PERSON_00229,PERSON_00320,744,PHONE_00229,voice
CALL_013280,2024-04-18,PERSON_00230,PERSON_00349,348,PHONE_00230,voice
CALL_013281,2022-10-01,PERSON_00231,PERSON_00144,69,PHONE_00231,voice
CALL_013282,2024-08-29,PERSON_00232,PERSON_00407,641,PHONE_00232,missed
CALL_013283,2023-10-24,PERSON_00233,PERSON_00436,343,PHONE_00233,voice
CALL_013284,2023-02-15,PERSON_00234,PERSON_00015,115,PHONE_00234,voice
CALL_013285,2021-06-15,PERSON_00235,PERSON_00044,278,PHONE_00235,missed
CALL_013286,2025-02-24,PERSON_00236,PERSON_00073,621,PHONE_00236,voice
CALL_013287,2022-05-18,PERSON_00237,PERSON_00102,641,PHONE_00237,missed
CALL_013288,2023-05-29,PERSON_00238,PERSON_00131,752,PHONE_00238,voice
CALL_013289,2023-12-06,PERSON_00239,PERSON_00160,541,PHONE_00239,voice
CALL_013290,2023-09-29,PERSON_00240,PERSON_00189,162,PHONE_00240,voice
CALL_013291,2024-12-09,PERSON_00241,PERSON_00014,159,PHONE_00241,voice
CALL_013292,2026-02-04,PERSON_00242,PERSON_00247,19,PHONE_00242,voice
CALL_013293,2026-02-13,PERSON_00243,PERSON_00276,598,PHONE_00243,voice
CALL_013294,2021-12-28,PERSON_00244,PERSON_00305,240,PHONE_00244,voice
CALL_013295,2024-11-09,PERSON_00245,PERSON_00334,750,PHONE_00245,voice
CALL_013296,2021-06-28,PERSON_00246,PERSON_00363,63,PHONE_00246,voice
CALL_013297,2022-12-07,PERSON_00247,PERSON_00392,520,PHONE_00247,voice
CALL_013298,2023-02-28,PERSON_00248,PERSON_00421,264,PHONE_00248,voice
CALL_013299,2024-01-20,PERSON_00249,PERSON_00450,390,PHONE_00249,voice
CALL_013300,2024-08-15,PERSON_00250,PERSON_00029,39,PHONE_00250,voice
CALL_013301,2021-03-20,PERSON_00251,PERSON_00058,538,PHONE_00251,missed
CALL_013302,2025-01-20,PERSON_00252,PERSON_00087,322,PHONE_00252,voice
CALL_013303,2025-04-15,PERSON_00253,PERSON_00116,237,PHONE_00253,missed
CALL_013304,2024-11-01,PERSON_00254,PERSON_00145,404,PHONE_00254,voice
CALL_013305,2026-04-17,PERSON_00255,PERSON_00174,732,PHONE_00255,missed
CALL_013306,2026-06-13,PERSON_00256,PERSON_00159,117,PHONE_00256,missed
CALL_013307,2022-05-21,PERSON_00257,PERSON_00232,43,PHONE_00257,missed
CALL_013308,2021-05-26,PERSON_00258,PERSON_00261,233,PHONE_00258,missed
CALL_013309,2023-03-01,PERSON_00259,PERSON_00290,714,PHONE_00259,missed
CALL_013310,2024-11-21,PERSON_00260,PERSON_00319,263,PHONE_00260,voice
CALL_013311,2023-01-21,PERSON_00261,PERSON_00348,73,PHONE_00261,missed
CALL_013312,2026-03-31,PERSON_00262,PERSON_00377,117,PHONE_00262,voice
CALL_013313,2025-09-10,PERSON_00263,PERSON_00406,533,PHONE_00263,voice
CALL_013314,2026-01-13,PERSON_00264,PERSON_00435,591,PHONE_00264,voice
CALL_013315,2026-06-04,PERSON_00265,PERSON_00014,594,PHONE_00265,voice
CALL_013316,2022-09-02,PERSON_00266,PERSON_00043,201,PHONE_00266,voice
CALL_013317,2025-10-13,PERSON_00267,PERSON_00072,450,PHONE_00267,voice
CALL_013318,2022-04-03,PERSON_00268,PERSON_00101,120,PHONE_00268,voice
CALL_013319,2024-09-13,PERSON_00269,PERSON_00130,551,PHONE_00269,voice
CALL_013320,2024-02-09,PERSON_00270,PERSON_00159,138,PHONE_00270,missed
CALL_013321,2023-03-07,PERSON_00271,PERSON_00205,54,PHONE_00271,missed
CALL_013322,2022-09-07,PERSON_00272,PERSON_00217,828,PHONE_00272,missed
CALL_013323,2023-07-07,PERSON_00273,PERSON_00246,171,PHONE_00273,missed
CALL_013324,2024-10-13,PERSON_00274,PERSON_00275,689,PHONE_00274,missed
CALL_013325,2023-06-01,PERSON_00275,PERSON_00304,134,PHONE_00275,voice
CALL_013326,2022-07-07,PERSON_00276,PERSON_00333,867,PHONE_00276,missed
CALL_013327,2024-07-04,PERSON_00277,PERSON_00362,139,PHONE_00277,voice
CALL_013328,2024-10-21,PERSON_00278,PERSON_00391,880,PHONE_00278,voice
CALL_013329,2021-05-04,PERSON_00279,PERSON_00420,467,PHONE_00279,voice
CALL_013330,2025-10-09,PERSON_00280,PERSON_00449,196,PHONE_00280,missed
CALL_013331,2023-09-07,PERSON_00281,PERSON_00028,488,PHONE_00281,voice
CALL_013332,2022-11-11,PERSON_00282,PERSON_00057,304,PHONE_00282,missed
CALL_013333,2021-10-14,PERSON_00283,PERSON_00086,834,PHONE_00283,missed
CALL_013334,2021-12-12,PERSON_00284,PERSON_00115,185,PHONE_00284,voice
CALL_013335,2022-05-05,PERSON_00285,PERSON_00144,312,PHONE_00285,voice
CALL_013336,2022-01-17,PERSON_00286,PERSON_00014,157,PHONE_00286,voice
CALL_013337,2024-07-25,PERSON_00287,PERSON_00202,211,PHONE_00287,missed
CALL_013338,2025-11-14,PERSON_00288,PERSON_00231,219,PHONE_00288,voice
CALL_013339,2025-08-24,PERSON_00289,PERSON_00260,427,PHONE_00289,voice
CALL_013340,2024-11-09,PERSON_00290,PERSON_00289,892,PHONE_00290,voice
CALL_013341,2024-11-12,PERSON_00291,PERSON_00006,46,PHONE_00291,voice
CALL_013342,2023-07-30,PERSON_00292,PERSON_00347,809,PHONE_00292,voice
CALL_013343,2024-04-22,PERSON_00293,PERSON_00376,777,PHONE_00293,voice
CALL_013344,2026-06-21,PERSON_00294,PERSON_00405,381,PHONE_00294,voice
CALL_013345,2023-10-14,PERSON_00295,PERSON_00434,160,PHONE_00295,voice
CALL_013346,2024-08-27,PERSON_00296,PERSON_00013,594,PHONE_00296,voice
CALL_013347,2025-02-02,PERSON_00297,PERSON_00042,701,PHONE_00297,voice
CALL_013348,2021-03-05,PERSON_00298,PERSON_00071,613,PHONE_00298,voice
CALL_013349,2023-03-25,PERSON_00299,PERSON_00100,392,PHONE_00299,voice
CALL_013350,2024-10-05,PERSON_00300,PERSON_00129,253,PHONE_00300,voice
CALL_013351,2022-01-06,PERSON_00301,PERSON_00240,79,PHONE_00301,missed
CALL_013352,2022-04-23,PERSON_00302,PERSON_00187,602,PHONE_00302,voice
CALL_013353,2025-04-13,PERSON_00303,PERSON_00216,875,PHONE_00303,voice
CALL_013354,2021-12-12,PERSON_00304,PERSON_00245,562,PHONE_00304,voice
CALL_013355,2025-02-20,PERSON_00305,PERSON_00274,436,PHONE_00305,missed
CALL_013356,2023-07-14,PERSON_00306,PERSON_00303,30,PHONE_00306,missed
CALL_013357,2021-02-19,PERSON_00307,PERSON_00332,696,PHONE_00307,voice
CALL_013358,2025-02-23,PERSON_00308,PERSON_00361,555,PHONE_00308,voice
CALL_013359,2022-07-26,PERSON_00309,PERSON_00390,705,PHONE_00309,voice
CALL_013360,2021-06-10,PERSON_00310,PERSON_00419,610,PHONE_00310,voice
CALL_013361,2026-06-28,PERSON_00311,PERSON_00448,526,PHONE_00311,voice
CALL_013362,2021-01-25,PERSON_00312,PERSON_00027,886,PHONE_00312,missed
CALL_013363,2021-04-08,PERSON_00313,PERSON_00056,302,PHONE_00313,missed
CALL_013364,2022-05-19,PERSON_00314,PERSON_00085,670,PHONE_00314,missed
CALL_013365,2023-10-21,PERSON_00315,PERSON_00114,550,PHONE_00315,voice
CALL_013366,2023-01-24,PERSON_00316,PERSON_00143,243,PHONE_00316,voice
CALL_013367,2021-01-15,PERSON_00317,PERSON_00172,457,PHONE_00317,missed
CALL_013368,2022-12-18,PERSON_00318,PERSON_00201,823,PHONE_00318,voice
CALL_013369,2021-01-28,PERSON_00319,PERSON_00230,870,PHONE_00319,voice
CALL_013370,2026-02-01,PERSON_00320,PERSON_00259,776,PHONE_00320,voice
CALL_013371,2025-12-15,PERSON_00321,PERSON_00154,101,PHONE_00321,missed
CALL_013372,2023-03-26,PERSON_00322,PERSON_00317,366,PHONE_00322,missed
CALL_013373,2021-02-05,PERSON_00323,PERSON_00346,146,PHONE_00323,missed
CALL_013374,2026-05-09,PERSON_00324,PERSON_00375,113,PHONE_00324,voice
CALL_013375,2023-07-02,PERSON_00325,PERSON_00404,619,PHONE_00325,voice
CALL_013376,2021-08-03,PERSON_00326,PERSON_00433,753,PHONE_00326,voice
CALL_013377,2023-09-20,PERSON_00327,PERSON_00012,638,PHONE_00327,voice
CALL_013378,2022-03-14,PERSON_00328,PERSON_00041,794,PHONE_00328,voice
CALL_013379,2024-10-30,PERSON_00329,PERSON_00070,869,PHONE_00329,voice
CALL_013380,2025-11-04,PERSON_00330,PERSON_00099,277,PHONE_00330,voice
CALL_013381,2022-03-08,PERSON_00331,PERSON_00401,157,PHONE_00331,missed
CALL_013382,2024-09-25,PERSON_00332,PERSON_00157,761,PHONE_00332,missed
CALL_013383,2026-05-26,PERSON_00333,PERSON_00186,540,PHONE_00333,missed
CALL_013384,2022-01-03,PERSON_00334,PERSON_00215,867,PHONE_00334,voice
CALL_013385,2024-11-16,PERSON_00335,PERSON_00244,521,PHONE_00335,voice
CALL_013386,2023-07-22,PERSON_00336,PERSON_00370,109,PHONE_00336,missed
CALL_013387,2024-11-28,PERSON_00337,PERSON_00302,41,PHONE_00337,missed
CALL_013388,2025-04-25,PERSON_00338,PERSON_00331,191,PHONE_00338,voice
CALL_013389,2026-02-05,PERSON_00339,PERSON_00360,375,PHONE_00339,missed
CALL_013390,2024-01-24,PERSON_00340,PERSON_00389,251,PHONE_00340,voice
CALL_013391,2026-02-22,PERSON_00341,PERSON_00418,849,PHONE_00341,voice
CALL_013392,2021-10-07,PERSON_00342,PERSON_00447,809,PHONE_00342,voice
CALL_013393,2025-08-19,PERSON_00343,PERSON_00026,196,PHONE_00343,voice
CALL_013394,2025-02-08,PERSON_00344,PERSON_00055,380,PHONE_00344,missed
CALL_013395,2025-07-27,PERSON_00345,PERSON_00084,231,PHONE_00345,voice
CALL_013396,2025-11-23,PERSON_00346,PERSON_00113,26,PHONE_00346,voice
CALL_013397,2022-10-06,PERSON_00347,PERSON_00142,46,PHONE_00347,voice
CALL_013398,2024-02-04,PERSON_00348,PERSON_00171,605,PHONE_00348,voice
CALL_013399,2026-03-15,PERSON_00349,PERSON_00200,842,PHONE_00349,voice
CALL_013400,2024-04-10,PERSON_00350,PERSON_00229,598,PHONE_00350,voice
CALL_013401,2021-02-12,PERSON_00351,PERSON_00258,188,PHONE_00351,voice
CALL_013402,2022-09-13,PERSON_00352,PERSON_00287,212,PHONE_00352,missed
CALL_013403,2026-05-10,PERSON_00353,PERSON_00316,516,PHONE_00353,voice
CALL_013404,2023-08-22,PERSON_00354,PERSON_00345,367,PHONE_00354,voice
CALL_013405,2025-09-28,PERSON_00355,PERSON_00374,485,PHONE_00355,voice
CALL_013406,2023-08-15,PERSON_00356,PERSON_00403,786,PHONE_00356,voice
CALL_013407,2025-11-27,PERSON_00357,PERSON_00432,24,PHONE_00357,missed
CALL_013408,2024-06-02,PERSON_00358,PERSON_00011,754,PHONE_00358,voice
CALL_013409,2026-04-11,PERSON_00359,PERSON_00040,505,PHONE_00359,missed
CALL_013410,2023-01-14,PERSON_00360,PERSON_00069,870,PHONE_00360,voice
CALL_013411,2025-08-12,PERSON_00361,PERSON_00098,299,PHONE_00361,missed
CALL_013412,2025-05-02,PERSON_00362,PERSON_00127,463,PHONE_00362,voice
CALL_013413,2024-02-12,PERSON_00363,PERSON_00156,529,PHONE_00363,missed
CALL_013414,2024-01-02,PERSON_00364,PERSON_00185,727,PHONE_00364,voice
CALL_013415,2023-05-25,PERSON_00365,PERSON_00214,273,PHONE_00365,voice
CALL_013416,2021-02-06,PERSON_00366,PERSON_00292,68,PHONE_00366,missed
CALL_013417,2024-09-24,PERSON_00367,PERSON_00272,734,PHONE_00367,voice
CALL_013418,2022-05-31,PERSON_00368,PERSON_00301,885,PHONE_00368,voice
CALL_013419,2022-11-06,PERSON_00369,PERSON_00330,456,PHONE_00369,voice
CALL_013420,2022-04-30,PERSON_00370,PERSON_00359,772,PHONE_00370,voice
CALL_013421,2022-11-26,PERSON_00371,PERSON_00329,16,PHONE_00371,voice
CALL_013422,2024-12-17,PERSON_00372,PERSON_00417,835,PHONE_00372,voice
CALL_013423,2025-04-16,PERSON_00373,PERSON_00446,264,PHONE_00373,voice
CALL_013424,2026-05-22,PERSON_00374,PERSON_00025,40,PHONE_00374,voice
CALL_013425,2023-03-20,PERSON_00375,PERSON_00054,267,PHONE_00375,missed
CALL_013426,2023-07-07,PERSON_00376,PERSON_00202,91,PHONE_00376,missed
CALL_013427,2024-12-11,PERSON_00377,PERSON_00112,668,PHONE_00377,missed
CALL_013428,2023-06-22,PERSON_00378,PERSON_00141,778,PHONE_00378,voice
CALL_013429,2021-01-06,PERSON_00379,PERSON_00170,687,PHONE_00379,missed
CALL_013430,2023-06-24,PERSON_00380,PERSON_00199,694,PHONE_00380,missed
CALL_013431,2022-01-27,PERSON_00381,PERSON_00006,145,PHONE_00381,voice
CALL_013432,2022-11-20,PERSON_00382,PERSON_00257,342,PHONE_00382,voice
CALL_013433,2021-12-31,PERSON_00383,PERSON_00286,682,PHONE_00383,voice
CALL_013434,2024-03-01,PERSON_00384,PERSON_00315,434,PHONE_00384,voice
CALL_013435,2026-04-05,PERSON_00385,PERSON_00344,432,PHONE_00385,voice
CALL_013436,2025-04-29,PERSON_00386,PERSON_00373,374,PHONE_00386,voice
CALL_013437,2022-07-09,PERSON_00387,PERSON_00402,798,PHONE_00387,voice
CALL_013438,2021-01-23,PERSON_00388,PERSON_00431,168,PHONE_00388,missed
CALL_013439,2023-04-21,PERSON_00389,PERSON_00010,652,PHONE_00389,voice
CALL_013440,2024-05-22,PERSON_00390,PERSON_00039,365,PHONE_00390,voice
CALL_013441,2023-12-24,PERSON_00391,PERSON_00321,52,PHONE_00391,voice
CALL_013442,2024-01-21,PERSON_00392,PERSON_00097,238,PHONE_00392,voice
CALL_013443,2024-01-04,PERSON_00393,PERSON_00126,652,PHONE_00393,missed
CALL_013444,2023-10-07,PERSON_00394,PERSON_00155,284,PHONE_00394,voice
CALL_013445,2021-07-28,PERSON_00395,PERSON_00184,207,PHONE_00395,voice
CALL_013446,2023-01-08,PERSON_00396,PERSON_00213,463,PHONE_00396,voice
CALL_013447,2026-01-17,PERSON_00397,PERSON_00242,804,PHONE_00397,missed
CALL_013448,2024-08-02,PERSON_00398,PERSON_00271,104,PHONE_00398,missed
CALL_013449,2023-10-22,PERSON_00399,PERSON_00300,405,PHONE_00399,voice
CALL_013450,2022-09-20,PERSON_00400,PERSON_00329,267,PHONE_00400,voice
CALL_013451,2022-04-04,PERSON_00401,PERSON_00321,39,PHONE_00401,missed
CALL_013452,2021-05-22,PERSON_00402,PERSON_00387,822,PHONE_00402,missed
CALL_013453,2026-03-10,PERSON_00403,PERSON_00416,420,PHONE_00403,voice
CALL_013454,2025-05-02,PERSON_00404,PERSON_00445,673,PHONE_00404,voice
CALL_013455,2021-02-17,PERSON_00405,PERSON_00024,418,PHONE_00405,voice
CALL_013456,2026-05-02,PERSON_00406,PERSON_00237,171,PHONE_00406,voice
CALL_013457,2024-12-18,PERSON_00407,PERSON_00082,791,PHONE_00407,voice
CALL_013458,2024-11-05,PERSON_00408,PERSON_00111,543,PHONE_00408,missed
CALL_013459,2024-07-09,PERSON_00409,PERSON_00140,257,PHONE_00409,missed
CALL_013460,2021-11-30,PERSON_00410,PERSON_00169,435,PHONE_00410,voice
CALL_013461,2021-07-22,PERSON_00411,PERSON_00154,24,PHONE_00411,voice
CALL_013462,2023-02-09,PERSON_00412,PERSON_00227,481,PHONE_00412,voice
CALL_013463,2023-01-28,PERSON_00413,PERSON_00256,301,PHONE_00413,voice
CALL_013464,2023-02-11,PERSON_00414,PERSON_00285,875,PHONE_00414,missed
CALL_013465,2024-08-23,PERSON_00415,PERSON_00314,515,PHONE_00415,voice
CALL_013466,2023-05-15,PERSON_00416,PERSON_00343,783,PHONE_00416,missed
CALL_013467,2023-06-17,PERSON_00417,PERSON_00372,570,PHONE_00417,voice
CALL_013468,2023-12-11,PERSON_00418,PERSON_00401,269,PHONE_00418,voice
CALL_013469,2021-07-05,PERSON_00419,PERSON_00430,694,PHONE_00419,voice
CALL_013470,2023-09-30,PERSON_00420,PERSON_00009,587,PHONE_00420,missed
CALL_013471,2021-09-10,PERSON_00421,PERSON_00038,694,PHONE_00421,missed
CALL_013472,2025-09-13,PERSON_00422,PERSON_00067,259,PHONE_00422,voice
CALL_013473,2024-03-27,PERSON_00423,PERSON_00096,326,PHONE_00423,voice
CALL_013474,2024-09-01,PERSON_00424,PERSON_00125,848,PHONE_00424,voice
CALL_013475,2023-11-15,PERSON_00425,PERSON_00154,651,PHONE_00425,voice
CALL_013476,2024-11-23,PERSON_00426,PERSON_00183,900,PHONE_00426,missed
CALL_013477,2026-01-21,PERSON_00427,PERSON_00212,484,PHONE_00427,voice
CALL_013478,2021-05-23,PERSON_00428,PERSON_00241,254,PHONE_00428,missed
CALL_013479,2024-09-28,PERSON_00429,PERSON_00270,215,PHONE_00429,missed
CALL_013480,2024-06-30,PERSON_00430,PERSON_00299,224,PHONE_00430,voice
CALL_013481,2021-12-25,PERSON_00431,PERSON_00328,783,PHONE_00431,missed
CALL_013482,2021-12-19,PERSON_00432,PERSON_00357,670,PHONE_00432,missed
CALL_013483,2022-03-03,PERSON_00433,PERSON_00386,53,PHONE_00433,voice
CALL_013484,2023-04-02,PERSON_00434,PERSON_00415,578,PHONE_00434,voice
CALL_013485,2025-01-23,PERSON_00435,PERSON_00444,458,PHONE_00435,missed
CALL_013486,2023-12-06,PERSON_00436,PERSON_00134,137,PHONE_00436,voice
CALL_013487,2025-06-18,PERSON_00437,PERSON_00052,81,PHONE_00437,voice
CALL_013488,2025-05-16,PERSON_00438,PERSON_00081,24,PHONE_00438,voice
CALL_013489,2023-03-19,PERSON_00439,PERSON_00110,118,PHONE_00439,voice
CALL_013490,2023-06-06,PERSON_00440,PERSON_00139,446,PHONE_00440,voice
CALL_013491,2025-09-19,PERSON_00441,PERSON_00168,526,PHONE_00441,missed
CALL_013492,2025-06-21,PERSON_00442,PERSON_00197,605,PHONE_00442,voice
CALL_013493,2026-06-08,PERSON_00443,PERSON_00226,15,PHONE_00443,missed
CALL_013494,2025-01-16,PERSON_00444,PERSON_00255,244,PHONE_00444,voice
CALL_013495,2021-01-31,PERSON_00445,PERSON_00284,382,PHONE_00445,voice
CALL_013496,2026-02-09,PERSON_00446,PERSON_00313,214,PHONE_00446,missed
CALL_013497,2026-05-22,PERSON_00447,PERSON_00342,134,PHONE_00447,voice
CALL_013498,2022-06-20,PERSON_00448,PERSON_00371,451,PHONE_00448,voice
CALL_013499,2023-02-02,PERSON_00449,PERSON_00400,227,PHONE_00449,missed
CALL_013500,2022-04-03,PERSON_00450,PERSON_00429,126,PHONE_00450,voice
CALL_013501,2025-05-03,PERSON_00001,PERSON_00008,283,PHONE_00001,missed
CALL_013502,2026-02-17,PERSON_00002,PERSON_00037,688,PHONE_00002,missed
CALL_013503,2023-06-11,PERSON_00003,PERSON_00066,33,PHONE_00003,voice
CALL_013504,2025-03-14,PERSON_00004,PERSON_00095,339,PHONE_00004,voice
CALL_013505,2025-09-05,PERSON_00005,PERSON_00124,47,PHONE_00005,missed
CALL_013506,2025-09-16,PERSON_00006,PERSON_00410,125,PHONE_00006,missed
CALL_013507,2026-06-06,PERSON_00007,PERSON_00182,266,PHONE_00007,voice
CALL_013508,2025-03-18,PERSON_00008,PERSON_00211,592,PHONE_00008,voice
CALL_013509,2025-12-04,PERSON_00009,PERSON_00240,700,PHONE_00009,voice
CALL_013510,2025-08-20,PERSON_00010,PERSON_00269,691,PHONE_00010,voice
CALL_013511,2025-02-08,PERSON_00011,PERSON_00298,544,PHONE_00011,voice
CALL_013512,2025-01-12,PERSON_00012,PERSON_00327,472,PHONE_00012,voice
CALL_013513,2025-09-21,PERSON_00013,PERSON_00356,686,PHONE_00013,missed
CALL_013514,2022-10-10,PERSON_00014,PERSON_00385,175,PHONE_00014,missed
CALL_013515,2025-10-09,PERSON_00015,PERSON_00414,526,PHONE_00015,voice
CALL_013516,2023-10-21,PERSON_00016,PERSON_00440,25,PHONE_00016,missed
CALL_013517,2024-10-31,PERSON_00017,PERSON_00022,482,PHONE_00017,missed
CALL_013518,2025-02-08,PERSON_00018,PERSON_00051,121,PHONE_00018,voice
CALL_013519,2023-12-14,PERSON_00019,PERSON_00080,523,PHONE_00019,voice
CALL_013520,2025-07-19,PERSON_00020,PERSON_00109,805,PHONE_00020,missed
CALL_013521,2023-07-08,PERSON_00021,PERSON_00250,121,PHONE_00021,missed
CALL_013522,2022-02-27,PERSON_00022,PERSON_00167,769,PHONE_00022,voice
CALL_013523,2023-07-29,PERSON_00023,PERSON_00196,147,PHONE_00023,voice
CALL_013524,2026-04-23,PERSON_00024,PERSON_00225,282,PHONE_00024,voice
CALL_013525,2021-12-05,PERSON_00025,PERSON_00254,723,PHONE_00025,voice
CALL_013526,2021-08-03,PERSON_00026,PERSON_00283,339,PHONE_00026,missed
CALL_013527,2025-05-04,PERSON_00027,PERSON_00312,53,PHONE_00027,voice
CALL_013528,2023-08-20,PERSON_00028,PERSON_00341,285,PHONE_00028,voice
CALL_013529,2022-07-09,PERSON_00029,PERSON_00370,82,PHONE_00029,voice
CALL_013530,2022-09-09,PERSON_00030,PERSON_00399,113,PHONE_00030,voice
CALL_013531,2025-02-06,PERSON_00031,PERSON_00428,33,PHONE_00031,missed
CALL_013532,2024-11-11,PERSON_00032,PERSON_00007,896,PHONE_00032,missed
CALL_013533,2024-08-19,PERSON_00033,PERSON_00036,239,PHONE_00033,missed
CALL_013534,2021-03-09,PERSON_00034,PERSON_00065,832,PHONE_00034,voice
CALL_013535,2023-08-27,PERSON_00035,PERSON_00094,787,PHONE_00035,voice
CALL_013536,2021-06-18,PERSON_00036,PERSON_00123,588,PHONE_00036,voice
CALL_013537,2024-04-27,PERSON_00037,PERSON_00152,476,PHONE_00037,voice
CALL_013538,2025-03-27,PERSON_00038,PERSON_00181,290,PHONE_00038,missed
CALL_013539,2021-03-07,PERSON_00039,PERSON_00210,565,PHONE_00039,missed
CALL_013540,2023-08-30,PERSON_00040,PERSON_00239,96,PHONE_00040,voice
CALL_013541,2025-06-16,PERSON_00041,PERSON_00268,19,PHONE_00041,missed
CALL_013542,2023-01-29,PERSON_00042,PERSON_00297,282,PHONE_00042,voice
CALL_013543,2023-01-20,PERSON_00043,PERSON_00326,361,PHONE_00043,voice
CALL_013544,2026-02-13,PERSON_00044,PERSON_00355,498,PHONE_00044,missed
CALL_013545,2022-05-03,PERSON_00045,PERSON_00384,323,PHONE_00045,voice
CALL_013546,2026-03-18,PERSON_00046,PERSON_00219,112,PHONE_00046,voice
CALL_013547,2025-01-12,PERSON_00047,PERSON_00442,179,PHONE_00047,voice
CALL_013548,2023-05-08,PERSON_00048,PERSON_00021,504,PHONE_00048,missed
CALL_013549,2026-06-30,PERSON_00049,PERSON_00050,311,PHONE_00049,missed
CALL_013550,2022-02-06,PERSON_00050,PERSON_00079,70,PHONE_00050,voice
CALL_013551,2022-09-17,PERSON_00051,PERSON_00108,330,PHONE_00051,voice
CALL_013552,2022-06-30,PERSON_00052,PERSON_00137,407,PHONE_00052,voice
CALL_013553,2021-03-11,PERSON_00053,PERSON_00166,801,PHONE_00053,missed
CALL_013554,2021-03-06,PERSON_00054,PERSON_00195,283,PHONE_00054,voice
CALL_013555,2023-06-05,PERSON_00055,PERSON_00224,108,PHONE_00055,voice
CALL_013556,2022-09-19,PERSON_00056,PERSON_00253,345,PHONE_00056,missed
CALL_013557,2024-03-13,PERSON_00057,PERSON_00282,18,PHONE_00057,missed
CALL_013558,2024-04-03,PERSON_00058,PERSON_00311,728,PHONE_00058,voice
CALL_013559,2022-03-26,PERSON_00059,PERSON_00340,687,PHONE_00059,voice
CALL_013560,2023-08-17,PERSON_00060,PERSON_00369,592,PHONE_00060,missed
CALL_013561,2022-01-12,PERSON_00061,PERSON_00268,29,PHONE_00061,voice
CALL_013562,2023-11-06,PERSON_00062,PERSON_00427,128,PHONE_00062,voice
CALL_013563,2025-05-04,PERSON_00063,PERSON_00006,469,PHONE_00063,missed
CALL_013564,2024-10-12,PERSON_00064,PERSON_00035,66,PHONE_00064,missed
CALL_013565,2025-07-27,PERSON_00065,PERSON_00064,678,PHONE_00065,voice
CALL_013566,2026-05-03,PERSON_00066,PERSON_00093,44,PHONE_00066,missed
CALL_013567,2024-07-23,PERSON_00067,PERSON_00122,409,PHONE_00067,voice
CALL_013568,2022-02-18,PERSON_00068,PERSON_00151,179,PHONE_00068,voice
CALL_013569,2024-08-20,PERSON_00069,PERSON_00180,795,PHONE_00069,voice
CALL_013570,2025-04-11,PERSON_00070,PERSON_00209,731,PHONE_00070,missed
CALL_013571,2022-06-15,PERSON_00071,PERSON_00238,292,PHONE_00071,voice
CALL_013572,2024-02-11,PERSON_00072,PERSON_00267,375,PHONE_00072,voice
CALL_013573,2025-03-18,PERSON_00073,PERSON_00296,738,PHONE_00073,missed
CALL_013574,2022-03-21,PERSON_00074,PERSON_00325,698,PHONE_00074,missed
CALL_013575,2022-08-12,PERSON_00075,PERSON_00354,574,PHONE_00075,missed
CALL_013576,2021-06-18,PERSON_00076,PERSON_00442,78,PHONE_00076,voice
CALL_013577,2021-12-02,PERSON_00077,PERSON_00412,154,PHONE_00077,voice
CALL_013578,2021-09-13,PERSON_00078,PERSON_00441,120,PHONE_00078,voice
CALL_013579,2021-08-04,PERSON_00079,PERSON_00020,875,PHONE_00079,missed
CALL_013580,2021-10-04,PERSON_00080,PERSON_00049,779,PHONE_00080,missed
CALL_013581,2025-11-23,PERSON_00081,PERSON_00250,174,PHONE_00081,voice
CALL_013582,2023-01-11,PERSON_00082,PERSON_00107,22,PHONE_00082,missed
CALL_013583,2024-06-11,PERSON_00083,PERSON_00136,870,PHONE_00083,voice
CALL_013584,2023-10-15,PERSON_00084,PERSON_00165,485,PHONE_00084,voice
CALL_013585,2022-12-22,PERSON_00085,PERSON_00194,502,PHONE_00085,missed
CALL_013586,2023-08-20,PERSON_00086,PERSON_00169,144,PHONE_00086,voice
CALL_013587,2025-01-05,PERSON_00087,PERSON_00252,833,PHONE_00087,voice
CALL_013588,2026-03-05,PERSON_00088,PERSON_00281,87,PHONE_00088,voice
CALL_013589,2023-06-22,PERSON_00089,PERSON_00310,576,PHONE_00089,voice
CALL_013590,2022-04-26,PERSON_00090,PERSON_00339,728,PHONE_00090,voice
CALL_013591,2023-07-10,PERSON_00091,PERSON_00368,871,PHONE_00091,voice
CALL_013592,2025-06-09,PERSON_00092,PERSON_00397,127,PHONE_00092,voice
CALL_013593,2023-10-06,PERSON_00093,PERSON_00426,757,PHONE_00093,voice
CALL_013594,2021-08-04,PERSON_00094,PERSON_00005,143,PHONE_00094,missed
CALL_013595,2021-11-11,PERSON_00095,PERSON_00034,454,PHONE_00095,voice
CALL_013596,2025-02-12,PERSON_00096,PERSON_00063,70,PHONE_00096,voice
CALL_013597,2021-07-21,PERSON_00097,PERSON_00092,467,PHONE_00097,voice
CALL_013598,2023-11-10,PERSON_00098,PERSON_00121,197,PHONE_00098,missed
CALL_013599,2024-12-27,PERSON_00099,PERSON_00150,254,PHONE_00099,voice
CALL_013600,2023-05-07,PERSON_00100,PERSON_00179,629,PHONE_00100,missed
CALL_013601,2024-06-30,PERSON_00101,PERSON_00410,78,PHONE_00101,voice
CALL_013602,2026-05-27,PERSON_00102,PERSON_00237,477,PHONE_00102,voice
CALL_013603,2023-04-04,PERSON_00103,PERSON_00266,161,PHONE_00103,missed
CALL_013604,2026-03-31,PERSON_00104,PERSON_00295,800,PHONE_00104,voice
CALL_013605,2021-11-08,PERSON_00105,PERSON_00324,740,PHONE_00105,missed
CALL_013606,2025-11-20,PERSON_00106,PERSON_00410,25,PHONE_00106,voice
CALL_013607,2022-01-10,PERSON_00107,PERSON_00382,877,PHONE_00107,voice
CALL_013608,2026-04-12,PERSON_00108,PERSON_00411,887,PHONE_00108,missed
CALL_013609,2022-04-01,PERSON_00109,PERSON_00440,825,PHONE_00109,missed
CALL_013610,2022-10-03,PERSON_00110,PERSON_00019,414,PHONE_00110,voice
CALL_013611,2024-10-16,PERSON_00111,PERSON_00048,230,PHONE_00111,voice
CALL_013612,2022-11-04,PERSON_00112,PERSON_00077,524,PHONE_00112,voice
CALL_013613,2021-12-05,PERSON_00113,PERSON_00106,417,PHONE_00113,missed
CALL_013614,2024-10-22,PERSON_00114,PERSON_00135,209,PHONE_00114,voice
CALL_013615,2024-01-17,PERSON_00115,PERSON_00164,730,PHONE_00115,voice
CALL_013616,2022-02-26,PERSON_00116,PERSON_00193,320,PHONE_00116,voice
CALL_013617,2022-10-01,PERSON_00117,PERSON_00222,244,PHONE_00117,voice
CALL_013618,2026-06-08,PERSON_00118,PERSON_00251,393,PHONE_00118,missed
CALL_013619,2023-10-10,PERSON_00119,PERSON_00280,207,PHONE_00119,voice
CALL_013620,2025-06-12,PERSON_00120,PERSON_00309,618,PHONE_00120,missed
CALL_013621,2025-10-14,PERSON_00121,PERSON_00338,840,PHONE_00121,voice
CALL_013622,2023-03-09,PERSON_00122,PERSON_00367,385,PHONE_00122,voice
CALL_013623,2021-06-23,PERSON_00123,PERSON_00396,753,PHONE_00123,missed
CALL_013624,2025-02-03,PERSON_00124,PERSON_00425,888,PHONE_00124,missed
CALL_013625,2021-09-12,PERSON_00125,PERSON_00004,140,PHONE_00125,missed
CALL_013626,2026-03-04,PERSON_00126,PERSON_00318,70,PHONE_00126,voice
CALL_013627,2025-07-11,PERSON_00127,PERSON_00062,663,PHONE_00127,voice
CALL_013628,2024-09-18,PERSON_00128,PERSON_00091,232,PHONE_00128,missed
CALL_013629,2021-03-16,PERSON_00129,PERSON_00120,397,PHONE_00129,voice
CALL_013630,2024-09-04,PERSON_00130,PERSON_00149,146,PHONE_00130,voice
CALL_013631,2022-10-19,PERSON_00131,PERSON_00178,523,PHONE_00131,missed
CALL_013632,2025-07-11,PERSON_00132,PERSON_00207,898,PHONE_00132,missed
CALL_013633,2023-09-03,PERSON_00133,PERSON_00236,582,PHONE_00133,voice
CALL_013634,2022-08-19,PERSON_00134,PERSON_00265,828,PHONE_00134,missed
CALL_013635,2024-05-20,PERSON_00135,PERSON_00294,814,PHONE_00135,missed
CALL_013636,2024-06-08,PERSON_00136,PERSON_00323,861,PHONE_00136,voice
CALL_013637,2025-05-30,PERSON_00137,PERSON_00352,43,PHONE_00137,missed
CALL_013638,2025-06-14,PERSON_00138,PERSON_00381,57,PHONE_00138,voice
CALL_013639,2021-01-10,PERSON_00139,PERSON_00410,187,PHONE_00139,voice
CALL_013640,2022-09-01,PERSON_00140,PERSON_00439,110,PHONE_00140,voice
CALL_013641,2022-11-26,PERSON_00141,PERSON_00065,170,PHONE_00141,voice
CALL_013642,2025-10-20,PERSON_00142,PERSON_00047,173,PHONE_00142,voice
CALL_013643,2026-02-28,PERSON_00143,PERSON_00076,787,PHONE_00143,voice
CALL_013644,2025-10-30,PERSON_00144,PERSON_00105,41,PHONE_00144,missed
CALL_013645,2025-06-30,PERSON_00145,PERSON_00134,562,PHONE_00145,voice
CALL_013646,2025-02-04,PERSON_00146,PERSON_00163,238,PHONE_00146,voice
CALL_013647,2024-10-18,PERSON_00147,PERSON_00192,155,PHONE_00147,voice
CALL_013648,2021-12-09,PERSON_00148,PERSON_00221,582,PHONE_00148,voice
CALL_013649,2022-02-01,PERSON_00149,PERSON_00250,107,PHONE_00149,voice
CALL_013650,2022-06-01,PERSON_00150,PERSON_00279,646,PHONE_00150,voice
CALL_013651,2024-03-30,PERSON_00151,PERSON_00308,315,PHONE_00151,missed
CALL_013652,2022-05-10,PERSON_00152,PERSON_00337,41,PHONE_00152,missed
CALL_013653,2026-03-25,PERSON_00153,PERSON_00366,83,PHONE_00153,voice
CALL_013654,2024-05-06,PERSON_00154,PERSON_00395,625,PHONE_00154,missed
CALL_013655,2022-05-06,PERSON_00155,PERSON_00424,107,PHONE_00155,voice
CALL_013656,2022-08-29,PERSON_00156,PERSON_00389,31,PHONE_00156,voice
CALL_013657,2022-12-13,PERSON_00157,PERSON_00032,780,PHONE_00157,missed
CALL_013658,2022-10-05,PERSON_00158,PERSON_00061,574,PHONE_00158,voice
CALL_013659,2021-09-14,PERSON_00159,PERSON_00090,844,PHONE_00159,missed
CALL_013660,2023-11-19,PERSON_00160,PERSON_00119,623,PHONE_00160,voice
CALL_013661,2021-09-29,PERSON_00161,PERSON_00371,63,PHONE_00161,voice
CALL_013662,2023-06-20,PERSON_00162,PERSON_00177,402,PHONE_00162,voice
CALL_013663,2025-07-02,PERSON_00163,PERSON_00206,841,PHONE_00163,voice
CALL_013664,2022-01-01,PERSON_00164,PERSON_00235,609,PHONE_00164,voice
CALL_013665,2025-03-07,PERSON_00165,PERSON_00264,37,PHONE_00165,missed
CALL_013666,2024-11-02,PERSON_00166,PERSON_00128,172,PHONE_00166,missed
CALL_013667,2023-02-04,PERSON_00167,PERSON_00322,355,PHONE_00167,voice
CALL_013668,2025-03-08,PERSON_00168,PERSON_00351,856,PHONE_00168,voice
CALL_013669,2021-04-18,PERSON_00169,PERSON_00380,574,PHONE_00169,voice
CALL_013670,2021-08-31,PERSON_00170,PERSON_00409,371,PHONE_00170,missed
CALL_013671,2022-06-19,PERSON_00171,PERSON_00093,159,PHONE_00171,voice
CALL_013672,2024-11-21,PERSON_00172,PERSON_00017,194,PHONE_00172,voice
CALL_013673,2022-10-22,PERSON_00173,PERSON_00046,215,PHONE_00173,voice
CALL_013674,2022-07-09,PERSON_00174,PERSON_00075,426,PHONE_00174,voice
CALL_013675,2024-05-15,PERSON_00175,PERSON_00104,119,PHONE_00175,voice
CALL_013676,2025-10-17,PERSON_00176,PERSON_00133,74,PHONE_00176,missed
CALL_013677,2025-01-17,PERSON_00177,PERSON_00162,796,PHONE_00177,missed
CALL_013678,2023-07-15,PERSON_00178,PERSON_00191,582,PHONE_00178,missed
CALL_013679,2025-09-29,PERSON_00179,PERSON_00220,839,PHONE_00179,voice
CALL_013680,2023-12-18,PERSON_00180,PERSON_00249,757,PHONE_00180,missed
CALL_013681,2022-11-02,PERSON_00181,PERSON_00278,746,PHONE_00181,voice
CALL_013682,2025-10-31,PERSON_00182,PERSON_00307,25,PHONE_00182,voice
CALL_013683,2025-05-16,PERSON_00183,PERSON_00336,743,PHONE_00183,missed
CALL_013684,2023-01-27,PERSON_00184,PERSON_00365,403,PHONE_00184,missed
CALL_013685,2022-07-26,PERSON_00185,PERSON_00394,898,PHONE_00185,missed
CALL_013686,2024-05-05,PERSON_00186,PERSON_00423,264,PHONE_00186,missed
CALL_013687,2024-09-29,PERSON_00187,PERSON_00002,837,PHONE_00187,missed
CALL_013688,2022-07-24,PERSON_00188,PERSON_00031,81,PHONE_00188,voice
CALL_013689,2025-08-11,PERSON_00189,PERSON_00060,125,PHONE_00189,missed
CALL_013690,2021-05-29,PERSON_00190,PERSON_00089,40,PHONE_00190,missed
CALL_013691,2022-07-20,PERSON_00191,PERSON_00134,155,PHONE_00191,missed
CALL_013692,2022-10-10,PERSON_00192,PERSON_00147,147,PHONE_00192,voice
CALL_013693,2025-10-30,PERSON_00193,PERSON_00176,510,PHONE_00193,missed
CALL_013694,2024-02-27,PERSON_00194,PERSON_00205,855,PHONE_00194,missed
CALL_013695,2022-02-11,PERSON_00195,PERSON_00234,52,PHONE_00195,missed
CALL_013696,2025-01-27,PERSON_00196,PERSON_00440,179,PHONE_00196,missed
CALL_013697,2021-06-14,PERSON_00197,PERSON_00292,75,PHONE_00197,missed
CALL_013698,2024-10-05,PERSON_00198,PERSON_00321,501,PHONE_00198,voice
CALL_013699,2024-11-03,PERSON_00199,PERSON_00350,461,PHONE_00199,voice
CALL_013700,2021-03-12,PERSON_00200,PERSON_00379,374,PHONE_00200,missed
CALL_013701,2025-04-04,PERSON_00201,PERSON_00408,636,PHONE_00201,voice
CALL_013702,2022-10-10,PERSON_00202,PERSON_00437,218,PHONE_00202,voice
CALL_013703,2021-03-21,PERSON_00203,PERSON_00016,578,PHONE_00203,voice
CALL_013704,2025-09-06,PERSON_00204,PERSON_00045,770,PHONE_00204,voice
CALL_013705,2021-06-12,PERSON_00205,PERSON_00074,494,PHONE_00205,missed
CALL_013706,2023-10-16,PERSON_00206,PERSON_00103,310,PHONE_00206,missed
CALL_013707,2022-06-14,PERSON_00207,PERSON_00132,75,PHONE_00207,voice
CALL_013708,2025-04-25,PERSON_00208,PERSON_00161,772,PHONE_00208,voice
CALL_013709,2021-05-05,PERSON_00209,PERSON_00190,434,PHONE_00209,missed
CALL_013710,2022-07-29,PERSON_00210,PERSON_00219,99,PHONE_00210,voice
CALL_013711,2021-08-05,PERSON_00211,PERSON_00248,743,PHONE_00211,missed
CALL_013712,2021-09-11,PERSON_00212,PERSON_00277,322,PHONE_00212,missed
CALL_013713,2021-05-28,PERSON_00213,PERSON_00306,268,PHONE_00213,voice
CALL_013714,2021-05-01,PERSON_00214,PERSON_00335,466,PHONE_00214,voice
CALL_013715,2025-07-06,PERSON_00215,PERSON_00364,746,PHONE_00215,voice
CALL_013716,2021-07-14,PERSON_00216,PERSON_00244,8,PHONE_00216,missed
CALL_013717,2022-10-20,PERSON_00217,PERSON_00422,595,PHONE_00217,voice
CALL_013718,2025-12-23,PERSON_00218,PERSON_00001,295,PHONE_00218,voice
CALL_013719,2022-12-17,PERSON_00219,PERSON_00030,356,PHONE_00219,missed
CALL_013720,2022-07-18,PERSON_00220,PERSON_00059,391,PHONE_00220,voice
CALL_013721,2022-04-19,PERSON_00221,PERSON_00144,157,PHONE_00221,missed
CALL_013722,2021-01-14,PERSON_00222,PERSON_00117,765,PHONE_00222,voice
CALL_013723,2023-08-20,PERSON_00223,PERSON_00146,432,PHONE_00223,voice
CALL_013724,2025-04-15,PERSON_00224,PERSON_00175,589,PHONE_00224,missed
CALL_013725,2022-05-18,PERSON_00225,PERSON_00204,311,PHONE_00225,voice
CALL_013726,2023-08-03,PERSON_00226,PERSON_00237,78,PHONE_00226,voice
CALL_013727,2022-08-04,PERSON_00227,PERSON_00262,888,PHONE_00227,voice
CALL_013728,2026-02-23,PERSON_00228,PERSON_00291,197,PHONE_00228,voice
CALL_013729,2022-07-29,PERSON_00229,PERSON_00320,821,PHONE_00229,voice
CALL_013730,2024-04-08,PERSON_00230,PERSON_00349,415,PHONE_00230,voice
CALL_013731,2025-12-31,PERSON_00231,PERSON_00093,127,PHONE_00231,voice
CALL_013732,2023-05-27,PERSON_00232,PERSON_00407,441,PHONE_00232,voice
CALL_013733,2022-12-01,PERSON_00233,PERSON_00436,502,PHONE_00233,voice
CALL_013734,2024-05-21,PERSON_00234,PERSON_00015,297,PHONE_00234,voice
CALL_013735,2026-03-29,PERSON_00235,PERSON_00044,668,PHONE_00235,voice
CALL_013736,2026-01-25,PERSON_00236,PERSON_00073,306,PHONE_00236,missed
CALL_013737,2025-03-21,PERSON_00237,PERSON_00102,191,PHONE_00237,missed
CALL_013738,2021-05-02,PERSON_00238,PERSON_00131,218,PHONE_00238,missed
CALL_013739,2021-12-11,PERSON_00239,PERSON_00160,477,PHONE_00239,voice
CALL_013740,2025-02-19,PERSON_00240,PERSON_00189,477,PHONE_00240,voice
CALL_013741,2025-12-31,PERSON_00241,PERSON_00074,49,PHONE_00241,missed
CALL_013742,2025-05-07,PERSON_00242,PERSON_00247,195,PHONE_00242,missed
CALL_013743,2025-01-06,PERSON_00243,PERSON_00276,502,PHONE_00243,voice
CALL_013744,2026-03-07,PERSON_00244,PERSON_00305,840,PHONE_00244,voice
CALL_013745,2022-02-05,PERSON_00245,PERSON_00334,750,PHONE_00245,voice
CALL_013746,2023-02-14,PERSON_00246,PERSON_00363,866,PHONE_00246,voice
CALL_013747,2023-12-21,PERSON_00247,PERSON_00392,60,PHONE_00247,voice
CALL_013748,2023-03-24,PERSON_00248,PERSON_00421,81,PHONE_00248,voice
CALL_013749,2024-07-01,PERSON_00249,PERSON_00450,423,PHONE_00249,missed
CALL_013750,2021-11-23,PERSON_00250,PERSON_00029,711,PHONE_00250,missed
CALL_013751,2022-07-24,PERSON_00251,PERSON_00058,609,PHONE_00251,voice
CALL_013752,2023-06-21,PERSON_00252,PERSON_00087,781,PHONE_00252,missed
CALL_013753,2024-04-01,PERSON_00253,PERSON_00116,75,PHONE_00253,missed
CALL_013754,2021-06-20,PERSON_00254,PERSON_00145,493,PHONE_00254,missed
CALL_013755,2024-12-07,PERSON_00255,PERSON_00174,196,PHONE_00255,voice
CALL_013756,2025-08-15,PERSON_00256,PERSON_00154,137,PHONE_00256,missed
CALL_013757,2021-05-06,PERSON_00257,PERSON_00232,708,PHONE_00257,voice
CALL_013758,2025-11-24,PERSON_00258,PERSON_00261,887,PHONE_00258,voice
CALL_013759,2025-07-20,PERSON_00259,PERSON_00290,286,PHONE_00259,voice
CALL_013760,2024-09-15,PERSON_00260,PERSON_00319,328,PHONE_00260,voice
CALL_013761,2025-07-12,PERSON_00261,PERSON_00348,602,PHONE_00261,voice
CALL_013762,2021-01-07,PERSON_00262,PERSON_00377,338,PHONE_00262,missed
CALL_013763,2024-05-18,PERSON_00263,PERSON_00406,652,PHONE_00263,missed
CALL_013764,2023-11-05,PERSON_00264,PERSON_00435,197,PHONE_00264,voice
CALL_013765,2022-07-19,PERSON_00265,PERSON_00014,834,PHONE_00265,voice
CALL_013766,2024-07-25,PERSON_00266,PERSON_00043,208,PHONE_00266,voice
CALL_013767,2021-03-27,PERSON_00267,PERSON_00072,111,PHONE_00267,missed
CALL_013768,2023-05-21,PERSON_00268,PERSON_00101,400,PHONE_00268,missed
CALL_013769,2021-02-10,PERSON_00269,PERSON_00130,224,PHONE_00269,voice
CALL_013770,2023-11-21,PERSON_00270,PERSON_00159,445,PHONE_00270,missed
CALL_013771,2023-02-10,PERSON_00271,PERSON_00065,13,PHONE_00271,missed
CALL_013772,2021-01-03,PERSON_00272,PERSON_00217,21,PHONE_00272,voice
CALL_013773,2025-12-26,PERSON_00273,PERSON_00246,724,PHONE_00273,missed
CALL_013774,2025-12-13,PERSON_00274,PERSON_00275,52,PHONE_00274,voice
CALL_013775,2022-07-02,PERSON_00275,PERSON_00304,169,PHONE_00275,voice
CALL_013776,2022-05-22,PERSON_00276,PERSON_00333,20,PHONE_00276,voice
CALL_013777,2021-08-05,PERSON_00277,PERSON_00362,742,PHONE_00277,missed
CALL_013778,2025-12-20,PERSON_00278,PERSON_00391,734,PHONE_00278,missed
CALL_013779,2021-03-31,PERSON_00279,PERSON_00420,436,PHONE_00279,voice
CALL_013780,2024-05-17,PERSON_00280,PERSON_00449,568,PHONE_00280,voice
CALL_013781,2024-06-29,PERSON_00281,PERSON_00028,216,PHONE_00281,voice
CALL_013782,2025-01-26,PERSON_00282,PERSON_00057,401,PHONE_00282,voice
CALL_013783,2023-05-28,PERSON_00283,PERSON_00086,694,PHONE_00283,voice
CALL_013784,2025-08-26,PERSON_00284,PERSON_00115,357,PHONE_00284,voice
CALL_013785,2023-06-19,PERSON_00285,PERSON_00144,814,PHONE_00285,voice
CALL_013786,2026-06-24,PERSON_00286,PERSON_00442,169,PHONE_00286,voice
CALL_013787,2023-09-29,PERSON_00287,PERSON_00202,840,PHONE_00287,missed
CALL_013788,2025-07-20,PERSON_00288,PERSON_00231,459,PHONE_00288,missed
CALL_013789,2021-04-21,PERSON_00289,PERSON_00260,862,PHONE_00289,missed
CALL_013790,2022-12-26,PERSON_00290,PERSON_00289,204,PHONE_00290,voice
CALL_013791,2021-02-21,PERSON_00291,PERSON_00093,180,PHONE_00291,missed
CALL_013792,2023-09-04,PERSON_00292,PERSON_00347,274,PHONE_00292,missed
CALL_013793,2026-03-09,PERSON_00293,PERSON_00376,617,PHONE_00293,voice
CALL_013794,2021-02-08,PERSON_00294,PERSON_00405,531,PHONE_00294,voice
CALL_013795,2023-04-25,PERSON_00295,PERSON_00434,888,PHONE_00295,missed
CALL_013796,2026-02-16,PERSON_00296,PERSON_00013,850,PHONE_00296,voice
CALL_013797,2023-10-02,PERSON_00297,PERSON_00042,379,PHONE_00297,missed
CALL_013798,2025-04-18,PERSON_00298,PERSON_00071,258,PHONE_00298,voice
CALL_013799,2023-06-01,PERSON_00299,PERSON_00100,561,PHONE_00299,voice
CALL_013800,2025-09-15,PERSON_00300,PERSON_00129,156,PHONE_00300,voice
CALL_013801,2023-12-22,PERSON_00301,PERSON_00389,73,PHONE_00301,voice
CALL_013802,2025-06-03,PERSON_00302,PERSON_00187,189,PHONE_00302,voice
CALL_013803,2021-11-05,PERSON_00303,PERSON_00216,459,PHONE_00303,missed
CALL_013804,2021-06-25,PERSON_00304,PERSON_00245,401,PHONE_00304,missed
CALL_013805,2022-11-07,PERSON_00305,PERSON_00274,763,PHONE_00305,missed
CALL_013806,2021-01-26,PERSON_00306,PERSON_00303,469,PHONE_00306,voice
CALL_013807,2023-05-04,PERSON_00307,PERSON_00332,737,PHONE_00307,voice
CALL_013808,2022-03-03,PERSON_00308,PERSON_00361,440,PHONE_00308,missed
CALL_013809,2024-09-07,PERSON_00309,PERSON_00390,809,PHONE_00309,voice
CALL_013810,2024-09-23,PERSON_00310,PERSON_00419,92,PHONE_00310,voice
CALL_013811,2024-02-18,PERSON_00311,PERSON_00448,855,PHONE_00311,voice
CALL_013812,2022-06-08,PERSON_00312,PERSON_00027,630,PHONE_00312,missed
CALL_013813,2024-04-27,PERSON_00313,PERSON_00056,383,PHONE_00313,missed
CALL_013814,2022-11-12,PERSON_00314,PERSON_00085,657,PHONE_00314,voice
CALL_013815,2023-02-07,PERSON_00315,PERSON_00114,317,PHONE_00315,missed
CALL_013816,2023-03-09,PERSON_00316,PERSON_00143,675,PHONE_00316,voice
CALL_013817,2025-07-23,PERSON_00317,PERSON_00172,642,PHONE_00317,voice
CALL_013818,2023-04-08,PERSON_00318,PERSON_00201,842,PHONE_00318,voice
CALL_013819,2022-03-14,PERSON_00319,PERSON_00230,889,PHONE_00319,missed
CALL_013820,2021-10-31,PERSON_00320,PERSON_00259,635,PHONE_00320,missed
CALL_013821,2025-02-26,PERSON_00321,PERSON_00202,117,PHONE_00321,voice
CALL_013822,2023-04-02,PERSON_00322,PERSON_00317,235,PHONE_00322,voice
CALL_013823,2021-01-26,PERSON_00323,PERSON_00346,605,PHONE_00323,missed
CALL_013824,2025-02-15,PERSON_00324,PERSON_00375,535,PHONE_00324,voice
CALL_013825,2023-09-26,PERSON_00325,PERSON_00404,896,PHONE_00325,voice
CALL_013826,2024-07-31,PERSON_00326,PERSON_00433,631,PHONE_00326,missed
CALL_013827,2024-02-09,PERSON_00327,PERSON_00012,640,PHONE_00327,missed
CALL_013828,2024-06-06,PERSON_00328,PERSON_00041,710,PHONE_00328,voice
CALL_013829,2021-05-02,PERSON_00329,PERSON_00070,538,PHONE_00329,voice
CALL_013830,2021-03-26,PERSON_00330,PERSON_00099,47,PHONE_00330,missed
CALL_013831,2024-06-21,PERSON_00331,PERSON_00156,135,PHONE_00331,voice
CALL_013832,2023-05-10,PERSON_00332,PERSON_00157,134,PHONE_00332,voice
CALL_013833,2024-12-03,PERSON_00333,PERSON_00186,778,PHONE_00333,missed
CALL_013834,2025-07-10,PERSON_00334,PERSON_00215,513,PHONE_00334,missed
CALL_013835,2021-09-16,PERSON_00335,PERSON_00244,369,PHONE_00335,missed
CALL_013836,2025-06-19,PERSON_00336,PERSON_00154,80,PHONE_00336,missed
CALL_013837,2021-11-10,PERSON_00337,PERSON_00302,651,PHONE_00337,voice
CALL_013838,2022-01-25,PERSON_00338,PERSON_00331,502,PHONE_00338,voice
CALL_013839,2021-05-16,PERSON_00339,PERSON_00360,81,PHONE_00339,voice
CALL_013840,2022-07-28,PERSON_00340,PERSON_00389,802,PHONE_00340,missed
CALL_013841,2021-01-04,PERSON_00341,PERSON_00418,308,PHONE_00341,voice
CALL_013842,2021-03-14,PERSON_00342,PERSON_00447,509,PHONE_00342,voice
CALL_013843,2023-09-03,PERSON_00343,PERSON_00026,873,PHONE_00343,voice
CALL_013844,2021-12-05,PERSON_00344,PERSON_00055,65,PHONE_00344,missed
CALL_013845,2024-09-27,PERSON_00345,PERSON_00084,47,PHONE_00345,missed
CALL_013846,2024-07-13,PERSON_00346,PERSON_00113,241,PHONE_00346,voice
CALL_013847,2021-11-20,PERSON_00347,PERSON_00142,658,PHONE_00347,voice
CALL_013848,2023-06-10,PERSON_00348,PERSON_00171,797,PHONE_00348,voice
CALL_013849,2021-05-14,PERSON_00349,PERSON_00200,117,PHONE_00349,voice
CALL_013850,2023-04-23,PERSON_00350,PERSON_00229,258,PHONE_00350,voice
CALL_013851,2024-04-11,PERSON_00351,PERSON_00258,20,PHONE_00351,voice
CALL_013852,2023-01-15,PERSON_00352,PERSON_00287,586,PHONE_00352,voice
CALL_013853,2024-06-24,PERSON_00353,PERSON_00316,652,PHONE_00353,voice
CALL_013854,2025-02-23,PERSON_00354,PERSON_00345,414,PHONE_00354,missed
CALL_013855,2021-05-10,PERSON_00355,PERSON_00374,40,PHONE_00355,voice
CALL_013856,2026-03-21,PERSON_00356,PERSON_00403,86,PHONE_00356,voice
CALL_013857,2025-03-19,PERSON_00357,PERSON_00432,674,PHONE_00357,voice
CALL_013858,2021-12-15,PERSON_00358,PERSON_00011,139,PHONE_00358,voice
CALL_013859,2021-04-21,PERSON_00359,PERSON_00040,70,PHONE_00359,missed
CALL_013860,2021-12-26,PERSON_00360,PERSON_00069,349,PHONE_00360,voice
CALL_013861,2023-08-30,PERSON_00361,PERSON_00098,153,PHONE_00361,voice
CALL_013862,2021-08-24,PERSON_00362,PERSON_00127,566,PHONE_00362,voice
CALL_013863,2026-06-30,PERSON_00363,PERSON_00156,514,PHONE_00363,voice
CALL_013864,2021-03-17,PERSON_00364,PERSON_00185,784,PHONE_00364,voice
CALL_013865,2023-03-19,PERSON_00365,PERSON_00214,898,PHONE_00365,missed
CALL_013866,2023-05-12,PERSON_00366,PERSON_00268,70,PHONE_00366,missed
CALL_013867,2023-10-30,PERSON_00367,PERSON_00272,228,PHONE_00367,missed
CALL_013868,2021-09-07,PERSON_00368,PERSON_00301,505,PHONE_00368,missed
CALL_013869,2026-01-03,PERSON_00369,PERSON_00330,273,PHONE_00369,voice
CALL_013870,2024-09-06,PERSON_00370,PERSON_00359,523,PHONE_00370,missed
CALL_013871,2025-12-10,PERSON_00371,PERSON_00355,170,PHONE_00371,missed
CALL_013872,2021-11-20,PERSON_00372,PERSON_00417,315,PHONE_00372,voice
CALL_013873,2026-04-18,PERSON_00373,PERSON_00446,161,PHONE_00373,missed
CALL_013874,2024-01-25,PERSON_00374,PERSON_00025,204,PHONE_00374,missed
CALL_013875,2021-11-05,PERSON_00375,PERSON_00054,889,PHONE_00375,voice
CALL_013876,2024-07-10,PERSON_00376,PERSON_00038,82,PHONE_00376,voice
CALL_013877,2023-05-27,PERSON_00377,PERSON_00112,660,PHONE_00377,voice
CALL_013878,2024-05-19,PERSON_00378,PERSON_00141,831,PHONE_00378,voice
CALL_013879,2021-06-16,PERSON_00379,PERSON_00170,676,PHONE_00379,voice
CALL_013880,2024-10-09,PERSON_00380,PERSON_00199,205,PHONE_00380,voice
CALL_013881,2025-07-29,PERSON_00381,PERSON_00411,74,PHONE_00381,voice
CALL_013882,2023-06-10,PERSON_00382,PERSON_00257,101,PHONE_00382,voice
CALL_013883,2025-11-22,PERSON_00383,PERSON_00286,25,PHONE_00383,missed
CALL_013884,2022-05-19,PERSON_00384,PERSON_00315,82,PHONE_00384,voice
CALL_013885,2022-09-21,PERSON_00385,PERSON_00344,627,PHONE_00385,voice
CALL_013886,2023-04-10,PERSON_00386,PERSON_00373,196,PHONE_00386,missed
CALL_013887,2023-01-28,PERSON_00387,PERSON_00402,213,PHONE_00387,voice
CALL_013888,2023-11-29,PERSON_00388,PERSON_00431,654,PHONE_00388,missed
CALL_013889,2023-08-25,PERSON_00389,PERSON_00010,678,PHONE_00389,voice
CALL_013890,2025-09-10,PERSON_00390,PERSON_00039,572,PHONE_00390,missed
CALL_013891,2024-05-02,PERSON_00391,PERSON_00240,24,PHONE_00391,missed
CALL_013892,2022-05-11,PERSON_00392,PERSON_00097,543,PHONE_00392,missed
CALL_013893,2025-07-14,PERSON_00393,PERSON_00126,519,PHONE_00393,voice
CALL_013894,2025-07-27,PERSON_00394,PERSON_00155,849,PHONE_00394,voice
CALL_013895,2023-12-11,PERSON_00395,PERSON_00184,790,PHONE_00395,voice
CALL_013896,2021-10-07,PERSON_00396,PERSON_00213,78,PHONE_00396,voice
CALL_013897,2021-11-21,PERSON_00397,PERSON_00242,459,PHONE_00397,missed
CALL_013898,2023-04-07,PERSON_00398,PERSON_00271,390,PHONE_00398,missed
CALL_013899,2023-06-01,PERSON_00399,PERSON_00300,738,PHONE_00399,voice
CALL_013900,2024-07-06,PERSON_00400,PERSON_00329,862,PHONE_00400,voice
CALL_013901,2023-04-30,PERSON_00401,PERSON_00074,41,PHONE_00401,voice
CALL_013902,2024-05-27,PERSON_00402,PERSON_00387,707,PHONE_00402,missed
CALL_013903,2024-09-15,PERSON_00403,PERSON_00416,331,PHONE_00403,voice
CALL_013904,2024-02-20,PERSON_00404,PERSON_00445,733,PHONE_00404,voice
CALL_013905,2023-12-14,PERSON_00405,PERSON_00024,568,PHONE_00405,voice
CALL_013906,2022-01-02,PERSON_00406,PERSON_00389,13,PHONE_00406,missed
CALL_013907,2022-09-11,PERSON_00407,PERSON_00082,727,PHONE_00407,voice
CALL_013908,2023-09-13,PERSON_00408,PERSON_00111,610,PHONE_00408,missed
CALL_013909,2022-03-19,PERSON_00409,PERSON_00140,254,PHONE_00409,voice
CALL_013910,2026-06-03,PERSON_00410,PERSON_00169,664,PHONE_00410,missed
CALL_013911,2022-07-30,PERSON_00411,PERSON_00439,96,PHONE_00411,voice
CALL_013912,2024-05-01,PERSON_00412,PERSON_00227,831,PHONE_00412,missed
CALL_013913,2021-10-28,PERSON_00413,PERSON_00256,751,PHONE_00413,voice
CALL_013914,2021-06-15,PERSON_00414,PERSON_00285,374,PHONE_00414,voice
CALL_013915,2022-04-24,PERSON_00415,PERSON_00314,533,PHONE_00415,voice
CALL_013916,2025-08-11,PERSON_00416,PERSON_00343,292,PHONE_00416,voice
CALL_013917,2021-01-23,PERSON_00417,PERSON_00372,349,PHONE_00417,missed
CALL_013918,2024-03-12,PERSON_00418,PERSON_00401,344,PHONE_00418,voice
CALL_013919,2023-04-09,PERSON_00419,PERSON_00430,389,PHONE_00419,missed
CALL_013920,2024-03-29,PERSON_00420,PERSON_00009,605,PHONE_00420,missed
CALL_013921,2024-05-29,PERSON_00421,PERSON_00038,141,PHONE_00421,voice
CALL_013922,2024-12-19,PERSON_00422,PERSON_00067,888,PHONE_00422,missed
CALL_013923,2025-02-05,PERSON_00423,PERSON_00096,47,PHONE_00423,voice
CALL_013924,2025-02-12,PERSON_00424,PERSON_00125,375,PHONE_00424,voice
CALL_013925,2023-04-09,PERSON_00425,PERSON_00154,204,PHONE_00425,voice
CALL_013926,2024-03-18,PERSON_00426,PERSON_00183,586,PHONE_00426,missed
CALL_013927,2021-09-20,PERSON_00427,PERSON_00212,125,PHONE_00427,voice
CALL_013928,2026-05-06,PERSON_00428,PERSON_00241,692,PHONE_00428,voice
CALL_013929,2022-04-04,PERSON_00429,PERSON_00270,621,PHONE_00429,voice
CALL_013930,2024-05-24,PERSON_00430,PERSON_00299,194,PHONE_00430,voice
CALL_013931,2024-11-09,PERSON_00431,PERSON_00328,91,PHONE_00431,voice
CALL_013932,2026-02-21,PERSON_00432,PERSON_00357,710,PHONE_00432,voice
CALL_013933,2024-02-04,PERSON_00433,PERSON_00386,101,PHONE_00433,voice
CALL_013934,2025-09-30,PERSON_00434,PERSON_00415,562,PHONE_00434,voice
CALL_013935,2023-02-13,PERSON_00435,PERSON_00444,645,PHONE_00435,voice
CALL_013936,2021-04-14,PERSON_00436,PERSON_00030,118,PHONE_00436,voice
CALL_013937,2021-06-05,PERSON_00437,PERSON_00052,505,PHONE_00437,voice
CALL_013938,2021-10-12,PERSON_00438,PERSON_00081,830,PHONE_00438,voice
CALL_013939,2023-12-25,PERSON_00439,PERSON_00110,830,PHONE_00439,voice
CALL_013940,2025-02-07,PERSON_00440,PERSON_00139,200,PHONE_00440,voice
CALL_013941,2025-04-10,PERSON_00441,PERSON_00168,560,PHONE_00441,voice
CALL_013942,2021-05-08,PERSON_00442,PERSON_00197,235,PHONE_00442,missed
CALL_013943,2025-06-04,PERSON_00443,PERSON_00226,251,PHONE_00443,voice
CALL_013944,2021-03-09,PERSON_00444,PERSON_00255,40,PHONE_00444,missed
CALL_013945,2022-03-23,PERSON_00445,PERSON_00284,728,PHONE_00445,voice
CALL_013946,2026-05-10,PERSON_00446,PERSON_00313,819,PHONE_00446,missed
CALL_013947,2021-06-19,PERSON_00447,PERSON_00342,149,PHONE_00447,voice
CALL_013948,2022-03-11,PERSON_00448,PERSON_00371,531,PHONE_00448,voice
CALL_013949,2025-06-10,PERSON_00449,PERSON_00400,44,PHONE_00449,voice
CALL_013950,2022-07-23,PERSON_00450,PERSON_00429,42,PHONE_00450,missed
CALL_013951,2025-06-18,PERSON_00001,PERSON_00008,215,PHONE_00001,missed
CALL_013952,2021-03-06,PERSON_00002,PERSON_00037,41,PHONE_00002,voice
CALL_013953,2023-08-03,PERSON_00003,PERSON_00066,210,PHONE_00003,voice
CALL_013954,2022-10-29,PERSON_00004,PERSON_00095,399,PHONE_00004,voice
CALL_013955,2024-02-13,PERSON_00005,PERSON_00124,210,PHONE_00005,voice
CALL_013956,2021-09-01,PERSON_00006,PERSON_00287,84,PHONE_00006,voice
CALL_013957,2022-07-23,PERSON_00007,PERSON_00182,420,PHONE_00007,voice
CALL_013958,2026-03-28,PERSON_00008,PERSON_00211,248,PHONE_00008,voice
CALL_013959,2021-04-09,PERSON_00009,PERSON_00240,452,PHONE_00009,voice
CALL_013960,2025-05-20,PERSON_00010,PERSON_00269,780,PHONE_00010,voice
CALL_013961,2024-11-16,PERSON_00011,PERSON_00298,246,PHONE_00011,voice
CALL_013962,2025-01-19,PERSON_00012,PERSON_00327,216,PHONE_00012,voice
CALL_013963,2026-03-10,PERSON_00013,PERSON_00356,257,PHONE_00013,voice
CALL_013964,2023-10-05,PERSON_00014,PERSON_00385,199,PHONE_00014,voice
CALL_013965,2024-01-10,PERSON_00015,PERSON_00414,819,PHONE_00015,voice
CALL_013966,2022-10-18,PERSON_00016,PERSON_00355,8,PHONE_00016,voice
CALL_013967,2021-01-20,PERSON_00017,PERSON_00022,331,PHONE_00017,voice
CALL_013968,2022-02-06,PERSON_00018,PERSON_00051,724,PHONE_00018,voice
CALL_013969,2024-07-24,PERSON_00019,PERSON_00080,543,PHONE_00019,voice
CALL_013970,2021-07-08,PERSON_00020,PERSON_00109,754,PHONE_00020,missed
CALL_013971,2024-04-02,PERSON_00021,PERSON_00288,176,PHONE_00021,voice
CALL_013972,2023-10-10,PERSON_00022,PERSON_00167,571,PHONE_00022,missed
CALL_013973,2022-03-11,PERSON_00023,PERSON_00196,885,PHONE_00023,voice
CALL_013974,2023-12-18,PERSON_00024,PERSON_00225,449,PHONE_00024,voice
CALL_013975,2025-02-14,PERSON_00025,PERSON_00254,146,PHONE_00025,voice
CALL_013976,2025-08-23,PERSON_00026,PERSON_00283,331,PHONE_00026,voice
CALL_013977,2026-05-26,PERSON_00027,PERSON_00312,203,PHONE_00027,voice
CALL_013978,2024-08-20,PERSON_00028,PERSON_00341,524,PHONE_00028,voice
CALL_013979,2026-01-17,PERSON_00029,PERSON_00370,576,PHONE_00029,voice
CALL_013980,2025-11-25,PERSON_00030,PERSON_00399,523,PHONE_00030,voice
CALL_013981,2023-09-06,PERSON_00031,PERSON_00428,718,PHONE_00031,missed
CALL_013982,2024-06-25,PERSON_00032,PERSON_00007,685,PHONE_00032,voice
CALL_013983,2026-01-12,PERSON_00033,PERSON_00036,553,PHONE_00033,voice
CALL_013984,2025-03-26,PERSON_00034,PERSON_00065,801,PHONE_00034,missed
CALL_013985,2024-05-07,PERSON_00035,PERSON_00094,193,PHONE_00035,voice
CALL_013986,2025-08-30,PERSON_00036,PERSON_00123,835,PHONE_00036,voice
CALL_013987,2021-06-08,PERSON_00037,PERSON_00152,872,PHONE_00037,missed
CALL_013988,2023-03-20,PERSON_00038,PERSON_00181,698,PHONE_00038,voice
CALL_013989,2024-07-24,PERSON_00039,PERSON_00210,113,PHONE_00039,missed
CALL_013990,2024-10-04,PERSON_00040,PERSON_00239,594,PHONE_00040,voice
CALL_013991,2022-07-21,PERSON_00041,PERSON_00268,776,PHONE_00041,voice
CALL_013992,2023-09-30,PERSON_00042,PERSON_00297,858,PHONE_00042,voice
CALL_013993,2026-03-10,PERSON_00043,PERSON_00326,166,PHONE_00043,missed
CALL_013994,2022-04-20,PERSON_00044,PERSON_00355,570,PHONE_00044,voice
CALL_013995,2026-01-06,PERSON_00045,PERSON_00384,99,PHONE_00045,voice
CALL_013996,2021-12-03,PERSON_00046,PERSON_00156,38,PHONE_00046,missed
CALL_013997,2024-10-27,PERSON_00047,PERSON_00442,319,PHONE_00047,voice
CALL_013998,2024-08-09,PERSON_00048,PERSON_00021,459,PHONE_00048,voice
CALL_013999,2022-10-10,PERSON_00049,PERSON_00050,860,PHONE_00049,voice
CALL_014000,2023-06-16,PERSON_00050,PERSON_00079,173,PHONE_00050,missed
