sms_id,date,from_person,to_person,phone_id,message_category
SMS_000001,2025-02-27,PERSON_00001,PERSON_00006,PHONE_00001,meeting
SMS_000002,2025-03-16,PERSON_00004,PERSON_00047,PHONE_00004,work
SMS_000003,2025-11-26,PERSON_00007,PERSON_00088,PHONE_00007,meeting
SMS_000004,2021-12-06,PERSON_00010,PERSON_00129,PHONE_00010,OTP
SMS_000005,2022-01-12,PERSON_00013,PERSON_00170,PHONE_00013,short coordination
SMS_000006,2022-07-06,PERSON_00016,PERSON_00211,PHONE_00016,work
SMS_000007,2023-08-28,PERSON_00019,PERSON_00252,PHONE_00019,family
SMS_000008,2022-02-19,PERSON_00022,PERSON_00293,PHONE_00022,OTP
SMS_000009,2021-05-15,PERSON_00025,PERSON_00334,PHONE_00025,work
SMS_000010,2023-12-05,PERSON_00028,PERSON_00375,PHONE_00028,meeting
SMS_000011,2023-01-28,PERSON_00031,PERSON_00416,PHONE_00031,short coordination
SMS_000012,2021-12-10,PERSON_00034,PERSON_00007,PHONE_00034,meeting
SMS_000013,2025-10-03,PERSON_00037,PERSON_00048,PHONE_00037,short coordination
SMS_000014,2021-10-14,PERSON_00040,PERSON_00089,PHONE_00040,meeting
SMS_000015,2023-08-29,PERSON_00043,PERSON_00130,PHONE_00043,work
SMS_000016,2025-06-21,PERSON_00046,PERSON_00171,PHONE_00046,delivery
SMS_000017,2025-05-14,PERSON_00049,PERSON_00212,PHONE_00049,short coordination
SMS_000018,2025-03-12,PERSON_00052,PERSON_00253,PHONE_00052,OTP
SMS_000019,2022-11-29,PERSON_00055,PERSON_00294,PHONE_00055,delivery
SMS_000020,2026-02-09,PERSON_00058,PERSON_00335,PHONE_00058,family
SMS_000021,2023-07-01,PERSON_00061,PERSON_00376,PHONE_00061,delivery
SMS_000022,2022-05-15,PERSON_00064,PERSON_00417,PHONE_00064,OTP
SMS_000023,2021-11-23,PERSON_00067,PERSON_00008,PHONE_00067,meeting
SMS_000024,2023-07-18,PERSON_00070,PERSON_00049,PHONE_00070,short coordination
SMS_000025,2026-06-27,PERSON_00073,PERSON_00090,PHONE_00073,meeting
SMS_000026,2021-06-03,PERSON_00076,PERSON_00131,PHONE_00076,family
SMS_000027,2021-02-15,PERSON_00079,PERSON_00172,PHONE_00079,work
SMS_000028,2024-02-20,PERSON_00082,PERSON_00213,PHONE_00082,short coordination
SMS_000029,2025-08-22,PERSON_00085,PERSON_00254,PHONE_00085,family
SMS_000030,2026-04-22,PERSON_00088,PERSON_00295,PHONE_00088,short coordination
SMS_000031,2024-08-13,PERSON_00091,PERSON_00336,PHONE_00091,short coordination
SMS_000032,2021-01-24,PERSON_00094,PERSON_00377,PHONE_00094,family
SMS_000033,2025-04-08,PERSON_00097,PERSON_00418,PHONE_00097,work
SMS_000034,2026-06-29,PERSON_00100,PERSON_00009,PHONE_00100,meeting
SMS_000035,2023-05-08,PERSON_00103,PERSON_00050,PHONE_00103,delivery
SMS_000036,2023-12-13,PERSON_00106,PERSON_00091,PHONE_00106,meeting
SMS_000037,2021-04-08,PERSON_00109,PERSON_00132,PHONE_00109,OTP
SMS_000038,2023-02-01,PERSON_00112,PERSON_00173,PHONE_00112,delivery
SMS_000039,2022-04-30,PERSON_00115,PERSON_00214,PHONE_00115,OTP
SMS_000040,2024-01-26,PERSON_00118,PERSON_00255,PHONE_00118,family
SMS_000041,2023-05-31,PERSON_00121,PERSON_00296,PHONE_00121,delivery
SMS_000042,2021-01-26,PERSON_00124,PERSON_00337,PHONE_00124,family
SMS_000043,2022-07-02,PERSON_00127,PERSON_00378,PHONE_00127,short coordination
SMS_000044,2021-06-20,PERSON_00130,PERSON_00419,PHONE_00130,work
SMS_000045,2023-03-31,PERSON_00133,PERSON_00010,PHONE_00133,family
SMS_000046,2022-11-17,PERSON_00136,PERSON_00051,PHONE_00136,short coordination
SMS_000047,2025-02-04,PERSON_00139,PERSON_00092,PHONE_00139,short coordination
SMS_000048,2022-11-09,PERSON_00142,PERSON_00133,PHONE_00142,work
SMS_000049,2024-08-09,PERSON_00145,PERSON_00174,PHONE_00145,meeting
SMS_000050,2023-01-18,PERSON_00148,PERSON_00215,PHONE_00148,meeting
SMS_000051,2026-05-22,PERSON_00151,PERSON_00256,PHONE_00151,delivery
SMS_000052,2025-03-02,PERSON_00154,PERSON_00297,PHONE_00154,OTP
SMS_000053,2023-11-29,PERSON_00157,PERSON_00338,PHONE_00157,short coordination
SMS_000054,2022-02-20,PERSON_00160,PERSON_00379,PHONE_00160,delivery
SMS_000055,2023-09-08,PERSON_00163,PERSON_00420,PHONE_00163,family
SMS_000056,2024-04-12,PERSON_00166,PERSON_00011,PHONE_00166,meeting
SMS_000057,2021-10-03,PERSON_00169,PERSON_00052,PHONE_00169,delivery
SMS_000058,2024-11-02,PERSON_00172,PERSON_00093,PHONE_00172,meeting
SMS_000059,2023-07-08,PERSON_00175,PERSON_00134,PHONE_00175,family
SMS_000060,2023-01-24,PERSON_00178,PERSON_00175,PHONE_00178,short coordination
SMS_000061,2024-10-07,PERSON_00181,PERSON_00216,PHONE_00181,family
SMS_000062,2023-08-27,PERSON_00184,PERSON_00257,PHONE_00184,family
SMS_000063,2022-02-14,PERSON_00187,PERSON_00298,PHONE_00187,OTP
SMS_000064,2023-01-01,PERSON_00190,PERSON_00339,PHONE_00190,family
SMS_000065,2023-01-27,PERSON_00193,PERSON_00380,PHONE_00193,short coordination
SMS_000066,2023-07-03,PERSON_00196,PERSON_00421,PHONE_00196,short coordination
SMS_000067,2026-04-18,PERSON_00199,PERSON_00012,PHONE_00199,delivery
SMS_000068,2023-05-03,PERSON_00202,PERSON_00053,PHONE_00202,short coordination
SMS_000069,2026-02-23,PERSON_00205,PERSON_00094,PHONE_00205,OTP
SMS_000070,2023-01-14,PERSON_00208,PERSON_00135,PHONE_00208,OTP
SMS_000071,2022-04-03,PERSON_00211,PERSON_00176,PHONE_00211,OTP
SMS_000072,2022-11-17,PERSON_00214,PERSON_00217,PHONE_00214,family
SMS_000073,2022-10-17,PERSON_00217,PERSON_00258,PHONE_00217,family
SMS_000074,2023-12-24,PERSON_00220,PERSON_00299,PHONE_00220,work
SMS_000075,2023-06-18,PERSON_00223,PERSON_00340,PHONE_00223,OTP
SMS_000076,2024-07-07,PERSON_00226,PERSON_00381,PHONE_00226,short coordination
SMS_000077,2026-04-29,PERSON_00229,PERSON_00422,PHONE_00229,delivery
SMS_000078,2021-06-03,PERSON_00232,PERSON_00013,PHONE_00232,OTP
SMS_000079,2025-07-17,PERSON_00235,PERSON_00054,PHONE_00235,OTP
SMS_000080,2025-12-27,PERSON_00238,PERSON_00095,PHONE_00238,family
SMS_000081,2025-06-05,PERSON_00241,PERSON_00136,PHONE_00241,work
SMS_000082,2024-02-04,PERSON_00244,PERSON_00177,PHONE_00244,meeting
SMS_000083,2022-12-27,PERSON_00247,PERSON_00218,PHONE_00247,work
SMS_000084,2024-05-20,PERSON_00250,PERSON_00259,PHONE_00250,delivery
SMS_000085,2025-02-10,PERSON_00253,PERSON_00300,PHONE_00253,work
SMS_000086,2023-04-09,PERSON_00256,PERSON_00341,PHONE_00256,short coordination
SMS_000087,2023-02-07,PERSON_00259,PERSON_00382,PHONE_00259,OTP
SMS_000088,2025-03-05,PERSON_00262,PERSON_00423,PHONE_00262,short coordination
SMS_000089,2025-04-25,PERSON_00265,PERSON_00014,PHONE_00265,meeting
SMS_000090,2023-10-04,PERSON_00268,PERSON_00055,PHONE_00268,meeting
SMS_000091,2023-06-24,PERSON_00271,PERSON_00096,PHONE_00271,delivery
SMS_000092,2021-09-30,PERSON_00274,PERSON_00137,PHONE_00274,delivery
SMS_000093,2022-12-18,PERSON_00277,PERSON_00178,PHONE_00277,OTP
SMS_000094,2024-10-19,PERSON_00280,PERSON_00219,PHONE_00280,OTP
SMS_000095,2025-10-26,PERSON_00283,PERSON_00260,PHONE_00283,OTP
SMS_000096,2025-02-14,PERSON_00286,PERSON_00301,PHONE_00286,work
SMS_000097,2021-12-20,PERSON_00289,PERSON_00342,PHONE_00289,meeting
SMS_000098,2025-03-08,PERSON_00292,PERSON_00383,PHONE_00292,work
SMS_000099,2025-11-15,PERSON_00295,PERSON_00424,PHONE_00295,work
SMS_000100,2023-11-30,PERSON_00298,PERSON_00015,PHONE_00298,meeting
SMS_000101,2021-11-04,PERSON_00301,PERSON_00056,PHONE_00301,work
SMS_000102,2025-05-10,PERSON_00304,PERSON_00097,PHONE_00304,delivery
SMS_000103,2024-03-16,PERSON_00307,PERSON_00138,PHONE_00307,work
SMS_000104,2023-03-13,PERSON_00310,PERSON_00179,PHONE_00310,meeting
SMS_000105,2021-04-16,PERSON_00313,PERSON_00220,PHONE_00313,OTP
SMS_000106,2023-06-27,PERSON_00316,PERSON_00261,PHONE_00316,meeting
SMS_000107,2021-03-23,PERSON_00319,PERSON_00302,PHONE_00319,short coordination
SMS_000108,2023-12-10,PERSON_00322,PERSON_00343,PHONE_00322,work
SMS_000109,2023-09-04,PERSON_00325,PERSON_00384,PHONE_00325,delivery
SMS_000110,2025-03-08,PERSON_00328,PERSON_00425,PHONE_00328,family
SMS_000111,2021-11-14,PERSON_00331,PERSON_00016,PHONE_00331,OTP
SMS_000112,2022-07-25,PERSON_00334,PERSON_00057,PHONE_00334,family
SMS_000113,2023-07-31,PERSON_00337,PERSON_00098,PHONE_00337,meeting
SMS_000114,2023-09-04,PERSON_00340,PERSON_00139,PHONE_00340,delivery
SMS_000115,2024-06-12,PERSON_00343,PERSON_00180,PHONE_00343,short coordination
SMS_000116,2022-12-19,PERSON_00346,PERSON_00221,PHONE_00346,family
SMS_000117,2024-06-08,PERSON_00349,PERSON_00262,PHONE_00349,OTP
SMS_000118,2025-04-12,PERSON_00352,PERSON_00303,PHONE_00352,family
SMS_000119,2023-02-16,PERSON_00355,PERSON_00344,PHONE_00355,meeting
SMS_000120,2026-05-29,PERSON_00358,PERSON_00385,PHONE_00358,work
SMS_000121,2025-02-13,PERSON_00361,PERSON_00426,PHONE_00361,OTP
SMS_000122,2021-01-13,PERSON_00364,PERSON_00017,PHONE_00364,delivery
SMS_000123,2022-03-14,PERSON_00367,PERSON_00058,PHONE_00367,delivery
SMS_000124,2021-06-14,PERSON_00370,PERSON_00099,PHONE_00370,work
SMS_000125,2021-05-18,PERSON_00373,PERSON_00140,PHONE_00373,OTP
SMS_000126,2022-11-22,PERSON_00376,PERSON_00181,PHONE_00376,family
SMS_000127,2021-02-17,PERSON_00379,PERSON_00222,PHONE_00379,meeting
SMS_000128,2024-11-25,PERSON_00382,PERSON_00263,PHONE_00382,OTP
SMS_000129,2022-06-17,PERSON_00385,PERSON_00304,PHONE_00385,family
SMS_000130,2025-08-24,PERSON_00388,PERSON_00345,PHONE_00388,delivery
SMS_000131,2022-03-24,PERSON_00391,PERSON_00386,PHONE_00391,work
SMS_000132,2021-04-18,PERSON_00394,PERSON_00427,PHONE_00394,family
SMS_000133,2026-05-05,PERSON_00397,PERSON_00018,PHONE_00397,work
SMS_000134,2021-07-14,PERSON_00400,PERSON_00059,PHONE_00400,OTP
SMS_000135,2024-04-09,PERSON_00403,PERSON_00100,PHONE_00403,meeting
SMS_000136,2022-03-27,PERSON_00406,PERSON_00141,PHONE_00406,meeting
SMS_000137,2023-10-10,PERSON_00409,PERSON_00182,PHONE_00409,short coordination
SMS_000138,2025-02-28,PERSON_00412,PERSON_00223,PHONE_00412,work
SMS_000139,2021-04-27,PERSON_00415,PERSON_00264,PHONE_00415,OTP
SMS_000140,2025-11-08,PERSON_00418,PERSON_00305,PHONE_00418,meeting
SMS_000141,2023-12-19,PERSON_00421,PERSON_00346,PHONE_00421,meeting
SMS_000142,2025-08-04,PERSON_00424,PERSON_00387,PHONE_00424,delivery
SMS_000143,2026-05-22,PERSON_00427,PERSON_00428,PHONE_00427,meeting
SMS_000144,2025-05-11,PERSON_00430,PERSON_00019,PHONE_00430,delivery
SMS_000145,2023-07-25,PERSON_00433,PERSON_00060,PHONE_00433,OTP
SMS_000146,2025-07-22,PERSON_00436,PERSON_00101,PHONE_00436,OTP
SMS_000147,2022-01-07,PERSON_00439,PERSON_00142,PHONE_00439,OTP
SMS_000148,2025-09-01,PERSON_00442,PERSON_00183,PHONE_00442,delivery
SMS_000149,2022-08-07,PERSON_00445,PERSON_00224,PHONE_00445,family
SMS_000150,2023-11-17,PERSON_00448,PERSON_00265,PHONE_00448,delivery
SMS_000151,2023-05-26,PERSON_00001,PERSON_00306,PHONE_00001,meeting
SMS_000152,2025-09-14,PERSON_00004,PERSON_00347,PHONE_00004,family
SMS_000153,2023-08-22,PERSON_00007,PERSON_00388,PHONE_00007,family
SMS_000154,2023-10-22,PERSON_00010,PERSON_00429,PHONE_00010,short coordination
SMS_000155,2024-08-08,PERSON_00013,PERSON_00020,PHONE_00013,work
SMS_000156,2021-09-09,PERSON_00016,PERSON_00061,PHONE_00016,OTP
SMS_000157,2025-08-02,PERSON_00019,PERSON_00102,PHONE_00019,short coordination
SMS_000158,2026-04-12,PERSON_00022,PERSON_00143,PHONE_00022,meeting
SMS_000159,2025-08-12,PERSON_00025,PERSON_00184,PHONE_00025,work
SMS_000160,2021-02-08,PERSON_00028,PERSON_00225,PHONE_00028,delivery
SMS_000161,2025-11-11,PERSON_00031,PERSON_00266,PHONE_00031,short coordination
SMS_000162,2021-10-29,PERSON_00034,PERSON_00307,PHONE_00034,OTP
SMS_000163,2023-09-29,PERSON_00037,PERSON_00348,PHONE_00037,family
SMS_000164,2024-05-27,PERSON_00040,PERSON_00389,PHONE_00040,short coordination
SMS_000165,2025-01-28,PERSON_00043,PERSON_00430,PHONE_00043,family
SMS_000166,2022-04-29,PERSON_00046,PERSON_00021,PHONE_00046,delivery
SMS_000167,2025-05-11,PERSON_00049,PERSON_00062,PHONE_00049,delivery
SMS_000168,2024-01-11,PERSON_00052,PERSON_00103,PHONE_00052,meeting
SMS_000169,2023-02-17,PERSON_00055,PERSON_00144,PHONE_00055,meeting
SMS_000170,2024-02-25,PERSON_00058,PERSON_00185,PHONE_00058,delivery
SMS_000171,2024-06-16,PERSON_00061,PERSON_00226,PHONE_00061,short coordination
SMS_000172,2024-09-17,PERSON_00064,PERSON_00267,PHONE_00064,short coordination
SMS_000173,2022-10-26,PERSON_00067,PERSON_00308,PHONE_00067,meeting
SMS_000174,2024-05-26,PERSON_00070,PERSON_00349,PHONE_00070,short coordination
SMS_000175,2026-06-18,PERSON_00073,PERSON_00390,PHONE_00073,OTP
SMS_000176,2025-01-26,PERSON_00076,PERSON_00431,PHONE_00076,family
SMS_000177,2021-09-21,PERSON_00079,PERSON_00022,PHONE_00079,OTP
SMS_000178,2024-02-22,PERSON_00082,PERSON_00063,PHONE_00082,OTP
SMS_000179,2025-12-25,PERSON_00085,PERSON_00104,PHONE_00085,short coordination
SMS_000180,2024-06-03,PERSON_00088,PERSON_00145,PHONE_00088,delivery
SMS_000181,2025-05-26,PERSON_00091,PERSON_00186,PHONE_00091,meeting
SMS_000182,2021-12-31,PERSON_00094,PERSON_00227,PHONE_00094,delivery
SMS_000183,2025-12-01,PERSON_00097,PERSON_00268,PHONE_00097,family
SMS_000184,2024-11-19,PERSON_00100,PERSON_00309,PHONE_00100,meeting
SMS_000185,2021-07-25,PERSON_00103,PERSON_00350,PHONE_00103,work
SMS_000186,2021-01-27,PERSON_00106,PERSON_00391,PHONE_00106,OTP
SMS_000187,2024-10-23,PERSON_00109,PERSON_00432,PHONE_00109,short coordination
SMS_000188,2025-01-30,PERSON_00112,PERSON_00023,PHONE_00112,delivery
SMS_000189,2023-12-14,PERSON_00115,PERSON_00064,PHONE_00115,short coordination
SMS_000190,2025-08-22,PERSON_00118,PERSON_00105,PHONE_00118,short coordination
SMS_000191,2024-06-20,PERSON_00121,PERSON_00146,PHONE_00121,short coordination
SMS_000192,2025-04-20,PERSON_00124,PERSON_00187,PHONE_00124,family
SMS_000193,2021-06-24,PERSON_00127,PERSON_00228,PHONE_00127,short coordination
SMS_000194,2024-01-29,PERSON_00130,PERSON_00269,PHONE_00130,family
SMS_000195,2021-02-11,PERSON_00133,PERSON_00310,PHONE_00133,OTP
SMS_000196,2022-03-22,PERSON_00136,PERSON_00351,PHONE_00136,OTP
SMS_000197,2022-07-12,PERSON_00139,PERSON_00392,PHONE_00139,delivery
SMS_000198,2023-05-07,PERSON_00142,PERSON_00433,PHONE_00142,delivery
SMS_000199,2022-08-15,PERSON_00145,PERSON_00024,PHONE_00145,meeting
SMS_000200,2021-04-30,PERSON_00148,PERSON_00065,PHONE_00148,delivery
SMS_000201,2022-10-14,PERSON_00151,PERSON_00106,PHONE_00151,short coordination
SMS_000202,2026-04-07,PERSON_00154,PERSON_00147,PHONE_00154,work
SMS_000203,2022-12-25,PERSON_00157,PERSON_00188,PHONE_00157,delivery
SMS_000204,2026-02-04,PERSON_00160,PERSON_00229,PHONE_00160,delivery
SMS_000205,2022-11-07,PERSON_00163,PERSON_00270,PHONE_00163,OTP
SMS_000206,2023-01-19,PERSON_00166,PERSON_00311,PHONE_00166,short coordination
SMS_000207,2021-07-03,PERSON_00169,PERSON_00352,PHONE_00169,family
SMS_000208,2025-05-31,PERSON_00172,PERSON_00393,PHONE_00172,OTP
SMS_000209,2021-09-12,PERSON_00175,PERSON_00434,PHONE_00175,family
SMS_000210,2022-10-31,PERSON_00178,PERSON_00025,PHONE_00178,family
SMS_000211,2021-01-28,PERSON_00181,PERSON_00066,PHONE_00181,OTP
SMS_000212,2021-01-03,PERSON_00184,PERSON_00107,PHONE_00184,OTP
SMS_000213,2022-01-23,PERSON_00187,PERSON_00148,PHONE_00187,OTP
SMS_000214,2021-03-09,PERSON_00190,PERSON_00189,PHONE_00190,OTP
SMS_000215,2024-01-07,PERSON_00193,PERSON_00230,PHONE_00193,work
SMS_000216,2021-05-14,PERSON_00196,PERSON_00271,PHONE_00196,delivery
SMS_000217,2025-07-31,PERSON_00199,PERSON_00312,PHONE_00199,delivery
SMS_000218,2022-08-27,PERSON_00202,PERSON_00353,PHONE_00202,OTP
SMS_000219,2024-03-20,PERSON_00205,PERSON_00394,PHONE_00205,meeting
SMS_000220,2021-04-01,PERSON_00208,PERSON_00435,PHONE_00208,work
SMS_000221,2024-01-01,PERSON_00211,PERSON_00026,PHONE_00211,meeting
SMS_000222,2026-06-22,PERSON_00214,PERSON_00067,PHONE_00214,family
SMS_000223,2021-04-02,PERSON_00217,PERSON_00108,PHONE_00217,delivery
SMS_000224,2024-01-15,PERSON_00220,PERSON_00149,PHONE_00220,family
SMS_000225,2023-12-12,PERSON_00223,PERSON_00190,PHONE_00223,work
SMS_000226,2021-04-02,PERSON_00226,PERSON_00231,PHONE_00226,work
SMS_000227,2022-02-05,PERSON_00229,PERSON_00272,PHONE_00229,short coordination
SMS_000228,2021-11-11,PERSON_00232,PERSON_00313,PHONE_00232,OTP
SMS_000229,2022-09-03,PERSON_00235,PERSON_00354,PHONE_00235,family
SMS_000230,2021-10-09,PERSON_00238,PERSON_00395,PHONE_00238,short coordination
SMS_000231,2026-05-24,PERSON_00241,PERSON_00436,PHONE_00241,delivery
SMS_000232,2022-10-28,PERSON_00244,PERSON_00027,PHONE_00244,work
SMS_000233,2021-06-20,PERSON_00247,PERSON_00068,PHONE_00247,short coordination
SMS_000234,2022-07-02,PERSON_00250,PERSON_00109,PHONE_00250,OTP
SMS_000235,2022-07-07,PERSON_00253,PERSON_00150,PHONE_00253,delivery
SMS_000236,2025-09-06,PERSON_00256,PERSON_00191,PHONE_00256,meeting
SMS_000237,2025-09-27,PERSON_00259,PERSON_00232,PHONE_00259,meeting
SMS_000238,2025-07-29,PERSON_00262,PERSON_00273,PHONE_00262,short coordination
SMS_000239,2026-02-19,PERSON_00265,PERSON_00314,PHONE_00265,delivery
SMS_000240,2021-07-09,PERSON_00268,PERSON_00355,PHONE_00268,short coordination
SMS_000241,2025-05-23,PERSON_00271,PERSON_00396,PHONE_00271,delivery
SMS_000242,2021-08-19,PERSON_00274,PERSON_00437,PHONE_00274,work
SMS_000243,2025-10-08,PERSON_00277,PERSON_00028,PHONE_00277,work
SMS_000244,2024-12-11,PERSON_00280,PERSON_00069,PHONE_00280,work
SMS_000245,2022-06-29,PERSON_00283,PERSON_00110,PHONE_00283,meeting
SMS_000246,2023-12-15,PERSON_00286,PERSON_00151,PHONE_00286,delivery
SMS_000247,2024-07-10,PERSON_00289,PERSON_00192,PHONE_00289,work
SMS_000248,2022-05-18,PERSON_00292,PERSON_00233,PHONE_00292,family
SMS_000249,2021-03-15,PERSON_00295,PERSON_00274,PHONE_00295,delivery
SMS_000250,2023-12-10,PERSON_00298,PERSON_00315,PHONE_00298,OTP
SMS_000251,2025-08-25,PERSON_00301,PERSON_00356,PHONE_00301,delivery
SMS_000252,2023-12-10,PERSON_00304,PERSON_00397,PHONE_00304,meeting
SMS_000253,2022-08-01,PERSON_00307,PERSON_00438,PHONE_00307,family
SMS_000254,2023-06-21,PERSON_00310,PERSON_00029,PHONE_00310,family
SMS_000255,2022-11-02,PERSON_00313,PERSON_00070,PHONE_00313,delivery
SMS_000256,2024-12-29,PERSON_00316,PERSON_00111,PHONE_00316,short coordination
SMS_000257,2026-06-11,PERSON_00319,PERSON_00152,PHONE_00319,short coordination
SMS_000258,2025-09-20,PERSON_00322,PERSON_00193,PHONE_00322,short coordination
SMS_000259,2026-05-22,PERSON_00325,PERSON_00234,PHONE_00325,family
SMS_000260,2025-09-30,PERSON_00328,PERSON_00275,PHONE_00328,family
SMS_000261,2026-06-09,PERSON_00331,PERSON_00316,PHONE_00331,short coordination
SMS_000262,2023-07-25,PERSON_00334,PERSON_00357,PHONE_00334,OTP
SMS_000263,2021-01-23,PERSON_00337,PERSON_00398,PHONE_00337,delivery
SMS_000264,2024-08-08,PERSON_00340,PERSON_00439,PHONE_00340,short coordination
SMS_000265,2023-09-08,PERSON_00343,PERSON_00030,PHONE_00343,short coordination
SMS_000266,2025-11-26,PERSON_00346,PERSON_00071,PHONE_00346,work
SMS_000267,2026-06-09,PERSON_00349,PERSON_00112,PHONE_00349,meeting
SMS_000268,2023-05-20,PERSON_00352,PERSON_00153,PHONE_00352,short coordination
SMS_000269,2024-04-22,PERSON_00355,PERSON_00194,PHONE_00355,meeting
SMS_000270,2024-01-09,PERSON_00358,PERSON_00235,PHONE_00358,family
SMS_000271,2023-05-15,PERSON_00361,PERSON_00276,PHONE_00361,OTP
SMS_000272,2022-07-24,PERSON_00364,PERSON_00317,PHONE_00364,short coordination
SMS_000273,2022-10-12,PERSON_00367,PERSON_00358,PHONE_00367,work
SMS_000274,2024-02-18,PERSON_00370,PERSON_00399,PHONE_00370,family
SMS_000275,2023-02-14,PERSON_00373,PERSON_00440,PHONE_00373,family
SMS_000276,2022-05-15,PERSON_00376,PERSON_00031,PHONE_00376,short coordination
SMS_000277,2023-02-10,PERSON_00379,PERSON_00072,PHONE_00379,work
SMS_000278,2026-03-06,PERSON_00382,PERSON_00113,PHONE_00382,meeting
SMS_000279,2024-02-03,PERSON_00385,PERSON_00154,PHONE_00385,family
SMS_000280,2023-09-23,PERSON_00388,PERSON_00195,PHONE_00388,delivery
SMS_000281,2025-03-06,PERSON_00391,PERSON_00236,PHONE_00391,family
SMS_000282,2024-09-14,PERSON_00394,PERSON_00277,PHONE_00394,short coordination
SMS_000283,2024-01-10,PERSON_00397,PERSON_00318,PHONE_00397,family
SMS_000284,2025-12-08,PERSON_00400,PERSON_00359,PHONE_00400,meeting
SMS_000285,2026-01-02,PERSON_00403,PERSON_00400,PHONE_00403,delivery
SMS_000286,2025-09-18,PERSON_00406,PERSON_00441,PHONE_00406,family
SMS_000287,2023-11-08,PERSON_00409,PERSON_00032,PHONE_00409,delivery
SMS_000288,2021-06-11,PERSON_00412,PERSON_00073,PHONE_00412,family
SMS_000289,2022-11-26,PERSON_00415,PERSON_00114,PHONE_00415,work
SMS_000290,2025-12-27,PERSON_00418,PERSON_00155,PHONE_00418,short coordination
SMS_000291,2023-12-18,PERSON_00421,PERSON_00196,PHONE_00421,delivery
SMS_000292,2023-10-02,PERSON_00424,PERSON_00237,PHONE_00424,OTP
SMS_000293,2026-03-08,PERSON_00427,PERSON_00278,PHONE_00427,OTP
SMS_000294,2023-04-06,PERSON_00430,PERSON_00319,PHONE_00430,delivery
SMS_000295,2025-03-23,PERSON_00433,PERSON_00360,PHONE_00433,OTP
SMS_000296,2025-05-18,PERSON_00436,PERSON_00401,PHONE_00436,family
SMS_000297,2026-03-16,PERSON_00439,PERSON_00442,PHONE_00439,short coordination
SMS_000298,2021-02-13,PERSON_00442,PERSON_00033,PHONE_00442,short coordination
SMS_000299,2021-09-02,PERSON_00445,PERSON_00074,PHONE_00445,delivery
SMS_000300,2024-11-06,PERSON_00448,PERSON_00115,PHONE_00448,OTP
SMS_000301,2022-05-18,PERSON_00001,PERSON_00156,PHONE_00001,family
SMS_000302,2024-12-10,PERSON_00004,PERSON_00197,PHONE_00004,short coordination
SMS_000303,2026-02-21,PERSON_00007,PERSON_00238,PHONE_00007,meeting
SMS_000304,2022-01-05,PERSON_00010,PERSON_00279,PHONE_00010,OTP
SMS_000305,2022-09-28,PERSON_00013,PERSON_00320,PHONE_00013,meeting
SMS_000306,2023-05-24,PERSON_00016,PERSON_00361,PHONE_00016,short coordination
SMS_000307,2021-10-03,PERSON_00019,PERSON_00402,PHONE_00019,work
SMS_000308,2022-01-18,PERSON_00022,PERSON_00443,PHONE_00022,short coordination
SMS_000309,2023-09-28,PERSON_00025,PERSON_00034,PHONE_00025,OTP
SMS_000310,2022-06-18,PERSON_00028,PERSON_00075,PHONE_00028,OTP
SMS_000311,2023-05-13,PERSON_00031,PERSON_00116,PHONE_00031,short coordination
SMS_000312,2025-05-01,PERSON_00034,PERSON_00157,PHONE_00034,work
SMS_000313,2022-05-10,PERSON_00037,PERSON_00198,PHONE_00037,work
SMS_000314,2021-08-03,PERSON_00040,PERSON_00239,PHONE_00040,OTP
SMS_000315,2025-09-24,PERSON_00043,PERSON_00280,PHONE_00043,short coordination
SMS_000316,2022-12-14,PERSON_00046,PERSON_00321,PHONE_00046,work
SMS_000317,2022-05-19,PERSON_00049,PERSON_00362,PHONE_00049,OTP
SMS_000318,2021-10-14,PERSON_00052,PERSON_00403,PHONE_00052,family
SMS_000319,2023-02-20,PERSON_00055,PERSON_00444,PHONE_00055,work
SMS_000320,2021-11-20,PERSON_00058,PERSON_00035,PHONE_00058,OTP
SMS_000321,2021-04-12,PERSON_00061,PERSON_00076,PHONE_00061,OTP
SMS_000322,2025-02-27,PERSON_00064,PERSON_00117,PHONE_00064,work
SMS_000323,2023-09-28,PERSON_00067,PERSON_00158,PHONE_00067,work
SMS_000324,2024-12-30,PERSON_00070,PERSON_00199,PHONE_00070,short coordination
SMS_000325,2021-04-29,PERSON_00073,PERSON_00240,PHONE_00073,short coordination
SMS_000326,2022-12-26,PERSON_00076,PERSON_00281,PHONE_00076,delivery
SMS_000327,2025-08-27,PERSON_00079,PERSON_00322,PHONE_00079,short coordination
SMS_000328,2025-12-08,PERSON_00082,PERSON_00363,PHONE_00082,delivery
SMS_000329,2025-03-16,PERSON_00085,PERSON_00404,PHONE_00085,delivery
SMS_000330,2022-01-30,PERSON_00088,PERSON_00445,PHONE_00088,OTP
SMS_000331,2024-11-13,PERSON_00091,PERSON_00036,PHONE_00091,family
SMS_000332,2023-07-17,PERSON_00094,PERSON_00077,PHONE_00094,family
SMS_000333,2023-11-13,PERSON_00097,PERSON_00118,PHONE_00097,delivery
SMS_000334,2025-10-07,PERSON_00100,PERSON_00159,PHONE_00100,short coordination
SMS_000335,2021-06-13,PERSON_00103,PERSON_00200,PHONE_00103,family
SMS_000336,2024-04-18,PERSON_00106,PERSON_00241,PHONE_00106,work
SMS_000337,2024-05-16,PERSON_00109,PERSON_00282,PHONE_00109,delivery
SMS_000338,2024-08-19,PERSON_00112,PERSON_00323,PHONE_00112,meeting
SMS_000339,2022-11-09,PERSON_00115,PERSON_00364,PHONE_00115,meeting
SMS_000340,2022-06-27,PERSON_00118,PERSON_00405,PHONE_00118,delivery
SMS_000341,2023-10-14,PERSON_00121,PERSON_00446,PHONE_00121,delivery
SMS_000342,2023-03-20,PERSON_00124,PERSON_00037,PHONE_00124,short coordination
SMS_000343,2021-06-18,PERSON_00127,PERSON_00078,PHONE_00127,meeting
SMS_000344,2022-10-26,PERSON_00130,PERSON_00119,PHONE_00130,meeting
SMS_000345,2025-03-12,PERSON_00133,PERSON_00160,PHONE_00133,meeting
SMS_000346,2024-09-12,PERSON_00136,PERSON_00201,PHONE_00136,family
SMS_000347,2024-05-26,PERSON_00139,PERSON_00242,PHONE_00139,short coordination
SMS_000348,2025-11-28,PERSON_00142,PERSON_00283,PHONE_00142,family
SMS_000349,2021-12-20,PERSON_00145,PERSON_00324,PHONE_00145,delivery
SMS_000350,2025-08-11,PERSON_00148,PERSON_00365,PHONE_00148,meeting
SMS_000351,2024-10-11,PERSON_00151,PERSON_00406,PHONE_00151,short coordination
SMS_000352,2025-10-02,PERSON_00154,PERSON_00447,PHONE_00154,delivery
SMS_000353,2026-03-27,PERSON_00157,PERSON_00038,PHONE_00157,work
SMS_000354,2021-01-13,PERSON_00160,PERSON_00079,PHONE_00160,family
SMS_000355,2025-01-13,PERSON_00163,PERSON_00120,PHONE_00163,short coordination
SMS_000356,2025-10-03,PERSON_00166,PERSON_00161,PHONE_00166,short coordination
SMS_000357,2025-12-07,PERSON_00169,PERSON_00202,PHONE_00169,family
SMS_000358,2025-01-14,PERSON_00172,PERSON_00243,PHONE_00172,OTP
SMS_000359,2023-05-17,PERSON_00175,PERSON_00284,PHONE_00175,family
SMS_000360,2021-07-17,PERSON_00178,PERSON_00325,PHONE_00178,meeting
SMS_000361,2021-10-23,PERSON_00181,PERSON_00366,PHONE_00181,family
SMS_000362,2026-04-28,PERSON_00184,PERSON_00407,PHONE_00184,work
SMS_000363,2026-04-16,PERSON_00187,PERSON_00448,PHONE_00187,OTP
SMS_000364,2023-04-06,PERSON_00190,PERSON_00039,PHONE_00190,family
SMS_000365,2023-05-22,PERSON_00193,PERSON_00080,PHONE_00193,OTP
SMS_000366,2024-11-30,PERSON_00196,PERSON_00121,PHONE_00196,family
SMS_000367,2024-05-05,PERSON_00199,PERSON_00162,PHONE_00199,work
SMS_000368,2025-03-22,PERSON_00202,PERSON_00203,PHONE_00202,OTP
SMS_000369,2021-10-25,PERSON_00205,PERSON_00244,PHONE_00205,family
SMS_000370,2024-02-27,PERSON_00208,PERSON_00285,PHONE_00208,short coordination
SMS_000371,2023-10-02,PERSON_00211,PERSON_00326,PHONE_00211,family
SMS_000372,2025-01-30,PERSON_00214,PERSON_00367,PHONE_00214,family
SMS_000373,2022-12-16,PERSON_00217,PERSON_00408,PHONE_00217,OTP
SMS_000374,2022-03-17,PERSON_00220,PERSON_00449,PHONE_00220,short coordination
SMS_000375,2025-07-16,PERSON_00223,PERSON_00040,PHONE_00223,OTP
SMS_000376,2021-02-06,PERSON_00226,PERSON_00081,PHONE_00226,meeting
SMS_000377,2022-07-16,PERSON_00229,PERSON_00122,PHONE_00229,OTP
SMS_000378,2025-02-08,PERSON_00232,PERSON_00163,PHONE_00232,OTP
SMS_000379,2024-02-11,PERSON_00235,PERSON_00204,PHONE_00235,delivery
SMS_000380,2022-07-31,PERSON_00238,PERSON_00245,PHONE_00238,delivery
SMS_000381,2024-08-30,PERSON_00241,PERSON_00286,PHONE_00241,delivery
SMS_000382,2022-01-23,PERSON_00244,PERSON_00327,PHONE_00244,OTP
SMS_000383,2023-01-26,PERSON_00247,PERSON_00368,PHONE_00247,delivery
SMS_000384,2025-12-30,PERSON_00250,PERSON_00409,PHONE_00250,work
SMS_000385,2024-09-30,PERSON_00253,PERSON_00450,PHONE_00253,meeting
SMS_000386,2025-03-25,PERSON_00256,PERSON_00041,PHONE_00256,short coordination
SMS_000387,2025-07-18,PERSON_00259,PERSON_00082,PHONE_00259,short coordination
SMS_000388,2021-01-29,PERSON_00262,PERSON_00123,PHONE_00262,family
SMS_000389,2021-07-23,PERSON_00265,PERSON_00164,PHONE_00265,family
SMS_000390,2022-09-05,PERSON_00268,PERSON_00205,PHONE_00268,OTP
SMS_000391,2021-02-22,PERSON_00271,PERSON_00246,PHONE_00271,work
SMS_000392,2026-05-14,PERSON_00274,PERSON_00287,PHONE_00274,OTP
SMS_000393,2025-01-11,PERSON_00277,PERSON_00328,PHONE_00277,delivery
SMS_000394,2023-05-09,PERSON_00280,PERSON_00369,PHONE_00280,OTP
SMS_000395,2026-04-20,PERSON_00283,PERSON_00410,PHONE_00283,delivery
SMS_000396,2025-05-20,PERSON_00286,PERSON_00001,PHONE_00286,OTP
SMS_000397,2021-08-31,PERSON_00289,PERSON_00042,PHONE_00289,OTP
SMS_000398,2024-10-07,PERSON_00292,PERSON_00083,PHONE_00292,OTP
SMS_000399,2022-02-10,PERSON_00295,PERSON_00124,PHONE_00295,work
SMS_000400,2022-12-20,PERSON_00298,PERSON_00165,PHONE_00298,meeting
SMS_000401,2022-04-06,PERSON_00301,PERSON_00206,PHONE_00301,meeting
SMS_000402,2022-03-27,PERSON_00304,PERSON_00247,PHONE_00304,work
SMS_000403,2022-03-09,PERSON_00307,PERSON_00288,PHONE_00307,family
SMS_000404,2024-02-26,PERSON_00310,PERSON_00329,PHONE_00310,meeting
SMS_000405,2023-08-23,PERSON_00313,PERSON_00370,PHONE_00313,OTP
SMS_000406,2023-01-25,PERSON_00316,PERSON_00411,PHONE_00316,work
SMS_000407,2025-01-01,PERSON_00319,PERSON_00002,PHONE_00319,delivery
SMS_000408,2021-02-15,PERSON_00322,PERSON_00043,PHONE_00322,delivery
SMS_000409,2022-11-12,PERSON_00325,PERSON_00084,PHONE_00325,OTP
SMS_000410,2022-02-05,PERSON_00328,PERSON_00125,PHONE_00328,delivery
SMS_000411,2025-12-22,PERSON_00331,PERSON_00166,PHONE_00331,delivery
SMS_000412,2023-07-02,PERSON_00334,PERSON_00207,PHONE_00334,meeting
SMS_000413,2024-05-23,PERSON_00337,PERSON_00248,PHONE_00337,delivery
SMS_000414,2023-01-19,PERSON_00340,PERSON_00289,PHONE_00340,meeting
SMS_000415,2024-08-04,PERSON_00343,PERSON_00330,PHONE_00343,delivery
SMS_000416,2022-12-01,PERSON_00346,PERSON_00371,PHONE_00346,short coordination
SMS_000417,2024-08-27,PERSON_00349,PERSON_00412,PHONE_00349,family
SMS_000418,2026-03-27,PERSON_00352,PERSON_00003,PHONE_00352,delivery
SMS_000419,2025-09-06,PERSON_00355,PERSON_00044,PHONE_00355,meeting
SMS_000420,2025-05-14,PERSON_00358,PERSON_00085,PHONE_00358,delivery
SMS_000421,2021-07-30,PERSON_00361,PERSON_00126,PHONE_00361,delivery
SMS_000422,2025-05-17,PERSON_00364,PERSON_00167,PHONE_00364,OTP
SMS_000423,2021-08-05,PERSON_00367,PERSON_00208,PHONE_00367,short coordination
SMS_000424,2022-12-17,PERSON_00370,PERSON_00249,PHONE_00370,delivery
SMS_000425,2022-12-08,PERSON_00373,PERSON_00290,PHONE_00373,work
SMS_000426,2022-12-31,PERSON_00376,PERSON_00331,PHONE_00376,work
SMS_000427,2025-06-11,PERSON_00379,PERSON_00372,PHONE_00379,short coordination
SMS_000428,2026-05-08,PERSON_00382,PERSON_00413,PHONE_00382,work
SMS_000429,2025-12-10,PERSON_00385,PERSON_00004,PHONE_00385,delivery
SMS_000430,2025-03-27,PERSON_00388,PERSON_00045,PHONE_00388,delivery
SMS_000431,2021-07-14,PERSON_00391,PERSON_00086,PHONE_00391,work
SMS_000432,2023-12-01,PERSON_00394,PERSON_00127,PHONE_00394,work
SMS_000433,2025-09-13,PERSON_00397,PERSON_00168,PHONE_00397,short coordination
SMS_000434,2023-10-01,PERSON_00400,PERSON_00209,PHONE_00400,OTP
SMS_000435,2022-09-29,PERSON_00403,PERSON_00250,PHONE_00403,meeting
SMS_000436,2024-08-25,PERSON_00406,PERSON_00291,PHONE_00406,family
SMS_000437,2025-11-20,PERSON_00409,PERSON_00332,PHONE_00409,delivery
SMS_000438,2023-12-04,PERSON_00412,PERSON_00373,PHONE_00412,work
SMS_000439,2025-05-29,PERSON_00415,PERSON_00414,PHONE_00415,meeting
SMS_000440,2025-05-19,PERSON_00418,PERSON_00005,PHONE_00418,work
SMS_000441,2025-03-25,PERSON_00421,PERSON_00046,PHONE_00421,delivery
SMS_000442,2023-10-21,PERSON_00424,PERSON_00087,PHONE_00424,family
SMS_000443,2021-06-10,PERSON_00427,PERSON_00128,PHONE_00427,work
SMS_000444,2024-10-16,PERSON_00430,PERSON_00169,PHONE_00430,family
SMS_000445,2026-01-30,PERSON_00433,PERSON_00210,PHONE_00433,short coordination
SMS_000446,2025-08-01,PERSON_00436,PERSON_00251,PHONE_00436,family
SMS_000447,2024-04-28,PERSON_00439,PERSON_00292,PHONE_00439,work
SMS_000448,2024-03-30,PERSON_00442,PERSON_00333,PHONE_00442,meeting
SMS_000449,2025-02-28,PERSON_00445,PERSON_00374,PHONE_00445,meeting
SMS_000450,2021-08-08,PERSON_00448,PERSON_00415,PHONE_00448,delivery
SMS_000451,2025-01-09,PERSON_00001,PERSON_00006,PHONE_00001,short coordination
SMS_000452,2025-07-11,PERSON_00004,PERSON_00047,PHONE_00004,meeting
SMS_000453,2025-06-26,PERSON_00007,PERSON_00088,PHONE_00007,short coordination
SMS_000454,2024-01-13,PERSON_00010,PERSON_00129,PHONE_00010,meeting
SMS_000455,2023-03-24,PERSON_00013,PERSON_00170,PHONE_00013,family
SMS_000456,2022-05-14,PERSON_00016,PERSON_00211,PHONE_00016,OTP
SMS_000457,2021-11-10,PERSON_00019,PERSON_00252,PHONE_00019,meeting
SMS_000458,2022-10-05,PERSON_00022,PERSON_00293,PHONE_00022,meeting
SMS_000459,2021-09-14,PERSON_00025,PERSON_00334,PHONE_00025,work
SMS_000460,2024-12-21,PERSON_00028,PERSON_00375,PHONE_00028,delivery
SMS_000461,2024-06-30,PERSON_00031,PERSON_00416,PHONE_00031,work
SMS_000462,2021-12-06,PERSON_00034,PERSON_00007,PHONE_00034,short coordination
SMS_000463,2025-01-03,PERSON_00037,PERSON_00048,PHONE_00037,short coordination
SMS_000464,2022-04-23,PERSON_00040,PERSON_00089,PHONE_00040,short coordination
SMS_000465,2023-10-20,PERSON_00043,PERSON_00130,PHONE_00043,meeting
SMS_000466,2022-08-23,PERSON_00046,PERSON_00171,PHONE_00046,delivery
SMS_000467,2021-11-14,PERSON_00049,PERSON_00212,PHONE_00049,meeting
SMS_000468,2021-02-02,PERSON_00052,PERSON_00253,PHONE_00052,short coordination
SMS_000469,2025-01-24,PERSON_00055,PERSON_00294,PHONE_00055,work
SMS_000470,2023-12-09,PERSON_00058,PERSON_00335,PHONE_00058,work
SMS_000471,2023-11-11,PERSON_00061,PERSON_00376,PHONE_00061,family
SMS_000472,2023-03-03,PERSON_00064,PERSON_00417,PHONE_00064,family
SMS_000473,2021-04-26,PERSON_00067,PERSON_00008,PHONE_00067,meeting
SMS_000474,2023-12-02,PERSON_00070,PERSON_00049,PHONE_00070,delivery
SMS_000475,2026-01-15,PERSON_00073,PERSON_00090,PHONE_00073,meeting
SMS_000476,2021-07-28,PERSON_00076,PERSON_00131,PHONE_00076,OTP
SMS_000477,2024-02-10,PERSON_00079,PERSON_00172,PHONE_00079,delivery
SMS_000478,2023-07-03,PERSON_00082,PERSON_00213,PHONE_00082,work
SMS_000479,2022-12-02,PERSON_00085,PERSON_00254,PHONE_00085,short coordination
SMS_000480,2022-09-02,PERSON_00088,PERSON_00295,PHONE_00088,family
SMS_000481,2026-03-01,PERSON_00091,PERSON_00336,PHONE_00091,meeting
SMS_000482,2025-08-03,PERSON_00094,PERSON_00377,PHONE_00094,meeting
SMS_000483,2025-01-31,PERSON_00097,PERSON_00418,PHONE_00097,delivery
SMS_000484,2022-11-10,PERSON_00100,PERSON_00009,PHONE_00100,short coordination
SMS_000485,2023-09-19,PERSON_00103,PERSON_00050,PHONE_00103,meeting
SMS_000486,2024-02-21,PERSON_00106,PERSON_00091,PHONE_00106,short coordination
SMS_000487,2025-05-14,PERSON_00109,PERSON_00132,PHONE_00109,meeting
SMS_000488,2022-08-23,PERSON_00112,PERSON_00173,PHONE_00112,OTP
SMS_000489,2021-02-20,PERSON_00115,PERSON_00214,PHONE_00115,family
SMS_000490,2026-05-31,PERSON_00118,PERSON_00255,PHONE_00118,family
SMS_000491,2025-01-12,PERSON_00121,PERSON_00296,PHONE_00121,meeting
SMS_000492,2021-04-18,PERSON_00124,PERSON_00337,PHONE_00124,OTP
SMS_000493,2021-07-28,PERSON_00127,PERSON_00378,PHONE_00127,meeting
SMS_000494,2023-04-26,PERSON_00130,PERSON_00419,PHONE_00130,meeting
SMS_000495,2025-09-27,PERSON_00133,PERSON_00010,PHONE_00133,OTP
SMS_000496,2024-11-01,PERSON_00136,PERSON_00051,PHONE_00136,meeting
SMS_000497,2021-09-08,PERSON_00139,PERSON_00092,PHONE_00139,work
SMS_000498,2023-12-15,PERSON_00142,PERSON_00133,PHONE_00142,OTP
SMS_000499,2023-12-20,PERSON_00145,PERSON_00174,PHONE_00145,work
SMS_000500,2023-12-20,PERSON_00148,PERSON_00215,PHONE_00148,meeting
SMS_000501,2026-05-28,PERSON_00151,PERSON_00256,PHONE_00151,family
SMS_000502,2022-01-29,PERSON_00154,PERSON_00297,PHONE_00154,OTP
SMS_000503,2024-04-24,PERSON_00157,PERSON_00338,PHONE_00157,OTP
SMS_000504,2025-03-23,PERSON_00160,PERSON_00379,PHONE_00160,OTP
SMS_000505,2025-11-16,PERSON_00163,PERSON_00420,PHONE_00163,work
SMS_000506,2026-03-30,PERSON_00166,PERSON_00011,PHONE_00166,OTP
SMS_000507,2024-12-12,PERSON_00169,PERSON_00052,PHONE_00169,work
SMS_000508,2025-06-04,PERSON_00172,PERSON_00093,PHONE_00172,delivery
SMS_000509,2024-06-22,PERSON_00175,PERSON_00134,PHONE_00175,meeting
SMS_000510,2021-05-24,PERSON_00178,PERSON_00175,PHONE_00178,OTP
SMS_000511,2021-06-03,PERSON_00181,PERSON_00216,PHONE_00181,family
SMS_000512,2021-12-02,PERSON_00184,PERSON_00257,PHONE_00184,delivery
SMS_000513,2026-06-04,PERSON_00187,PERSON_00298,PHONE_00187,short coordination
SMS_000514,2025-12-08,PERSON_00190,PERSON_00339,PHONE_00190,work
SMS_000515,2024-04-09,PERSON_00193,PERSON_00380,PHONE_00193,OTP
SMS_000516,2023-03-16,PERSON_00196,PERSON_00421,PHONE_00196,family
SMS_000517,2026-05-11,PERSON_00199,PERSON_00012,PHONE_00199,meeting
SMS_000518,2024-12-09,PERSON_00202,PERSON_00053,PHONE_00202,meeting
SMS_000519,2024-07-22,PERSON_00205,PERSON_00094,PHONE_00205,OTP
SMS_000520,2022-03-08,PERSON_00208,PERSON_00135,PHONE_00208,meeting
SMS_000521,2026-06-05,PERSON_00211,PERSON_00176,PHONE_00211,delivery
SMS_000522,2022-09-01,PERSON_00214,PERSON_00217,PHONE_00214,family
SMS_000523,2026-04-07,PERSON_00217,PERSON_00258,PHONE_00217,family
SMS_000524,2022-06-29,PERSON_00220,PERSON_00299,PHONE_00220,delivery
SMS_000525,2024-12-02,PERSON_00223,PERSON_00340,PHONE_00223,work
SMS_000526,2023-03-22,PERSON_00226,PERSON_00381,PHONE_00226,delivery
SMS_000527,2023-10-08,PERSON_00229,PERSON_00422,PHONE_00229,meeting
SMS_000528,2025-09-05,PERSON_00232,PERSON_00013,PHONE_00232,meeting
SMS_000529,2021-07-01,PERSON_00235,PERSON_00054,PHONE_00235,OTP
SMS_000530,2021-02-25,PERSON_00238,PERSON_00095,PHONE_00238,work
SMS_000531,2021-02-21,PERSON_00241,PERSON_00136,PHONE_00241,family
SMS_000532,2026-01-09,PERSON_00244,PERSON_00177,PHONE_00244,family
SMS_000533,2026-02-23,PERSON_00247,PERSON_00218,PHONE_00247,meeting
SMS_000534,2024-03-07,PERSON_00250,PERSON_00259,PHONE_00250,meeting
SMS_000535,2025-03-17,PERSON_00253,PERSON_00300,PHONE_00253,delivery
SMS_000536,2024-09-28,PERSON_00256,PERSON_00341,PHONE_00256,work
SMS_000537,2021-03-19,PERSON_00259,PERSON_00382,PHONE_00259,short coordination
SMS_000538,2023-09-06,PERSON_00262,PERSON_00423,PHONE_00262,meeting
SMS_000539,2022-03-17,PERSON_00265,PERSON_00014,PHONE_00265,family
SMS_000540,2026-01-18,PERSON_00268,PERSON_00055,PHONE_00268,meeting
SMS_000541,2021-09-09,PERSON_00271,PERSON_00096,PHONE_00271,meeting
SMS_000542,2023-04-19,PERSON_00274,PERSON_00137,PHONE_00274,OTP
SMS_000543,2026-02-03,PERSON_00277,PERSON_00178,PHONE_00277,delivery
SMS_000544,2025-04-07,PERSON_00280,PERSON_00219,PHONE_00280,OTP
SMS_000545,2022-02-18,PERSON_00283,PERSON_00260,PHONE_00283,short coordination
SMS_000546,2021-03-22,PERSON_00286,PERSON_00301,PHONE_00286,meeting
SMS_000547,2023-06-05,PERSON_00289,PERSON_00342,PHONE_00289,short coordination
SMS_000548,2023-03-24,PERSON_00292,PERSON_00383,PHONE_00292,OTP
SMS_000549,2023-11-15,PERSON_00295,PERSON_00424,PHONE_00295,OTP
SMS_000550,2025-06-16,PERSON_00298,PERSON_00015,PHONE_00298,work
SMS_000551,2024-07-14,PERSON_00301,PERSON_00056,PHONE_00301,OTP
SMS_000552,2026-02-16,PERSON_00304,PERSON_00097,PHONE_00304,family
SMS_000553,2024-09-04,PERSON_00307,PERSON_00138,PHONE_00307,OTP
SMS_000554,2024-08-01,PERSON_00310,PERSON_00179,PHONE_00310,delivery
SMS_000555,2023-05-08,PERSON_00313,PERSON_00220,PHONE_00313,family
SMS_000556,2023-03-22,PERSON_00316,PERSON_00261,PHONE_00316,short coordination
SMS_000557,2022-07-09,PERSON_00319,PERSON_00302,PHONE_00319,short coordination
SMS_000558,2023-12-28,PERSON_00322,PERSON_00343,PHONE_00322,work
SMS_000559,2021-08-08,PERSON_00325,PERSON_00384,PHONE_00325,OTP
SMS_000560,2022-11-20,PERSON_00328,PERSON_00425,PHONE_00328,short coordination
SMS_000561,2024-12-05,PERSON_00331,PERSON_00016,PHONE_00331,short coordination
SMS_000562,2021-02-12,PERSON_00334,PERSON_00057,PHONE_00334,work
SMS_000563,2022-06-26,PERSON_00337,PERSON_00098,PHONE_00337,short coordination
SMS_000564,2023-09-11,PERSON_00340,PERSON_00139,PHONE_00340,OTP
SMS_000565,2022-09-10,PERSON_00343,PERSON_00180,PHONE_00343,OTP
SMS_000566,2021-06-26,PERSON_00346,PERSON_00221,PHONE_00346,family
SMS_000567,2022-12-10,PERSON_00349,PERSON_00262,PHONE_00349,meeting
SMS_000568,2023-08-12,PERSON_00352,PERSON_00303,PHONE_00352,OTP
SMS_000569,2025-04-26,PERSON_00355,PERSON_00344,PHONE_00355,work
SMS_000570,2024-05-27,PERSON_00358,PERSON_00385,PHONE_00358,OTP
SMS_000571,2025-06-07,PERSON_00361,PERSON_00426,PHONE_00361,meeting
SMS_000572,2023-10-09,PERSON_00364,PERSON_00017,PHONE_00364,delivery
SMS_000573,2022-11-09,PERSON_00367,PERSON_00058,PHONE_00367,meeting
SMS_000574,2024-08-06,PERSON_00370,PERSON_00099,PHONE_00370,delivery
SMS_000575,2025-12-13,PERSON_00373,PERSON_00140,PHONE_00373,meeting
SMS_000576,2021-04-16,PERSON_00376,PERSON_00181,PHONE_00376,OTP
SMS_000577,2022-05-20,PERSON_00379,PERSON_00222,PHONE_00379,OTP
SMS_000578,2022-10-16,PERSON_00382,PERSON_00263,PHONE_00382,meeting
SMS_000579,2024-08-04,PERSON_00385,PERSON_00304,PHONE_00385,meeting
SMS_000580,2021-11-29,PERSON_00388,PERSON_00345,PHONE_00388,work
SMS_000581,2022-11-05,PERSON_00391,PERSON_00386,PHONE_00391,family
SMS_000582,2025-10-13,PERSON_00394,PERSON_00427,PHONE_00394,delivery
SMS_000583,2021-02-26,PERSON_00397,PERSON_00018,PHONE_00397,work
SMS_000584,2022-04-22,PERSON_00400,PERSON_00059,PHONE_00400,work
SMS_000585,2022-07-15,PERSON_00403,PERSON_00100,PHONE_00403,OTP
SMS_000586,2023-06-23,PERSON_00406,PERSON_00141,PHONE_00406,family
SMS_000587,2024-03-03,PERSON_00409,PERSON_00182,PHONE_00409,short coordination
SMS_000588,2025-10-23,PERSON_00412,PERSON_00223,PHONE_00412,OTP
SMS_000589,2021-10-02,PERSON_00415,PERSON_00264,PHONE_00415,short coordination
SMS_000590,2022-06-25,PERSON_00418,PERSON_00305,PHONE_00418,delivery
SMS_000591,2025-03-19,PERSON_00421,PERSON_00346,PHONE_00421,meeting
SMS_000592,2022-02-03,PERSON_00424,PERSON_00387,PHONE_00424,delivery
SMS_000593,2023-09-20,PERSON_00427,PERSON_00428,PHONE_00427,family
SMS_000594,2026-01-24,PERSON_00430,PERSON_00019,PHONE_00430,OTP
SMS_000595,2024-04-22,PERSON_00433,PERSON_00060,PHONE_00433,family
SMS_000596,2026-04-12,PERSON_00436,PERSON_00101,PHONE_00436,family
SMS_000597,2024-06-26,PERSON_00439,PERSON_00142,PHONE_00439,short coordination
SMS_000598,2021-07-23,PERSON_00442,PERSON_00183,PHONE_00442,work
SMS_000599,2022-06-26,PERSON_00445,PERSON_00224,PHONE_00445,delivery
SMS_000600,2023-12-23,PERSON_00448,PERSON_00265,PHONE_00448,family
SMS_000601,2021-02-23,PERSON_00001,PERSON_00306,PHONE_00001,delivery
SMS_000602,2026-06-15,PERSON_00004,PERSON_00347,PHONE_00004,delivery
SMS_000603,2023-09-02,PERSON_00007,PERSON_00388,PHONE_00007,meeting
SMS_000604,2024-11-18,PERSON_00010,PERSON_00429,PHONE_00010,meeting
SMS_000605,2024-08-19,PERSON_00013,PERSON_00020,PHONE_00013,family
SMS_000606,2026-02-21,PERSON_00016,PERSON_00061,PHONE_00016,OTP
SMS_000607,2023-11-25,PERSON_00019,PERSON_00102,PHONE_00019,meeting
SMS_000608,2024-04-05,PERSON_00022,PERSON_00143,PHONE_00022,family
SMS_000609,2021-10-18,PERSON_00025,PERSON_00184,PHONE_00025,family
SMS_000610,2022-10-12,PERSON_00028,PERSON_00225,PHONE_00028,meeting
SMS_000611,2024-11-18,PERSON_00031,PERSON_00266,PHONE_00031,OTP
SMS_000612,2024-05-06,PERSON_00034,PERSON_00307,PHONE_00034,meeting
SMS_000613,2024-05-27,PERSON_00037,PERSON_00348,PHONE_00037,family
SMS_000614,2024-01-31,PERSON_00040,PERSON_00389,PHONE_00040,meeting
SMS_000615,2025-04-13,PERSON_00043,PERSON_00430,PHONE_00043,family
SMS_000616,2024-12-18,PERSON_00046,PERSON_00021,PHONE_00046,meeting
SMS_000617,2026-05-06,PERSON_00049,PERSON_00062,PHONE_00049,OTP
SMS_000618,2021-12-21,PERSON_00052,PERSON_00103,PHONE_00052,work
SMS_000619,2022-12-05,PERSON_00055,PERSON_00144,PHONE_00055,family
SMS_000620,2022-06-23,PERSON_00058,PERSON_00185,PHONE_00058,OTP
SMS_000621,2026-04-03,PERSON_00061,PERSON_00226,PHONE_00061,short coordination
SMS_000622,2022-01-07,PERSON_00064,PERSON_00267,PHONE_00064,short coordination
SMS_000623,2022-01-18,PERSON_00067,PERSON_00308,PHONE_00067,delivery
SMS_000624,2024-08-18,PERSON_00070,PERSON_00349,PHONE_00070,work
SMS_000625,2026-04-06,PERSON_00073,PERSON_00390,PHONE_00073,delivery
SMS_000626,2025-04-12,PERSON_00076,PERSON_00431,PHONE_00076,short coordination
SMS_000627,2025-03-27,PERSON_00079,PERSON_00022,PHONE_00079,meeting
SMS_000628,2023-05-08,PERSON_00082,PERSON_00063,PHONE_00082,short coordination
SMS_000629,2021-08-30,PERSON_00085,PERSON_00104,PHONE_00085,family
SMS_000630,2021-07-24,PERSON_00088,PERSON_00145,PHONE_00088,short coordination
SMS_000631,2022-12-24,PERSON_00091,PERSON_00186,PHONE_00091,meeting
SMS_000632,2025-09-01,PERSON_00094,PERSON_00227,PHONE_00094,OTP
SMS_000633,2023-06-25,PERSON_00097,PERSON_00268,PHONE_00097,OTP
SMS_000634,2021-03-20,PERSON_00100,PERSON_00309,PHONE_00100,OTP
SMS_000635,2024-09-28,PERSON_00103,PERSON_00350,PHONE_00103,meeting
SMS_000636,2021-10-12,PERSON_00106,PERSON_00391,PHONE_00106,meeting
SMS_000637,2024-11-01,PERSON_00109,PERSON_00432,PHONE_00109,short coordination
SMS_000638,2024-08-05,PERSON_00112,PERSON_00023,PHONE_00112,meeting
SMS_000639,2022-02-18,PERSON_00115,PERSON_00064,PHONE_00115,family
SMS_000640,2023-08-25,PERSON_00118,PERSON_00105,PHONE_00118,family
SMS_000641,2021-08-05,PERSON_00121,PERSON_00146,PHONE_00121,family
SMS_000642,2022-02-15,PERSON_00124,PERSON_00187,PHONE_00124,OTP
SMS_000643,2021-03-02,PERSON_00127,PERSON_00228,PHONE_00127,short coordination
SMS_000644,2024-09-05,PERSON_00130,PERSON_00269,PHONE_00130,meeting
SMS_000645,2023-06-20,PERSON_00133,PERSON_00310,PHONE_00133,delivery
SMS_000646,2025-06-03,PERSON_00136,PERSON_00351,PHONE_00136,meeting
SMS_000647,2025-07-17,PERSON_00139,PERSON_00392,PHONE_00139,OTP
SMS_000648,2024-09-27,PERSON_00142,PERSON_00433,PHONE_00142,OTP
SMS_000649,2022-02-15,PERSON_00145,PERSON_00024,PHONE_00145,delivery
SMS_000650,2021-08-25,PERSON_00148,PERSON_00065,PHONE_00148,work
SMS_000651,2026-06-09,PERSON_00151,PERSON_00106,PHONE_00151,family
SMS_000652,2021-10-26,PERSON_00154,PERSON_00147,PHONE_00154,short coordination
SMS_000653,2021-06-14,PERSON_00157,PERSON_00188,PHONE_00157,meeting
SMS_000654,2024-03-24,PERSON_00160,PERSON_00229,PHONE_00160,short coordination
SMS_000655,2026-04-03,PERSON_00163,PERSON_00270,PHONE_00163,meeting
SMS_000656,2023-04-02,PERSON_00166,PERSON_00311,PHONE_00166,short coordination
SMS_000657,2021-07-02,PERSON_00169,PERSON_00352,PHONE_00169,meeting
SMS_000658,2024-02-06,PERSON_00172,PERSON_00393,PHONE_00172,delivery
SMS_000659,2022-04-24,PERSON_00175,PERSON_00434,PHONE_00175,work
SMS_000660,2024-03-29,PERSON_00178,PERSON_00025,PHONE_00178,short coordination
SMS_000661,2023-06-13,PERSON_00181,PERSON_00066,PHONE_00181,short coordination
SMS_000662,2022-10-16,PERSON_00184,PERSON_00107,PHONE_00184,meeting
SMS_000663,2025-11-18,PERSON_00187,PERSON_00148,PHONE_00187,short coordination
SMS_000664,2022-11-05,PERSON_00190,PERSON_00189,PHONE_00190,OTP
SMS_000665,2021-08-25,PERSON_00193,PERSON_00230,PHONE_00193,short coordination
SMS_000666,2022-05-02,PERSON_00196,PERSON_00271,PHONE_00196,short coordination
SMS_000667,2022-01-22,PERSON_00199,PERSON_00312,PHONE_00199,family
SMS_000668,2024-07-30,PERSON_00202,PERSON_00353,PHONE_00202,delivery
SMS_000669,2022-12-22,PERSON_00205,PERSON_00394,PHONE_00205,work
SMS_000670,2025-05-16,PERSON_00208,PERSON_00435,PHONE_00208,OTP
SMS_000671,2025-12-19,PERSON_00211,PERSON_00026,PHONE_00211,family
SMS_000672,2023-05-15,PERSON_00214,PERSON_00067,PHONE_00214,delivery
SMS_000673,2021-11-30,PERSON_00217,PERSON_00108,PHONE_00217,family
SMS_000674,2025-03-27,PERSON_00220,PERSON_00149,PHONE_00220,OTP
SMS_000675,2024-06-04,PERSON_00223,PERSON_00190,PHONE_00223,delivery
SMS_000676,2021-08-04,PERSON_00226,PERSON_00231,PHONE_00226,meeting
SMS_000677,2021-09-12,PERSON_00229,PERSON_00272,PHONE_00229,family
SMS_000678,2021-02-05,PERSON_00232,PERSON_00313,PHONE_00232,work
SMS_000679,2026-01-25,PERSON_00235,PERSON_00354,PHONE_00235,meeting
SMS_000680,2023-08-02,PERSON_00238,PERSON_00395,PHONE_00238,delivery
SMS_000681,2023-10-09,PERSON_00241,PERSON_00436,PHONE_00241,OTP
SMS_000682,2022-08-08,PERSON_00244,PERSON_00027,PHONE_00244,meeting
SMS_000683,2026-01-17,PERSON_00247,PERSON_00068,PHONE_00247,OTP
SMS_000684,2025-08-24,PERSON_00250,PERSON_00109,PHONE_00250,work
SMS_000685,2026-03-27,PERSON_00253,PERSON_00150,PHONE_00253,meeting
SMS_000686,2023-07-15,PERSON_00256,PERSON_00191,PHONE_00256,short coordination
SMS_000687,2025-12-29,PERSON_00259,PERSON_00232,PHONE_00259,OTP
SMS_000688,2026-05-08,PERSON_00262,PERSON_00273,PHONE_00262,meeting
SMS_000689,2022-04-18,PERSON_00265,PERSON_00314,PHONE_00265,OTP
SMS_000690,2023-03-13,PERSON_00268,PERSON_00355,PHONE_00268,work
SMS_000691,2022-08-26,PERSON_00271,PERSON_00396,PHONE_00271,delivery
SMS_000692,2026-02-03,PERSON_00274,PERSON_00437,PHONE_00274,family
SMS_000693,2026-03-02,PERSON_00277,PERSON_00028,PHONE_00277,OTP
SMS_000694,2023-06-09,PERSON_00280,PERSON_00069,PHONE_00280,OTP
SMS_000695,2025-03-30,PERSON_00283,PERSON_00110,PHONE_00283,family
SMS_000696,2026-02-20,PERSON_00286,PERSON_00151,PHONE_00286,meeting
SMS_000697,2025-01-17,PERSON_00289,PERSON_00192,PHONE_00289,family
SMS_000698,2022-11-01,PERSON_00292,PERSON_00233,PHONE_00292,delivery
SMS_000699,2022-04-11,PERSON_00295,PERSON_00274,PHONE_00295,work
SMS_000700,2025-09-12,PERSON_00298,PERSON_00315,PHONE_00298,work
SMS_000701,2024-07-16,PERSON_00301,PERSON_00356,PHONE_00301,short coordination
SMS_000702,2025-08-07,PERSON_00304,PERSON_00397,PHONE_00304,family
SMS_000703,2025-07-10,PERSON_00307,PERSON_00438,PHONE_00307,meeting
SMS_000704,2022-12-12,PERSON_00310,PERSON_00029,PHONE_00310,OTP
SMS_000705,2022-12-24,PERSON_00313,PERSON_00070,PHONE_00313,OTP
SMS_000706,2021-03-29,PERSON_00316,PERSON_00111,PHONE_00316,OTP
SMS_000707,2025-02-11,PERSON_00319,PERSON_00152,PHONE_00319,delivery
SMS_000708,2023-08-09,PERSON_00322,PERSON_00193,PHONE_00322,delivery
SMS_000709,2025-11-13,PERSON_00325,PERSON_00234,PHONE_00325,delivery
SMS_000710,2022-08-29,PERSON_00328,PERSON_00275,PHONE_00328,family
SMS_000711,2024-02-13,PERSON_00331,PERSON_00316,PHONE_00331,work
SMS_000712,2024-08-22,PERSON_00334,PERSON_00357,PHONE_00334,work
SMS_000713,2022-07-04,PERSON_00337,PERSON_00398,PHONE_00337,meeting
SMS_000714,2021-05-10,PERSON_00340,PERSON_00439,PHONE_00340,OTP
SMS_000715,2022-07-28,PERSON_00343,PERSON_00030,PHONE_00343,delivery
SMS_000716,2023-08-30,PERSON_00346,PERSON_00071,PHONE_00346,work
SMS_000717,2024-01-22,PERSON_00349,PERSON_00112,PHONE_00349,OTP
SMS_000718,2022-04-21,PERSON_00352,PERSON_00153,PHONE_00352,delivery
SMS_000719,2025-07-23,PERSON_00355,PERSON_00194,PHONE_00355,short coordination
SMS_000720,2022-04-17,PERSON_00358,PERSON_00235,PHONE_00358,family
SMS_000721,2023-04-12,PERSON_00361,PERSON_00276,PHONE_00361,meeting
SMS_000722,2022-05-23,PERSON_00364,PERSON_00317,PHONE_00364,family
SMS_000723,2023-07-13,PERSON_00367,PERSON_00358,PHONE_00367,OTP
SMS_000724,2021-01-16,PERSON_00370,PERSON_00399,PHONE_00370,family
SMS_000725,2026-03-20,PERSON_00373,PERSON_00440,PHONE_00373,work
SMS_000726,2025-10-05,PERSON_00376,PERSON_00031,PHONE_00376,OTP
SMS_000727,2023-03-13,PERSON_00379,PERSON_00072,PHONE_00379,short coordination
SMS_000728,2021-10-15,PERSON_00382,PERSON_00113,PHONE_00382,short coordination
SMS_000729,2025-12-30,PERSON_00385,PERSON_00154,PHONE_00385,family
SMS_000730,2021-05-12,PERSON_00388,PERSON_00195,PHONE_00388,OTP
SMS_000731,2022-10-31,PERSON_00391,PERSON_00236,PHONE_00391,short coordination
SMS_000732,2026-05-28,PERSON_00394,PERSON_00277,PHONE_00394,work
SMS_000733,2025-03-13,PERSON_00397,PERSON_00318,PHONE_00397,OTP
SMS_000734,2023-11-15,PERSON_00400,PERSON_00359,PHONE_00400,family
SMS_000735,2024-03-15,PERSON_00403,PERSON_00400,PHONE_00403,short coordination
SMS_000736,2025-12-08,PERSON_00406,PERSON_00441,PHONE_00406,meeting
SMS_000737,2024-02-25,PERSON_00409,PERSON_00032,PHONE_00409,family
SMS_000738,2021-03-24,PERSON_00412,PERSON_00073,PHONE_00412,short coordination
SMS_000739,2021-12-28,PERSON_00415,PERSON_00114,PHONE_00415,OTP
SMS_000740,2024-10-25,PERSON_00418,PERSON_00155,PHONE_00418,OTP
SMS_000741,2025-08-29,PERSON_00421,PERSON_00196,PHONE_00421,meeting
SMS_000742,2022-06-06,PERSON_00424,PERSON_00237,PHONE_00424,delivery
SMS_000743,2021-05-20,PERSON_00427,PERSON_00278,PHONE_00427,work
SMS_000744,2023-05-18,PERSON_00430,PERSON_00319,PHONE_00430,delivery
SMS_000745,2026-04-12,PERSON_00433,PERSON_00360,PHONE_00433,OTP
SMS_000746,2021-08-02,PERSON_00436,PERSON_00401,PHONE_00436,meeting
SMS_000747,2021-04-06,PERSON_00439,PERSON_00442,PHONE_00439,meeting
SMS_000748,2023-06-24,PERSON_00442,PERSON_00033,PHONE_00442,delivery
SMS_000749,2021-02-23,PERSON_00445,PERSON_00074,PHONE_00445,delivery
SMS_000750,2023-09-17,PERSON_00448,PERSON_00115,PHONE_00448,delivery
SMS_000751,2023-03-06,PERSON_00001,PERSON_00156,PHONE_00001,work
SMS_000752,2025-07-14,PERSON_00004,PERSON_00197,PHONE_00004,OTP
SMS_000753,2022-05-27,PERSON_00007,PERSON_00238,PHONE_00007,delivery
SMS_000754,2025-07-30,PERSON_00010,PERSON_00279,PHONE_00010,delivery
SMS_000755,2025-08-20,PERSON_00013,PERSON_00320,PHONE_00013,work
SMS_000756,2024-02-13,PERSON_00016,PERSON_00361,PHONE_00016,delivery
SMS_000757,2021-08-04,PERSON_00019,PERSON_00402,PHONE_00019,work
SMS_000758,2023-04-17,PERSON_00022,PERSON_00443,PHONE_00022,meeting
SMS_000759,2024-01-11,PERSON_00025,PERSON_00034,PHONE_00025,OTP
SMS_000760,2025-01-23,PERSON_00028,PERSON_00075,PHONE_00028,meeting
SMS_000761,2025-03-19,PERSON_00031,PERSON_00116,PHONE_00031,short coordination
SMS_000762,2021-06-29,PERSON_00034,PERSON_00157,PHONE_00034,family
SMS_000763,2022-11-25,PERSON_00037,PERSON_00198,PHONE_00037,short coordination
SMS_000764,2024-12-01,PERSON_00040,PERSON_00239,PHONE_00040,delivery
SMS_000765,2023-02-23,PERSON_00043,PERSON_00280,PHONE_00043,work
SMS_000766,2022-09-25,PERSON_00046,PERSON_00321,PHONE_00046,family
SMS_000767,2023-05-31,PERSON_00049,PERSON_00362,PHONE_00049,delivery
SMS_000768,2024-12-12,PERSON_00052,PERSON_00403,PHONE_00052,family
SMS_000769,2023-08-31,PERSON_00055,PERSON_00444,PHONE_00055,OTP
SMS_000770,2022-11-14,PERSON_00058,PERSON_00035,PHONE_00058,OTP
SMS_000771,2025-10-11,PERSON_00061,PERSON_00076,PHONE_00061,delivery
SMS_000772,2022-05-23,PERSON_00064,PERSON_00117,PHONE_00064,delivery
SMS_000773,2022-05-09,PERSON_00067,PERSON_00158,PHONE_00067,work
SMS_000774,2022-02-20,PERSON_00070,PERSON_00199,PHONE_00070,family
SMS_000775,2022-09-20,PERSON_00073,PERSON_00240,PHONE_00073,family
SMS_000776,2022-07-09,PERSON_00076,PERSON_00281,PHONE_00076,OTP
SMS_000777,2024-11-23,PERSON_00079,PERSON_00322,PHONE_00079,meeting
SMS_000778,2026-02-21,PERSON_00082,PERSON_00363,PHONE_00082,work
SMS_000779,2023-12-02,PERSON_00085,PERSON_00404,PHONE_00085,short coordination
SMS_000780,2022-07-02,PERSON_00088,PERSON_00445,PHONE_00088,delivery
SMS_000781,2024-11-01,PERSON_00091,PERSON_00036,PHONE_00091,family
SMS_000782,2023-05-25,PERSON_00094,PERSON_00077,PHONE_00094,OTP
SMS_000783,2025-04-15,PERSON_00097,PERSON_00118,PHONE_00097,meeting
SMS_000784,2023-07-13,PERSON_00100,PERSON_00159,PHONE_00100,family
SMS_000785,2023-05-25,PERSON_00103,PERSON_00200,PHONE_00103,family
SMS_000786,2021-06-20,PERSON_00106,PERSON_00241,PHONE_00106,OTP
SMS_000787,2021-04-01,PERSON_00109,PERSON_00282,PHONE_00109,delivery
SMS_000788,2025-05-21,PERSON_00112,PERSON_00323,PHONE_00112,OTP
SMS_000789,2026-02-11,PERSON_00115,PERSON_00364,PHONE_00115,family
SMS_000790,2022-01-26,PERSON_00118,PERSON_00405,PHONE_00118,OTP
SMS_000791,2024-12-29,PERSON_00121,PERSON_00446,PHONE_00121,work
SMS_000792,2021-08-05,PERSON_00124,PERSON_00037,PHONE_00124,short coordination
SMS_000793,2023-11-22,PERSON_00127,PERSON_00078,PHONE_00127,meeting
SMS_000794,2026-06-15,PERSON_00130,PERSON_00119,PHONE_00130,delivery
SMS_000795,2024-12-08,PERSON_00133,PERSON_00160,PHONE_00133,meeting
SMS_000796,2026-05-22,PERSON_00136,PERSON_00201,PHONE_00136,meeting
SMS_000797,2025-06-25,PERSON_00139,PERSON_00242,PHONE_00139,short coordination
SMS_000798,2022-08-16,PERSON_00142,PERSON_00283,PHONE_00142,short coordination
SMS_000799,2024-09-15,PERSON_00145,PERSON_00324,PHONE_00145,OTP
SMS_000800,2025-05-22,PERSON_00148,PERSON_00365,PHONE_00148,work
SMS_000801,2023-07-29,PERSON_00151,PERSON_00406,PHONE_00151,short coordination
SMS_000802,2021-07-16,PERSON_00154,PERSON_00447,PHONE_00154,short coordination
SMS_000803,2022-01-19,PERSON_00157,PERSON_00038,PHONE_00157,short coordination
SMS_000804,2023-08-18,PERSON_00160,PERSON_00079,PHONE_00160,delivery
SMS_000805,2024-06-10,PERSON_00163,PERSON_00120,PHONE_00163,OTP
SMS_000806,2021-05-17,PERSON_00166,PERSON_00161,PHONE_00166,work
SMS_000807,2023-04-24,PERSON_00169,PERSON_00202,PHONE_00169,OTP
SMS_000808,2026-04-27,PERSON_00172,PERSON_00243,PHONE_00172,family
SMS_000809,2022-05-26,PERSON_00175,PERSON_00284,PHONE_00175,family
SMS_000810,2024-03-09,PERSON_00178,PERSON_00325,PHONE_00178,meeting
SMS_000811,2024-01-21,PERSON_00181,PERSON_00366,PHONE_00181,delivery
SMS_000812,2025-03-30,PERSON_00184,PERSON_00407,PHONE_00184,meeting
SMS_000813,2025-12-15,PERSON_00187,PERSON_00448,PHONE_00187,family
SMS_000814,2022-06-08,PERSON_00190,PERSON_00039,PHONE_00190,OTP
SMS_000815,2023-04-21,PERSON_00193,PERSON_00080,PHONE_00193,meeting
SMS_000816,2021-07-20,PERSON_00196,PERSON_00121,PHONE_00196,OTP
SMS_000817,2025-05-02,PERSON_00199,PERSON_00162,PHONE_00199,OTP
SMS_000818,2025-08-15,PERSON_00202,PERSON_00203,PHONE_00202,OTP
SMS_000819,2026-03-23,PERSON_00205,PERSON_00244,PHONE_00205,work
SMS_000820,2025-12-23,PERSON_00208,PERSON_00285,PHONE_00208,meeting
SMS_000821,2024-08-21,PERSON_00211,PERSON_00326,PHONE_00211,work
SMS_000822,2024-04-02,PERSON_00214,PERSON_00367,PHONE_00214,work
SMS_000823,2026-02-17,PERSON_00217,PERSON_00408,PHONE_00217,short coordination
SMS_000824,2022-09-26,PERSON_00220,PERSON_00449,PHONE_00220,short coordination
SMS_000825,2025-05-11,PERSON_00223,PERSON_00040,PHONE_00223,delivery
SMS_000826,2023-08-07,PERSON_00226,PERSON_00081,PHONE_00226,delivery
SMS_000827,2024-01-21,PERSON_00229,PERSON_00122,PHONE_00229,work
SMS_000828,2023-11-05,PERSON_00232,PERSON_00163,PHONE_00232,meeting
SMS_000829,2024-08-07,PERSON_00235,PERSON_00204,PHONE_00235,OTP
SMS_000830,2026-02-27,PERSON_00238,PERSON_00245,PHONE_00238,work
SMS_000831,2021-03-09,PERSON_00241,PERSON_00286,PHONE_00241,OTP
SMS_000832,2024-11-06,PERSON_00244,PERSON_00327,PHONE_00244,delivery
SMS_000833,2026-05-10,PERSON_00247,PERSON_00368,PHONE_00247,meeting
SMS_000834,2025-09-01,PERSON_00250,PERSON_00409,PHONE_00250,short coordination
SMS_000835,2024-08-18,PERSON_00253,PERSON_00450,PHONE_00253,OTP
SMS_000836,2024-09-22,PERSON_00256,PERSON_00041,PHONE_00256,family
SMS_000837,2023-07-27,PERSON_00259,PERSON_00082,PHONE_00259,short coordination
SMS_000838,2021-01-26,PERSON_00262,PERSON_00123,PHONE_00262,family
SMS_000839,2025-10-28,PERSON_00265,PERSON_00164,PHONE_00265,delivery
SMS_000840,2023-09-05,PERSON_00268,PERSON_00205,PHONE_00268,OTP
SMS_000841,2021-09-19,PERSON_00271,PERSON_00246,PHONE_00271,OTP
SMS_000842,2023-06-10,PERSON_00274,PERSON_00287,PHONE_00274,family
SMS_000843,2025-12-24,PERSON_00277,PERSON_00328,PHONE_00277,family
SMS_000844,2026-05-11,PERSON_00280,PERSON_00369,PHONE_00280,delivery
SMS_000845,2025-06-23,PERSON_00283,PERSON_00410,PHONE_00283,OTP
SMS_000846,2023-12-10,PERSON_00286,PERSON_00001,PHONE_00286,family
SMS_000847,2024-03-29,PERSON_00289,PERSON_00042,PHONE_00289,short coordination
SMS_000848,2025-02-26,PERSON_00292,PERSON_00083,PHONE_00292,OTP
SMS_000849,2021-04-23,PERSON_00295,PERSON_00124,PHONE_00295,meeting
SMS_000850,2025-05-30,PERSON_00298,PERSON_00165,PHONE_00298,short coordination
SMS_000851,2025-06-30,PERSON_00301,PERSON_00206,PHONE_00301,short coordination
SMS_000852,2021-10-13,PERSON_00304,PERSON_00247,PHONE_00304,short coordination
SMS_000853,2022-02-04,PERSON_00307,PERSON_00288,PHONE_00307,family
SMS_000854,2025-08-11,PERSON_00310,PERSON_00329,PHONE_00310,OTP
SMS_000855,2022-12-29,PERSON_00313,PERSON_00370,PHONE_00313,family
SMS_000856,2025-10-17,PERSON_00316,PERSON_00411,PHONE_00316,OTP
SMS_000857,2025-04-15,PERSON_00319,PERSON_00002,PHONE_00319,meeting
SMS_000858,2021-01-15,PERSON_00322,PERSON_00043,PHONE_00322,meeting
SMS_000859,2021-05-16,PERSON_00325,PERSON_00084,PHONE_00325,meeting
SMS_000860,2026-06-14,PERSON_00328,PERSON_00125,PHONE_00328,family
SMS_000861,2024-04-16,PERSON_00331,PERSON_00166,PHONE_00331,delivery
SMS_000862,2021-02-27,PERSON_00334,PERSON_00207,PHONE_00334,meeting
SMS_000863,2025-08-10,PERSON_00337,PERSON_00248,PHONE_00337,family
SMS_000864,2022-02-01,PERSON_00340,PERSON_00289,PHONE_00340,family
SMS_000865,2025-01-21,PERSON_00343,PERSON_00330,PHONE_00343,meeting
SMS_000866,2024-05-01,PERSON_00346,PERSON_00371,PHONE_00346,work
SMS_000867,2021-11-26,PERSON_00349,PERSON_00412,PHONE_00349,family
SMS_000868,2024-11-06,PERSON_00352,PERSON_00003,PHONE_00352,meeting
SMS_000869,2021-06-07,PERSON_00355,PERSON_00044,PHONE_00355,family
SMS_000870,2024-07-27,PERSON_00358,PERSON_00085,PHONE_00358,family
SMS_000871,2026-03-15,PERSON_00361,PERSON_00126,PHONE_00361,short coordination
SMS_000872,2026-02-17,PERSON_00364,PERSON_00167,PHONE_00364,meeting
SMS_000873,2021-01-27,PERSON_00367,PERSON_00208,PHONE_00367,meeting
SMS_000874,2022-02-11,PERSON_00370,PERSON_00249,PHONE_00370,OTP
SMS_000875,2024-11-12,PERSON_00373,PERSON_00290,PHONE_00373,delivery
SMS_000876,2024-11-15,PERSON_00376,PERSON_00331,PHONE_00376,short coordination
SMS_000877,2021-05-16,PERSON_00379,PERSON_00372,PHONE_00379,short coordination
SMS_000878,2021-09-13,PERSON_00382,PERSON_00413,PHONE_00382,meeting
SMS_000879,2026-05-04,PERSON_00385,PERSON_00004,PHONE_00385,short coordination
SMS_000880,2023-07-11,PERSON_00388,PERSON_00045,PHONE_00388,family
SMS_000881,2024-08-08,PERSON_00391,PERSON_00086,PHONE_00391,meeting
SMS_000882,2023-08-26,PERSON_00394,PERSON_00127,PHONE_00394,short coordination
SMS_000883,2021-10-04,PERSON_00397,PERSON_00168,PHONE_00397,work
SMS_000884,2023-03-12,PERSON_00400,PERSON_00209,PHONE_00400,family
SMS_000885,2024-04-18,PERSON_00403,PERSON_00250,PHONE_00403,family
SMS_000886,2022-03-28,PERSON_00406,PERSON_00291,PHONE_00406,family
SMS_000887,2025-06-22,PERSON_00409,PERSON_00332,PHONE_00409,family
SMS_000888,2023-04-29,PERSON_00412,PERSON_00373,PHONE_00412,work
SMS_000889,2025-11-08,PERSON_00415,PERSON_00414,PHONE_00415,OTP
SMS_000890,2025-09-23,PERSON_00418,PERSON_00005,PHONE_00418,meeting
SMS_000891,2024-04-10,PERSON_00421,PERSON_00046,PHONE_00421,OTP
SMS_000892,2024-12-15,PERSON_00424,PERSON_00087,PHONE_00424,meeting
SMS_000893,2022-02-12,PERSON_00427,PERSON_00128,PHONE_00427,work
SMS_000894,2022-07-20,PERSON_00430,PERSON_00169,PHONE_00430,work
SMS_000895,2021-08-27,PERSON_00433,PERSON_00210,PHONE_00433,work
SMS_000896,2025-11-04,PERSON_00436,PERSON_00251,PHONE_00436,OTP
SMS_000897,2024-07-22,PERSON_00439,PERSON_00292,PHONE_00439,meeting
SMS_000898,2021-02-15,PERSON_00442,PERSON_00333,PHONE_00442,meeting
SMS_000899,2025-02-03,PERSON_00445,PERSON_00374,PHONE_00445,work
SMS_000900,2024-06-02,PERSON_00448,PERSON_00415,PHONE_00448,meeting
SMS_000901,2025-10-27,PERSON_00001,PERSON_00006,PHONE_00001,delivery
SMS_000902,2021-06-17,PERSON_00004,PERSON_00047,PHONE_00004,short coordination
SMS_000903,2021-02-15,PERSON_00007,PERSON_00088,PHONE_00007,OTP
SMS_000904,2023-11-26,PERSON_00010,PERSON_00129,PHONE_00010,work
SMS_000905,2025-10-23,PERSON_00013,PERSON_00170,PHONE_00013,short coordination
SMS_000906,2024-09-18,PERSON_00016,PERSON_00211,PHONE_00016,meeting
SMS_000907,2023-09-16,PERSON_00019,PERSON_00252,PHONE_00019,meeting
SMS_000908,2025-07-20,PERSON_00022,PERSON_00293,PHONE_00022,work
SMS_000909,2024-09-01,PERSON_00025,PERSON_00334,PHONE_00025,delivery
SMS_000910,2025-09-09,PERSON_00028,PERSON_00375,PHONE_00028,family
SMS_000911,2025-08-01,PERSON_00031,PERSON_00416,PHONE_00031,work
SMS_000912,2026-04-05,PERSON_00034,PERSON_00007,PHONE_00034,family
SMS_000913,2023-11-30,PERSON_00037,PERSON_00048,PHONE_00037,meeting
SMS_000914,2022-09-22,PERSON_00040,PERSON_00089,PHONE_00040,family
SMS_000915,2024-08-21,PERSON_00043,PERSON_00130,PHONE_00043,family
SMS_000916,2024-05-26,PERSON_00046,PERSON_00171,PHONE_00046,OTP
SMS_000917,2021-12-19,PERSON_00049,PERSON_00212,PHONE_00049,family
SMS_000918,2023-11-28,PERSON_00052,PERSON_00253,PHONE_00052,delivery
SMS_000919,2024-02-05,PERSON_00055,PERSON_00294,PHONE_00055,meeting
SMS_000920,2022-09-21,PERSON_00058,PERSON_00335,PHONE_00058,short coordination
SMS_000921,2026-04-22,PERSON_00061,PERSON_00376,PHONE_00061,delivery
SMS_000922,2026-06-13,PERSON_00064,PERSON_00417,PHONE_00064,delivery
SMS_000923,2022-05-21,PERSON_00067,PERSON_00008,PHONE_00067,delivery
SMS_000924,2021-09-25,PERSON_00070,PERSON_00049,PHONE_00070,short coordination
SMS_000925,2026-02-20,PERSON_00073,PERSON_00090,PHONE_00073,OTP
SMS_000926,2026-03-02,PERSON_00076,PERSON_00131,PHONE_00076,delivery
SMS_000927,2022-01-08,PERSON_00079,PERSON_00172,PHONE_00079,family
SMS_000928,2021-07-28,PERSON_00082,PERSON_00213,PHONE_00082,family
SMS_000929,2021-02-24,PERSON_00085,PERSON_00254,PHONE_00085,work
SMS_000930,2024-09-27,PERSON_00088,PERSON_00295,PHONE_00088,family
SMS_000931,2025-07-19,PERSON_00091,PERSON_00336,PHONE_00091,meeting
SMS_000932,2025-05-27,PERSON_00094,PERSON_00377,PHONE_00094,delivery
SMS_000933,2023-10-31,PERSON_00097,PERSON_00418,PHONE_00097,family
SMS_000934,2025-03-07,PERSON_00100,PERSON_00009,PHONE_00100,work
SMS_000935,2021-10-28,PERSON_00103,PERSON_00050,PHONE_00103,family
SMS_000936,2026-01-29,PERSON_00106,PERSON_00091,PHONE_00106,short coordination
SMS_000937,2022-07-25,PERSON_00109,PERSON_00132,PHONE_00109,short coordination
SMS_000938,2023-01-15,PERSON_00112,PERSON_00173,PHONE_00112,short coordination
SMS_000939,2024-02-25,PERSON_00115,PERSON_00214,PHONE_00115,meeting
SMS_000940,2022-04-30,PERSON_00118,PERSON_00255,PHONE_00118,work
SMS_000941,2024-12-19,PERSON_00121,PERSON_00296,PHONE_00121,family
SMS_000942,2024-08-21,PERSON_00124,PERSON_00337,PHONE_00124,short coordination
SMS_000943,2021-05-17,PERSON_00127,PERSON_00378,PHONE_00127,short coordination
SMS_000944,2022-06-05,PERSON_00130,PERSON_00419,PHONE_00130,delivery
SMS_000945,2023-08-12,PERSON_00133,PERSON_00010,PHONE_00133,work
SMS_000946,2022-12-11,PERSON_00136,PERSON_00051,PHONE_00136,work
SMS_000947,2022-04-23,PERSON_00139,PERSON_00092,PHONE_00139,short coordination
SMS_000948,2025-02-06,PERSON_00142,PERSON_00133,PHONE_00142,delivery
SMS_000949,2023-07-05,PERSON_00145,PERSON_00174,PHONE_00145,meeting
SMS_000950,2022-03-21,PERSON_00148,PERSON_00215,PHONE_00148,delivery
SMS_000951,2025-08-01,PERSON_00151,PERSON_00256,PHONE_00151,work
SMS_000952,2023-02-26,PERSON_00154,PERSON_00297,PHONE_00154,OTP
SMS_000953,2025-04-16,PERSON_00157,PERSON_00338,PHONE_00157,meeting
SMS_000954,2023-07-12,PERSON_00160,PERSON_00379,PHONE_00160,short coordination
SMS_000955,2026-04-14,PERSON_00163,PERSON_00420,PHONE_00163,short coordination
SMS_000956,2024-04-24,PERSON_00166,PERSON_00011,PHONE_00166,meeting
SMS_000957,2021-06-02,PERSON_00169,PERSON_00052,PHONE_00169,work
SMS_000958,2025-07-14,PERSON_00172,PERSON_00093,PHONE_00172,family
SMS_000959,2026-01-25,PERSON_00175,PERSON_00134,PHONE_00175,meeting
SMS_000960,2024-06-07,PERSON_00178,PERSON_00175,PHONE_00178,short coordination
SMS_000961,2024-11-14,PERSON_00181,PERSON_00216,PHONE_00181,short coordination
SMS_000962,2022-03-31,PERSON_00184,PERSON_00257,PHONE_00184,short coordination
SMS_000963,2025-11-01,PERSON_00187,PERSON_00298,PHONE_00187,meeting
SMS_000964,2025-02-03,PERSON_00190,PERSON_00339,PHONE_00190,work
SMS_000965,2021-05-03,PERSON_00193,PERSON_00380,PHONE_00193,OTP
SMS_000966,2025-06-08,PERSON_00196,PERSON_00421,PHONE_00196,OTP
SMS_000967,2022-08-28,PERSON_00199,PERSON_00012,PHONE_00199,short coordination
SMS_000968,2023-01-24,PERSON_00202,PERSON_00053,PHONE_00202,OTP
SMS_000969,2025-09-01,PERSON_00205,PERSON_00094,PHONE_00205,delivery
SMS_000970,2021-08-26,PERSON_00208,PERSON_00135,PHONE_00208,delivery
SMS_000971,2023-05-16,PERSON_00211,PERSON_00176,PHONE_00211,work
SMS_000972,2025-03-31,PERSON_00214,PERSON_00217,PHONE_00214,work
SMS_000973,2024-03-31,PERSON_00217,PERSON_00258,PHONE_00217,delivery
SMS_000974,2024-06-19,PERSON_00220,PERSON_00299,PHONE_00220,work
SMS_000975,2023-01-19,PERSON_00223,PERSON_00340,PHONE_00223,OTP
SMS_000976,2025-11-04,PERSON_00226,PERSON_00381,PHONE_00226,meeting
SMS_000977,2026-06-04,PERSON_00229,PERSON_00422,PHONE_00229,OTP
SMS_000978,2023-01-05,PERSON_00232,PERSON_00013,PHONE_00232,meeting
SMS_000979,2024-07-29,PERSON_00235,PERSON_00054,PHONE_00235,meeting
SMS_000980,2022-08-29,PERSON_00238,PERSON_00095,PHONE_00238,family
SMS_000981,2024-09-08,PERSON_00241,PERSON_00136,PHONE_00241,family
SMS_000982,2026-03-31,PERSON_00244,PERSON_00177,PHONE_00244,meeting
SMS_000983,2023-04-07,PERSON_00247,PERSON_00218,PHONE_00247,work
SMS_000984,2026-04-19,PERSON_00250,PERSON_00259,PHONE_00250,OTP
SMS_000985,2025-09-28,PERSON_00253,PERSON_00300,PHONE_00253,work
SMS_000986,2023-03-15,PERSON_00256,PERSON_00341,PHONE_00256,OTP
SMS_000987,2022-12-12,PERSON_00259,PERSON_00382,PHONE_00259,family
SMS_000988,2025-11-14,PERSON_00262,PERSON_00423,PHONE_00262,short coordination
SMS_000989,2023-06-30,PERSON_00265,PERSON_00014,PHONE_00265,meeting
SMS_000990,2023-05-13,PERSON_00268,PERSON_00055,PHONE_00268,work
SMS_000991,2023-09-14,PERSON_00271,PERSON_00096,PHONE_00271,delivery
SMS_000992,2022-05-23,PERSON_00274,PERSON_00137,PHONE_00274,OTP
SMS_000993,2026-03-02,PERSON_00277,PERSON_00178,PHONE_00277,short coordination
SMS_000994,2026-03-18,PERSON_00280,PERSON_00219,PHONE_00280,meeting
SMS_000995,2022-04-11,PERSON_00283,PERSON_00260,PHONE_00283,meeting
SMS_000996,2021-02-05,PERSON_00286,PERSON_00301,PHONE_00286,meeting
SMS_000997,2022-01-09,PERSON_00289,PERSON_00342,PHONE_00289,OTP
SMS_000998,2022-05-26,PERSON_00292,PERSON_00383,PHONE_00292,family
SMS_000999,2025-05-23,PERSON_00295,PERSON_00424,PHONE_00295,meeting
SMS_001000,2026-03-13,PERSON_00298,PERSON_00015,PHONE_00298,work
SMS_001001,2023-06-03,PERSON_00301,PERSON_00056,PHONE_00301,delivery
SMS_001002,2025-07-04,PERSON_00304,PERSON_00097,PHONE_00304,meeting
SMS_001003,2024-02-13,PERSON_00307,PERSON_00138,PHONE_00307,delivery
SMS_001004,2022-06-14,PERSON_00310,PERSON_00179,PHONE_00310,family
SMS_001005,2021-12-05,PERSON_00313,PERSON_00220,PHONE_00313,family
SMS_001006,2022-01-30,PERSON_00316,PERSON_00261,PHONE_00316,short coordination
SMS_001007,2021-01-23,PERSON_00319,PERSON_00302,PHONE_00319,family
SMS_001008,2021-09-10,PERSON_00322,PERSON_00343,PHONE_00322,short coordination
SMS_001009,2021-05-18,PERSON_00325,PERSON_00384,PHONE_00325,work
SMS_001010,2023-03-07,PERSON_00328,PERSON_00425,PHONE_00328,work
SMS_001011,2024-02-28,PERSON_00331,PERSON_00016,PHONE_00331,meeting
SMS_001012,2022-09-06,PERSON_00334,PERSON_00057,PHONE_00334,meeting
SMS_001013,2021-03-07,PERSON_00337,PERSON_00098,PHONE_00337,OTP
SMS_001014,2022-06-17,PERSON_00340,PERSON_00139,PHONE_00340,OTP
SMS_001015,2022-07-12,PERSON_00343,PERSON_00180,PHONE_00343,work
SMS_001016,2024-08-18,PERSON_00346,PERSON_00221,PHONE_00346,work
SMS_001017,2023-10-20,PERSON_00349,PERSON_00262,PHONE_00349,OTP
SMS_001018,2024-08-13,PERSON_00352,PERSON_00303,PHONE_00352,delivery
SMS_001019,2021-09-09,PERSON_00355,PERSON_00344,PHONE_00355,short coordination
SMS_001020,2025-07-12,PERSON_00358,PERSON_00385,PHONE_00358,family
SMS_001021,2025-08-14,PERSON_00361,PERSON_00426,PHONE_00361,delivery
SMS_001022,2026-03-13,PERSON_00364,PERSON_00017,PHONE_00364,family
SMS_001023,2025-11-05,PERSON_00367,PERSON_00058,PHONE_00367,family
SMS_001024,2021-06-05,PERSON_00370,PERSON_00099,PHONE_00370,work
SMS_001025,2024-08-28,PERSON_00373,PERSON_00140,PHONE_00373,family
SMS_001026,2024-04-28,PERSON_00376,PERSON_00181,PHONE_00376,meeting
SMS_001027,2025-06-09,PERSON_00379,PERSON_00222,PHONE_00379,short coordination
SMS_001028,2024-11-19,PERSON_00382,PERSON_00263,PHONE_00382,work
SMS_001029,2023-10-22,PERSON_00385,PERSON_00304,PHONE_00385,short coordination
SMS_001030,2025-02-25,PERSON_00388,PERSON_00345,PHONE_00388,work
SMS_001031,2022-10-04,PERSON_00391,PERSON_00386,PHONE_00391,family
SMS_001032,2025-12-07,PERSON_00394,PERSON_00427,PHONE_00394,meeting
SMS_001033,2022-06-30,PERSON_00397,PERSON_00018,PHONE_00397,meeting
SMS_001034,2023-02-28,PERSON_00400,PERSON_00059,PHONE_00400,OTP
SMS_001035,2023-12-17,PERSON_00403,PERSON_00100,PHONE_00403,short coordination
SMS_001036,2024-09-24,PERSON_00406,PERSON_00141,PHONE_00406,work
SMS_001037,2023-11-23,PERSON_00409,PERSON_00182,PHONE_00409,delivery
SMS_001038,2024-11-21,PERSON_00412,PERSON_00223,PHONE_00412,OTP
SMS_001039,2024-02-02,PERSON_00415,PERSON_00264,PHONE_00415,meeting
SMS_001040,2025-12-16,PERSON_00418,PERSON_00305,PHONE_00418,delivery
SMS_001041,2022-12-04,PERSON_00421,PERSON_00346,PHONE_00421,family
SMS_001042,2021-12-03,PERSON_00424,PERSON_00387,PHONE_00424,work
SMS_001043,2023-12-19,PERSON_00427,PERSON_00428,PHONE_00427,OTP
SMS_001044,2021-03-30,PERSON_00430,PERSON_00019,PHONE_00430,family
SMS_001045,2022-08-06,PERSON_00433,PERSON_00060,PHONE_00433,OTP
SMS_001046,2023-08-31,PERSON_00436,PERSON_00101,PHONE_00436,short coordination
SMS_001047,2022-10-20,PERSON_00439,PERSON_00142,PHONE_00439,meeting
SMS_001048,2024-06-16,PERSON_00442,PERSON_00183,PHONE_00442,work
SMS_001049,2026-04-14,PERSON_00445,PERSON_00224,PHONE_00445,work
SMS_001050,2021-08-11,PERSON_00448,PERSON_00265,PHONE_00448,meeting
SMS_001051,2025-09-23,PERSON_00001,PERSON_00306,PHONE_00001,OTP
SMS_001052,2026-03-23,PERSON_00004,PERSON_00347,PHONE_00004,short coordination
SMS_001053,2021-12-02,PERSON_00007,PERSON_00388,PHONE_00007,family
SMS_001054,2022-11-17,PERSON_00010,PERSON_00429,PHONE_00010,delivery
SMS_001055,2025-08-05,PERSON_00013,PERSON_00020,PHONE_00013,short coordination
SMS_001056,2026-01-14,PERSON_00016,PERSON_00061,PHONE_00016,OTP
SMS_001057,2025-11-30,PERSON_00019,PERSON_00102,PHONE_00019,delivery
SMS_001058,2021-04-19,PERSON_00022,PERSON_00143,PHONE_00022,short coordination
SMS_001059,2021-03-18,PERSON_00025,PERSON_00184,PHONE_00025,family
SMS_001060,2025-12-03,PERSON_00028,PERSON_00225,PHONE_00028,OTP
SMS_001061,2021-03-14,PERSON_00031,PERSON_00266,PHONE_00031,OTP
SMS_001062,2025-10-11,PERSON_00034,PERSON_00307,PHONE_00034,work
SMS_001063,2021-01-27,PERSON_00037,PERSON_00348,PHONE_00037,meeting
SMS_001064,2024-06-20,PERSON_00040,PERSON_00389,PHONE_00040,OTP
SMS_001065,2022-06-04,PERSON_00043,PERSON_00430,PHONE_00043,short coordination
SMS_001066,2021-07-26,PERSON_00046,PERSON_00021,PHONE_00046,family
SMS_001067,2023-05-23,PERSON_00049,PERSON_00062,PHONE_00049,OTP
SMS_001068,2025-04-30,PERSON_00052,PERSON_00103,PHONE_00052,work
SMS_001069,2024-06-21,PERSON_00055,PERSON_00144,PHONE_00055,work
SMS_001070,2024-12-16,PERSON_00058,PERSON_00185,PHONE_00058,short coordination
SMS_001071,2023-05-14,PERSON_00061,PERSON_00226,PHONE_00061,delivery
SMS_001072,2025-05-04,PERSON_00064,PERSON_00267,PHONE_00064,delivery
SMS_001073,2021-04-22,PERSON_00067,PERSON_00308,PHONE_00067,family
SMS_001074,2023-01-08,PERSON_00070,PERSON_00349,PHONE_00070,delivery
SMS_001075,2022-12-01,PERSON_00073,PERSON_00390,PHONE_00073,short coordination
SMS_001076,2021-11-03,PERSON_00076,PERSON_00431,PHONE_00076,work
SMS_001077,2025-03-29,PERSON_00079,PERSON_00022,PHONE_00079,family
SMS_001078,2024-10-31,PERSON_00082,PERSON_00063,PHONE_00082,family
SMS_001079,2024-11-30,PERSON_00085,PERSON_00104,PHONE_00085,OTP
SMS_001080,2025-10-25,PERSON_00088,PERSON_00145,PHONE_00088,meeting
SMS_001081,2023-11-22,PERSON_00091,PERSON_00186,PHONE_00091,delivery
SMS_001082,2025-03-03,PERSON_00094,PERSON_00227,PHONE_00094,meeting
SMS_001083,2022-09-05,PERSON_00097,PERSON_00268,PHONE_00097,family
SMS_001084,2021-06-22,PERSON_00100,PERSON_00309,PHONE_00100,short coordination
SMS_001085,2024-12-05,PERSON_00103,PERSON_00350,PHONE_00103,family
SMS_001086,2021-09-30,PERSON_00106,PERSON_00391,PHONE_00106,OTP
SMS_001087,2023-09-10,PERSON_00109,PERSON_00432,PHONE_00109,delivery
SMS_001088,2025-08-11,PERSON_00112,PERSON_00023,PHONE_00112,work
SMS_001089,2025-05-05,PERSON_00115,PERSON_00064,PHONE_00115,OTP
SMS_001090,2025-03-22,PERSON_00118,PERSON_00105,PHONE_00118,OTP
SMS_001091,2023-10-29,PERSON_00121,PERSON_00146,PHONE_00121,meeting
SMS_001092,2023-07-23,PERSON_00124,PERSON_00187,PHONE_00124,meeting
SMS_001093,2023-02-10,PERSON_00127,PERSON_00228,PHONE_00127,meeting
SMS_001094,2022-07-10,PERSON_00130,PERSON_00269,PHONE_00130,OTP
SMS_001095,2024-11-02,PERSON_00133,PERSON_00310,PHONE_00133,delivery
SMS_001096,2026-02-24,PERSON_00136,PERSON_00351,PHONE_00136,family
SMS_001097,2022-05-13,PERSON_00139,PERSON_00392,PHONE_00139,delivery
SMS_001098,2024-09-27,PERSON_00142,PERSON_00433,PHONE_00142,work
SMS_001099,2021-11-08,PERSON_00145,PERSON_00024,PHONE_00145,family
SMS_001100,2026-03-07,PERSON_00148,PERSON_00065,PHONE_00148,short coordination
SMS_001101,2023-10-07,PERSON_00151,PERSON_00106,PHONE_00151,family
SMS_001102,2023-12-25,PERSON_00154,PERSON_00147,PHONE_00154,family
SMS_001103,2025-05-22,PERSON_00157,PERSON_00188,PHONE_00157,delivery
SMS_001104,2022-03-17,PERSON_00160,PERSON_00229,PHONE_00160,meeting
SMS_001105,2024-08-19,PERSON_00163,PERSON_00270,PHONE_00163,delivery
SMS_001106,2024-10-23,PERSON_00166,PERSON_00311,PHONE_00166,family
SMS_001107,2023-05-06,PERSON_00169,PERSON_00352,PHONE_00169,family
SMS_001108,2021-05-16,PERSON_00172,PERSON_00393,PHONE_00172,delivery
SMS_001109,2025-03-17,PERSON_00175,PERSON_00434,PHONE_00175,delivery
SMS_001110,2021-10-20,PERSON_00178,PERSON_00025,PHONE_00178,OTP
SMS_001111,2021-11-29,PERSON_00181,PERSON_00066,PHONE_00181,delivery
SMS_001112,2025-01-28,PERSON_00184,PERSON_00107,PHONE_00184,family
SMS_001113,2024-11-03,PERSON_00187,PERSON_00148,PHONE_00187,family
SMS_001114,2021-02-26,PERSON_00190,PERSON_00189,PHONE_00190,work
SMS_001115,2024-08-26,PERSON_00193,PERSON_00230,PHONE_00193,family
SMS_001116,2022-08-08,PERSON_00196,PERSON_00271,PHONE_00196,delivery
SMS_001117,2023-03-09,PERSON_00199,PERSON_00312,PHONE_00199,OTP
SMS_001118,2025-11-30,PERSON_00202,PERSON_00353,PHONE_00202,work
SMS_001119,2025-08-22,PERSON_00205,PERSON_00394,PHONE_00205,meeting
SMS_001120,2023-05-15,PERSON_00208,PERSON_00435,PHONE_00208,short coordination
SMS_001121,2025-06-16,PERSON_00211,PERSON_00026,PHONE_00211,meeting
SMS_001122,2024-05-31,PERSON_00214,PERSON_00067,PHONE_00214,family
SMS_001123,2024-08-27,PERSON_00217,PERSON_00108,PHONE_00217,OTP
SMS_001124,2021-10-09,PERSON_00220,PERSON_00149,PHONE_00220,delivery
SMS_001125,2022-05-18,PERSON_00223,PERSON_00190,PHONE_00223,work
SMS_001126,2026-05-12,PERSON_00226,PERSON_00231,PHONE_00226,family
SMS_001127,2021-11-24,PERSON_00229,PERSON_00272,PHONE_00229,short coordination
SMS_001128,2025-05-28,PERSON_00232,PERSON_00313,PHONE_00232,short coordination
SMS_001129,2022-07-16,PERSON_00235,PERSON_00354,PHONE_00235,short coordination
SMS_001130,2022-11-01,PERSON_00238,PERSON_00395,PHONE_00238,OTP
SMS_001131,2024-03-30,PERSON_00241,PERSON_00436,PHONE_00241,OTP
SMS_001132,2023-08-14,PERSON_00244,PERSON_00027,PHONE_00244,meeting
SMS_001133,2024-10-01,PERSON_00247,PERSON_00068,PHONE_00247,meeting
SMS_001134,2023-09-27,PERSON_00250,PERSON_00109,PHONE_00250,short coordination
SMS_001135,2024-06-03,PERSON_00253,PERSON_00150,PHONE_00253,short coordination
SMS_001136,2024-07-29,PERSON_00256,PERSON_00191,PHONE_00256,work
SMS_001137,2023-01-12,PERSON_00259,PERSON_00232,PHONE_00259,work
SMS_001138,2022-09-03,PERSON_00262,PERSON_00273,PHONE_00262,work
SMS_001139,2022-02-11,PERSON_00265,PERSON_00314,PHONE_00265,meeting
SMS_001140,2023-05-20,PERSON_00268,PERSON_00355,PHONE_00268,family
SMS_001141,2021-01-18,PERSON_00271,PERSON_00396,PHONE_00271,work
SMS_001142,2023-10-24,PERSON_00274,PERSON_00437,PHONE_00274,OTP
SMS_001143,2023-03-17,PERSON_00277,PERSON_00028,PHONE_00277,work
SMS_001144,2026-03-20,PERSON_00280,PERSON_00069,PHONE_00280,delivery
SMS_001145,2024-02-11,PERSON_00283,PERSON_00110,PHONE_00283,delivery
SMS_001146,2023-01-09,PERSON_00286,PERSON_00151,PHONE_00286,delivery
SMS_001147,2023-05-03,PERSON_00289,PERSON_00192,PHONE_00289,delivery
SMS_001148,2023-07-14,PERSON_00292,PERSON_00233,PHONE_00292,meeting
SMS_001149,2021-02-13,PERSON_00295,PERSON_00274,PHONE_00295,family
SMS_001150,2022-03-04,PERSON_00298,PERSON_00315,PHONE_00298,delivery
SMS_001151,2025-01-04,PERSON_00301,PERSON_00356,PHONE_00301,work
SMS_001152,2025-09-01,PERSON_00304,PERSON_00397,PHONE_00304,delivery
SMS_001153,2025-10-13,PERSON_00307,PERSON_00438,PHONE_00307,family
SMS_001154,2025-06-22,PERSON_00310,PERSON_00029,PHONE_00310,work
SMS_001155,2022-01-21,PERSON_00313,PERSON_00070,PHONE_00313,short coordination
SMS_001156,2025-06-20,PERSON_00316,PERSON_00111,PHONE_00316,work
SMS_001157,2021-06-01,PERSON_00319,PERSON_00152,PHONE_00319,short coordination
SMS_001158,2024-04-16,PERSON_00322,PERSON_00193,PHONE_00322,OTP
SMS_001159,2022-08-27,PERSON_00325,PERSON_00234,PHONE_00325,meeting
SMS_001160,2021-09-30,PERSON_00328,PERSON_00275,PHONE_00328,short coordination
SMS_001161,2021-10-30,PERSON_00331,PERSON_00316,PHONE_00331,family
SMS_001162,2026-04-27,PERSON_00334,PERSON_00357,PHONE_00334,OTP
SMS_001163,2021-03-27,PERSON_00337,PERSON_00398,PHONE_00337,meeting
SMS_001164,2023-05-21,PERSON_00340,PERSON_00439,PHONE_00340,OTP
SMS_001165,2021-06-06,PERSON_00343,PERSON_00030,PHONE_00343,delivery
SMS_001166,2024-08-31,PERSON_00346,PERSON_00071,PHONE_00346,family
SMS_001167,2023-05-24,PERSON_00349,PERSON_00112,PHONE_00349,delivery
SMS_001168,2021-09-01,PERSON_00352,PERSON_00153,PHONE_00352,delivery
SMS_001169,2021-07-26,PERSON_00355,PERSON_00194,PHONE_00355,family
SMS_001170,2023-09-24,PERSON_00358,PERSON_00235,PHONE_00358,work
SMS_001171,2022-03-16,PERSON_00361,PERSON_00276,PHONE_00361,work
SMS_001172,2021-02-12,PERSON_00364,PERSON_00317,PHONE_00364,family
SMS_001173,2025-05-18,PERSON_00367,PERSON_00358,PHONE_00367,meeting
SMS_001174,2026-05-25,PERSON_00370,PERSON_00399,PHONE_00370,short coordination
SMS_001175,2024-01-30,PERSON_00373,PERSON_00440,PHONE_00373,work
SMS_001176,2021-08-16,PERSON_00376,PERSON_00031,PHONE_00376,work
SMS_001177,2026-05-07,PERSON_00379,PERSON_00072,PHONE_00379,family
SMS_001178,2021-01-16,PERSON_00382,PERSON_00113,PHONE_00382,delivery
SMS_001179,2025-05-24,PERSON_00385,PERSON_00154,PHONE_00385,delivery
SMS_001180,2021-06-29,PERSON_00388,PERSON_00195,PHONE_00388,family
SMS_001181,2021-06-12,PERSON_00391,PERSON_00236,PHONE_00391,work
SMS_001182,2023-06-09,PERSON_00394,PERSON_00277,PHONE_00394,family
SMS_001183,2024-08-25,PERSON_00397,PERSON_00318,PHONE_00397,family
SMS_001184,2022-07-13,PERSON_00400,PERSON_00359,PHONE_00400,short coordination
SMS_001185,2024-03-11,PERSON_00403,PERSON_00400,PHONE_00403,family
SMS_001186,2025-05-24,PERSON_00406,PERSON_00441,PHONE_00406,work
SMS_001187,2023-11-01,PERSON_00409,PERSON_00032,PHONE_00409,work
SMS_001188,2021-01-23,PERSON_00412,PERSON_00073,PHONE_00412,OTP
SMS_001189,2022-03-28,PERSON_00415,PERSON_00114,PHONE_00415,meeting
SMS_001190,2022-03-31,PERSON_00418,PERSON_00155,PHONE_00418,delivery
SMS_001191,2022-08-15,PERSON_00421,PERSON_00196,PHONE_00421,family
SMS_001192,2025-04-24,PERSON_00424,PERSON_00237,PHONE_00424,OTP
SMS_001193,2024-06-29,PERSON_00427,PERSON_00278,PHONE_00427,work
SMS_001194,2025-06-09,PERSON_00430,PERSON_00319,PHONE_00430,work
SMS_001195,2023-09-26,PERSON_00433,PERSON_00360,PHONE_00433,OTP
SMS_001196,2022-01-09,PERSON_00436,PERSON_00401,PHONE_00436,family
SMS_001197,2023-11-04,PERSON_00439,PERSON_00442,PHONE_00439,OTP
SMS_001198,2022-08-15,PERSON_00442,PERSON_00033,PHONE_00442,work
SMS_001199,2024-11-22,PERSON_00445,PERSON_00074,PHONE_00445,work
SMS_001200,2024-09-28,PERSON_00448,PERSON_00115,PHONE_00448,OTP
SMS_001201,2023-09-24,PERSON_00001,PERSON_00156,PHONE_00001,delivery
SMS_001202,2023-04-23,PERSON_00004,PERSON_00197,PHONE_00004,short coordination
SMS_001203,2022-07-09,PERSON_00007,PERSON_00238,PHONE_00007,family
SMS_001204,2024-05-25,PERSON_00010,PERSON_00279,PHONE_00010,short coordination
SMS_001205,2026-01-05,PERSON_00013,PERSON_00320,PHONE_00013,delivery
SMS_001206,2024-09-18,PERSON_00016,PERSON_00361,PHONE_00016,delivery
SMS_001207,2023-07-29,PERSON_00019,PERSON_00402,PHONE_00019,meeting
SMS_001208,2024-08-05,PERSON_00022,PERSON_00443,PHONE_00022,family
SMS_001209,2025-06-12,PERSON_00025,PERSON_00034,PHONE_00025,family
SMS_001210,2021-05-27,PERSON_00028,PERSON_00075,PHONE_00028,OTP
SMS_001211,2024-01-05,PERSON_00031,PERSON_00116,PHONE_00031,short coordination
SMS_001212,2023-03-16,PERSON_00034,PERSON_00157,PHONE_00034,short coordination
SMS_001213,2022-11-27,PERSON_00037,PERSON_00198,PHONE_00037,OTP
SMS_001214,2021-06-28,PERSON_00040,PERSON_00239,PHONE_00040,short coordination
SMS_001215,2024-08-31,PERSON_00043,PERSON_00280,PHONE_00043,short coordination
SMS_001216,2021-07-15,PERSON_00046,PERSON_00321,PHONE_00046,delivery
SMS_001217,2022-09-23,PERSON_00049,PERSON_00362,PHONE_00049,work
SMS_001218,2024-05-03,PERSON_00052,PERSON_00403,PHONE_00052,short coordination
SMS_001219,2021-12-24,PERSON_00055,PERSON_00444,PHONE_00055,work
SMS_001220,2025-08-17,PERSON_00058,PERSON_00035,PHONE_00058,short coordination
SMS_001221,2023-08-15,PERSON_00061,PERSON_00076,PHONE_00061,OTP
SMS_001222,2025-09-29,PERSON_00064,PERSON_00117,PHONE_00064,short coordination
SMS_001223,2024-09-06,PERSON_00067,PERSON_00158,PHONE_00067,delivery
SMS_001224,2021-09-16,PERSON_00070,PERSON_00199,PHONE_00070,OTP
SMS_001225,2021-01-08,PERSON_00073,PERSON_00240,PHONE_00073,family
SMS_001226,2021-03-08,PERSON_00076,PERSON_00281,PHONE_00076,family
SMS_001227,2021-03-23,PERSON_00079,PERSON_00322,PHONE_00079,short coordination
SMS_001228,2023-11-24,PERSON_00082,PERSON_00363,PHONE_00082,short coordination
SMS_001229,2021-12-05,PERSON_00085,PERSON_00404,PHONE_00085,short coordination
SMS_001230,2023-08-21,PERSON_00088,PERSON_00445,PHONE_00088,OTP
SMS_001231,2025-01-21,PERSON_00091,PERSON_00036,PHONE_00091,work
SMS_001232,2023-08-06,PERSON_00094,PERSON_00077,PHONE_00094,family
SMS_001233,2024-06-11,PERSON_00097,PERSON_00118,PHONE_00097,family
SMS_001234,2022-01-11,PERSON_00100,PERSON_00159,PHONE_00100,short coordination
SMS_001235,2025-09-09,PERSON_00103,PERSON_00200,PHONE_00103,work
SMS_001236,2022-12-23,PERSON_00106,PERSON_00241,PHONE_00106,short coordination
SMS_001237,2021-01-09,PERSON_00109,PERSON_00282,PHONE_00109,meeting
SMS_001238,2021-04-30,PERSON_00112,PERSON_00323,PHONE_00112,work
SMS_001239,2022-08-30,PERSON_00115,PERSON_00364,PHONE_00115,meeting
SMS_001240,2024-12-01,PERSON_00118,PERSON_00405,PHONE_00118,delivery
SMS_001241,2022-04-28,PERSON_00121,PERSON_00446,PHONE_00121,OTP
SMS_001242,2022-11-17,PERSON_00124,PERSON_00037,PHONE_00124,family
SMS_001243,2025-05-19,PERSON_00127,PERSON_00078,PHONE_00127,work
SMS_001244,2023-01-22,PERSON_00130,PERSON_00119,PHONE_00130,family
SMS_001245,2021-02-02,PERSON_00133,PERSON_00160,PHONE_00133,meeting
SMS_001246,2025-10-17,PERSON_00136,PERSON_00201,PHONE_00136,short coordination
SMS_001247,2021-08-25,PERSON_00139,PERSON_00242,PHONE_00139,short coordination
SMS_001248,2023-08-11,PERSON_00142,PERSON_00283,PHONE_00142,meeting
SMS_001249,2024-04-07,PERSON_00145,PERSON_00324,PHONE_00145,delivery
SMS_001250,2022-02-10,PERSON_00148,PERSON_00365,PHONE_00148,family
SMS_001251,2022-03-10,PERSON_00151,PERSON_00406,PHONE_00151,meeting
SMS_001252,2026-04-01,PERSON_00154,PERSON_00447,PHONE_00154,work
SMS_001253,2026-01-16,PERSON_00157,PERSON_00038,PHONE_00157,delivery
SMS_001254,2022-08-11,PERSON_00160,PERSON_00079,PHONE_00160,work
SMS_001255,2021-09-22,PERSON_00163,PERSON_00120,PHONE_00163,OTP
SMS_001256,2025-06-26,PERSON_00166,PERSON_00161,PHONE_00166,meeting
SMS_001257,2024-07-25,PERSON_00169,PERSON_00202,PHONE_00169,meeting
SMS_001258,2024-09-03,PERSON_00172,PERSON_00243,PHONE_00172,family
SMS_001259,2026-03-24,PERSON_00175,PERSON_00284,PHONE_00175,meeting
SMS_001260,2024-08-13,PERSON_00178,PERSON_00325,PHONE_00178,work
SMS_001261,2026-03-09,PERSON_00181,PERSON_00366,PHONE_00181,OTP
SMS_001262,2023-07-20,PERSON_00184,PERSON_00407,PHONE_00184,delivery
SMS_001263,2021-04-29,PERSON_00187,PERSON_00448,PHONE_00187,meeting
SMS_001264,2023-11-15,PERSON_00190,PERSON_00039,PHONE_00190,work
SMS_001265,2022-10-30,PERSON_00193,PERSON_00080,PHONE_00193,delivery
SMS_001266,2025-03-22,PERSON_00196,PERSON_00121,PHONE_00196,OTP
SMS_001267,2022-08-06,PERSON_00199,PERSON_00162,PHONE_00199,short coordination
SMS_001268,2022-06-10,PERSON_00202,PERSON_00203,PHONE_00202,work
SMS_001269,2023-03-29,PERSON_00205,PERSON_00244,PHONE_00205,work
SMS_001270,2025-09-15,PERSON_00208,PERSON_00285,PHONE_00208,OTP
SMS_001271,2021-03-01,PERSON_00211,PERSON_00326,PHONE_00211,work
SMS_001272,2022-02-24,PERSON_00214,PERSON_00367,PHONE_00214,short coordination
SMS_001273,2021-06-28,PERSON_00217,PERSON_00408,PHONE_00217,OTP
SMS_001274,2023-04-26,PERSON_00220,PERSON_00449,PHONE_00220,meeting
SMS_001275,2023-06-05,PERSON_00223,PERSON_00040,PHONE_00223,meeting
SMS_001276,2025-09-19,PERSON_00226,PERSON_00081,PHONE_00226,meeting
SMS_001277,2023-04-28,PERSON_00229,PERSON_00122,PHONE_00229,family
SMS_001278,2024-06-14,PERSON_00232,PERSON_00163,PHONE_00232,delivery
SMS_001279,2021-04-19,PERSON_00235,PERSON_00204,PHONE_00235,meeting
SMS_001280,2021-12-19,PERSON_00238,PERSON_00245,PHONE_00238,delivery
SMS_001281,2024-08-27,PERSON_00241,PERSON_00286,PHONE_00241,meeting
SMS_001282,2023-06-25,PERSON_00244,PERSON_00327,PHONE_00244,OTP
SMS_001283,2024-04-20,PERSON_00247,PERSON_00368,PHONE_00247,meeting
SMS_001284,2023-11-01,PERSON_00250,PERSON_00409,PHONE_00250,short coordination
SMS_001285,2022-05-13,PERSON_00253,PERSON_00450,PHONE_00253,work
SMS_001286,2024-10-13,PERSON_00256,PERSON_00041,PHONE_00256,delivery
SMS_001287,2024-06-15,PERSON_00259,PERSON_00082,PHONE_00259,family
SMS_001288,2023-11-25,PERSON_00262,PERSON_00123,PHONE_00262,family
SMS_001289,2022-04-03,PERSON_00265,PERSON_00164,PHONE_00265,work
SMS_001290,2025-07-25,PERSON_00268,PERSON_00205,PHONE_00268,short coordination
SMS_001291,2023-11-04,PERSON_00271,PERSON_00246,PHONE_00271,OTP
SMS_001292,2022-04-14,PERSON_00274,PERSON_00287,PHONE_00274,OTP
SMS_001293,2023-05-24,PERSON_00277,PERSON_00328,PHONE_00277,meeting
SMS_001294,2021-11-15,PERSON_00280,PERSON_00369,PHONE_00280,work
SMS_001295,2024-04-30,PERSON_00283,PERSON_00410,PHONE_00283,OTP
SMS_001296,2021-07-28,PERSON_00286,PERSON_00001,PHONE_00286,OTP
SMS_001297,2023-08-22,PERSON_00289,PERSON_00042,PHONE_00289,meeting
SMS_001298,2024-07-28,PERSON_00292,PERSON_00083,PHONE_00292,family
SMS_001299,2023-03-24,PERSON_00295,PERSON_00124,PHONE_00295,meeting
SMS_001300,2022-09-16,PERSON_00298,PERSON_00165,PHONE_00298,work
SMS_001301,2022-03-01,PERSON_00301,PERSON_00206,PHONE_00301,OTP
SMS_001302,2023-01-01,PERSON_00304,PERSON_00247,PHONE_00304,meeting
SMS_001303,2024-10-11,PERSON_00307,PERSON_00288,PHONE_00307,short coordination
SMS_001304,2022-06-24,PERSON_00310,PERSON_00329,PHONE_00310,family
SMS_001305,2024-04-13,PERSON_00313,PERSON_00370,PHONE_00313,OTP
SMS_001306,2021-02-01,PERSON_00316,PERSON_00411,PHONE_00316,short coordination
SMS_001307,2021-09-25,PERSON_00319,PERSON_00002,PHONE_00319,delivery
SMS_001308,2023-09-25,PERSON_00322,PERSON_00043,PHONE_00322,delivery
SMS_001309,2026-02-01,PERSON_00325,PERSON_00084,PHONE_00325,meeting
SMS_001310,2024-08-27,PERSON_00328,PERSON_00125,PHONE_00328,meeting
SMS_001311,2026-02-05,PERSON_00331,PERSON_00166,PHONE_00331,family
SMS_001312,2023-05-12,PERSON_00334,PERSON_00207,PHONE_00334,family
SMS_001313,2021-05-22,PERSON_00337,PERSON_00248,PHONE_00337,OTP
SMS_001314,2023-05-24,PERSON_00340,PERSON_00289,PHONE_00340,work
SMS_001315,2023-12-18,PERSON_00343,PERSON_00330,PHONE_00343,work
SMS_001316,2026-02-25,PERSON_00346,PERSON_00371,PHONE_00346,work
SMS_001317,2024-11-13,PERSON_00349,PERSON_00412,PHONE_00349,short coordination
SMS_001318,2021-11-02,PERSON_00352,PERSON_00003,PHONE_00352,delivery
SMS_001319,2022-02-14,PERSON_00355,PERSON_00044,PHONE_00355,delivery
SMS_001320,2024-10-17,PERSON_00358,PERSON_00085,PHONE_00358,OTP
SMS_001321,2021-03-19,PERSON_00361,PERSON_00126,PHONE_00361,short coordination
SMS_001322,2021-08-05,PERSON_00364,PERSON_00167,PHONE_00364,OTP
SMS_001323,2026-03-29,PERSON_00367,PERSON_00208,PHONE_00367,work
SMS_001324,2025-06-08,PERSON_00370,PERSON_00249,PHONE_00370,family
SMS_001325,2021-01-15,PERSON_00373,PERSON_00290,PHONE_00373,meeting
SMS_001326,2023-11-25,PERSON_00376,PERSON_00331,PHONE_00376,work
SMS_001327,2021-10-28,PERSON_00379,PERSON_00372,PHONE_00379,OTP
SMS_001328,2026-05-19,PERSON_00382,PERSON_00413,PHONE_00382,delivery
SMS_001329,2021-09-16,PERSON_00385,PERSON_00004,PHONE_00385,OTP
SMS_001330,2022-07-29,PERSON_00388,PERSON_00045,PHONE_00388,OTP
SMS_001331,2025-06-16,PERSON_00391,PERSON_00086,PHONE_00391,meeting
SMS_001332,2023-01-30,PERSON_00394,PERSON_00127,PHONE_00394,short coordination
SMS_001333,2021-02-05,PERSON_00397,PERSON_00168,PHONE_00397,delivery
SMS_001334,2022-12-23,PERSON_00400,PERSON_00209,PHONE_00400,family
SMS_001335,2021-03-29,PERSON_00403,PERSON_00250,PHONE_00403,delivery
SMS_001336,2022-07-14,PERSON_00406,PERSON_00291,PHONE_00406,OTP
SMS_001337,2022-11-15,PERSON_00409,PERSON_00332,PHONE_00409,work
SMS_001338,2021-06-08,PERSON_00412,PERSON_00373,PHONE_00412,delivery
SMS_001339,2021-12-15,PERSON_00415,PERSON_00414,PHONE_00415,work
SMS_001340,2025-12-22,PERSON_00418,PERSON_00005,PHONE_00418,work
SMS_001341,2023-10-17,PERSON_00421,PERSON_00046,PHONE_00421,work
SMS_001342,2025-05-02,PERSON_00424,PERSON_00087,PHONE_00424,meeting
SMS_001343,2023-01-28,PERSON_00427,PERSON_00128,PHONE_00427,family
SMS_001344,2022-02-17,PERSON_00430,PERSON_00169,PHONE_00430,meeting
SMS_001345,2026-03-19,PERSON_00433,PERSON_00210,PHONE_00433,meeting
SMS_001346,2021-11-28,PERSON_00436,PERSON_00251,PHONE_00436,family
SMS_001347,2025-05-31,PERSON_00439,PERSON_00292,PHONE_00439,short coordination
SMS_001348,2023-12-15,PERSON_00442,PERSON_00333,PHONE_00442,OTP
SMS_001349,2021-09-20,PERSON_00445,PERSON_00374,PHONE_00445,delivery
SMS_001350,2025-08-25,PERSON_00448,PERSON_00415,PHONE_00448,OTP
SMS_001351,2024-01-09,PERSON_00001,PERSON_00006,PHONE_00001,delivery
SMS_001352,2026-03-02,PERSON_00004,PERSON_00047,PHONE_00004,meeting
SMS_001353,2024-05-23,PERSON_00007,PERSON_00088,PHONE_00007,meeting
SMS_001354,2026-05-27,PERSON_00010,PERSON_00129,PHONE_00010,meeting
SMS_001355,2026-06-17,PERSON_00013,PERSON_00170,PHONE_00013,family
SMS_001356,2026-04-27,PERSON_00016,PERSON_00211,PHONE_00016,work
SMS_001357,2024-11-11,PERSON_00019,PERSON_00252,PHONE_00019,short coordination
SMS_001358,2023-12-18,PERSON_00022,PERSON_00293,PHONE_00022,delivery
SMS_001359,2025-05-10,PERSON_00025,PERSON_00334,PHONE_00025,family
SMS_001360,2021-08-14,PERSON_00028,PERSON_00375,PHONE_00028,short coordination
SMS_001361,2024-02-27,PERSON_00031,PERSON_00416,PHONE_00031,family
SMS_001362,2025-10-08,PERSON_00034,PERSON_00007,PHONE_00034,meeting
SMS_001363,2024-07-12,PERSON_00037,PERSON_00048,PHONE_00037,meeting
SMS_001364,2025-07-24,PERSON_00040,PERSON_00089,PHONE_00040,delivery
SMS_001365,2023-08-08,PERSON_00043,PERSON_00130,PHONE_00043,family
SMS_001366,2022-04-06,PERSON_00046,PERSON_00171,PHONE_00046,meeting
SMS_001367,2024-06-29,PERSON_00049,PERSON_00212,PHONE_00049,work
SMS_001368,2023-08-18,PERSON_00052,PERSON_00253,PHONE_00052,meeting
SMS_001369,2022-07-28,PERSON_00055,PERSON_00294,PHONE_00055,meeting
SMS_001370,2025-12-18,PERSON_00058,PERSON_00335,PHONE_00058,family
SMS_001371,2024-02-28,PERSON_00061,PERSON_00376,PHONE_00061,delivery
SMS_001372,2021-06-27,PERSON_00064,PERSON_00417,PHONE_00064,delivery
SMS_001373,2025-09-16,PERSON_00067,PERSON_00008,PHONE_00067,work
SMS_001374,2025-02-12,PERSON_00070,PERSON_00049,PHONE_00070,OTP
SMS_001375,2022-04-16,PERSON_00073,PERSON_00090,PHONE_00073,short coordination
SMS_001376,2026-02-18,PERSON_00076,PERSON_00131,PHONE_00076,short coordination
SMS_001377,2022-08-05,PERSON_00079,PERSON_00172,PHONE_00079,family
SMS_001378,2021-03-16,PERSON_00082,PERSON_00213,PHONE_00082,OTP
SMS_001379,2025-08-17,PERSON_00085,PERSON_00254,PHONE_00085,delivery
SMS_001380,2022-02-22,PERSON_00088,PERSON_00295,PHONE_00088,family
SMS_001381,2025-03-04,PERSON_00091,PERSON_00336,PHONE_00091,meeting
SMS_001382,2025-03-07,PERSON_00094,PERSON_00377,PHONE_00094,short coordination
SMS_001383,2022-10-22,PERSON_00097,PERSON_00418,PHONE_00097,OTP
SMS_001384,2024-03-12,PERSON_00100,PERSON_00009,PHONE_00100,work
SMS_001385,2026-04-26,PERSON_00103,PERSON_00050,PHONE_00103,family
SMS_001386,2022-11-09,PERSON_00106,PERSON_00091,PHONE_00106,work
SMS_001387,2021-05-02,PERSON_00109,PERSON_00132,PHONE_00109,delivery
SMS_001388,2025-08-25,PERSON_00112,PERSON_00173,PHONE_00112,family
SMS_001389,2021-08-10,PERSON_00115,PERSON_00214,PHONE_00115,short coordination
SMS_001390,2023-10-08,PERSON_00118,PERSON_00255,PHONE_00118,short coordination
SMS_001391,2024-02-24,PERSON_00121,PERSON_00296,PHONE_00121,OTP
SMS_001392,2023-12-30,PERSON_00124,PERSON_00337,PHONE_00124,work
SMS_001393,2025-07-24,PERSON_00127,PERSON_00378,PHONE_00127,meeting
SMS_001394,2024-08-09,PERSON_00130,PERSON_00419,PHONE_00130,delivery
SMS_001395,2023-09-19,PERSON_00133,PERSON_00010,PHONE_00133,short coordination
SMS_001396,2023-07-28,PERSON_00136,PERSON_00051,PHONE_00136,work
SMS_001397,2026-05-12,PERSON_00139,PERSON_00092,PHONE_00139,OTP
SMS_001398,2025-11-18,PERSON_00142,PERSON_00133,PHONE_00142,meeting
SMS_001399,2021-04-04,PERSON_00145,PERSON_00174,PHONE_00145,OTP
SMS_001400,2025-07-21,PERSON_00148,PERSON_00215,PHONE_00148,work
SMS_001401,2021-08-06,PERSON_00151,PERSON_00256,PHONE_00151,meeting
SMS_001402,2021-12-14,PERSON_00154,PERSON_00297,PHONE_00154,delivery
SMS_001403,2025-02-07,PERSON_00157,PERSON_00338,PHONE_00157,OTP
SMS_001404,2022-05-29,PERSON_00160,PERSON_00379,PHONE_00160,work
SMS_001405,2021-06-19,PERSON_00163,PERSON_00420,PHONE_00163,delivery
SMS_001406,2022-12-04,PERSON_00166,PERSON_00011,PHONE_00166,family
SMS_001407,2023-06-27,PERSON_00169,PERSON_00052,PHONE_00169,work
SMS_001408,2025-06-20,PERSON_00172,PERSON_00093,PHONE_00172,family
SMS_001409,2021-11-12,PERSON_00175,PERSON_00134,PHONE_00175,OTP
SMS_001410,2022-08-26,PERSON_00178,PERSON_00175,PHONE_00178,OTP
SMS_001411,2025-11-28,PERSON_00181,PERSON_00216,PHONE_00181,OTP
SMS_001412,2025-10-10,PERSON_00184,PERSON_00257,PHONE_00184,short coordination
SMS_001413,2023-07-09,PERSON_00187,PERSON_00298,PHONE_00187,meeting
SMS_001414,2026-02-22,PERSON_00190,PERSON_00339,PHONE_00190,delivery
SMS_001415,2021-04-17,PERSON_00193,PERSON_00380,PHONE_00193,work
SMS_001416,2023-07-23,PERSON_00196,PERSON_00421,PHONE_00196,family
SMS_001417,2025-02-02,PERSON_00199,PERSON_00012,PHONE_00199,meeting
SMS_001418,2021-12-12,PERSON_00202,PERSON_00053,PHONE_00202,meeting
SMS_001419,2021-10-04,PERSON_00205,PERSON_00094,PHONE_00205,work
SMS_001420,2023-03-28,PERSON_00208,PERSON_00135,PHONE_00208,meeting
SMS_001421,2026-03-09,PERSON_00211,PERSON_00176,PHONE_00211,family
SMS_001422,2022-04-15,PERSON_00214,PERSON_00217,PHONE_00214,delivery
SMS_001423,2024-11-22,PERSON_00217,PERSON_00258,PHONE_00217,delivery
SMS_001424,2021-12-25,PERSON_00220,PERSON_00299,PHONE_00220,meeting
SMS_001425,2023-01-18,PERSON_00223,PERSON_00340,PHONE_00223,meeting
SMS_001426,2023-01-20,PERSON_00226,PERSON_00381,PHONE_00226,delivery
SMS_001427,2024-12-04,PERSON_00229,PERSON_00422,PHONE_00229,work
SMS_001428,2021-07-07,PERSON_00232,PERSON_00013,PHONE_00232,work
SMS_001429,2024-01-16,PERSON_00235,PERSON_00054,PHONE_00235,meeting
SMS_001430,2025-10-10,PERSON_00238,PERSON_00095,PHONE_00238,family
SMS_001431,2021-12-30,PERSON_00241,PERSON_00136,PHONE_00241,OTP
SMS_001432,2025-10-21,PERSON_00244,PERSON_00177,PHONE_00244,work
SMS_001433,2022-04-18,PERSON_00247,PERSON_00218,PHONE_00247,work
SMS_001434,2025-05-10,PERSON_00250,PERSON_00259,PHONE_00250,delivery
SMS_001435,2022-09-10,PERSON_00253,PERSON_00300,PHONE_00253,meeting
SMS_001436,2021-03-26,PERSON_00256,PERSON_00341,PHONE_00256,family
SMS_001437,2021-10-11,PERSON_00259,PERSON_00382,PHONE_00259,OTP
SMS_001438,2024-04-30,PERSON_00262,PERSON_00423,PHONE_00262,short coordination
SMS_001439,2026-04-09,PERSON_00265,PERSON_00014,PHONE_00265,meeting
SMS_001440,2024-08-21,PERSON_00268,PERSON_00055,PHONE_00268,OTP
SMS_001441,2026-02-26,PERSON_00271,PERSON_00096,PHONE_00271,family
SMS_001442,2022-06-16,PERSON_00274,PERSON_00137,PHONE_00274,family
SMS_001443,2021-10-28,PERSON_00277,PERSON_00178,PHONE_00277,work
SMS_001444,2024-12-20,PERSON_00280,PERSON_00219,PHONE_00280,family
SMS_001445,2024-06-06,PERSON_00283,PERSON_00260,PHONE_00283,meeting
SMS_001446,2022-03-09,PERSON_00286,PERSON_00301,PHONE_00286,work
SMS_001447,2022-07-24,PERSON_00289,PERSON_00342,PHONE_00289,OTP
SMS_001448,2021-06-11,PERSON_00292,PERSON_00383,PHONE_00292,OTP
SMS_001449,2025-10-26,PERSON_00295,PERSON_00424,PHONE_00295,OTP
SMS_001450,2021-04-22,PERSON_00298,PERSON_00015,PHONE_00298,OTP
SMS_001451,2021-01-13,PERSON_00301,PERSON_00056,PHONE_00301,family
SMS_001452,2024-04-19,PERSON_00304,PERSON_00097,PHONE_00304,short coordination
SMS_001453,2025-09-06,PERSON_00307,PERSON_00138,PHONE_00307,work
SMS_001454,2023-01-18,PERSON_00310,PERSON_00179,PHONE_00310,short coordination
SMS_001455,2026-01-23,PERSON_00313,PERSON_00220,PHONE_00313,work
SMS_001456,2022-11-11,PERSON_00316,PERSON_00261,PHONE_00316,OTP
SMS_001457,2022-04-24,PERSON_00319,PERSON_00302,PHONE_00319,delivery
SMS_001458,2022-03-01,PERSON_00322,PERSON_00343,PHONE_00322,meeting
SMS_001459,2023-03-13,PERSON_00325,PERSON_00384,PHONE_00325,delivery
SMS_001460,2025-06-26,PERSON_00328,PERSON_00425,PHONE_00328,delivery
SMS_001461,2025-10-22,PERSON_00331,PERSON_00016,PHONE_00331,family
SMS_001462,2022-05-23,PERSON_00334,PERSON_00057,PHONE_00334,meeting
SMS_001463,2021-07-10,PERSON_00337,PERSON_00098,PHONE_00337,family
SMS_001464,2022-07-10,PERSON_00340,PERSON_00139,PHONE_00340,meeting
SMS_001465,2025-06-08,PERSON_00343,PERSON_00180,PHONE_00343,work
SMS_001466,2025-02-04,PERSON_00346,PERSON_00221,PHONE_00346,short coordination
SMS_001467,2021-12-08,PERSON_00349,PERSON_00262,PHONE_00349,work
SMS_001468,2024-12-16,PERSON_00352,PERSON_00303,PHONE_00352,family
SMS_001469,2021-06-07,PERSON_00355,PERSON_00344,PHONE_00355,short coordination
SMS_001470,2024-12-12,PERSON_00358,PERSON_00385,PHONE_00358,meeting
SMS_001471,2022-01-08,PERSON_00361,PERSON_00426,PHONE_00361,family
SMS_001472,2025-06-07,PERSON_00364,PERSON_00017,PHONE_00364,meeting
SMS_001473,2021-09-05,PERSON_00367,PERSON_00058,PHONE_00367,work
SMS_001474,2021-11-29,PERSON_00370,PERSON_00099,PHONE_00370,family
SMS_001475,2023-04-08,PERSON_00373,PERSON_00140,PHONE_00373,family
SMS_001476,2022-11-03,PERSON_00376,PERSON_00181,PHONE_00376,delivery
SMS_001477,2022-11-18,PERSON_00379,PERSON_00222,PHONE_00379,short coordination
SMS_001478,2022-09-30,PERSON_00382,PERSON_00263,PHONE_00382,short coordination
SMS_001479,2023-11-24,PERSON_00385,PERSON_00304,PHONE_00385,work
SMS_001480,2024-11-23,PERSON_00388,PERSON_00345,PHONE_00388,OTP
SMS_001481,2022-08-27,PERSON_00391,PERSON_00386,PHONE_00391,delivery
SMS_001482,2025-12-09,PERSON_00394,PERSON_00427,PHONE_00394,delivery
SMS_001483,2022-07-15,PERSON_00397,PERSON_00018,PHONE_00397,meeting
SMS_001484,2023-02-14,PERSON_00400,PERSON_00059,PHONE_00400,OTP
SMS_001485,2026-06-06,PERSON_00403,PERSON_00100,PHONE_00403,meeting
SMS_001486,2024-06-18,PERSON_00406,PERSON_00141,PHONE_00406,meeting
SMS_001487,2023-04-12,PERSON_00409,PERSON_00182,PHONE_00409,delivery
SMS_001488,2023-10-22,PERSON_00412,PERSON_00223,PHONE_00412,family
SMS_001489,2025-02-06,PERSON_00415,PERSON_00264,PHONE_00415,meeting
SMS_001490,2024-01-08,PERSON_00418,PERSON_00305,PHONE_00418,work
SMS_001491,2021-03-27,PERSON_00421,PERSON_00346,PHONE_00421,family
SMS_001492,2025-09-29,PERSON_00424,PERSON_00387,PHONE_00424,family
SMS_001493,2023-02-11,PERSON_00427,PERSON_00428,PHONE_00427,family
SMS_001494,2025-03-06,PERSON_00430,PERSON_00019,PHONE_00430,delivery
SMS_001495,2022-11-17,PERSON_00433,PERSON_00060,PHONE_00433,work
SMS_001496,2021-05-09,PERSON_00436,PERSON_00101,PHONE_00436,meeting
SMS_001497,2024-02-11,PERSON_00439,PERSON_00142,PHONE_00439,delivery
SMS_001498,2025-04-17,PERSON_00442,PERSON_00183,PHONE_00442,delivery
SMS_001499,2025-07-05,PERSON_00445,PERSON_00224,PHONE_00445,OTP
SMS_001500,2023-10-29,PERSON_00448,PERSON_00265,PHONE_00448,meeting
SMS_001501,2025-07-15,PERSON_00001,PERSON_00306,PHONE_00001,meeting
SMS_001502,2022-03-22,PERSON_00004,PERSON_00347,PHONE_00004,delivery
SMS_001503,2023-10-12,PERSON_00007,PERSON_00388,PHONE_00007,family
SMS_001504,2025-09-21,PERSON_00010,PERSON_00429,PHONE_00010,family
SMS_001505,2021-11-10,PERSON_00013,PERSON_00020,PHONE_00013,OTP
SMS_001506,2022-04-10,PERSON_00016,PERSON_00061,PHONE_00016,family
SMS_001507,2021-06-15,PERSON_00019,PERSON_00102,PHONE_00019,meeting
SMS_001508,2025-03-03,PERSON_00022,PERSON_00143,PHONE_00022,meeting
SMS_001509,2023-08-29,PERSON_00025,PERSON_00184,PHONE_00025,delivery
SMS_001510,2021-05-22,PERSON_00028,PERSON_00225,PHONE_00028,short coordination
SMS_001511,2021-06-16,PERSON_00031,PERSON_00266,PHONE_00031,short coordination
SMS_001512,2024-03-12,PERSON_00034,PERSON_00307,PHONE_00034,delivery
SMS_001513,2023-06-18,PERSON_00037,PERSON_00348,PHONE_00037,meeting
SMS_001514,2024-04-30,PERSON_00040,PERSON_00389,PHONE_00040,meeting
SMS_001515,2024-08-17,PERSON_00043,PERSON_00430,PHONE_00043,delivery
SMS_001516,2024-10-29,PERSON_00046,PERSON_00021,PHONE_00046,family
SMS_001517,2025-04-06,PERSON_00049,PERSON_00062,PHONE_00049,meeting
SMS_001518,2025-11-03,PERSON_00052,PERSON_00103,PHONE_00052,meeting
SMS_001519,2021-12-21,PERSON_00055,PERSON_00144,PHONE_00055,short coordination
SMS_001520,2021-02-02,PERSON_00058,PERSON_00185,PHONE_00058,short coordination
SMS_001521,2025-01-29,PERSON_00061,PERSON_00226,PHONE_00061,work
SMS_001522,2026-05-10,PERSON_00064,PERSON_00267,PHONE_00064,OTP
SMS_001523,2024-03-25,PERSON_00067,PERSON_00308,PHONE_00067,short coordination
SMS_001524,2025-11-18,PERSON_00070,PERSON_00349,PHONE_00070,work
SMS_001525,2023-09-25,PERSON_00073,PERSON_00390,PHONE_00073,short coordination
SMS_001526,2022-09-13,PERSON_00076,PERSON_00431,PHONE_00076,short coordination
SMS_001527,2022-09-19,PERSON_00079,PERSON_00022,PHONE_00079,work
SMS_001528,2022-08-17,PERSON_00082,PERSON_00063,PHONE_00082,short coordination
SMS_001529,2023-03-10,PERSON_00085,PERSON_00104,PHONE_00085,OTP
SMS_001530,2023-05-29,PERSON_00088,PERSON_00145,PHONE_00088,work
SMS_001531,2023-04-13,PERSON_00091,PERSON_00186,PHONE_00091,work
SMS_001532,2025-06-21,PERSON_00094,PERSON_00227,PHONE_00094,short coordination
SMS_001533,2022-05-16,PERSON_00097,PERSON_00268,PHONE_00097,family
SMS_001534,2023-06-30,PERSON_00100,PERSON_00309,PHONE_00100,OTP
SMS_001535,2021-02-04,PERSON_00103,PERSON_00350,PHONE_00103,OTP
SMS_001536,2024-01-08,PERSON_00106,PERSON_00391,PHONE_00106,short coordination
SMS_001537,2021-10-22,PERSON_00109,PERSON_00432,PHONE_00109,meeting
SMS_001538,2021-05-12,PERSON_00112,PERSON_00023,PHONE_00112,family
SMS_001539,2024-04-02,PERSON_00115,PERSON_00064,PHONE_00115,work
SMS_001540,2022-09-11,PERSON_00118,PERSON_00105,PHONE_00118,meeting
SMS_001541,2025-08-13,PERSON_00121,PERSON_00146,PHONE_00121,delivery
SMS_001542,2024-11-02,PERSON_00124,PERSON_00187,PHONE_00124,work
SMS_001543,2024-05-20,PERSON_00127,PERSON_00228,PHONE_00127,meeting
SMS_001544,2022-04-16,PERSON_00130,PERSON_00269,PHONE_00130,family
SMS_001545,2025-10-10,PERSON_00133,PERSON_00310,PHONE_00133,work
SMS_001546,2024-02-03,PERSON_00136,PERSON_00351,PHONE_00136,short coordination
SMS_001547,2023-01-13,PERSON_00139,PERSON_00392,PHONE_00139,short coordination
SMS_001548,2021-06-22,PERSON_00142,PERSON_00433,PHONE_00142,OTP
SMS_001549,2021-06-08,PERSON_00145,PERSON_00024,PHONE_00145,work
SMS_001550,2026-05-23,PERSON_00148,PERSON_00065,PHONE_00148,work
SMS_001551,2026-04-10,PERSON_00151,PERSON_00106,PHONE_00151,work
SMS_001552,2023-03-15,PERSON_00154,PERSON_00147,PHONE_00154,short coordination
SMS_001553,2021-08-17,PERSON_00157,PERSON_00188,PHONE_00157,delivery
SMS_001554,2024-10-12,PERSON_00160,PERSON_00229,PHONE_00160,short coordination
SMS_001555,2023-02-04,PERSON_00163,PERSON_00270,PHONE_00163,OTP
SMS_001556,2025-03-10,PERSON_00166,PERSON_00311,PHONE_00166,OTP
SMS_001557,2026-05-15,PERSON_00169,PERSON_00352,PHONE_00169,work
SMS_001558,2024-12-31,PERSON_00172,PERSON_00393,PHONE_00172,short coordination
SMS_001559,2021-05-14,PERSON_00175,PERSON_00434,PHONE_00175,short coordination
SMS_001560,2021-03-13,PERSON_00178,PERSON_00025,PHONE_00178,work
SMS_001561,2026-04-22,PERSON_00181,PERSON_00066,PHONE_00181,work
SMS_001562,2026-04-01,PERSON_00184,PERSON_00107,PHONE_00184,work
SMS_001563,2024-06-29,PERSON_00187,PERSON_00148,PHONE_00187,delivery
SMS_001564,2025-03-19,PERSON_00190,PERSON_00189,PHONE_00190,delivery
SMS_001565,2024-03-28,PERSON_00193,PERSON_00230,PHONE_00193,work
SMS_001566,2023-12-04,PERSON_00196,PERSON_00271,PHONE_00196,work
SMS_001567,2022-10-05,PERSON_00199,PERSON_00312,PHONE_00199,work
SMS_001568,2025-02-07,PERSON_00202,PERSON_00353,PHONE_00202,meeting
SMS_001569,2025-09-01,PERSON_00205,PERSON_00394,PHONE_00205,delivery
SMS_001570,2021-04-25,PERSON_00208,PERSON_00435,PHONE_00208,OTP
SMS_001571,2025-10-03,PERSON_00211,PERSON_00026,PHONE_00211,meeting
SMS_001572,2025-01-10,PERSON_00214,PERSON_00067,PHONE_00214,family
SMS_001573,2024-03-02,PERSON_00217,PERSON_00108,PHONE_00217,work
SMS_001574,2022-10-17,PERSON_00220,PERSON_00149,PHONE_00220,meeting
SMS_001575,2023-01-23,PERSON_00223,PERSON_00190,PHONE_00223,family
SMS_001576,2026-06-14,PERSON_00226,PERSON_00231,PHONE_00226,meeting
SMS_001577,2024-01-19,PERSON_00229,PERSON_00272,PHONE_00229,short coordination
SMS_001578,2023-11-12,PERSON_00232,PERSON_00313,PHONE_00232,work
SMS_001579,2026-06-21,PERSON_00235,PERSON_00354,PHONE_00235,short coordination
SMS_001580,2024-02-23,PERSON_00238,PERSON_00395,PHONE_00238,work
SMS_001581,2022-10-03,PERSON_00241,PERSON_00436,PHONE_00241,work
SMS_001582,2025-10-07,PERSON_00244,PERSON_00027,PHONE_00244,OTP
SMS_001583,2023-10-01,PERSON_00247,PERSON_00068,PHONE_00247,delivery
SMS_001584,2022-06-15,PERSON_00250,PERSON_00109,PHONE_00250,short coordination
SMS_001585,2021-03-23,PERSON_00253,PERSON_00150,PHONE_00253,meeting
SMS_001586,2024-01-01,PERSON_00256,PERSON_00191,PHONE_00256,delivery
SMS_001587,2021-09-17,PERSON_00259,PERSON_00232,PHONE_00259,work
SMS_001588,2024-10-02,PERSON_00262,PERSON_00273,PHONE_00262,work
SMS_001589,2023-06-28,PERSON_00265,PERSON_00314,PHONE_00265,meeting
SMS_001590,2023-11-22,PERSON_00268,PERSON_00355,PHONE_00268,short coordination
SMS_001591,2023-07-06,PERSON_00271,PERSON_00396,PHONE_00271,meeting
SMS_001592,2023-11-14,PERSON_00274,PERSON_00437,PHONE_00274,delivery
SMS_001593,2024-04-28,PERSON_00277,PERSON_00028,PHONE_00277,delivery
SMS_001594,2025-02-07,PERSON_00280,PERSON_00069,PHONE_00280,family
SMS_001595,2022-10-04,PERSON_00283,PERSON_00110,PHONE_00283,work
SMS_001596,2026-06-18,PERSON_00286,PERSON_00151,PHONE_00286,family
SMS_001597,2025-11-26,PERSON_00289,PERSON_00192,PHONE_00289,meeting
SMS_001598,2025-03-05,PERSON_00292,PERSON_00233,PHONE_00292,meeting
SMS_001599,2022-06-29,PERSON_00295,PERSON_00274,PHONE_00295,OTP
SMS_001600,2022-10-08,PERSON_00298,PERSON_00315,PHONE_00298,meeting
SMS_001601,2021-08-13,PERSON_00301,PERSON_00356,PHONE_00301,meeting
SMS_001602,2023-07-21,PERSON_00304,PERSON_00397,PHONE_00304,meeting
SMS_001603,2022-08-17,PERSON_00307,PERSON_00438,PHONE_00307,delivery
SMS_001604,2024-09-15,PERSON_00310,PERSON_00029,PHONE_00310,short coordination
SMS_001605,2025-01-02,PERSON_00313,PERSON_00070,PHONE_00313,short coordination
SMS_001606,2025-09-26,PERSON_00316,PERSON_00111,PHONE_00316,family
SMS_001607,2022-06-27,PERSON_00319,PERSON_00152,PHONE_00319,OTP
SMS_001608,2021-07-13,PERSON_00322,PERSON_00193,PHONE_00322,work
SMS_001609,2025-08-27,PERSON_00325,PERSON_00234,PHONE_00325,short coordination
SMS_001610,2025-02-01,PERSON_00328,PERSON_00275,PHONE_00328,work
SMS_001611,2024-02-22,PERSON_00331,PERSON_00316,PHONE_00331,work
SMS_001612,2023-06-25,PERSON_00334,PERSON_00357,PHONE_00334,family
SMS_001613,2024-05-17,PERSON_00337,PERSON_00398,PHONE_00337,OTP
SMS_001614,2025-06-01,PERSON_00340,PERSON_00439,PHONE_00340,family
SMS_001615,2022-07-14,PERSON_00343,PERSON_00030,PHONE_00343,short coordination
SMS_001616,2023-03-04,PERSON_00346,PERSON_00071,PHONE_00346,family
SMS_001617,2023-02-19,PERSON_00349,PERSON_00112,PHONE_00349,family
SMS_001618,2023-06-26,PERSON_00352,PERSON_00153,PHONE_00352,meeting
SMS_001619,2023-07-03,PERSON_00355,PERSON_00194,PHONE_00355,work
SMS_001620,2022-04-20,PERSON_00358,PERSON_00235,PHONE_00358,delivery
SMS_001621,2022-05-29,PERSON_00361,PERSON_00276,PHONE_00361,short coordination
SMS_001622,2022-04-26,PERSON_00364,PERSON_00317,PHONE_00364,delivery
SMS_001623,2021-01-08,PERSON_00367,PERSON_00358,PHONE_00367,work
SMS_001624,2025-01-24,PERSON_00370,PERSON_00399,PHONE_00370,work
SMS_001625,2021-06-29,PERSON_00373,PERSON_00440,PHONE_00373,work
SMS_001626,2023-01-08,PERSON_00376,PERSON_00031,PHONE_00376,meeting
SMS_001627,2022-09-02,PERSON_00379,PERSON_00072,PHONE_00379,work
SMS_001628,2022-05-11,PERSON_00382,PERSON_00113,PHONE_00382,work
SMS_001629,2024-07-05,PERSON_00385,PERSON_00154,PHONE_00385,delivery
SMS_001630,2021-01-20,PERSON_00388,PERSON_00195,PHONE_00388,OTP
SMS_001631,2024-04-09,PERSON_00391,PERSON_00236,PHONE_00391,family
SMS_001632,2024-02-17,PERSON_00394,PERSON_00277,PHONE_00394,OTP
SMS_001633,2024-06-03,PERSON_00397,PERSON_00318,PHONE_00397,OTP
SMS_001634,2021-05-13,PERSON_00400,PERSON_00359,PHONE_00400,delivery
SMS_001635,2022-01-05,PERSON_00403,PERSON_00400,PHONE_00403,family
SMS_001636,2023-01-17,PERSON_00406,PERSON_00441,PHONE_00406,family
SMS_001637,2021-11-20,PERSON_00409,PERSON_00032,PHONE_00409,OTP
SMS_001638,2021-04-15,PERSON_00412,PERSON_00073,PHONE_00412,short coordination
SMS_001639,2022-04-27,PERSON_00415,PERSON_00114,PHONE_00415,family
SMS_001640,2023-01-28,PERSON_00418,PERSON_00155,PHONE_00418,delivery
SMS_001641,2025-06-05,PERSON_00421,PERSON_00196,PHONE_00421,OTP
SMS_001642,2026-04-25,PERSON_00424,PERSON_00237,PHONE_00424,meeting
SMS_001643,2025-05-07,PERSON_00427,PERSON_00278,PHONE_00427,work
SMS_001644,2021-12-21,PERSON_00430,PERSON_00319,PHONE_00430,meeting
SMS_001645,2025-06-14,PERSON_00433,PERSON_00360,PHONE_00433,meeting
SMS_001646,2025-01-14,PERSON_00436,PERSON_00401,PHONE_00436,OTP
SMS_001647,2023-06-02,PERSON_00439,PERSON_00442,PHONE_00439,family
SMS_001648,2021-05-19,PERSON_00442,PERSON_00033,PHONE_00442,delivery
SMS_001649,2026-01-18,PERSON_00445,PERSON_00074,PHONE_00445,delivery
SMS_001650,2025-05-11,PERSON_00448,PERSON_00115,PHONE_00448,meeting
SMS_001651,2026-06-07,PERSON_00001,PERSON_00156,PHONE_00001,delivery
SMS_001652,2024-08-26,PERSON_00004,PERSON_00197,PHONE_00004,family
SMS_001653,2023-01-14,PERSON_00007,PERSON_00238,PHONE_00007,work
SMS_001654,2026-05-21,PERSON_00010,PERSON_00279,PHONE_00010,OTP
SMS_001655,2023-06-18,PERSON_00013,PERSON_00320,PHONE_00013,OTP
SMS_001656,2023-12-31,PERSON_00016,PERSON_00361,PHONE_00016,short coordination
SMS_001657,2024-01-02,PERSON_00019,PERSON_00402,PHONE_00019,OTP
SMS_001658,2021-07-03,PERSON_00022,PERSON_00443,PHONE_00022,family
SMS_001659,2022-11-21,PERSON_00025,PERSON_00034,PHONE_00025,meeting
SMS_001660,2021-12-24,PERSON_00028,PERSON_00075,PHONE_00028,meeting
SMS_001661,2025-06-21,PERSON_00031,PERSON_00116,PHONE_00031,family
SMS_001662,2026-03-25,PERSON_00034,PERSON_00157,PHONE_00034,meeting
SMS_001663,2026-04-14,PERSON_00037,PERSON_00198,PHONE_00037,short coordination
SMS_001664,2023-05-06,PERSON_00040,PERSON_00239,PHONE_00040,family
SMS_001665,2022-03-20,PERSON_00043,PERSON_00280,PHONE_00043,short coordination
SMS_001666,2024-04-08,PERSON_00046,PERSON_00321,PHONE_00046,delivery
SMS_001667,2022-02-14,PERSON_00049,PERSON_00362,PHONE_00049,meeting
SMS_001668,2021-03-21,PERSON_00052,PERSON_00403,PHONE_00052,family
SMS_001669,2022-07-01,PERSON_00055,PERSON_00444,PHONE_00055,meeting
SMS_001670,2021-04-19,PERSON_00058,PERSON_00035,PHONE_00058,work
SMS_001671,2024-02-01,PERSON_00061,PERSON_00076,PHONE_00061,OTP
SMS_001672,2022-06-15,PERSON_00064,PERSON_00117,PHONE_00064,family
SMS_001673,2024-03-05,PERSON_00067,PERSON_00158,PHONE_00067,delivery
SMS_001674,2023-04-17,PERSON_00070,PERSON_00199,PHONE_00070,short coordination
SMS_001675,2025-06-21,PERSON_00073,PERSON_00240,PHONE_00073,meeting
SMS_001676,2024-11-26,PERSON_00076,PERSON_00281,PHONE_00076,family
SMS_001677,2024-06-10,PERSON_00079,PERSON_00322,PHONE_00079,OTP
SMS_001678,2024-10-05,PERSON_00082,PERSON_00363,PHONE_00082,work
SMS_001679,2024-08-11,PERSON_00085,PERSON_00404,PHONE_00085,OTP
SMS_001680,2025-07-09,PERSON_00088,PERSON_00445,PHONE_00088,delivery
SMS_001681,2024-05-31,PERSON_00091,PERSON_00036,PHONE_00091,OTP
SMS_001682,2021-08-10,PERSON_00094,PERSON_00077,PHONE_00094,work
SMS_001683,2024-09-30,PERSON_00097,PERSON_00118,PHONE_00097,short coordination
SMS_001684,2023-04-14,PERSON_00100,PERSON_00159,PHONE_00100,family
SMS_001685,2024-06-08,PERSON_00103,PERSON_00200,PHONE_00103,family
SMS_001686,2022-02-16,PERSON_00106,PERSON_00241,PHONE_00106,delivery
SMS_001687,2022-06-11,PERSON_00109,PERSON_00282,PHONE_00109,meeting
SMS_001688,2026-01-17,PERSON_00112,PERSON_00323,PHONE_00112,delivery
SMS_001689,2022-04-25,PERSON_00115,PERSON_00364,PHONE_00115,meeting
SMS_001690,2023-09-22,PERSON_00118,PERSON_00405,PHONE_00118,family
SMS_001691,2025-03-04,PERSON_00121,PERSON_00446,PHONE_00121,OTP
SMS_001692,2026-01-27,PERSON_00124,PERSON_00037,PHONE_00124,short coordination
SMS_001693,2026-05-29,PERSON_00127,PERSON_00078,PHONE_00127,short coordination
SMS_001694,2022-02-05,PERSON_00130,PERSON_00119,PHONE_00130,meeting
SMS_001695,2025-11-09,PERSON_00133,PERSON_00160,PHONE_00133,short coordination
SMS_001696,2024-02-14,PERSON_00136,PERSON_00201,PHONE_00136,short coordination
SMS_001697,2025-06-12,PERSON_00139,PERSON_00242,PHONE_00139,work
SMS_001698,2021-06-29,PERSON_00142,PERSON_00283,PHONE_00142,family
SMS_001699,2026-04-17,PERSON_00145,PERSON_00324,PHONE_00145,meeting
SMS_001700,2025-07-06,PERSON_00148,PERSON_00365,PHONE_00148,short coordination
SMS_001701,2024-07-19,PERSON_00151,PERSON_00406,PHONE_00151,short coordination
SMS_001702,2022-07-23,PERSON_00154,PERSON_00447,PHONE_00154,family
SMS_001703,2021-10-26,PERSON_00157,PERSON_00038,PHONE_00157,OTP
SMS_001704,2024-01-09,PERSON_00160,PERSON_00079,PHONE_00160,short coordination
SMS_001705,2022-09-26,PERSON_00163,PERSON_00120,PHONE_00163,OTP
SMS_001706,2022-08-15,PERSON_00166,PERSON_00161,PHONE_00166,meeting
SMS_001707,2021-06-07,PERSON_00169,PERSON_00202,PHONE_00169,family
SMS_001708,2025-02-26,PERSON_00172,PERSON_00243,PHONE_00172,short coordination
SMS_001709,2022-06-15,PERSON_00175,PERSON_00284,PHONE_00175,meeting
SMS_001710,2025-07-19,PERSON_00178,PERSON_00325,PHONE_00178,delivery
SMS_001711,2026-05-18,PERSON_00181,PERSON_00366,PHONE_00181,meeting
SMS_001712,2025-05-30,PERSON_00184,PERSON_00407,PHONE_00184,delivery
SMS_001713,2023-11-18,PERSON_00187,PERSON_00448,PHONE_00187,work
SMS_001714,2022-07-24,PERSON_00190,PERSON_00039,PHONE_00190,meeting
SMS_001715,2024-08-05,PERSON_00193,PERSON_00080,PHONE_00193,short coordination
SMS_001716,2024-07-06,PERSON_00196,PERSON_00121,PHONE_00196,OTP
SMS_001717,2023-07-16,PERSON_00199,PERSON_00162,PHONE_00199,OTP
SMS_001718,2023-03-08,PERSON_00202,PERSON_00203,PHONE_00202,family
SMS_001719,2024-02-15,PERSON_00205,PERSON_00244,PHONE_00205,short coordination
SMS_001720,2021-06-13,PERSON_00208,PERSON_00285,PHONE_00208,short coordination
SMS_001721,2025-10-14,PERSON_00211,PERSON_00326,PHONE_00211,delivery
SMS_001722,2022-01-22,PERSON_00214,PERSON_00367,PHONE_00214,delivery
SMS_001723,2025-11-16,PERSON_00217,PERSON_00408,PHONE_00217,OTP
SMS_001724,2021-10-26,PERSON_00220,PERSON_00449,PHONE_00220,delivery
SMS_001725,2025-02-08,PERSON_00223,PERSON_00040,PHONE_00223,family
SMS_001726,2026-06-09,PERSON_00226,PERSON_00081,PHONE_00226,meeting
SMS_001727,2021-11-10,PERSON_00229,PERSON_00122,PHONE_00229,delivery
SMS_001728,2025-10-30,PERSON_00232,PERSON_00163,PHONE_00232,work
SMS_001729,2021-02-11,PERSON_00235,PERSON_00204,PHONE_00235,delivery
SMS_001730,2021-10-15,PERSON_00238,PERSON_00245,PHONE_00238,OTP
SMS_001731,2024-10-14,PERSON_00241,PERSON_00286,PHONE_00241,OTP
SMS_001732,2024-10-28,PERSON_00244,PERSON_00327,PHONE_00244,OTP
SMS_001733,2025-10-01,PERSON_00247,PERSON_00368,PHONE_00247,short coordination
SMS_001734,2022-05-12,PERSON_00250,PERSON_00409,PHONE_00250,meeting
SMS_001735,2021-03-20,PERSON_00253,PERSON_00450,PHONE_00253,OTP
SMS_001736,2024-05-22,PERSON_00256,PERSON_00041,PHONE_00256,meeting
SMS_001737,2023-07-16,PERSON_00259,PERSON_00082,PHONE_00259,OTP
SMS_001738,2026-06-25,PERSON_00262,PERSON_00123,PHONE_00262,work
SMS_001739,2026-04-09,PERSON_00265,PERSON_00164,PHONE_00265,delivery
SMS_001740,2024-06-05,PERSON_00268,PERSON_00205,PHONE_00268,OTP
SMS_001741,2025-11-16,PERSON_00271,PERSON_00246,PHONE_00271,short coordination
SMS_001742,2024-12-15,PERSON_00274,PERSON_00287,PHONE_00274,work
SMS_001743,2022-09-13,PERSON_00277,PERSON_00328,PHONE_00277,meeting
SMS_001744,2026-06-27,PERSON_00280,PERSON_00369,PHONE_00280,OTP
SMS_001745,2022-08-19,PERSON_00283,PERSON_00410,PHONE_00283,meeting
SMS_001746,2023-05-31,PERSON_00286,PERSON_00001,PHONE_00286,work
SMS_001747,2026-04-18,PERSON_00289,PERSON_00042,PHONE_00289,OTP
SMS_001748,2024-12-14,PERSON_00292,PERSON_00083,PHONE_00292,delivery
SMS_001749,2021-12-27,PERSON_00295,PERSON_00124,PHONE_00295,OTP
SMS_001750,2024-05-06,PERSON_00298,PERSON_00165,PHONE_00298,short coordination
SMS_001751,2024-01-27,PERSON_00301,PERSON_00206,PHONE_00301,meeting
SMS_001752,2022-03-30,PERSON_00304,PERSON_00247,PHONE_00304,family
SMS_001753,2022-06-27,PERSON_00307,PERSON_00288,PHONE_00307,meeting
SMS_001754,2022-03-24,PERSON_00310,PERSON_00329,PHONE_00310,family
SMS_001755,2024-09-29,PERSON_00313,PERSON_00370,PHONE_00313,work
SMS_001756,2025-08-24,PERSON_00316,PERSON_00411,PHONE_00316,family
SMS_001757,2023-03-28,PERSON_00319,PERSON_00002,PHONE_00319,work
SMS_001758,2022-10-03,PERSON_00322,PERSON_00043,PHONE_00322,short coordination
SMS_001759,2021-11-21,PERSON_00325,PERSON_00084,PHONE_00325,meeting
SMS_001760,2026-02-13,PERSON_00328,PERSON_00125,PHONE_00328,short coordination
SMS_001761,2024-01-29,PERSON_00331,PERSON_00166,PHONE_00331,short coordination
SMS_001762,2024-10-08,PERSON_00334,PERSON_00207,PHONE_00334,short coordination
SMS_001763,2021-03-06,PERSON_00337,PERSON_00248,PHONE_00337,short coordination
SMS_001764,2021-07-04,PERSON_00340,PERSON_00289,PHONE_00340,OTP
SMS_001765,2024-10-20,PERSON_00343,PERSON_00330,PHONE_00343,OTP
SMS_001766,2021-03-24,PERSON_00346,PERSON_00371,PHONE_00346,meeting
SMS_001767,2025-07-06,PERSON_00349,PERSON_00412,PHONE_00349,delivery
SMS_001768,2024-12-20,PERSON_00352,PERSON_00003,PHONE_00352,OTP
SMS_001769,2024-06-16,PERSON_00355,PERSON_00044,PHONE_00355,meeting
SMS_001770,2025-03-29,PERSON_00358,PERSON_00085,PHONE_00358,meeting
SMS_001771,2026-05-14,PERSON_00361,PERSON_00126,PHONE_00361,OTP
SMS_001772,2026-01-15,PERSON_00364,PERSON_00167,PHONE_00364,meeting
SMS_001773,2023-07-23,PERSON_00367,PERSON_00208,PHONE_00367,meeting
SMS_001774,2022-06-02,PERSON_00370,PERSON_00249,PHONE_00370,OTP
SMS_001775,2022-10-25,PERSON_00373,PERSON_00290,PHONE_00373,meeting
SMS_001776,2026-03-27,PERSON_00376,PERSON_00331,PHONE_00376,short coordination
SMS_001777,2025-08-18,PERSON_00379,PERSON_00372,PHONE_00379,delivery
SMS_001778,2022-05-21,PERSON_00382,PERSON_00413,PHONE_00382,family
SMS_001779,2025-07-23,PERSON_00385,PERSON_00004,PHONE_00385,delivery
SMS_001780,2022-06-23,PERSON_00388,PERSON_00045,PHONE_00388,meeting
SMS_001781,2025-01-11,PERSON_00391,PERSON_00086,PHONE_00391,OTP
SMS_001782,2025-05-20,PERSON_00394,PERSON_00127,PHONE_00394,delivery
SMS_001783,2023-07-12,PERSON_00397,PERSON_00168,PHONE_00397,OTP
SMS_001784,2023-08-17,PERSON_00400,PERSON_00209,PHONE_00400,OTP
SMS_001785,2022-05-27,PERSON_00403,PERSON_00250,PHONE_00403,OTP
SMS_001786,2021-09-14,PERSON_00406,PERSON_00291,PHONE_00406,work
SMS_001787,2023-11-16,PERSON_00409,PERSON_00332,PHONE_00409,meeting
SMS_001788,2024-12-04,PERSON_00412,PERSON_00373,PHONE_00412,short coordination
SMS_001789,2022-09-10,PERSON_00415,PERSON_00414,PHONE_00415,short coordination
SMS_001790,2025-05-11,PERSON_00418,PERSON_00005,PHONE_00418,work
SMS_001791,2021-02-16,PERSON_00421,PERSON_00046,PHONE_00421,work
SMS_001792,2024-11-13,PERSON_00424,PERSON_00087,PHONE_00424,meeting
SMS_001793,2022-08-18,PERSON_00427,PERSON_00128,PHONE_00427,short coordination
SMS_001794,2021-12-30,PERSON_00430,PERSON_00169,PHONE_00430,work
SMS_001795,2024-04-01,PERSON_00433,PERSON_00210,PHONE_00433,delivery
SMS_001796,2023-10-09,PERSON_00436,PERSON_00251,PHONE_00436,short coordination
SMS_001797,2022-09-05,PERSON_00439,PERSON_00292,PHONE_00439,delivery
SMS_001798,2024-11-05,PERSON_00442,PERSON_00333,PHONE_00442,delivery
SMS_001799,2022-08-08,PERSON_00445,PERSON_00374,PHONE_00445,meeting
SMS_001800,2022-02-28,PERSON_00448,PERSON_00415,PHONE_00448,family
SMS_001801,2024-04-18,PERSON_00001,PERSON_00006,PHONE_00001,OTP
SMS_001802,2021-09-23,PERSON_00004,PERSON_00047,PHONE_00004,short coordination
SMS_001803,2024-04-18,PERSON_00007,PERSON_00088,PHONE_00007,work
SMS_001804,2025-04-25,PERSON_00010,PERSON_00129,PHONE_00010,short coordination
SMS_001805,2022-12-14,PERSON_00013,PERSON_00170,PHONE_00013,OTP
SMS_001806,2024-08-06,PERSON_00016,PERSON_00211,PHONE_00016,delivery
SMS_001807,2024-07-02,PERSON_00019,PERSON_00252,PHONE_00019,meeting
SMS_001808,2021-09-11,PERSON_00022,PERSON_00293,PHONE_00022,OTP
SMS_001809,2026-05-04,PERSON_00025,PERSON_00334,PHONE_00025,OTP
SMS_001810,2023-02-16,PERSON_00028,PERSON_00375,PHONE_00028,family
SMS_001811,2023-10-17,PERSON_00031,PERSON_00416,PHONE_00031,short coordination
SMS_001812,2025-04-24,PERSON_00034,PERSON_00007,PHONE_00034,work
SMS_001813,2021-12-03,PERSON_00037,PERSON_00048,PHONE_00037,work
SMS_001814,2021-04-04,PERSON_00040,PERSON_00089,PHONE_00040,short coordination
SMS_001815,2021-12-05,PERSON_00043,PERSON_00130,PHONE_00043,delivery
SMS_001816,2023-11-29,PERSON_00046,PERSON_00171,PHONE_00046,meeting
SMS_001817,2023-04-30,PERSON_00049,PERSON_00212,PHONE_00049,delivery
SMS_001818,2021-06-25,PERSON_00052,PERSON_00253,PHONE_00052,short coordination
SMS_001819,2024-02-25,PERSON_00055,PERSON_00294,PHONE_00055,short coordination
SMS_001820,2022-06-05,PERSON_00058,PERSON_00335,PHONE_00058,work
SMS_001821,2021-09-22,PERSON_00061,PERSON_00376,PHONE_00061,work
SMS_001822,2024-07-29,PERSON_00064,PERSON_00417,PHONE_00064,OTP
SMS_001823,2022-08-12,PERSON_00067,PERSON_00008,PHONE_00067,work
SMS_001824,2024-03-18,PERSON_00070,PERSON_00049,PHONE_00070,meeting
SMS_001825,2024-01-16,PERSON_00073,PERSON_00090,PHONE_00073,short coordination
SMS_001826,2021-07-19,PERSON_00076,PERSON_00131,PHONE_00076,OTP
SMS_001827,2025-09-07,PERSON_00079,PERSON_00172,PHONE_00079,short coordination
SMS_001828,2023-07-22,PERSON_00082,PERSON_00213,PHONE_00082,OTP
SMS_001829,2023-10-27,PERSON_00085,PERSON_00254,PHONE_00085,delivery
SMS_001830,2022-04-08,PERSON_00088,PERSON_00295,PHONE_00088,work
SMS_001831,2022-05-10,PERSON_00091,PERSON_00336,PHONE_00091,meeting
SMS_001832,2024-10-25,PERSON_00094,PERSON_00377,PHONE_00094,meeting
SMS_001833,2024-11-18,PERSON_00097,PERSON_00418,PHONE_00097,meeting
SMS_001834,2025-03-20,PERSON_00100,PERSON_00009,PHONE_00100,work
SMS_001835,2023-12-03,PERSON_00103,PERSON_00050,PHONE_00103,work
SMS_001836,2025-05-12,PERSON_00106,PERSON_00091,PHONE_00106,meeting
SMS_001837,2023-12-22,PERSON_00109,PERSON_00132,PHONE_00109,delivery
SMS_001838,2023-10-26,PERSON_00112,PERSON_00173,PHONE_00112,short coordination
SMS_001839,2022-10-25,PERSON_00115,PERSON_00214,PHONE_00115,OTP
SMS_001840,2021-09-27,PERSON_00118,PERSON_00255,PHONE_00118,delivery
SMS_001841,2021-08-03,PERSON_00121,PERSON_00296,PHONE_00121,meeting
SMS_001842,2023-06-10,PERSON_00124,PERSON_00337,PHONE_00124,work
SMS_001843,2021-09-12,PERSON_00127,PERSON_00378,PHONE_00127,meeting
SMS_001844,2024-11-24,PERSON_00130,PERSON_00419,PHONE_00130,OTP
SMS_001845,2022-07-31,PERSON_00133,PERSON_00010,PHONE_00133,short coordination
SMS_001846,2023-11-11,PERSON_00136,PERSON_00051,PHONE_00136,family
SMS_001847,2021-09-28,PERSON_00139,PERSON_00092,PHONE_00139,OTP
SMS_001848,2023-07-13,PERSON_00142,PERSON_00133,PHONE_00142,meeting
SMS_001849,2026-06-27,PERSON_00145,PERSON_00174,PHONE_00145,OTP
SMS_001850,2023-12-06,PERSON_00148,PERSON_00215,PHONE_00148,meeting
SMS_001851,2023-08-09,PERSON_00151,PERSON_00256,PHONE_00151,delivery
SMS_001852,2025-02-03,PERSON_00154,PERSON_00297,PHONE_00154,short coordination
SMS_001853,2025-09-02,PERSON_00157,PERSON_00338,PHONE_00157,OTP
SMS_001854,2021-08-06,PERSON_00160,PERSON_00379,PHONE_00160,short coordination
SMS_001855,2025-07-06,PERSON_00163,PERSON_00420,PHONE_00163,work
SMS_001856,2023-05-26,PERSON_00166,PERSON_00011,PHONE_00166,OTP
SMS_001857,2021-04-26,PERSON_00169,PERSON_00052,PHONE_00169,delivery
SMS_001858,2026-02-22,PERSON_00172,PERSON_00093,PHONE_00172,short coordination
SMS_001859,2022-08-03,PERSON_00175,PERSON_00134,PHONE_00175,meeting
SMS_001860,2025-06-28,PERSON_00178,PERSON_00175,PHONE_00178,delivery
SMS_001861,2024-05-29,PERSON_00181,PERSON_00216,PHONE_00181,delivery
SMS_001862,2026-05-06,PERSON_00184,PERSON_00257,PHONE_00184,meeting
SMS_001863,2025-08-29,PERSON_00187,PERSON_00298,PHONE_00187,OTP
SMS_001864,2021-01-11,PERSON_00190,PERSON_00339,PHONE_00190,short coordination
SMS_001865,2023-07-24,PERSON_00193,PERSON_00380,PHONE_00193,short coordination
SMS_001866,2021-01-03,PERSON_00196,PERSON_00421,PHONE_00196,family
SMS_001867,2021-12-15,PERSON_00199,PERSON_00012,PHONE_00199,OTP
SMS_001868,2024-08-06,PERSON_00202,PERSON_00053,PHONE_00202,OTP
SMS_001869,2022-01-25,PERSON_00205,PERSON_00094,PHONE_00205,delivery
SMS_001870,2026-05-30,PERSON_00208,PERSON_00135,PHONE_00208,family
SMS_001871,2026-05-28,PERSON_00211,PERSON_00176,PHONE_00211,short coordination
SMS_001872,2022-06-12,PERSON_00214,PERSON_00217,PHONE_00214,short coordination
SMS_001873,2025-05-10,PERSON_00217,PERSON_00258,PHONE_00217,OTP
SMS_001874,2025-07-05,PERSON_00220,PERSON_00299,PHONE_00220,family
SMS_001875,2026-04-03,PERSON_00223,PERSON_00340,PHONE_00223,short coordination
SMS_001876,2023-02-25,PERSON_00226,PERSON_00381,PHONE_00226,OTP
SMS_001877,2022-09-09,PERSON_00229,PERSON_00422,PHONE_00229,family
SMS_001878,2023-09-28,PERSON_00232,PERSON_00013,PHONE_00232,work
SMS_001879,2022-05-01,PERSON_00235,PERSON_00054,PHONE_00235,delivery
SMS_001880,2021-09-23,PERSON_00238,PERSON_00095,PHONE_00238,OTP
SMS_001881,2021-02-10,PERSON_00241,PERSON_00136,PHONE_00241,family
SMS_001882,2022-07-13,PERSON_00244,PERSON_00177,PHONE_00244,OTP
SMS_001883,2025-02-08,PERSON_00247,PERSON_00218,PHONE_00247,meeting
SMS_001884,2021-09-17,PERSON_00250,PERSON_00259,PHONE_00250,OTP
SMS_001885,2025-11-20,PERSON_00253,PERSON_00300,PHONE_00253,family
SMS_001886,2025-01-29,PERSON_00256,PERSON_00341,PHONE_00256,family
SMS_001887,2021-08-25,PERSON_00259,PERSON_00382,PHONE_00259,work
SMS_001888,2026-03-28,PERSON_00262,PERSON_00423,PHONE_00262,meeting
SMS_001889,2023-09-27,PERSON_00265,PERSON_00014,PHONE_00265,short coordination
SMS_001890,2022-09-14,PERSON_00268,PERSON_00055,PHONE_00268,meeting
SMS_001891,2024-05-11,PERSON_00271,PERSON_00096,PHONE_00271,work
SMS_001892,2025-03-09,PERSON_00274,PERSON_00137,PHONE_00274,family
SMS_001893,2025-09-05,PERSON_00277,PERSON_00178,PHONE_00277,family
SMS_001894,2025-06-02,PERSON_00280,PERSON_00219,PHONE_00280,delivery
SMS_001895,2021-05-04,PERSON_00283,PERSON_00260,PHONE_00283,short coordination
SMS_001896,2021-08-17,PERSON_00286,PERSON_00301,PHONE_00286,meeting
SMS_001897,2024-09-09,PERSON_00289,PERSON_00342,PHONE_00289,work
SMS_001898,2024-04-03,PERSON_00292,PERSON_00383,PHONE_00292,meeting
SMS_001899,2024-10-30,PERSON_00295,PERSON_00424,PHONE_00295,work
SMS_001900,2024-03-09,PERSON_00298,PERSON_00015,PHONE_00298,OTP
SMS_001901,2022-09-26,PERSON_00301,PERSON_00056,PHONE_00301,OTP
SMS_001902,2024-10-28,PERSON_00304,PERSON_00097,PHONE_00304,delivery
SMS_001903,2025-01-03,PERSON_00307,PERSON_00138,PHONE_00307,OTP
SMS_001904,2023-03-12,PERSON_00310,PERSON_00179,PHONE_00310,family
SMS_001905,2025-11-29,PERSON_00313,PERSON_00220,PHONE_00313,OTP
SMS_001906,2024-12-30,PERSON_00316,PERSON_00261,PHONE_00316,delivery
SMS_001907,2023-10-26,PERSON_00319,PERSON_00302,PHONE_00319,OTP
SMS_001908,2023-04-13,PERSON_00322,PERSON_00343,PHONE_00322,family
SMS_001909,2025-01-02,PERSON_00325,PERSON_00384,PHONE_00325,meeting
SMS_001910,2021-01-23,PERSON_00328,PERSON_00425,PHONE_00328,short coordination
SMS_001911,2025-11-08,PERSON_00331,PERSON_00016,PHONE_00331,OTP
SMS_001912,2022-07-22,PERSON_00334,PERSON_00057,PHONE_00334,family
SMS_001913,2021-08-22,PERSON_00337,PERSON_00098,PHONE_00337,OTP
SMS_001914,2023-03-01,PERSON_00340,PERSON_00139,PHONE_00340,family
SMS_001915,2022-11-11,PERSON_00343,PERSON_00180,PHONE_00343,OTP
SMS_001916,2021-11-04,PERSON_00346,PERSON_00221,PHONE_00346,OTP
SMS_001917,2021-01-08,PERSON_00349,PERSON_00262,PHONE_00349,meeting
SMS_001918,2021-08-17,PERSON_00352,PERSON_00303,PHONE_00352,short coordination
SMS_001919,2022-10-27,PERSON_00355,PERSON_00344,PHONE_00355,delivery
SMS_001920,2022-11-27,PERSON_00358,PERSON_00385,PHONE_00358,delivery
SMS_001921,2023-04-27,PERSON_00361,PERSON_00426,PHONE_00361,work
SMS_001922,2023-08-25,PERSON_00364,PERSON_00017,PHONE_00364,short coordination
SMS_001923,2025-11-17,PERSON_00367,PERSON_00058,PHONE_00367,short coordination
SMS_001924,2024-04-02,PERSON_00370,PERSON_00099,PHONE_00370,short coordination
SMS_001925,2026-06-10,PERSON_00373,PERSON_00140,PHONE_00373,delivery
SMS_001926,2023-02-09,PERSON_00376,PERSON_00181,PHONE_00376,delivery
SMS_001927,2021-08-26,PERSON_00379,PERSON_00222,PHONE_00379,meeting
SMS_001928,2024-05-19,PERSON_00382,PERSON_00263,PHONE_00382,delivery
SMS_001929,2025-11-13,PERSON_00385,PERSON_00304,PHONE_00385,family
SMS_001930,2022-07-30,PERSON_00388,PERSON_00345,PHONE_00388,work
SMS_001931,2022-01-10,PERSON_00391,PERSON_00386,PHONE_00391,delivery
SMS_001932,2025-11-19,PERSON_00394,PERSON_00427,PHONE_00394,OTP
SMS_001933,2025-10-06,PERSON_00397,PERSON_00018,PHONE_00397,family
SMS_001934,2025-11-10,PERSON_00400,PERSON_00059,PHONE_00400,short coordination
SMS_001935,2022-12-12,PERSON_00403,PERSON_00100,PHONE_00403,short coordination
SMS_001936,2023-04-19,PERSON_00406,PERSON_00141,PHONE_00406,work
SMS_001937,2024-06-30,PERSON_00409,PERSON_00182,PHONE_00409,work
SMS_001938,2026-03-29,PERSON_00412,PERSON_00223,PHONE_00412,meeting
SMS_001939,2021-06-09,PERSON_00415,PERSON_00264,PHONE_00415,short coordination
SMS_001940,2026-05-08,PERSON_00418,PERSON_00305,PHONE_00418,family
SMS_001941,2022-12-18,PERSON_00421,PERSON_00346,PHONE_00421,OTP
SMS_001942,2021-08-19,PERSON_00424,PERSON_00387,PHONE_00424,meeting
SMS_001943,2025-06-22,PERSON_00427,PERSON_00428,PHONE_00427,meeting
SMS_001944,2022-02-24,PERSON_00430,PERSON_00019,PHONE_00430,OTP
SMS_001945,2022-11-12,PERSON_00433,PERSON_00060,PHONE_00433,OTP
SMS_001946,2021-01-07,PERSON_00436,PERSON_00101,PHONE_00436,OTP
SMS_001947,2025-06-09,PERSON_00439,PERSON_00142,PHONE_00439,work
SMS_001948,2023-11-04,PERSON_00442,PERSON_00183,PHONE_00442,work
SMS_001949,2023-04-08,PERSON_00445,PERSON_00224,PHONE_00445,meeting
SMS_001950,2022-10-26,PERSON_00448,PERSON_00265,PHONE_00448,work
SMS_001951,2025-03-27,PERSON_00001,PERSON_00306,PHONE_00001,delivery
SMS_001952,2022-04-12,PERSON_00004,PERSON_00347,PHONE_00004,delivery
SMS_001953,2021-02-11,PERSON_00007,PERSON_00388,PHONE_00007,family
SMS_001954,2021-08-31,PERSON_00010,PERSON_00429,PHONE_00010,OTP
SMS_001955,2021-09-10,PERSON_00013,PERSON_00020,PHONE_00013,OTP
SMS_001956,2022-03-13,PERSON_00016,PERSON_00061,PHONE_00016,work
SMS_001957,2026-04-20,PERSON_00019,PERSON_00102,PHONE_00019,short coordination
SMS_001958,2021-04-11,PERSON_00022,PERSON_00143,PHONE_00022,work
SMS_001959,2023-09-21,PERSON_00025,PERSON_00184,PHONE_00025,family
SMS_001960,2024-03-21,PERSON_00028,PERSON_00225,PHONE_00028,meeting
SMS_001961,2022-06-03,PERSON_00031,PERSON_00266,PHONE_00031,family
SMS_001962,2023-05-23,PERSON_00034,PERSON_00307,PHONE_00034,OTP
SMS_001963,2022-11-16,PERSON_00037,PERSON_00348,PHONE_00037,meeting
SMS_001964,2022-04-09,PERSON_00040,PERSON_00389,PHONE_00040,delivery
SMS_001965,2023-05-13,PERSON_00043,PERSON_00430,PHONE_00043,OTP
SMS_001966,2022-02-22,PERSON_00046,PERSON_00021,PHONE_00046,meeting
SMS_001967,2025-06-11,PERSON_00049,PERSON_00062,PHONE_00049,delivery
SMS_001968,2025-09-18,PERSON_00052,PERSON_00103,PHONE_00052,meeting
SMS_001969,2025-11-04,PERSON_00055,PERSON_00144,PHONE_00055,delivery
SMS_001970,2023-05-18,PERSON_00058,PERSON_00185,PHONE_00058,delivery
SMS_001971,2026-01-17,PERSON_00061,PERSON_00226,PHONE_00061,meeting
SMS_001972,2022-03-25,PERSON_00064,PERSON_00267,PHONE_00064,OTP
SMS_001973,2024-01-28,PERSON_00067,PERSON_00308,PHONE_00067,meeting
SMS_001974,2025-03-09,PERSON_00070,PERSON_00349,PHONE_00070,short coordination
SMS_001975,2022-06-20,PERSON_00073,PERSON_00390,PHONE_00073,work
SMS_001976,2021-11-06,PERSON_00076,PERSON_00431,PHONE_00076,short coordination
SMS_001977,2026-01-31,PERSON_00079,PERSON_00022,PHONE_00079,family
SMS_001978,2024-01-03,PERSON_00082,PERSON_00063,PHONE_00082,work
SMS_001979,2022-09-06,PERSON_00085,PERSON_00104,PHONE_00085,meeting
SMS_001980,2022-06-26,PERSON_00088,PERSON_00145,PHONE_00088,meeting
SMS_001981,2021-07-30,PERSON_00091,PERSON_00186,PHONE_00091,short coordination
SMS_001982,2024-06-11,PERSON_00094,PERSON_00227,PHONE_00094,family
SMS_001983,2021-10-24,PERSON_00097,PERSON_00268,PHONE_00097,work
SMS_001984,2023-01-07,PERSON_00100,PERSON_00309,PHONE_00100,OTP
SMS_001985,2021-01-31,PERSON_00103,PERSON_00350,PHONE_00103,meeting
SMS_001986,2025-12-02,PERSON_00106,PERSON_00391,PHONE_00106,short coordination
SMS_001987,2025-09-17,PERSON_00109,PERSON_00432,PHONE_00109,OTP
SMS_001988,2024-03-27,PERSON_00112,PERSON_00023,PHONE_00112,family
SMS_001989,2024-10-10,PERSON_00115,PERSON_00064,PHONE_00115,meeting
SMS_001990,2022-08-20,PERSON_00118,PERSON_00105,PHONE_00118,short coordination
SMS_001991,2026-02-22,PERSON_00121,PERSON_00146,PHONE_00121,OTP
SMS_001992,2021-03-12,PERSON_00124,PERSON_00187,PHONE_00124,meeting
SMS_001993,2025-06-11,PERSON_00127,PERSON_00228,PHONE_00127,OTP
SMS_001994,2021-10-24,PERSON_00130,PERSON_00269,PHONE_00130,meeting
SMS_001995,2024-04-17,PERSON_00133,PERSON_00310,PHONE_00133,family
SMS_001996,2024-03-08,PERSON_00136,PERSON_00351,PHONE_00136,work
SMS_001997,2021-12-25,PERSON_00139,PERSON_00392,PHONE_00139,OTP
SMS_001998,2023-07-10,PERSON_00142,PERSON_00433,PHONE_00142,OTP
SMS_001999,2023-05-14,PERSON_00145,PERSON_00024,PHONE_00145,short coordination
SMS_002000,2023-02-28,PERSON_00148,PERSON_00065,PHONE_00148,short coordination
SMS_002001,2022-04-13,PERSON_00151,PERSON_00106,PHONE_00151,work
SMS_002002,2023-07-05,PERSON_00154,PERSON_00147,PHONE_00154,delivery
SMS_002003,2023-10-19,PERSON_00157,PERSON_00188,PHONE_00157,work
SMS_002004,2021-01-15,PERSON_00160,PERSON_00229,PHONE_00160,work
SMS_002005,2022-09-28,PERSON_00163,PERSON_00270,PHONE_00163,delivery
SMS_002006,2026-06-23,PERSON_00166,PERSON_00311,PHONE_00166,short coordination
SMS_002007,2024-07-23,PERSON_00169,PERSON_00352,PHONE_00169,family
SMS_002008,2022-01-18,PERSON_00172,PERSON_00393,PHONE_00172,delivery
SMS_002009,2022-06-24,PERSON_00175,PERSON_00434,PHONE_00175,meeting
SMS_002010,2025-08-25,PERSON_00178,PERSON_00025,PHONE_00178,meeting
SMS_002011,2024-09-22,PERSON_00181,PERSON_00066,PHONE_00181,work
SMS_002012,2023-10-21,PERSON_00184,PERSON_00107,PHONE_00184,work
SMS_002013,2024-04-24,PERSON_00187,PERSON_00148,PHONE_00187,delivery
SMS_002014,2025-02-26,PERSON_00190,PERSON_00189,PHONE_00190,family
SMS_002015,2024-05-31,PERSON_00193,PERSON_00230,PHONE_00193,short coordination
SMS_002016,2024-04-23,PERSON_00196,PERSON_00271,PHONE_00196,short coordination
SMS_002017,2023-05-31,PERSON_00199,PERSON_00312,PHONE_00199,meeting
SMS_002018,2021-11-18,PERSON_00202,PERSON_00353,PHONE_00202,short coordination
SMS_002019,2024-10-11,PERSON_00205,PERSON_00394,PHONE_00205,OTP
SMS_002020,2026-01-14,PERSON_00208,PERSON_00435,PHONE_00208,meeting
SMS_002021,2026-02-08,PERSON_00211,PERSON_00026,PHONE_00211,work
SMS_002022,2026-01-09,PERSON_00214,PERSON_00067,PHONE_00214,work
SMS_002023,2021-07-26,PERSON_00217,PERSON_00108,PHONE_00217,delivery
SMS_002024,2023-11-15,PERSON_00220,PERSON_00149,PHONE_00220,OTP
SMS_002025,2022-09-11,PERSON_00223,PERSON_00190,PHONE_00223,meeting
SMS_002026,2024-06-24,PERSON_00226,PERSON_00231,PHONE_00226,OTP
SMS_002027,2023-01-12,PERSON_00229,PERSON_00272,PHONE_00229,short coordination
SMS_002028,2024-04-08,PERSON_00232,PERSON_00313,PHONE_00232,OTP
SMS_002029,2022-08-24,PERSON_00235,PERSON_00354,PHONE_00235,work
SMS_002030,2025-09-03,PERSON_00238,PERSON_00395,PHONE_00238,delivery
SMS_002031,2026-04-06,PERSON_00241,PERSON_00436,PHONE_00241,short coordination
SMS_002032,2022-09-07,PERSON_00244,PERSON_00027,PHONE_00244,OTP
SMS_002033,2024-01-16,PERSON_00247,PERSON_00068,PHONE_00247,delivery
SMS_002034,2024-06-24,PERSON_00250,PERSON_00109,PHONE_00250,short coordination
SMS_002035,2024-12-14,PERSON_00253,PERSON_00150,PHONE_00253,delivery
SMS_002036,2026-02-18,PERSON_00256,PERSON_00191,PHONE_00256,OTP
SMS_002037,2024-11-24,PERSON_00259,PERSON_00232,PHONE_00259,meeting
SMS_002038,2025-09-14,PERSON_00262,PERSON_00273,PHONE_00262,family
SMS_002039,2022-02-23,PERSON_00265,PERSON_00314,PHONE_00265,family
SMS_002040,2023-01-10,PERSON_00268,PERSON_00355,PHONE_00268,meeting
SMS_002041,2023-01-03,PERSON_00271,PERSON_00396,PHONE_00271,family
SMS_002042,2022-12-12,PERSON_00274,PERSON_00437,PHONE_00274,OTP
SMS_002043,2022-04-14,PERSON_00277,PERSON_00028,PHONE_00277,meeting
SMS_002044,2021-12-03,PERSON_00280,PERSON_00069,PHONE_00280,OTP
SMS_002045,2026-02-08,PERSON_00283,PERSON_00110,PHONE_00283,meeting
SMS_002046,2023-03-27,PERSON_00286,PERSON_00151,PHONE_00286,delivery
SMS_002047,2023-10-27,PERSON_00289,PERSON_00192,PHONE_00289,short coordination
SMS_002048,2022-12-25,PERSON_00292,PERSON_00233,PHONE_00292,work
SMS_002049,2021-08-23,PERSON_00295,PERSON_00274,PHONE_00295,family
SMS_002050,2025-08-26,PERSON_00298,PERSON_00315,PHONE_00298,meeting
SMS_002051,2026-03-28,PERSON_00301,PERSON_00356,PHONE_00301,OTP
SMS_002052,2021-09-25,PERSON_00304,PERSON_00397,PHONE_00304,delivery
SMS_002053,2022-02-27,PERSON_00307,PERSON_00438,PHONE_00307,OTP
SMS_002054,2021-06-09,PERSON_00310,PERSON_00029,PHONE_00310,meeting
SMS_002055,2022-05-24,PERSON_00313,PERSON_00070,PHONE_00313,work
SMS_002056,2023-08-11,PERSON_00316,PERSON_00111,PHONE_00316,delivery
SMS_002057,2022-05-28,PERSON_00319,PERSON_00152,PHONE_00319,delivery
SMS_002058,2026-03-12,PERSON_00322,PERSON_00193,PHONE_00322,short coordination
SMS_002059,2021-11-13,PERSON_00325,PERSON_00234,PHONE_00325,OTP
SMS_002060,2025-06-17,PERSON_00328,PERSON_00275,PHONE_00328,family
SMS_002061,2022-03-11,PERSON_00331,PERSON_00316,PHONE_00331,delivery
SMS_002062,2026-03-04,PERSON_00334,PERSON_00357,PHONE_00334,OTP
SMS_002063,2021-08-05,PERSON_00337,PERSON_00398,PHONE_00337,delivery
SMS_002064,2024-05-11,PERSON_00340,PERSON_00439,PHONE_00340,family
SMS_002065,2022-06-27,PERSON_00343,PERSON_00030,PHONE_00343,work
SMS_002066,2026-04-04,PERSON_00346,PERSON_00071,PHONE_00346,family
SMS_002067,2025-08-06,PERSON_00349,PERSON_00112,PHONE_00349,short coordination
SMS_002068,2026-04-10,PERSON_00352,PERSON_00153,PHONE_00352,work
SMS_002069,2023-05-11,PERSON_00355,PERSON_00194,PHONE_00355,meeting
SMS_002070,2022-04-25,PERSON_00358,PERSON_00235,PHONE_00358,short coordination
SMS_002071,2022-09-28,PERSON_00361,PERSON_00276,PHONE_00361,work
SMS_002072,2022-02-22,PERSON_00364,PERSON_00317,PHONE_00364,delivery
SMS_002073,2024-11-18,PERSON_00367,PERSON_00358,PHONE_00367,work
SMS_002074,2024-10-15,PERSON_00370,PERSON_00399,PHONE_00370,work
SMS_002075,2026-03-01,PERSON_00373,PERSON_00440,PHONE_00373,short coordination
SMS_002076,2022-09-01,PERSON_00376,PERSON_00031,PHONE_00376,OTP
SMS_002077,2023-07-29,PERSON_00379,PERSON_00072,PHONE_00379,OTP
SMS_002078,2025-12-28,PERSON_00382,PERSON_00113,PHONE_00382,meeting
SMS_002079,2021-12-12,PERSON_00385,PERSON_00154,PHONE_00385,work
SMS_002080,2024-12-28,PERSON_00388,PERSON_00195,PHONE_00388,short coordination
SMS_002081,2022-10-11,PERSON_00391,PERSON_00236,PHONE_00391,delivery
SMS_002082,2025-04-24,PERSON_00394,PERSON_00277,PHONE_00394,OTP
SMS_002083,2023-12-27,PERSON_00397,PERSON_00318,PHONE_00397,OTP
SMS_002084,2024-12-06,PERSON_00400,PERSON_00359,PHONE_00400,family
SMS_002085,2022-05-21,PERSON_00403,PERSON_00400,PHONE_00403,OTP
SMS_002086,2024-04-11,PERSON_00406,PERSON_00441,PHONE_00406,work
SMS_002087,2024-12-18,PERSON_00409,PERSON_00032,PHONE_00409,meeting
SMS_002088,2021-05-09,PERSON_00412,PERSON_00073,PHONE_00412,delivery
SMS_002089,2025-02-01,PERSON_00415,PERSON_00114,PHONE_00415,family
SMS_002090,2023-12-26,PERSON_00418,PERSON_00155,PHONE_00418,family
SMS_002091,2024-04-13,PERSON_00421,PERSON_00196,PHONE_00421,meeting
SMS_002092,2022-07-07,PERSON_00424,PERSON_00237,PHONE_00424,meeting
SMS_002093,2023-11-10,PERSON_00427,PERSON_00278,PHONE_00427,family
SMS_002094,2021-10-04,PERSON_00430,PERSON_00319,PHONE_00430,delivery
SMS_002095,2023-08-10,PERSON_00433,PERSON_00360,PHONE_00433,family
SMS_002096,2025-03-03,PERSON_00436,PERSON_00401,PHONE_00436,work
SMS_002097,2025-05-30,PERSON_00439,PERSON_00442,PHONE_00439,family
SMS_002098,2023-08-19,PERSON_00442,PERSON_00033,PHONE_00442,delivery
SMS_002099,2024-07-31,PERSON_00445,PERSON_00074,PHONE_00445,meeting
SMS_002100,2025-10-26,PERSON_00448,PERSON_00115,PHONE_00448,short coordination
SMS_002101,2024-12-30,PERSON_00001,PERSON_00156,PHONE_00001,delivery
SMS_002102,2024-07-02,PERSON_00004,PERSON_00197,PHONE_00004,delivery
SMS_002103,2024-04-04,PERSON_00007,PERSON_00238,PHONE_00007,delivery
SMS_002104,2025-08-12,PERSON_00010,PERSON_00279,PHONE_00010,delivery
SMS_002105,2026-02-23,PERSON_00013,PERSON_00320,PHONE_00013,family
SMS_002106,2022-12-20,PERSON_00016,PERSON_00361,PHONE_00016,meeting
SMS_002107,2025-09-30,PERSON_00019,PERSON_00402,PHONE_00019,OTP
SMS_002108,2021-10-17,PERSON_00022,PERSON_00443,PHONE_00022,OTP
SMS_002109,2023-08-15,PERSON_00025,PERSON_00034,PHONE_00025,OTP
SMS_002110,2022-09-27,PERSON_00028,PERSON_00075,PHONE_00028,meeting
SMS_002111,2021-02-19,PERSON_00031,PERSON_00116,PHONE_00031,work
SMS_002112,2025-06-29,PERSON_00034,PERSON_00157,PHONE_00034,delivery
SMS_002113,2025-09-12,PERSON_00037,PERSON_00198,PHONE_00037,short coordination
SMS_002114,2022-10-03,PERSON_00040,PERSON_00239,PHONE_00040,short coordination
SMS_002115,2021-06-21,PERSON_00043,PERSON_00280,PHONE_00043,family
SMS_002116,2021-09-14,PERSON_00046,PERSON_00321,PHONE_00046,OTP
SMS_002117,2023-05-15,PERSON_00049,PERSON_00362,PHONE_00049,delivery
SMS_002118,2022-10-16,PERSON_00052,PERSON_00403,PHONE_00052,work
SMS_002119,2021-10-12,PERSON_00055,PERSON_00444,PHONE_00055,meeting
SMS_002120,2022-04-20,PERSON_00058,PERSON_00035,PHONE_00058,family
SMS_002121,2022-04-22,PERSON_00061,PERSON_00076,PHONE_00061,meeting
SMS_002122,2023-06-11,PERSON_00064,PERSON_00117,PHONE_00064,short coordination
SMS_002123,2026-02-11,PERSON_00067,PERSON_00158,PHONE_00067,family
SMS_002124,2021-12-08,PERSON_00070,PERSON_00199,PHONE_00070,work
SMS_002125,2022-02-10,PERSON_00073,PERSON_00240,PHONE_00073,work
SMS_002126,2021-02-17,PERSON_00076,PERSON_00281,PHONE_00076,family
SMS_002127,2026-05-14,PERSON_00079,PERSON_00322,PHONE_00079,work
SMS_002128,2021-09-01,PERSON_00082,PERSON_00363,PHONE_00082,meeting
SMS_002129,2023-06-30,PERSON_00085,PERSON_00404,PHONE_00085,work
SMS_002130,2022-09-11,PERSON_00088,PERSON_00445,PHONE_00088,family
SMS_002131,2023-11-25,PERSON_00091,PERSON_00036,PHONE_00091,family
SMS_002132,2022-01-15,PERSON_00094,PERSON_00077,PHONE_00094,OTP
SMS_002133,2023-11-13,PERSON_00097,PERSON_00118,PHONE_00097,delivery
SMS_002134,2025-05-12,PERSON_00100,PERSON_00159,PHONE_00100,OTP
SMS_002135,2024-09-07,PERSON_00103,PERSON_00200,PHONE_00103,family
SMS_002136,2024-06-08,PERSON_00106,PERSON_00241,PHONE_00106,work
SMS_002137,2024-10-16,PERSON_00109,PERSON_00282,PHONE_00109,OTP
SMS_002138,2026-01-07,PERSON_00112,PERSON_00323,PHONE_00112,family
SMS_002139,2024-06-07,PERSON_00115,PERSON_00364,PHONE_00115,OTP
SMS_002140,2023-03-22,PERSON_00118,PERSON_00405,PHONE_00118,meeting
SMS_002141,2022-05-02,PERSON_00121,PERSON_00446,PHONE_00121,family
SMS_002142,2024-09-26,PERSON_00124,PERSON_00037,PHONE_00124,delivery
SMS_002143,2024-09-14,PERSON_00127,PERSON_00078,PHONE_00127,short coordination
SMS_002144,2023-03-28,PERSON_00130,PERSON_00119,PHONE_00130,delivery
SMS_002145,2025-08-06,PERSON_00133,PERSON_00160,PHONE_00133,family
SMS_002146,2025-05-31,PERSON_00136,PERSON_00201,PHONE_00136,meeting
SMS_002147,2024-07-10,PERSON_00139,PERSON_00242,PHONE_00139,work
SMS_002148,2024-12-27,PERSON_00142,PERSON_00283,PHONE_00142,work
SMS_002149,2026-06-10,PERSON_00145,PERSON_00324,PHONE_00145,family
SMS_002150,2024-08-14,PERSON_00148,PERSON_00365,PHONE_00148,OTP
SMS_002151,2026-03-10,PERSON_00151,PERSON_00406,PHONE_00151,meeting
SMS_002152,2022-12-04,PERSON_00154,PERSON_00447,PHONE_00154,OTP
SMS_002153,2026-05-07,PERSON_00157,PERSON_00038,PHONE_00157,meeting
SMS_002154,2021-10-16,PERSON_00160,PERSON_00079,PHONE_00160,OTP
SMS_002155,2024-07-30,PERSON_00163,PERSON_00120,PHONE_00163,OTP
SMS_002156,2025-01-18,PERSON_00166,PERSON_00161,PHONE_00166,family
SMS_002157,2022-11-07,PERSON_00169,PERSON_00202,PHONE_00169,short coordination
SMS_002158,2026-02-07,PERSON_00172,PERSON_00243,PHONE_00172,OTP
SMS_002159,2024-02-04,PERSON_00175,PERSON_00284,PHONE_00175,short coordination
SMS_002160,2023-09-15,PERSON_00178,PERSON_00325,PHONE_00178,OTP
SMS_002161,2021-01-11,PERSON_00181,PERSON_00366,PHONE_00181,OTP
SMS_002162,2025-04-13,PERSON_00184,PERSON_00407,PHONE_00184,short coordination
SMS_002163,2023-05-06,PERSON_00187,PERSON_00448,PHONE_00187,work
SMS_002164,2022-09-30,PERSON_00190,PERSON_00039,PHONE_00190,OTP
SMS_002165,2021-07-26,PERSON_00193,PERSON_00080,PHONE_00193,short coordination
SMS_002166,2026-05-02,PERSON_00196,PERSON_00121,PHONE_00196,meeting
SMS_002167,2023-11-20,PERSON_00199,PERSON_00162,PHONE_00199,short coordination
SMS_002168,2023-02-03,PERSON_00202,PERSON_00203,PHONE_00202,work
SMS_002169,2022-12-04,PERSON_00205,PERSON_00244,PHONE_00205,work
SMS_002170,2022-09-19,PERSON_00208,PERSON_00285,PHONE_00208,family
SMS_002171,2021-08-26,PERSON_00211,PERSON_00326,PHONE_00211,work
SMS_002172,2022-07-16,PERSON_00214,PERSON_00367,PHONE_00214,meeting
SMS_002173,2024-09-25,PERSON_00217,PERSON_00408,PHONE_00217,short coordination
SMS_002174,2022-11-21,PERSON_00220,PERSON_00449,PHONE_00220,work
SMS_002175,2023-09-22,PERSON_00223,PERSON_00040,PHONE_00223,meeting
SMS_002176,2023-12-04,PERSON_00226,PERSON_00081,PHONE_00226,work
SMS_002177,2023-09-01,PERSON_00229,PERSON_00122,PHONE_00229,meeting
SMS_002178,2021-04-29,PERSON_00232,PERSON_00163,PHONE_00232,OTP
SMS_002179,2023-04-22,PERSON_00235,PERSON_00204,PHONE_00235,family
SMS_002180,2023-01-12,PERSON_00238,PERSON_00245,PHONE_00238,meeting
SMS_002181,2022-07-10,PERSON_00241,PERSON_00286,PHONE_00241,family
SMS_002182,2025-07-11,PERSON_00244,PERSON_00327,PHONE_00244,delivery
SMS_002183,2023-07-13,PERSON_00247,PERSON_00368,PHONE_00247,work
SMS_002184,2022-02-16,PERSON_00250,PERSON_00409,PHONE_00250,short coordination
SMS_002185,2022-10-01,PERSON_00253,PERSON_00450,PHONE_00253,work
SMS_002186,2023-09-13,PERSON_00256,PERSON_00041,PHONE_00256,OTP
SMS_002187,2024-10-11,PERSON_00259,PERSON_00082,PHONE_00259,work
SMS_002188,2024-10-24,PERSON_00262,PERSON_00123,PHONE_00262,meeting
SMS_002189,2026-01-27,PERSON_00265,PERSON_00164,PHONE_00265,OTP
SMS_002190,2025-02-04,PERSON_00268,PERSON_00205,PHONE_00268,OTP
SMS_002191,2022-06-30,PERSON_00271,PERSON_00246,PHONE_00271,family
SMS_002192,2021-11-11,PERSON_00274,PERSON_00287,PHONE_00274,short coordination
SMS_002193,2021-06-02,PERSON_00277,PERSON_00328,PHONE_00277,delivery
SMS_002194,2025-06-23,PERSON_00280,PERSON_00369,PHONE_00280,short coordination
SMS_002195,2023-06-12,PERSON_00283,PERSON_00410,PHONE_00283,delivery
SMS_002196,2024-06-20,PERSON_00286,PERSON_00001,PHONE_00286,meeting
SMS_002197,2025-12-13,PERSON_00289,PERSON_00042,PHONE_00289,family
SMS_002198,2023-03-05,PERSON_00292,PERSON_00083,PHONE_00292,work
SMS_002199,2023-09-01,PERSON_00295,PERSON_00124,PHONE_00295,family
SMS_002200,2025-03-07,PERSON_00298,PERSON_00165,PHONE_00298,family
SMS_002201,2025-12-15,PERSON_00301,PERSON_00206,PHONE_00301,short coordination
SMS_002202,2026-05-13,PERSON_00304,PERSON_00247,PHONE_00304,family
SMS_002203,2023-02-10,PERSON_00307,PERSON_00288,PHONE_00307,work
SMS_002204,2021-03-21,PERSON_00310,PERSON_00329,PHONE_00310,delivery
SMS_002205,2026-05-27,PERSON_00313,PERSON_00370,PHONE_00313,OTP
SMS_002206,2025-07-18,PERSON_00316,PERSON_00411,PHONE_00316,work
SMS_002207,2022-03-28,PERSON_00319,PERSON_00002,PHONE_00319,meeting
SMS_002208,2021-01-02,PERSON_00322,PERSON_00043,PHONE_00322,delivery
SMS_002209,2021-08-06,PERSON_00325,PERSON_00084,PHONE_00325,meeting
SMS_002210,2022-08-20,PERSON_00328,PERSON_00125,PHONE_00328,work
SMS_002211,2024-03-24,PERSON_00331,PERSON_00166,PHONE_00331,OTP
SMS_002212,2026-05-17,PERSON_00334,PERSON_00207,PHONE_00334,delivery
SMS_002213,2022-02-07,PERSON_00337,PERSON_00248,PHONE_00337,work
SMS_002214,2021-08-12,PERSON_00340,PERSON_00289,PHONE_00340,family
SMS_002215,2022-07-20,PERSON_00343,PERSON_00330,PHONE_00343,OTP
SMS_002216,2024-10-10,PERSON_00346,PERSON_00371,PHONE_00346,work
SMS_002217,2022-07-18,PERSON_00349,PERSON_00412,PHONE_00349,work
SMS_002218,2023-05-17,PERSON_00352,PERSON_00003,PHONE_00352,family
SMS_002219,2021-10-01,PERSON_00355,PERSON_00044,PHONE_00355,short coordination
SMS_002220,2023-12-17,PERSON_00358,PERSON_00085,PHONE_00358,family
SMS_002221,2023-09-18,PERSON_00361,PERSON_00126,PHONE_00361,short coordination
SMS_002222,2022-05-11,PERSON_00364,PERSON_00167,PHONE_00364,short coordination
SMS_002223,2022-09-29,PERSON_00367,PERSON_00208,PHONE_00367,family
SMS_002224,2022-11-13,PERSON_00370,PERSON_00249,PHONE_00370,OTP
SMS_002225,2026-06-02,PERSON_00373,PERSON_00290,PHONE_00373,delivery
SMS_002226,2022-03-01,PERSON_00376,PERSON_00331,PHONE_00376,work
SMS_002227,2021-11-23,PERSON_00379,PERSON_00372,PHONE_00379,family
SMS_002228,2023-08-05,PERSON_00382,PERSON_00413,PHONE_00382,family
SMS_002229,2021-01-04,PERSON_00385,PERSON_00004,PHONE_00385,OTP
SMS_002230,2023-06-11,PERSON_00388,PERSON_00045,PHONE_00388,family
SMS_002231,2026-05-25,PERSON_00391,PERSON_00086,PHONE_00391,meeting
SMS_002232,2022-07-31,PERSON_00394,PERSON_00127,PHONE_00394,work
SMS_002233,2026-03-06,PERSON_00397,PERSON_00168,PHONE_00397,family
SMS_002234,2025-02-16,PERSON_00400,PERSON_00209,PHONE_00400,work
SMS_002235,2021-07-03,PERSON_00403,PERSON_00250,PHONE_00403,family
SMS_002236,2025-08-26,PERSON_00406,PERSON_00291,PHONE_00406,work
SMS_002237,2021-11-14,PERSON_00409,PERSON_00332,PHONE_00409,family
SMS_002238,2022-07-05,PERSON_00412,PERSON_00373,PHONE_00412,meeting
SMS_002239,2024-03-07,PERSON_00415,PERSON_00414,PHONE_00415,delivery
SMS_002240,2022-06-13,PERSON_00418,PERSON_00005,PHONE_00418,delivery
SMS_002241,2025-07-15,PERSON_00421,PERSON_00046,PHONE_00421,short coordination
SMS_002242,2021-01-27,PERSON_00424,PERSON_00087,PHONE_00424,OTP
SMS_002243,2025-07-25,PERSON_00427,PERSON_00128,PHONE_00427,family
SMS_002244,2024-06-07,PERSON_00430,PERSON_00169,PHONE_00430,delivery
SMS_002245,2024-01-24,PERSON_00433,PERSON_00210,PHONE_00433,family
SMS_002246,2024-05-06,PERSON_00436,PERSON_00251,PHONE_00436,delivery
SMS_002247,2021-05-03,PERSON_00439,PERSON_00292,PHONE_00439,work
SMS_002248,2024-10-06,PERSON_00442,PERSON_00333,PHONE_00442,family
SMS_002249,2022-05-03,PERSON_00445,PERSON_00374,PHONE_00445,family
SMS_002250,2022-05-15,PERSON_00448,PERSON_00415,PHONE_00448,work
SMS_002251,2024-06-02,PERSON_00001,PERSON_00006,PHONE_00001,delivery
SMS_002252,2022-09-02,PERSON_00004,PERSON_00047,PHONE_00004,family
SMS_002253,2021-09-18,PERSON_00007,PERSON_00088,PHONE_00007,short coordination
SMS_002254,2022-09-09,PERSON_00010,PERSON_00129,PHONE_00010,work
SMS_002255,2022-11-09,PERSON_00013,PERSON_00170,PHONE_00013,work
SMS_002256,2024-10-24,PERSON_00016,PERSON_00211,PHONE_00016,family
SMS_002257,2022-05-23,PERSON_00019,PERSON_00252,PHONE_00019,meeting
SMS_002258,2021-01-23,PERSON_00022,PERSON_00293,PHONE_00022,short coordination
SMS_002259,2025-08-18,PERSON_00025,PERSON_00334,PHONE_00025,OTP
SMS_002260,2024-03-18,PERSON_00028,PERSON_00375,PHONE_00028,work
SMS_002261,2025-01-13,PERSON_00031,PERSON_00416,PHONE_00031,OTP
SMS_002262,2024-05-30,PERSON_00034,PERSON_00007,PHONE_00034,family
SMS_002263,2025-05-03,PERSON_00037,PERSON_00048,PHONE_00037,work
SMS_002264,2026-04-22,PERSON_00040,PERSON_00089,PHONE_00040,short coordination
SMS_002265,2024-06-25,PERSON_00043,PERSON_00130,PHONE_00043,short coordination
SMS_002266,2024-03-02,PERSON_00046,PERSON_00171,PHONE_00046,work
SMS_002267,2023-01-19,PERSON_00049,PERSON_00212,PHONE_00049,delivery
SMS_002268,2023-08-31,PERSON_00052,PERSON_00253,PHONE_00052,short coordination
SMS_002269,2026-04-06,PERSON_00055,PERSON_00294,PHONE_00055,short coordination
SMS_002270,2026-01-22,PERSON_00058,PERSON_00335,PHONE_00058,meeting
SMS_002271,2022-05-12,PERSON_00061,PERSON_00376,PHONE_00061,work
SMS_002272,2024-06-23,PERSON_00064,PERSON_00417,PHONE_00064,meeting
SMS_002273,2025-10-23,PERSON_00067,PERSON_00008,PHONE_00067,short coordination
SMS_002274,2022-03-01,PERSON_00070,PERSON_00049,PHONE_00070,family
SMS_002275,2021-11-26,PERSON_00073,PERSON_00090,PHONE_00073,meeting
SMS_002276,2026-06-20,PERSON_00076,PERSON_00131,PHONE_00076,short coordination
SMS_002277,2021-12-27,PERSON_00079,PERSON_00172,PHONE_00079,family
SMS_002278,2023-10-04,PERSON_00082,PERSON_00213,PHONE_00082,meeting
SMS_002279,2021-05-19,PERSON_00085,PERSON_00254,PHONE_00085,work
SMS_002280,2024-05-08,PERSON_00088,PERSON_00295,PHONE_00088,meeting
SMS_002281,2023-04-21,PERSON_00091,PERSON_00336,PHONE_00091,family
SMS_002282,2021-05-30,PERSON_00094,PERSON_00377,PHONE_00094,meeting
SMS_002283,2023-07-26,PERSON_00097,PERSON_00418,PHONE_00097,meeting
SMS_002284,2025-06-06,PERSON_00100,PERSON_00009,PHONE_00100,OTP
SMS_002285,2021-03-20,PERSON_00103,PERSON_00050,PHONE_00103,short coordination
SMS_002286,2025-10-05,PERSON_00106,PERSON_00091,PHONE_00106,family
SMS_002287,2026-06-25,PERSON_00109,PERSON_00132,PHONE_00109,delivery
SMS_002288,2022-03-13,PERSON_00112,PERSON_00173,PHONE_00112,OTP
SMS_002289,2021-09-11,PERSON_00115,PERSON_00214,PHONE_00115,OTP
SMS_002290,2022-05-03,PERSON_00118,PERSON_00255,PHONE_00118,OTP
SMS_002291,2024-12-13,PERSON_00121,PERSON_00296,PHONE_00121,short coordination
SMS_002292,2026-02-14,PERSON_00124,PERSON_00337,PHONE_00124,family
SMS_002293,2025-01-14,PERSON_00127,PERSON_00378,PHONE_00127,delivery
SMS_002294,2024-05-07,PERSON_00130,PERSON_00419,PHONE_00130,work
SMS_002295,2025-08-23,PERSON_00133,PERSON_00010,PHONE_00133,delivery
SMS_002296,2021-01-09,PERSON_00136,PERSON_00051,PHONE_00136,delivery
SMS_002297,2025-03-02,PERSON_00139,PERSON_00092,PHONE_00139,OTP
SMS_002298,2024-11-18,PERSON_00142,PERSON_00133,PHONE_00142,OTP
SMS_002299,2022-02-06,PERSON_00145,PERSON_00174,PHONE_00145,short coordination
SMS_002300,2022-01-11,PERSON_00148,PERSON_00215,PHONE_00148,meeting
SMS_002301,2021-08-23,PERSON_00151,PERSON_00256,PHONE_00151,meeting
SMS_002302,2024-03-30,PERSON_00154,PERSON_00297,PHONE_00154,family
SMS_002303,2021-11-29,PERSON_00157,PERSON_00338,PHONE_00157,short coordination
SMS_002304,2024-05-28,PERSON_00160,PERSON_00379,PHONE_00160,meeting
SMS_002305,2025-10-05,PERSON_00163,PERSON_00420,PHONE_00163,meeting
SMS_002306,2025-11-09,PERSON_00166,PERSON_00011,PHONE_00166,short coordination
SMS_002307,2025-09-15,PERSON_00169,PERSON_00052,PHONE_00169,family
SMS_002308,2021-05-14,PERSON_00172,PERSON_00093,PHONE_00172,family
SMS_002309,2024-06-30,PERSON_00175,PERSON_00134,PHONE_00175,delivery
SMS_002310,2022-01-26,PERSON_00178,PERSON_00175,PHONE_00178,delivery
SMS_002311,2021-06-19,PERSON_00181,PERSON_00216,PHONE_00181,delivery
SMS_002312,2023-12-04,PERSON_00184,PERSON_00257,PHONE_00184,short coordination
SMS_002313,2024-04-15,PERSON_00187,PERSON_00298,PHONE_00187,short coordination
SMS_002314,2022-11-01,PERSON_00190,PERSON_00339,PHONE_00190,meeting
SMS_002315,2025-02-23,PERSON_00193,PERSON_00380,PHONE_00193,short coordination
SMS_002316,2024-09-24,PERSON_00196,PERSON_00421,PHONE_00196,short coordination
SMS_002317,2026-05-14,PERSON_00199,PERSON_00012,PHONE_00199,short coordination
SMS_002318,2023-12-17,PERSON_00202,PERSON_00053,PHONE_00202,OTP
SMS_002319,2022-01-31,PERSON_00205,PERSON_00094,PHONE_00205,OTP
SMS_002320,2021-11-21,PERSON_00208,PERSON_00135,PHONE_00208,work
SMS_002321,2023-04-13,PERSON_00211,PERSON_00176,PHONE_00211,work
SMS_002322,2024-08-24,PERSON_00214,PERSON_00217,PHONE_00214,OTP
SMS_002323,2024-01-12,PERSON_00217,PERSON_00258,PHONE_00217,delivery
SMS_002324,2024-01-12,PERSON_00220,PERSON_00299,PHONE_00220,family
SMS_002325,2023-09-17,PERSON_00223,PERSON_00340,PHONE_00223,meeting
SMS_002326,2022-08-20,PERSON_00226,PERSON_00381,PHONE_00226,family
SMS_002327,2022-12-14,PERSON_00229,PERSON_00422,PHONE_00229,meeting
SMS_002328,2023-02-10,PERSON_00232,PERSON_00013,PHONE_00232,short coordination
SMS_002329,2021-06-02,PERSON_00235,PERSON_00054,PHONE_00235,work
SMS_002330,2021-05-20,PERSON_00238,PERSON_00095,PHONE_00238,meeting
SMS_002331,2022-02-17,PERSON_00241,PERSON_00136,PHONE_00241,short coordination
SMS_002332,2021-11-25,PERSON_00244,PERSON_00177,PHONE_00244,family
SMS_002333,2021-08-16,PERSON_00247,PERSON_00218,PHONE_00247,delivery
SMS_002334,2025-09-30,PERSON_00250,PERSON_00259,PHONE_00250,OTP
SMS_002335,2025-12-04,PERSON_00253,PERSON_00300,PHONE_00253,short coordination
SMS_002336,2024-09-12,PERSON_00256,PERSON_00341,PHONE_00256,family
SMS_002337,2026-03-24,PERSON_00259,PERSON_00382,PHONE_00259,family
SMS_002338,2022-05-04,PERSON_00262,PERSON_00423,PHONE_00262,family
SMS_002339,2021-01-30,PERSON_00265,PERSON_00014,PHONE_00265,short coordination
SMS_002340,2025-07-30,PERSON_00268,PERSON_00055,PHONE_00268,work
SMS_002341,2025-12-01,PERSON_00271,PERSON_00096,PHONE_00271,OTP
SMS_002342,2024-08-17,PERSON_00274,PERSON_00137,PHONE_00274,delivery
SMS_002343,2026-03-21,PERSON_00277,PERSON_00178,PHONE_00277,OTP
SMS_002344,2024-11-14,PERSON_00280,PERSON_00219,PHONE_00280,family
SMS_002345,2022-12-19,PERSON_00283,PERSON_00260,PHONE_00283,short coordination
SMS_002346,2021-05-15,PERSON_00286,PERSON_00301,PHONE_00286,delivery
SMS_002347,2023-10-19,PERSON_00289,PERSON_00342,PHONE_00289,family
SMS_002348,2025-01-06,PERSON_00292,PERSON_00383,PHONE_00292,meeting
SMS_002349,2021-10-19,PERSON_00295,PERSON_00424,PHONE_00295,meeting
SMS_002350,2025-08-16,PERSON_00298,PERSON_00015,PHONE_00298,short coordination
SMS_002351,2024-04-20,PERSON_00301,PERSON_00056,PHONE_00301,delivery
SMS_002352,2022-10-27,PERSON_00304,PERSON_00097,PHONE_00304,family
SMS_002353,2025-09-17,PERSON_00307,PERSON_00138,PHONE_00307,short coordination
SMS_002354,2023-06-29,PERSON_00310,PERSON_00179,PHONE_00310,work
SMS_002355,2022-06-17,PERSON_00313,PERSON_00220,PHONE_00313,meeting
SMS_002356,2026-05-26,PERSON_00316,PERSON_00261,PHONE_00316,family
SMS_002357,2024-07-04,PERSON_00319,PERSON_00302,PHONE_00319,meeting
SMS_002358,2022-06-01,PERSON_00322,PERSON_00343,PHONE_00322,short coordination
SMS_002359,2025-01-07,PERSON_00325,PERSON_00384,PHONE_00325,family
SMS_002360,2024-09-25,PERSON_00328,PERSON_00425,PHONE_00328,OTP
SMS_002361,2023-12-16,PERSON_00331,PERSON_00016,PHONE_00331,family
SMS_002362,2021-04-30,PERSON_00334,PERSON_00057,PHONE_00334,delivery
SMS_002363,2024-02-05,PERSON_00337,PERSON_00098,PHONE_00337,short coordination
SMS_002364,2021-07-20,PERSON_00340,PERSON_00139,PHONE_00340,work
SMS_002365,2023-07-17,PERSON_00343,PERSON_00180,PHONE_00343,family
SMS_002366,2022-11-20,PERSON_00346,PERSON_00221,PHONE_00346,OTP
SMS_002367,2024-02-18,PERSON_00349,PERSON_00262,PHONE_00349,family
SMS_002368,2022-10-10,PERSON_00352,PERSON_00303,PHONE_00352,meeting
SMS_002369,2024-02-25,PERSON_00355,PERSON_00344,PHONE_00355,family
SMS_002370,2025-04-16,PERSON_00358,PERSON_00385,PHONE_00358,OTP
SMS_002371,2023-01-09,PERSON_00361,PERSON_00426,PHONE_00361,OTP
SMS_002372,2023-05-28,PERSON_00364,PERSON_00017,PHONE_00364,family
SMS_002373,2022-05-24,PERSON_00367,PERSON_00058,PHONE_00367,family
SMS_002374,2025-01-17,PERSON_00370,PERSON_00099,PHONE_00370,delivery
SMS_002375,2023-12-01,PERSON_00373,PERSON_00140,PHONE_00373,family
SMS_002376,2023-02-25,PERSON_00376,PERSON_00181,PHONE_00376,OTP
SMS_002377,2023-10-29,PERSON_00379,PERSON_00222,PHONE_00379,family
SMS_002378,2026-05-26,PERSON_00382,PERSON_00263,PHONE_00382,meeting
SMS_002379,2023-02-19,PERSON_00385,PERSON_00304,PHONE_00385,work
SMS_002380,2022-11-29,PERSON_00388,PERSON_00345,PHONE_00388,meeting
SMS_002381,2021-08-08,PERSON_00391,PERSON_00386,PHONE_00391,work
SMS_002382,2022-04-23,PERSON_00394,PERSON_00427,PHONE_00394,family
SMS_002383,2021-07-30,PERSON_00397,PERSON_00018,PHONE_00397,short coordination
SMS_002384,2024-06-19,PERSON_00400,PERSON_00059,PHONE_00400,family
SMS_002385,2022-11-07,PERSON_00403,PERSON_00100,PHONE_00403,delivery
SMS_002386,2022-11-02,PERSON_00406,PERSON_00141,PHONE_00406,work
SMS_002387,2021-06-22,PERSON_00409,PERSON_00182,PHONE_00409,short coordination
SMS_002388,2025-09-24,PERSON_00412,PERSON_00223,PHONE_00412,meeting
SMS_002389,2023-09-06,PERSON_00415,PERSON_00264,PHONE_00415,work
SMS_002390,2023-06-14,PERSON_00418,PERSON_00305,PHONE_00418,delivery
SMS_002391,2026-04-27,PERSON_00421,PERSON_00346,PHONE_00421,short coordination
SMS_002392,2026-03-24,PERSON_00424,PERSON_00387,PHONE_00424,OTP
SMS_002393,2026-03-04,PERSON_00427,PERSON_00428,PHONE_00427,delivery
SMS_002394,2024-05-08,PERSON_00430,PERSON_00019,PHONE_00430,meeting
SMS_002395,2022-02-26,PERSON_00433,PERSON_00060,PHONE_00433,meeting
SMS_002396,2024-01-17,PERSON_00436,PERSON_00101,PHONE_00436,short coordination
SMS_002397,2024-12-09,PERSON_00439,PERSON_00142,PHONE_00439,OTP
SMS_002398,2021-09-28,PERSON_00442,PERSON_00183,PHONE_00442,short coordination
SMS_002399,2021-08-03,PERSON_00445,PERSON_00224,PHONE_00445,family
SMS_002400,2023-06-12,PERSON_00448,PERSON_00265,PHONE_00448,short coordination
SMS_002401,2024-10-07,PERSON_00001,PERSON_00306,PHONE_00001,OTP
SMS_002402,2026-03-08,PERSON_00004,PERSON_00347,PHONE_00004,OTP
SMS_002403,2026-05-20,PERSON_00007,PERSON_00388,PHONE_00007,short coordination
SMS_002404,2024-05-08,PERSON_00010,PERSON_00429,PHONE_00010,short coordination
SMS_002405,2024-04-01,PERSON_00013,PERSON_00020,PHONE_00013,short coordination
SMS_002406,2026-05-18,PERSON_00016,PERSON_00061,PHONE_00016,short coordination
SMS_002407,2024-09-27,PERSON_00019,PERSON_00102,PHONE_00019,meeting
SMS_002408,2026-05-03,PERSON_00022,PERSON_00143,PHONE_00022,meeting
SMS_002409,2025-11-06,PERSON_00025,PERSON_00184,PHONE_00025,work
SMS_002410,2024-06-04,PERSON_00028,PERSON_00225,PHONE_00028,short coordination
SMS_002411,2026-02-02,PERSON_00031,PERSON_00266,PHONE_00031,meeting
SMS_002412,2024-06-12,PERSON_00034,PERSON_00307,PHONE_00034,delivery
SMS_002413,2026-05-02,PERSON_00037,PERSON_00348,PHONE_00037,delivery
SMS_002414,2022-11-10,PERSON_00040,PERSON_00389,PHONE_00040,family
SMS_002415,2023-06-12,PERSON_00043,PERSON_00430,PHONE_00043,work
SMS_002416,2025-04-24,PERSON_00046,PERSON_00021,PHONE_00046,delivery
SMS_002417,2024-02-01,PERSON_00049,PERSON_00062,PHONE_00049,short coordination
SMS_002418,2026-04-21,PERSON_00052,PERSON_00103,PHONE_00052,family
SMS_002419,2022-01-12,PERSON_00055,PERSON_00144,PHONE_00055,OTP
SMS_002420,2025-01-02,PERSON_00058,PERSON_00185,PHONE_00058,work
SMS_002421,2026-01-13,PERSON_00061,PERSON_00226,PHONE_00061,short coordination
SMS_002422,2022-06-13,PERSON_00064,PERSON_00267,PHONE_00064,short coordination
SMS_002423,2022-11-23,PERSON_00067,PERSON_00308,PHONE_00067,OTP
SMS_002424,2021-02-21,PERSON_00070,PERSON_00349,PHONE_00070,short coordination
SMS_002425,2025-06-21,PERSON_00073,PERSON_00390,PHONE_00073,work
SMS_002426,2025-07-01,PERSON_00076,PERSON_00431,PHONE_00076,delivery
SMS_002427,2025-01-10,PERSON_00079,PERSON_00022,PHONE_00079,OTP
SMS_002428,2025-03-14,PERSON_00082,PERSON_00063,PHONE_00082,OTP
SMS_002429,2024-02-25,PERSON_00085,PERSON_00104,PHONE_00085,work
SMS_002430,2024-08-28,PERSON_00088,PERSON_00145,PHONE_00088,meeting
SMS_002431,2022-03-04,PERSON_00091,PERSON_00186,PHONE_00091,delivery
SMS_002432,2022-07-03,PERSON_00094,PERSON_00227,PHONE_00094,OTP
SMS_002433,2021-05-03,PERSON_00097,PERSON_00268,PHONE_00097,short coordination
SMS_002434,2023-05-28,PERSON_00100,PERSON_00309,PHONE_00100,short coordination
SMS_002435,2023-02-14,PERSON_00103,PERSON_00350,PHONE_00103,family
SMS_002436,2023-08-09,PERSON_00106,PERSON_00391,PHONE_00106,work
SMS_002437,2021-11-28,PERSON_00109,PERSON_00432,PHONE_00109,short coordination
SMS_002438,2024-12-15,PERSON_00112,PERSON_00023,PHONE_00112,short coordination
SMS_002439,2024-01-25,PERSON_00115,PERSON_00064,PHONE_00115,family
SMS_002440,2021-01-11,PERSON_00118,PERSON_00105,PHONE_00118,OTP
SMS_002441,2024-09-25,PERSON_00121,PERSON_00146,PHONE_00121,delivery
SMS_002442,2021-02-19,PERSON_00124,PERSON_00187,PHONE_00124,meeting
SMS_002443,2025-11-30,PERSON_00127,PERSON_00228,PHONE_00127,delivery
SMS_002444,2021-09-30,PERSON_00130,PERSON_00269,PHONE_00130,delivery
SMS_002445,2025-07-11,PERSON_00133,PERSON_00310,PHONE_00133,work
SMS_002446,2024-07-17,PERSON_00136,PERSON_00351,PHONE_00136,meeting
SMS_002447,2022-08-26,PERSON_00139,PERSON_00392,PHONE_00139,meeting
SMS_002448,2023-01-26,PERSON_00142,PERSON_00433,PHONE_00142,meeting
SMS_002449,2024-08-15,PERSON_00145,PERSON_00024,PHONE_00145,OTP
SMS_002450,2024-03-22,PERSON_00148,PERSON_00065,PHONE_00148,work
SMS_002451,2023-06-22,PERSON_00151,PERSON_00106,PHONE_00151,meeting
SMS_002452,2023-04-29,PERSON_00154,PERSON_00147,PHONE_00154,delivery
SMS_002453,2021-06-11,PERSON_00157,PERSON_00188,PHONE_00157,family
SMS_002454,2024-09-18,PERSON_00160,PERSON_00229,PHONE_00160,meeting
SMS_002455,2026-05-15,PERSON_00163,PERSON_00270,PHONE_00163,family
SMS_002456,2026-03-25,PERSON_00166,PERSON_00311,PHONE_00166,meeting
SMS_002457,2023-10-24,PERSON_00169,PERSON_00352,PHONE_00169,short coordination
SMS_002458,2024-06-01,PERSON_00172,PERSON_00393,PHONE_00172,OTP
SMS_002459,2024-07-14,PERSON_00175,PERSON_00434,PHONE_00175,work
SMS_002460,2022-08-22,PERSON_00178,PERSON_00025,PHONE_00178,work
SMS_002461,2021-04-17,PERSON_00181,PERSON_00066,PHONE_00181,work
SMS_002462,2024-08-10,PERSON_00184,PERSON_00107,PHONE_00184,work
SMS_002463,2022-12-10,PERSON_00187,PERSON_00148,PHONE_00187,family
SMS_002464,2021-10-22,PERSON_00190,PERSON_00189,PHONE_00190,OTP
SMS_002465,2021-11-23,PERSON_00193,PERSON_00230,PHONE_00193,delivery
SMS_002466,2021-03-18,PERSON_00196,PERSON_00271,PHONE_00196,meeting
SMS_002467,2024-10-22,PERSON_00199,PERSON_00312,PHONE_00199,meeting
SMS_002468,2021-03-05,PERSON_00202,PERSON_00353,PHONE_00202,OTP
SMS_002469,2024-12-10,PERSON_00205,PERSON_00394,PHONE_00205,family
SMS_002470,2025-03-05,PERSON_00208,PERSON_00435,PHONE_00208,work
SMS_002471,2023-10-12,PERSON_00211,PERSON_00026,PHONE_00211,meeting
SMS_002472,2025-02-09,PERSON_00214,PERSON_00067,PHONE_00214,family
SMS_002473,2021-08-11,PERSON_00217,PERSON_00108,PHONE_00217,work
SMS_002474,2025-03-22,PERSON_00220,PERSON_00149,PHONE_00220,short coordination
SMS_002475,2024-03-15,PERSON_00223,PERSON_00190,PHONE_00223,work
SMS_002476,2026-06-18,PERSON_00226,PERSON_00231,PHONE_00226,family
SMS_002477,2023-09-03,PERSON_00229,PERSON_00272,PHONE_00229,work
SMS_002478,2025-10-17,PERSON_00232,PERSON_00313,PHONE_00232,short coordination
SMS_002479,2024-06-18,PERSON_00235,PERSON_00354,PHONE_00235,meeting
SMS_002480,2022-03-19,PERSON_00238,PERSON_00395,PHONE_00238,meeting
SMS_002481,2021-08-15,PERSON_00241,PERSON_00436,PHONE_00241,work
SMS_002482,2026-02-13,PERSON_00244,PERSON_00027,PHONE_00244,short coordination
SMS_002483,2021-12-21,PERSON_00247,PERSON_00068,PHONE_00247,family
SMS_002484,2022-10-08,PERSON_00250,PERSON_00109,PHONE_00250,short coordination
SMS_002485,2025-11-26,PERSON_00253,PERSON_00150,PHONE_00253,OTP
SMS_002486,2025-11-07,PERSON_00256,PERSON_00191,PHONE_00256,delivery
SMS_002487,2025-11-15,PERSON_00259,PERSON_00232,PHONE_00259,family
SMS_002488,2022-11-26,PERSON_00262,PERSON_00273,PHONE_00262,delivery
SMS_002489,2022-02-11,PERSON_00265,PERSON_00314,PHONE_00265,meeting
SMS_002490,2024-08-27,PERSON_00268,PERSON_00355,PHONE_00268,short coordination
SMS_002491,2022-03-10,PERSON_00271,PERSON_00396,PHONE_00271,short coordination
SMS_002492,2021-08-31,PERSON_00274,PERSON_00437,PHONE_00274,work
SMS_002493,2023-11-03,PERSON_00277,PERSON_00028,PHONE_00277,delivery
SMS_002494,2021-03-11,PERSON_00280,PERSON_00069,PHONE_00280,OTP
SMS_002495,2022-08-02,PERSON_00283,PERSON_00110,PHONE_00283,delivery
SMS_002496,2024-07-31,PERSON_00286,PERSON_00151,PHONE_00286,meeting
SMS_002497,2023-08-01,PERSON_00289,PERSON_00192,PHONE_00289,meeting
SMS_002498,2025-04-01,PERSON_00292,PERSON_00233,PHONE_00292,family
SMS_002499,2025-07-25,PERSON_00295,PERSON_00274,PHONE_00295,OTP
SMS_002500,2026-01-14,PERSON_00298,PERSON_00315,PHONE_00298,OTP
