txn_id,date,account_id,person_id,transaction_type,amount,counterparty,description
TXN_000001,2025-07-18,ACCT_00001,PERSON_00001,grocery,2739,PERSON_00012,grocery
TXN_000002,2023-05-23,ACCT_00002,PERSON_00002,supplier,80460,PERSON_00049,supplier
TXN_000003,2022-03-03,ACCT_00003,PERSON_00003,upi,119882,PERSON_00086,upi
TXN_000004,2024-04-16,ACCT_00004,PERSON_00004,rent,21063,PERSON_00123,rent
TXN_000005,2026-04-18,ACCT_00005,PERSON_00005,upi,7838,PERSON_00160,upi
TXN_000006,2021-04-03,ACCT_00006,PERSON_00006,cash_deposit,75837,PERSON_00197,cash deposit
TXN_000007,2021-03-16,ACCT_00007,PERSON_00007,grocery,5435,PERSON_00234,grocery
TXN_000008,2022-06-11,ACCT_00008,PERSON_00008,cash_deposit,124028,PERSON_00271,cash deposit
TXN_000009,2025-09-18,ACCT_00009,PERSON_00009,cash_deposit,146955,PERSON_00308,cash deposit
TXN_000010,2024-04-23,ACCT_00010,PERSON_00010,customer,69090,PERSON_00345,customer
TXN_000011,2025-02-18,ACCT_00011,PERSON_00011,upi,1342,PERSON_00382,upi
TXN_000012,2024-03-03,ACCT_00012,PERSON_00012,upi,105548,PERSON_00419,upi
TXN_000013,2024-06-15,ACCT_00013,PERSON_00013,upi,2244,PERSON_00006,upi
TXN_000014,2021-10-22,ACCT_00014,PERSON_00014,supplier,7721,PERSON_00043,supplier
TXN_000015,2025-05-07,ACCT_00015,PERSON_00015,transfer,58598,PERSON_00080,transfer
TXN_000016,2022-07-15,ACCT_00016,PERSON_00016,fuel,5350,PERSON_00117,fuel
TXN_000017,2025-09-13,ACCT_00017,PERSON_00017,rent,7838,PERSON_00154,rent
TXN_000018,2023-07-30,ACCT_00018,PERSON_00018,upi,232137,PERSON_00191,upi
TXN_000019,2021-08-08,ACCT_00019,PERSON_00019,rent,19949,PERSON_00228,rent
TXN_000020,2022-03-02,ACCT_00020,PERSON_00020,upi,198177,PERSON_00265,upi
TXN_000021,2025-08-24,ACCT_00021,PERSON_00021,salary,68289,PERSON_00302,salary
TXN_000022,2021-07-21,ACCT_00022,PERSON_00022,rent,7568,PERSON_00339,rent
TXN_000023,2024-01-08,ACCT_00023,PERSON_00023,customer,64825,PERSON_00376,customer
TXN_000024,2024-01-11,ACCT_00024,PERSON_00024,upi,4847,PERSON_00413,upi
TXN_000025,2025-07-28,ACCT_00025,PERSON_00025,fuel,2909,PERSON_00450,fuel
TXN_000026,2021-10-07,ACCT_00026,PERSON_00026,rent,21210,PERSON_00037,rent
TXN_000027,2026-05-21,ACCT_00027,PERSON_00027,transfer,18474,PERSON_00074,transfer
TXN_000028,2023-05-16,ACCT_00028,PERSON_00028,upi,5225,PERSON_00111,upi
TXN_000029,2021-05-20,ACCT_00029,PERSON_00029,upi,11764,PERSON_00148,upi
TXN_000030,2024-02-22,ACCT_00030,PERSON_00030,supplier,5412,PERSON_00185,supplier
TXN_000031,2026-06-21,ACCT_00031,PERSON_00031,upi,9996,PERSON_00222,upi
TXN_000032,2023-05-09,ACCT_00032,PERSON_00032,rent,21497,PERSON_00259,rent
TXN_000033,2025-05-28,ACCT_00033,PERSON_00033,grocery,5919,PERSON_00296,grocery
TXN_000034,2024-07-20,ACCT_00034,PERSON_00034,transfer,92129,PERSON_00333,transfer
TXN_000035,2021-05-25,ACCT_00035,PERSON_00035,transfer,81528,PERSON_00370,transfer
TXN_000036,2022-02-02,ACCT_00036,PERSON_00036,grocery,4258,PERSON_00407,grocery
TXN_000037,2022-01-03,ACCT_00037,PERSON_00037,salary,64694,PERSON_00444,salary
TXN_000038,2021-12-23,ACCT_00038,PERSON_00038,emi,12338,PERSON_00031,emi
TXN_000039,2022-09-06,ACCT_00039,PERSON_00039,upi,6783,PERSON_00068,upi
TXN_000040,2022-10-26,ACCT_00040,PERSON_00040,rent,18214,PERSON_00105,rent
TXN_000041,2023-12-22,ACCT_00041,PERSON_00041,fuel,3365,PERSON_00142,fuel
TXN_000042,2024-12-27,ACCT_00042,PERSON_00042,rent,12807,PERSON_00179,rent
TXN_000043,2025-09-04,ACCT_00043,PERSON_00043,fuel,4089,PERSON_00216,fuel
TXN_000044,2025-01-06,ACCT_00044,PERSON_00044,emi,13552,PERSON_00253,emi
TXN_000045,2023-01-16,ACCT_00045,PERSON_00045,supplier,36229,PERSON_00290,supplier
TXN_000046,2022-07-12,ACCT_00046,PERSON_00046,grocery,6031,PERSON_00327,grocery
TXN_000047,2024-11-08,ACCT_00047,PERSON_00047,upi,4899,PERSON_00364,upi
TXN_000048,2024-03-25,ACCT_00048,PERSON_00048,emi,24594,PERSON_00401,emi
TXN_000049,2024-03-07,ACCT_00049,PERSON_00049,salary,64255,PERSON_00438,salary
TXN_000050,2026-01-27,ACCT_00050,PERSON_00050,transfer,54891,PERSON_00025,transfer
TXN_000051,2026-03-07,ACCT_00051,PERSON_00051,upi,1751,PERSON_00062,upi
TXN_000052,2025-06-04,ACCT_00052,PERSON_00052,grocery,1555,PERSON_00099,grocery
TXN_000053,2021-08-11,ACCT_00053,PERSON_00053,utility,1372,PERSON_00136,utility
TXN_000054,2022-05-02,ACCT_00054,PERSON_00054,rent,7537,PERSON_00173,rent
TXN_000055,2024-10-11,ACCT_00055,PERSON_00055,grocery,1043,PERSON_00210,grocery
TXN_000056,2021-03-06,ACCT_00056,PERSON_00056,grocery,993,PERSON_00247,grocery
TXN_000057,2024-02-14,ACCT_00057,PERSON_00057,upi,7513,PERSON_00284,upi
TXN_000058,2023-10-25,ACCT_00058,PERSON_00058,upi,233874,PERSON_00321,upi
TXN_000059,2023-05-05,ACCT_00059,PERSON_00059,customer,118294,PERSON_00358,customer
TXN_000060,2025-03-19,ACCT_00060,PERSON_00060,customer,73728,PERSON_00395,customer
TXN_000061,2023-04-16,ACCT_00061,PERSON_00061,supplier,10905,PERSON_00432,supplier
TXN_000062,2026-06-15,ACCT_00062,PERSON_00062,emi,14571,PERSON_00019,emi
TXN_000063,2021-09-27,ACCT_00063,PERSON_00063,rent,6797,PERSON_00056,rent
TXN_000064,2025-12-08,ACCT_00064,PERSON_00064,customer,28793,PERSON_00093,customer
TXN_000065,2024-10-27,ACCT_00065,PERSON_00065,salary,28376,PERSON_00130,salary
TXN_000066,2021-05-20,ACCT_00066,PERSON_00066,emi,21477,PERSON_00167,emi
TXN_000067,2024-04-12,ACCT_00067,PERSON_00067,customer,35729,PERSON_00204,customer
TXN_000068,2024-10-29,ACCT_00068,PERSON_00068,salary,33247,PERSON_00241,salary
TXN_000069,2024-05-27,ACCT_00069,PERSON_00069,rent,7634,PERSON_00278,rent
TXN_000070,2024-01-05,ACCT_00070,PERSON_00070,rent,21071,PERSON_00315,rent
TXN_000071,2023-05-28,ACCT_00071,PERSON_00071,emi,7193,PERSON_00352,emi
TXN_000072,2023-11-14,ACCT_00072,PERSON_00072,rent,12652,PERSON_00389,rent
TXN_000073,2021-02-01,ACCT_00073,PERSON_00073,utility,1681,PERSON_00426,utility
TXN_000074,2024-01-25,ACCT_00074,PERSON_00074,salary,33165,PERSON_00013,salary
TXN_000075,2025-08-30,ACCT_00075,PERSON_00075,customer,91351,PERSON_00050,customer
TXN_000076,2023-11-12,ACCT_00076,PERSON_00076,fuel,763,PERSON_00087,fuel
TXN_000077,2023-12-07,ACCT_00077,PERSON_00077,upi,10236,PERSON_00124,upi
TXN_000078,2024-11-13,ACCT_00078,PERSON_00078,transfer,87583,PERSON_00161,transfer
TXN_000079,2022-07-12,ACCT_00079,PERSON_00079,supplier,8912,PERSON_00198,supplier
TXN_000080,2023-12-06,ACCT_00080,PERSON_00080,supplier,60820,PERSON_00235,supplier
TXN_000081,2026-03-02,ACCT_00081,PERSON_00081,salary,38399,PERSON_00272,salary
TXN_000082,2023-07-31,ACCT_00082,PERSON_00082,grocery,4780,PERSON_00309,grocery
TXN_000083,2025-06-03,ACCT_00083,PERSON_00083,fuel,4729,PERSON_00346,fuel
TXN_000084,2026-06-28,ACCT_00084,PERSON_00084,upi,57195,PERSON_00383,upi
TXN_000085,2021-08-25,ACCT_00085,PERSON_00085,upi,8704,PERSON_00420,upi
TXN_000086,2025-09-22,ACCT_00086,PERSON_00086,utility,4641,PERSON_00007,utility
TXN_000087,2022-01-23,ACCT_00087,PERSON_00087,emi,31976,PERSON_00044,emi
TXN_000088,2024-06-10,ACCT_00088,PERSON_00088,salary,23450,PERSON_00081,salary
TXN_000089,2021-06-12,ACCT_00089,PERSON_00089,cash_deposit,215537,PERSON_00118,cash deposit
TXN_000090,2021-08-29,ACCT_00090,PERSON_00090,customer,80268,PERSON_00155,customer
TXN_000091,2023-09-26,ACCT_00091,PERSON_00091,cash_deposit,111849,PERSON_00192,cash deposit
TXN_000092,2024-08-27,ACCT_00092,PERSON_00092,upi,207474,PERSON_00229,upi
TXN_000093,2024-01-06,ACCT_00093,PERSON_00093,upi,205556,PERSON_00266,upi
TXN_000094,2023-06-14,ACCT_00094,PERSON_00094,utility,4027,PERSON_00303,utility
TXN_000095,2024-08-22,ACCT_00095,PERSON_00095,upi,147018,PERSON_00340,upi
TXN_000096,2022-05-04,ACCT_00096,PERSON_00096,transfer,17326,PERSON_00377,transfer
TXN_000097,2026-02-08,ACCT_00097,PERSON_00097,upi,11333,PERSON_00414,upi
TXN_000098,2023-10-21,ACCT_00098,PERSON_00098,cash_deposit,169514,PERSON_00001,cash deposit
TXN_000099,2025-03-31,ACCT_00099,PERSON_00099,supplier,39558,PERSON_00038,supplier
TXN_000100,2024-07-11,ACCT_00100,PERSON_00100,rent,13535,PERSON_00075,rent
TXN_000101,2023-12-24,ACCT_00101,PERSON_00101,customer,67168,PERSON_00112,customer
TXN_000102,2023-12-22,ACCT_00102,PERSON_00102,customer,42011,PERSON_00149,customer
TXN_000103,2023-04-21,ACCT_00103,PERSON_00103,cash_deposit,91821,PERSON_00186,cash deposit
TXN_000104,2021-11-15,ACCT_00104,PERSON_00104,upi,5923,PERSON_00223,upi
TXN_000105,2026-03-18,ACCT_00105,PERSON_00105,supplier,11765,PERSON_00260,supplier
TXN_000106,2021-10-11,ACCT_00106,PERSON_00106,upi,215478,PERSON_00297,upi
TXN_000107,2022-05-06,ACCT_00107,PERSON_00107,emi,19993,PERSON_00334,emi
TXN_000108,2025-06-28,ACCT_00108,PERSON_00108,upi,6736,PERSON_00371,upi
TXN_000109,2023-07-08,ACCT_00109,PERSON_00109,upi,6650,PERSON_00408,upi
TXN_000110,2024-01-13,ACCT_00110,PERSON_00110,upi,212368,PERSON_00445,upi
TXN_000111,2024-07-31,ACCT_00111,PERSON_00111,salary,39953,PERSON_00032,salary
TXN_000112,2026-01-29,ACCT_00112,PERSON_00112,customer,25667,PERSON_00069,customer
TXN_000113,2023-09-24,ACCT_00113,PERSON_00113,grocery,5290,PERSON_00106,grocery
TXN_000114,2025-04-17,ACCT_00114,PERSON_00114,transfer,196742,PERSON_00143,transfer
TXN_000115,2023-05-03,ACCT_00115,PERSON_00115,supplier,11224,PERSON_00180,supplier
TXN_000116,2023-10-14,ACCT_00116,PERSON_00116,rent,14739,PERSON_00217,rent
TXN_000117,2024-03-02,ACCT_00117,PERSON_00117,transfer,214792,PERSON_00254,transfer
TXN_000118,2021-06-02,ACCT_00118,PERSON_00118,upi,186570,PERSON_00291,upi
TXN_000119,2023-03-29,ACCT_00119,PERSON_00119,utility,5576,PERSON_00328,utility
TXN_000120,2026-02-19,ACCT_00120,PERSON_00120,upi,9379,PERSON_00365,upi
TXN_000121,2024-12-30,ACCT_00121,PERSON_00121,utility,2265,PERSON_00402,utility
TXN_000122,2023-09-13,ACCT_00122,PERSON_00122,salary,28987,PERSON_00439,salary
TXN_000123,2021-05-28,ACCT_00123,PERSON_00123,rent,13064,PERSON_00026,rent
TXN_000124,2024-08-01,ACCT_00124,PERSON_00124,grocery,4709,PERSON_00063,grocery
TXN_000125,2021-04-27,ACCT_00125,PERSON_00125,fuel,3895,PERSON_00100,fuel
TXN_000126,2023-01-19,ACCT_00126,PERSON_00126,utility,4541,PERSON_00137,utility
TXN_000127,2024-02-25,ACCT_00127,PERSON_00127,rent,19011,PERSON_00174,rent
TXN_000128,2026-05-27,ACCT_00128,PERSON_00128,transfer,112768,PERSON_00211,transfer
TXN_000129,2026-01-15,ACCT_00129,PERSON_00129,grocery,3822,PERSON_00248,grocery
TXN_000130,2021-07-29,ACCT_00130,PERSON_00130,upi,179434,PERSON_00285,upi
TXN_000131,2022-03-26,ACCT_00131,PERSON_00131,salary,57367,PERSON_00322,salary
TXN_000132,2024-03-02,ACCT_00132,PERSON_00132,supplier,3011,PERSON_00359,supplier
TXN_000133,2021-09-15,ACCT_00133,PERSON_00133,grocery,4746,PERSON_00396,grocery
TXN_000134,2025-02-13,ACCT_00134,PERSON_00134,supplier,22577,PERSON_00433,supplier
TXN_000135,2022-08-15,ACCT_00135,PERSON_00135,fuel,1277,PERSON_00020,fuel
TXN_000136,2022-02-09,ACCT_00136,PERSON_00136,upi,1611,PERSON_00057,upi
TXN_000137,2024-07-29,ACCT_00137,PERSON_00137,transfer,39329,PERSON_00094,transfer
TXN_000138,2025-04-27,ACCT_00138,PERSON_00138,utility,3220,PERSON_00131,utility
TXN_000139,2024-09-14,ACCT_00139,PERSON_00139,salary,54703,PERSON_00168,salary
TXN_000140,2022-05-20,ACCT_00140,PERSON_00140,emi,19559,PERSON_00205,emi
TXN_000141,2022-09-02,ACCT_00141,PERSON_00141,transfer,236753,PERSON_00242,transfer
TXN_000142,2021-07-29,ACCT_00142,PERSON_00142,rent,13879,PERSON_00279,rent
TXN_000143,2021-09-04,ACCT_00143,PERSON_00143,transfer,20978,PERSON_00316,transfer
TXN_000144,2023-01-01,ACCT_00144,PERSON_00144,fuel,3795,PERSON_00353,fuel
TXN_000145,2024-12-13,ACCT_00145,PERSON_00145,transfer,33142,PERSON_00390,transfer
TXN_000146,2026-02-19,ACCT_00146,PERSON_00146,supplier,12990,PERSON_00427,supplier
TXN_000147,2024-01-03,ACCT_00147,PERSON_00147,cash_deposit,207557,PERSON_00014,cash deposit
TXN_000148,2021-08-31,ACCT_00148,PERSON_00148,customer,97295,PERSON_00051,customer
TXN_000149,2025-06-13,ACCT_00149,PERSON_00149,upi,6510,PERSON_00088,upi
TXN_000150,2022-04-18,ACCT_00150,PERSON_00150,fuel,1913,PERSON_00125,fuel
TXN_000151,2026-02-22,ACCT_00151,PERSON_00151,rent,15020,PERSON_00162,rent
TXN_000152,2021-05-21,ACCT_00152,PERSON_00152,upi,102064,PERSON_00199,upi
TXN_000153,2024-08-31,ACCT_00153,PERSON_00153,salary,49652,PERSON_00236,salary
TXN_000154,2022-05-14,ACCT_00154,PERSON_00154,emi,19235,PERSON_00273,emi
TXN_000155,2023-06-12,ACCT_00155,PERSON_00155,supplier,75774,PERSON_00310,supplier
TXN_000156,2022-05-29,ACCT_00156,PERSON_00156,transfer,73093,PERSON_00347,transfer
TXN_000157,2022-05-16,ACCT_00157,PERSON_00157,utility,1134,PERSON_00384,utility
TXN_000158,2024-11-09,ACCT_00158,PERSON_00158,upi,8187,PERSON_00421,upi
TXN_000159,2022-06-28,ACCT_00159,PERSON_00159,utility,4104,PERSON_00008,utility
TXN_000160,2021-04-21,ACCT_00160,PERSON_00160,upi,152114,PERSON_00045,upi
TXN_000161,2024-07-21,ACCT_00161,PERSON_00161,upi,121202,PERSON_00082,upi
TXN_000162,2025-04-12,ACCT_00162,PERSON_00162,transfer,57359,PERSON_00119,transfer
TXN_000163,2023-09-06,ACCT_00163,PERSON_00163,utility,980,PERSON_00156,utility
TXN_000164,2023-12-18,ACCT_00164,PERSON_00164,transfer,200388,PERSON_00193,transfer
TXN_000165,2024-05-10,ACCT_00165,PERSON_00165,customer,1848,PERSON_00230,customer
TXN_000166,2023-04-26,ACCT_00166,PERSON_00166,utility,5923,PERSON_00267,utility
TXN_000167,2022-12-25,ACCT_00167,PERSON_00167,emi,28543,PERSON_00304,emi
TXN_000168,2024-05-04,ACCT_00168,PERSON_00168,grocery,958,PERSON_00341,grocery
TXN_000169,2024-05-14,ACCT_00169,PERSON_00169,salary,57116,PERSON_00378,salary
TXN_000170,2022-12-14,ACCT_00170,PERSON_00170,cash_deposit,20779,PERSON_00415,cash deposit
TXN_000171,2022-11-02,ACCT_00171,PERSON_00171,fuel,2584,PERSON_00002,fuel
TXN_000172,2022-07-19,ACCT_00172,PERSON_00172,upi,7493,PERSON_00039,upi
TXN_000173,2021-04-11,ACCT_00173,PERSON_00173,upi,11749,PERSON_00076,upi
TXN_000174,2025-03-18,ACCT_00174,PERSON_00174,utility,2093,PERSON_00113,utility
TXN_000175,2026-02-05,ACCT_00175,PERSON_00175,grocery,2431,PERSON_00150,grocery
TXN_000176,2023-07-10,ACCT_00176,PERSON_00176,customer,93001,PERSON_00187,customer
TXN_000177,2024-09-26,ACCT_00177,PERSON_00177,transfer,5061,PERSON_00224,transfer
TXN_000178,2025-09-16,ACCT_00178,PERSON_00178,emi,10695,PERSON_00261,emi
TXN_000179,2022-05-22,ACCT_00179,PERSON_00179,customer,29573,PERSON_00298,customer
TXN_000180,2022-10-22,ACCT_00180,PERSON_00180,upi,198649,PERSON_00335,upi
TXN_000181,2024-04-05,ACCT_00181,PERSON_00181,utility,6812,PERSON_00372,utility
TXN_000182,2024-10-21,ACCT_00182,PERSON_00182,upi,198974,PERSON_00409,upi
TXN_000183,2021-09-07,ACCT_00183,PERSON_00183,upi,7075,PERSON_00446,upi
TXN_000184,2025-01-07,ACCT_00184,PERSON_00184,upi,230671,PERSON_00033,upi
TXN_000185,2026-04-21,ACCT_00185,PERSON_00185,rent,10056,PERSON_00070,rent
TXN_000186,2022-09-06,ACCT_00186,PERSON_00186,rent,13163,PERSON_00107,rent
TXN_000187,2024-12-25,ACCT_00187,PERSON_00187,grocery,4997,PERSON_00144,grocery
TXN_000188,2025-07-24,ACCT_00188,PERSON_00188,upi,11040,PERSON_00181,upi
TXN_000189,2025-06-05,ACCT_00189,PERSON_00189,customer,61761,PERSON_00218,customer
TXN_000190,2023-12-10,ACCT_00190,PERSON_00190,supplier,56526,PERSON_00255,supplier
TXN_000191,2022-02-01,ACCT_00191,PERSON_00191,upi,155132,PERSON_00292,upi
TXN_000192,2021-11-06,ACCT_00192,PERSON_00192,supplier,37547,PERSON_00329,supplier
TXN_000193,2025-04-20,ACCT_00193,PERSON_00193,salary,38046,PERSON_00366,salary
TXN_000194,2026-04-27,ACCT_00194,PERSON_00194,fuel,3847,PERSON_00403,fuel
TXN_000195,2022-01-25,ACCT_00195,PERSON_00195,rent,15785,PERSON_00440,rent
TXN_000196,2022-12-17,ACCT_00196,PERSON_00196,salary,64937,PERSON_00027,salary
TXN_000197,2025-01-03,ACCT_00197,PERSON_00197,customer,33530,PERSON_00064,customer
TXN_000198,2026-02-01,ACCT_00198,PERSON_00198,fuel,2875,PERSON_00101,fuel
TXN_000199,2026-06-20,ACCT_00199,PERSON_00199,grocery,4913,PERSON_00138,grocery
TXN_000200,2023-02-03,ACCT_00200,PERSON_00200,fuel,5814,PERSON_00175,fuel
TXN_000201,2025-03-14,ACCT_00201,PERSON_00201,cash_deposit,110377,PERSON_00212,cash deposit
TXN_000202,2022-11-04,ACCT_00202,PERSON_00202,supplier,18896,PERSON_00249,supplier
TXN_000203,2024-06-30,ACCT_00203,PERSON_00203,salary,55562,PERSON_00286,salary
TXN_000204,2026-03-20,ACCT_00204,PERSON_00204,transfer,16722,PERSON_00323,transfer
TXN_000205,2021-01-31,ACCT_00205,PERSON_00205,cash_deposit,85522,PERSON_00360,cash deposit
TXN_000206,2022-11-14,ACCT_00206,PERSON_00206,rent,7408,PERSON_00397,rent
TXN_000207,2025-08-12,ACCT_00207,PERSON_00207,utility,2664,PERSON_00434,utility
TXN_000208,2025-03-23,ACCT_00208,PERSON_00208,rent,19708,PERSON_00021,rent
TXN_000209,2023-12-01,ACCT_00209,PERSON_00209,utility,5606,PERSON_00058,utility
TXN_000210,2021-05-18,ACCT_00210,PERSON_00210,fuel,5076,PERSON_00095,fuel
TXN_000211,2022-05-23,ACCT_00211,PERSON_00211,fuel,4591,PERSON_00132,fuel
TXN_000212,2021-07-07,ACCT_00212,PERSON_00212,rent,8267,PERSON_00169,rent
TXN_000213,2026-05-04,ACCT_00213,PERSON_00213,fuel,5236,PERSON_00206,fuel
TXN_000214,2022-12-30,ACCT_00214,PERSON_00214,upi,234812,PERSON_00243,upi
TXN_000215,2023-03-04,ACCT_00215,PERSON_00215,transfer,40436,PERSON_00280,transfer
TXN_000216,2021-02-13,ACCT_00216,PERSON_00216,grocery,4454,PERSON_00317,grocery
TXN_000217,2025-12-13,ACCT_00217,PERSON_00217,customer,35792,PERSON_00354,customer
TXN_000218,2026-01-02,ACCT_00218,PERSON_00218,rent,21457,PERSON_00391,rent
TXN_000219,2023-03-07,ACCT_00219,PERSON_00219,customer,45749,PERSON_00428,customer
TXN_000220,2021-11-29,ACCT_00220,PERSON_00220,salary,41028,PERSON_00015,salary
TXN_000221,2026-02-17,ACCT_00221,PERSON_00221,salary,35876,PERSON_00052,salary
TXN_000222,2023-10-14,ACCT_00222,PERSON_00222,fuel,4499,PERSON_00089,fuel
TXN_000223,2025-05-06,ACCT_00223,PERSON_00223,salary,22690,PERSON_00126,salary
TXN_000224,2021-02-21,ACCT_00224,PERSON_00224,transfer,39848,PERSON_00163,transfer
TXN_000225,2024-06-02,ACCT_00225,PERSON_00225,grocery,4222,PERSON_00200,grocery
TXN_000226,2026-06-30,ACCT_00226,PERSON_00226,salary,28963,PERSON_00237,salary
TXN_000227,2025-02-03,ACCT_00227,PERSON_00227,upi,6636,PERSON_00274,upi
TXN_000228,2021-05-31,ACCT_00228,PERSON_00228,fuel,2269,PERSON_00311,fuel
TXN_000229,2023-10-13,ACCT_00229,PERSON_00229,transfer,78118,PERSON_00348,transfer
TXN_000230,2021-08-31,ACCT_00230,PERSON_00230,salary,68920,PERSON_00385,salary
TXN_000231,2023-11-17,ACCT_00231,PERSON_00231,upi,63151,PERSON_00422,upi
TXN_000232,2024-11-19,ACCT_00232,PERSON_00232,emi,30719,PERSON_00009,emi
TXN_000233,2021-02-06,ACCT_00233,PERSON_00233,customer,29653,PERSON_00046,customer
TXN_000234,2023-12-31,ACCT_00234,PERSON_00234,grocery,6315,PERSON_00083,grocery
TXN_000235,2024-04-26,ACCT_00235,PERSON_00235,upi,4970,PERSON_00120,upi
TXN_000236,2023-09-29,ACCT_00236,PERSON_00236,customer,29449,PERSON_00157,customer
TXN_000237,2025-03-08,ACCT_00237,PERSON_00237,emi,18783,PERSON_00194,emi
TXN_000238,2022-05-19,ACCT_00238,PERSON_00238,upi,5387,PERSON_00231,upi
TXN_000239,2022-01-07,ACCT_00239,PERSON_00239,fuel,4338,PERSON_00268,fuel
TXN_000240,2024-11-09,ACCT_00240,PERSON_00240,fuel,4658,PERSON_00305,fuel
TXN_000241,2023-11-24,ACCT_00241,PERSON_00241,upi,235045,PERSON_00342,upi
TXN_000242,2026-03-23,ACCT_00242,PERSON_00242,supplier,78124,PERSON_00379,supplier
TXN_000243,2022-08-02,ACCT_00243,PERSON_00243,fuel,2783,PERSON_00416,fuel
TXN_000244,2022-11-11,ACCT_00244,PERSON_00244,salary,42540,PERSON_00003,salary
TXN_000245,2021-07-30,ACCT_00245,PERSON_00245,utility,4740,PERSON_00040,utility
TXN_000246,2023-10-19,ACCT_00246,PERSON_00246,supplier,54867,PERSON_00077,supplier
TXN_000247,2022-08-09,ACCT_00247,PERSON_00247,emi,9761,PERSON_00114,emi
TXN_000248,2021-04-24,ACCT_00248,PERSON_00248,rent,12201,PERSON_00151,rent
TXN_000249,2024-08-30,ACCT_00249,PERSON_00249,upi,10332,PERSON_00188,upi
TXN_000250,2021-04-19,ACCT_00250,PERSON_00250,utility,1043,PERSON_00225,utility
TXN_000251,2023-05-29,ACCT_00251,PERSON_00251,supplier,32001,PERSON_00262,supplier
TXN_000252,2025-08-26,ACCT_00252,PERSON_00252,fuel,1520,PERSON_00299,fuel
TXN_000253,2026-01-23,ACCT_00253,PERSON_00253,supplier,6438,PERSON_00336,supplier
TXN_000254,2025-06-13,ACCT_00254,PERSON_00254,rent,12430,PERSON_00373,rent
TXN_000255,2025-11-09,ACCT_00255,PERSON_00255,transfer,196765,PERSON_00410,transfer
TXN_000256,2023-12-17,ACCT_00256,PERSON_00256,upi,170274,PERSON_00447,upi
TXN_000257,2022-03-31,ACCT_00257,PERSON_00257,salary,71134,PERSON_00034,salary
TXN_000258,2025-04-26,ACCT_00258,PERSON_00258,upi,2498,PERSON_00071,upi
TXN_000259,2025-09-25,ACCT_00259,PERSON_00259,utility,3284,PERSON_00108,utility
TXN_000260,2021-04-09,ACCT_00260,PERSON_00260,rent,18002,PERSON_00145,rent
TXN_000261,2025-07-09,ACCT_00261,PERSON_00261,rent,9497,PERSON_00182,rent
TXN_000262,2021-04-18,ACCT_00262,PERSON_00262,transfer,51118,PERSON_00219,transfer
TXN_000263,2023-10-20,ACCT_00263,PERSON_00263,rent,14023,PERSON_00256,rent
TXN_000264,2025-12-28,ACCT_00264,PERSON_00264,salary,55971,PERSON_00293,salary
TXN_000265,2023-07-30,ACCT_00265,PERSON_00265,upi,11023,PERSON_00330,upi
TXN_000266,2023-01-04,ACCT_00266,PERSON_00266,customer,100127,PERSON_00367,customer
TXN_000267,2023-02-24,ACCT_00267,PERSON_00267,salary,45374,PERSON_00404,salary
TXN_000268,2021-10-29,ACCT_00268,PERSON_00268,fuel,2956,PERSON_00441,fuel
TXN_000269,2023-11-25,ACCT_00269,PERSON_00269,upi,92358,PERSON_00028,upi
TXN_000270,2021-11-12,ACCT_00270,PERSON_00270,upi,4231,PERSON_00065,upi
TXN_000271,2023-08-20,ACCT_00271,PERSON_00271,upi,229001,PERSON_00102,upi
TXN_000272,2022-11-20,ACCT_00272,PERSON_00272,rent,10927,PERSON_00139,rent
TXN_000273,2024-11-04,ACCT_00273,PERSON_00273,grocery,5750,PERSON_00176,grocery
TXN_000274,2021-11-02,ACCT_00274,PERSON_00274,upi,8180,PERSON_00213,upi
TXN_000275,2022-12-09,ACCT_00275,PERSON_00275,supplier,58798,PERSON_00250,supplier
TXN_000276,2021-09-03,ACCT_00276,PERSON_00276,salary,56777,PERSON_00287,salary
TXN_000277,2022-06-22,ACCT_00277,PERSON_00277,salary,74914,PERSON_00324,salary
TXN_000278,2023-05-23,ACCT_00278,PERSON_00278,supplier,32847,PERSON_00361,supplier
TXN_000279,2025-12-10,ACCT_00279,PERSON_00279,fuel,2585,PERSON_00398,fuel
TXN_000280,2024-08-13,ACCT_00280,PERSON_00280,upi,3441,PERSON_00435,upi
TXN_000281,2025-12-26,ACCT_00281,PERSON_00281,grocery,5042,PERSON_00022,grocery
TXN_000282,2021-08-19,ACCT_00282,PERSON_00282,grocery,402,PERSON_00059,grocery
TXN_000283,2021-09-19,ACCT_00283,PERSON_00283,upi,3685,PERSON_00096,upi
TXN_000284,2022-12-17,ACCT_00284,PERSON_00284,rent,11149,PERSON_00133,rent
TXN_000285,2022-02-10,ACCT_00285,PERSON_00285,supplier,50122,PERSON_00170,supplier
TXN_000286,2025-05-31,ACCT_00286,PERSON_00286,upi,229477,PERSON_00207,upi
TXN_000287,2022-08-05,ACCT_00287,PERSON_00287,grocery,2538,PERSON_00244,grocery
TXN_000288,2025-01-22,ACCT_00288,PERSON_00288,upi,81656,PERSON_00281,upi
TXN_000289,2022-07-27,ACCT_00289,PERSON_00289,supplier,6260,PERSON_00318,supplier
TXN_000290,2021-07-13,ACCT_00290,PERSON_00290,grocery,6022,PERSON_00355,grocery
TXN_000291,2024-04-24,ACCT_00291,PERSON_00291,upi,239922,PERSON_00392,upi
TXN_000292,2024-12-17,ACCT_00292,PERSON_00292,salary,73133,PERSON_00429,salary
TXN_000293,2024-11-29,ACCT_00293,PERSON_00293,rent,21963,PERSON_00016,rent
TXN_000294,2025-10-20,ACCT_00294,PERSON_00294,fuel,5048,PERSON_00053,fuel
TXN_000295,2023-06-11,ACCT_00295,PERSON_00295,grocery,4625,PERSON_00090,grocery
TXN_000296,2026-01-30,ACCT_00296,PERSON_00296,upi,5704,PERSON_00127,upi
TXN_000297,2024-05-11,ACCT_00297,PERSON_00297,upi,204930,PERSON_00164,upi
TXN_000298,2021-03-09,ACCT_00298,PERSON_00298,upi,1065,PERSON_00201,upi
TXN_000299,2021-10-03,ACCT_00299,PERSON_00299,salary,26304,PERSON_00238,salary
TXN_000300,2021-11-11,ACCT_00300,PERSON_00300,utility,3885,PERSON_00275,utility
TXN_000301,2025-02-11,ACCT_00301,PERSON_00301,cash_deposit,159391,PERSON_00312,cash deposit
TXN_000302,2023-10-12,ACCT_00302,PERSON_00302,upi,208446,PERSON_00349,upi
TXN_000303,2025-02-20,ACCT_00303,PERSON_00303,salary,48284,PERSON_00386,salary
TXN_000304,2026-02-02,ACCT_00304,PERSON_00304,fuel,3987,PERSON_00423,fuel
TXN_000305,2021-11-09,ACCT_00305,PERSON_00305,salary,51295,PERSON_00010,salary
TXN_000306,2021-05-09,ACCT_00306,PERSON_00306,cash_deposit,78048,PERSON_00047,cash deposit
TXN_000307,2022-06-29,ACCT_00307,PERSON_00307,transfer,54426,PERSON_00084,transfer
TXN_000308,2021-08-15,ACCT_00308,PERSON_00308,utility,2146,PERSON_00121,utility
TXN_000309,2024-08-18,ACCT_00309,PERSON_00309,utility,1943,PERSON_00158,utility
TXN_000310,2021-06-03,ACCT_00310,PERSON_00310,cash_deposit,95319,PERSON_00195,cash deposit
TXN_000311,2026-05-30,ACCT_00311,PERSON_00311,upi,613,PERSON_00232,upi
TXN_000312,2022-07-14,ACCT_00312,PERSON_00312,salary,51496,PERSON_00269,salary
TXN_000313,2024-03-22,ACCT_00313,PERSON_00313,grocery,4588,PERSON_00306,grocery
TXN_000314,2021-02-13,ACCT_00314,PERSON_00314,upi,6853,PERSON_00343,upi
TXN_000315,2026-04-26,ACCT_00315,PERSON_00315,fuel,4597,PERSON_00380,fuel
TXN_000316,2024-08-24,ACCT_00316,PERSON_00316,upi,491,PERSON_00417,upi
TXN_000317,2024-06-09,ACCT_00317,PERSON_00317,grocery,5932,PERSON_00004,grocery
TXN_000318,2021-10-02,ACCT_00318,PERSON_00318,upi,214623,PERSON_00041,upi
TXN_000319,2021-09-08,ACCT_00319,PERSON_00319,salary,22285,PERSON_00078,salary
TXN_000320,2025-02-23,ACCT_00320,PERSON_00320,fuel,4858,PERSON_00115,fuel
TXN_000321,2022-07-10,ACCT_00321,PERSON_00321,customer,35242,PERSON_00152,customer
TXN_000322,2024-08-03,ACCT_00322,PERSON_00322,customer,59215,PERSON_00189,customer
TXN_000323,2025-01-12,ACCT_00323,PERSON_00323,upi,11598,PERSON_00226,upi
TXN_000324,2022-07-08,ACCT_00324,PERSON_00324,upi,8817,PERSON_00263,upi
TXN_000325,2025-07-06,ACCT_00325,PERSON_00325,grocery,4527,PERSON_00300,grocery
TXN_000326,2025-10-20,ACCT_00326,PERSON_00326,rent,11980,PERSON_00337,rent
TXN_000327,2025-03-28,ACCT_00327,PERSON_00327,grocery,6412,PERSON_00374,grocery
TXN_000328,2025-08-07,ACCT_00328,PERSON_00328,salary,70020,PERSON_00411,salary
TXN_000329,2023-11-17,ACCT_00329,PERSON_00329,salary,38309,PERSON_00448,salary
TXN_000330,2023-07-15,ACCT_00330,PERSON_00330,fuel,2250,PERSON_00035,fuel
TXN_000331,2025-08-10,ACCT_00331,PERSON_00331,supplier,15906,PERSON_00072,supplier
TXN_000332,2025-03-28,ACCT_00332,PERSON_00332,emi,8334,PERSON_00109,emi
TXN_000333,2022-02-17,ACCT_00333,PERSON_00333,upi,7621,PERSON_00146,upi
TXN_000334,2025-07-13,ACCT_00334,PERSON_00334,cash_deposit,140644,PERSON_00183,cash deposit
TXN_000335,2024-06-10,ACCT_00335,PERSON_00335,grocery,6311,PERSON_00220,grocery
TXN_000336,2023-08-14,ACCT_00336,PERSON_00336,grocery,3592,PERSON_00257,grocery
TXN_000337,2026-01-14,ACCT_00337,PERSON_00337,grocery,3707,PERSON_00294,grocery
TXN_000338,2023-11-17,ACCT_00338,PERSON_00338,upi,97441,PERSON_00331,upi
TXN_000339,2023-01-16,ACCT_00339,PERSON_00339,salary,26568,PERSON_00368,salary
TXN_000340,2023-01-03,ACCT_00340,PERSON_00340,utility,2240,PERSON_00405,utility
TXN_000341,2023-01-29,ACCT_00341,PERSON_00341,transfer,60511,PERSON_00442,transfer
TXN_000342,2024-01-19,ACCT_00342,PERSON_00342,utility,3942,PERSON_00029,utility
TXN_000343,2021-12-26,ACCT_00343,PERSON_00343,supplier,22252,PERSON_00066,supplier
TXN_000344,2021-08-08,ACCT_00344,PERSON_00344,emi,13729,PERSON_00103,emi
TXN_000345,2023-07-11,ACCT_00345,PERSON_00345,upi,44145,PERSON_00140,upi
TXN_000346,2024-06-09,ACCT_00346,PERSON_00346,supplier,21889,PERSON_00177,supplier
TXN_000347,2021-02-14,ACCT_00347,PERSON_00347,supplier,54849,PERSON_00214,supplier
TXN_000348,2021-09-11,ACCT_00348,PERSON_00348,rent,13863,PERSON_00251,rent
TXN_000349,2021-08-06,ACCT_00349,PERSON_00349,salary,32661,PERSON_00288,salary
TXN_000350,2023-06-06,ACCT_00350,PERSON_00350,salary,71838,PERSON_00325,salary
TXN_000351,2025-07-18,ACCT_00351,PERSON_00351,upi,11893,PERSON_00362,upi
TXN_000352,2021-07-28,ACCT_00352,PERSON_00352,emi,22516,PERSON_00399,emi
TXN_000353,2023-02-06,ACCT_00353,PERSON_00353,supplier,62477,PERSON_00436,supplier
TXN_000354,2024-10-07,ACCT_00354,PERSON_00354,supplier,13970,PERSON_00023,supplier
TXN_000355,2026-01-06,ACCT_00355,PERSON_00355,salary,23334,PERSON_00060,salary
TXN_000356,2023-01-17,ACCT_00356,PERSON_00356,upi,861,PERSON_00097,upi
TXN_000357,2023-10-05,ACCT_00357,PERSON_00357,upi,10165,PERSON_00134,upi
TXN_000358,2025-12-13,ACCT_00358,PERSON_00358,cash_deposit,215312,PERSON_00171,cash deposit
TXN_000359,2025-03-05,ACCT_00359,PERSON_00359,grocery,4011,PERSON_00208,grocery
TXN_000360,2021-02-04,ACCT_00360,PERSON_00360,customer,24738,PERSON_00245,customer
TXN_000361,2021-02-13,ACCT_00361,PERSON_00361,grocery,3932,PERSON_00282,grocery
TXN_000362,2023-05-17,ACCT_00362,PERSON_00362,salary,32812,PERSON_00319,salary
TXN_000363,2022-01-29,ACCT_00363,PERSON_00363,supplier,62761,PERSON_00356,supplier
TXN_000364,2023-08-01,ACCT_00364,PERSON_00364,rent,17876,PERSON_00393,rent
TXN_000365,2021-12-06,ACCT_00365,PERSON_00365,salary,28757,PERSON_00430,salary
TXN_000366,2023-05-10,ACCT_00366,PERSON_00366,transfer,98273,PERSON_00017,transfer
TXN_000367,2021-04-18,ACCT_00367,PERSON_00367,customer,113202,PERSON_00054,customer
TXN_000368,2024-12-26,ACCT_00368,PERSON_00368,rent,21251,PERSON_00091,rent
TXN_000369,2024-01-04,ACCT_00369,PERSON_00369,customer,110168,PERSON_00128,customer
TXN_000370,2024-04-22,ACCT_00370,PERSON_00370,grocery,3848,PERSON_00165,grocery
TXN_000371,2025-02-14,ACCT_00371,PERSON_00371,rent,11750,PERSON_00202,rent
TXN_000372,2024-05-04,ACCT_00372,PERSON_00372,cash_deposit,169622,PERSON_00239,cash deposit
TXN_000373,2025-10-29,ACCT_00373,PERSON_00373,transfer,60537,PERSON_00276,transfer
TXN_000374,2021-07-26,ACCT_00374,PERSON_00374,grocery,6468,PERSON_00313,grocery
TXN_000375,2026-05-08,ACCT_00375,PERSON_00375,grocery,652,PERSON_00350,grocery
TXN_000376,2024-03-27,ACCT_00376,PERSON_00376,supplier,56233,PERSON_00387,supplier
TXN_000377,2025-05-21,ACCT_00377,PERSON_00377,utility,516,PERSON_00424,utility
TXN_000378,2023-03-12,ACCT_00378,PERSON_00378,customer,116782,PERSON_00011,customer
TXN_000379,2024-04-14,ACCT_00379,PERSON_00379,fuel,4807,PERSON_00048,fuel
TXN_000380,2024-01-05,ACCT_00380,PERSON_00380,rent,14097,PERSON_00085,rent
TXN_000381,2022-08-24,ACCT_00381,PERSON_00381,rent,14702,PERSON_00122,rent
TXN_000382,2025-09-09,ACCT_00382,PERSON_00382,transfer,86980,PERSON_00159,transfer
TXN_000383,2025-08-11,ACCT_00383,PERSON_00383,fuel,4572,PERSON_00196,fuel
TXN_000384,2024-12-03,ACCT_00384,PERSON_00384,salary,29834,PERSON_00233,salary
TXN_000385,2026-02-20,ACCT_00385,PERSON_00385,rent,9861,PERSON_00270,rent
TXN_000386,2025-05-03,ACCT_00386,PERSON_00386,emi,15675,PERSON_00307,emi
TXN_000387,2022-02-17,ACCT_00387,PERSON_00387,upi,2809,PERSON_00344,upi
TXN_000388,2026-06-25,ACCT_00388,PERSON_00388,fuel,789,PERSON_00381,fuel
TXN_000389,2025-08-21,ACCT_00389,PERSON_00389,upi,212297,PERSON_00418,upi
TXN_000390,2022-08-13,ACCT_00390,PERSON_00390,transfer,59357,PERSON_00005,transfer
TXN_000391,2024-07-21,ACCT_00391,PERSON_00391,transfer,108439,PERSON_00042,transfer
TXN_000392,2025-05-01,ACCT_00392,PERSON_00392,grocery,6096,PERSON_00079,grocery
TXN_000393,2024-05-12,ACCT_00393,PERSON_00393,fuel,3557,PERSON_00116,fuel
TXN_000394,2026-01-25,ACCT_00394,PERSON_00394,rent,19618,PERSON_00153,rent
TXN_000395,2021-07-04,ACCT_00395,PERSON_00395,utility,2429,PERSON_00190,utility
TXN_000396,2025-11-11,ACCT_00396,PERSON_00396,upi,8193,PERSON_00227,upi
TXN_000397,2022-01-15,ACCT_00397,PERSON_00397,upi,6533,PERSON_00264,upi
TXN_000398,2021-03-19,ACCT_00398,PERSON_00398,salary,60025,PERSON_00301,salary
TXN_000399,2022-12-14,ACCT_00399,PERSON_00399,fuel,4361,PERSON_00338,fuel
TXN_000400,2021-10-22,ACCT_00400,PERSON_00400,grocery,3505,PERSON_00375,grocery
TXN_000401,2023-08-01,ACCT_00401,PERSON_00401,grocery,1894,PERSON_00412,grocery
TXN_000402,2026-01-06,ACCT_00402,PERSON_00402,utility,5745,PERSON_00449,utility
TXN_000403,2023-06-06,ACCT_00403,PERSON_00403,fuel,2462,PERSON_00036,fuel
TXN_000404,2022-10-20,ACCT_00404,PERSON_00404,grocery,6334,PERSON_00073,grocery
TXN_000405,2021-10-25,ACCT_00405,PERSON_00405,fuel,4140,PERSON_00110,fuel
TXN_000406,2022-09-04,ACCT_00406,PERSON_00406,utility,3975,PERSON_00147,utility
TXN_000407,2024-09-27,ACCT_00407,PERSON_00407,rent,10348,PERSON_00184,rent
TXN_000408,2023-01-04,ACCT_00408,PERSON_00408,customer,92784,PERSON_00221,customer
TXN_000409,2024-08-24,ACCT_00409,PERSON_00409,upi,11490,PERSON_00258,upi
TXN_000410,2024-08-14,ACCT_00410,PERSON_00410,emi,22356,PERSON_00295,emi
TXN_000411,2022-06-09,ACCT_00411,PERSON_00411,upi,58340,PERSON_00332,upi
TXN_000412,2024-08-08,ACCT_00412,PERSON_00412,customer,47221,PERSON_00369,customer
TXN_000413,2024-12-15,ACCT_00413,PERSON_00413,fuel,2904,PERSON_00406,fuel
TXN_000414,2022-02-02,ACCT_00414,PERSON_00414,salary,28375,PERSON_00443,salary
TXN_000415,2024-08-13,ACCT_00415,PERSON_00415,customer,28789,PERSON_00030,customer
TXN_000416,2023-10-18,ACCT_00416,PERSON_00416,upi,1705,PERSON_00067,upi
TXN_000417,2025-02-14,ACCT_00417,PERSON_00417,utility,1144,PERSON_00104,utility
TXN_000418,2024-06-22,ACCT_00418,PERSON_00418,upi,7474,PERSON_00141,upi
TXN_000419,2021-08-07,ACCT_00419,PERSON_00419,supplier,74285,PERSON_00178,supplier
TXN_000420,2024-03-21,ACCT_00420,PERSON_00420,salary,27454,PERSON_00215,salary
TXN_000421,2025-02-02,ACCT_00421,PERSON_00421,upi,5923,PERSON_00252,upi
TXN_000422,2025-01-12,ACCT_00422,PERSON_00422,grocery,1628,PERSON_00289,grocery
TXN_000423,2025-03-03,ACCT_00423,PERSON_00423,upi,309,PERSON_00326,upi
TXN_000424,2023-05-02,ACCT_00424,PERSON_00424,upi,4069,PERSON_00363,upi
TXN_000425,2026-03-03,ACCT_00425,PERSON_00425,upi,6060,PERSON_00400,upi
TXN_000426,2024-08-11,ACCT_00426,PERSON_00426,emi,17317,PERSON_00437,emi
TXN_000427,2022-09-29,ACCT_00427,PERSON_00427,supplier,66094,PERSON_00024,supplier
TXN_000428,2024-02-18,ACCT_00428,PERSON_00428,utility,5772,PERSON_00061,utility
TXN_000429,2024-09-09,ACCT_00429,PERSON_00429,supplier,16822,PERSON_00098,supplier
TXN_000430,2021-02-05,ACCT_00430,PERSON_00430,fuel,4067,PERSON_00135,fuel
TXN_000431,2022-04-28,ACCT_00431,PERSON_00431,upi,10120,PERSON_00172,upi
TXN_000432,2025-11-14,ACCT_00432,PERSON_00432,supplier,20778,PERSON_00209,supplier
TXN_000433,2026-04-13,ACCT_00433,PERSON_00433,rent,19723,PERSON_00246,rent
TXN_000434,2025-04-25,ACCT_00434,PERSON_00434,transfer,139678,PERSON_00283,transfer
TXN_000435,2021-12-31,ACCT_00435,PERSON_00435,upi,43647,PERSON_00320,upi
TXN_000436,2025-04-23,ACCT_00436,PERSON_00436,grocery,4924,PERSON_00357,grocery
TXN_000437,2022-06-01,ACCT_00437,PERSON_00437,grocery,4143,PERSON_00394,grocery
TXN_000438,2022-08-10,ACCT_00438,PERSON_00438,upi,76485,PERSON_00431,upi
TXN_000439,2024-03-13,ACCT_00439,PERSON_00439,grocery,1414,PERSON_00018,grocery
TXN_000440,2022-07-10,ACCT_00440,PERSON_00440,salary,50724,PERSON_00055,salary
TXN_000441,2021-10-16,ACCT_00441,PERSON_00441,cash_deposit,78950,PERSON_00092,cash deposit
TXN_000442,2021-05-11,ACCT_00442,PERSON_00442,fuel,1659,PERSON_00129,fuel
TXN_000443,2026-02-28,ACCT_00443,PERSON_00443,grocery,4435,PERSON_00166,grocery
TXN_000444,2021-10-11,ACCT_00444,PERSON_00444,upi,9514,PERSON_00203,upi
TXN_000445,2022-07-05,ACCT_00445,PERSON_00445,upi,8169,PERSON_00240,upi
TXN_000446,2025-08-18,ACCT_00446,PERSON_00446,grocery,3879,PERSON_00277,grocery
TXN_000447,2023-03-20,ACCT_00447,PERSON_00447,supplier,55087,PERSON_00314,supplier
TXN_000448,2022-07-21,ACCT_00448,PERSON_00448,grocery,2626,PERSON_00351,grocery
TXN_000449,2021-03-23,ACCT_00449,PERSON_00449,rent,11037,PERSON_00388,rent
TXN_000450,2022-03-24,ACCT_00450,PERSON_00450,utility,4637,PERSON_00425,utility
TXN_000451,2025-02-26,ACCT_00001,PERSON_00001,emi,14752,PERSON_00012,emi
TXN_000452,2026-03-29,ACCT_00002,PERSON_00002,upi,11374,PERSON_00049,upi
TXN_000453,2025-02-10,ACCT_00003,PERSON_00003,grocery,4621,PERSON_00086,grocery
TXN_000454,2024-11-11,ACCT_00004,PERSON_00004,grocery,811,PERSON_00123,grocery
TXN_000455,2021-03-03,ACCT_00005,PERSON_00005,supplier,63137,PERSON_00160,supplier
TXN_000456,2023-05-10,ACCT_00006,PERSON_00006,rent,21724,PERSON_00197,rent
TXN_000457,2022-12-24,ACCT_00007,PERSON_00007,salary,20068,PERSON_00234,salary
TXN_000458,2021-01-17,ACCT_00008,PERSON_00008,rent,19183,PERSON_00271,rent
TXN_000459,2023-10-15,ACCT_00009,PERSON_00009,transfer,42277,PERSON_00308,transfer
TXN_000460,2022-09-21,ACCT_00010,PERSON_00010,supplier,61362,PERSON_00345,supplier
TXN_000461,2025-11-16,ACCT_00011,PERSON_00011,rent,6031,PERSON_00382,rent
TXN_000462,2023-06-08,ACCT_00012,PERSON_00012,emi,10529,PERSON_00419,emi
TXN_000463,2021-02-08,ACCT_00013,PERSON_00013,transfer,54906,PERSON_00006,transfer
TXN_000464,2024-07-08,ACCT_00014,PERSON_00014,grocery,1488,PERSON_00043,grocery
TXN_000465,2023-11-15,ACCT_00015,PERSON_00015,emi,11556,PERSON_00080,emi
TXN_000466,2022-04-10,ACCT_00016,PERSON_00016,fuel,4465,PERSON_00117,fuel
TXN_000467,2024-09-24,ACCT_00017,PERSON_00017,grocery,4277,PERSON_00154,grocery
TXN_000468,2024-05-20,ACCT_00018,PERSON_00018,supplier,52939,PERSON_00191,supplier
TXN_000469,2025-02-20,ACCT_00019,PERSON_00019,upi,3061,PERSON_00228,upi
TXN_000470,2023-04-18,ACCT_00020,PERSON_00020,utility,3900,PERSON_00265,utility
TXN_000471,2025-08-28,ACCT_00021,PERSON_00021,salary,48505,PERSON_00302,salary
TXN_000472,2025-04-29,ACCT_00022,PERSON_00022,salary,51309,PERSON_00339,salary
TXN_000473,2021-09-06,ACCT_00023,PERSON_00023,fuel,2800,PERSON_00376,fuel
TXN_000474,2021-01-16,ACCT_00024,PERSON_00024,emi,30819,PERSON_00413,emi
TXN_000475,2025-08-11,ACCT_00025,PERSON_00025,cash_deposit,64072,PERSON_00450,cash deposit
TXN_000476,2025-07-20,ACCT_00026,PERSON_00026,rent,19507,PERSON_00037,rent
TXN_000477,2021-02-13,ACCT_00027,PERSON_00027,cash_deposit,103649,PERSON_00074,cash deposit
TXN_000478,2023-05-10,ACCT_00028,PERSON_00028,grocery,2598,PERSON_00111,grocery
TXN_000479,2021-03-04,ACCT_00029,PERSON_00029,upi,5375,PERSON_00148,upi
TXN_000480,2024-08-07,ACCT_00030,PERSON_00030,fuel,810,PERSON_00185,fuel
TXN_000481,2024-06-13,ACCT_00031,PERSON_00031,utility,1326,PERSON_00222,utility
TXN_000482,2021-03-09,ACCT_00032,PERSON_00032,salary,31843,PERSON_00259,salary
TXN_000483,2021-01-20,ACCT_00033,PERSON_00033,rent,9602,PERSON_00296,rent
TXN_000484,2024-01-20,ACCT_00034,PERSON_00034,fuel,1657,PERSON_00333,fuel
TXN_000485,2021-09-04,ACCT_00035,PERSON_00035,customer,109754,PERSON_00370,customer
TXN_000486,2023-07-17,ACCT_00036,PERSON_00036,upi,470,PERSON_00407,upi
TXN_000487,2023-12-30,ACCT_00037,PERSON_00037,upi,10392,PERSON_00444,upi
TXN_000488,2021-05-19,ACCT_00038,PERSON_00038,rent,8746,PERSON_00031,rent
TXN_000489,2023-06-27,ACCT_00039,PERSON_00039,emi,5181,PERSON_00068,emi
TXN_000490,2022-03-07,ACCT_00040,PERSON_00040,supplier,30880,PERSON_00105,supplier
TXN_000491,2024-05-21,ACCT_00041,PERSON_00041,salary,23248,PERSON_00142,salary
TXN_000492,2023-09-08,ACCT_00042,PERSON_00042,transfer,76088,PERSON_00179,transfer
TXN_000493,2024-06-27,ACCT_00043,PERSON_00043,utility,1275,PERSON_00216,utility
TXN_000494,2025-03-21,ACCT_00044,PERSON_00044,grocery,2017,PERSON_00253,grocery
TXN_000495,2024-10-23,ACCT_00045,PERSON_00045,transfer,145653,PERSON_00290,transfer
TXN_000496,2021-12-24,ACCT_00046,PERSON_00046,rent,20456,PERSON_00327,rent
TXN_000497,2021-06-20,ACCT_00047,PERSON_00047,rent,13495,PERSON_00364,rent
TXN_000498,2025-03-06,ACCT_00048,PERSON_00048,cash_deposit,194667,PERSON_00401,cash deposit
TXN_000499,2022-04-02,ACCT_00049,PERSON_00049,rent,18881,PERSON_00438,rent
TXN_000500,2021-05-15,ACCT_00050,PERSON_00050,upi,11409,PERSON_00025,upi
TXN_000501,2021-10-27,ACCT_00051,PERSON_00051,salary,38881,PERSON_00062,salary
TXN_000502,2023-12-25,ACCT_00052,PERSON_00052,upi,32386,PERSON_00099,upi
TXN_000503,2025-01-19,ACCT_00053,PERSON_00053,salary,22472,PERSON_00136,salary
TXN_000504,2022-09-02,ACCT_00054,PERSON_00054,grocery,6062,PERSON_00173,grocery
TXN_000505,2025-12-29,ACCT_00055,PERSON_00055,emi,8202,PERSON_00210,emi
TXN_000506,2025-05-08,ACCT_00056,PERSON_00056,upi,8924,PERSON_00247,upi
TXN_000507,2025-12-06,ACCT_00057,PERSON_00057,cash_deposit,67535,PERSON_00284,cash deposit
TXN_000508,2023-03-29,ACCT_00058,PERSON_00058,salary,58905,PERSON_00321,salary
TXN_000509,2024-03-26,ACCT_00059,PERSON_00059,fuel,1439,PERSON_00358,fuel
TXN_000510,2024-04-30,ACCT_00060,PERSON_00060,salary,32688,PERSON_00395,salary
TXN_000511,2024-04-05,ACCT_00061,PERSON_00061,grocery,4849,PERSON_00432,grocery
TXN_000512,2022-08-10,ACCT_00062,PERSON_00062,utility,6766,PERSON_00019,utility
TXN_000513,2023-10-24,ACCT_00063,PERSON_00063,grocery,5535,PERSON_00056,grocery
TXN_000514,2024-10-14,ACCT_00064,PERSON_00064,grocery,2636,PERSON_00093,grocery
TXN_000515,2025-07-13,ACCT_00065,PERSON_00065,grocery,5176,PERSON_00130,grocery
TXN_000516,2026-02-20,ACCT_00066,PERSON_00066,fuel,2763,PERSON_00167,fuel
TXN_000517,2023-03-28,ACCT_00067,PERSON_00067,grocery,3653,PERSON_00204,grocery
TXN_000518,2025-09-13,ACCT_00068,PERSON_00068,cash_deposit,39433,PERSON_00241,cash deposit
TXN_000519,2024-04-03,ACCT_00069,PERSON_00069,transfer,35894,PERSON_00278,transfer
TXN_000520,2022-01-08,ACCT_00070,PERSON_00070,cash_deposit,102070,PERSON_00315,cash deposit
TXN_000521,2021-01-01,ACCT_00071,PERSON_00071,fuel,4145,PERSON_00352,fuel
TXN_000522,2026-06-26,ACCT_00072,PERSON_00072,cash_deposit,170681,PERSON_00389,cash deposit
TXN_000523,2023-07-29,ACCT_00073,PERSON_00073,upi,8847,PERSON_00426,upi
TXN_000524,2025-11-01,ACCT_00074,PERSON_00074,upi,193487,PERSON_00013,upi
TXN_000525,2024-04-18,ACCT_00075,PERSON_00075,fuel,4480,PERSON_00050,fuel
TXN_000526,2022-05-19,ACCT_00076,PERSON_00076,transfer,222160,PERSON_00087,transfer
TXN_000527,2021-10-16,ACCT_00077,PERSON_00077,salary,26111,PERSON_00124,salary
TXN_000528,2021-08-03,ACCT_00078,PERSON_00078,transfer,7581,PERSON_00161,transfer
TXN_000529,2022-11-25,ACCT_00079,PERSON_00079,rent,10957,PERSON_00198,rent
TXN_000530,2022-09-26,ACCT_00080,PERSON_00080,grocery,438,PERSON_00235,grocery
TXN_000531,2024-05-20,ACCT_00081,PERSON_00081,utility,5953,PERSON_00272,utility
TXN_000532,2024-08-05,ACCT_00082,PERSON_00082,rent,7445,PERSON_00309,rent
TXN_000533,2021-12-31,ACCT_00083,PERSON_00083,salary,51577,PERSON_00346,salary
TXN_000534,2025-07-08,ACCT_00084,PERSON_00084,customer,89161,PERSON_00383,customer
TXN_000535,2024-09-18,ACCT_00085,PERSON_00085,upi,5086,PERSON_00420,upi
TXN_000536,2023-01-13,ACCT_00086,PERSON_00086,salary,27638,PERSON_00007,salary
TXN_000537,2022-02-20,ACCT_00087,PERSON_00087,rent,12868,PERSON_00044,rent
TXN_000538,2025-11-30,ACCT_00088,PERSON_00088,fuel,5382,PERSON_00081,fuel
TXN_000539,2025-01-05,ACCT_00089,PERSON_00089,fuel,3081,PERSON_00118,fuel
TXN_000540,2025-03-11,ACCT_00090,PERSON_00090,grocery,1289,PERSON_00155,grocery
TXN_000541,2026-04-13,ACCT_00091,PERSON_00091,rent,9974,PERSON_00192,rent
TXN_000542,2026-02-24,ACCT_00092,PERSON_00092,upi,145954,PERSON_00229,upi
TXN_000543,2023-12-27,ACCT_00093,PERSON_00093,upi,200581,PERSON_00266,upi
TXN_000544,2021-10-02,ACCT_00094,PERSON_00094,rent,14530,PERSON_00303,rent
TXN_000545,2021-12-26,ACCT_00095,PERSON_00095,rent,16690,PERSON_00340,rent
TXN_000546,2023-01-20,ACCT_00096,PERSON_00096,upi,1337,PERSON_00377,upi
TXN_000547,2024-01-04,ACCT_00097,PERSON_00097,grocery,3031,PERSON_00414,grocery
TXN_000548,2022-10-12,ACCT_00098,PERSON_00098,transfer,22092,PERSON_00001,transfer
TXN_000549,2024-03-10,ACCT_00099,PERSON_00099,rent,20410,PERSON_00038,rent
TXN_000550,2025-03-08,ACCT_00100,PERSON_00100,supplier,4560,PERSON_00075,supplier
TXN_000551,2025-02-14,ACCT_00101,PERSON_00101,rent,19312,PERSON_00112,rent
TXN_000552,2021-08-16,ACCT_00102,PERSON_00102,rent,19667,PERSON_00149,rent
TXN_000553,2023-04-19,ACCT_00103,PERSON_00103,utility,4304,PERSON_00186,utility
TXN_000554,2023-11-19,ACCT_00104,PERSON_00104,grocery,3903,PERSON_00223,grocery
TXN_000555,2026-02-11,ACCT_00105,PERSON_00105,transfer,198991,PERSON_00260,transfer
TXN_000556,2025-11-10,ACCT_00106,PERSON_00106,transfer,188376,PERSON_00297,transfer
TXN_000557,2026-01-12,ACCT_00107,PERSON_00107,transfer,87803,PERSON_00334,transfer
TXN_000558,2025-09-19,ACCT_00108,PERSON_00108,grocery,3708,PERSON_00371,grocery
TXN_000559,2025-07-27,ACCT_00109,PERSON_00109,customer,12581,PERSON_00408,customer
TXN_000560,2026-05-17,ACCT_00110,PERSON_00110,upi,142233,PERSON_00445,upi
TXN_000561,2024-11-09,ACCT_00111,PERSON_00111,transfer,70474,PERSON_00032,transfer
TXN_000562,2021-05-31,ACCT_00112,PERSON_00112,fuel,3535,PERSON_00069,fuel
TXN_000563,2025-10-01,ACCT_00113,PERSON_00113,upi,41042,PERSON_00106,upi
TXN_000564,2023-03-29,ACCT_00114,PERSON_00114,salary,55421,PERSON_00143,salary
TXN_000565,2022-04-18,ACCT_00115,PERSON_00115,upi,8111,PERSON_00180,upi
TXN_000566,2024-10-21,ACCT_00116,PERSON_00116,cash_deposit,79432,PERSON_00217,cash deposit
TXN_000567,2024-03-25,ACCT_00117,PERSON_00117,transfer,88705,PERSON_00254,transfer
TXN_000568,2025-11-07,ACCT_00118,PERSON_00118,utility,4410,PERSON_00291,utility
TXN_000569,2021-06-16,ACCT_00119,PERSON_00119,salary,56434,PERSON_00328,salary
TXN_000570,2024-02-21,ACCT_00120,PERSON_00120,transfer,36913,PERSON_00365,transfer
TXN_000571,2023-04-07,ACCT_00121,PERSON_00121,salary,40931,PERSON_00402,salary
TXN_000572,2022-07-13,ACCT_00122,PERSON_00122,cash_deposit,50628,PERSON_00439,cash deposit
TXN_000573,2022-04-25,ACCT_00123,PERSON_00123,grocery,4110,PERSON_00026,grocery
TXN_000574,2023-07-30,ACCT_00124,PERSON_00124,upi,3568,PERSON_00063,upi
TXN_000575,2024-08-10,ACCT_00125,PERSON_00125,upi,227,PERSON_00100,upi
TXN_000576,2023-10-12,ACCT_00126,PERSON_00126,customer,85408,PERSON_00137,customer
TXN_000577,2023-11-25,ACCT_00127,PERSON_00127,utility,1743,PERSON_00174,utility
TXN_000578,2024-05-23,ACCT_00128,PERSON_00128,utility,5482,PERSON_00211,utility
TXN_000579,2021-06-04,ACCT_00129,PERSON_00129,supplier,61294,PERSON_00248,supplier
TXN_000580,2022-03-11,ACCT_00130,PERSON_00130,supplier,77287,PERSON_00285,supplier
TXN_000581,2024-12-03,ACCT_00131,PERSON_00131,fuel,4363,PERSON_00322,fuel
TXN_000582,2026-04-13,ACCT_00132,PERSON_00132,customer,68018,PERSON_00359,customer
TXN_000583,2025-03-26,ACCT_00133,PERSON_00133,fuel,3897,PERSON_00396,fuel
TXN_000584,2023-03-02,ACCT_00134,PERSON_00134,salary,67513,PERSON_00433,salary
TXN_000585,2022-10-26,ACCT_00135,PERSON_00135,fuel,5557,PERSON_00020,fuel
TXN_000586,2025-03-16,ACCT_00136,PERSON_00136,customer,5217,PERSON_00057,customer
TXN_000587,2024-12-13,ACCT_00137,PERSON_00137,fuel,4494,PERSON_00094,fuel
TXN_000588,2024-04-25,ACCT_00138,PERSON_00138,salary,50868,PERSON_00131,salary
TXN_000589,2023-07-04,ACCT_00139,PERSON_00139,fuel,3231,PERSON_00168,fuel
TXN_000590,2024-05-13,ACCT_00140,PERSON_00140,upi,10042,PERSON_00205,upi
TXN_000591,2024-07-02,ACCT_00141,PERSON_00141,upi,174849,PERSON_00242,upi
TXN_000592,2026-01-15,ACCT_00142,PERSON_00142,salary,39957,PERSON_00279,salary
TXN_000593,2026-02-20,ACCT_00143,PERSON_00143,grocery,2834,PERSON_00316,grocery
TXN_000594,2024-07-04,ACCT_00144,PERSON_00144,upi,34625,PERSON_00353,upi
TXN_000595,2023-05-13,ACCT_00145,PERSON_00145,emi,33239,PERSON_00390,emi
TXN_000596,2025-07-28,ACCT_00146,PERSON_00146,utility,2144,PERSON_00427,utility
TXN_000597,2022-04-12,ACCT_00147,PERSON_00147,upi,237088,PERSON_00014,upi
TXN_000598,2021-03-09,ACCT_00148,PERSON_00148,cash_deposit,85598,PERSON_00051,cash deposit
TXN_000599,2023-07-09,ACCT_00149,PERSON_00149,fuel,3737,PERSON_00088,fuel
TXN_000600,2024-03-18,ACCT_00150,PERSON_00150,upi,5973,PERSON_00125,upi
TXN_000601,2022-05-13,ACCT_00151,PERSON_00151,grocery,2017,PERSON_00162,grocery
TXN_000602,2022-06-10,ACCT_00152,PERSON_00152,grocery,4673,PERSON_00199,grocery
TXN_000603,2024-05-10,ACCT_00153,PERSON_00153,fuel,2166,PERSON_00236,fuel
TXN_000604,2022-08-12,ACCT_00154,PERSON_00154,emi,28245,PERSON_00273,emi
TXN_000605,2026-06-03,ACCT_00155,PERSON_00155,emi,28335,PERSON_00310,emi
TXN_000606,2021-07-11,ACCT_00156,PERSON_00156,transfer,80658,PERSON_00347,transfer
TXN_000607,2021-12-13,ACCT_00157,PERSON_00157,grocery,4327,PERSON_00384,grocery
TXN_000608,2023-05-23,ACCT_00158,PERSON_00158,grocery,1942,PERSON_00421,grocery
TXN_000609,2025-12-18,ACCT_00159,PERSON_00159,utility,6901,PERSON_00008,utility
TXN_000610,2026-03-09,ACCT_00160,PERSON_00160,upi,171162,PERSON_00045,upi
TXN_000611,2024-05-21,ACCT_00161,PERSON_00161,rent,6954,PERSON_00082,rent
TXN_000612,2025-04-06,ACCT_00162,PERSON_00162,rent,17808,PERSON_00119,rent
TXN_000613,2025-09-19,ACCT_00163,PERSON_00163,supplier,32464,PERSON_00156,supplier
TXN_000614,2024-11-16,ACCT_00164,PERSON_00164,fuel,3070,PERSON_00193,fuel
TXN_000615,2025-06-11,ACCT_00165,PERSON_00165,cash_deposit,72867,PERSON_00230,cash deposit
TXN_000616,2022-03-29,ACCT_00166,PERSON_00166,upi,156920,PERSON_00267,upi
TXN_000617,2025-02-23,ACCT_00167,PERSON_00167,grocery,1940,PERSON_00304,grocery
TXN_000618,2026-05-18,ACCT_00168,PERSON_00168,grocery,1511,PERSON_00341,grocery
TXN_000619,2024-12-29,ACCT_00169,PERSON_00169,grocery,6240,PERSON_00378,grocery
TXN_000620,2022-01-30,ACCT_00170,PERSON_00170,grocery,3214,PERSON_00415,grocery
TXN_000621,2025-09-25,ACCT_00171,PERSON_00171,upi,222120,PERSON_00002,upi
TXN_000622,2021-12-19,ACCT_00172,PERSON_00172,upi,8159,PERSON_00039,upi
TXN_000623,2025-12-20,ACCT_00173,PERSON_00173,fuel,927,PERSON_00076,fuel
TXN_000624,2023-05-31,ACCT_00174,PERSON_00174,emi,5754,PERSON_00113,emi
TXN_000625,2022-07-19,ACCT_00175,PERSON_00175,utility,3944,PERSON_00150,utility
TXN_000626,2024-06-12,ACCT_00176,PERSON_00176,salary,30098,PERSON_00187,salary
TXN_000627,2021-01-29,ACCT_00177,PERSON_00177,supplier,81458,PERSON_00224,supplier
TXN_000628,2021-04-25,ACCT_00178,PERSON_00178,transfer,20265,PERSON_00261,transfer
TXN_000629,2021-09-15,ACCT_00179,PERSON_00179,utility,3491,PERSON_00298,utility
TXN_000630,2021-09-22,ACCT_00180,PERSON_00180,supplier,35579,PERSON_00335,supplier
TXN_000631,2022-04-24,ACCT_00181,PERSON_00181,cash_deposit,15557,PERSON_00372,cash deposit
TXN_000632,2021-09-29,ACCT_00182,PERSON_00182,emi,15157,PERSON_00409,emi
TXN_000633,2026-02-22,ACCT_00183,PERSON_00183,upi,9114,PERSON_00446,upi
TXN_000634,2024-12-03,ACCT_00184,PERSON_00184,rent,6696,PERSON_00033,rent
TXN_000635,2024-12-10,ACCT_00185,PERSON_00185,utility,4880,PERSON_00070,utility
TXN_000636,2025-03-21,ACCT_00186,PERSON_00186,fuel,5592,PERSON_00107,fuel
TXN_000637,2025-11-19,ACCT_00187,PERSON_00187,upi,7079,PERSON_00144,upi
TXN_000638,2024-04-29,ACCT_00188,PERSON_00188,salary,60633,PERSON_00181,salary
TXN_000639,2021-12-16,ACCT_00189,PERSON_00189,grocery,6125,PERSON_00218,grocery
TXN_000640,2022-11-01,ACCT_00190,PERSON_00190,fuel,4211,PERSON_00255,fuel
TXN_000641,2024-07-19,ACCT_00191,PERSON_00191,emi,10754,PERSON_00292,emi
TXN_000642,2024-02-03,ACCT_00192,PERSON_00192,rent,17252,PERSON_00329,rent
TXN_000643,2021-06-30,ACCT_00193,PERSON_00193,utility,558,PERSON_00366,utility
TXN_000644,2024-11-18,ACCT_00194,PERSON_00194,supplier,28235,PERSON_00403,supplier
TXN_000645,2024-09-12,ACCT_00195,PERSON_00195,supplier,30994,PERSON_00440,supplier
TXN_000646,2026-02-05,ACCT_00196,PERSON_00196,upi,64268,PERSON_00027,upi
TXN_000647,2024-09-13,ACCT_00197,PERSON_00197,fuel,2618,PERSON_00064,fuel
TXN_000648,2026-05-11,ACCT_00198,PERSON_00198,upi,137869,PERSON_00101,upi
TXN_000649,2023-03-13,ACCT_00199,PERSON_00199,utility,451,PERSON_00138,utility
TXN_000650,2021-06-03,ACCT_00200,PERSON_00200,salary,52578,PERSON_00175,salary
TXN_000651,2025-01-05,ACCT_00201,PERSON_00201,fuel,2973,PERSON_00212,fuel
TXN_000652,2022-12-26,ACCT_00202,PERSON_00202,transfer,200399,PERSON_00249,transfer
TXN_000653,2024-01-26,ACCT_00203,PERSON_00203,salary,41456,PERSON_00286,salary
TXN_000654,2022-01-31,ACCT_00204,PERSON_00204,cash_deposit,61932,PERSON_00323,cash deposit
TXN_000655,2024-03-11,ACCT_00205,PERSON_00205,customer,14634,PERSON_00360,customer
TXN_000656,2022-01-22,ACCT_00206,PERSON_00206,supplier,65737,PERSON_00397,supplier
TXN_000657,2025-11-07,ACCT_00207,PERSON_00207,customer,68283,PERSON_00434,customer
TXN_000658,2024-01-28,ACCT_00208,PERSON_00208,customer,39835,PERSON_00021,customer
TXN_000659,2021-01-18,ACCT_00209,PERSON_00209,customer,103059,PERSON_00058,customer
TXN_000660,2024-04-10,ACCT_00210,PERSON_00210,grocery,6459,PERSON_00095,grocery
TXN_000661,2022-11-29,ACCT_00211,PERSON_00211,upi,7130,PERSON_00132,upi
TXN_000662,2021-04-06,ACCT_00212,PERSON_00212,upi,3685,PERSON_00169,upi
TXN_000663,2023-04-09,ACCT_00213,PERSON_00213,rent,7042,PERSON_00206,rent
TXN_000664,2025-02-07,ACCT_00214,PERSON_00214,fuel,5353,PERSON_00243,fuel
TXN_000665,2025-04-17,ACCT_00215,PERSON_00215,utility,6126,PERSON_00280,utility
TXN_000666,2024-04-16,ACCT_00216,PERSON_00216,grocery,5904,PERSON_00317,grocery
TXN_000667,2021-07-13,ACCT_00217,PERSON_00217,emi,11357,PERSON_00354,emi
TXN_000668,2024-04-11,ACCT_00218,PERSON_00218,fuel,2475,PERSON_00391,fuel
TXN_000669,2023-01-14,ACCT_00219,PERSON_00219,transfer,26281,PERSON_00428,transfer
TXN_000670,2023-07-02,ACCT_00220,PERSON_00220,upi,102435,PERSON_00015,upi
TXN_000671,2021-02-01,ACCT_00221,PERSON_00221,utility,4396,PERSON_00052,utility
TXN_000672,2025-07-04,ACCT_00222,PERSON_00222,customer,39366,PERSON_00089,customer
TXN_000673,2024-06-07,ACCT_00223,PERSON_00223,supplier,18335,PERSON_00126,supplier
TXN_000674,2023-01-09,ACCT_00224,PERSON_00224,emi,11018,PERSON_00163,emi
TXN_000675,2021-01-07,ACCT_00225,PERSON_00225,salary,67797,PERSON_00200,salary
TXN_000676,2022-01-01,ACCT_00226,PERSON_00226,customer,55419,PERSON_00237,customer
TXN_000677,2024-11-27,ACCT_00227,PERSON_00227,customer,29870,PERSON_00274,customer
TXN_000678,2022-07-16,ACCT_00228,PERSON_00228,emi,15962,PERSON_00311,emi
TXN_000679,2024-10-21,ACCT_00229,PERSON_00229,salary,33773,PERSON_00348,salary
TXN_000680,2024-11-15,ACCT_00230,PERSON_00230,upi,8029,PERSON_00385,upi
TXN_000681,2024-02-24,ACCT_00231,PERSON_00231,fuel,4626,PERSON_00422,fuel
TXN_000682,2025-05-08,ACCT_00232,PERSON_00232,fuel,4048,PERSON_00009,fuel
TXN_000683,2023-07-16,ACCT_00233,PERSON_00233,rent,9963,PERSON_00046,rent
TXN_000684,2023-03-01,ACCT_00234,PERSON_00234,fuel,5572,PERSON_00083,fuel
TXN_000685,2024-02-26,ACCT_00235,PERSON_00235,upi,8642,PERSON_00120,upi
TXN_000686,2024-02-19,ACCT_00236,PERSON_00236,customer,24304,PERSON_00157,customer
TXN_000687,2026-01-04,ACCT_00237,PERSON_00237,grocery,391,PERSON_00194,grocery
TXN_000688,2023-06-14,ACCT_00238,PERSON_00238,utility,3733,PERSON_00231,utility
TXN_000689,2024-08-21,ACCT_00239,PERSON_00239,supplier,39815,PERSON_00268,supplier
TXN_000690,2026-03-25,ACCT_00240,PERSON_00240,salary,72816,PERSON_00305,salary
TXN_000691,2025-04-05,ACCT_00241,PERSON_00241,upi,95968,PERSON_00342,upi
TXN_000692,2025-11-02,ACCT_00242,PERSON_00242,upi,162479,PERSON_00379,upi
TXN_000693,2025-09-13,ACCT_00243,PERSON_00243,utility,749,PERSON_00416,utility
TXN_000694,2023-04-15,ACCT_00244,PERSON_00244,transfer,157412,PERSON_00003,transfer
TXN_000695,2023-02-05,ACCT_00245,PERSON_00245,grocery,2239,PERSON_00040,grocery
TXN_000696,2025-03-15,ACCT_00246,PERSON_00246,utility,3010,PERSON_00077,utility
TXN_000697,2024-07-23,ACCT_00247,PERSON_00247,salary,55131,PERSON_00114,salary
TXN_000698,2025-03-22,ACCT_00248,PERSON_00248,fuel,3973,PERSON_00151,fuel
TXN_000699,2025-09-24,ACCT_00249,PERSON_00249,transfer,23162,PERSON_00188,transfer
TXN_000700,2024-08-15,ACCT_00250,PERSON_00250,upi,211920,PERSON_00225,upi
TXN_000701,2026-05-21,ACCT_00251,PERSON_00251,rent,17144,PERSON_00262,rent
TXN_000702,2023-06-10,ACCT_00252,PERSON_00252,utility,935,PERSON_00299,utility
TXN_000703,2022-09-09,ACCT_00253,PERSON_00253,rent,6760,PERSON_00336,rent
TXN_000704,2024-08-19,ACCT_00254,PERSON_00254,rent,6102,PERSON_00373,rent
TXN_000705,2023-04-02,ACCT_00255,PERSON_00255,rent,9647,PERSON_00410,rent
TXN_000706,2025-08-13,ACCT_00256,PERSON_00256,salary,53855,PERSON_00447,salary
TXN_000707,2022-01-14,ACCT_00257,PERSON_00257,utility,5687,PERSON_00034,utility
TXN_000708,2025-02-07,ACCT_00258,PERSON_00258,rent,6694,PERSON_00071,rent
TXN_000709,2023-11-13,ACCT_00259,PERSON_00259,utility,4916,PERSON_00108,utility
TXN_000710,2023-04-05,ACCT_00260,PERSON_00260,grocery,3773,PERSON_00145,grocery
TXN_000711,2021-07-03,ACCT_00261,PERSON_00261,fuel,4542,PERSON_00182,fuel
TXN_000712,2024-08-12,ACCT_00262,PERSON_00262,grocery,2640,PERSON_00219,grocery
TXN_000713,2021-11-24,ACCT_00263,PERSON_00263,upi,39390,PERSON_00256,upi
TXN_000714,2026-02-07,ACCT_00264,PERSON_00264,salary,49466,PERSON_00293,salary
TXN_000715,2023-06-02,ACCT_00265,PERSON_00265,supplier,83546,PERSON_00330,supplier
TXN_000716,2025-01-13,ACCT_00266,PERSON_00266,upi,2537,PERSON_00367,upi
TXN_000717,2025-03-26,ACCT_00267,PERSON_00267,fuel,3712,PERSON_00404,fuel
TXN_000718,2024-12-08,ACCT_00268,PERSON_00268,upi,127775,PERSON_00441,upi
TXN_000719,2024-04-12,ACCT_00269,PERSON_00269,upi,35028,PERSON_00028,upi
TXN_000720,2025-07-12,ACCT_00270,PERSON_00270,transfer,39536,PERSON_00065,transfer
TXN_000721,2025-02-19,ACCT_00271,PERSON_00271,transfer,128835,PERSON_00102,transfer
TXN_000722,2025-05-23,ACCT_00272,PERSON_00272,grocery,6059,PERSON_00139,grocery
TXN_000723,2021-09-27,ACCT_00273,PERSON_00273,transfer,204011,PERSON_00176,transfer
TXN_000724,2021-10-07,ACCT_00274,PERSON_00274,grocery,2371,PERSON_00213,grocery
TXN_000725,2024-08-31,ACCT_00275,PERSON_00275,upi,193960,PERSON_00250,upi
TXN_000726,2025-10-22,ACCT_00276,PERSON_00276,emi,9402,PERSON_00287,emi
TXN_000727,2023-12-20,ACCT_00277,PERSON_00277,salary,20182,PERSON_00324,salary
TXN_000728,2025-08-17,ACCT_00278,PERSON_00278,supplier,14192,PERSON_00361,supplier
TXN_000729,2025-04-12,ACCT_00279,PERSON_00279,upi,9389,PERSON_00398,upi
TXN_000730,2023-09-09,ACCT_00280,PERSON_00280,emi,20862,PERSON_00435,emi
TXN_000731,2022-04-27,ACCT_00281,PERSON_00281,salary,23210,PERSON_00022,salary
TXN_000732,2025-10-14,ACCT_00282,PERSON_00282,upi,3385,PERSON_00059,upi
TXN_000733,2024-02-27,ACCT_00283,PERSON_00283,emi,8987,PERSON_00096,emi
TXN_000734,2023-05-30,ACCT_00284,PERSON_00284,utility,2311,PERSON_00133,utility
TXN_000735,2023-07-17,ACCT_00285,PERSON_00285,fuel,3998,PERSON_00170,fuel
TXN_000736,2022-08-24,ACCT_00286,PERSON_00286,grocery,5591,PERSON_00207,grocery
TXN_000737,2025-09-28,ACCT_00287,PERSON_00287,customer,118160,PERSON_00244,customer
TXN_000738,2026-06-04,ACCT_00288,PERSON_00288,grocery,1295,PERSON_00281,grocery
TXN_000739,2026-04-17,ACCT_00289,PERSON_00289,grocery,4101,PERSON_00318,grocery
TXN_000740,2022-06-17,ACCT_00290,PERSON_00290,salary,68913,PERSON_00355,salary
TXN_000741,2021-06-14,ACCT_00291,PERSON_00291,fuel,3690,PERSON_00392,fuel
TXN_000742,2023-09-29,ACCT_00292,PERSON_00292,salary,67378,PERSON_00429,salary
TXN_000743,2024-03-01,ACCT_00293,PERSON_00293,upi,1229,PERSON_00016,upi
TXN_000744,2026-04-05,ACCT_00294,PERSON_00294,grocery,2363,PERSON_00053,grocery
TXN_000745,2022-05-15,ACCT_00295,PERSON_00295,supplier,13777,PERSON_00090,supplier
TXN_000746,2025-04-01,ACCT_00296,PERSON_00296,emi,22299,PERSON_00127,emi
TXN_000747,2025-11-04,ACCT_00297,PERSON_00297,rent,18012,PERSON_00164,rent
TXN_000748,2023-03-16,ACCT_00298,PERSON_00298,fuel,941,PERSON_00201,fuel
TXN_000749,2021-07-29,ACCT_00299,PERSON_00299,rent,11758,PERSON_00238,rent
TXN_000750,2025-11-23,ACCT_00300,PERSON_00300,emi,20795,PERSON_00275,emi
TXN_000751,2026-02-10,ACCT_00301,PERSON_00301,supplier,6021,PERSON_00312,supplier
TXN_000752,2022-08-15,ACCT_00302,PERSON_00302,grocery,739,PERSON_00349,grocery
TXN_000753,2023-10-13,ACCT_00303,PERSON_00303,transfer,7365,PERSON_00386,transfer
TXN_000754,2021-01-26,ACCT_00304,PERSON_00304,grocery,6220,PERSON_00423,grocery
TXN_000755,2023-05-06,ACCT_00305,PERSON_00305,grocery,1437,PERSON_00010,grocery
TXN_000756,2021-11-13,ACCT_00306,PERSON_00306,customer,72640,PERSON_00047,customer
TXN_000757,2022-12-03,ACCT_00307,PERSON_00307,cash_deposit,23300,PERSON_00084,cash deposit
TXN_000758,2023-02-26,ACCT_00308,PERSON_00308,transfer,82130,PERSON_00121,transfer
TXN_000759,2024-02-17,ACCT_00309,PERSON_00309,upi,5002,PERSON_00158,upi
TXN_000760,2023-11-04,ACCT_00310,PERSON_00310,fuel,2882,PERSON_00195,fuel
TXN_000761,2024-07-05,ACCT_00311,PERSON_00311,fuel,946,PERSON_00232,fuel
TXN_000762,2025-02-22,ACCT_00312,PERSON_00312,upi,11195,PERSON_00269,upi
TXN_000763,2026-03-01,ACCT_00313,PERSON_00313,upi,9634,PERSON_00306,upi
TXN_000764,2022-09-27,ACCT_00314,PERSON_00314,upi,7989,PERSON_00343,upi
TXN_000765,2023-07-15,ACCT_00315,PERSON_00315,upi,183364,PERSON_00380,upi
TXN_000766,2025-10-01,ACCT_00316,PERSON_00316,fuel,3189,PERSON_00417,fuel
TXN_000767,2023-07-10,ACCT_00317,PERSON_00317,rent,13509,PERSON_00004,rent
TXN_000768,2023-07-29,ACCT_00318,PERSON_00318,transfer,103806,PERSON_00041,transfer
TXN_000769,2024-06-04,ACCT_00319,PERSON_00319,utility,5728,PERSON_00078,utility
TXN_000770,2023-08-09,ACCT_00320,PERSON_00320,cash_deposit,21015,PERSON_00115,cash deposit
TXN_000771,2026-02-13,ACCT_00321,PERSON_00321,utility,3668,PERSON_00152,utility
TXN_000772,2025-11-07,ACCT_00322,PERSON_00322,utility,3597,PERSON_00189,utility
TXN_000773,2022-12-18,ACCT_00323,PERSON_00323,grocery,5521,PERSON_00226,grocery
TXN_000774,2021-10-05,ACCT_00324,PERSON_00324,upi,3672,PERSON_00263,upi
TXN_000775,2024-03-04,ACCT_00325,PERSON_00325,emi,27873,PERSON_00300,emi
TXN_000776,2022-01-09,ACCT_00326,PERSON_00326,cash_deposit,160414,PERSON_00337,cash deposit
TXN_000777,2025-08-06,ACCT_00327,PERSON_00327,upi,1919,PERSON_00374,upi
TXN_000778,2023-07-09,ACCT_00328,PERSON_00328,transfer,196876,PERSON_00411,transfer
TXN_000779,2025-02-16,ACCT_00329,PERSON_00329,grocery,2862,PERSON_00448,grocery
TXN_000780,2025-03-27,ACCT_00330,PERSON_00330,upi,2623,PERSON_00035,upi
TXN_000781,2026-02-15,ACCT_00331,PERSON_00331,emi,6822,PERSON_00072,emi
TXN_000782,2024-02-13,ACCT_00332,PERSON_00332,grocery,5571,PERSON_00109,grocery
TXN_000783,2025-06-07,ACCT_00333,PERSON_00333,salary,26472,PERSON_00146,salary
TXN_000784,2024-06-06,ACCT_00334,PERSON_00334,emi,7922,PERSON_00183,emi
TXN_000785,2022-08-01,ACCT_00335,PERSON_00335,fuel,3503,PERSON_00220,fuel
TXN_000786,2022-03-13,ACCT_00336,PERSON_00336,supplier,66903,PERSON_00257,supplier
TXN_000787,2025-09-12,ACCT_00337,PERSON_00337,upi,9626,PERSON_00294,upi
TXN_000788,2021-08-01,ACCT_00338,PERSON_00338,supplier,48128,PERSON_00331,supplier
TXN_000789,2023-07-22,ACCT_00339,PERSON_00339,upi,670,PERSON_00368,upi
TXN_000790,2025-03-06,ACCT_00340,PERSON_00340,grocery,4748,PERSON_00405,grocery
TXN_000791,2026-03-25,ACCT_00341,PERSON_00341,upi,7115,PERSON_00442,upi
TXN_000792,2026-05-22,ACCT_00342,PERSON_00342,utility,5604,PERSON_00029,utility
TXN_000793,2021-10-12,ACCT_00343,PERSON_00343,upi,2610,PERSON_00066,upi
TXN_000794,2022-05-31,ACCT_00344,PERSON_00344,fuel,2598,PERSON_00103,fuel
TXN_000795,2024-11-14,ACCT_00345,PERSON_00345,rent,12637,PERSON_00140,rent
TXN_000796,2023-09-30,ACCT_00346,PERSON_00346,transfer,78104,PERSON_00177,transfer
TXN_000797,2022-01-21,ACCT_00347,PERSON_00347,utility,2650,PERSON_00214,utility
TXN_000798,2023-01-02,ACCT_00348,PERSON_00348,fuel,1107,PERSON_00251,fuel
TXN_000799,2022-02-18,ACCT_00349,PERSON_00349,upi,43792,PERSON_00288,upi
TXN_000800,2022-08-09,ACCT_00350,PERSON_00350,grocery,4457,PERSON_00325,grocery
TXN_000801,2025-07-29,ACCT_00351,PERSON_00351,rent,21686,PERSON_00362,rent
TXN_000802,2023-10-17,ACCT_00352,PERSON_00352,rent,9339,PERSON_00399,rent
TXN_000803,2023-01-17,ACCT_00353,PERSON_00353,cash_deposit,110177,PERSON_00436,cash deposit
TXN_000804,2024-04-15,ACCT_00354,PERSON_00354,customer,94116,PERSON_00023,customer
TXN_000805,2023-06-09,ACCT_00355,PERSON_00355,upi,87828,PERSON_00060,upi
TXN_000806,2023-12-20,ACCT_00356,PERSON_00356,supplier,25817,PERSON_00097,supplier
TXN_000807,2025-09-12,ACCT_00357,PERSON_00357,fuel,4339,PERSON_00134,fuel
TXN_000808,2025-02-13,ACCT_00358,PERSON_00358,upi,70583,PERSON_00171,upi
TXN_000809,2021-04-01,ACCT_00359,PERSON_00359,upi,93603,PERSON_00208,upi
TXN_000810,2024-03-06,ACCT_00360,PERSON_00360,rent,18937,PERSON_00245,rent
TXN_000811,2026-02-15,ACCT_00361,PERSON_00361,upi,3002,PERSON_00282,upi
TXN_000812,2021-11-09,ACCT_00362,PERSON_00362,upi,4835,PERSON_00319,upi
TXN_000813,2021-11-09,ACCT_00363,PERSON_00363,transfer,82488,PERSON_00356,transfer
TXN_000814,2024-02-20,ACCT_00364,PERSON_00364,salary,40663,PERSON_00393,salary
TXN_000815,2022-11-22,ACCT_00365,PERSON_00365,customer,49528,PERSON_00430,customer
TXN_000816,2026-02-14,ACCT_00366,PERSON_00366,fuel,5699,PERSON_00017,fuel
TXN_000817,2022-07-31,ACCT_00367,PERSON_00367,upi,10847,PERSON_00054,upi
TXN_000818,2023-07-20,ACCT_00368,PERSON_00368,grocery,2380,PERSON_00091,grocery
TXN_000819,2024-03-30,ACCT_00369,PERSON_00369,fuel,2687,PERSON_00128,fuel
TXN_000820,2021-11-08,ACCT_00370,PERSON_00370,grocery,474,PERSON_00165,grocery
TXN_000821,2021-06-13,ACCT_00371,PERSON_00371,grocery,4844,PERSON_00202,grocery
TXN_000822,2024-10-15,ACCT_00372,PERSON_00372,grocery,5461,PERSON_00239,grocery
TXN_000823,2024-03-17,ACCT_00373,PERSON_00373,grocery,3391,PERSON_00276,grocery
TXN_000824,2023-11-13,ACCT_00374,PERSON_00374,customer,119443,PERSON_00313,customer
TXN_000825,2022-09-13,ACCT_00375,PERSON_00375,supplier,26596,PERSON_00350,supplier
TXN_000826,2022-11-07,ACCT_00376,PERSON_00376,grocery,3181,PERSON_00387,grocery
TXN_000827,2022-10-12,ACCT_00377,PERSON_00377,supplier,45118,PERSON_00424,supplier
TXN_000828,2021-11-20,ACCT_00378,PERSON_00378,emi,17289,PERSON_00011,emi
TXN_000829,2021-01-14,ACCT_00379,PERSON_00379,rent,7863,PERSON_00048,rent
TXN_000830,2021-12-05,ACCT_00380,PERSON_00380,emi,30566,PERSON_00085,emi
TXN_000831,2026-05-17,ACCT_00381,PERSON_00381,grocery,2265,PERSON_00122,grocery
TXN_000832,2025-02-03,ACCT_00382,PERSON_00382,supplier,28352,PERSON_00159,supplier
TXN_000833,2025-10-22,ACCT_00383,PERSON_00383,grocery,2955,PERSON_00196,grocery
TXN_000834,2024-03-05,ACCT_00384,PERSON_00384,supplier,73443,PERSON_00233,supplier
TXN_000835,2023-09-11,ACCT_00385,PERSON_00385,salary,52664,PERSON_00270,salary
TXN_000836,2022-03-24,ACCT_00386,PERSON_00386,transfer,4024,PERSON_00307,transfer
TXN_000837,2024-05-16,ACCT_00387,PERSON_00387,customer,4738,PERSON_00344,customer
TXN_000838,2025-01-27,ACCT_00388,PERSON_00388,customer,42641,PERSON_00381,customer
TXN_000839,2025-11-02,ACCT_00389,PERSON_00389,utility,6625,PERSON_00418,utility
TXN_000840,2024-03-03,ACCT_00390,PERSON_00390,upi,6132,PERSON_00005,upi
TXN_000841,2025-08-27,ACCT_00391,PERSON_00391,upi,236296,PERSON_00042,upi
TXN_000842,2022-12-31,ACCT_00392,PERSON_00392,salary,24101,PERSON_00079,salary
TXN_000843,2026-01-16,ACCT_00393,PERSON_00393,supplier,7385,PERSON_00116,supplier
TXN_000844,2022-11-23,ACCT_00394,PERSON_00394,supplier,48220,PERSON_00153,supplier
TXN_000845,2022-07-09,ACCT_00395,PERSON_00395,customer,4416,PERSON_00190,customer
TXN_000846,2022-03-19,ACCT_00396,PERSON_00396,utility,6227,PERSON_00227,utility
TXN_000847,2023-02-18,ACCT_00397,PERSON_00397,fuel,3373,PERSON_00264,fuel
TXN_000848,2022-03-18,ACCT_00398,PERSON_00398,supplier,50219,PERSON_00301,supplier
TXN_000849,2022-05-21,ACCT_00399,PERSON_00399,grocery,461,PERSON_00338,grocery
TXN_000850,2024-03-08,ACCT_00400,PERSON_00400,upi,6565,PERSON_00375,upi
TXN_000851,2025-11-27,ACCT_00401,PERSON_00401,upi,234575,PERSON_00412,upi
TXN_000852,2023-03-06,ACCT_00402,PERSON_00402,salary,28351,PERSON_00449,salary
TXN_000853,2021-02-14,ACCT_00403,PERSON_00403,upi,8453,PERSON_00036,upi
TXN_000854,2025-12-01,ACCT_00404,PERSON_00404,salary,70401,PERSON_00073,salary
TXN_000855,2025-07-02,ACCT_00405,PERSON_00405,supplier,28735,PERSON_00110,supplier
TXN_000856,2025-03-28,ACCT_00406,PERSON_00406,customer,104562,PERSON_00147,customer
TXN_000857,2025-02-04,ACCT_00407,PERSON_00407,supplier,56560,PERSON_00184,supplier
TXN_000858,2025-04-02,ACCT_00408,PERSON_00408,grocery,2194,PERSON_00221,grocery
TXN_000859,2021-08-05,ACCT_00409,PERSON_00409,rent,16068,PERSON_00258,rent
TXN_000860,2023-10-26,ACCT_00410,PERSON_00410,upi,178963,PERSON_00295,upi
TXN_000861,2024-05-06,ACCT_00411,PERSON_00411,upi,133997,PERSON_00332,upi
TXN_000862,2024-01-27,ACCT_00412,PERSON_00412,customer,29523,PERSON_00369,customer
TXN_000863,2023-12-16,ACCT_00413,PERSON_00413,transfer,64248,PERSON_00406,transfer
TXN_000864,2025-10-13,ACCT_00414,PERSON_00414,upi,4324,PERSON_00443,upi
TXN_000865,2025-09-24,ACCT_00415,PERSON_00415,utility,1166,PERSON_00030,utility
TXN_000866,2023-09-18,ACCT_00416,PERSON_00416,supplier,76542,PERSON_00067,supplier
TXN_000867,2024-05-08,ACCT_00417,PERSON_00417,cash_deposit,160600,PERSON_00104,cash deposit
TXN_000868,2021-11-13,ACCT_00418,PERSON_00418,transfer,7388,PERSON_00141,transfer
TXN_000869,2024-12-23,ACCT_00419,PERSON_00419,grocery,4045,PERSON_00178,grocery
TXN_000870,2025-02-15,ACCT_00420,PERSON_00420,rent,17140,PERSON_00215,rent
TXN_000871,2021-12-02,ACCT_00421,PERSON_00421,transfer,94531,PERSON_00252,transfer
TXN_000872,2024-11-03,ACCT_00422,PERSON_00422,supplier,38817,PERSON_00289,supplier
TXN_000873,2025-10-20,ACCT_00423,PERSON_00423,customer,96332,PERSON_00326,customer
TXN_000874,2024-02-26,ACCT_00424,PERSON_00424,upi,3237,PERSON_00363,upi
TXN_000875,2024-11-21,ACCT_00425,PERSON_00425,grocery,1394,PERSON_00400,grocery
TXN_000876,2022-04-08,ACCT_00426,PERSON_00426,emi,30917,PERSON_00437,emi
TXN_000877,2021-05-14,ACCT_00427,PERSON_00427,customer,101206,PERSON_00024,customer
TXN_000878,2026-03-01,ACCT_00428,PERSON_00428,cash_deposit,74266,PERSON_00061,cash deposit
TXN_000879,2025-04-24,ACCT_00429,PERSON_00429,upi,101228,PERSON_00098,upi
TXN_000880,2026-01-03,ACCT_00430,PERSON_00430,fuel,4094,PERSON_00135,fuel
TXN_000881,2021-02-04,ACCT_00431,PERSON_00431,rent,16110,PERSON_00172,rent
TXN_000882,2026-01-18,ACCT_00432,PERSON_00432,cash_deposit,83314,PERSON_00209,cash deposit
TXN_000883,2022-08-30,ACCT_00433,PERSON_00433,salary,18895,PERSON_00246,salary
TXN_000884,2022-01-05,ACCT_00434,PERSON_00434,upi,107527,PERSON_00283,upi
TXN_000885,2021-12-29,ACCT_00435,PERSON_00435,grocery,4950,PERSON_00320,grocery
TXN_000886,2024-07-03,ACCT_00436,PERSON_00436,emi,9532,PERSON_00357,emi
TXN_000887,2024-03-02,ACCT_00437,PERSON_00437,upi,4966,PERSON_00394,upi
TXN_000888,2022-07-02,ACCT_00438,PERSON_00438,upi,38758,PERSON_00431,upi
TXN_000889,2023-04-27,ACCT_00439,PERSON_00439,salary,70017,PERSON_00018,salary
TXN_000890,2025-11-08,ACCT_00440,PERSON_00440,utility,5548,PERSON_00055,utility
TXN_000891,2022-09-23,ACCT_00441,PERSON_00441,salary,58737,PERSON_00092,salary
TXN_000892,2024-04-29,ACCT_00442,PERSON_00442,fuel,1153,PERSON_00129,fuel
TXN_000893,2023-01-10,ACCT_00443,PERSON_00443,upi,7771,PERSON_00166,upi
TXN_000894,2024-10-26,ACCT_00444,PERSON_00444,rent,19456,PERSON_00203,rent
TXN_000895,2021-06-26,ACCT_00445,PERSON_00445,transfer,2222,PERSON_00240,transfer
TXN_000896,2025-04-29,ACCT_00446,PERSON_00446,emi,27057,PERSON_00277,emi
TXN_000897,2023-09-28,ACCT_00447,PERSON_00447,supplier,49667,PERSON_00314,supplier
TXN_000898,2026-05-15,ACCT_00448,PERSON_00448,supplier,26562,PERSON_00351,supplier
TXN_000899,2022-11-28,ACCT_00449,PERSON_00449,transfer,164313,PERSON_00388,transfer
TXN_000900,2025-06-16,ACCT_00450,PERSON_00450,customer,107837,PERSON_00425,customer
TXN_000901,2026-05-03,ACCT_00001,PERSON_00001,supplier,45772,PERSON_00012,supplier
TXN_000902,2024-03-24,ACCT_00002,PERSON_00002,salary,60495,PERSON_00049,salary
TXN_000903,2022-05-06,ACCT_00003,PERSON_00003,supplier,24254,PERSON_00086,supplier
TXN_000904,2024-09-04,ACCT_00004,PERSON_00004,customer,116996,PERSON_00123,customer
TXN_000905,2021-07-18,ACCT_00005,PERSON_00005,supplier,41106,PERSON_00160,supplier
TXN_000906,2026-02-17,ACCT_00006,PERSON_00006,upi,124201,PERSON_00197,upi
TXN_000907,2024-11-02,ACCT_00007,PERSON_00007,salary,53017,PERSON_00234,salary
TXN_000908,2025-02-02,ACCT_00008,PERSON_00008,fuel,3335,PERSON_00271,fuel
TXN_000909,2023-02-13,ACCT_00009,PERSON_00009,grocery,4762,PERSON_00308,grocery
TXN_000910,2026-06-04,ACCT_00010,PERSON_00010,rent,14291,PERSON_00345,rent
TXN_000911,2023-05-26,ACCT_00011,PERSON_00011,cash_deposit,174802,PERSON_00382,cash deposit
TXN_000912,2022-11-13,ACCT_00012,PERSON_00012,transfer,192818,PERSON_00419,transfer
TXN_000913,2026-01-18,ACCT_00013,PERSON_00013,grocery,5259,PERSON_00006,grocery
TXN_000914,2021-01-12,ACCT_00014,PERSON_00014,upi,50139,PERSON_00043,upi
TXN_000915,2022-03-02,ACCT_00015,PERSON_00015,transfer,90306,PERSON_00080,transfer
TXN_000916,2024-03-20,ACCT_00016,PERSON_00016,supplier,8152,PERSON_00117,supplier
TXN_000917,2022-11-12,ACCT_00017,PERSON_00017,upi,157760,PERSON_00154,upi
TXN_000918,2025-04-13,ACCT_00018,PERSON_00018,grocery,4513,PERSON_00191,grocery
TXN_000919,2026-06-08,ACCT_00019,PERSON_00019,salary,39868,PERSON_00228,salary
TXN_000920,2024-02-26,ACCT_00020,PERSON_00020,utility,6932,PERSON_00265,utility
TXN_000921,2021-05-26,ACCT_00021,PERSON_00021,upi,84299,PERSON_00302,upi
TXN_000922,2021-08-15,ACCT_00022,PERSON_00022,supplier,41943,PERSON_00339,supplier
TXN_000923,2022-05-16,ACCT_00023,PERSON_00023,transfer,143737,PERSON_00376,transfer
TXN_000924,2025-03-19,ACCT_00024,PERSON_00024,grocery,1380,PERSON_00413,grocery
TXN_000925,2023-03-25,ACCT_00025,PERSON_00025,rent,11818,PERSON_00450,rent
TXN_000926,2023-10-05,ACCT_00026,PERSON_00026,upi,11622,PERSON_00037,upi
TXN_000927,2022-02-13,ACCT_00027,PERSON_00027,upi,10376,PERSON_00074,upi
TXN_000928,2023-05-18,ACCT_00028,PERSON_00028,customer,105788,PERSON_00111,customer
TXN_000929,2022-12-25,ACCT_00029,PERSON_00029,fuel,4782,PERSON_00148,fuel
TXN_000930,2023-06-23,ACCT_00030,PERSON_00030,transfer,213820,PERSON_00185,transfer
TXN_000931,2025-11-28,ACCT_00031,PERSON_00031,upi,3902,PERSON_00222,upi
TXN_000932,2026-02-06,ACCT_00032,PERSON_00032,rent,7226,PERSON_00259,rent
TXN_000933,2021-12-30,ACCT_00033,PERSON_00033,customer,112747,PERSON_00296,customer
TXN_000934,2025-07-16,ACCT_00034,PERSON_00034,utility,2322,PERSON_00333,utility
TXN_000935,2024-07-20,ACCT_00035,PERSON_00035,salary,45648,PERSON_00370,salary
TXN_000936,2021-07-14,ACCT_00036,PERSON_00036,supplier,43908,PERSON_00407,supplier
TXN_000937,2021-08-04,ACCT_00037,PERSON_00037,utility,3316,PERSON_00444,utility
TXN_000938,2021-11-14,ACCT_00038,PERSON_00038,fuel,1630,PERSON_00031,fuel
TXN_000939,2024-12-22,ACCT_00039,PERSON_00039,grocery,2536,PERSON_00068,grocery
TXN_000940,2025-04-02,ACCT_00040,PERSON_00040,rent,21707,PERSON_00105,rent
TXN_000941,2025-12-29,ACCT_00041,PERSON_00041,supplier,67689,PERSON_00142,supplier
TXN_000942,2025-07-03,ACCT_00042,PERSON_00042,customer,22028,PERSON_00179,customer
TXN_000943,2021-07-12,ACCT_00043,PERSON_00043,emi,17885,PERSON_00216,emi
TXN_000944,2023-06-15,ACCT_00044,PERSON_00044,fuel,4577,PERSON_00253,fuel
TXN_000945,2023-10-21,ACCT_00045,PERSON_00045,grocery,756,PERSON_00290,grocery
TXN_000946,2022-11-05,ACCT_00046,PERSON_00046,rent,21477,PERSON_00327,rent
TXN_000947,2026-01-03,ACCT_00047,PERSON_00047,rent,14222,PERSON_00364,rent
TXN_000948,2022-10-14,ACCT_00048,PERSON_00048,emi,20540,PERSON_00401,emi
TXN_000949,2024-05-07,ACCT_00049,PERSON_00049,salary,59579,PERSON_00438,salary
TXN_000950,2022-04-07,ACCT_00050,PERSON_00050,supplier,37126,PERSON_00025,supplier
TXN_000951,2026-02-17,ACCT_00051,PERSON_00051,salary,34949,PERSON_00062,salary
TXN_000952,2023-04-28,ACCT_00052,PERSON_00052,emi,15214,PERSON_00099,emi
TXN_000953,2021-01-16,ACCT_00053,PERSON_00053,upi,236634,PERSON_00136,upi
TXN_000954,2021-01-15,ACCT_00054,PERSON_00054,rent,7611,PERSON_00173,rent
TXN_000955,2022-03-28,ACCT_00055,PERSON_00055,grocery,6056,PERSON_00210,grocery
TXN_000956,2025-08-08,ACCT_00056,PERSON_00056,salary,29306,PERSON_00247,salary
TXN_000957,2025-04-15,ACCT_00057,PERSON_00057,emi,12665,PERSON_00284,emi
TXN_000958,2022-04-21,ACCT_00058,PERSON_00058,utility,3725,PERSON_00321,utility
TXN_000959,2022-05-10,ACCT_00059,PERSON_00059,transfer,16703,PERSON_00358,transfer
TXN_000960,2025-03-18,ACCT_00060,PERSON_00060,supplier,39055,PERSON_00395,supplier
TXN_000961,2023-07-12,ACCT_00061,PERSON_00061,rent,10773,PERSON_00432,rent
TXN_000962,2023-11-01,ACCT_00062,PERSON_00062,upi,132,PERSON_00019,upi
TXN_000963,2022-04-06,ACCT_00063,PERSON_00063,fuel,5954,PERSON_00056,fuel
TXN_000964,2022-01-08,ACCT_00064,PERSON_00064,upi,10918,PERSON_00093,upi
TXN_000965,2022-03-18,ACCT_00065,PERSON_00065,supplier,38061,PERSON_00130,supplier
TXN_000966,2025-03-28,ACCT_00066,PERSON_00066,fuel,5984,PERSON_00167,fuel
TXN_000967,2021-03-13,ACCT_00067,PERSON_00067,salary,50172,PERSON_00204,salary
TXN_000968,2024-04-09,ACCT_00068,PERSON_00068,utility,6568,PERSON_00241,utility
TXN_000969,2024-12-08,ACCT_00069,PERSON_00069,grocery,5083,PERSON_00278,grocery
TXN_000970,2023-08-21,ACCT_00070,PERSON_00070,grocery,3071,PERSON_00315,grocery
TXN_000971,2023-08-15,ACCT_00071,PERSON_00071,utility,787,PERSON_00352,utility
TXN_000972,2021-02-19,ACCT_00072,PERSON_00072,transfer,217580,PERSON_00389,transfer
TXN_000973,2026-03-31,ACCT_00073,PERSON_00073,grocery,1407,PERSON_00426,grocery
TXN_000974,2025-12-03,ACCT_00074,PERSON_00074,supplier,44867,PERSON_00013,supplier
TXN_000975,2022-06-25,ACCT_00075,PERSON_00075,salary,49536,PERSON_00050,salary
TXN_000976,2021-01-30,ACCT_00076,PERSON_00076,rent,12866,PERSON_00087,rent
TXN_000977,2022-09-08,ACCT_00077,PERSON_00077,customer,37815,PERSON_00124,customer
TXN_000978,2026-06-18,ACCT_00078,PERSON_00078,emi,17184,PERSON_00161,emi
TXN_000979,2021-02-20,ACCT_00079,PERSON_00079,upi,11968,PERSON_00198,upi
TXN_000980,2025-11-04,ACCT_00080,PERSON_00080,emi,10327,PERSON_00235,emi
TXN_000981,2025-07-02,ACCT_00081,PERSON_00081,upi,192697,PERSON_00272,upi
TXN_000982,2023-02-04,ACCT_00082,PERSON_00082,rent,6390,PERSON_00309,rent
TXN_000983,2023-10-13,ACCT_00083,PERSON_00083,customer,29771,PERSON_00346,customer
TXN_000984,2025-01-02,ACCT_00084,PERSON_00084,grocery,3635,PERSON_00383,grocery
TXN_000985,2024-03-30,ACCT_00085,PERSON_00085,upi,7262,PERSON_00420,upi
TXN_000986,2025-02-05,ACCT_00086,PERSON_00086,upi,222255,PERSON_00007,upi
TXN_000987,2022-12-28,ACCT_00087,PERSON_00087,salary,54071,PERSON_00044,salary
TXN_000988,2023-11-03,ACCT_00088,PERSON_00088,grocery,1220,PERSON_00081,grocery
TXN_000989,2025-07-27,ACCT_00089,PERSON_00089,upi,220343,PERSON_00118,upi
TXN_000990,2024-03-30,ACCT_00090,PERSON_00090,supplier,32499,PERSON_00155,supplier
TXN_000991,2023-06-11,ACCT_00091,PERSON_00091,supplier,6579,PERSON_00192,supplier
TXN_000992,2025-07-26,ACCT_00092,PERSON_00092,supplier,43326,PERSON_00229,supplier
TXN_000993,2023-04-24,ACCT_00093,PERSON_00093,customer,90227,PERSON_00266,customer
TXN_000994,2025-08-02,ACCT_00094,PERSON_00094,grocery,1653,PERSON_00303,grocery
TXN_000995,2021-07-31,ACCT_00095,PERSON_00095,upi,59469,PERSON_00340,upi
TXN_000996,2026-06-15,ACCT_00096,PERSON_00096,salary,62662,PERSON_00377,salary
TXN_000997,2025-08-13,ACCT_00097,PERSON_00097,upi,5668,PERSON_00414,upi
TXN_000998,2021-11-14,ACCT_00098,PERSON_00098,customer,56858,PERSON_00001,customer
TXN_000999,2025-01-01,ACCT_00099,PERSON_00099,grocery,6382,PERSON_00038,grocery
TXN_001000,2024-01-10,ACCT_00100,PERSON_00100,upi,154028,PERSON_00075,upi
TXN_001001,2023-01-18,ACCT_00101,PERSON_00101,cash_deposit,100338,PERSON_00112,cash deposit
TXN_001002,2025-04-06,ACCT_00102,PERSON_00102,fuel,4143,PERSON_00149,fuel
TXN_001003,2021-06-30,ACCT_00103,PERSON_00103,emi,27827,PERSON_00186,emi
TXN_001004,2025-08-14,ACCT_00104,PERSON_00104,upi,8380,PERSON_00223,upi
TXN_001005,2023-05-28,ACCT_00105,PERSON_00105,upi,211773,PERSON_00260,upi
TXN_001006,2025-02-02,ACCT_00106,PERSON_00106,rent,16227,PERSON_00297,rent
TXN_001007,2021-03-11,ACCT_00107,PERSON_00107,upi,5647,PERSON_00334,upi
TXN_001008,2025-06-13,ACCT_00108,PERSON_00108,utility,6129,PERSON_00371,utility
TXN_001009,2022-11-18,ACCT_00109,PERSON_00109,rent,16341,PERSON_00408,rent
TXN_001010,2022-05-13,ACCT_00110,PERSON_00110,utility,3336,PERSON_00445,utility
TXN_001011,2024-11-09,ACCT_00111,PERSON_00111,upi,11497,PERSON_00032,upi
TXN_001012,2026-01-09,ACCT_00112,PERSON_00112,fuel,5836,PERSON_00069,fuel
TXN_001013,2021-08-09,ACCT_00113,PERSON_00113,salary,66891,PERSON_00106,salary
TXN_001014,2022-05-24,ACCT_00114,PERSON_00114,customer,96954,PERSON_00143,customer
TXN_001015,2025-07-30,ACCT_00115,PERSON_00115,upi,767,PERSON_00180,upi
TXN_001016,2026-06-07,ACCT_00116,PERSON_00116,upi,2171,PERSON_00217,upi
TXN_001017,2025-07-27,ACCT_00117,PERSON_00117,customer,63615,PERSON_00254,customer
TXN_001018,2021-03-04,ACCT_00118,PERSON_00118,utility,1666,PERSON_00291,utility
TXN_001019,2024-10-02,ACCT_00119,PERSON_00119,rent,7349,PERSON_00328,rent
TXN_001020,2025-04-06,ACCT_00120,PERSON_00120,fuel,2976,PERSON_00365,fuel
TXN_001021,2021-02-21,ACCT_00121,PERSON_00121,upi,9204,PERSON_00402,upi
TXN_001022,2025-10-09,ACCT_00122,PERSON_00122,supplier,8485,PERSON_00439,supplier
TXN_001023,2023-06-18,ACCT_00123,PERSON_00123,customer,36621,PERSON_00026,customer
TXN_001024,2026-06-06,ACCT_00124,PERSON_00124,rent,7256,PERSON_00063,rent
TXN_001025,2025-05-21,ACCT_00125,PERSON_00125,customer,90900,PERSON_00100,customer
TXN_001026,2022-04-13,ACCT_00126,PERSON_00126,customer,39279,PERSON_00137,customer
TXN_001027,2025-10-02,ACCT_00127,PERSON_00127,upi,243674,PERSON_00174,upi
TXN_001028,2022-04-06,ACCT_00128,PERSON_00128,supplier,80268,PERSON_00211,supplier
TXN_001029,2022-12-26,ACCT_00129,PERSON_00129,salary,55308,PERSON_00248,salary
TXN_001030,2021-06-28,ACCT_00130,PERSON_00130,rent,8601,PERSON_00285,rent
TXN_001031,2022-10-24,ACCT_00131,PERSON_00131,customer,94848,PERSON_00322,customer
TXN_001032,2022-03-07,ACCT_00132,PERSON_00132,customer,50811,PERSON_00359,customer
TXN_001033,2021-09-10,ACCT_00133,PERSON_00133,utility,4360,PERSON_00396,utility
TXN_001034,2023-04-14,ACCT_00134,PERSON_00134,upi,245480,PERSON_00433,upi
TXN_001035,2023-08-18,ACCT_00135,PERSON_00135,upi,9851,PERSON_00020,upi
TXN_001036,2021-08-21,ACCT_00136,PERSON_00136,customer,71884,PERSON_00057,customer
TXN_001037,2023-10-30,ACCT_00137,PERSON_00137,salary,26868,PERSON_00094,salary
TXN_001038,2021-05-07,ACCT_00138,PERSON_00138,cash_deposit,14310,PERSON_00131,cash deposit
TXN_001039,2023-05-12,ACCT_00139,PERSON_00139,upi,4319,PERSON_00168,upi
TXN_001040,2025-08-05,ACCT_00140,PERSON_00140,rent,20924,PERSON_00205,rent
TXN_001041,2022-07-30,ACCT_00141,PERSON_00141,upi,41265,PERSON_00242,upi
TXN_001042,2024-06-28,ACCT_00142,PERSON_00142,transfer,6386,PERSON_00279,transfer
TXN_001043,2026-03-29,ACCT_00143,PERSON_00143,salary,68659,PERSON_00316,salary
TXN_001044,2023-10-18,ACCT_00144,PERSON_00144,grocery,4215,PERSON_00353,grocery
TXN_001045,2023-12-29,ACCT_00145,PERSON_00145,supplier,70270,PERSON_00390,supplier
TXN_001046,2024-01-22,ACCT_00146,PERSON_00146,utility,4602,PERSON_00427,utility
TXN_001047,2024-11-04,ACCT_00147,PERSON_00147,grocery,4897,PERSON_00014,grocery
TXN_001048,2025-03-22,ACCT_00148,PERSON_00148,upi,108232,PERSON_00051,upi
TXN_001049,2021-12-16,ACCT_00149,PERSON_00149,upi,1998,PERSON_00088,upi
TXN_001050,2022-10-15,ACCT_00150,PERSON_00150,customer,51916,PERSON_00125,customer
TXN_001051,2023-04-27,ACCT_00151,PERSON_00151,upi,4059,PERSON_00162,upi
TXN_001052,2025-12-14,ACCT_00152,PERSON_00152,rent,19033,PERSON_00199,rent
TXN_001053,2023-05-05,ACCT_00153,PERSON_00153,transfer,186863,PERSON_00236,transfer
TXN_001054,2022-07-01,ACCT_00154,PERSON_00154,fuel,4488,PERSON_00273,fuel
TXN_001055,2024-08-14,ACCT_00155,PERSON_00155,emi,26084,PERSON_00310,emi
TXN_001056,2024-01-02,ACCT_00156,PERSON_00156,grocery,1920,PERSON_00347,grocery
TXN_001057,2021-09-14,ACCT_00157,PERSON_00157,upi,8552,PERSON_00384,upi
TXN_001058,2023-01-17,ACCT_00158,PERSON_00158,cash_deposit,81453,PERSON_00421,cash deposit
TXN_001059,2023-10-25,ACCT_00159,PERSON_00159,utility,1415,PERSON_00008,utility
TXN_001060,2022-08-21,ACCT_00160,PERSON_00160,grocery,472,PERSON_00045,grocery
TXN_001061,2024-07-04,ACCT_00161,PERSON_00161,transfer,191397,PERSON_00082,transfer
TXN_001062,2023-07-29,ACCT_00162,PERSON_00162,transfer,126935,PERSON_00119,transfer
TXN_001063,2021-10-05,ACCT_00163,PERSON_00163,upi,1985,PERSON_00156,upi
TXN_001064,2023-02-20,ACCT_00164,PERSON_00164,fuel,2220,PERSON_00193,fuel
TXN_001065,2023-05-25,ACCT_00165,PERSON_00165,upi,4626,PERSON_00230,upi
TXN_001066,2023-12-08,ACCT_00166,PERSON_00166,upi,226786,PERSON_00267,upi
TXN_001067,2021-04-19,ACCT_00167,PERSON_00167,transfer,91755,PERSON_00304,transfer
TXN_001068,2025-01-10,ACCT_00168,PERSON_00168,supplier,20614,PERSON_00341,supplier
TXN_001069,2022-07-11,ACCT_00169,PERSON_00169,transfer,197702,PERSON_00378,transfer
TXN_001070,2023-04-11,ACCT_00170,PERSON_00170,customer,7476,PERSON_00415,customer
TXN_001071,2023-10-25,ACCT_00171,PERSON_00171,emi,22168,PERSON_00002,emi
TXN_001072,2024-09-09,ACCT_00172,PERSON_00172,rent,12553,PERSON_00039,rent
TXN_001073,2026-02-13,ACCT_00173,PERSON_00173,cash_deposit,150257,PERSON_00076,cash deposit
TXN_001074,2022-06-16,ACCT_00174,PERSON_00174,upi,8255,PERSON_00113,upi
TXN_001075,2021-04-24,ACCT_00175,PERSON_00175,rent,11738,PERSON_00150,rent
TXN_001076,2023-06-12,ACCT_00176,PERSON_00176,salary,67446,PERSON_00187,salary
TXN_001077,2025-02-23,ACCT_00177,PERSON_00177,utility,3884,PERSON_00224,utility
TXN_001078,2025-10-05,ACCT_00178,PERSON_00178,emi,12886,PERSON_00261,emi
TXN_001079,2021-08-13,ACCT_00179,PERSON_00179,fuel,2076,PERSON_00298,fuel
TXN_001080,2022-05-16,ACCT_00180,PERSON_00180,upi,168304,PERSON_00335,upi
TXN_001081,2022-06-22,ACCT_00181,PERSON_00181,grocery,3891,PERSON_00372,grocery
TXN_001082,2024-11-10,ACCT_00182,PERSON_00182,supplier,50151,PERSON_00409,supplier
TXN_001083,2021-07-22,ACCT_00183,PERSON_00183,grocery,1190,PERSON_00446,grocery
TXN_001084,2022-10-13,ACCT_00184,PERSON_00184,fuel,3787,PERSON_00033,fuel
TXN_001085,2021-07-16,ACCT_00185,PERSON_00185,customer,107819,PERSON_00070,customer
TXN_001086,2026-03-20,ACCT_00186,PERSON_00186,customer,85937,PERSON_00107,customer
TXN_001087,2021-10-29,ACCT_00187,PERSON_00187,emi,16721,PERSON_00144,emi
TXN_001088,2024-05-16,ACCT_00188,PERSON_00188,upi,6147,PERSON_00181,upi
TXN_001089,2025-10-20,ACCT_00189,PERSON_00189,salary,32125,PERSON_00218,salary
TXN_001090,2021-09-26,ACCT_00190,PERSON_00190,supplier,55347,PERSON_00255,supplier
TXN_001091,2025-06-28,ACCT_00191,PERSON_00191,emi,28004,PERSON_00292,emi
TXN_001092,2022-07-09,ACCT_00192,PERSON_00192,upi,8329,PERSON_00329,upi
TXN_001093,2023-09-14,ACCT_00193,PERSON_00193,upi,31193,PERSON_00366,upi
TXN_001094,2025-10-12,ACCT_00194,PERSON_00194,upi,73884,PERSON_00403,upi
TXN_001095,2023-06-23,ACCT_00195,PERSON_00195,salary,49042,PERSON_00440,salary
TXN_001096,2021-10-17,ACCT_00196,PERSON_00196,upi,202471,PERSON_00027,upi
TXN_001097,2022-04-19,ACCT_00197,PERSON_00197,supplier,21173,PERSON_00064,supplier
TXN_001098,2024-01-15,ACCT_00198,PERSON_00198,salary,53781,PERSON_00101,salary
TXN_001099,2021-01-07,ACCT_00199,PERSON_00199,transfer,45748,PERSON_00138,transfer
TXN_001100,2022-05-14,ACCT_00200,PERSON_00200,transfer,8088,PERSON_00175,transfer
TXN_001101,2021-07-07,ACCT_00201,PERSON_00201,salary,67521,PERSON_00212,salary
TXN_001102,2025-10-02,ACCT_00202,PERSON_00202,upi,199606,PERSON_00249,upi
TXN_001103,2022-07-15,ACCT_00203,PERSON_00203,rent,18055,PERSON_00286,rent
TXN_001104,2023-01-17,ACCT_00204,PERSON_00204,fuel,2885,PERSON_00323,fuel
TXN_001105,2022-02-20,ACCT_00205,PERSON_00205,customer,98950,PERSON_00360,customer
TXN_001106,2025-02-19,ACCT_00206,PERSON_00206,supplier,62999,PERSON_00397,supplier
TXN_001107,2023-03-23,ACCT_00207,PERSON_00207,utility,5179,PERSON_00434,utility
TXN_001108,2023-09-10,ACCT_00208,PERSON_00208,fuel,5757,PERSON_00021,fuel
TXN_001109,2024-02-08,ACCT_00209,PERSON_00209,upi,210762,PERSON_00058,upi
TXN_001110,2021-06-03,ACCT_00210,PERSON_00210,upi,11131,PERSON_00095,upi
TXN_001111,2022-09-02,ACCT_00211,PERSON_00211,fuel,5867,PERSON_00132,fuel
TXN_001112,2023-03-11,ACCT_00212,PERSON_00212,supplier,71330,PERSON_00169,supplier
TXN_001113,2021-08-25,ACCT_00213,PERSON_00213,fuel,5861,PERSON_00206,fuel
TXN_001114,2022-05-30,ACCT_00214,PERSON_00214,upi,199431,PERSON_00243,upi
TXN_001115,2023-10-08,ACCT_00215,PERSON_00215,salary,69146,PERSON_00280,salary
TXN_001116,2023-04-27,ACCT_00216,PERSON_00216,emi,29002,PERSON_00317,emi
TXN_001117,2023-02-10,ACCT_00217,PERSON_00217,salary,55649,PERSON_00354,salary
TXN_001118,2024-02-11,ACCT_00218,PERSON_00218,upi,7459,PERSON_00391,upi
TXN_001119,2025-12-02,ACCT_00219,PERSON_00219,customer,108078,PERSON_00428,customer
TXN_001120,2023-01-04,ACCT_00220,PERSON_00220,salary,63576,PERSON_00015,salary
TXN_001121,2021-08-18,ACCT_00221,PERSON_00221,grocery,5871,PERSON_00052,grocery
TXN_001122,2026-02-05,ACCT_00222,PERSON_00222,grocery,4573,PERSON_00089,grocery
TXN_001123,2022-01-08,ACCT_00223,PERSON_00223,upi,5747,PERSON_00126,upi
TXN_001124,2025-05-20,ACCT_00224,PERSON_00224,salary,27029,PERSON_00163,salary
TXN_001125,2023-03-31,ACCT_00225,PERSON_00225,upi,9558,PERSON_00200,upi
TXN_001126,2022-09-07,ACCT_00226,PERSON_00226,upi,135534,PERSON_00237,upi
TXN_001127,2022-03-31,ACCT_00227,PERSON_00227,utility,4154,PERSON_00274,utility
TXN_001128,2024-03-30,ACCT_00228,PERSON_00228,fuel,4551,PERSON_00311,fuel
TXN_001129,2021-03-28,ACCT_00229,PERSON_00229,fuel,1886,PERSON_00348,fuel
TXN_001130,2024-05-17,ACCT_00230,PERSON_00230,transfer,29900,PERSON_00385,transfer
TXN_001131,2025-09-16,ACCT_00231,PERSON_00231,salary,49384,PERSON_00422,salary
TXN_001132,2021-04-02,ACCT_00232,PERSON_00232,supplier,61883,PERSON_00009,supplier
TXN_001133,2021-02-23,ACCT_00233,PERSON_00233,fuel,3439,PERSON_00046,fuel
TXN_001134,2024-11-16,ACCT_00234,PERSON_00234,grocery,5874,PERSON_00083,grocery
TXN_001135,2024-08-23,ACCT_00235,PERSON_00235,fuel,2569,PERSON_00120,fuel
TXN_001136,2024-01-18,ACCT_00236,PERSON_00236,utility,2693,PERSON_00157,utility
TXN_001137,2021-02-02,ACCT_00237,PERSON_00237,emi,23835,PERSON_00194,emi
TXN_001138,2025-04-27,ACCT_00238,PERSON_00238,transfer,86787,PERSON_00231,transfer
TXN_001139,2022-09-06,ACCT_00239,PERSON_00239,upi,8654,PERSON_00268,upi
TXN_001140,2024-11-16,ACCT_00240,PERSON_00240,salary,74437,PERSON_00305,salary
TXN_001141,2021-08-01,ACCT_00241,PERSON_00241,salary,34287,PERSON_00342,salary
TXN_001142,2024-10-09,ACCT_00242,PERSON_00242,supplier,30422,PERSON_00379,supplier
TXN_001143,2025-05-31,ACCT_00243,PERSON_00243,upi,4653,PERSON_00416,upi
TXN_001144,2024-04-24,ACCT_00244,PERSON_00244,utility,2341,PERSON_00003,utility
TXN_001145,2025-05-03,ACCT_00245,PERSON_00245,customer,42869,PERSON_00040,customer
TXN_001146,2021-04-26,ACCT_00246,PERSON_00246,customer,81192,PERSON_00077,customer
TXN_001147,2026-06-12,ACCT_00247,PERSON_00247,grocery,3452,PERSON_00114,grocery
TXN_001148,2023-01-07,ACCT_00248,PERSON_00248,rent,10322,PERSON_00151,rent
TXN_001149,2025-01-15,ACCT_00249,PERSON_00249,upi,6945,PERSON_00188,upi
TXN_001150,2024-11-14,ACCT_00250,PERSON_00250,grocery,3031,PERSON_00225,grocery
TXN_001151,2024-12-30,ACCT_00251,PERSON_00251,upi,4563,PERSON_00262,upi
TXN_001152,2021-02-25,ACCT_00252,PERSON_00252,upi,7302,PERSON_00299,upi
TXN_001153,2024-02-19,ACCT_00253,PERSON_00253,grocery,4887,PERSON_00336,grocery
TXN_001154,2021-08-29,ACCT_00254,PERSON_00254,utility,4741,PERSON_00373,utility
TXN_001155,2023-04-01,ACCT_00255,PERSON_00255,upi,72390,PERSON_00410,upi
TXN_001156,2024-11-15,ACCT_00256,PERSON_00256,fuel,5309,PERSON_00447,fuel
TXN_001157,2021-04-18,ACCT_00257,PERSON_00257,rent,17319,PERSON_00034,rent
TXN_001158,2024-08-13,ACCT_00258,PERSON_00258,fuel,5015,PERSON_00071,fuel
TXN_001159,2024-07-30,ACCT_00259,PERSON_00259,rent,13659,PERSON_00108,rent
TXN_001160,2025-03-29,ACCT_00260,PERSON_00260,cash_deposit,17926,PERSON_00145,cash deposit
TXN_001161,2023-04-12,ACCT_00261,PERSON_00261,upi,9192,PERSON_00182,upi
TXN_001162,2022-11-20,ACCT_00262,PERSON_00262,fuel,1177,PERSON_00219,fuel
TXN_001163,2021-11-15,ACCT_00263,PERSON_00263,customer,113686,PERSON_00256,customer
TXN_001164,2022-02-07,ACCT_00264,PERSON_00264,fuel,1728,PERSON_00293,fuel
TXN_001165,2022-08-20,ACCT_00265,PERSON_00265,utility,5680,PERSON_00330,utility
TXN_001166,2021-07-23,ACCT_00266,PERSON_00266,emi,26508,PERSON_00367,emi
TXN_001167,2025-12-10,ACCT_00267,PERSON_00267,salary,74515,PERSON_00404,salary
TXN_001168,2024-06-21,ACCT_00268,PERSON_00268,grocery,4847,PERSON_00441,grocery
TXN_001169,2021-09-10,ACCT_00269,PERSON_00269,transfer,159564,PERSON_00028,transfer
TXN_001170,2024-08-22,ACCT_00270,PERSON_00270,transfer,57399,PERSON_00065,transfer
TXN_001171,2026-03-06,ACCT_00271,PERSON_00271,upi,111638,PERSON_00102,upi
TXN_001172,2023-01-25,ACCT_00272,PERSON_00272,fuel,4777,PERSON_00139,fuel
TXN_001173,2026-05-06,ACCT_00273,PERSON_00273,fuel,4967,PERSON_00176,fuel
TXN_001174,2025-11-11,ACCT_00274,PERSON_00274,upi,8732,PERSON_00213,upi
TXN_001175,2023-06-27,ACCT_00275,PERSON_00275,upi,94831,PERSON_00250,upi
TXN_001176,2025-10-15,ACCT_00276,PERSON_00276,rent,10235,PERSON_00287,rent
TXN_001177,2025-09-13,ACCT_00277,PERSON_00277,supplier,30559,PERSON_00324,supplier
TXN_001178,2021-04-10,ACCT_00278,PERSON_00278,rent,9418,PERSON_00361,rent
TXN_001179,2026-01-31,ACCT_00279,PERSON_00279,transfer,46455,PERSON_00398,transfer
TXN_001180,2024-04-29,ACCT_00280,PERSON_00280,rent,11918,PERSON_00435,rent
TXN_001181,2021-08-11,ACCT_00281,PERSON_00281,upi,7258,PERSON_00022,upi
TXN_001182,2024-11-11,ACCT_00282,PERSON_00282,utility,3255,PERSON_00059,utility
TXN_001183,2021-12-07,ACCT_00283,PERSON_00283,fuel,2836,PERSON_00096,fuel
TXN_001184,2026-05-06,ACCT_00284,PERSON_00284,transfer,78389,PERSON_00133,transfer
TXN_001185,2024-11-29,ACCT_00285,PERSON_00285,supplier,68603,PERSON_00170,supplier
TXN_001186,2021-05-20,ACCT_00286,PERSON_00286,upi,40686,PERSON_00207,upi
TXN_001187,2022-12-01,ACCT_00287,PERSON_00287,upi,207632,PERSON_00244,upi
TXN_001188,2023-04-30,ACCT_00288,PERSON_00288,cash_deposit,174402,PERSON_00281,cash deposit
TXN_001189,2024-08-13,ACCT_00289,PERSON_00289,cash_deposit,117181,PERSON_00318,cash deposit
TXN_001190,2024-11-26,ACCT_00290,PERSON_00290,upi,168996,PERSON_00355,upi
TXN_001191,2024-10-06,ACCT_00291,PERSON_00291,upi,56915,PERSON_00392,upi
TXN_001192,2021-04-03,ACCT_00292,PERSON_00292,upi,217567,PERSON_00429,upi
TXN_001193,2022-08-08,ACCT_00293,PERSON_00293,supplier,53922,PERSON_00016,supplier
TXN_001194,2023-08-08,ACCT_00294,PERSON_00294,rent,12581,PERSON_00053,rent
TXN_001195,2023-08-01,ACCT_00295,PERSON_00295,supplier,74015,PERSON_00090,supplier
TXN_001196,2025-09-03,ACCT_00296,PERSON_00296,upi,10297,PERSON_00127,upi
TXN_001197,2026-05-18,ACCT_00297,PERSON_00297,grocery,1970,PERSON_00164,grocery
TXN_001198,2026-03-19,ACCT_00298,PERSON_00298,salary,63680,PERSON_00201,salary
TXN_001199,2025-01-10,ACCT_00299,PERSON_00299,rent,17215,PERSON_00238,rent
TXN_001200,2025-08-19,ACCT_00300,PERSON_00300,supplier,37604,PERSON_00275,supplier
TXN_001201,2023-04-15,ACCT_00301,PERSON_00301,emi,8496,PERSON_00312,emi
TXN_001202,2021-07-13,ACCT_00302,PERSON_00302,transfer,129005,PERSON_00349,transfer
TXN_001203,2023-12-24,ACCT_00303,PERSON_00303,fuel,5606,PERSON_00386,fuel
TXN_001204,2022-05-19,ACCT_00304,PERSON_00304,cash_deposit,159781,PERSON_00423,cash deposit
TXN_001205,2025-02-01,ACCT_00305,PERSON_00305,emi,4374,PERSON_00010,emi
TXN_001206,2022-05-01,ACCT_00306,PERSON_00306,cash_deposit,170374,PERSON_00047,cash deposit
TXN_001207,2021-04-30,ACCT_00307,PERSON_00307,customer,31019,PERSON_00084,customer
TXN_001208,2023-08-14,ACCT_00308,PERSON_00308,salary,70618,PERSON_00121,salary
TXN_001209,2021-11-12,ACCT_00309,PERSON_00309,supplier,34818,PERSON_00158,supplier
TXN_001210,2021-07-13,ACCT_00310,PERSON_00310,emi,17067,PERSON_00195,emi
TXN_001211,2021-12-22,ACCT_00311,PERSON_00311,rent,12271,PERSON_00232,rent
TXN_001212,2026-05-28,ACCT_00312,PERSON_00312,supplier,78185,PERSON_00269,supplier
TXN_001213,2025-05-23,ACCT_00313,PERSON_00313,upi,1917,PERSON_00306,upi
TXN_001214,2022-11-03,ACCT_00314,PERSON_00314,utility,5002,PERSON_00343,utility
TXN_001215,2024-07-08,ACCT_00315,PERSON_00315,salary,54212,PERSON_00380,salary
TXN_001216,2024-10-03,ACCT_00316,PERSON_00316,salary,64177,PERSON_00417,salary
TXN_001217,2025-07-20,ACCT_00317,PERSON_00317,grocery,2149,PERSON_00004,grocery
TXN_001218,2023-08-04,ACCT_00318,PERSON_00318,cash_deposit,62021,PERSON_00041,cash deposit
TXN_001219,2024-08-11,ACCT_00319,PERSON_00319,upi,6449,PERSON_00078,upi
TXN_001220,2025-11-08,ACCT_00320,PERSON_00320,grocery,720,PERSON_00115,grocery
TXN_001221,2022-07-22,ACCT_00321,PERSON_00321,emi,27746,PERSON_00152,emi
TXN_001222,2022-01-29,ACCT_00322,PERSON_00322,salary,55872,PERSON_00189,salary
TXN_001223,2022-08-29,ACCT_00323,PERSON_00323,rent,6393,PERSON_00226,rent
TXN_001224,2023-09-24,ACCT_00324,PERSON_00324,supplier,81117,PERSON_00263,supplier
TXN_001225,2022-09-08,ACCT_00325,PERSON_00325,customer,64566,PERSON_00300,customer
TXN_001226,2024-03-28,ACCT_00326,PERSON_00326,supplier,66744,PERSON_00337,supplier
TXN_001227,2022-05-03,ACCT_00327,PERSON_00327,upi,1672,PERSON_00374,upi
TXN_001228,2023-01-19,ACCT_00328,PERSON_00328,upi,97837,PERSON_00411,upi
TXN_001229,2023-04-20,ACCT_00329,PERSON_00329,fuel,3956,PERSON_00448,fuel
TXN_001230,2022-07-10,ACCT_00330,PERSON_00330,upi,9320,PERSON_00035,upi
TXN_001231,2024-12-28,ACCT_00331,PERSON_00331,upi,236718,PERSON_00072,upi
TXN_001232,2025-10-07,ACCT_00332,PERSON_00332,rent,19244,PERSON_00109,rent
TXN_001233,2021-12-21,ACCT_00333,PERSON_00333,supplier,84394,PERSON_00146,supplier
TXN_001234,2025-11-14,ACCT_00334,PERSON_00334,supplier,53217,PERSON_00183,supplier
TXN_001235,2021-04-06,ACCT_00335,PERSON_00335,upi,2884,PERSON_00220,upi
TXN_001236,2025-05-24,ACCT_00336,PERSON_00336,salary,24643,PERSON_00257,salary
TXN_001237,2025-01-07,ACCT_00337,PERSON_00337,upi,4153,PERSON_00294,upi
TXN_001238,2021-12-26,ACCT_00338,PERSON_00338,upi,215761,PERSON_00331,upi
TXN_001239,2021-02-09,ACCT_00339,PERSON_00339,grocery,6306,PERSON_00368,grocery
TXN_001240,2023-04-07,ACCT_00340,PERSON_00340,utility,2986,PERSON_00405,utility
TXN_001241,2023-04-19,ACCT_00341,PERSON_00341,rent,12118,PERSON_00442,rent
TXN_001242,2022-12-08,ACCT_00342,PERSON_00342,rent,6816,PERSON_00029,rent
TXN_001243,2023-06-19,ACCT_00343,PERSON_00343,upi,8725,PERSON_00066,upi
TXN_001244,2024-07-12,ACCT_00344,PERSON_00344,transfer,95459,PERSON_00103,transfer
TXN_001245,2023-08-06,ACCT_00345,PERSON_00345,rent,16158,PERSON_00140,rent
TXN_001246,2022-11-26,ACCT_00346,PERSON_00346,supplier,71416,PERSON_00177,supplier
TXN_001247,2024-03-04,ACCT_00347,PERSON_00347,rent,10024,PERSON_00214,rent
TXN_001248,2022-06-08,ACCT_00348,PERSON_00348,supplier,50898,PERSON_00251,supplier
TXN_001249,2025-01-26,ACCT_00349,PERSON_00349,grocery,5296,PERSON_00288,grocery
TXN_001250,2021-04-12,ACCT_00350,PERSON_00350,customer,67984,PERSON_00325,customer
TXN_001251,2021-12-03,ACCT_00351,PERSON_00351,rent,9654,PERSON_00362,rent
TXN_001252,2025-11-26,ACCT_00352,PERSON_00352,upi,227611,PERSON_00399,upi
TXN_001253,2021-05-07,ACCT_00353,PERSON_00353,rent,17647,PERSON_00436,rent
TXN_001254,2025-02-05,ACCT_00354,PERSON_00354,upi,686,PERSON_00023,upi
TXN_001255,2021-02-16,ACCT_00355,PERSON_00355,upi,169576,PERSON_00060,upi
TXN_001256,2025-01-21,ACCT_00356,PERSON_00356,transfer,32509,PERSON_00097,transfer
TXN_001257,2022-08-31,ACCT_00357,PERSON_00357,supplier,60603,PERSON_00134,supplier
TXN_001258,2022-04-20,ACCT_00358,PERSON_00358,upi,47287,PERSON_00171,upi
TXN_001259,2023-10-07,ACCT_00359,PERSON_00359,upi,126550,PERSON_00208,upi
TXN_001260,2021-09-12,ACCT_00360,PERSON_00360,salary,41029,PERSON_00245,salary
TXN_001261,2024-09-12,ACCT_00361,PERSON_00361,utility,6742,PERSON_00282,utility
TXN_001262,2022-11-24,ACCT_00362,PERSON_00362,cash_deposit,152100,PERSON_00319,cash deposit
TXN_001263,2023-02-06,ACCT_00363,PERSON_00363,upi,11974,PERSON_00356,upi
TXN_001264,2021-12-31,ACCT_00364,PERSON_00364,grocery,357,PERSON_00393,grocery
TXN_001265,2021-01-24,ACCT_00365,PERSON_00365,rent,20399,PERSON_00430,rent
TXN_001266,2024-08-09,ACCT_00366,PERSON_00366,grocery,4208,PERSON_00017,grocery
TXN_001267,2025-10-14,ACCT_00367,PERSON_00367,supplier,7635,PERSON_00054,supplier
TXN_001268,2023-06-20,ACCT_00368,PERSON_00368,emi,3428,PERSON_00091,emi
TXN_001269,2026-05-02,ACCT_00369,PERSON_00369,rent,9033,PERSON_00128,rent
TXN_001270,2025-11-21,ACCT_00370,PERSON_00370,salary,54864,PERSON_00165,salary
TXN_001271,2022-09-06,ACCT_00371,PERSON_00371,cash_deposit,223627,PERSON_00202,cash deposit
TXN_001272,2022-06-05,ACCT_00372,PERSON_00372,fuel,4717,PERSON_00239,fuel
TXN_001273,2025-12-25,ACCT_00373,PERSON_00373,salary,37056,PERSON_00276,salary
TXN_001274,2022-07-19,ACCT_00374,PERSON_00374,rent,16486,PERSON_00313,rent
TXN_001275,2023-01-30,ACCT_00375,PERSON_00375,cash_deposit,115549,PERSON_00350,cash deposit
TXN_001276,2023-09-22,ACCT_00376,PERSON_00376,transfer,31842,PERSON_00387,transfer
TXN_001277,2023-02-26,ACCT_00377,PERSON_00377,grocery,4741,PERSON_00424,grocery
TXN_001278,2026-02-19,ACCT_00378,PERSON_00378,grocery,1492,PERSON_00011,grocery
TXN_001279,2024-03-02,ACCT_00379,PERSON_00379,grocery,1230,PERSON_00048,grocery
TXN_001280,2025-10-16,ACCT_00380,PERSON_00380,fuel,1677,PERSON_00085,fuel
TXN_001281,2022-01-01,ACCT_00381,PERSON_00381,upi,55386,PERSON_00122,upi
TXN_001282,2023-08-30,ACCT_00382,PERSON_00382,utility,3337,PERSON_00159,utility
TXN_001283,2023-05-16,ACCT_00383,PERSON_00383,utility,5943,PERSON_00196,utility
TXN_001284,2022-05-21,ACCT_00384,PERSON_00384,supplier,53651,PERSON_00233,supplier
TXN_001285,2021-02-22,ACCT_00385,PERSON_00385,customer,81303,PERSON_00270,customer
TXN_001286,2026-05-21,ACCT_00386,PERSON_00386,upi,10700,PERSON_00307,upi
TXN_001287,2025-04-24,ACCT_00387,PERSON_00387,grocery,6260,PERSON_00344,grocery
TXN_001288,2022-09-15,ACCT_00388,PERSON_00388,transfer,34671,PERSON_00381,transfer
TXN_001289,2023-01-05,ACCT_00389,PERSON_00389,transfer,76545,PERSON_00418,transfer
TXN_001290,2021-11-07,ACCT_00390,PERSON_00390,upi,7995,PERSON_00005,upi
TXN_001291,2025-10-15,ACCT_00391,PERSON_00391,emi,9469,PERSON_00042,emi
TXN_001292,2023-03-27,ACCT_00392,PERSON_00392,customer,86860,PERSON_00079,customer
TXN_001293,2022-11-29,ACCT_00393,PERSON_00393,cash_deposit,109217,PERSON_00116,cash deposit
TXN_001294,2022-05-18,ACCT_00394,PERSON_00394,upi,29700,PERSON_00153,upi
TXN_001295,2023-06-10,ACCT_00395,PERSON_00395,upi,98270,PERSON_00190,upi
TXN_001296,2022-11-30,ACCT_00396,PERSON_00396,salary,35668,PERSON_00227,salary
TXN_001297,2024-09-27,ACCT_00397,PERSON_00397,salary,63489,PERSON_00264,salary
TXN_001298,2021-01-29,ACCT_00398,PERSON_00398,utility,616,PERSON_00301,utility
TXN_001299,2021-01-07,ACCT_00399,PERSON_00399,salary,65238,PERSON_00338,salary
TXN_001300,2023-11-17,ACCT_00400,PERSON_00400,grocery,962,PERSON_00375,grocery
TXN_001301,2025-11-09,ACCT_00401,PERSON_00401,utility,2333,PERSON_00412,utility
TXN_001302,2023-10-30,ACCT_00402,PERSON_00402,upi,9726,PERSON_00449,upi
TXN_001303,2022-06-23,ACCT_00403,PERSON_00403,grocery,1275,PERSON_00036,grocery
TXN_001304,2025-06-12,ACCT_00404,PERSON_00404,salary,66682,PERSON_00073,salary
TXN_001305,2026-03-22,ACCT_00405,PERSON_00405,cash_deposit,131075,PERSON_00110,cash deposit
TXN_001306,2023-10-04,ACCT_00406,PERSON_00406,grocery,2232,PERSON_00147,grocery
TXN_001307,2025-10-31,ACCT_00407,PERSON_00407,grocery,2034,PERSON_00184,grocery
TXN_001308,2024-05-16,ACCT_00408,PERSON_00408,rent,17399,PERSON_00221,rent
TXN_001309,2022-04-04,ACCT_00409,PERSON_00409,emi,23801,PERSON_00258,emi
TXN_001310,2021-10-12,ACCT_00410,PERSON_00410,transfer,140652,PERSON_00295,transfer
TXN_001311,2021-10-07,ACCT_00411,PERSON_00411,customer,27206,PERSON_00332,customer
TXN_001312,2023-06-13,ACCT_00412,PERSON_00412,upi,1134,PERSON_00369,upi
TXN_001313,2024-11-20,ACCT_00413,PERSON_00413,emi,28823,PERSON_00406,emi
TXN_001314,2023-07-03,ACCT_00414,PERSON_00414,salary,37158,PERSON_00443,salary
TXN_001315,2025-01-09,ACCT_00415,PERSON_00415,emi,22300,PERSON_00030,emi
TXN_001316,2026-06-13,ACCT_00416,PERSON_00416,supplier,53944,PERSON_00067,supplier
TXN_001317,2024-08-11,ACCT_00417,PERSON_00417,customer,101149,PERSON_00104,customer
TXN_001318,2025-09-05,ACCT_00418,PERSON_00418,grocery,5277,PERSON_00141,grocery
TXN_001319,2026-06-14,ACCT_00419,PERSON_00419,salary,19732,PERSON_00178,salary
TXN_001320,2021-03-14,ACCT_00420,PERSON_00420,utility,6184,PERSON_00215,utility
TXN_001321,2023-10-18,ACCT_00421,PERSON_00421,upi,4354,PERSON_00252,upi
TXN_001322,2022-09-26,ACCT_00422,PERSON_00422,utility,4947,PERSON_00289,utility
TXN_001323,2022-10-12,ACCT_00423,PERSON_00423,grocery,4087,PERSON_00326,grocery
TXN_001324,2025-03-06,ACCT_00424,PERSON_00424,rent,10882,PERSON_00363,rent
TXN_001325,2023-12-23,ACCT_00425,PERSON_00425,supplier,57106,PERSON_00400,supplier
TXN_001326,2023-05-13,ACCT_00426,PERSON_00426,grocery,725,PERSON_00437,grocery
TXN_001327,2023-11-06,ACCT_00427,PERSON_00427,upi,11740,PERSON_00024,upi
TXN_001328,2022-10-11,ACCT_00428,PERSON_00428,transfer,81229,PERSON_00061,transfer
TXN_001329,2021-09-24,ACCT_00429,PERSON_00429,supplier,44224,PERSON_00098,supplier
TXN_001330,2023-10-04,ACCT_00430,PERSON_00430,utility,4759,PERSON_00135,utility
TXN_001331,2022-12-29,ACCT_00431,PERSON_00431,emi,10666,PERSON_00172,emi
TXN_001332,2023-04-15,ACCT_00432,PERSON_00432,grocery,1057,PERSON_00209,grocery
TXN_001333,2022-03-10,ACCT_00433,PERSON_00433,transfer,14543,PERSON_00246,transfer
TXN_001334,2022-05-20,ACCT_00434,PERSON_00434,salary,68177,PERSON_00283,salary
TXN_001335,2022-02-26,ACCT_00435,PERSON_00435,rent,8119,PERSON_00320,rent
TXN_001336,2021-04-18,ACCT_00436,PERSON_00436,utility,1295,PERSON_00357,utility
TXN_001337,2024-11-20,ACCT_00437,PERSON_00437,salary,31285,PERSON_00394,salary
TXN_001338,2023-05-23,ACCT_00438,PERSON_00438,grocery,3709,PERSON_00431,grocery
TXN_001339,2026-05-25,ACCT_00439,PERSON_00439,salary,41307,PERSON_00018,salary
TXN_001340,2021-08-01,ACCT_00440,PERSON_00440,cash_deposit,194522,PERSON_00055,cash deposit
TXN_001341,2024-10-06,ACCT_00441,PERSON_00441,utility,1002,PERSON_00092,utility
TXN_001342,2022-09-20,ACCT_00442,PERSON_00442,upi,217924,PERSON_00129,upi
TXN_001343,2021-11-27,ACCT_00443,PERSON_00443,grocery,1061,PERSON_00166,grocery
TXN_001344,2023-05-18,ACCT_00444,PERSON_00444,transfer,40812,PERSON_00203,transfer
TXN_001345,2022-07-07,ACCT_00445,PERSON_00445,upi,7901,PERSON_00240,upi
TXN_001346,2024-07-09,ACCT_00446,PERSON_00446,salary,49822,PERSON_00277,salary
TXN_001347,2023-01-01,ACCT_00447,PERSON_00447,salary,63789,PERSON_00314,salary
TXN_001348,2021-03-22,ACCT_00448,PERSON_00448,salary,59280,PERSON_00351,salary
TXN_001349,2026-05-04,ACCT_00449,PERSON_00449,supplier,75103,PERSON_00388,supplier
TXN_001350,2024-11-07,ACCT_00450,PERSON_00450,rent,12711,PERSON_00425,rent
TXN_001351,2024-01-31,ACCT_00001,PERSON_00001,upi,9671,PERSON_00012,upi
TXN_001352,2023-12-09,ACCT_00002,PERSON_00002,grocery,1691,PERSON_00049,grocery
TXN_001353,2023-04-11,ACCT_00003,PERSON_00003,upi,153676,PERSON_00086,upi
TXN_001354,2024-09-21,ACCT_00004,PERSON_00004,salary,68499,PERSON_00123,salary
TXN_001355,2023-12-31,ACCT_00005,PERSON_00005,transfer,83312,PERSON_00160,transfer
TXN_001356,2024-04-19,ACCT_00006,PERSON_00006,fuel,961,PERSON_00197,fuel
TXN_001357,2023-01-31,ACCT_00007,PERSON_00007,cash_deposit,162142,PERSON_00234,cash deposit
TXN_001358,2024-04-14,ACCT_00008,PERSON_00008,salary,30950,PERSON_00271,salary
TXN_001359,2026-05-01,ACCT_00009,PERSON_00009,supplier,76160,PERSON_00308,supplier
TXN_001360,2025-12-06,ACCT_00010,PERSON_00010,grocery,1100,PERSON_00345,grocery
TXN_001361,2024-10-14,ACCT_00011,PERSON_00011,transfer,21896,PERSON_00382,transfer
TXN_001362,2023-08-10,ACCT_00012,PERSON_00012,transfer,105449,PERSON_00419,transfer
TXN_001363,2025-07-07,ACCT_00013,PERSON_00013,utility,1325,PERSON_00006,utility
TXN_001364,2023-06-16,ACCT_00014,PERSON_00014,emi,31668,PERSON_00043,emi
TXN_001365,2022-05-08,ACCT_00015,PERSON_00015,customer,72477,PERSON_00080,customer
TXN_001366,2021-03-15,ACCT_00016,PERSON_00016,supplier,10021,PERSON_00117,supplier
TXN_001367,2025-11-22,ACCT_00017,PERSON_00017,cash_deposit,55478,PERSON_00154,cash deposit
TXN_001368,2022-02-04,ACCT_00018,PERSON_00018,salary,33521,PERSON_00191,salary
TXN_001369,2025-08-12,ACCT_00019,PERSON_00019,emi,12617,PERSON_00228,emi
TXN_001370,2022-02-04,ACCT_00020,PERSON_00020,transfer,235015,PERSON_00265,transfer
TXN_001371,2025-05-20,ACCT_00021,PERSON_00021,salary,60440,PERSON_00302,salary
TXN_001372,2025-08-10,ACCT_00022,PERSON_00022,salary,74640,PERSON_00339,salary
TXN_001373,2025-12-27,ACCT_00023,PERSON_00023,utility,5745,PERSON_00376,utility
TXN_001374,2021-06-13,ACCT_00024,PERSON_00024,upi,3683,PERSON_00413,upi
TXN_001375,2025-12-26,ACCT_00025,PERSON_00025,grocery,1385,PERSON_00450,grocery
TXN_001376,2022-04-24,ACCT_00026,PERSON_00026,salary,48823,PERSON_00037,salary
TXN_001377,2024-07-06,ACCT_00027,PERSON_00027,salary,28086,PERSON_00074,salary
TXN_001378,2021-09-02,ACCT_00028,PERSON_00028,upi,10703,PERSON_00111,upi
TXN_001379,2021-02-10,ACCT_00029,PERSON_00029,cash_deposit,30795,PERSON_00148,cash deposit
TXN_001380,2025-06-06,ACCT_00030,PERSON_00030,cash_deposit,63520,PERSON_00185,cash deposit
TXN_001381,2021-09-19,ACCT_00031,PERSON_00031,customer,1212,PERSON_00222,customer
TXN_001382,2021-07-11,ACCT_00032,PERSON_00032,transfer,54680,PERSON_00259,transfer
TXN_001383,2023-02-26,ACCT_00033,PERSON_00033,grocery,5810,PERSON_00296,grocery
TXN_001384,2024-01-07,ACCT_00034,PERSON_00034,salary,43226,PERSON_00333,salary
TXN_001385,2026-02-06,ACCT_00035,PERSON_00035,upi,4462,PERSON_00370,upi
TXN_001386,2025-05-22,ACCT_00036,PERSON_00036,transfer,66086,PERSON_00407,transfer
TXN_001387,2022-02-01,ACCT_00037,PERSON_00037,fuel,2892,PERSON_00444,fuel
TXN_001388,2021-11-15,ACCT_00038,PERSON_00038,grocery,3514,PERSON_00031,grocery
TXN_001389,2024-01-06,ACCT_00039,PERSON_00039,grocery,2871,PERSON_00068,grocery
TXN_001390,2024-09-02,ACCT_00040,PERSON_00040,upi,1547,PERSON_00105,upi
TXN_001391,2022-05-19,ACCT_00041,PERSON_00041,grocery,5087,PERSON_00142,grocery
TXN_001392,2024-11-25,ACCT_00042,PERSON_00042,cash_deposit,174925,PERSON_00179,cash deposit
TXN_001393,2025-08-20,ACCT_00043,PERSON_00043,customer,62014,PERSON_00216,customer
TXN_001394,2025-01-04,ACCT_00044,PERSON_00044,grocery,4347,PERSON_00253,grocery
TXN_001395,2021-06-22,ACCT_00045,PERSON_00045,emi,20910,PERSON_00290,emi
TXN_001396,2026-03-04,ACCT_00046,PERSON_00046,upi,185440,PERSON_00327,upi
TXN_001397,2021-10-24,ACCT_00047,PERSON_00047,grocery,399,PERSON_00364,grocery
TXN_001398,2022-09-25,ACCT_00048,PERSON_00048,supplier,20598,PERSON_00401,supplier
TXN_001399,2023-08-27,ACCT_00049,PERSON_00049,transfer,60056,PERSON_00438,transfer
TXN_001400,2024-11-12,ACCT_00050,PERSON_00050,fuel,5598,PERSON_00025,fuel
TXN_001401,2022-10-05,ACCT_00051,PERSON_00051,emi,7876,PERSON_00062,emi
TXN_001402,2025-03-27,ACCT_00052,PERSON_00052,grocery,462,PERSON_00099,grocery
TXN_001403,2021-11-27,ACCT_00053,PERSON_00053,grocery,6180,PERSON_00136,grocery
TXN_001404,2024-09-02,ACCT_00054,PERSON_00054,salary,46923,PERSON_00173,salary
TXN_001405,2021-01-03,ACCT_00055,PERSON_00055,grocery,5930,PERSON_00210,grocery
TXN_001406,2024-11-06,ACCT_00056,PERSON_00056,fuel,3027,PERSON_00247,fuel
TXN_001407,2021-03-17,ACCT_00057,PERSON_00057,rent,12276,PERSON_00284,rent
TXN_001408,2022-08-09,ACCT_00058,PERSON_00058,salary,46048,PERSON_00321,salary
TXN_001409,2021-03-30,ACCT_00059,PERSON_00059,emi,16840,PERSON_00358,emi
TXN_001410,2024-04-07,ACCT_00060,PERSON_00060,fuel,5518,PERSON_00395,fuel
TXN_001411,2022-08-15,ACCT_00061,PERSON_00061,rent,21736,PERSON_00432,rent
TXN_001412,2024-01-17,ACCT_00062,PERSON_00062,fuel,5235,PERSON_00019,fuel
TXN_001413,2025-05-23,ACCT_00063,PERSON_00063,customer,77391,PERSON_00056,customer
TXN_001414,2021-04-14,ACCT_00064,PERSON_00064,upi,11809,PERSON_00093,upi
TXN_001415,2022-02-19,ACCT_00065,PERSON_00065,emi,30353,PERSON_00130,emi
TXN_001416,2023-08-03,ACCT_00066,PERSON_00066,salary,19430,PERSON_00167,salary
TXN_001417,2023-12-04,ACCT_00067,PERSON_00067,transfer,52195,PERSON_00204,transfer
TXN_001418,2021-08-23,ACCT_00068,PERSON_00068,grocery,948,PERSON_00241,grocery
TXN_001419,2022-03-11,ACCT_00069,PERSON_00069,upi,10193,PERSON_00278,upi
TXN_001420,2026-06-27,ACCT_00070,PERSON_00070,grocery,1545,PERSON_00315,grocery
TXN_001421,2021-02-24,ACCT_00071,PERSON_00071,upi,11868,PERSON_00352,upi
TXN_001422,2022-03-27,ACCT_00072,PERSON_00072,cash_deposit,196422,PERSON_00389,cash deposit
TXN_001423,2025-07-01,ACCT_00073,PERSON_00073,utility,5532,PERSON_00426,utility
TXN_001424,2023-08-06,ACCT_00074,PERSON_00074,cash_deposit,116267,PERSON_00013,cash deposit
TXN_001425,2025-01-31,ACCT_00075,PERSON_00075,transfer,43066,PERSON_00050,transfer
TXN_001426,2022-11-16,ACCT_00076,PERSON_00076,emi,28501,PERSON_00087,emi
TXN_001427,2024-08-20,ACCT_00077,PERSON_00077,utility,2308,PERSON_00124,utility
TXN_001428,2024-07-19,ACCT_00078,PERSON_00078,supplier,54718,PERSON_00161,supplier
TXN_001429,2024-03-26,ACCT_00079,PERSON_00079,rent,7002,PERSON_00198,rent
TXN_001430,2025-11-12,ACCT_00080,PERSON_00080,emi,4720,PERSON_00235,emi
TXN_001431,2022-02-13,ACCT_00081,PERSON_00081,supplier,63397,PERSON_00272,supplier
TXN_001432,2022-11-07,ACCT_00082,PERSON_00082,grocery,467,PERSON_00309,grocery
TXN_001433,2021-06-06,ACCT_00083,PERSON_00083,customer,26024,PERSON_00346,customer
TXN_001434,2021-11-21,ACCT_00084,PERSON_00084,fuel,3714,PERSON_00383,fuel
TXN_001435,2021-12-06,ACCT_00085,PERSON_00085,upi,1855,PERSON_00420,upi
TXN_001436,2023-11-27,ACCT_00086,PERSON_00086,salary,44596,PERSON_00007,salary
TXN_001437,2025-03-17,ACCT_00087,PERSON_00087,upi,160187,PERSON_00044,upi
TXN_001438,2021-12-31,ACCT_00088,PERSON_00088,cash_deposit,173090,PERSON_00081,cash deposit
TXN_001439,2022-11-12,ACCT_00089,PERSON_00089,upi,90424,PERSON_00118,upi
TXN_001440,2026-03-27,ACCT_00090,PERSON_00090,rent,8821,PERSON_00155,rent
TXN_001441,2021-07-09,ACCT_00091,PERSON_00091,upi,8743,PERSON_00192,upi
TXN_001442,2023-03-16,ACCT_00092,PERSON_00092,upi,167484,PERSON_00229,upi
TXN_001443,2021-03-21,ACCT_00093,PERSON_00093,customer,42986,PERSON_00266,customer
TXN_001444,2023-09-15,ACCT_00094,PERSON_00094,customer,30127,PERSON_00303,customer
TXN_001445,2021-02-08,ACCT_00095,PERSON_00095,fuel,2883,PERSON_00340,fuel
TXN_001446,2021-08-31,ACCT_00096,PERSON_00096,emi,11203,PERSON_00377,emi
TXN_001447,2024-08-06,ACCT_00097,PERSON_00097,grocery,551,PERSON_00414,grocery
TXN_001448,2023-05-26,ACCT_00098,PERSON_00098,grocery,4889,PERSON_00001,grocery
TXN_001449,2023-08-14,ACCT_00099,PERSON_00099,grocery,6426,PERSON_00038,grocery
TXN_001450,2021-04-10,ACCT_00100,PERSON_00100,utility,4416,PERSON_00075,utility
TXN_001451,2021-08-25,ACCT_00101,PERSON_00101,salary,73258,PERSON_00112,salary
TXN_001452,2021-03-02,ACCT_00102,PERSON_00102,rent,8984,PERSON_00149,rent
TXN_001453,2023-02-07,ACCT_00103,PERSON_00103,salary,25053,PERSON_00186,salary
TXN_001454,2024-02-28,ACCT_00104,PERSON_00104,grocery,1792,PERSON_00223,grocery
TXN_001455,2022-02-15,ACCT_00105,PERSON_00105,emi,27724,PERSON_00260,emi
TXN_001456,2026-01-12,ACCT_00106,PERSON_00106,upi,101598,PERSON_00297,upi
TXN_001457,2025-04-20,ACCT_00107,PERSON_00107,customer,76202,PERSON_00334,customer
TXN_001458,2023-10-14,ACCT_00108,PERSON_00108,emi,11627,PERSON_00371,emi
TXN_001459,2024-03-06,ACCT_00109,PERSON_00109,salary,66845,PERSON_00408,salary
TXN_001460,2022-10-12,ACCT_00110,PERSON_00110,customer,46897,PERSON_00445,customer
TXN_001461,2025-06-21,ACCT_00111,PERSON_00111,salary,21346,PERSON_00032,salary
TXN_001462,2025-10-17,ACCT_00112,PERSON_00112,fuel,2660,PERSON_00069,fuel
TXN_001463,2022-10-24,ACCT_00113,PERSON_00113,supplier,3939,PERSON_00106,supplier
TXN_001464,2022-08-15,ACCT_00114,PERSON_00114,transfer,57117,PERSON_00143,transfer
TXN_001465,2023-12-21,ACCT_00115,PERSON_00115,fuel,2673,PERSON_00180,fuel
TXN_001466,2022-09-07,ACCT_00116,PERSON_00116,emi,16684,PERSON_00217,emi
TXN_001467,2025-12-12,ACCT_00117,PERSON_00117,emi,5887,PERSON_00254,emi
TXN_001468,2023-12-24,ACCT_00118,PERSON_00118,transfer,79077,PERSON_00291,transfer
TXN_001469,2022-12-09,ACCT_00119,PERSON_00119,supplier,7845,PERSON_00328,supplier
TXN_001470,2024-06-25,ACCT_00120,PERSON_00120,fuel,4263,PERSON_00365,fuel
TXN_001471,2022-02-22,ACCT_00121,PERSON_00121,rent,19599,PERSON_00402,rent
TXN_001472,2025-03-04,ACCT_00122,PERSON_00122,grocery,6275,PERSON_00439,grocery
TXN_001473,2026-01-17,ACCT_00123,PERSON_00123,upi,192613,PERSON_00026,upi
TXN_001474,2024-09-14,ACCT_00124,PERSON_00124,grocery,4707,PERSON_00063,grocery
TXN_001475,2022-12-20,ACCT_00125,PERSON_00125,upi,3550,PERSON_00100,upi
TXN_001476,2025-06-16,ACCT_00126,PERSON_00126,rent,17415,PERSON_00137,rent
TXN_001477,2026-06-14,ACCT_00127,PERSON_00127,transfer,164411,PERSON_00174,transfer
TXN_001478,2024-10-12,ACCT_00128,PERSON_00128,rent,15998,PERSON_00211,rent
TXN_001479,2022-12-15,ACCT_00129,PERSON_00129,cash_deposit,75017,PERSON_00248,cash deposit
TXN_001480,2026-01-28,ACCT_00130,PERSON_00130,supplier,27766,PERSON_00285,supplier
TXN_001481,2025-08-09,ACCT_00131,PERSON_00131,upi,302,PERSON_00322,upi
TXN_001482,2022-12-04,ACCT_00132,PERSON_00132,salary,41928,PERSON_00359,salary
TXN_001483,2023-04-30,ACCT_00133,PERSON_00133,customer,37285,PERSON_00396,customer
TXN_001484,2024-12-28,ACCT_00134,PERSON_00134,grocery,1983,PERSON_00433,grocery
TXN_001485,2025-01-06,ACCT_00135,PERSON_00135,grocery,958,PERSON_00020,grocery
TXN_001486,2024-04-24,ACCT_00136,PERSON_00136,upi,351,PERSON_00057,upi
TXN_001487,2023-03-02,ACCT_00137,PERSON_00137,emi,3930,PERSON_00094,emi
TXN_001488,2021-09-20,ACCT_00138,PERSON_00138,cash_deposit,105524,PERSON_00131,cash deposit
TXN_001489,2023-11-29,ACCT_00139,PERSON_00139,grocery,1647,PERSON_00168,grocery
TXN_001490,2026-06-18,ACCT_00140,PERSON_00140,transfer,41870,PERSON_00205,transfer
TXN_001491,2025-05-24,ACCT_00141,PERSON_00141,fuel,5770,PERSON_00242,fuel
TXN_001492,2024-01-12,ACCT_00142,PERSON_00142,cash_deposit,38073,PERSON_00279,cash deposit
TXN_001493,2022-06-27,ACCT_00143,PERSON_00143,emi,16013,PERSON_00316,emi
TXN_001494,2023-02-07,ACCT_00144,PERSON_00144,cash_deposit,236102,PERSON_00353,cash deposit
TXN_001495,2025-07-12,ACCT_00145,PERSON_00145,upi,2638,PERSON_00390,upi
TXN_001496,2021-10-21,ACCT_00146,PERSON_00146,upi,3136,PERSON_00427,upi
TXN_001497,2021-07-07,ACCT_00147,PERSON_00147,salary,39813,PERSON_00014,salary
TXN_001498,2022-01-25,ACCT_00148,PERSON_00148,transfer,146860,PERSON_00051,transfer
TXN_001499,2023-04-10,ACCT_00149,PERSON_00149,grocery,4412,PERSON_00088,grocery
TXN_001500,2022-09-18,ACCT_00150,PERSON_00150,grocery,1818,PERSON_00125,grocery
TXN_001501,2025-03-05,ACCT_00151,PERSON_00151,cash_deposit,6880,PERSON_00162,cash deposit
TXN_001502,2023-02-08,ACCT_00152,PERSON_00152,rent,19025,PERSON_00199,rent
TXN_001503,2026-04-06,ACCT_00153,PERSON_00153,upi,85015,PERSON_00236,upi
TXN_001504,2025-02-23,ACCT_00154,PERSON_00154,upi,53064,PERSON_00273,upi
TXN_001505,2026-01-24,ACCT_00155,PERSON_00155,upi,210882,PERSON_00310,upi
TXN_001506,2025-09-13,ACCT_00156,PERSON_00156,transfer,213227,PERSON_00347,transfer
TXN_001507,2023-11-10,ACCT_00157,PERSON_00157,utility,3625,PERSON_00384,utility
TXN_001508,2024-11-07,ACCT_00158,PERSON_00158,upi,6472,PERSON_00421,upi
TXN_001509,2023-01-17,ACCT_00159,PERSON_00159,customer,110822,PERSON_00008,customer
TXN_001510,2025-05-19,ACCT_00160,PERSON_00160,transfer,219274,PERSON_00045,transfer
TXN_001511,2021-10-29,ACCT_00161,PERSON_00161,grocery,6073,PERSON_00082,grocery
TXN_001512,2021-05-31,ACCT_00162,PERSON_00162,upi,91457,PERSON_00119,upi
TXN_001513,2023-05-16,ACCT_00163,PERSON_00163,rent,20576,PERSON_00156,rent
TXN_001514,2022-05-08,ACCT_00164,PERSON_00164,fuel,5066,PERSON_00193,fuel
TXN_001515,2023-12-03,ACCT_00165,PERSON_00165,utility,615,PERSON_00230,utility
TXN_001516,2023-10-08,ACCT_00166,PERSON_00166,supplier,8928,PERSON_00267,supplier
TXN_001517,2022-11-18,ACCT_00167,PERSON_00167,customer,63691,PERSON_00304,customer
TXN_001518,2021-10-18,ACCT_00168,PERSON_00168,utility,2995,PERSON_00341,utility
TXN_001519,2021-01-04,ACCT_00169,PERSON_00169,cash_deposit,162169,PERSON_00378,cash deposit
TXN_001520,2024-09-21,ACCT_00170,PERSON_00170,fuel,910,PERSON_00415,fuel
TXN_001521,2025-08-17,ACCT_00171,PERSON_00171,salary,38393,PERSON_00002,salary
TXN_001522,2021-07-23,ACCT_00172,PERSON_00172,supplier,30538,PERSON_00039,supplier
TXN_001523,2022-08-08,ACCT_00173,PERSON_00173,salary,36457,PERSON_00076,salary
TXN_001524,2022-03-04,ACCT_00174,PERSON_00174,grocery,2288,PERSON_00113,grocery
TXN_001525,2023-04-24,ACCT_00175,PERSON_00175,customer,89859,PERSON_00150,customer
TXN_001526,2021-01-25,ACCT_00176,PERSON_00176,upi,3767,PERSON_00187,upi
TXN_001527,2024-05-11,ACCT_00177,PERSON_00177,emi,20685,PERSON_00224,emi
TXN_001528,2026-05-29,ACCT_00178,PERSON_00178,transfer,93733,PERSON_00261,transfer
TXN_001529,2025-09-06,ACCT_00179,PERSON_00179,salary,48062,PERSON_00298,salary
TXN_001530,2022-09-16,ACCT_00180,PERSON_00180,emi,30757,PERSON_00335,emi
TXN_001531,2025-01-19,ACCT_00181,PERSON_00181,supplier,29909,PERSON_00372,supplier
TXN_001532,2022-05-21,ACCT_00182,PERSON_00182,customer,71758,PERSON_00409,customer
TXN_001533,2025-03-05,ACCT_00183,PERSON_00183,rent,18553,PERSON_00446,rent
TXN_001534,2025-03-19,ACCT_00184,PERSON_00184,emi,5908,PERSON_00033,emi
TXN_001535,2022-01-11,ACCT_00185,PERSON_00185,supplier,5143,PERSON_00070,supplier
TXN_001536,2023-05-28,ACCT_00186,PERSON_00186,supplier,29555,PERSON_00107,supplier
TXN_001537,2026-04-03,ACCT_00187,PERSON_00187,supplier,25600,PERSON_00144,supplier
TXN_001538,2024-08-29,ACCT_00188,PERSON_00188,transfer,4688,PERSON_00181,transfer
TXN_001539,2023-03-19,ACCT_00189,PERSON_00189,customer,75038,PERSON_00218,customer
TXN_001540,2021-09-17,ACCT_00190,PERSON_00190,rent,13390,PERSON_00255,rent
TXN_001541,2024-07-05,ACCT_00191,PERSON_00191,upi,102428,PERSON_00292,upi
TXN_001542,2025-10-17,ACCT_00192,PERSON_00192,fuel,2231,PERSON_00329,fuel
TXN_001543,2024-08-18,ACCT_00193,PERSON_00193,transfer,49267,PERSON_00366,transfer
TXN_001544,2021-10-23,ACCT_00194,PERSON_00194,customer,66670,PERSON_00403,customer
TXN_001545,2023-06-29,ACCT_00195,PERSON_00195,cash_deposit,57340,PERSON_00440,cash deposit
TXN_001546,2024-08-19,ACCT_00196,PERSON_00196,supplier,28095,PERSON_00027,supplier
TXN_001547,2022-10-23,ACCT_00197,PERSON_00197,fuel,3246,PERSON_00064,fuel
TXN_001548,2022-04-23,ACCT_00198,PERSON_00198,customer,86965,PERSON_00101,customer
TXN_001549,2023-09-09,ACCT_00199,PERSON_00199,grocery,3317,PERSON_00138,grocery
TXN_001550,2026-03-07,ACCT_00200,PERSON_00200,customer,110518,PERSON_00175,customer
TXN_001551,2025-01-02,ACCT_00201,PERSON_00201,salary,33715,PERSON_00212,salary
TXN_001552,2025-05-18,ACCT_00202,PERSON_00202,cash_deposit,233277,PERSON_00249,cash deposit
TXN_001553,2023-05-13,ACCT_00203,PERSON_00203,emi,9759,PERSON_00286,emi
TXN_001554,2024-11-27,ACCT_00204,PERSON_00204,salary,59169,PERSON_00323,salary
TXN_001555,2026-01-27,ACCT_00205,PERSON_00205,fuel,5284,PERSON_00360,fuel
TXN_001556,2023-10-08,ACCT_00206,PERSON_00206,transfer,9588,PERSON_00397,transfer
TXN_001557,2024-08-31,ACCT_00207,PERSON_00207,transfer,151093,PERSON_00434,transfer
TXN_001558,2026-06-07,ACCT_00208,PERSON_00208,rent,17753,PERSON_00021,rent
TXN_001559,2022-08-11,ACCT_00209,PERSON_00209,utility,3590,PERSON_00058,utility
TXN_001560,2022-03-04,ACCT_00210,PERSON_00210,customer,22483,PERSON_00095,customer
TXN_001561,2023-04-18,ACCT_00211,PERSON_00211,upi,3072,PERSON_00132,upi
TXN_001562,2023-08-17,ACCT_00212,PERSON_00212,supplier,72239,PERSON_00169,supplier
TXN_001563,2025-03-28,ACCT_00213,PERSON_00213,utility,3453,PERSON_00206,utility
TXN_001564,2022-10-27,ACCT_00214,PERSON_00214,grocery,5734,PERSON_00243,grocery
TXN_001565,2021-01-15,ACCT_00215,PERSON_00215,salary,24444,PERSON_00280,salary
TXN_001566,2021-04-06,ACCT_00216,PERSON_00216,rent,18759,PERSON_00317,rent
TXN_001567,2025-06-23,ACCT_00217,PERSON_00217,grocery,2604,PERSON_00354,grocery
TXN_001568,2024-03-03,ACCT_00218,PERSON_00218,upi,7896,PERSON_00391,upi
TXN_001569,2024-01-14,ACCT_00219,PERSON_00219,rent,17177,PERSON_00428,rent
TXN_001570,2022-05-15,ACCT_00220,PERSON_00220,upi,232871,PERSON_00015,upi
TXN_001571,2024-03-22,ACCT_00221,PERSON_00221,grocery,425,PERSON_00052,grocery
TXN_001572,2024-05-06,ACCT_00222,PERSON_00222,salary,28603,PERSON_00089,salary
TXN_001573,2024-05-17,ACCT_00223,PERSON_00223,rent,16681,PERSON_00126,rent
TXN_001574,2022-10-23,ACCT_00224,PERSON_00224,rent,20518,PERSON_00163,rent
TXN_001575,2024-01-03,ACCT_00225,PERSON_00225,utility,5637,PERSON_00200,utility
TXN_001576,2022-04-19,ACCT_00226,PERSON_00226,salary,34238,PERSON_00237,salary
TXN_001577,2025-01-31,ACCT_00227,PERSON_00227,emi,24521,PERSON_00274,emi
TXN_001578,2025-05-22,ACCT_00228,PERSON_00228,rent,16709,PERSON_00311,rent
TXN_001579,2022-06-12,ACCT_00229,PERSON_00229,transfer,178820,PERSON_00348,transfer
TXN_001580,2022-11-07,ACCT_00230,PERSON_00230,supplier,26872,PERSON_00385,supplier
TXN_001581,2022-11-29,ACCT_00231,PERSON_00231,utility,434,PERSON_00422,utility
TXN_001582,2026-02-24,ACCT_00232,PERSON_00232,upi,2473,PERSON_00009,upi
TXN_001583,2022-04-18,ACCT_00233,PERSON_00233,supplier,32571,PERSON_00046,supplier
TXN_001584,2021-09-26,ACCT_00234,PERSON_00234,transfer,128721,PERSON_00083,transfer
TXN_001585,2026-06-16,ACCT_00235,PERSON_00235,grocery,4004,PERSON_00120,grocery
TXN_001586,2025-06-14,ACCT_00236,PERSON_00236,grocery,1605,PERSON_00157,grocery
TXN_001587,2021-08-21,ACCT_00237,PERSON_00237,grocery,4346,PERSON_00194,grocery
TXN_001588,2022-06-06,ACCT_00238,PERSON_00238,emi,8109,PERSON_00231,emi
TXN_001589,2021-09-01,ACCT_00239,PERSON_00239,supplier,21437,PERSON_00268,supplier
TXN_001590,2023-10-20,ACCT_00240,PERSON_00240,fuel,5779,PERSON_00305,fuel
TXN_001591,2024-04-02,ACCT_00241,PERSON_00241,upi,235940,PERSON_00342,upi
TXN_001592,2023-06-15,ACCT_00242,PERSON_00242,supplier,17864,PERSON_00379,supplier
TXN_001593,2024-01-04,ACCT_00243,PERSON_00243,cash_deposit,31721,PERSON_00416,cash deposit
TXN_001594,2024-10-08,ACCT_00244,PERSON_00244,emi,10014,PERSON_00003,emi
TXN_001595,2026-04-20,ACCT_00245,PERSON_00245,rent,13661,PERSON_00040,rent
TXN_001596,2022-04-20,ACCT_00246,PERSON_00246,cash_deposit,120484,PERSON_00077,cash deposit
TXN_001597,2023-04-24,ACCT_00247,PERSON_00247,emi,3334,PERSON_00114,emi
TXN_001598,2026-06-23,ACCT_00248,PERSON_00248,utility,3432,PERSON_00151,utility
TXN_001599,2025-12-08,ACCT_00249,PERSON_00249,salary,44739,PERSON_00188,salary
TXN_001600,2022-03-15,ACCT_00250,PERSON_00250,upi,197646,PERSON_00225,upi
TXN_001601,2024-08-13,ACCT_00251,PERSON_00251,upi,4873,PERSON_00262,upi
TXN_001602,2026-02-27,ACCT_00252,PERSON_00252,upi,5743,PERSON_00299,upi
TXN_001603,2022-05-21,ACCT_00253,PERSON_00253,emi,10821,PERSON_00336,emi
TXN_001604,2025-08-02,ACCT_00254,PERSON_00254,salary,55437,PERSON_00373,salary
TXN_001605,2022-08-15,ACCT_00255,PERSON_00255,fuel,3513,PERSON_00410,fuel
TXN_001606,2024-04-28,ACCT_00256,PERSON_00256,salary,39928,PERSON_00447,salary
TXN_001607,2021-11-07,ACCT_00257,PERSON_00257,emi,31144,PERSON_00034,emi
TXN_001608,2023-05-17,ACCT_00258,PERSON_00258,supplier,71322,PERSON_00071,supplier
TXN_001609,2023-05-24,ACCT_00259,PERSON_00259,salary,74196,PERSON_00108,salary
TXN_001610,2023-01-09,ACCT_00260,PERSON_00260,cash_deposit,22949,PERSON_00145,cash deposit
TXN_001611,2024-12-18,ACCT_00261,PERSON_00261,rent,13506,PERSON_00182,rent
TXN_001612,2021-03-29,ACCT_00262,PERSON_00262,upi,54114,PERSON_00219,upi
TXN_001613,2025-09-24,ACCT_00263,PERSON_00263,customer,73089,PERSON_00256,customer
TXN_001614,2026-02-10,ACCT_00264,PERSON_00264,customer,27289,PERSON_00293,customer
TXN_001615,2026-03-16,ACCT_00265,PERSON_00265,fuel,3112,PERSON_00330,fuel
TXN_001616,2024-01-14,ACCT_00266,PERSON_00266,fuel,1042,PERSON_00367,fuel
TXN_001617,2023-11-13,ACCT_00267,PERSON_00267,customer,57821,PERSON_00404,customer
TXN_001618,2024-04-10,ACCT_00268,PERSON_00268,grocery,3327,PERSON_00441,grocery
TXN_001619,2022-03-04,ACCT_00269,PERSON_00269,transfer,107072,PERSON_00028,transfer
TXN_001620,2024-07-04,ACCT_00270,PERSON_00270,fuel,2135,PERSON_00065,fuel
TXN_001621,2025-02-02,ACCT_00271,PERSON_00271,upi,185114,PERSON_00102,upi
TXN_001622,2025-05-27,ACCT_00272,PERSON_00272,cash_deposit,199148,PERSON_00139,cash deposit
TXN_001623,2022-03-11,ACCT_00273,PERSON_00273,supplier,52984,PERSON_00176,supplier
TXN_001624,2024-02-22,ACCT_00274,PERSON_00274,cash_deposit,41453,PERSON_00213,cash deposit
TXN_001625,2026-05-09,ACCT_00275,PERSON_00275,grocery,532,PERSON_00250,grocery
TXN_001626,2023-11-27,ACCT_00276,PERSON_00276,salary,59681,PERSON_00287,salary
TXN_001627,2026-06-23,ACCT_00277,PERSON_00277,rent,21260,PERSON_00324,rent
TXN_001628,2024-12-04,ACCT_00278,PERSON_00278,emi,32171,PERSON_00361,emi
TXN_001629,2025-08-19,ACCT_00279,PERSON_00279,fuel,3640,PERSON_00398,fuel
TXN_001630,2025-02-26,ACCT_00280,PERSON_00280,fuel,1335,PERSON_00435,fuel
TXN_001631,2022-08-06,ACCT_00281,PERSON_00281,transfer,24910,PERSON_00022,transfer
TXN_001632,2025-07-30,ACCT_00282,PERSON_00282,emi,34669,PERSON_00059,emi
TXN_001633,2024-12-03,ACCT_00283,PERSON_00283,upi,717,PERSON_00096,upi
TXN_001634,2023-06-24,ACCT_00284,PERSON_00284,transfer,14346,PERSON_00133,transfer
TXN_001635,2021-01-20,ACCT_00285,PERSON_00285,emi,8591,PERSON_00170,emi
TXN_001636,2021-09-12,ACCT_00286,PERSON_00286,rent,17684,PERSON_00207,rent
TXN_001637,2021-10-22,ACCT_00287,PERSON_00287,fuel,2309,PERSON_00244,fuel
TXN_001638,2021-01-08,ACCT_00288,PERSON_00288,rent,13090,PERSON_00281,rent
TXN_001639,2024-04-09,ACCT_00289,PERSON_00289,utility,4114,PERSON_00318,utility
TXN_001640,2022-10-05,ACCT_00290,PERSON_00290,utility,2709,PERSON_00355,utility
TXN_001641,2026-06-02,ACCT_00291,PERSON_00291,fuel,2972,PERSON_00392,fuel
TXN_001642,2025-03-15,ACCT_00292,PERSON_00292,upi,201863,PERSON_00429,upi
TXN_001643,2021-03-01,ACCT_00293,PERSON_00293,cash_deposit,172574,PERSON_00016,cash deposit
TXN_001644,2025-05-07,ACCT_00294,PERSON_00294,upi,9920,PERSON_00053,upi
TXN_001645,2025-04-16,ACCT_00295,PERSON_00295,grocery,2745,PERSON_00090,grocery
TXN_001646,2023-03-21,ACCT_00296,PERSON_00296,grocery,4168,PERSON_00127,grocery
TXN_001647,2022-02-22,ACCT_00297,PERSON_00297,transfer,225332,PERSON_00164,transfer
TXN_001648,2022-05-22,ACCT_00298,PERSON_00298,salary,64163,PERSON_00201,salary
TXN_001649,2024-06-16,ACCT_00299,PERSON_00299,emi,30267,PERSON_00238,emi
TXN_001650,2021-07-13,ACCT_00300,PERSON_00300,grocery,5980,PERSON_00275,grocery
TXN_001651,2024-12-06,ACCT_00301,PERSON_00301,customer,3073,PERSON_00312,customer
TXN_001652,2022-10-29,ACCT_00302,PERSON_00302,emi,33221,PERSON_00349,emi
TXN_001653,2021-05-29,ACCT_00303,PERSON_00303,upi,8751,PERSON_00386,upi
TXN_001654,2024-09-01,ACCT_00304,PERSON_00304,customer,67434,PERSON_00423,customer
TXN_001655,2021-09-28,ACCT_00305,PERSON_00305,upi,11566,PERSON_00010,upi
TXN_001656,2022-11-07,ACCT_00306,PERSON_00306,salary,27523,PERSON_00047,salary
TXN_001657,2026-01-29,ACCT_00307,PERSON_00307,upi,4892,PERSON_00084,upi
TXN_001658,2021-02-03,ACCT_00308,PERSON_00308,rent,20488,PERSON_00121,rent
TXN_001659,2026-03-11,ACCT_00309,PERSON_00309,transfer,60166,PERSON_00158,transfer
TXN_001660,2021-07-29,ACCT_00310,PERSON_00310,upi,153874,PERSON_00195,upi
TXN_001661,2024-08-12,ACCT_00311,PERSON_00311,upi,10812,PERSON_00232,upi
TXN_001662,2026-03-04,ACCT_00312,PERSON_00312,emi,33955,PERSON_00269,emi
TXN_001663,2025-06-11,ACCT_00313,PERSON_00313,supplier,75291,PERSON_00306,supplier
TXN_001664,2021-03-28,ACCT_00314,PERSON_00314,upi,1851,PERSON_00343,upi
TXN_001665,2026-06-06,ACCT_00315,PERSON_00315,upi,49081,PERSON_00380,upi
TXN_001666,2022-12-01,ACCT_00316,PERSON_00316,customer,8708,PERSON_00417,customer
TXN_001667,2023-01-09,ACCT_00317,PERSON_00317,salary,44931,PERSON_00004,salary
TXN_001668,2022-05-24,ACCT_00318,PERSON_00318,fuel,4724,PERSON_00041,fuel
TXN_001669,2024-10-11,ACCT_00319,PERSON_00319,customer,29074,PERSON_00078,customer
TXN_001670,2025-04-03,ACCT_00320,PERSON_00320,upi,8184,PERSON_00115,upi
TXN_001671,2024-06-12,ACCT_00321,PERSON_00321,salary,35095,PERSON_00152,salary
TXN_001672,2025-07-25,ACCT_00322,PERSON_00322,rent,17872,PERSON_00189,rent
TXN_001673,2022-02-12,ACCT_00323,PERSON_00323,grocery,2157,PERSON_00226,grocery
TXN_001674,2022-06-14,ACCT_00324,PERSON_00324,fuel,1517,PERSON_00263,fuel
TXN_001675,2025-08-04,ACCT_00325,PERSON_00325,salary,27641,PERSON_00300,salary
TXN_001676,2021-07-09,ACCT_00326,PERSON_00326,rent,8062,PERSON_00337,rent
TXN_001677,2023-03-21,ACCT_00327,PERSON_00327,cash_deposit,104699,PERSON_00374,cash deposit
TXN_001678,2026-04-24,ACCT_00328,PERSON_00328,rent,12054,PERSON_00411,rent
TXN_001679,2022-12-08,ACCT_00329,PERSON_00329,rent,12076,PERSON_00448,rent
TXN_001680,2022-03-09,ACCT_00330,PERSON_00330,upi,2974,PERSON_00035,upi
TXN_001681,2024-07-19,ACCT_00331,PERSON_00331,transfer,67294,PERSON_00072,transfer
TXN_001682,2024-06-24,ACCT_00332,PERSON_00332,fuel,3884,PERSON_00109,fuel
TXN_001683,2025-03-08,ACCT_00333,PERSON_00333,customer,116214,PERSON_00146,customer
TXN_001684,2021-04-29,ACCT_00334,PERSON_00334,upi,239653,PERSON_00183,upi
TXN_001685,2025-09-20,ACCT_00335,PERSON_00335,customer,18778,PERSON_00220,customer
TXN_001686,2021-07-17,ACCT_00336,PERSON_00336,salary,39896,PERSON_00257,salary
TXN_001687,2026-06-20,ACCT_00337,PERSON_00337,customer,88818,PERSON_00294,customer
TXN_001688,2022-05-19,ACCT_00338,PERSON_00338,fuel,3520,PERSON_00331,fuel
TXN_001689,2024-01-24,ACCT_00339,PERSON_00339,utility,2718,PERSON_00368,utility
TXN_001690,2024-06-23,ACCT_00340,PERSON_00340,cash_deposit,240151,PERSON_00405,cash deposit
TXN_001691,2024-05-19,ACCT_00341,PERSON_00341,rent,18115,PERSON_00442,rent
TXN_001692,2026-01-07,ACCT_00342,PERSON_00342,grocery,469,PERSON_00029,grocery
TXN_001693,2021-09-04,ACCT_00343,PERSON_00343,rent,21340,PERSON_00066,rent
TXN_001694,2021-11-05,ACCT_00344,PERSON_00344,upi,84050,PERSON_00103,upi
TXN_001695,2026-05-03,ACCT_00345,PERSON_00345,fuel,4064,PERSON_00140,fuel
TXN_001696,2025-04-22,ACCT_00346,PERSON_00346,supplier,83706,PERSON_00177,supplier
TXN_001697,2024-11-28,ACCT_00347,PERSON_00347,customer,47386,PERSON_00214,customer
TXN_001698,2026-04-07,ACCT_00348,PERSON_00348,cash_deposit,105792,PERSON_00251,cash deposit
TXN_001699,2026-02-23,ACCT_00349,PERSON_00349,upi,95171,PERSON_00288,upi
TXN_001700,2024-01-31,ACCT_00350,PERSON_00350,grocery,1387,PERSON_00325,grocery
TXN_001701,2022-06-30,ACCT_00351,PERSON_00351,grocery,3427,PERSON_00362,grocery
TXN_001702,2023-12-11,ACCT_00352,PERSON_00352,supplier,14867,PERSON_00399,supplier
TXN_001703,2021-11-15,ACCT_00353,PERSON_00353,fuel,3305,PERSON_00436,fuel
TXN_001704,2022-08-29,ACCT_00354,PERSON_00354,transfer,80073,PERSON_00023,transfer
TXN_001705,2025-08-18,ACCT_00355,PERSON_00355,salary,23023,PERSON_00060,salary
TXN_001706,2021-08-09,ACCT_00356,PERSON_00356,rent,17134,PERSON_00097,rent
TXN_001707,2024-03-12,ACCT_00357,PERSON_00357,upi,1858,PERSON_00134,upi
TXN_001708,2022-10-02,ACCT_00358,PERSON_00358,customer,88458,PERSON_00171,customer
TXN_001709,2022-07-30,ACCT_00359,PERSON_00359,rent,9488,PERSON_00208,rent
TXN_001710,2021-12-09,ACCT_00360,PERSON_00360,supplier,45153,PERSON_00245,supplier
TXN_001711,2026-06-12,ACCT_00361,PERSON_00361,emi,14268,PERSON_00282,emi
TXN_001712,2025-06-13,ACCT_00362,PERSON_00362,cash_deposit,37369,PERSON_00319,cash deposit
TXN_001713,2021-09-05,ACCT_00363,PERSON_00363,transfer,81920,PERSON_00356,transfer
TXN_001714,2023-07-20,ACCT_00364,PERSON_00364,upi,3542,PERSON_00393,upi
TXN_001715,2024-09-19,ACCT_00365,PERSON_00365,rent,7293,PERSON_00430,rent
TXN_001716,2025-06-23,ACCT_00366,PERSON_00366,upi,166977,PERSON_00017,upi
TXN_001717,2021-09-10,ACCT_00367,PERSON_00367,transfer,19341,PERSON_00054,transfer
TXN_001718,2022-08-26,ACCT_00368,PERSON_00368,fuel,4005,PERSON_00091,fuel
TXN_001719,2021-12-01,ACCT_00369,PERSON_00369,upi,3311,PERSON_00128,upi
TXN_001720,2024-05-06,ACCT_00370,PERSON_00370,transfer,83594,PERSON_00165,transfer
TXN_001721,2021-03-10,ACCT_00371,PERSON_00371,supplier,68541,PERSON_00202,supplier
TXN_001722,2025-05-21,ACCT_00372,PERSON_00372,upi,633,PERSON_00239,upi
TXN_001723,2021-09-17,ACCT_00373,PERSON_00373,grocery,383,PERSON_00276,grocery
TXN_001724,2024-10-13,ACCT_00374,PERSON_00374,grocery,3767,PERSON_00313,grocery
TXN_001725,2022-10-11,ACCT_00375,PERSON_00375,salary,71773,PERSON_00350,salary
TXN_001726,2023-05-06,ACCT_00376,PERSON_00376,upi,166374,PERSON_00387,upi
TXN_001727,2023-04-17,ACCT_00377,PERSON_00377,customer,89022,PERSON_00424,customer
TXN_001728,2021-07-21,ACCT_00378,PERSON_00378,upi,11598,PERSON_00011,upi
TXN_001729,2024-11-04,ACCT_00379,PERSON_00379,salary,69304,PERSON_00048,salary
TXN_001730,2025-12-12,ACCT_00380,PERSON_00380,utility,793,PERSON_00085,utility
TXN_001731,2025-06-24,ACCT_00381,PERSON_00381,grocery,4421,PERSON_00122,grocery
TXN_001732,2026-05-30,ACCT_00382,PERSON_00382,grocery,2760,PERSON_00159,grocery
TXN_001733,2026-02-25,ACCT_00383,PERSON_00383,supplier,72555,PERSON_00196,supplier
TXN_001734,2021-06-11,ACCT_00384,PERSON_00384,grocery,6062,PERSON_00233,grocery
TXN_001735,2025-01-27,ACCT_00385,PERSON_00385,customer,96210,PERSON_00270,customer
TXN_001736,2022-02-20,ACCT_00386,PERSON_00386,supplier,6982,PERSON_00307,supplier
TXN_001737,2021-06-26,ACCT_00387,PERSON_00387,supplier,74961,PERSON_00344,supplier
TXN_001738,2023-06-05,ACCT_00388,PERSON_00388,upi,5569,PERSON_00381,upi
TXN_001739,2021-07-07,ACCT_00389,PERSON_00389,customer,98482,PERSON_00418,customer
TXN_001740,2023-03-31,ACCT_00390,PERSON_00390,emi,20738,PERSON_00005,emi
TXN_001741,2021-01-31,ACCT_00391,PERSON_00391,cash_deposit,171585,PERSON_00042,cash deposit
TXN_001742,2025-08-16,ACCT_00392,PERSON_00392,rent,7030,PERSON_00079,rent
TXN_001743,2022-08-18,ACCT_00393,PERSON_00393,upi,245277,PERSON_00116,upi
TXN_001744,2025-08-05,ACCT_00394,PERSON_00394,grocery,2819,PERSON_00153,grocery
TXN_001745,2021-07-02,ACCT_00395,PERSON_00395,fuel,5900,PERSON_00190,fuel
TXN_001746,2023-12-06,ACCT_00396,PERSON_00396,upi,3458,PERSON_00227,upi
TXN_001747,2024-10-10,ACCT_00397,PERSON_00397,upi,11140,PERSON_00264,upi
TXN_001748,2021-02-19,ACCT_00398,PERSON_00398,transfer,165498,PERSON_00301,transfer
TXN_001749,2025-02-27,ACCT_00399,PERSON_00399,salary,66709,PERSON_00338,salary
TXN_001750,2021-08-11,ACCT_00400,PERSON_00400,rent,13800,PERSON_00375,rent
TXN_001751,2023-10-04,ACCT_00401,PERSON_00401,supplier,5200,PERSON_00412,supplier
TXN_001752,2021-02-08,ACCT_00402,PERSON_00402,salary,34326,PERSON_00449,salary
TXN_001753,2024-07-15,ACCT_00403,PERSON_00403,cash_deposit,73468,PERSON_00036,cash deposit
TXN_001754,2022-03-09,ACCT_00404,PERSON_00404,utility,4278,PERSON_00073,utility
TXN_001755,2024-09-02,ACCT_00405,PERSON_00405,customer,101697,PERSON_00110,customer
TXN_001756,2022-08-15,ACCT_00406,PERSON_00406,salary,66067,PERSON_00147,salary
TXN_001757,2024-06-30,ACCT_00407,PERSON_00407,fuel,4775,PERSON_00184,fuel
TXN_001758,2023-12-15,ACCT_00408,PERSON_00408,upi,123248,PERSON_00221,upi
TXN_001759,2021-10-17,ACCT_00409,PERSON_00409,fuel,5433,PERSON_00258,fuel
TXN_001760,2022-01-09,ACCT_00410,PERSON_00410,grocery,6197,PERSON_00295,grocery
TXN_001761,2023-10-05,ACCT_00411,PERSON_00411,grocery,5217,PERSON_00332,grocery
TXN_001762,2023-06-14,ACCT_00412,PERSON_00412,fuel,3523,PERSON_00369,fuel
TXN_001763,2025-11-29,ACCT_00413,PERSON_00413,fuel,2588,PERSON_00406,fuel
TXN_001764,2024-07-31,ACCT_00414,PERSON_00414,supplier,45986,PERSON_00443,supplier
TXN_001765,2021-01-11,ACCT_00415,PERSON_00415,customer,62994,PERSON_00030,customer
TXN_001766,2021-01-16,ACCT_00416,PERSON_00416,transfer,19695,PERSON_00067,transfer
TXN_001767,2023-02-22,ACCT_00417,PERSON_00417,upi,4465,PERSON_00104,upi
TXN_001768,2023-10-06,ACCT_00418,PERSON_00418,emi,33589,PERSON_00141,emi
TXN_001769,2021-06-24,ACCT_00419,PERSON_00419,supplier,21252,PERSON_00178,supplier
TXN_001770,2021-05-03,ACCT_00420,PERSON_00420,fuel,2097,PERSON_00215,fuel
TXN_001771,2022-06-29,ACCT_00421,PERSON_00421,salary,52225,PERSON_00252,salary
TXN_001772,2021-05-30,ACCT_00422,PERSON_00422,transfer,72977,PERSON_00289,transfer
TXN_001773,2024-12-29,ACCT_00423,PERSON_00423,customer,66225,PERSON_00326,customer
TXN_001774,2025-11-07,ACCT_00424,PERSON_00424,salary,62034,PERSON_00363,salary
TXN_001775,2024-10-12,ACCT_00425,PERSON_00425,cash_deposit,139176,PERSON_00400,cash deposit
TXN_001776,2025-09-29,ACCT_00426,PERSON_00426,rent,19098,PERSON_00437,rent
TXN_001777,2023-09-29,ACCT_00427,PERSON_00427,salary,29126,PERSON_00024,salary
TXN_001778,2026-06-03,ACCT_00428,PERSON_00428,customer,90893,PERSON_00061,customer
TXN_001779,2024-05-07,ACCT_00429,PERSON_00429,rent,17846,PERSON_00098,rent
TXN_001780,2025-11-30,ACCT_00430,PERSON_00430,emi,3467,PERSON_00135,emi
TXN_001781,2021-05-06,ACCT_00431,PERSON_00431,grocery,4710,PERSON_00172,grocery
TXN_001782,2023-04-26,ACCT_00432,PERSON_00432,transfer,68658,PERSON_00209,transfer
TXN_001783,2021-05-09,ACCT_00433,PERSON_00433,upi,7730,PERSON_00246,upi
TXN_001784,2022-07-21,ACCT_00434,PERSON_00434,salary,72332,PERSON_00283,salary
TXN_001785,2023-05-28,ACCT_00435,PERSON_00435,salary,46023,PERSON_00320,salary
TXN_001786,2023-07-30,ACCT_00436,PERSON_00436,salary,73930,PERSON_00357,salary
TXN_001787,2022-10-19,ACCT_00437,PERSON_00437,supplier,74765,PERSON_00394,supplier
TXN_001788,2025-07-14,ACCT_00438,PERSON_00438,grocery,650,PERSON_00431,grocery
TXN_001789,2023-08-11,ACCT_00439,PERSON_00439,grocery,6365,PERSON_00018,grocery
TXN_001790,2023-02-19,ACCT_00440,PERSON_00440,fuel,1869,PERSON_00055,fuel
TXN_001791,2023-02-12,ACCT_00441,PERSON_00441,rent,19515,PERSON_00092,rent
TXN_001792,2022-01-19,ACCT_00442,PERSON_00442,rent,20120,PERSON_00129,rent
TXN_001793,2024-07-03,ACCT_00443,PERSON_00443,salary,37075,PERSON_00166,salary
TXN_001794,2026-06-19,ACCT_00444,PERSON_00444,grocery,3605,PERSON_00203,grocery
TXN_001795,2022-09-28,ACCT_00445,PERSON_00445,transfer,78241,PERSON_00240,transfer
TXN_001796,2025-11-26,ACCT_00446,PERSON_00446,rent,20240,PERSON_00277,rent
TXN_001797,2023-12-04,ACCT_00447,PERSON_00447,fuel,2331,PERSON_00314,fuel
TXN_001798,2021-11-16,ACCT_00448,PERSON_00448,customer,58609,PERSON_00351,customer
TXN_001799,2021-07-07,ACCT_00449,PERSON_00449,cash_deposit,34366,PERSON_00388,cash deposit
TXN_001800,2023-12-03,ACCT_00450,PERSON_00450,supplier,71993,PERSON_00425,supplier
TXN_001801,2025-12-02,ACCT_00001,PERSON_00001,transfer,94889,PERSON_00012,transfer
TXN_001802,2023-05-25,ACCT_00002,PERSON_00002,fuel,4908,PERSON_00049,fuel
TXN_001803,2024-06-30,ACCT_00003,PERSON_00003,supplier,53769,PERSON_00086,supplier
TXN_001804,2021-03-21,ACCT_00004,PERSON_00004,emi,22421,PERSON_00123,emi
TXN_001805,2021-12-27,ACCT_00005,PERSON_00005,grocery,2851,PERSON_00160,grocery
TXN_001806,2022-12-10,ACCT_00006,PERSON_00006,grocery,4067,PERSON_00197,grocery
TXN_001807,2023-04-29,ACCT_00007,PERSON_00007,rent,21388,PERSON_00234,rent
TXN_001808,2025-09-14,ACCT_00008,PERSON_00008,emi,18337,PERSON_00271,emi
TXN_001809,2023-09-22,ACCT_00009,PERSON_00009,supplier,83203,PERSON_00308,supplier
TXN_001810,2023-09-24,ACCT_00010,PERSON_00010,upi,200982,PERSON_00345,upi
TXN_001811,2026-06-13,ACCT_00011,PERSON_00011,upi,3024,PERSON_00382,upi
TXN_001812,2025-05-02,ACCT_00012,PERSON_00012,upi,96817,PERSON_00419,upi
TXN_001813,2023-07-22,ACCT_00013,PERSON_00013,rent,19521,PERSON_00006,rent
TXN_001814,2021-05-05,ACCT_00014,PERSON_00014,fuel,3486,PERSON_00043,fuel
TXN_001815,2021-07-05,ACCT_00015,PERSON_00015,transfer,28155,PERSON_00080,transfer
TXN_001816,2026-04-01,ACCT_00016,PERSON_00016,fuel,5675,PERSON_00117,fuel
TXN_001817,2025-07-17,ACCT_00017,PERSON_00017,fuel,5117,PERSON_00154,fuel
TXN_001818,2025-12-15,ACCT_00018,PERSON_00018,fuel,3693,PERSON_00191,fuel
TXN_001819,2022-12-10,ACCT_00019,PERSON_00019,cash_deposit,96286,PERSON_00228,cash deposit
TXN_001820,2021-07-11,ACCT_00020,PERSON_00020,transfer,97427,PERSON_00265,transfer
TXN_001821,2022-11-12,ACCT_00021,PERSON_00021,supplier,44670,PERSON_00302,supplier
TXN_001822,2022-02-05,ACCT_00022,PERSON_00022,upi,178390,PERSON_00339,upi
TXN_001823,2022-10-23,ACCT_00023,PERSON_00023,salary,62232,PERSON_00376,salary
TXN_001824,2024-04-22,ACCT_00024,PERSON_00024,customer,39223,PERSON_00413,customer
TXN_001825,2024-08-29,ACCT_00025,PERSON_00025,salary,22564,PERSON_00450,salary
TXN_001826,2021-07-10,ACCT_00026,PERSON_00026,grocery,5030,PERSON_00037,grocery
TXN_001827,2025-05-12,ACCT_00027,PERSON_00027,grocery,853,PERSON_00074,grocery
TXN_001828,2026-03-13,ACCT_00028,PERSON_00028,utility,2347,PERSON_00111,utility
TXN_001829,2022-03-16,ACCT_00029,PERSON_00029,transfer,42576,PERSON_00148,transfer
TXN_001830,2024-12-10,ACCT_00030,PERSON_00030,fuel,3690,PERSON_00185,fuel
TXN_001831,2023-12-02,ACCT_00031,PERSON_00031,salary,45878,PERSON_00222,salary
TXN_001832,2024-03-02,ACCT_00032,PERSON_00032,salary,58539,PERSON_00259,salary
TXN_001833,2021-07-16,ACCT_00033,PERSON_00033,salary,61915,PERSON_00296,salary
TXN_001834,2023-08-25,ACCT_00034,PERSON_00034,grocery,1272,PERSON_00333,grocery
TXN_001835,2021-12-12,ACCT_00035,PERSON_00035,emi,15965,PERSON_00370,emi
TXN_001836,2021-06-15,ACCT_00036,PERSON_00036,upi,6179,PERSON_00407,upi
TXN_001837,2023-11-05,ACCT_00037,PERSON_00037,grocery,921,PERSON_00444,grocery
TXN_001838,2023-10-31,ACCT_00038,PERSON_00038,salary,51640,PERSON_00031,salary
TXN_001839,2022-08-12,ACCT_00039,PERSON_00039,rent,6794,PERSON_00068,rent
TXN_001840,2021-03-10,ACCT_00040,PERSON_00040,transfer,78158,PERSON_00105,transfer
TXN_001841,2025-01-07,ACCT_00041,PERSON_00041,fuel,1460,PERSON_00142,fuel
TXN_001842,2023-03-19,ACCT_00042,PERSON_00042,cash_deposit,171002,PERSON_00179,cash deposit
TXN_001843,2024-01-12,ACCT_00043,PERSON_00043,fuel,2097,PERSON_00216,fuel
TXN_001844,2024-05-13,ACCT_00044,PERSON_00044,transfer,80689,PERSON_00253,transfer
TXN_001845,2024-10-19,ACCT_00045,PERSON_00045,rent,6121,PERSON_00290,rent
TXN_001846,2021-07-03,ACCT_00046,PERSON_00046,cash_deposit,129371,PERSON_00327,cash deposit
TXN_001847,2025-07-29,ACCT_00047,PERSON_00047,fuel,2935,PERSON_00364,fuel
TXN_001848,2021-12-07,ACCT_00048,PERSON_00048,upi,199867,PERSON_00401,upi
TXN_001849,2023-12-28,ACCT_00049,PERSON_00049,fuel,1399,PERSON_00438,fuel
TXN_001850,2024-11-01,ACCT_00050,PERSON_00050,upi,5505,PERSON_00025,upi
TXN_001851,2024-12-13,ACCT_00051,PERSON_00051,transfer,80351,PERSON_00062,transfer
TXN_001852,2021-12-03,ACCT_00052,PERSON_00052,customer,32678,PERSON_00099,customer
TXN_001853,2023-08-08,ACCT_00053,PERSON_00053,salary,21585,PERSON_00136,salary
TXN_001854,2021-05-11,ACCT_00054,PERSON_00054,customer,56398,PERSON_00173,customer
TXN_001855,2024-10-17,ACCT_00055,PERSON_00055,cash_deposit,71927,PERSON_00210,cash deposit
TXN_001856,2021-10-05,ACCT_00056,PERSON_00056,fuel,2830,PERSON_00247,fuel
TXN_001857,2022-10-23,ACCT_00057,PERSON_00057,salary,54997,PERSON_00284,salary
TXN_001858,2021-09-03,ACCT_00058,PERSON_00058,cash_deposit,25121,PERSON_00321,cash deposit
TXN_001859,2023-09-19,ACCT_00059,PERSON_00059,fuel,4350,PERSON_00358,fuel
TXN_001860,2022-06-16,ACCT_00060,PERSON_00060,fuel,5412,PERSON_00395,fuel
TXN_001861,2023-10-29,ACCT_00061,PERSON_00061,fuel,3153,PERSON_00432,fuel
TXN_001862,2025-08-01,ACCT_00062,PERSON_00062,transfer,38009,PERSON_00019,transfer
TXN_001863,2021-10-10,ACCT_00063,PERSON_00063,cash_deposit,152687,PERSON_00056,cash deposit
TXN_001864,2025-03-30,ACCT_00064,PERSON_00064,salary,72775,PERSON_00093,salary
TXN_001865,2022-06-26,ACCT_00065,PERSON_00065,upi,50018,PERSON_00130,upi
TXN_001866,2023-11-26,ACCT_00066,PERSON_00066,transfer,58724,PERSON_00167,transfer
TXN_001867,2025-02-25,ACCT_00067,PERSON_00067,upi,149183,PERSON_00204,upi
TXN_001868,2024-02-19,ACCT_00068,PERSON_00068,salary,23489,PERSON_00241,salary
TXN_001869,2026-06-22,ACCT_00069,PERSON_00069,emi,17258,PERSON_00278,emi
TXN_001870,2025-12-14,ACCT_00070,PERSON_00070,utility,1900,PERSON_00315,utility
TXN_001871,2022-04-28,ACCT_00071,PERSON_00071,grocery,3992,PERSON_00352,grocery
TXN_001872,2025-02-13,ACCT_00072,PERSON_00072,transfer,230894,PERSON_00389,transfer
TXN_001873,2026-03-27,ACCT_00073,PERSON_00073,supplier,70946,PERSON_00426,supplier
TXN_001874,2024-11-16,ACCT_00074,PERSON_00074,customer,109976,PERSON_00013,customer
TXN_001875,2024-03-28,ACCT_00075,PERSON_00075,salary,25972,PERSON_00050,salary
TXN_001876,2022-05-09,ACCT_00076,PERSON_00076,upi,214239,PERSON_00087,upi
TXN_001877,2025-05-11,ACCT_00077,PERSON_00077,salary,36538,PERSON_00124,salary
TXN_001878,2025-04-10,ACCT_00078,PERSON_00078,upi,7145,PERSON_00161,upi
TXN_001879,2025-02-18,ACCT_00079,PERSON_00079,grocery,3117,PERSON_00198,grocery
TXN_001880,2023-11-13,ACCT_00080,PERSON_00080,grocery,3973,PERSON_00235,grocery
TXN_001881,2023-08-17,ACCT_00081,PERSON_00081,utility,3215,PERSON_00272,utility
TXN_001882,2025-11-02,ACCT_00082,PERSON_00082,rent,16544,PERSON_00309,rent
TXN_001883,2026-03-11,ACCT_00083,PERSON_00083,supplier,39193,PERSON_00346,supplier
TXN_001884,2023-11-24,ACCT_00084,PERSON_00084,customer,29790,PERSON_00383,customer
TXN_001885,2024-12-30,ACCT_00085,PERSON_00085,supplier,55570,PERSON_00420,supplier
TXN_001886,2021-02-09,ACCT_00086,PERSON_00086,transfer,92516,PERSON_00007,transfer
TXN_001887,2025-11-12,ACCT_00087,PERSON_00087,customer,12392,PERSON_00044,customer
TXN_001888,2021-08-30,ACCT_00088,PERSON_00088,upi,89700,PERSON_00081,upi
TXN_001889,2025-03-31,ACCT_00089,PERSON_00089,upi,73084,PERSON_00118,upi
TXN_001890,2023-01-01,ACCT_00090,PERSON_00090,upi,10980,PERSON_00155,upi
TXN_001891,2025-06-21,ACCT_00091,PERSON_00091,upi,1277,PERSON_00192,upi
TXN_001892,2025-01-16,ACCT_00092,PERSON_00092,grocery,4167,PERSON_00229,grocery
TXN_001893,2024-03-16,ACCT_00093,PERSON_00093,grocery,3566,PERSON_00266,grocery
TXN_001894,2023-05-03,ACCT_00094,PERSON_00094,upi,4582,PERSON_00303,upi
TXN_001895,2022-08-13,ACCT_00095,PERSON_00095,utility,4576,PERSON_00340,utility
TXN_001896,2023-04-22,ACCT_00096,PERSON_00096,upi,7125,PERSON_00377,upi
TXN_001897,2024-02-23,ACCT_00097,PERSON_00097,grocery,4977,PERSON_00414,grocery
TXN_001898,2024-11-28,ACCT_00098,PERSON_00098,grocery,5156,PERSON_00001,grocery
TXN_001899,2026-02-18,ACCT_00099,PERSON_00099,emi,33777,PERSON_00038,emi
TXN_001900,2022-10-15,ACCT_00100,PERSON_00100,supplier,68331,PERSON_00075,supplier
TXN_001901,2024-04-11,ACCT_00101,PERSON_00101,upi,223863,PERSON_00112,upi
TXN_001902,2023-04-19,ACCT_00102,PERSON_00102,upi,8930,PERSON_00149,upi
TXN_001903,2022-09-05,ACCT_00103,PERSON_00103,transfer,118872,PERSON_00186,transfer
TXN_001904,2026-02-06,ACCT_00104,PERSON_00104,customer,24842,PERSON_00223,customer
TXN_001905,2022-01-07,ACCT_00105,PERSON_00105,rent,10893,PERSON_00260,rent
TXN_001906,2026-01-09,ACCT_00106,PERSON_00106,grocery,2535,PERSON_00297,grocery
TXN_001907,2024-08-30,ACCT_00107,PERSON_00107,transfer,35439,PERSON_00334,transfer
TXN_001908,2021-10-27,ACCT_00108,PERSON_00108,rent,12260,PERSON_00371,rent
TXN_001909,2026-02-27,ACCT_00109,PERSON_00109,upi,1813,PERSON_00408,upi
TXN_001910,2025-11-12,ACCT_00110,PERSON_00110,supplier,45415,PERSON_00445,supplier
TXN_001911,2024-02-02,ACCT_00111,PERSON_00111,transfer,89045,PERSON_00032,transfer
TXN_001912,2025-05-15,ACCT_00112,PERSON_00112,customer,18744,PERSON_00069,customer
TXN_001913,2024-04-25,ACCT_00113,PERSON_00113,fuel,5077,PERSON_00106,fuel
TXN_001914,2022-05-06,ACCT_00114,PERSON_00114,upi,147133,PERSON_00143,upi
TXN_001915,2023-09-07,ACCT_00115,PERSON_00115,utility,6680,PERSON_00180,utility
TXN_001916,2024-11-28,ACCT_00116,PERSON_00116,salary,56178,PERSON_00217,salary
TXN_001917,2024-06-17,ACCT_00117,PERSON_00117,salary,24931,PERSON_00254,salary
TXN_001918,2021-06-15,ACCT_00118,PERSON_00118,grocery,1521,PERSON_00291,grocery
TXN_001919,2023-11-01,ACCT_00119,PERSON_00119,supplier,54927,PERSON_00328,supplier
TXN_001920,2024-02-11,ACCT_00120,PERSON_00120,grocery,5400,PERSON_00365,grocery
TXN_001921,2023-04-16,ACCT_00121,PERSON_00121,supplier,6583,PERSON_00402,supplier
TXN_001922,2021-11-23,ACCT_00122,PERSON_00122,emi,7612,PERSON_00439,emi
TXN_001923,2023-01-02,ACCT_00123,PERSON_00123,supplier,26459,PERSON_00026,supplier
TXN_001924,2021-01-03,ACCT_00124,PERSON_00124,customer,77189,PERSON_00063,customer
TXN_001925,2025-12-08,ACCT_00125,PERSON_00125,customer,22958,PERSON_00100,customer
TXN_001926,2025-09-26,ACCT_00126,PERSON_00126,rent,17855,PERSON_00137,rent
TXN_001927,2024-03-27,ACCT_00127,PERSON_00127,rent,16098,PERSON_00174,rent
TXN_001928,2025-12-14,ACCT_00128,PERSON_00128,transfer,243676,PERSON_00211,transfer
TXN_001929,2026-04-22,ACCT_00129,PERSON_00129,upi,52868,PERSON_00248,upi
TXN_001930,2024-03-27,ACCT_00130,PERSON_00130,transfer,152506,PERSON_00285,transfer
TXN_001931,2024-09-22,ACCT_00131,PERSON_00131,fuel,5294,PERSON_00322,fuel
TXN_001932,2022-05-23,ACCT_00132,PERSON_00132,utility,1075,PERSON_00359,utility
TXN_001933,2021-05-03,ACCT_00133,PERSON_00133,fuel,2933,PERSON_00396,fuel
TXN_001934,2024-07-14,ACCT_00134,PERSON_00134,customer,48934,PERSON_00433,customer
TXN_001935,2023-10-22,ACCT_00135,PERSON_00135,supplier,42518,PERSON_00020,supplier
TXN_001936,2023-04-19,ACCT_00136,PERSON_00136,grocery,5677,PERSON_00057,grocery
TXN_001937,2024-10-05,ACCT_00137,PERSON_00137,fuel,4945,PERSON_00094,fuel
TXN_001938,2024-10-25,ACCT_00138,PERSON_00138,grocery,6244,PERSON_00131,grocery
TXN_001939,2021-07-04,ACCT_00139,PERSON_00139,grocery,672,PERSON_00168,grocery
TXN_001940,2025-04-13,ACCT_00140,PERSON_00140,upi,7894,PERSON_00205,upi
TXN_001941,2023-10-07,ACCT_00141,PERSON_00141,transfer,170945,PERSON_00242,transfer
TXN_001942,2024-07-27,ACCT_00142,PERSON_00142,emi,20481,PERSON_00279,emi
TXN_001943,2025-01-09,ACCT_00143,PERSON_00143,supplier,82121,PERSON_00316,supplier
TXN_001944,2023-11-10,ACCT_00144,PERSON_00144,rent,12659,PERSON_00353,rent
TXN_001945,2024-04-15,ACCT_00145,PERSON_00145,emi,13747,PERSON_00390,emi
TXN_001946,2024-10-09,ACCT_00146,PERSON_00146,transfer,33778,PERSON_00427,transfer
TXN_001947,2022-05-12,ACCT_00147,PERSON_00147,transfer,219869,PERSON_00014,transfer
TXN_001948,2022-09-11,ACCT_00148,PERSON_00148,upi,75722,PERSON_00051,upi
TXN_001949,2022-04-12,ACCT_00149,PERSON_00149,salary,67806,PERSON_00088,salary
TXN_001950,2023-02-11,ACCT_00150,PERSON_00150,upi,9913,PERSON_00125,upi
TXN_001951,2022-02-13,ACCT_00151,PERSON_00151,customer,70737,PERSON_00162,customer
TXN_001952,2026-01-04,ACCT_00152,PERSON_00152,transfer,89841,PERSON_00199,transfer
TXN_001953,2025-08-01,ACCT_00153,PERSON_00153,salary,36441,PERSON_00236,salary
TXN_001954,2022-01-01,ACCT_00154,PERSON_00154,salary,39611,PERSON_00273,salary
TXN_001955,2021-05-18,ACCT_00155,PERSON_00155,emi,10461,PERSON_00310,emi
TXN_001956,2021-01-10,ACCT_00156,PERSON_00156,cash_deposit,193306,PERSON_00347,cash deposit
TXN_001957,2022-09-28,ACCT_00157,PERSON_00157,customer,110593,PERSON_00384,customer
TXN_001958,2025-10-20,ACCT_00158,PERSON_00158,salary,70087,PERSON_00421,salary
TXN_001959,2023-12-13,ACCT_00159,PERSON_00159,rent,9054,PERSON_00008,rent
TXN_001960,2023-12-03,ACCT_00160,PERSON_00160,grocery,5737,PERSON_00045,grocery
TXN_001961,2022-12-03,ACCT_00161,PERSON_00161,customer,20561,PERSON_00082,customer
TXN_001962,2023-01-01,ACCT_00162,PERSON_00162,grocery,5114,PERSON_00119,grocery
TXN_001963,2025-09-03,ACCT_00163,PERSON_00163,upi,6674,PERSON_00156,upi
TXN_001964,2024-04-24,ACCT_00164,PERSON_00164,customer,69611,PERSON_00193,customer
TXN_001965,2025-01-16,ACCT_00165,PERSON_00165,emi,4267,PERSON_00230,emi
TXN_001966,2021-09-16,ACCT_00166,PERSON_00166,salary,18012,PERSON_00267,salary
TXN_001967,2021-05-16,ACCT_00167,PERSON_00167,customer,56979,PERSON_00304,customer
TXN_001968,2021-12-01,ACCT_00168,PERSON_00168,supplier,27159,PERSON_00341,supplier
TXN_001969,2022-08-12,ACCT_00169,PERSON_00169,supplier,31649,PERSON_00378,supplier
TXN_001970,2023-05-06,ACCT_00170,PERSON_00170,upi,11512,PERSON_00415,upi
TXN_001971,2022-04-16,ACCT_00171,PERSON_00171,emi,9236,PERSON_00002,emi
TXN_001972,2022-12-04,ACCT_00172,PERSON_00172,cash_deposit,40186,PERSON_00039,cash deposit
TXN_001973,2023-10-03,ACCT_00173,PERSON_00173,grocery,6366,PERSON_00076,grocery
TXN_001974,2022-06-26,ACCT_00174,PERSON_00174,supplier,79801,PERSON_00113,supplier
TXN_001975,2026-06-10,ACCT_00175,PERSON_00175,cash_deposit,123004,PERSON_00150,cash deposit
TXN_001976,2026-05-27,ACCT_00176,PERSON_00176,rent,15821,PERSON_00187,rent
TXN_001977,2021-06-12,ACCT_00177,PERSON_00177,fuel,5302,PERSON_00224,fuel
TXN_001978,2021-11-08,ACCT_00178,PERSON_00178,rent,21021,PERSON_00261,rent
TXN_001979,2021-03-31,ACCT_00179,PERSON_00179,fuel,3848,PERSON_00298,fuel
TXN_001980,2022-05-12,ACCT_00180,PERSON_00180,rent,13108,PERSON_00335,rent
TXN_001981,2024-07-31,ACCT_00181,PERSON_00181,customer,81375,PERSON_00372,customer
TXN_001982,2026-01-13,ACCT_00182,PERSON_00182,utility,4874,PERSON_00409,utility
TXN_001983,2023-04-30,ACCT_00183,PERSON_00183,upi,2228,PERSON_00446,upi
TXN_001984,2023-01-18,ACCT_00184,PERSON_00184,cash_deposit,86893,PERSON_00033,cash deposit
TXN_001985,2024-07-23,ACCT_00185,PERSON_00185,upi,8840,PERSON_00070,upi
TXN_001986,2021-09-19,ACCT_00186,PERSON_00186,transfer,72400,PERSON_00107,transfer
TXN_001987,2022-10-03,ACCT_00187,PERSON_00187,cash_deposit,176039,PERSON_00144,cash deposit
TXN_001988,2024-04-23,ACCT_00188,PERSON_00188,grocery,2476,PERSON_00181,grocery
TXN_001989,2024-10-09,ACCT_00189,PERSON_00189,fuel,5367,PERSON_00218,fuel
TXN_001990,2023-08-14,ACCT_00190,PERSON_00190,emi,17540,PERSON_00255,emi
TXN_001991,2021-10-21,ACCT_00191,PERSON_00191,utility,2106,PERSON_00292,utility
TXN_001992,2024-08-23,ACCT_00192,PERSON_00192,transfer,38322,PERSON_00329,transfer
TXN_001993,2022-10-28,ACCT_00193,PERSON_00193,upi,41204,PERSON_00366,upi
TXN_001994,2026-01-01,ACCT_00194,PERSON_00194,upi,241635,PERSON_00403,upi
TXN_001995,2024-06-10,ACCT_00195,PERSON_00195,upi,83555,PERSON_00440,upi
TXN_001996,2025-08-12,ACCT_00196,PERSON_00196,supplier,10628,PERSON_00027,supplier
TXN_001997,2022-12-22,ACCT_00197,PERSON_00197,upi,1044,PERSON_00064,upi
TXN_001998,2022-12-28,ACCT_00198,PERSON_00198,salary,65533,PERSON_00101,salary
TXN_001999,2022-11-09,ACCT_00199,PERSON_00199,supplier,56781,PERSON_00138,supplier
TXN_002000,2026-03-03,ACCT_00200,PERSON_00200,customer,102112,PERSON_00175,customer
TXN_002001,2023-03-12,ACCT_00201,PERSON_00201,salary,32265,PERSON_00212,salary
TXN_002002,2022-07-22,ACCT_00202,PERSON_00202,upi,181192,PERSON_00249,upi
TXN_002003,2024-06-17,ACCT_00203,PERSON_00203,rent,13042,PERSON_00286,rent
TXN_002004,2021-07-26,ACCT_00204,PERSON_00204,utility,5842,PERSON_00323,utility
TXN_002005,2026-06-29,ACCT_00205,PERSON_00205,fuel,2302,PERSON_00360,fuel
TXN_002006,2021-12-26,ACCT_00206,PERSON_00206,cash_deposit,49413,PERSON_00397,cash deposit
TXN_002007,2022-01-06,ACCT_00207,PERSON_00207,upi,127955,PERSON_00434,upi
TXN_002008,2026-04-21,ACCT_00208,PERSON_00208,salary,29106,PERSON_00021,salary
TXN_002009,2024-11-09,ACCT_00209,PERSON_00209,grocery,2392,PERSON_00058,grocery
TXN_002010,2024-05-31,ACCT_00210,PERSON_00210,upi,2841,PERSON_00095,upi
TXN_002011,2022-09-11,ACCT_00211,PERSON_00211,upi,4417,PERSON_00132,upi
TXN_002012,2024-10-24,ACCT_00212,PERSON_00212,rent,10811,PERSON_00169,rent
TXN_002013,2024-07-31,ACCT_00213,PERSON_00213,upi,2979,PERSON_00206,upi
TXN_002014,2021-01-03,ACCT_00214,PERSON_00214,salary,25580,PERSON_00243,salary
TXN_002015,2024-03-28,ACCT_00215,PERSON_00215,customer,1139,PERSON_00280,customer
TXN_002016,2021-06-19,ACCT_00216,PERSON_00216,upi,154228,PERSON_00317,upi
TXN_002017,2021-12-06,ACCT_00217,PERSON_00217,salary,30170,PERSON_00354,salary
TXN_002018,2026-01-25,ACCT_00218,PERSON_00218,fuel,1585,PERSON_00391,fuel
TXN_002019,2023-08-05,ACCT_00219,PERSON_00219,customer,11006,PERSON_00428,customer
TXN_002020,2024-06-30,ACCT_00220,PERSON_00220,salary,65385,PERSON_00015,salary
TXN_002021,2025-11-07,ACCT_00221,PERSON_00221,transfer,89349,PERSON_00052,transfer
TXN_002022,2022-07-07,ACCT_00222,PERSON_00222,transfer,10367,PERSON_00089,transfer
TXN_002023,2025-10-23,ACCT_00223,PERSON_00223,transfer,74699,PERSON_00126,transfer
TXN_002024,2025-08-23,ACCT_00224,PERSON_00224,utility,5725,PERSON_00163,utility
TXN_002025,2022-07-29,ACCT_00225,PERSON_00225,supplier,46456,PERSON_00200,supplier
TXN_002026,2022-12-30,ACCT_00226,PERSON_00226,rent,8523,PERSON_00237,rent
TXN_002027,2026-04-24,ACCT_00227,PERSON_00227,upi,6498,PERSON_00274,upi
TXN_002028,2021-03-16,ACCT_00228,PERSON_00228,transfer,43312,PERSON_00311,transfer
TXN_002029,2022-02-06,ACCT_00229,PERSON_00229,grocery,2566,PERSON_00348,grocery
TXN_002030,2024-11-27,ACCT_00230,PERSON_00230,grocery,5285,PERSON_00385,grocery
TXN_002031,2026-02-10,ACCT_00231,PERSON_00231,utility,649,PERSON_00422,utility
TXN_002032,2022-09-08,ACCT_00232,PERSON_00232,transfer,94701,PERSON_00009,transfer
TXN_002033,2024-07-13,ACCT_00233,PERSON_00233,upi,2697,PERSON_00046,upi
TXN_002034,2022-10-16,ACCT_00234,PERSON_00234,cash_deposit,243637,PERSON_00083,cash deposit
TXN_002035,2025-09-09,ACCT_00235,PERSON_00235,supplier,72783,PERSON_00120,supplier
TXN_002036,2025-09-08,ACCT_00236,PERSON_00236,cash_deposit,93388,PERSON_00157,cash deposit
TXN_002037,2024-08-28,ACCT_00237,PERSON_00237,customer,44691,PERSON_00194,customer
TXN_002038,2022-02-13,ACCT_00238,PERSON_00238,customer,89448,PERSON_00231,customer
TXN_002039,2021-06-10,ACCT_00239,PERSON_00239,rent,7315,PERSON_00268,rent
TXN_002040,2026-06-03,ACCT_00240,PERSON_00240,fuel,3513,PERSON_00305,fuel
TXN_002041,2021-11-28,ACCT_00241,PERSON_00241,upi,34070,PERSON_00342,upi
TXN_002042,2024-03-23,ACCT_00242,PERSON_00242,upi,38817,PERSON_00379,upi
TXN_002043,2024-09-13,ACCT_00243,PERSON_00243,rent,21615,PERSON_00416,rent
TXN_002044,2021-06-19,ACCT_00244,PERSON_00244,upi,49387,PERSON_00003,upi
TXN_002045,2024-04-12,ACCT_00245,PERSON_00245,fuel,4953,PERSON_00040,fuel
TXN_002046,2022-10-17,ACCT_00246,PERSON_00246,upi,6361,PERSON_00077,upi
TXN_002047,2025-09-12,ACCT_00247,PERSON_00247,customer,14894,PERSON_00114,customer
TXN_002048,2022-08-27,ACCT_00248,PERSON_00248,upi,2539,PERSON_00151,upi
TXN_002049,2021-08-27,ACCT_00249,PERSON_00249,grocery,2014,PERSON_00188,grocery
TXN_002050,2025-07-10,ACCT_00250,PERSON_00250,salary,65571,PERSON_00225,salary
TXN_002051,2022-05-05,ACCT_00251,PERSON_00251,customer,32437,PERSON_00262,customer
TXN_002052,2021-02-07,ACCT_00252,PERSON_00252,emi,16868,PERSON_00299,emi
TXN_002053,2021-09-27,ACCT_00253,PERSON_00253,transfer,4448,PERSON_00336,transfer
TXN_002054,2024-09-11,ACCT_00254,PERSON_00254,customer,10468,PERSON_00373,customer
TXN_002055,2026-01-21,ACCT_00255,PERSON_00255,transfer,184502,PERSON_00410,transfer
TXN_002056,2023-01-31,ACCT_00256,PERSON_00256,upi,44573,PERSON_00447,upi
TXN_002057,2024-04-10,ACCT_00257,PERSON_00257,grocery,4114,PERSON_00034,grocery
TXN_002058,2023-01-22,ACCT_00258,PERSON_00258,customer,4923,PERSON_00071,customer
TXN_002059,2025-06-27,ACCT_00259,PERSON_00259,customer,35185,PERSON_00108,customer
TXN_002060,2022-12-16,ACCT_00260,PERSON_00260,upi,3682,PERSON_00145,upi
TXN_002061,2026-03-26,ACCT_00261,PERSON_00261,upi,6224,PERSON_00182,upi
TXN_002062,2025-07-17,ACCT_00262,PERSON_00262,customer,58952,PERSON_00219,customer
TXN_002063,2023-07-06,ACCT_00263,PERSON_00263,salary,71738,PERSON_00256,salary
TXN_002064,2022-08-15,ACCT_00264,PERSON_00264,emi,21383,PERSON_00293,emi
TXN_002065,2024-12-30,ACCT_00265,PERSON_00265,utility,4562,PERSON_00330,utility
TXN_002066,2021-02-17,ACCT_00266,PERSON_00266,rent,13456,PERSON_00367,rent
TXN_002067,2026-04-15,ACCT_00267,PERSON_00267,utility,1451,PERSON_00404,utility
TXN_002068,2024-05-06,ACCT_00268,PERSON_00268,salary,18670,PERSON_00441,salary
TXN_002069,2022-09-29,ACCT_00269,PERSON_00269,customer,14329,PERSON_00028,customer
TXN_002070,2025-07-29,ACCT_00270,PERSON_00270,upi,7830,PERSON_00065,upi
TXN_002071,2021-05-20,ACCT_00271,PERSON_00271,supplier,74010,PERSON_00102,supplier
TXN_002072,2024-05-29,ACCT_00272,PERSON_00272,upi,246261,PERSON_00139,upi
TXN_002073,2023-09-12,ACCT_00273,PERSON_00273,rent,7329,PERSON_00176,rent
TXN_002074,2024-09-09,ACCT_00274,PERSON_00274,salary,72740,PERSON_00213,salary
TXN_002075,2025-04-01,ACCT_00275,PERSON_00275,fuel,5999,PERSON_00250,fuel
TXN_002076,2024-04-16,ACCT_00276,PERSON_00276,salary,29605,PERSON_00287,salary
TXN_002077,2021-06-20,ACCT_00277,PERSON_00277,salary,46976,PERSON_00324,salary
TXN_002078,2021-12-22,ACCT_00278,PERSON_00278,cash_deposit,29418,PERSON_00361,cash deposit
TXN_002079,2021-03-09,ACCT_00279,PERSON_00279,upi,4934,PERSON_00398,upi
TXN_002080,2021-12-31,ACCT_00280,PERSON_00280,upi,4997,PERSON_00435,upi
TXN_002081,2024-11-25,ACCT_00281,PERSON_00281,salary,21051,PERSON_00022,salary
TXN_002082,2026-06-04,ACCT_00282,PERSON_00282,rent,18153,PERSON_00059,rent
TXN_002083,2025-06-19,ACCT_00283,PERSON_00283,emi,31136,PERSON_00096,emi
TXN_002084,2024-09-19,ACCT_00284,PERSON_00284,transfer,30826,PERSON_00133,transfer
TXN_002085,2023-09-04,ACCT_00285,PERSON_00285,fuel,2976,PERSON_00170,fuel
TXN_002086,2022-02-17,ACCT_00286,PERSON_00286,transfer,200127,PERSON_00207,transfer
TXN_002087,2022-11-08,ACCT_00287,PERSON_00287,customer,113388,PERSON_00244,customer
TXN_002088,2021-03-15,ACCT_00288,PERSON_00288,customer,70271,PERSON_00281,customer
TXN_002089,2021-03-04,ACCT_00289,PERSON_00289,upi,5091,PERSON_00318,upi
TXN_002090,2025-05-06,ACCT_00290,PERSON_00290,salary,45863,PERSON_00355,salary
TXN_002091,2026-01-17,ACCT_00291,PERSON_00291,transfer,203329,PERSON_00392,transfer
TXN_002092,2021-12-27,ACCT_00292,PERSON_00292,fuel,1227,PERSON_00429,fuel
TXN_002093,2021-05-26,ACCT_00293,PERSON_00293,upi,10116,PERSON_00016,upi
TXN_002094,2025-01-25,ACCT_00294,PERSON_00294,utility,5256,PERSON_00053,utility
TXN_002095,2023-08-18,ACCT_00295,PERSON_00295,customer,107877,PERSON_00090,customer
TXN_002096,2021-11-18,ACCT_00296,PERSON_00296,fuel,4015,PERSON_00127,fuel
TXN_002097,2026-05-11,ACCT_00297,PERSON_00297,salary,32557,PERSON_00164,salary
TXN_002098,2023-11-25,ACCT_00298,PERSON_00298,supplier,48652,PERSON_00201,supplier
TXN_002099,2022-08-01,ACCT_00299,PERSON_00299,customer,88336,PERSON_00238,customer
TXN_002100,2023-11-10,ACCT_00300,PERSON_00300,fuel,3732,PERSON_00275,fuel
TXN_002101,2021-12-29,ACCT_00301,PERSON_00301,fuel,1511,PERSON_00312,fuel
TXN_002102,2026-04-26,ACCT_00302,PERSON_00302,utility,3918,PERSON_00349,utility
TXN_002103,2023-03-23,ACCT_00303,PERSON_00303,utility,5079,PERSON_00386,utility
TXN_002104,2026-03-12,ACCT_00304,PERSON_00304,grocery,657,PERSON_00423,grocery
TXN_002105,2025-07-13,ACCT_00305,PERSON_00305,grocery,4023,PERSON_00010,grocery
TXN_002106,2026-01-04,ACCT_00306,PERSON_00306,grocery,1299,PERSON_00047,grocery
TXN_002107,2022-12-14,ACCT_00307,PERSON_00307,salary,23368,PERSON_00084,salary
TXN_002108,2024-09-11,ACCT_00308,PERSON_00308,transfer,76619,PERSON_00121,transfer
TXN_002109,2025-03-20,ACCT_00309,PERSON_00309,grocery,3448,PERSON_00158,grocery
TXN_002110,2022-04-16,ACCT_00310,PERSON_00310,utility,3777,PERSON_00195,utility
TXN_002111,2023-04-25,ACCT_00311,PERSON_00311,fuel,2112,PERSON_00232,fuel
TXN_002112,2026-01-12,ACCT_00312,PERSON_00312,rent,7384,PERSON_00269,rent
TXN_002113,2025-08-19,ACCT_00313,PERSON_00313,grocery,3634,PERSON_00306,grocery
TXN_002114,2025-09-22,ACCT_00314,PERSON_00314,supplier,28109,PERSON_00343,supplier
TXN_002115,2024-06-02,ACCT_00315,PERSON_00315,salary,73547,PERSON_00380,salary
TXN_002116,2024-07-29,ACCT_00316,PERSON_00316,utility,4559,PERSON_00417,utility
TXN_002117,2024-03-07,ACCT_00317,PERSON_00317,transfer,51323,PERSON_00004,transfer
TXN_002118,2023-07-23,ACCT_00318,PERSON_00318,customer,57934,PERSON_00041,customer
TXN_002119,2022-05-01,ACCT_00319,PERSON_00319,upi,9495,PERSON_00078,upi
TXN_002120,2023-07-14,ACCT_00320,PERSON_00320,fuel,2925,PERSON_00115,fuel
TXN_002121,2025-11-19,ACCT_00321,PERSON_00321,salary,24581,PERSON_00152,salary
TXN_002122,2022-07-11,ACCT_00322,PERSON_00322,salary,30591,PERSON_00189,salary
TXN_002123,2024-05-19,ACCT_00323,PERSON_00323,rent,6584,PERSON_00226,rent
TXN_002124,2026-05-03,ACCT_00324,PERSON_00324,grocery,5290,PERSON_00263,grocery
TXN_002125,2025-08-23,ACCT_00325,PERSON_00325,emi,18306,PERSON_00300,emi
TXN_002126,2021-07-29,ACCT_00326,PERSON_00326,customer,3905,PERSON_00337,customer
TXN_002127,2024-08-11,ACCT_00327,PERSON_00327,grocery,1970,PERSON_00374,grocery
TXN_002128,2023-09-25,ACCT_00328,PERSON_00328,cash_deposit,232169,PERSON_00411,cash deposit
TXN_002129,2025-03-29,ACCT_00329,PERSON_00329,emi,32980,PERSON_00448,emi
TXN_002130,2022-02-14,ACCT_00330,PERSON_00330,salary,40033,PERSON_00035,salary
TXN_002131,2025-07-13,ACCT_00331,PERSON_00331,utility,5849,PERSON_00072,utility
TXN_002132,2023-01-30,ACCT_00332,PERSON_00332,upi,2555,PERSON_00109,upi
TXN_002133,2024-05-27,ACCT_00333,PERSON_00333,supplier,20953,PERSON_00146,supplier
TXN_002134,2024-06-17,ACCT_00334,PERSON_00334,transfer,165624,PERSON_00183,transfer
TXN_002135,2021-10-24,ACCT_00335,PERSON_00335,rent,10737,PERSON_00220,rent
TXN_002136,2024-07-13,ACCT_00336,PERSON_00336,salary,69017,PERSON_00257,salary
TXN_002137,2022-06-28,ACCT_00337,PERSON_00337,grocery,5587,PERSON_00294,grocery
TXN_002138,2023-01-25,ACCT_00338,PERSON_00338,grocery,488,PERSON_00331,grocery
TXN_002139,2022-07-18,ACCT_00339,PERSON_00339,upi,8250,PERSON_00368,upi
TXN_002140,2021-08-30,ACCT_00340,PERSON_00340,transfer,147135,PERSON_00405,transfer
TXN_002141,2021-08-06,ACCT_00341,PERSON_00341,rent,10134,PERSON_00442,rent
TXN_002142,2021-04-14,ACCT_00342,PERSON_00342,supplier,48666,PERSON_00029,supplier
TXN_002143,2026-04-26,ACCT_00343,PERSON_00343,salary,19549,PERSON_00066,salary
TXN_002144,2025-10-12,ACCT_00344,PERSON_00344,utility,2981,PERSON_00103,utility
TXN_002145,2022-06-04,ACCT_00345,PERSON_00345,grocery,5600,PERSON_00140,grocery
TXN_002146,2021-02-26,ACCT_00346,PERSON_00346,fuel,1923,PERSON_00177,fuel
TXN_002147,2021-01-21,ACCT_00347,PERSON_00347,customer,73294,PERSON_00214,customer
TXN_002148,2025-02-05,ACCT_00348,PERSON_00348,emi,6885,PERSON_00251,emi
TXN_002149,2023-10-27,ACCT_00349,PERSON_00349,customer,49324,PERSON_00288,customer
TXN_002150,2024-08-11,ACCT_00350,PERSON_00350,rent,9247,PERSON_00325,rent
TXN_002151,2021-04-27,ACCT_00351,PERSON_00351,fuel,3869,PERSON_00362,fuel
TXN_002152,2024-02-29,ACCT_00352,PERSON_00352,salary,64367,PERSON_00399,salary
TXN_002153,2023-11-27,ACCT_00353,PERSON_00353,utility,5087,PERSON_00436,utility
TXN_002154,2022-12-16,ACCT_00354,PERSON_00354,cash_deposit,135035,PERSON_00023,cash deposit
TXN_002155,2021-07-09,ACCT_00355,PERSON_00355,upi,226125,PERSON_00060,upi
TXN_002156,2021-12-10,ACCT_00356,PERSON_00356,upi,7701,PERSON_00097,upi
TXN_002157,2024-10-21,ACCT_00357,PERSON_00357,fuel,5703,PERSON_00134,fuel
TXN_002158,2025-07-27,ACCT_00358,PERSON_00358,grocery,5061,PERSON_00171,grocery
TXN_002159,2021-05-24,ACCT_00359,PERSON_00359,salary,35732,PERSON_00208,salary
TXN_002160,2025-02-05,ACCT_00360,PERSON_00360,upi,151060,PERSON_00245,upi
TXN_002161,2024-04-19,ACCT_00361,PERSON_00361,fuel,5575,PERSON_00282,fuel
TXN_002162,2024-08-01,ACCT_00362,PERSON_00362,salary,55535,PERSON_00319,salary
TXN_002163,2024-03-10,ACCT_00363,PERSON_00363,rent,20894,PERSON_00356,rent
TXN_002164,2021-02-12,ACCT_00364,PERSON_00364,customer,79578,PERSON_00393,customer
TXN_002165,2025-04-10,ACCT_00365,PERSON_00365,cash_deposit,137898,PERSON_00430,cash deposit
TXN_002166,2022-09-02,ACCT_00366,PERSON_00366,upi,161929,PERSON_00017,upi
TXN_002167,2024-09-13,ACCT_00367,PERSON_00367,utility,3241,PERSON_00054,utility
TXN_002168,2021-06-01,ACCT_00368,PERSON_00368,upi,7516,PERSON_00091,upi
TXN_002169,2022-09-20,ACCT_00369,PERSON_00369,supplier,67853,PERSON_00128,supplier
TXN_002170,2023-08-29,ACCT_00370,PERSON_00370,upi,83675,PERSON_00165,upi
TXN_002171,2023-11-15,ACCT_00371,PERSON_00371,emi,32405,PERSON_00202,emi
TXN_002172,2022-02-09,ACCT_00372,PERSON_00372,fuel,4993,PERSON_00239,fuel
TXN_002173,2021-05-18,ACCT_00373,PERSON_00373,fuel,3147,PERSON_00276,fuel
TXN_002174,2024-05-16,ACCT_00374,PERSON_00374,utility,1426,PERSON_00313,utility
TXN_002175,2026-01-13,ACCT_00375,PERSON_00375,upi,6619,PERSON_00350,upi
TXN_002176,2024-12-13,ACCT_00376,PERSON_00376,cash_deposit,186394,PERSON_00387,cash deposit
TXN_002177,2022-07-30,ACCT_00377,PERSON_00377,upi,45710,PERSON_00424,upi
TXN_002178,2024-09-18,ACCT_00378,PERSON_00378,upi,10483,PERSON_00011,upi
TXN_002179,2025-11-26,ACCT_00379,PERSON_00379,grocery,1054,PERSON_00048,grocery
TXN_002180,2026-06-11,ACCT_00380,PERSON_00380,upi,166741,PERSON_00085,upi
TXN_002181,2022-05-29,ACCT_00381,PERSON_00381,cash_deposit,163743,PERSON_00122,cash deposit
TXN_002182,2022-04-23,ACCT_00382,PERSON_00382,customer,103283,PERSON_00159,customer
TXN_002183,2023-12-04,ACCT_00383,PERSON_00383,utility,4602,PERSON_00196,utility
TXN_002184,2021-01-13,ACCT_00384,PERSON_00384,supplier,6372,PERSON_00233,supplier
TXN_002185,2024-01-26,ACCT_00385,PERSON_00385,rent,15545,PERSON_00270,rent
TXN_002186,2022-05-26,ACCT_00386,PERSON_00386,salary,47394,PERSON_00307,salary
TXN_002187,2025-05-19,ACCT_00387,PERSON_00387,customer,16480,PERSON_00344,customer
TXN_002188,2023-10-17,ACCT_00388,PERSON_00388,fuel,1430,PERSON_00381,fuel
TXN_002189,2022-04-30,ACCT_00389,PERSON_00389,upi,175492,PERSON_00418,upi
TXN_002190,2025-01-20,ACCT_00390,PERSON_00390,utility,5750,PERSON_00005,utility
TXN_002191,2026-06-04,ACCT_00391,PERSON_00391,fuel,2164,PERSON_00042,fuel
TXN_002192,2022-08-16,ACCT_00392,PERSON_00392,cash_deposit,101056,PERSON_00079,cash deposit
TXN_002193,2024-10-06,ACCT_00393,PERSON_00393,supplier,72226,PERSON_00116,supplier
TXN_002194,2023-09-25,ACCT_00394,PERSON_00394,upi,189444,PERSON_00153,upi
TXN_002195,2022-12-10,ACCT_00395,PERSON_00395,supplier,65690,PERSON_00190,supplier
TXN_002196,2023-12-03,ACCT_00396,PERSON_00396,upi,10995,PERSON_00227,upi
TXN_002197,2025-10-29,ACCT_00397,PERSON_00397,rent,7483,PERSON_00264,rent
TXN_002198,2025-09-30,ACCT_00398,PERSON_00398,upi,89459,PERSON_00301,upi
TXN_002199,2024-03-23,ACCT_00399,PERSON_00399,upi,8233,PERSON_00338,upi
TXN_002200,2024-12-15,ACCT_00400,PERSON_00400,utility,4673,PERSON_00375,utility
TXN_002201,2025-11-21,ACCT_00401,PERSON_00401,grocery,6447,PERSON_00412,grocery
TXN_002202,2022-05-05,ACCT_00402,PERSON_00402,supplier,77981,PERSON_00449,supplier
TXN_002203,2023-12-21,ACCT_00403,PERSON_00403,grocery,1856,PERSON_00036,grocery
TXN_002204,2024-12-29,ACCT_00404,PERSON_00404,cash_deposit,8542,PERSON_00073,cash deposit
TXN_002205,2023-10-16,ACCT_00405,PERSON_00405,fuel,1306,PERSON_00110,fuel
TXN_002206,2026-06-15,ACCT_00406,PERSON_00406,rent,18166,PERSON_00147,rent
TXN_002207,2026-04-14,ACCT_00407,PERSON_00407,grocery,5140,PERSON_00184,grocery
TXN_002208,2022-07-02,ACCT_00408,PERSON_00408,upi,107018,PERSON_00221,upi
TXN_002209,2021-08-02,ACCT_00409,PERSON_00409,fuel,2815,PERSON_00258,fuel
TXN_002210,2023-06-04,ACCT_00410,PERSON_00410,salary,54561,PERSON_00295,salary
TXN_002211,2026-03-22,ACCT_00411,PERSON_00411,grocery,4101,PERSON_00332,grocery
TXN_002212,2022-04-09,ACCT_00412,PERSON_00412,upi,10641,PERSON_00369,upi
TXN_002213,2025-04-01,ACCT_00413,PERSON_00413,utility,6864,PERSON_00406,utility
TXN_002214,2025-03-13,ACCT_00414,PERSON_00414,upi,4469,PERSON_00443,upi
TXN_002215,2026-04-18,ACCT_00415,PERSON_00415,customer,116478,PERSON_00030,customer
TXN_002216,2026-05-18,ACCT_00416,PERSON_00416,fuel,2497,PERSON_00067,fuel
TXN_002217,2022-11-17,ACCT_00417,PERSON_00417,upi,7812,PERSON_00104,upi
TXN_002218,2021-07-12,ACCT_00418,PERSON_00418,cash_deposit,117989,PERSON_00141,cash deposit
TXN_002219,2022-10-09,ACCT_00419,PERSON_00419,salary,29617,PERSON_00178,salary
TXN_002220,2023-07-07,ACCT_00420,PERSON_00420,transfer,155703,PERSON_00215,transfer
TXN_002221,2022-01-31,ACCT_00421,PERSON_00421,fuel,3931,PERSON_00252,fuel
TXN_002222,2025-05-28,ACCT_00422,PERSON_00422,upi,176176,PERSON_00289,upi
TXN_002223,2022-11-07,ACCT_00423,PERSON_00423,transfer,30028,PERSON_00326,transfer
TXN_002224,2021-10-13,ACCT_00424,PERSON_00424,rent,8333,PERSON_00363,rent
TXN_002225,2022-01-10,ACCT_00425,PERSON_00425,grocery,4649,PERSON_00400,grocery
TXN_002226,2021-04-07,ACCT_00426,PERSON_00426,fuel,2738,PERSON_00437,fuel
TXN_002227,2023-04-06,ACCT_00427,PERSON_00427,fuel,2393,PERSON_00024,fuel
TXN_002228,2021-09-04,ACCT_00428,PERSON_00428,rent,16626,PERSON_00061,rent
TXN_002229,2025-01-25,ACCT_00429,PERSON_00429,upi,101194,PERSON_00098,upi
TXN_002230,2022-12-04,ACCT_00430,PERSON_00430,upi,207113,PERSON_00135,upi
TXN_002231,2024-02-22,ACCT_00431,PERSON_00431,fuel,5585,PERSON_00172,fuel
TXN_002232,2025-03-06,ACCT_00432,PERSON_00432,transfer,54147,PERSON_00209,transfer
TXN_002233,2024-09-22,ACCT_00433,PERSON_00433,upi,8611,PERSON_00246,upi
TXN_002234,2021-08-20,ACCT_00434,PERSON_00434,upi,149208,PERSON_00283,upi
TXN_002235,2021-09-04,ACCT_00435,PERSON_00435,grocery,6184,PERSON_00320,grocery
TXN_002236,2023-11-21,ACCT_00436,PERSON_00436,supplier,6318,PERSON_00357,supplier
TXN_002237,2024-09-05,ACCT_00437,PERSON_00437,fuel,3021,PERSON_00394,fuel
TXN_002238,2023-06-18,ACCT_00438,PERSON_00438,customer,27582,PERSON_00431,customer
TXN_002239,2022-08-21,ACCT_00439,PERSON_00439,upi,50492,PERSON_00018,upi
TXN_002240,2024-01-07,ACCT_00440,PERSON_00440,utility,3981,PERSON_00055,utility
TXN_002241,2024-10-29,ACCT_00441,PERSON_00441,rent,18236,PERSON_00092,rent
TXN_002242,2025-11-29,ACCT_00442,PERSON_00442,utility,999,PERSON_00129,utility
TXN_002243,2023-03-10,ACCT_00443,PERSON_00443,utility,4834,PERSON_00166,utility
TXN_002244,2022-03-10,ACCT_00444,PERSON_00444,upi,9387,PERSON_00203,upi
TXN_002245,2025-01-03,ACCT_00445,PERSON_00445,supplier,39901,PERSON_00240,supplier
TXN_002246,2025-02-20,ACCT_00446,PERSON_00446,transfer,90727,PERSON_00277,transfer
TXN_002247,2026-06-02,ACCT_00447,PERSON_00447,cash_deposit,27734,PERSON_00314,cash deposit
TXN_002248,2026-06-17,ACCT_00448,PERSON_00448,upi,5368,PERSON_00351,upi
TXN_002249,2025-11-06,ACCT_00449,PERSON_00449,rent,19938,PERSON_00388,rent
TXN_002250,2025-04-03,ACCT_00450,PERSON_00450,rent,8934,PERSON_00425,rent
TXN_002251,2024-09-13,ACCT_00001,PERSON_00001,grocery,3214,PERSON_00012,grocery
TXN_002252,2025-03-28,ACCT_00002,PERSON_00002,customer,83133,PERSON_00049,customer
TXN_002253,2024-05-14,ACCT_00003,PERSON_00003,upi,109338,PERSON_00086,upi
TXN_002254,2023-04-26,ACCT_00004,PERSON_00004,grocery,1992,PERSON_00123,grocery
TXN_002255,2021-06-28,ACCT_00005,PERSON_00005,emi,15153,PERSON_00160,emi
TXN_002256,2022-02-20,ACCT_00006,PERSON_00006,salary,64319,PERSON_00197,salary
TXN_002257,2025-01-24,ACCT_00007,PERSON_00007,supplier,53444,PERSON_00234,supplier
TXN_002258,2021-05-27,ACCT_00008,PERSON_00008,transfer,226944,PERSON_00271,transfer
TXN_002259,2023-01-03,ACCT_00009,PERSON_00009,grocery,4113,PERSON_00308,grocery
TXN_002260,2024-06-23,ACCT_00010,PERSON_00010,upi,152896,PERSON_00345,upi
TXN_002261,2022-12-01,ACCT_00011,PERSON_00011,upi,509,PERSON_00382,upi
TXN_002262,2022-06-28,ACCT_00012,PERSON_00012,rent,17592,PERSON_00419,rent
TXN_002263,2026-02-27,ACCT_00013,PERSON_00013,fuel,5784,PERSON_00006,fuel
TXN_002264,2023-02-13,ACCT_00014,PERSON_00014,cash_deposit,157011,PERSON_00043,cash deposit
TXN_002265,2023-03-26,ACCT_00015,PERSON_00015,upi,9048,PERSON_00080,upi
TXN_002266,2022-03-26,ACCT_00016,PERSON_00016,utility,4045,PERSON_00117,utility
TXN_002267,2024-01-05,ACCT_00017,PERSON_00017,fuel,5975,PERSON_00154,fuel
TXN_002268,2023-08-12,ACCT_00018,PERSON_00018,upi,234644,PERSON_00191,upi
TXN_002269,2023-03-05,ACCT_00019,PERSON_00019,upi,9620,PERSON_00228,upi
TXN_002270,2023-12-08,ACCT_00020,PERSON_00020,utility,1746,PERSON_00265,utility
TXN_002271,2024-06-22,ACCT_00021,PERSON_00021,upi,35474,PERSON_00302,upi
TXN_002272,2023-02-11,ACCT_00022,PERSON_00022,upi,32288,PERSON_00339,upi
TXN_002273,2022-02-25,ACCT_00023,PERSON_00023,upi,247308,PERSON_00376,upi
TXN_002274,2024-04-22,ACCT_00024,PERSON_00024,emi,13784,PERSON_00413,emi
TXN_002275,2024-10-18,ACCT_00025,PERSON_00025,fuel,1789,PERSON_00450,fuel
TXN_002276,2024-08-04,ACCT_00026,PERSON_00026,transfer,80586,PERSON_00037,transfer
TXN_002277,2024-04-02,ACCT_00027,PERSON_00027,grocery,6163,PERSON_00074,grocery
TXN_002278,2024-02-21,ACCT_00028,PERSON_00028,utility,3112,PERSON_00111,utility
TXN_002279,2021-03-01,ACCT_00029,PERSON_00029,rent,16153,PERSON_00148,rent
TXN_002280,2021-12-26,ACCT_00030,PERSON_00030,grocery,1468,PERSON_00185,grocery
TXN_002281,2025-06-23,ACCT_00031,PERSON_00031,transfer,17990,PERSON_00222,transfer
TXN_002282,2026-06-11,ACCT_00032,PERSON_00032,transfer,41776,PERSON_00259,transfer
TXN_002283,2023-12-12,ACCT_00033,PERSON_00033,rent,20373,PERSON_00296,rent
TXN_002284,2022-02-11,ACCT_00034,PERSON_00034,cash_deposit,99380,PERSON_00333,cash deposit
TXN_002285,2022-06-22,ACCT_00035,PERSON_00035,fuel,1909,PERSON_00370,fuel
TXN_002286,2022-11-05,ACCT_00036,PERSON_00036,cash_deposit,93225,PERSON_00407,cash deposit
TXN_002287,2021-10-07,ACCT_00037,PERSON_00037,grocery,6155,PERSON_00444,grocery
TXN_002288,2025-10-13,ACCT_00038,PERSON_00038,customer,57063,PERSON_00031,customer
TXN_002289,2022-03-12,ACCT_00039,PERSON_00039,grocery,2400,PERSON_00068,grocery
TXN_002290,2022-10-24,ACCT_00040,PERSON_00040,upi,10444,PERSON_00105,upi
TXN_002291,2026-06-02,ACCT_00041,PERSON_00041,fuel,2344,PERSON_00142,fuel
TXN_002292,2022-07-05,ACCT_00042,PERSON_00042,upi,7400,PERSON_00179,upi
TXN_002293,2022-10-03,ACCT_00043,PERSON_00043,rent,15778,PERSON_00216,rent
TXN_002294,2026-01-29,ACCT_00044,PERSON_00044,fuel,4114,PERSON_00253,fuel
TXN_002295,2021-02-12,ACCT_00045,PERSON_00045,rent,13917,PERSON_00290,rent
TXN_002296,2025-04-30,ACCT_00046,PERSON_00046,customer,93782,PERSON_00327,customer
TXN_002297,2025-10-30,ACCT_00047,PERSON_00047,grocery,4251,PERSON_00364,grocery
TXN_002298,2026-02-20,ACCT_00048,PERSON_00048,emi,20480,PERSON_00401,emi
TXN_002299,2023-06-08,ACCT_00049,PERSON_00049,transfer,34743,PERSON_00438,transfer
TXN_002300,2022-01-07,ACCT_00050,PERSON_00050,cash_deposit,151395,PERSON_00025,cash deposit
TXN_002301,2023-06-30,ACCT_00051,PERSON_00051,grocery,2827,PERSON_00062,grocery
TXN_002302,2021-06-16,ACCT_00052,PERSON_00052,customer,79128,PERSON_00099,customer
TXN_002303,2024-07-22,ACCT_00053,PERSON_00053,salary,56289,PERSON_00136,salary
TXN_002304,2023-02-06,ACCT_00054,PERSON_00054,customer,109533,PERSON_00173,customer
TXN_002305,2022-09-30,ACCT_00055,PERSON_00055,salary,48948,PERSON_00210,salary
TXN_002306,2024-11-03,ACCT_00056,PERSON_00056,utility,1115,PERSON_00247,utility
TXN_002307,2026-06-17,ACCT_00057,PERSON_00057,fuel,1881,PERSON_00284,fuel
TXN_002308,2021-01-06,ACCT_00058,PERSON_00058,emi,4406,PERSON_00321,emi
TXN_002309,2021-08-20,ACCT_00059,PERSON_00059,grocery,3388,PERSON_00358,grocery
TXN_002310,2021-01-02,ACCT_00060,PERSON_00060,salary,55039,PERSON_00395,salary
TXN_002311,2024-10-30,ACCT_00061,PERSON_00061,upi,222448,PERSON_00432,upi
TXN_002312,2022-04-16,ACCT_00062,PERSON_00062,salary,62070,PERSON_00019,salary
TXN_002313,2022-06-12,ACCT_00063,PERSON_00063,utility,2902,PERSON_00056,utility
TXN_002314,2023-06-29,ACCT_00064,PERSON_00064,utility,1373,PERSON_00093,utility
TXN_002315,2024-11-19,ACCT_00065,PERSON_00065,rent,8690,PERSON_00130,rent
TXN_002316,2021-10-31,ACCT_00066,PERSON_00066,upi,7935,PERSON_00167,upi
TXN_002317,2025-12-09,ACCT_00067,PERSON_00067,upi,145623,PERSON_00204,upi
TXN_002318,2023-08-02,ACCT_00068,PERSON_00068,upi,1880,PERSON_00241,upi
TXN_002319,2021-04-05,ACCT_00069,PERSON_00069,fuel,752,PERSON_00278,fuel
TXN_002320,2022-06-26,ACCT_00070,PERSON_00070,grocery,3063,PERSON_00315,grocery
TXN_002321,2024-02-10,ACCT_00071,PERSON_00071,customer,10343,PERSON_00352,customer
TXN_002322,2021-03-16,ACCT_00072,PERSON_00072,grocery,736,PERSON_00389,grocery
TXN_002323,2023-08-11,ACCT_00073,PERSON_00073,upi,5884,PERSON_00426,upi
TXN_002324,2022-03-02,ACCT_00074,PERSON_00074,upi,39837,PERSON_00013,upi
TXN_002325,2024-07-25,ACCT_00075,PERSON_00075,upi,198656,PERSON_00050,upi
TXN_002326,2025-04-08,ACCT_00076,PERSON_00076,customer,85586,PERSON_00087,customer
TXN_002327,2025-04-01,ACCT_00077,PERSON_00077,upi,10467,PERSON_00124,upi
TXN_002328,2021-06-11,ACCT_00078,PERSON_00078,upi,5214,PERSON_00161,upi
TXN_002329,2023-05-09,ACCT_00079,PERSON_00079,rent,7712,PERSON_00198,rent
TXN_002330,2022-11-27,ACCT_00080,PERSON_00080,salary,64998,PERSON_00235,salary
TXN_002331,2023-03-07,ACCT_00081,PERSON_00081,upi,249048,PERSON_00272,upi
TXN_002332,2025-01-25,ACCT_00082,PERSON_00082,customer,46442,PERSON_00309,customer
TXN_002333,2021-08-26,ACCT_00083,PERSON_00083,customer,89580,PERSON_00346,customer
TXN_002334,2024-07-04,ACCT_00084,PERSON_00084,upi,42783,PERSON_00383,upi
TXN_002335,2024-07-14,ACCT_00085,PERSON_00085,emi,4380,PERSON_00420,emi
TXN_002336,2022-01-08,ACCT_00086,PERSON_00086,upi,158648,PERSON_00007,upi
TXN_002337,2026-02-07,ACCT_00087,PERSON_00087,fuel,5186,PERSON_00044,fuel
TXN_002338,2021-09-13,ACCT_00088,PERSON_00088,transfer,211053,PERSON_00081,transfer
TXN_002339,2023-07-31,ACCT_00089,PERSON_00089,salary,34877,PERSON_00118,salary
TXN_002340,2022-06-14,ACCT_00090,PERSON_00090,emi,20157,PERSON_00155,emi
TXN_002341,2024-12-26,ACCT_00091,PERSON_00091,upi,5111,PERSON_00192,upi
TXN_002342,2025-07-15,ACCT_00092,PERSON_00092,customer,88909,PERSON_00229,customer
TXN_002343,2024-10-28,ACCT_00093,PERSON_00093,grocery,3064,PERSON_00266,grocery
TXN_002344,2021-02-25,ACCT_00094,PERSON_00094,fuel,5567,PERSON_00303,fuel
TXN_002345,2021-01-30,ACCT_00095,PERSON_00095,fuel,2489,PERSON_00340,fuel
TXN_002346,2024-12-21,ACCT_00096,PERSON_00096,utility,5548,PERSON_00377,utility
TXN_002347,2021-01-31,ACCT_00097,PERSON_00097,upi,2259,PERSON_00414,upi
TXN_002348,2024-02-06,ACCT_00098,PERSON_00098,upi,4102,PERSON_00001,upi
TXN_002349,2026-02-09,ACCT_00099,PERSON_00099,emi,30229,PERSON_00038,emi
TXN_002350,2023-10-24,ACCT_00100,PERSON_00100,rent,17099,PERSON_00075,rent
TXN_002351,2026-01-25,ACCT_00101,PERSON_00101,salary,54724,PERSON_00112,salary
TXN_002352,2021-03-13,ACCT_00102,PERSON_00102,rent,20703,PERSON_00149,rent
TXN_002353,2024-10-01,ACCT_00103,PERSON_00103,utility,4375,PERSON_00186,utility
TXN_002354,2021-12-29,ACCT_00104,PERSON_00104,customer,74610,PERSON_00223,customer
TXN_002355,2025-09-09,ACCT_00105,PERSON_00105,emi,23197,PERSON_00260,emi
TXN_002356,2026-01-21,ACCT_00106,PERSON_00106,rent,19487,PERSON_00297,rent
TXN_002357,2023-09-17,ACCT_00107,PERSON_00107,fuel,1956,PERSON_00334,fuel
TXN_002358,2021-05-24,ACCT_00108,PERSON_00108,customer,48019,PERSON_00371,customer
TXN_002359,2023-07-04,ACCT_00109,PERSON_00109,supplier,11977,PERSON_00408,supplier
TXN_002360,2021-01-06,ACCT_00110,PERSON_00110,supplier,68086,PERSON_00445,supplier
TXN_002361,2022-08-03,ACCT_00111,PERSON_00111,upi,9514,PERSON_00032,upi
TXN_002362,2024-05-10,ACCT_00112,PERSON_00112,salary,73507,PERSON_00069,salary
TXN_002363,2025-02-10,ACCT_00113,PERSON_00113,utility,5253,PERSON_00106,utility
TXN_002364,2021-08-24,ACCT_00114,PERSON_00114,salary,64289,PERSON_00143,salary
TXN_002365,2024-03-30,ACCT_00115,PERSON_00115,salary,55475,PERSON_00180,salary
TXN_002366,2022-03-24,ACCT_00116,PERSON_00116,fuel,4644,PERSON_00217,fuel
TXN_002367,2025-08-31,ACCT_00117,PERSON_00117,grocery,3292,PERSON_00254,grocery
TXN_002368,2021-04-24,ACCT_00118,PERSON_00118,upi,178453,PERSON_00291,upi
TXN_002369,2022-06-24,ACCT_00119,PERSON_00119,upi,11980,PERSON_00328,upi
TXN_002370,2025-07-14,ACCT_00120,PERSON_00120,grocery,3609,PERSON_00365,grocery
TXN_002371,2026-03-28,ACCT_00121,PERSON_00121,grocery,2299,PERSON_00402,grocery
TXN_002372,2021-10-30,ACCT_00122,PERSON_00122,salary,56362,PERSON_00439,salary
TXN_002373,2022-11-17,ACCT_00123,PERSON_00123,cash_deposit,43692,PERSON_00026,cash deposit
TXN_002374,2025-03-13,ACCT_00124,PERSON_00124,rent,19429,PERSON_00063,rent
TXN_002375,2022-05-09,ACCT_00125,PERSON_00125,fuel,2069,PERSON_00100,fuel
TXN_002376,2024-02-26,ACCT_00126,PERSON_00126,customer,2054,PERSON_00137,customer
TXN_002377,2021-06-03,ACCT_00127,PERSON_00127,fuel,5588,PERSON_00174,fuel
TXN_002378,2026-03-25,ACCT_00128,PERSON_00128,supplier,17257,PERSON_00211,supplier
TXN_002379,2021-09-21,ACCT_00129,PERSON_00129,supplier,35648,PERSON_00248,supplier
TXN_002380,2021-12-16,ACCT_00130,PERSON_00130,rent,11562,PERSON_00285,rent
TXN_002381,2024-04-11,ACCT_00131,PERSON_00131,rent,8100,PERSON_00322,rent
TXN_002382,2026-01-03,ACCT_00132,PERSON_00132,salary,22698,PERSON_00359,salary
TXN_002383,2021-03-26,ACCT_00133,PERSON_00133,supplier,38651,PERSON_00396,supplier
TXN_002384,2022-07-29,ACCT_00134,PERSON_00134,salary,42277,PERSON_00433,salary
TXN_002385,2024-11-12,ACCT_00135,PERSON_00135,upi,4035,PERSON_00020,upi
TXN_002386,2022-06-12,ACCT_00136,PERSON_00136,fuel,2705,PERSON_00057,fuel
TXN_002387,2021-05-14,ACCT_00137,PERSON_00137,supplier,36896,PERSON_00094,supplier
TXN_002388,2021-09-06,ACCT_00138,PERSON_00138,utility,6785,PERSON_00131,utility
TXN_002389,2022-04-28,ACCT_00139,PERSON_00139,salary,44513,PERSON_00168,salary
TXN_002390,2025-12-04,ACCT_00140,PERSON_00140,grocery,462,PERSON_00205,grocery
TXN_002391,2022-03-11,ACCT_00141,PERSON_00141,rent,16741,PERSON_00242,rent
TXN_002392,2022-07-06,ACCT_00142,PERSON_00142,salary,73321,PERSON_00279,salary
TXN_002393,2023-09-21,ACCT_00143,PERSON_00143,transfer,72444,PERSON_00316,transfer
TXN_002394,2024-12-06,ACCT_00144,PERSON_00144,transfer,179732,PERSON_00353,transfer
TXN_002395,2024-03-04,ACCT_00145,PERSON_00145,utility,1275,PERSON_00390,utility
TXN_002396,2024-12-08,ACCT_00146,PERSON_00146,supplier,19912,PERSON_00427,supplier
TXN_002397,2023-01-24,ACCT_00147,PERSON_00147,grocery,4205,PERSON_00014,grocery
TXN_002398,2023-02-17,ACCT_00148,PERSON_00148,utility,1164,PERSON_00051,utility
TXN_002399,2023-09-07,ACCT_00149,PERSON_00149,fuel,837,PERSON_00088,fuel
TXN_002400,2026-02-14,ACCT_00150,PERSON_00150,grocery,818,PERSON_00125,grocery
TXN_002401,2024-05-30,ACCT_00151,PERSON_00151,upi,6111,PERSON_00162,upi
TXN_002402,2023-02-13,ACCT_00152,PERSON_00152,upi,162448,PERSON_00199,upi
TXN_002403,2026-06-08,ACCT_00153,PERSON_00153,salary,36337,PERSON_00236,salary
TXN_002404,2024-04-06,ACCT_00154,PERSON_00154,supplier,61165,PERSON_00273,supplier
TXN_002405,2024-02-25,ACCT_00155,PERSON_00155,supplier,27063,PERSON_00310,supplier
TXN_002406,2023-10-13,ACCT_00156,PERSON_00156,grocery,2176,PERSON_00347,grocery
TXN_002407,2021-05-02,ACCT_00157,PERSON_00157,cash_deposit,43467,PERSON_00384,cash deposit
TXN_002408,2023-03-22,ACCT_00158,PERSON_00158,customer,12672,PERSON_00421,customer
TXN_002409,2025-03-11,ACCT_00159,PERSON_00159,grocery,1005,PERSON_00008,grocery
TXN_002410,2026-02-17,ACCT_00160,PERSON_00160,emi,21161,PERSON_00045,emi
TXN_002411,2023-07-06,ACCT_00161,PERSON_00161,salary,22577,PERSON_00082,salary
TXN_002412,2023-06-29,ACCT_00162,PERSON_00162,transfer,152546,PERSON_00119,transfer
TXN_002413,2026-04-02,ACCT_00163,PERSON_00163,supplier,60635,PERSON_00156,supplier
TXN_002414,2026-02-09,ACCT_00164,PERSON_00164,fuel,3614,PERSON_00193,fuel
TXN_002415,2021-04-05,ACCT_00165,PERSON_00165,grocery,2920,PERSON_00230,grocery
TXN_002416,2021-01-21,ACCT_00166,PERSON_00166,supplier,81201,PERSON_00267,supplier
TXN_002417,2023-09-14,ACCT_00167,PERSON_00167,supplier,73357,PERSON_00304,supplier
TXN_002418,2023-05-15,ACCT_00168,PERSON_00168,salary,60955,PERSON_00341,salary
TXN_002419,2025-02-03,ACCT_00169,PERSON_00169,grocery,993,PERSON_00378,grocery
TXN_002420,2026-01-22,ACCT_00170,PERSON_00170,grocery,1358,PERSON_00415,grocery
TXN_002421,2026-01-20,ACCT_00171,PERSON_00171,upi,144536,PERSON_00002,upi
TXN_002422,2024-06-04,ACCT_00172,PERSON_00172,transfer,28627,PERSON_00039,transfer
TXN_002423,2024-08-02,ACCT_00173,PERSON_00173,supplier,34541,PERSON_00076,supplier
TXN_002424,2022-06-23,ACCT_00174,PERSON_00174,upi,2678,PERSON_00113,upi
TXN_002425,2022-02-04,ACCT_00175,PERSON_00175,supplier,67339,PERSON_00150,supplier
TXN_002426,2026-03-10,ACCT_00176,PERSON_00176,grocery,2654,PERSON_00187,grocery
TXN_002427,2022-10-11,ACCT_00177,PERSON_00177,upi,8730,PERSON_00224,upi
TXN_002428,2023-05-08,ACCT_00178,PERSON_00178,rent,16823,PERSON_00261,rent
TXN_002429,2024-04-30,ACCT_00179,PERSON_00179,utility,5310,PERSON_00298,utility
TXN_002430,2022-09-19,ACCT_00180,PERSON_00180,emi,10044,PERSON_00335,emi
TXN_002431,2023-05-27,ACCT_00181,PERSON_00181,supplier,60257,PERSON_00372,supplier
TXN_002432,2021-12-22,ACCT_00182,PERSON_00182,upi,179505,PERSON_00409,upi
TXN_002433,2021-03-14,ACCT_00183,PERSON_00183,upi,9515,PERSON_00446,upi
TXN_002434,2022-05-10,ACCT_00184,PERSON_00184,supplier,22343,PERSON_00033,supplier
TXN_002435,2025-08-11,ACCT_00185,PERSON_00185,upi,11630,PERSON_00070,upi
TXN_002436,2026-05-01,ACCT_00186,PERSON_00186,upi,6600,PERSON_00107,upi
TXN_002437,2021-06-14,ACCT_00187,PERSON_00187,upi,6141,PERSON_00144,upi
TXN_002438,2026-03-02,ACCT_00188,PERSON_00188,upi,6891,PERSON_00181,upi
TXN_002439,2022-02-05,ACCT_00189,PERSON_00189,emi,16389,PERSON_00218,emi
TXN_002440,2025-07-11,ACCT_00190,PERSON_00190,utility,3637,PERSON_00255,utility
TXN_002441,2022-02-03,ACCT_00191,PERSON_00191,grocery,4522,PERSON_00292,grocery
TXN_002442,2023-03-24,ACCT_00192,PERSON_00192,emi,20911,PERSON_00329,emi
TXN_002443,2026-01-14,ACCT_00193,PERSON_00193,supplier,28994,PERSON_00366,supplier
TXN_002444,2022-05-30,ACCT_00194,PERSON_00194,upi,58660,PERSON_00403,upi
TXN_002445,2021-08-10,ACCT_00195,PERSON_00195,upi,199465,PERSON_00440,upi
TXN_002446,2025-03-02,ACCT_00196,PERSON_00196,customer,56004,PERSON_00027,customer
TXN_002447,2025-10-10,ACCT_00197,PERSON_00197,rent,17867,PERSON_00064,rent
TXN_002448,2021-01-20,ACCT_00198,PERSON_00198,supplier,34449,PERSON_00101,supplier
TXN_002449,2023-10-12,ACCT_00199,PERSON_00199,upi,1263,PERSON_00138,upi
TXN_002450,2025-12-16,ACCT_00200,PERSON_00200,rent,10839,PERSON_00175,rent
TXN_002451,2023-10-04,ACCT_00201,PERSON_00201,customer,119185,PERSON_00212,customer
TXN_002452,2022-04-02,ACCT_00202,PERSON_00202,salary,40256,PERSON_00249,salary
TXN_002453,2024-09-26,ACCT_00203,PERSON_00203,rent,16464,PERSON_00286,rent
TXN_002454,2026-06-11,ACCT_00204,PERSON_00204,upi,10153,PERSON_00323,upi
TXN_002455,2021-02-27,ACCT_00205,PERSON_00205,rent,12495,PERSON_00360,rent
TXN_002456,2022-02-11,ACCT_00206,PERSON_00206,grocery,494,PERSON_00397,grocery
TXN_002457,2025-08-06,ACCT_00207,PERSON_00207,supplier,22388,PERSON_00434,supplier
TXN_002458,2024-06-04,ACCT_00208,PERSON_00208,upi,8262,PERSON_00021,upi
TXN_002459,2023-04-15,ACCT_00209,PERSON_00209,fuel,3461,PERSON_00058,fuel
TXN_002460,2025-10-14,ACCT_00210,PERSON_00210,customer,14141,PERSON_00095,customer
TXN_002461,2023-06-14,ACCT_00211,PERSON_00211,upi,1368,PERSON_00132,upi
TXN_002462,2025-09-14,ACCT_00212,PERSON_00212,supplier,33959,PERSON_00169,supplier
TXN_002463,2026-06-28,ACCT_00213,PERSON_00213,transfer,74513,PERSON_00206,transfer
TXN_002464,2024-12-26,ACCT_00214,PERSON_00214,transfer,118467,PERSON_00243,transfer
TXN_002465,2023-11-26,ACCT_00215,PERSON_00215,grocery,444,PERSON_00280,grocery
TXN_002466,2024-10-05,ACCT_00216,PERSON_00216,upi,30138,PERSON_00317,upi
TXN_002467,2022-12-28,ACCT_00217,PERSON_00217,cash_deposit,116602,PERSON_00354,cash deposit
TXN_002468,2021-10-05,ACCT_00218,PERSON_00218,rent,17546,PERSON_00391,rent
TXN_002469,2023-09-12,ACCT_00219,PERSON_00219,grocery,2977,PERSON_00428,grocery
TXN_002470,2026-04-29,ACCT_00220,PERSON_00220,transfer,156974,PERSON_00015,transfer
TXN_002471,2025-07-26,ACCT_00221,PERSON_00221,rent,19836,PERSON_00052,rent
TXN_002472,2025-06-18,ACCT_00222,PERSON_00222,upi,6197,PERSON_00089,upi
TXN_002473,2024-11-13,ACCT_00223,PERSON_00223,upi,9089,PERSON_00126,upi
TXN_002474,2021-07-28,ACCT_00224,PERSON_00224,customer,16104,PERSON_00163,customer
TXN_002475,2025-03-13,ACCT_00225,PERSON_00225,grocery,4707,PERSON_00200,grocery
TXN_002476,2026-03-08,ACCT_00226,PERSON_00226,grocery,909,PERSON_00237,grocery
TXN_002477,2023-07-09,ACCT_00227,PERSON_00227,rent,16430,PERSON_00274,rent
TXN_002478,2025-01-23,ACCT_00228,PERSON_00228,salary,63069,PERSON_00311,salary
TXN_002479,2023-07-19,ACCT_00229,PERSON_00229,fuel,2063,PERSON_00348,fuel
TXN_002480,2023-03-11,ACCT_00230,PERSON_00230,salary,44692,PERSON_00385,salary
TXN_002481,2026-01-31,ACCT_00231,PERSON_00231,upi,40767,PERSON_00422,upi
TXN_002482,2021-03-06,ACCT_00232,PERSON_00232,customer,7996,PERSON_00009,customer
TXN_002483,2024-09-23,ACCT_00233,PERSON_00233,utility,553,PERSON_00046,utility
TXN_002484,2023-09-04,ACCT_00234,PERSON_00234,customer,94370,PERSON_00083,customer
TXN_002485,2022-11-16,ACCT_00235,PERSON_00235,fuel,1380,PERSON_00120,fuel
TXN_002486,2024-09-15,ACCT_00236,PERSON_00236,supplier,26917,PERSON_00157,supplier
TXN_002487,2025-09-19,ACCT_00237,PERSON_00237,supplier,62309,PERSON_00194,supplier
TXN_002488,2023-01-10,ACCT_00238,PERSON_00238,transfer,46696,PERSON_00231,transfer
TXN_002489,2025-06-03,ACCT_00239,PERSON_00239,rent,7119,PERSON_00268,rent
TXN_002490,2022-04-23,ACCT_00240,PERSON_00240,emi,14572,PERSON_00305,emi
TXN_002491,2022-10-01,ACCT_00241,PERSON_00241,upi,44134,PERSON_00342,upi
TXN_002492,2022-12-30,ACCT_00242,PERSON_00242,salary,56650,PERSON_00379,salary
TXN_002493,2025-06-01,ACCT_00243,PERSON_00243,salary,21884,PERSON_00416,salary
TXN_002494,2026-05-09,ACCT_00244,PERSON_00244,cash_deposit,118177,PERSON_00003,cash deposit
TXN_002495,2026-01-20,ACCT_00245,PERSON_00245,fuel,3142,PERSON_00040,fuel
TXN_002496,2025-01-08,ACCT_00246,PERSON_00246,supplier,77047,PERSON_00077,supplier
TXN_002497,2025-09-17,ACCT_00247,PERSON_00247,fuel,1979,PERSON_00114,fuel
TXN_002498,2023-02-06,ACCT_00248,PERSON_00248,upi,8938,PERSON_00151,upi
TXN_002499,2023-04-29,ACCT_00249,PERSON_00249,fuel,2726,PERSON_00188,fuel
TXN_002500,2025-10-05,ACCT_00250,PERSON_00250,supplier,9700,PERSON_00225,supplier
TXN_002501,2023-11-23,ACCT_00251,PERSON_00251,rent,19212,PERSON_00262,rent
TXN_002502,2022-01-19,ACCT_00252,PERSON_00252,salary,34137,PERSON_00299,salary
TXN_002503,2025-07-15,ACCT_00253,PERSON_00253,upi,4326,PERSON_00336,upi
TXN_002504,2023-03-28,ACCT_00254,PERSON_00254,upi,7001,PERSON_00373,upi
TXN_002505,2024-12-17,ACCT_00255,PERSON_00255,emi,21147,PERSON_00410,emi
TXN_002506,2021-07-03,ACCT_00256,PERSON_00256,supplier,41047,PERSON_00447,supplier
TXN_002507,2024-12-22,ACCT_00257,PERSON_00257,customer,105341,PERSON_00034,customer
TXN_002508,2022-10-17,ACCT_00258,PERSON_00258,upi,2294,PERSON_00071,upi
TXN_002509,2024-03-31,ACCT_00259,PERSON_00259,customer,96824,PERSON_00108,customer
TXN_002510,2021-04-09,ACCT_00260,PERSON_00260,fuel,2551,PERSON_00145,fuel
TXN_002511,2023-10-01,ACCT_00261,PERSON_00261,supplier,47949,PERSON_00182,supplier
TXN_002512,2026-06-08,ACCT_00262,PERSON_00262,customer,58128,PERSON_00219,customer
TXN_002513,2026-05-19,ACCT_00263,PERSON_00263,rent,13488,PERSON_00256,rent
TXN_002514,2021-04-26,ACCT_00264,PERSON_00264,emi,33211,PERSON_00293,emi
TXN_002515,2025-04-17,ACCT_00265,PERSON_00265,grocery,2880,PERSON_00330,grocery
TXN_002516,2026-02-15,ACCT_00266,PERSON_00266,salary,70746,PERSON_00367,salary
TXN_002517,2021-07-27,ACCT_00267,PERSON_00267,customer,100545,PERSON_00404,customer
TXN_002518,2022-10-12,ACCT_00268,PERSON_00268,customer,83171,PERSON_00441,customer
TXN_002519,2023-07-17,ACCT_00269,PERSON_00269,utility,6598,PERSON_00028,utility
TXN_002520,2022-07-04,ACCT_00270,PERSON_00270,transfer,22658,PERSON_00065,transfer
TXN_002521,2024-12-09,ACCT_00271,PERSON_00271,salary,61000,PERSON_00102,salary
TXN_002522,2023-02-12,ACCT_00272,PERSON_00272,emi,3977,PERSON_00139,emi
TXN_002523,2021-04-10,ACCT_00273,PERSON_00273,customer,25499,PERSON_00176,customer
TXN_002524,2025-10-01,ACCT_00274,PERSON_00274,grocery,1512,PERSON_00213,grocery
TXN_002525,2025-03-26,ACCT_00275,PERSON_00275,customer,99314,PERSON_00250,customer
TXN_002526,2026-04-29,ACCT_00276,PERSON_00276,utility,456,PERSON_00287,utility
TXN_002527,2021-09-09,ACCT_00277,PERSON_00277,transfer,80972,PERSON_00324,transfer
TXN_002528,2021-02-10,ACCT_00278,PERSON_00278,upi,2636,PERSON_00361,upi
TXN_002529,2023-03-27,ACCT_00279,PERSON_00279,salary,19218,PERSON_00398,salary
TXN_002530,2021-06-11,ACCT_00280,PERSON_00280,cash_deposit,178036,PERSON_00435,cash deposit
TXN_002531,2023-08-04,ACCT_00281,PERSON_00281,utility,4252,PERSON_00022,utility
TXN_002532,2023-09-08,ACCT_00282,PERSON_00282,transfer,48875,PERSON_00059,transfer
TXN_002533,2026-05-18,ACCT_00283,PERSON_00283,utility,4071,PERSON_00096,utility
TXN_002534,2023-12-01,ACCT_00284,PERSON_00284,utility,5854,PERSON_00133,utility
TXN_002535,2022-03-02,ACCT_00285,PERSON_00285,upi,10982,PERSON_00170,upi
TXN_002536,2022-09-14,ACCT_00286,PERSON_00286,fuel,1490,PERSON_00207,fuel
TXN_002537,2021-03-01,ACCT_00287,PERSON_00287,cash_deposit,95770,PERSON_00244,cash deposit
TXN_002538,2023-06-12,ACCT_00288,PERSON_00288,transfer,130982,PERSON_00281,transfer
TXN_002539,2026-03-30,ACCT_00289,PERSON_00289,grocery,2841,PERSON_00318,grocery
TXN_002540,2026-02-12,ACCT_00290,PERSON_00290,fuel,5569,PERSON_00355,fuel
TXN_002541,2025-06-01,ACCT_00291,PERSON_00291,fuel,4861,PERSON_00392,fuel
TXN_002542,2024-05-13,ACCT_00292,PERSON_00292,fuel,2740,PERSON_00429,fuel
TXN_002543,2022-06-08,ACCT_00293,PERSON_00293,fuel,2944,PERSON_00016,fuel
TXN_002544,2024-02-03,ACCT_00294,PERSON_00294,customer,16266,PERSON_00053,customer
TXN_002545,2024-09-06,ACCT_00295,PERSON_00295,customer,62704,PERSON_00090,customer
TXN_002546,2025-11-05,ACCT_00296,PERSON_00296,utility,6290,PERSON_00127,utility
TXN_002547,2023-11-02,ACCT_00297,PERSON_00297,transfer,71587,PERSON_00164,transfer
TXN_002548,2024-01-01,ACCT_00298,PERSON_00298,grocery,4239,PERSON_00201,grocery
TXN_002549,2023-02-12,ACCT_00299,PERSON_00299,salary,25704,PERSON_00238,salary
TXN_002550,2021-11-22,ACCT_00300,PERSON_00300,upi,217321,PERSON_00275,upi
TXN_002551,2024-08-11,ACCT_00301,PERSON_00301,emi,17153,PERSON_00312,emi
TXN_002552,2021-05-27,ACCT_00302,PERSON_00302,grocery,1555,PERSON_00349,grocery
TXN_002553,2025-01-11,ACCT_00303,PERSON_00303,upi,7298,PERSON_00386,upi
TXN_002554,2024-02-04,ACCT_00304,PERSON_00304,customer,52196,PERSON_00423,customer
TXN_002555,2024-03-19,ACCT_00305,PERSON_00305,upi,9837,PERSON_00010,upi
TXN_002556,2022-06-23,ACCT_00306,PERSON_00306,rent,9987,PERSON_00047,rent
TXN_002557,2022-03-09,ACCT_00307,PERSON_00307,salary,27649,PERSON_00084,salary
TXN_002558,2025-01-20,ACCT_00308,PERSON_00308,customer,56980,PERSON_00121,customer
TXN_002559,2024-06-08,ACCT_00309,PERSON_00309,upi,1815,PERSON_00158,upi
TXN_002560,2026-03-02,ACCT_00310,PERSON_00310,salary,35285,PERSON_00195,salary
TXN_002561,2025-06-01,ACCT_00311,PERSON_00311,supplier,61458,PERSON_00232,supplier
TXN_002562,2022-02-28,ACCT_00312,PERSON_00312,rent,9628,PERSON_00269,rent
TXN_002563,2022-06-20,ACCT_00313,PERSON_00313,transfer,52445,PERSON_00306,transfer
TXN_002564,2023-10-17,ACCT_00314,PERSON_00314,upi,8895,PERSON_00343,upi
TXN_002565,2021-08-10,ACCT_00315,PERSON_00315,utility,6081,PERSON_00380,utility
TXN_002566,2022-10-24,ACCT_00316,PERSON_00316,utility,2374,PERSON_00417,utility
TXN_002567,2022-01-05,ACCT_00317,PERSON_00317,emi,19999,PERSON_00004,emi
TXN_002568,2021-02-21,ACCT_00318,PERSON_00318,emi,10195,PERSON_00041,emi
TXN_002569,2023-12-24,ACCT_00319,PERSON_00319,grocery,735,PERSON_00078,grocery
TXN_002570,2021-08-01,ACCT_00320,PERSON_00320,rent,20846,PERSON_00115,rent
TXN_002571,2021-08-26,ACCT_00321,PERSON_00321,grocery,2677,PERSON_00152,grocery
TXN_002572,2025-11-14,ACCT_00322,PERSON_00322,fuel,1046,PERSON_00189,fuel
TXN_002573,2021-01-01,ACCT_00323,PERSON_00323,upi,8607,PERSON_00226,upi
TXN_002574,2021-09-29,ACCT_00324,PERSON_00324,grocery,2752,PERSON_00263,grocery
TXN_002575,2025-01-06,ACCT_00325,PERSON_00325,supplier,35347,PERSON_00300,supplier
TXN_002576,2022-12-14,ACCT_00326,PERSON_00326,rent,8052,PERSON_00337,rent
TXN_002577,2025-03-28,ACCT_00327,PERSON_00327,utility,2582,PERSON_00374,utility
TXN_002578,2023-04-08,ACCT_00328,PERSON_00328,grocery,4883,PERSON_00411,grocery
TXN_002579,2021-07-26,ACCT_00329,PERSON_00329,emi,18044,PERSON_00448,emi
TXN_002580,2022-03-16,ACCT_00330,PERSON_00330,rent,18542,PERSON_00035,rent
TXN_002581,2024-08-19,ACCT_00331,PERSON_00331,supplier,38174,PERSON_00072,supplier
TXN_002582,2022-07-05,ACCT_00332,PERSON_00332,fuel,5467,PERSON_00109,fuel
TXN_002583,2023-12-10,ACCT_00333,PERSON_00333,salary,37188,PERSON_00146,salary
TXN_002584,2025-10-09,ACCT_00334,PERSON_00334,upi,64911,PERSON_00183,upi
TXN_002585,2021-06-15,ACCT_00335,PERSON_00335,supplier,67650,PERSON_00220,supplier
TXN_002586,2023-09-03,ACCT_00336,PERSON_00336,salary,45026,PERSON_00257,salary
TXN_002587,2024-08-10,ACCT_00337,PERSON_00337,upi,3339,PERSON_00294,upi
TXN_002588,2023-05-31,ACCT_00338,PERSON_00338,transfer,157515,PERSON_00331,transfer
TXN_002589,2025-02-04,ACCT_00339,PERSON_00339,customer,113432,PERSON_00368,customer
TXN_002590,2025-01-17,ACCT_00340,PERSON_00340,rent,12608,PERSON_00405,rent
TXN_002591,2021-11-03,ACCT_00341,PERSON_00341,customer,30539,PERSON_00442,customer
TXN_002592,2024-09-26,ACCT_00342,PERSON_00342,grocery,3113,PERSON_00029,grocery
TXN_002593,2022-08-28,ACCT_00343,PERSON_00343,upi,423,PERSON_00066,upi
TXN_002594,2025-03-08,ACCT_00344,PERSON_00344,upi,181857,PERSON_00103,upi
TXN_002595,2021-06-22,ACCT_00345,PERSON_00345,cash_deposit,154317,PERSON_00140,cash deposit
TXN_002596,2023-06-29,ACCT_00346,PERSON_00346,transfer,16729,PERSON_00177,transfer
TXN_002597,2025-01-15,ACCT_00347,PERSON_00347,upi,4088,PERSON_00214,upi
TXN_002598,2023-06-01,ACCT_00348,PERSON_00348,customer,6913,PERSON_00251,customer
TXN_002599,2023-04-29,ACCT_00349,PERSON_00349,salary,43706,PERSON_00288,salary
TXN_002600,2021-09-05,ACCT_00350,PERSON_00350,transfer,146145,PERSON_00325,transfer
TXN_002601,2025-05-14,ACCT_00351,PERSON_00351,upi,1926,PERSON_00362,upi
TXN_002602,2026-02-21,ACCT_00352,PERSON_00352,cash_deposit,162865,PERSON_00399,cash deposit
TXN_002603,2024-09-25,ACCT_00353,PERSON_00353,emi,10499,PERSON_00436,emi
TXN_002604,2024-08-13,ACCT_00354,PERSON_00354,cash_deposit,163340,PERSON_00023,cash deposit
TXN_002605,2021-12-11,ACCT_00355,PERSON_00355,upi,88871,PERSON_00060,upi
TXN_002606,2023-02-07,ACCT_00356,PERSON_00356,transfer,75886,PERSON_00097,transfer
TXN_002607,2024-11-30,ACCT_00357,PERSON_00357,fuel,2762,PERSON_00134,fuel
TXN_002608,2022-08-25,ACCT_00358,PERSON_00358,supplier,79137,PERSON_00171,supplier
TXN_002609,2024-06-12,ACCT_00359,PERSON_00359,utility,6018,PERSON_00208,utility
TXN_002610,2022-12-08,ACCT_00360,PERSON_00360,grocery,6235,PERSON_00245,grocery
TXN_002611,2021-01-15,ACCT_00361,PERSON_00361,salary,18114,PERSON_00282,salary
TXN_002612,2023-12-15,ACCT_00362,PERSON_00362,salary,35874,PERSON_00319,salary
TXN_002613,2025-05-19,ACCT_00363,PERSON_00363,upi,758,PERSON_00356,upi
TXN_002614,2021-12-21,ACCT_00364,PERSON_00364,grocery,1924,PERSON_00393,grocery
TXN_002615,2021-01-02,ACCT_00365,PERSON_00365,grocery,2906,PERSON_00430,grocery
TXN_002616,2021-05-29,ACCT_00366,PERSON_00366,transfer,157862,PERSON_00017,transfer
TXN_002617,2022-03-22,ACCT_00367,PERSON_00367,emi,18358,PERSON_00054,emi
TXN_002618,2023-11-22,ACCT_00368,PERSON_00368,upi,11809,PERSON_00091,upi
TXN_002619,2021-10-22,ACCT_00369,PERSON_00369,grocery,654,PERSON_00128,grocery
TXN_002620,2022-04-19,ACCT_00370,PERSON_00370,rent,9356,PERSON_00165,rent
TXN_002621,2022-05-31,ACCT_00371,PERSON_00371,upi,208000,PERSON_00202,upi
TXN_002622,2024-09-11,ACCT_00372,PERSON_00372,emi,31195,PERSON_00239,emi
TXN_002623,2022-06-25,ACCT_00373,PERSON_00373,rent,8783,PERSON_00276,rent
TXN_002624,2026-02-17,ACCT_00374,PERSON_00374,salary,61260,PERSON_00313,salary
TXN_002625,2026-03-10,ACCT_00375,PERSON_00375,emi,14147,PERSON_00350,emi
TXN_002626,2023-05-01,ACCT_00376,PERSON_00376,cash_deposit,126148,PERSON_00387,cash deposit
TXN_002627,2023-12-05,ACCT_00377,PERSON_00377,upi,228298,PERSON_00424,upi
TXN_002628,2026-01-30,ACCT_00378,PERSON_00378,transfer,89375,PERSON_00011,transfer
TXN_002629,2023-03-10,ACCT_00379,PERSON_00379,rent,17095,PERSON_00048,rent
TXN_002630,2022-05-06,ACCT_00380,PERSON_00380,utility,1329,PERSON_00085,utility
TXN_002631,2021-05-11,ACCT_00381,PERSON_00381,upi,245478,PERSON_00122,upi
TXN_002632,2023-12-26,ACCT_00382,PERSON_00382,cash_deposit,64557,PERSON_00159,cash deposit
TXN_002633,2025-12-03,ACCT_00383,PERSON_00383,fuel,5075,PERSON_00196,fuel
TXN_002634,2025-10-16,ACCT_00384,PERSON_00384,supplier,65962,PERSON_00233,supplier
TXN_002635,2025-07-17,ACCT_00385,PERSON_00385,upi,198662,PERSON_00270,upi
TXN_002636,2024-09-25,ACCT_00386,PERSON_00386,fuel,1270,PERSON_00307,fuel
TXN_002637,2022-04-23,ACCT_00387,PERSON_00387,salary,46043,PERSON_00344,salary
TXN_002638,2025-06-20,ACCT_00388,PERSON_00388,grocery,6167,PERSON_00381,grocery
TXN_002639,2025-11-14,ACCT_00389,PERSON_00389,rent,18253,PERSON_00418,rent
TXN_002640,2022-10-27,ACCT_00390,PERSON_00390,salary,73696,PERSON_00005,salary
TXN_002641,2023-03-09,ACCT_00391,PERSON_00391,transfer,208130,PERSON_00042,transfer
TXN_002642,2025-07-11,ACCT_00392,PERSON_00392,grocery,1377,PERSON_00079,grocery
TXN_002643,2022-12-06,ACCT_00393,PERSON_00393,supplier,41953,PERSON_00116,supplier
TXN_002644,2024-08-06,ACCT_00394,PERSON_00394,rent,8091,PERSON_00153,rent
TXN_002645,2022-04-15,ACCT_00395,PERSON_00395,cash_deposit,183484,PERSON_00190,cash deposit
TXN_002646,2023-10-29,ACCT_00396,PERSON_00396,cash_deposit,61737,PERSON_00227,cash deposit
TXN_002647,2024-06-06,ACCT_00397,PERSON_00397,grocery,2491,PERSON_00264,grocery
TXN_002648,2021-11-25,ACCT_00398,PERSON_00398,upi,92805,PERSON_00301,upi
TXN_002649,2025-11-21,ACCT_00399,PERSON_00399,customer,110534,PERSON_00338,customer
TXN_002650,2023-12-21,ACCT_00400,PERSON_00400,upi,10187,PERSON_00375,upi
TXN_002651,2021-07-20,ACCT_00401,PERSON_00401,transfer,54490,PERSON_00412,transfer
TXN_002652,2023-05-02,ACCT_00402,PERSON_00402,transfer,73784,PERSON_00449,transfer
TXN_002653,2023-09-26,ACCT_00403,PERSON_00403,utility,4932,PERSON_00036,utility
TXN_002654,2024-07-10,ACCT_00404,PERSON_00404,customer,22612,PERSON_00073,customer
TXN_002655,2026-05-20,ACCT_00405,PERSON_00405,upi,56297,PERSON_00110,upi
TXN_002656,2026-03-12,ACCT_00406,PERSON_00406,emi,7508,PERSON_00147,emi
TXN_002657,2023-05-28,ACCT_00407,PERSON_00407,fuel,5052,PERSON_00184,fuel
TXN_002658,2021-05-24,ACCT_00408,PERSON_00408,fuel,1914,PERSON_00221,fuel
TXN_002659,2023-09-01,ACCT_00409,PERSON_00409,upi,152,PERSON_00258,upi
TXN_002660,2021-04-20,ACCT_00410,PERSON_00410,grocery,979,PERSON_00295,grocery
TXN_002661,2023-08-31,ACCT_00411,PERSON_00411,rent,16438,PERSON_00332,rent
TXN_002662,2025-12-05,ACCT_00412,PERSON_00412,utility,6587,PERSON_00369,utility
TXN_002663,2023-09-17,ACCT_00413,PERSON_00413,salary,70125,PERSON_00406,salary
TXN_002664,2023-02-09,ACCT_00414,PERSON_00414,supplier,62511,PERSON_00443,supplier
TXN_002665,2023-12-31,ACCT_00415,PERSON_00415,upi,2736,PERSON_00030,upi
TXN_002666,2023-05-08,ACCT_00416,PERSON_00416,rent,16355,PERSON_00067,rent
TXN_002667,2025-05-29,ACCT_00417,PERSON_00417,customer,8324,PERSON_00104,customer
TXN_002668,2022-06-24,ACCT_00418,PERSON_00418,emi,10174,PERSON_00141,emi
TXN_002669,2025-07-08,ACCT_00419,PERSON_00419,fuel,2357,PERSON_00178,fuel
TXN_002670,2022-07-31,ACCT_00420,PERSON_00420,emi,13154,PERSON_00215,emi
TXN_002671,2022-06-05,ACCT_00421,PERSON_00421,upi,10112,PERSON_00252,upi
TXN_002672,2022-12-12,ACCT_00422,PERSON_00422,supplier,72384,PERSON_00289,supplier
TXN_002673,2021-12-21,ACCT_00423,PERSON_00423,salary,20126,PERSON_00326,salary
TXN_002674,2023-12-26,ACCT_00424,PERSON_00424,customer,90131,PERSON_00363,customer
TXN_002675,2026-02-01,ACCT_00425,PERSON_00425,upi,2185,PERSON_00400,upi
TXN_002676,2023-08-07,ACCT_00426,PERSON_00426,fuel,4236,PERSON_00437,fuel
TXN_002677,2023-11-21,ACCT_00427,PERSON_00427,salary,38316,PERSON_00024,salary
TXN_002678,2025-07-16,ACCT_00428,PERSON_00428,customer,102344,PERSON_00061,customer
TXN_002679,2022-07-29,ACCT_00429,PERSON_00429,emi,31121,PERSON_00098,emi
TXN_002680,2023-12-05,ACCT_00430,PERSON_00430,upi,53652,PERSON_00135,upi
TXN_002681,2023-03-05,ACCT_00431,PERSON_00431,customer,46684,PERSON_00172,customer
TXN_002682,2022-02-12,ACCT_00432,PERSON_00432,transfer,131896,PERSON_00209,transfer
TXN_002683,2022-01-20,ACCT_00433,PERSON_00433,upi,360,PERSON_00246,upi
TXN_002684,2021-09-13,ACCT_00434,PERSON_00434,upi,247730,PERSON_00283,upi
TXN_002685,2023-10-10,ACCT_00435,PERSON_00435,salary,18789,PERSON_00320,salary
TXN_002686,2022-01-25,ACCT_00436,PERSON_00436,supplier,22703,PERSON_00357,supplier
TXN_002687,2026-06-10,ACCT_00437,PERSON_00437,grocery,4548,PERSON_00394,grocery
TXN_002688,2022-02-02,ACCT_00438,PERSON_00438,transfer,200250,PERSON_00431,transfer
TXN_002689,2022-01-23,ACCT_00439,PERSON_00439,upi,122425,PERSON_00018,upi
TXN_002690,2021-12-05,ACCT_00440,PERSON_00440,utility,411,PERSON_00055,utility
TXN_002691,2025-11-04,ACCT_00441,PERSON_00441,upi,11680,PERSON_00092,upi
TXN_002692,2021-05-06,ACCT_00442,PERSON_00442,transfer,75228,PERSON_00129,transfer
TXN_002693,2024-11-01,ACCT_00443,PERSON_00443,salary,33885,PERSON_00166,salary
TXN_002694,2025-04-21,ACCT_00444,PERSON_00444,upi,11251,PERSON_00203,upi
TXN_002695,2023-07-31,ACCT_00445,PERSON_00445,customer,10857,PERSON_00240,customer
TXN_002696,2024-12-08,ACCT_00446,PERSON_00446,rent,17891,PERSON_00277,rent
TXN_002697,2024-01-21,ACCT_00447,PERSON_00447,transfer,15387,PERSON_00314,transfer
TXN_002698,2026-02-09,ACCT_00448,PERSON_00448,fuel,2604,PERSON_00351,fuel
TXN_002699,2024-05-22,ACCT_00449,PERSON_00449,customer,113074,PERSON_00388,customer
TXN_002700,2024-09-22,ACCT_00450,PERSON_00450,cash_deposit,45583,PERSON_00425,cash deposit
TXN_002701,2021-01-15,ACCT_00001,PERSON_00001,cash_deposit,154592,PERSON_00012,cash deposit
TXN_002702,2023-09-02,ACCT_00002,PERSON_00002,transfer,49751,PERSON_00049,transfer
TXN_002703,2024-02-29,ACCT_00003,PERSON_00003,utility,4950,PERSON_00086,utility
TXN_002704,2025-02-15,ACCT_00004,PERSON_00004,emi,25515,PERSON_00123,emi
TXN_002705,2025-10-01,ACCT_00005,PERSON_00005,transfer,93758,PERSON_00160,transfer
TXN_002706,2022-03-16,ACCT_00006,PERSON_00006,supplier,50073,PERSON_00197,supplier
TXN_002707,2023-04-29,ACCT_00007,PERSON_00007,emi,6765,PERSON_00234,emi
TXN_002708,2023-09-20,ACCT_00008,PERSON_00008,transfer,237715,PERSON_00271,transfer
TXN_002709,2021-05-25,ACCT_00009,PERSON_00009,upi,10352,PERSON_00308,upi
TXN_002710,2025-01-03,ACCT_00010,PERSON_00010,upi,164520,PERSON_00345,upi
TXN_002711,2021-01-17,ACCT_00011,PERSON_00011,upi,7386,PERSON_00382,upi
TXN_002712,2025-11-17,ACCT_00012,PERSON_00012,customer,109869,PERSON_00419,customer
TXN_002713,2021-11-03,ACCT_00013,PERSON_00013,customer,72098,PERSON_00006,customer
TXN_002714,2021-02-03,ACCT_00014,PERSON_00014,cash_deposit,136466,PERSON_00043,cash deposit
TXN_002715,2023-11-07,ACCT_00015,PERSON_00015,supplier,49821,PERSON_00080,supplier
TXN_002716,2024-05-05,ACCT_00016,PERSON_00016,emi,22618,PERSON_00117,emi
TXN_002717,2023-08-26,ACCT_00017,PERSON_00017,utility,5114,PERSON_00154,utility
TXN_002718,2023-11-10,ACCT_00018,PERSON_00018,transfer,169550,PERSON_00191,transfer
TXN_002719,2022-08-23,ACCT_00019,PERSON_00019,grocery,5889,PERSON_00228,grocery
TXN_002720,2023-10-10,ACCT_00020,PERSON_00020,supplier,13796,PERSON_00265,supplier
TXN_002721,2024-04-20,ACCT_00021,PERSON_00021,cash_deposit,191429,PERSON_00302,cash deposit
TXN_002722,2022-07-02,ACCT_00022,PERSON_00022,grocery,5839,PERSON_00339,grocery
TXN_002723,2023-03-20,ACCT_00023,PERSON_00023,upi,89991,PERSON_00376,upi
TXN_002724,2023-03-08,ACCT_00024,PERSON_00024,utility,2264,PERSON_00413,utility
TXN_002725,2022-06-11,ACCT_00025,PERSON_00025,cash_deposit,129612,PERSON_00450,cash deposit
TXN_002726,2022-01-01,ACCT_00026,PERSON_00026,supplier,12585,PERSON_00037,supplier
TXN_002727,2021-01-17,ACCT_00027,PERSON_00027,transfer,94946,PERSON_00074,transfer
TXN_002728,2021-07-02,ACCT_00028,PERSON_00028,upi,5248,PERSON_00111,upi
TXN_002729,2023-12-01,ACCT_00029,PERSON_00029,emi,15097,PERSON_00148,emi
TXN_002730,2025-12-17,ACCT_00030,PERSON_00030,salary,55886,PERSON_00185,salary
TXN_002731,2024-06-09,ACCT_00031,PERSON_00031,grocery,5470,PERSON_00222,grocery
TXN_002732,2025-04-14,ACCT_00032,PERSON_00032,customer,14195,PERSON_00259,customer
TXN_002733,2021-01-19,ACCT_00033,PERSON_00033,upi,185834,PERSON_00296,upi
TXN_002734,2025-06-12,ACCT_00034,PERSON_00034,supplier,28434,PERSON_00333,supplier
TXN_002735,2023-12-10,ACCT_00035,PERSON_00035,customer,78741,PERSON_00370,customer
TXN_002736,2023-10-16,ACCT_00036,PERSON_00036,customer,44895,PERSON_00407,customer
TXN_002737,2022-05-17,ACCT_00037,PERSON_00037,transfer,81403,PERSON_00444,transfer
TXN_002738,2021-01-15,ACCT_00038,PERSON_00038,salary,56053,PERSON_00031,salary
TXN_002739,2023-01-26,ACCT_00039,PERSON_00039,customer,24662,PERSON_00068,customer
TXN_002740,2025-03-10,ACCT_00040,PERSON_00040,fuel,3811,PERSON_00105,fuel
TXN_002741,2021-06-21,ACCT_00041,PERSON_00041,upi,11972,PERSON_00142,upi
TXN_002742,2025-09-26,ACCT_00042,PERSON_00042,upi,8052,PERSON_00179,upi
TXN_002743,2025-08-16,ACCT_00043,PERSON_00043,upi,9436,PERSON_00216,upi
TXN_002744,2026-01-03,ACCT_00044,PERSON_00044,grocery,510,PERSON_00253,grocery
TXN_002745,2021-04-05,ACCT_00045,PERSON_00045,cash_deposit,230572,PERSON_00290,cash deposit
TXN_002746,2023-07-27,ACCT_00046,PERSON_00046,upi,30098,PERSON_00327,upi
TXN_002747,2024-07-18,ACCT_00047,PERSON_00047,grocery,5149,PERSON_00364,grocery
TXN_002748,2023-08-13,ACCT_00048,PERSON_00048,rent,13485,PERSON_00401,rent
TXN_002749,2021-05-08,ACCT_00049,PERSON_00049,utility,608,PERSON_00438,utility
TXN_002750,2023-01-30,ACCT_00050,PERSON_00050,upi,10957,PERSON_00025,upi
TXN_002751,2021-06-19,ACCT_00051,PERSON_00051,supplier,49262,PERSON_00062,supplier
TXN_002752,2025-06-12,ACCT_00052,PERSON_00052,upi,103986,PERSON_00099,upi
TXN_002753,2022-11-24,ACCT_00053,PERSON_00053,utility,1192,PERSON_00136,utility
TXN_002754,2021-09-14,ACCT_00054,PERSON_00054,emi,26114,PERSON_00173,emi
TXN_002755,2024-04-25,ACCT_00055,PERSON_00055,upi,242814,PERSON_00210,upi
TXN_002756,2024-01-10,ACCT_00056,PERSON_00056,customer,18309,PERSON_00247,customer
TXN_002757,2023-12-23,ACCT_00057,PERSON_00057,emi,11803,PERSON_00284,emi
TXN_002758,2021-05-11,ACCT_00058,PERSON_00058,fuel,3444,PERSON_00321,fuel
TXN_002759,2025-10-04,ACCT_00059,PERSON_00059,grocery,2612,PERSON_00358,grocery
TXN_002760,2021-10-28,ACCT_00060,PERSON_00060,customer,86293,PERSON_00395,customer
TXN_002761,2023-07-19,ACCT_00061,PERSON_00061,rent,12714,PERSON_00432,rent
TXN_002762,2023-02-09,ACCT_00062,PERSON_00062,transfer,14944,PERSON_00019,transfer
TXN_002763,2025-03-05,ACCT_00063,PERSON_00063,upi,161138,PERSON_00056,upi
TXN_002764,2022-08-22,ACCT_00064,PERSON_00064,grocery,1849,PERSON_00093,grocery
TXN_002765,2021-08-04,ACCT_00065,PERSON_00065,transfer,123895,PERSON_00130,transfer
TXN_002766,2022-05-05,ACCT_00066,PERSON_00066,salary,23874,PERSON_00167,salary
TXN_002767,2024-08-26,ACCT_00067,PERSON_00067,upi,64647,PERSON_00204,upi
TXN_002768,2023-11-29,ACCT_00068,PERSON_00068,supplier,24564,PERSON_00241,supplier
TXN_002769,2025-04-12,ACCT_00069,PERSON_00069,cash_deposit,96583,PERSON_00278,cash deposit
TXN_002770,2022-02-27,ACCT_00070,PERSON_00070,transfer,26302,PERSON_00315,transfer
TXN_002771,2022-05-20,ACCT_00071,PERSON_00071,transfer,59814,PERSON_00352,transfer
TXN_002772,2021-11-23,ACCT_00072,PERSON_00072,salary,61298,PERSON_00389,salary
TXN_002773,2026-02-03,ACCT_00073,PERSON_00073,upi,5225,PERSON_00426,upi
TXN_002774,2024-05-26,ACCT_00074,PERSON_00074,transfer,230562,PERSON_00013,transfer
TXN_002775,2025-04-26,ACCT_00075,PERSON_00075,emi,14469,PERSON_00050,emi
TXN_002776,2024-06-03,ACCT_00076,PERSON_00076,transfer,25959,PERSON_00087,transfer
TXN_002777,2024-10-03,ACCT_00077,PERSON_00077,fuel,781,PERSON_00124,fuel
TXN_002778,2025-04-30,ACCT_00078,PERSON_00078,emi,4341,PERSON_00161,emi
TXN_002779,2023-01-08,ACCT_00079,PERSON_00079,upi,11954,PERSON_00198,upi
TXN_002780,2025-07-26,ACCT_00080,PERSON_00080,transfer,9789,PERSON_00235,transfer
TXN_002781,2022-04-08,ACCT_00081,PERSON_00081,upi,63361,PERSON_00272,upi
TXN_002782,2023-10-08,ACCT_00082,PERSON_00082,upi,434,PERSON_00309,upi
TXN_002783,2025-05-28,ACCT_00083,PERSON_00083,upi,4985,PERSON_00346,upi
TXN_002784,2021-01-23,ACCT_00084,PERSON_00084,transfer,186157,PERSON_00383,transfer
TXN_002785,2025-02-12,ACCT_00085,PERSON_00085,emi,28374,PERSON_00420,emi
TXN_002786,2022-07-16,ACCT_00086,PERSON_00086,supplier,7868,PERSON_00007,supplier
TXN_002787,2021-11-26,ACCT_00087,PERSON_00087,customer,116545,PERSON_00044,customer
TXN_002788,2025-09-05,ACCT_00088,PERSON_00088,grocery,5153,PERSON_00081,grocery
TXN_002789,2023-10-27,ACCT_00089,PERSON_00089,fuel,4582,PERSON_00118,fuel
TXN_002790,2023-09-12,ACCT_00090,PERSON_00090,rent,11001,PERSON_00155,rent
TXN_002791,2026-06-21,ACCT_00091,PERSON_00091,fuel,5296,PERSON_00192,fuel
TXN_002792,2025-11-13,ACCT_00092,PERSON_00092,upi,65955,PERSON_00229,upi
TXN_002793,2022-09-06,ACCT_00093,PERSON_00093,customer,74574,PERSON_00266,customer
TXN_002794,2024-05-04,ACCT_00094,PERSON_00094,salary,59895,PERSON_00303,salary
TXN_002795,2023-11-07,ACCT_00095,PERSON_00095,rent,12869,PERSON_00340,rent
TXN_002796,2025-10-10,ACCT_00096,PERSON_00096,grocery,1243,PERSON_00377,grocery
TXN_002797,2026-04-05,ACCT_00097,PERSON_00097,transfer,63088,PERSON_00414,transfer
TXN_002798,2025-05-18,ACCT_00098,PERSON_00098,grocery,2478,PERSON_00001,grocery
TXN_002799,2023-05-09,ACCT_00099,PERSON_00099,cash_deposit,165580,PERSON_00038,cash deposit
TXN_002800,2023-11-10,ACCT_00100,PERSON_00100,supplier,37489,PERSON_00075,supplier
TXN_002801,2025-01-07,ACCT_00101,PERSON_00101,customer,88891,PERSON_00112,customer
TXN_002802,2023-01-20,ACCT_00102,PERSON_00102,upi,11254,PERSON_00149,upi
TXN_002803,2025-12-31,ACCT_00103,PERSON_00103,upi,52005,PERSON_00186,upi
TXN_002804,2022-11-22,ACCT_00104,PERSON_00104,upi,515,PERSON_00223,upi
TXN_002805,2023-11-24,ACCT_00105,PERSON_00105,upi,131338,PERSON_00260,upi
TXN_002806,2021-02-03,ACCT_00106,PERSON_00106,salary,38464,PERSON_00297,salary
TXN_002807,2022-10-30,ACCT_00107,PERSON_00107,upi,9345,PERSON_00334,upi
TXN_002808,2024-12-14,ACCT_00108,PERSON_00108,emi,16530,PERSON_00371,emi
TXN_002809,2024-09-10,ACCT_00109,PERSON_00109,grocery,2259,PERSON_00408,grocery
TXN_002810,2025-03-25,ACCT_00110,PERSON_00110,grocery,2520,PERSON_00445,grocery
TXN_002811,2025-02-07,ACCT_00111,PERSON_00111,grocery,6419,PERSON_00032,grocery
TXN_002812,2026-01-10,ACCT_00112,PERSON_00112,grocery,6001,PERSON_00069,grocery
TXN_002813,2025-01-29,ACCT_00113,PERSON_00113,upi,72686,PERSON_00106,upi
TXN_002814,2026-01-29,ACCT_00114,PERSON_00114,upi,217811,PERSON_00143,upi
TXN_002815,2023-01-10,ACCT_00115,PERSON_00115,rent,21230,PERSON_00180,rent
TXN_002816,2024-07-26,ACCT_00116,PERSON_00116,salary,21093,PERSON_00217,salary
TXN_002817,2021-03-06,ACCT_00117,PERSON_00117,utility,1788,PERSON_00254,utility
TXN_002818,2023-12-29,ACCT_00118,PERSON_00118,fuel,1860,PERSON_00291,fuel
TXN_002819,2023-02-09,ACCT_00119,PERSON_00119,customer,56207,PERSON_00328,customer
TXN_002820,2026-05-10,ACCT_00120,PERSON_00120,customer,24155,PERSON_00365,customer
TXN_002821,2025-04-29,ACCT_00121,PERSON_00121,grocery,6261,PERSON_00402,grocery
TXN_002822,2026-06-26,ACCT_00122,PERSON_00122,upi,48706,PERSON_00439,upi
TXN_002823,2023-08-30,ACCT_00123,PERSON_00123,supplier,11340,PERSON_00026,supplier
TXN_002824,2023-01-08,ACCT_00124,PERSON_00124,utility,763,PERSON_00063,utility
TXN_002825,2024-05-30,ACCT_00125,PERSON_00125,grocery,5378,PERSON_00100,grocery
TXN_002826,2026-05-25,ACCT_00126,PERSON_00126,utility,6884,PERSON_00137,utility
TXN_002827,2021-04-11,ACCT_00127,PERSON_00127,salary,31739,PERSON_00174,salary
TXN_002828,2024-01-30,ACCT_00128,PERSON_00128,upi,84864,PERSON_00211,upi
TXN_002829,2023-05-14,ACCT_00129,PERSON_00129,emi,21120,PERSON_00248,emi
TXN_002830,2025-01-19,ACCT_00130,PERSON_00130,emi,8062,PERSON_00285,emi
TXN_002831,2022-08-02,ACCT_00131,PERSON_00131,upi,9874,PERSON_00322,upi
TXN_002832,2022-06-04,ACCT_00132,PERSON_00132,rent,18941,PERSON_00359,rent
TXN_002833,2022-08-03,ACCT_00133,PERSON_00133,salary,33173,PERSON_00396,salary
TXN_002834,2023-11-18,ACCT_00134,PERSON_00134,grocery,4445,PERSON_00433,grocery
TXN_002835,2024-08-12,ACCT_00135,PERSON_00135,supplier,52340,PERSON_00020,supplier
TXN_002836,2022-12-13,ACCT_00136,PERSON_00136,transfer,44740,PERSON_00057,transfer
TXN_002837,2023-05-02,ACCT_00137,PERSON_00137,cash_deposit,50044,PERSON_00094,cash deposit
TXN_002838,2021-12-09,ACCT_00138,PERSON_00138,grocery,6074,PERSON_00131,grocery
TXN_002839,2021-01-11,ACCT_00139,PERSON_00139,grocery,1210,PERSON_00168,grocery
TXN_002840,2024-03-31,ACCT_00140,PERSON_00140,upi,9540,PERSON_00205,upi
TXN_002841,2022-04-09,ACCT_00141,PERSON_00141,rent,15276,PERSON_00242,rent
TXN_002842,2022-03-05,ACCT_00142,PERSON_00142,supplier,69328,PERSON_00279,supplier
TXN_002843,2023-02-09,ACCT_00143,PERSON_00143,grocery,2667,PERSON_00316,grocery
TXN_002844,2025-04-15,ACCT_00144,PERSON_00144,emi,10298,PERSON_00353,emi
TXN_002845,2025-10-22,ACCT_00145,PERSON_00145,emi,24839,PERSON_00390,emi
TXN_002846,2024-01-16,ACCT_00146,PERSON_00146,salary,30602,PERSON_00427,salary
TXN_002847,2025-07-22,ACCT_00147,PERSON_00147,fuel,1754,PERSON_00014,fuel
TXN_002848,2025-01-28,ACCT_00148,PERSON_00148,emi,19835,PERSON_00051,emi
TXN_002849,2025-07-09,ACCT_00149,PERSON_00149,utility,2720,PERSON_00088,utility
TXN_002850,2021-09-09,ACCT_00150,PERSON_00150,utility,1158,PERSON_00125,utility
TXN_002851,2021-07-17,ACCT_00151,PERSON_00151,upi,3835,PERSON_00162,upi
TXN_002852,2025-04-17,ACCT_00152,PERSON_00152,customer,3903,PERSON_00199,customer
TXN_002853,2022-01-13,ACCT_00153,PERSON_00153,supplier,17770,PERSON_00236,supplier
TXN_002854,2026-06-23,ACCT_00154,PERSON_00154,fuel,740,PERSON_00273,fuel
TXN_002855,2023-07-16,ACCT_00155,PERSON_00155,cash_deposit,68401,PERSON_00310,cash deposit
TXN_002856,2026-03-05,ACCT_00156,PERSON_00156,supplier,19107,PERSON_00347,supplier
TXN_002857,2025-04-08,ACCT_00157,PERSON_00157,customer,31652,PERSON_00384,customer
TXN_002858,2025-03-15,ACCT_00158,PERSON_00158,fuel,3367,PERSON_00421,fuel
TXN_002859,2021-01-13,ACCT_00159,PERSON_00159,rent,8883,PERSON_00008,rent
TXN_002860,2023-01-25,ACCT_00160,PERSON_00160,rent,17198,PERSON_00045,rent
TXN_002861,2021-08-16,ACCT_00161,PERSON_00161,upi,85991,PERSON_00082,upi
TXN_002862,2022-04-19,ACCT_00162,PERSON_00162,customer,93176,PERSON_00119,customer
TXN_002863,2026-02-02,ACCT_00163,PERSON_00163,rent,16480,PERSON_00156,rent
TXN_002864,2022-08-22,ACCT_00164,PERSON_00164,rent,7663,PERSON_00193,rent
TXN_002865,2025-06-09,ACCT_00165,PERSON_00165,upi,3873,PERSON_00230,upi
TXN_002866,2022-12-26,ACCT_00166,PERSON_00166,grocery,4981,PERSON_00267,grocery
TXN_002867,2022-01-13,ACCT_00167,PERSON_00167,rent,8060,PERSON_00304,rent
TXN_002868,2024-02-20,ACCT_00168,PERSON_00168,upi,4497,PERSON_00341,upi
TXN_002869,2022-02-25,ACCT_00169,PERSON_00169,transfer,163213,PERSON_00378,transfer
TXN_002870,2025-06-09,ACCT_00170,PERSON_00170,upi,830,PERSON_00415,upi
TXN_002871,2026-01-29,ACCT_00171,PERSON_00171,salary,26484,PERSON_00002,salary
TXN_002872,2025-01-12,ACCT_00172,PERSON_00172,fuel,5112,PERSON_00039,fuel
TXN_002873,2021-01-11,ACCT_00173,PERSON_00173,upi,7213,PERSON_00076,upi
TXN_002874,2023-01-16,ACCT_00174,PERSON_00174,emi,5324,PERSON_00113,emi
TXN_002875,2021-06-02,ACCT_00175,PERSON_00175,cash_deposit,138174,PERSON_00150,cash deposit
TXN_002876,2021-06-27,ACCT_00176,PERSON_00176,rent,17181,PERSON_00187,rent
TXN_002877,2021-04-17,ACCT_00177,PERSON_00177,rent,14003,PERSON_00224,rent
TXN_002878,2023-08-23,ACCT_00178,PERSON_00178,emi,33670,PERSON_00261,emi
TXN_002879,2024-03-16,ACCT_00179,PERSON_00179,grocery,6367,PERSON_00298,grocery
TXN_002880,2026-04-26,ACCT_00180,PERSON_00180,fuel,3605,PERSON_00335,fuel
TXN_002881,2024-05-14,ACCT_00181,PERSON_00181,salary,50177,PERSON_00372,salary
TXN_002882,2026-04-28,ACCT_00182,PERSON_00182,transfer,33666,PERSON_00409,transfer
TXN_002883,2024-01-13,ACCT_00183,PERSON_00183,supplier,74835,PERSON_00446,supplier
TXN_002884,2024-01-24,ACCT_00184,PERSON_00184,salary,24838,PERSON_00033,salary
TXN_002885,2023-07-20,ACCT_00185,PERSON_00185,rent,18882,PERSON_00070,rent
TXN_002886,2021-08-29,ACCT_00186,PERSON_00186,utility,4258,PERSON_00107,utility
TXN_002887,2026-04-12,ACCT_00187,PERSON_00187,upi,2568,PERSON_00144,upi
TXN_002888,2021-05-06,ACCT_00188,PERSON_00188,upi,3259,PERSON_00181,upi
TXN_002889,2025-12-03,ACCT_00189,PERSON_00189,grocery,2209,PERSON_00218,grocery
TXN_002890,2025-01-03,ACCT_00190,PERSON_00190,transfer,79535,PERSON_00255,transfer
TXN_002891,2023-07-11,ACCT_00191,PERSON_00191,emi,21022,PERSON_00292,emi
TXN_002892,2021-04-28,ACCT_00192,PERSON_00192,grocery,3892,PERSON_00329,grocery
TXN_002893,2024-10-21,ACCT_00193,PERSON_00193,upi,41894,PERSON_00366,upi
TXN_002894,2022-11-06,ACCT_00194,PERSON_00194,fuel,928,PERSON_00403,fuel
TXN_002895,2024-11-19,ACCT_00195,PERSON_00195,rent,19205,PERSON_00440,rent
TXN_002896,2023-01-15,ACCT_00196,PERSON_00196,salary,54756,PERSON_00027,salary
TXN_002897,2025-06-21,ACCT_00197,PERSON_00197,emi,34539,PERSON_00064,emi
TXN_002898,2026-01-21,ACCT_00198,PERSON_00198,fuel,1909,PERSON_00101,fuel
TXN_002899,2022-10-17,ACCT_00199,PERSON_00199,emi,18445,PERSON_00138,emi
TXN_002900,2025-01-05,ACCT_00200,PERSON_00200,upi,4001,PERSON_00175,upi
TXN_002901,2024-02-16,ACCT_00201,PERSON_00201,supplier,3431,PERSON_00212,supplier
TXN_002902,2026-04-20,ACCT_00202,PERSON_00202,rent,6477,PERSON_00249,rent
TXN_002903,2023-03-03,ACCT_00203,PERSON_00203,upi,11155,PERSON_00286,upi
TXN_002904,2023-09-25,ACCT_00204,PERSON_00204,grocery,1693,PERSON_00323,grocery
TXN_002905,2021-05-30,ACCT_00205,PERSON_00205,fuel,5941,PERSON_00360,fuel
TXN_002906,2024-09-22,ACCT_00206,PERSON_00206,supplier,78414,PERSON_00397,supplier
TXN_002907,2025-10-05,ACCT_00207,PERSON_00207,grocery,4803,PERSON_00434,grocery
TXN_002908,2023-02-21,ACCT_00208,PERSON_00208,fuel,3250,PERSON_00021,fuel
TXN_002909,2021-04-21,ACCT_00209,PERSON_00209,rent,20054,PERSON_00058,rent
TXN_002910,2025-11-04,ACCT_00210,PERSON_00210,salary,72705,PERSON_00095,salary
TXN_002911,2023-12-31,ACCT_00211,PERSON_00211,rent,21088,PERSON_00132,rent
TXN_002912,2025-01-10,ACCT_00212,PERSON_00212,cash_deposit,56849,PERSON_00169,cash deposit
TXN_002913,2022-08-30,ACCT_00213,PERSON_00213,grocery,5200,PERSON_00206,grocery
TXN_002914,2022-11-02,ACCT_00214,PERSON_00214,rent,11503,PERSON_00243,rent
TXN_002915,2021-02-05,ACCT_00215,PERSON_00215,utility,776,PERSON_00280,utility
TXN_002916,2024-04-25,ACCT_00216,PERSON_00216,rent,7201,PERSON_00317,rent
TXN_002917,2025-10-10,ACCT_00217,PERSON_00217,customer,114546,PERSON_00354,customer
TXN_002918,2022-05-31,ACCT_00218,PERSON_00218,customer,63190,PERSON_00391,customer
TXN_002919,2022-03-07,ACCT_00219,PERSON_00219,supplier,37325,PERSON_00428,supplier
TXN_002920,2023-03-08,ACCT_00220,PERSON_00220,fuel,3934,PERSON_00015,fuel
TXN_002921,2023-09-17,ACCT_00221,PERSON_00221,customer,113592,PERSON_00052,customer
TXN_002922,2023-11-14,ACCT_00222,PERSON_00222,grocery,6354,PERSON_00089,grocery
TXN_002923,2023-11-18,ACCT_00223,PERSON_00223,grocery,5190,PERSON_00126,grocery
TXN_002924,2023-06-24,ACCT_00224,PERSON_00224,utility,1489,PERSON_00163,utility
TXN_002925,2023-10-10,ACCT_00225,PERSON_00225,salary,35312,PERSON_00200,salary
TXN_002926,2024-02-19,ACCT_00226,PERSON_00226,customer,2268,PERSON_00237,customer
TXN_002927,2026-01-19,ACCT_00227,PERSON_00227,rent,11875,PERSON_00274,rent
TXN_002928,2026-01-01,ACCT_00228,PERSON_00228,salary,68122,PERSON_00311,salary
TXN_002929,2023-10-19,ACCT_00229,PERSON_00229,grocery,928,PERSON_00348,grocery
TXN_002930,2026-02-28,ACCT_00230,PERSON_00230,salary,65004,PERSON_00385,salary
TXN_002931,2021-04-22,ACCT_00231,PERSON_00231,rent,13998,PERSON_00422,rent
TXN_002932,2024-04-17,ACCT_00232,PERSON_00232,emi,5436,PERSON_00009,emi
TXN_002933,2024-07-10,ACCT_00233,PERSON_00233,grocery,5494,PERSON_00046,grocery
TXN_002934,2023-07-12,ACCT_00234,PERSON_00234,fuel,4380,PERSON_00083,fuel
TXN_002935,2023-12-06,ACCT_00235,PERSON_00235,upi,9986,PERSON_00120,upi
TXN_002936,2022-05-22,ACCT_00236,PERSON_00236,upi,7778,PERSON_00157,upi
TXN_002937,2024-07-09,ACCT_00237,PERSON_00237,upi,67312,PERSON_00194,upi
TXN_002938,2021-04-06,ACCT_00238,PERSON_00238,supplier,51684,PERSON_00231,supplier
TXN_002939,2021-02-16,ACCT_00239,PERSON_00239,utility,1989,PERSON_00268,utility
TXN_002940,2021-07-18,ACCT_00240,PERSON_00240,emi,25147,PERSON_00305,emi
TXN_002941,2025-12-02,ACCT_00241,PERSON_00241,grocery,2794,PERSON_00342,grocery
TXN_002942,2022-06-21,ACCT_00242,PERSON_00242,fuel,5441,PERSON_00379,fuel
TXN_002943,2022-12-10,ACCT_00243,PERSON_00243,fuel,1971,PERSON_00416,fuel
TXN_002944,2021-12-21,ACCT_00244,PERSON_00244,transfer,78903,PERSON_00003,transfer
TXN_002945,2024-05-09,ACCT_00245,PERSON_00245,customer,21488,PERSON_00040,customer
TXN_002946,2023-03-29,ACCT_00246,PERSON_00246,supplier,82011,PERSON_00077,supplier
TXN_002947,2025-06-14,ACCT_00247,PERSON_00247,grocery,713,PERSON_00114,grocery
TXN_002948,2025-11-09,ACCT_00248,PERSON_00248,transfer,19605,PERSON_00151,transfer
TXN_002949,2021-05-30,ACCT_00249,PERSON_00249,utility,574,PERSON_00188,utility
TXN_002950,2025-02-15,ACCT_00250,PERSON_00250,supplier,43574,PERSON_00225,supplier
TXN_002951,2025-04-16,ACCT_00251,PERSON_00251,salary,59644,PERSON_00262,salary
TXN_002952,2026-04-19,ACCT_00252,PERSON_00252,rent,13783,PERSON_00299,rent
TXN_002953,2022-04-15,ACCT_00253,PERSON_00253,fuel,5939,PERSON_00336,fuel
TXN_002954,2021-03-07,ACCT_00254,PERSON_00254,grocery,6160,PERSON_00373,grocery
TXN_002955,2023-09-07,ACCT_00255,PERSON_00255,cash_deposit,232209,PERSON_00410,cash deposit
TXN_002956,2022-07-12,ACCT_00256,PERSON_00256,grocery,398,PERSON_00447,grocery
TXN_002957,2023-11-13,ACCT_00257,PERSON_00257,transfer,9084,PERSON_00034,transfer
TXN_002958,2023-09-03,ACCT_00258,PERSON_00258,rent,13081,PERSON_00071,rent
TXN_002959,2025-12-20,ACCT_00259,PERSON_00259,rent,9993,PERSON_00108,rent
TXN_002960,2025-12-26,ACCT_00260,PERSON_00260,grocery,3029,PERSON_00145,grocery
TXN_002961,2024-12-26,ACCT_00261,PERSON_00261,upi,2684,PERSON_00182,upi
TXN_002962,2021-07-09,ACCT_00262,PERSON_00262,fuel,3056,PERSON_00219,fuel
TXN_002963,2025-09-06,ACCT_00263,PERSON_00263,upi,37695,PERSON_00256,upi
TXN_002964,2021-01-20,ACCT_00264,PERSON_00264,supplier,27081,PERSON_00293,supplier
TXN_002965,2026-01-03,ACCT_00265,PERSON_00265,customer,15184,PERSON_00330,customer
TXN_002966,2023-02-06,ACCT_00266,PERSON_00266,transfer,13048,PERSON_00367,transfer
TXN_002967,2023-04-28,ACCT_00267,PERSON_00267,cash_deposit,109202,PERSON_00404,cash deposit
TXN_002968,2021-06-26,ACCT_00268,PERSON_00268,transfer,140978,PERSON_00441,transfer
TXN_002969,2024-10-17,ACCT_00269,PERSON_00269,fuel,3835,PERSON_00028,fuel
TXN_002970,2024-06-24,ACCT_00270,PERSON_00270,emi,34368,PERSON_00065,emi
TXN_002971,2024-05-17,ACCT_00271,PERSON_00271,upi,248434,PERSON_00102,upi
TXN_002972,2025-08-31,ACCT_00272,PERSON_00272,cash_deposit,42108,PERSON_00139,cash deposit
TXN_002973,2026-04-20,ACCT_00273,PERSON_00273,upi,108224,PERSON_00176,upi
TXN_002974,2021-10-27,ACCT_00274,PERSON_00274,utility,5394,PERSON_00213,utility
TXN_002975,2023-01-16,ACCT_00275,PERSON_00275,fuel,4269,PERSON_00250,fuel
TXN_002976,2026-04-23,ACCT_00276,PERSON_00276,grocery,6450,PERSON_00287,grocery
TXN_002977,2025-10-16,ACCT_00277,PERSON_00277,fuel,901,PERSON_00324,fuel
TXN_002978,2023-10-15,ACCT_00278,PERSON_00278,customer,82657,PERSON_00361,customer
TXN_002979,2023-06-20,ACCT_00279,PERSON_00279,upi,6863,PERSON_00398,upi
TXN_002980,2022-03-20,ACCT_00280,PERSON_00280,transfer,10845,PERSON_00435,transfer
TXN_002981,2023-03-09,ACCT_00281,PERSON_00281,emi,32206,PERSON_00022,emi
TXN_002982,2026-03-15,ACCT_00282,PERSON_00282,upi,3415,PERSON_00059,upi
TXN_002983,2022-09-12,ACCT_00283,PERSON_00283,fuel,3374,PERSON_00096,fuel
TXN_002984,2023-11-30,ACCT_00284,PERSON_00284,upi,1112,PERSON_00133,upi
TXN_002985,2021-07-14,ACCT_00285,PERSON_00285,cash_deposit,86472,PERSON_00170,cash deposit
TXN_002986,2023-03-16,ACCT_00286,PERSON_00286,rent,8317,PERSON_00207,rent
TXN_002987,2025-12-26,ACCT_00287,PERSON_00287,supplier,30423,PERSON_00244,supplier
TXN_002988,2022-10-24,ACCT_00288,PERSON_00288,fuel,3720,PERSON_00281,fuel
TXN_002989,2023-01-29,ACCT_00289,PERSON_00289,salary,68790,PERSON_00318,salary
TXN_002990,2022-01-31,ACCT_00290,PERSON_00290,upi,91967,PERSON_00355,upi
TXN_002991,2021-12-25,ACCT_00291,PERSON_00291,grocery,3771,PERSON_00392,grocery
TXN_002992,2025-12-31,ACCT_00292,PERSON_00292,customer,17945,PERSON_00429,customer
TXN_002993,2025-04-23,ACCT_00293,PERSON_00293,upi,11294,PERSON_00016,upi
TXN_002994,2024-11-06,ACCT_00294,PERSON_00294,grocery,1203,PERSON_00053,grocery
TXN_002995,2024-08-20,ACCT_00295,PERSON_00295,utility,6221,PERSON_00090,utility
TXN_002996,2023-08-12,ACCT_00296,PERSON_00296,upi,2560,PERSON_00127,upi
TXN_002997,2023-07-26,ACCT_00297,PERSON_00297,salary,60705,PERSON_00164,salary
TXN_002998,2021-12-06,ACCT_00298,PERSON_00298,upi,5902,PERSON_00201,upi
TXN_002999,2024-04-20,ACCT_00299,PERSON_00299,transfer,21631,PERSON_00238,transfer
TXN_003000,2025-01-07,ACCT_00300,PERSON_00300,supplier,22920,PERSON_00275,supplier
TXN_003001,2026-05-29,ACCT_00301,PERSON_00301,customer,47442,PERSON_00312,customer
TXN_003002,2024-09-22,ACCT_00302,PERSON_00302,utility,5254,PERSON_00349,utility
TXN_003003,2022-02-22,ACCT_00303,PERSON_00303,upi,2500,PERSON_00386,upi
TXN_003004,2022-04-28,ACCT_00304,PERSON_00304,utility,1755,PERSON_00423,utility
TXN_003005,2024-11-15,ACCT_00305,PERSON_00305,upi,6334,PERSON_00010,upi
TXN_003006,2023-12-31,ACCT_00306,PERSON_00306,cash_deposit,121020,PERSON_00047,cash deposit
TXN_003007,2023-10-22,ACCT_00307,PERSON_00307,cash_deposit,146363,PERSON_00084,cash deposit
TXN_003008,2023-01-01,ACCT_00308,PERSON_00308,rent,6351,PERSON_00121,rent
TXN_003009,2022-12-23,ACCT_00309,PERSON_00309,upi,3346,PERSON_00158,upi
TXN_003010,2021-01-02,ACCT_00310,PERSON_00310,rent,17929,PERSON_00195,rent
TXN_003011,2021-06-28,ACCT_00311,PERSON_00311,fuel,4863,PERSON_00232,fuel
TXN_003012,2025-02-13,ACCT_00312,PERSON_00312,utility,6892,PERSON_00269,utility
TXN_003013,2025-05-25,ACCT_00313,PERSON_00313,supplier,7827,PERSON_00306,supplier
TXN_003014,2025-03-11,ACCT_00314,PERSON_00314,fuel,2980,PERSON_00343,fuel
TXN_003015,2023-01-18,ACCT_00315,PERSON_00315,customer,85048,PERSON_00380,customer
TXN_003016,2022-10-27,ACCT_00316,PERSON_00316,supplier,51183,PERSON_00417,supplier
TXN_003017,2022-11-29,ACCT_00317,PERSON_00317,cash_deposit,178904,PERSON_00004,cash deposit
TXN_003018,2026-05-28,ACCT_00318,PERSON_00318,supplier,32664,PERSON_00041,supplier
TXN_003019,2026-01-09,ACCT_00319,PERSON_00319,rent,7901,PERSON_00078,rent
TXN_003020,2024-11-13,ACCT_00320,PERSON_00320,rent,6578,PERSON_00115,rent
TXN_003021,2025-01-04,ACCT_00321,PERSON_00321,grocery,5454,PERSON_00152,grocery
TXN_003022,2026-06-05,ACCT_00322,PERSON_00322,upi,172029,PERSON_00189,upi
TXN_003023,2025-03-31,ACCT_00323,PERSON_00323,transfer,39627,PERSON_00226,transfer
TXN_003024,2022-04-14,ACCT_00324,PERSON_00324,upi,11478,PERSON_00263,upi
TXN_003025,2021-10-10,ACCT_00325,PERSON_00325,fuel,4830,PERSON_00300,fuel
TXN_003026,2024-11-25,ACCT_00326,PERSON_00326,customer,22160,PERSON_00337,customer
TXN_003027,2022-02-22,ACCT_00327,PERSON_00327,upi,8076,PERSON_00374,upi
TXN_003028,2022-12-03,ACCT_00328,PERSON_00328,utility,772,PERSON_00411,utility
TXN_003029,2023-12-26,ACCT_00329,PERSON_00329,rent,13787,PERSON_00448,rent
TXN_003030,2024-08-24,ACCT_00330,PERSON_00330,transfer,3558,PERSON_00035,transfer
TXN_003031,2025-12-21,ACCT_00331,PERSON_00331,grocery,1258,PERSON_00072,grocery
TXN_003032,2022-12-01,ACCT_00332,PERSON_00332,emi,29249,PERSON_00109,emi
TXN_003033,2023-03-27,ACCT_00333,PERSON_00333,upi,523,PERSON_00146,upi
TXN_003034,2023-05-04,ACCT_00334,PERSON_00334,transfer,62023,PERSON_00183,transfer
TXN_003035,2023-06-08,ACCT_00335,PERSON_00335,emi,25289,PERSON_00220,emi
TXN_003036,2022-07-11,ACCT_00336,PERSON_00336,supplier,69234,PERSON_00257,supplier
TXN_003037,2021-11-20,ACCT_00337,PERSON_00337,upi,539,PERSON_00294,upi
TXN_003038,2023-04-22,ACCT_00338,PERSON_00338,utility,5530,PERSON_00331,utility
TXN_003039,2021-09-17,ACCT_00339,PERSON_00339,rent,17265,PERSON_00368,rent
TXN_003040,2022-10-16,ACCT_00340,PERSON_00340,upi,218335,PERSON_00405,upi
TXN_003041,2022-09-15,ACCT_00341,PERSON_00341,upi,5437,PERSON_00442,upi
TXN_003042,2023-07-02,ACCT_00342,PERSON_00342,emi,23118,PERSON_00029,emi
TXN_003043,2022-01-07,ACCT_00343,PERSON_00343,upi,2340,PERSON_00066,upi
TXN_003044,2024-03-01,ACCT_00344,PERSON_00344,customer,78036,PERSON_00103,customer
TXN_003045,2025-10-09,ACCT_00345,PERSON_00345,salary,22344,PERSON_00140,salary
TXN_003046,2021-07-27,ACCT_00346,PERSON_00346,grocery,2623,PERSON_00177,grocery
TXN_003047,2024-11-21,ACCT_00347,PERSON_00347,cash_deposit,90717,PERSON_00214,cash deposit
TXN_003048,2021-06-25,ACCT_00348,PERSON_00348,utility,6596,PERSON_00251,utility
TXN_003049,2022-07-03,ACCT_00349,PERSON_00349,utility,1198,PERSON_00288,utility
TXN_003050,2024-09-30,ACCT_00350,PERSON_00350,supplier,22859,PERSON_00325,supplier
TXN_003051,2021-12-30,ACCT_00351,PERSON_00351,salary,63178,PERSON_00362,salary
TXN_003052,2023-07-07,ACCT_00352,PERSON_00352,supplier,65566,PERSON_00399,supplier
TXN_003053,2023-06-01,ACCT_00353,PERSON_00353,transfer,137206,PERSON_00436,transfer
TXN_003054,2024-06-30,ACCT_00354,PERSON_00354,rent,12179,PERSON_00023,rent
TXN_003055,2025-12-08,ACCT_00355,PERSON_00355,emi,4753,PERSON_00060,emi
TXN_003056,2024-03-26,ACCT_00356,PERSON_00356,rent,7565,PERSON_00097,rent
TXN_003057,2025-04-30,ACCT_00357,PERSON_00357,transfer,10812,PERSON_00134,transfer
TXN_003058,2022-08-24,ACCT_00358,PERSON_00358,upi,137625,PERSON_00171,upi
TXN_003059,2026-01-07,ACCT_00359,PERSON_00359,upi,100913,PERSON_00208,upi
TXN_003060,2024-09-21,ACCT_00360,PERSON_00360,cash_deposit,212356,PERSON_00245,cash deposit
TXN_003061,2023-08-12,ACCT_00361,PERSON_00361,supplier,80650,PERSON_00282,supplier
TXN_003062,2023-12-31,ACCT_00362,PERSON_00362,upi,7004,PERSON_00319,upi
TXN_003063,2023-05-07,ACCT_00363,PERSON_00363,utility,4459,PERSON_00356,utility
TXN_003064,2021-07-19,ACCT_00364,PERSON_00364,customer,13209,PERSON_00393,customer
TXN_003065,2026-06-08,ACCT_00365,PERSON_00365,grocery,5271,PERSON_00430,grocery
TXN_003066,2025-07-09,ACCT_00366,PERSON_00366,upi,150054,PERSON_00017,upi
TXN_003067,2026-06-04,ACCT_00367,PERSON_00367,customer,25461,PERSON_00054,customer
TXN_003068,2025-02-22,ACCT_00368,PERSON_00368,grocery,6128,PERSON_00091,grocery
TXN_003069,2021-01-13,ACCT_00369,PERSON_00369,cash_deposit,109984,PERSON_00128,cash deposit
TXN_003070,2021-06-27,ACCT_00370,PERSON_00370,grocery,2287,PERSON_00165,grocery
TXN_003071,2021-06-15,ACCT_00371,PERSON_00371,upi,216622,PERSON_00202,upi
TXN_003072,2025-01-20,ACCT_00372,PERSON_00372,grocery,5227,PERSON_00239,grocery
TXN_003073,2024-12-23,ACCT_00373,PERSON_00373,emi,33284,PERSON_00276,emi
TXN_003074,2021-04-14,ACCT_00374,PERSON_00374,upi,68688,PERSON_00313,upi
TXN_003075,2023-01-28,ACCT_00375,PERSON_00375,upi,1099,PERSON_00350,upi
TXN_003076,2022-06-20,ACCT_00376,PERSON_00376,grocery,5582,PERSON_00387,grocery
TXN_003077,2022-10-15,ACCT_00377,PERSON_00377,supplier,71008,PERSON_00424,supplier
TXN_003078,2024-10-27,ACCT_00378,PERSON_00378,customer,1546,PERSON_00011,customer
TXN_003079,2022-11-26,ACCT_00379,PERSON_00379,utility,3514,PERSON_00048,utility
TXN_003080,2024-05-01,ACCT_00380,PERSON_00380,supplier,18208,PERSON_00085,supplier
TXN_003081,2022-07-22,ACCT_00381,PERSON_00381,upi,40788,PERSON_00122,upi
TXN_003082,2024-10-01,ACCT_00382,PERSON_00382,upi,2822,PERSON_00159,upi
TXN_003083,2025-02-05,ACCT_00383,PERSON_00383,supplier,10471,PERSON_00196,supplier
TXN_003084,2021-10-17,ACCT_00384,PERSON_00384,upi,235363,PERSON_00233,upi
TXN_003085,2024-07-12,ACCT_00385,PERSON_00385,upi,39658,PERSON_00270,upi
TXN_003086,2022-05-08,ACCT_00386,PERSON_00386,rent,12998,PERSON_00307,rent
TXN_003087,2024-02-15,ACCT_00387,PERSON_00387,upi,6725,PERSON_00344,upi
TXN_003088,2025-01-16,ACCT_00388,PERSON_00388,upi,5924,PERSON_00381,upi
TXN_003089,2021-11-18,ACCT_00389,PERSON_00389,customer,5593,PERSON_00418,customer
TXN_003090,2025-02-27,ACCT_00390,PERSON_00390,customer,112184,PERSON_00005,customer
TXN_003091,2023-08-25,ACCT_00391,PERSON_00391,supplier,67027,PERSON_00042,supplier
TXN_003092,2022-08-07,ACCT_00392,PERSON_00392,fuel,4251,PERSON_00079,fuel
TXN_003093,2021-11-19,ACCT_00393,PERSON_00393,supplier,57868,PERSON_00116,supplier
TXN_003094,2025-07-10,ACCT_00394,PERSON_00394,emi,19806,PERSON_00153,emi
TXN_003095,2022-02-18,ACCT_00395,PERSON_00395,grocery,4958,PERSON_00190,grocery
TXN_003096,2022-03-30,ACCT_00396,PERSON_00396,transfer,79133,PERSON_00227,transfer
TXN_003097,2024-11-18,ACCT_00397,PERSON_00397,salary,54638,PERSON_00264,salary
TXN_003098,2023-06-14,ACCT_00398,PERSON_00398,grocery,3979,PERSON_00301,grocery
TXN_003099,2022-05-29,ACCT_00399,PERSON_00399,emi,21931,PERSON_00338,emi
TXN_003100,2025-04-16,ACCT_00400,PERSON_00400,upi,8082,PERSON_00375,upi
TXN_003101,2023-01-01,ACCT_00401,PERSON_00401,utility,5231,PERSON_00412,utility
TXN_003102,2021-03-29,ACCT_00402,PERSON_00402,grocery,3552,PERSON_00449,grocery
TXN_003103,2024-06-09,ACCT_00403,PERSON_00403,emi,20331,PERSON_00036,emi
TXN_003104,2024-05-02,ACCT_00404,PERSON_00404,upi,10266,PERSON_00073,upi
TXN_003105,2023-01-17,ACCT_00405,PERSON_00405,fuel,3869,PERSON_00110,fuel
TXN_003106,2023-04-24,ACCT_00406,PERSON_00406,customer,103499,PERSON_00147,customer
TXN_003107,2025-03-20,ACCT_00407,PERSON_00407,emi,6567,PERSON_00184,emi
TXN_003108,2023-08-04,ACCT_00408,PERSON_00408,upi,64044,PERSON_00221,upi
TXN_003109,2021-01-09,ACCT_00409,PERSON_00409,grocery,5062,PERSON_00258,grocery
TXN_003110,2022-05-24,ACCT_00410,PERSON_00410,customer,35078,PERSON_00295,customer
TXN_003111,2025-11-05,ACCT_00411,PERSON_00411,fuel,1030,PERSON_00332,fuel
TXN_003112,2023-07-29,ACCT_00412,PERSON_00412,fuel,2023,PERSON_00369,fuel
TXN_003113,2023-06-18,ACCT_00413,PERSON_00413,utility,5792,PERSON_00406,utility
TXN_003114,2025-02-20,ACCT_00414,PERSON_00414,transfer,29694,PERSON_00443,transfer
TXN_003115,2024-06-10,ACCT_00415,PERSON_00415,utility,4373,PERSON_00030,utility
TXN_003116,2023-09-05,ACCT_00416,PERSON_00416,salary,57051,PERSON_00067,salary
TXN_003117,2023-03-24,ACCT_00417,PERSON_00417,salary,46314,PERSON_00104,salary
TXN_003118,2025-05-12,ACCT_00418,PERSON_00418,upi,234,PERSON_00141,upi
TXN_003119,2025-04-25,ACCT_00419,PERSON_00419,customer,35163,PERSON_00178,customer
TXN_003120,2025-09-25,ACCT_00420,PERSON_00420,fuel,3749,PERSON_00215,fuel
TXN_003121,2025-10-17,ACCT_00421,PERSON_00421,fuel,5464,PERSON_00252,fuel
TXN_003122,2023-12-19,ACCT_00422,PERSON_00422,rent,16452,PERSON_00289,rent
TXN_003123,2026-03-29,ACCT_00423,PERSON_00423,salary,42368,PERSON_00326,salary
TXN_003124,2023-02-25,ACCT_00424,PERSON_00424,grocery,2564,PERSON_00363,grocery
TXN_003125,2022-04-06,ACCT_00425,PERSON_00425,emi,16497,PERSON_00400,emi
TXN_003126,2023-04-18,ACCT_00426,PERSON_00426,fuel,953,PERSON_00437,fuel
TXN_003127,2022-03-24,ACCT_00427,PERSON_00427,emi,10230,PERSON_00024,emi
TXN_003128,2022-08-21,ACCT_00428,PERSON_00428,grocery,2317,PERSON_00061,grocery
TXN_003129,2025-02-12,ACCT_00429,PERSON_00429,upi,50960,PERSON_00098,upi
TXN_003130,2023-12-03,ACCT_00430,PERSON_00430,grocery,5390,PERSON_00135,grocery
TXN_003131,2023-07-15,ACCT_00431,PERSON_00431,salary,39555,PERSON_00172,salary
TXN_003132,2025-07-21,ACCT_00432,PERSON_00432,customer,43427,PERSON_00209,customer
TXN_003133,2025-03-30,ACCT_00433,PERSON_00433,customer,92644,PERSON_00246,customer
TXN_003134,2024-02-19,ACCT_00434,PERSON_00434,supplier,13501,PERSON_00283,supplier
TXN_003135,2025-01-30,ACCT_00435,PERSON_00435,utility,716,PERSON_00320,utility
TXN_003136,2025-06-28,ACCT_00436,PERSON_00436,grocery,4280,PERSON_00357,grocery
TXN_003137,2021-11-05,ACCT_00437,PERSON_00437,utility,6543,PERSON_00394,utility
TXN_003138,2025-05-31,ACCT_00438,PERSON_00438,salary,46521,PERSON_00431,salary
TXN_003139,2024-05-16,ACCT_00439,PERSON_00439,grocery,3551,PERSON_00018,grocery
TXN_003140,2022-11-02,ACCT_00440,PERSON_00440,fuel,4870,PERSON_00055,fuel
TXN_003141,2023-03-13,ACCT_00441,PERSON_00441,utility,4933,PERSON_00092,utility
TXN_003142,2024-07-07,ACCT_00442,PERSON_00442,cash_deposit,117225,PERSON_00129,cash deposit
TXN_003143,2022-08-07,ACCT_00443,PERSON_00443,salary,44811,PERSON_00166,salary
TXN_003144,2025-12-28,ACCT_00444,PERSON_00444,utility,632,PERSON_00203,utility
TXN_003145,2022-12-18,ACCT_00445,PERSON_00445,upi,9227,PERSON_00240,upi
TXN_003146,2024-09-08,ACCT_00446,PERSON_00446,upi,981,PERSON_00277,upi
TXN_003147,2025-02-13,ACCT_00447,PERSON_00447,upi,1968,PERSON_00314,upi
TXN_003148,2021-04-08,ACCT_00448,PERSON_00448,grocery,2910,PERSON_00351,grocery
TXN_003149,2025-08-06,ACCT_00449,PERSON_00449,emi,18469,PERSON_00388,emi
TXN_003150,2023-10-07,ACCT_00450,PERSON_00450,rent,17388,PERSON_00425,rent
TXN_003151,2023-03-28,ACCT_00001,PERSON_00001,fuel,1238,PERSON_00012,fuel
TXN_003152,2021-01-10,ACCT_00002,PERSON_00002,grocery,4688,PERSON_00049,grocery
TXN_003153,2022-12-14,ACCT_00003,PERSON_00003,transfer,207109,PERSON_00086,transfer
TXN_003154,2024-10-04,ACCT_00004,PERSON_00004,rent,19601,PERSON_00123,rent
TXN_003155,2022-03-05,ACCT_00005,PERSON_00005,transfer,59247,PERSON_00160,transfer
TXN_003156,2023-01-29,ACCT_00006,PERSON_00006,grocery,4630,PERSON_00197,grocery
TXN_003157,2023-05-30,ACCT_00007,PERSON_00007,utility,4140,PERSON_00234,utility
TXN_003158,2023-10-24,ACCT_00008,PERSON_00008,utility,5064,PERSON_00271,utility
TXN_003159,2025-12-23,ACCT_00009,PERSON_00009,utility,921,PERSON_00308,utility
TXN_003160,2024-03-02,ACCT_00010,PERSON_00010,rent,20930,PERSON_00345,rent
TXN_003161,2025-12-18,ACCT_00011,PERSON_00011,customer,100178,PERSON_00382,customer
TXN_003162,2026-03-30,ACCT_00012,PERSON_00012,supplier,43860,PERSON_00419,supplier
TXN_003163,2024-05-23,ACCT_00013,PERSON_00013,fuel,4244,PERSON_00006,fuel
TXN_003164,2021-05-06,ACCT_00014,PERSON_00014,salary,27519,PERSON_00043,salary
TXN_003165,2021-10-31,ACCT_00015,PERSON_00015,upi,2279,PERSON_00080,upi
TXN_003166,2021-04-09,ACCT_00016,PERSON_00016,upi,137682,PERSON_00117,upi
TXN_003167,2021-09-17,ACCT_00017,PERSON_00017,transfer,156765,PERSON_00154,transfer
TXN_003168,2024-05-10,ACCT_00018,PERSON_00018,transfer,149126,PERSON_00191,transfer
TXN_003169,2023-12-04,ACCT_00019,PERSON_00019,upi,7156,PERSON_00228,upi
TXN_003170,2022-02-04,ACCT_00020,PERSON_00020,upi,135236,PERSON_00265,upi
TXN_003171,2021-03-16,ACCT_00021,PERSON_00021,utility,3830,PERSON_00302,utility
TXN_003172,2022-11-08,ACCT_00022,PERSON_00022,salary,22671,PERSON_00339,salary
TXN_003173,2023-05-18,ACCT_00023,PERSON_00023,grocery,1014,PERSON_00376,grocery
TXN_003174,2024-08-29,ACCT_00024,PERSON_00024,upi,7795,PERSON_00413,upi
TXN_003175,2022-05-30,ACCT_00025,PERSON_00025,cash_deposit,17779,PERSON_00450,cash deposit
TXN_003176,2026-01-06,ACCT_00026,PERSON_00026,upi,9800,PERSON_00037,upi
TXN_003177,2022-03-17,ACCT_00027,PERSON_00027,rent,11443,PERSON_00074,rent
TXN_003178,2022-05-24,ACCT_00028,PERSON_00028,rent,17129,PERSON_00111,rent
TXN_003179,2025-05-19,ACCT_00029,PERSON_00029,grocery,1505,PERSON_00148,grocery
TXN_003180,2021-08-22,ACCT_00030,PERSON_00030,upi,48237,PERSON_00185,upi
TXN_003181,2025-06-19,ACCT_00031,PERSON_00031,salary,57227,PERSON_00222,salary
TXN_003182,2022-02-19,ACCT_00032,PERSON_00032,utility,2494,PERSON_00259,utility
TXN_003183,2021-09-21,ACCT_00033,PERSON_00033,fuel,3503,PERSON_00296,fuel
TXN_003184,2023-12-07,ACCT_00034,PERSON_00034,salary,50253,PERSON_00333,salary
TXN_003185,2024-11-29,ACCT_00035,PERSON_00035,fuel,2031,PERSON_00370,fuel
TXN_003186,2023-09-10,ACCT_00036,PERSON_00036,fuel,5766,PERSON_00407,fuel
TXN_003187,2022-12-17,ACCT_00037,PERSON_00037,emi,17875,PERSON_00444,emi
TXN_003188,2024-10-18,ACCT_00038,PERSON_00038,upi,155414,PERSON_00031,upi
TXN_003189,2022-02-10,ACCT_00039,PERSON_00039,customer,108416,PERSON_00068,customer
TXN_003190,2022-04-02,ACCT_00040,PERSON_00040,salary,69416,PERSON_00105,salary
TXN_003191,2021-09-17,ACCT_00041,PERSON_00041,fuel,5676,PERSON_00142,fuel
TXN_003192,2025-06-20,ACCT_00042,PERSON_00042,transfer,72012,PERSON_00179,transfer
TXN_003193,2022-11-13,ACCT_00043,PERSON_00043,supplier,37826,PERSON_00216,supplier
TXN_003194,2025-09-17,ACCT_00044,PERSON_00044,rent,17133,PERSON_00253,rent
TXN_003195,2023-03-18,ACCT_00045,PERSON_00045,supplier,76575,PERSON_00290,supplier
TXN_003196,2023-05-02,ACCT_00046,PERSON_00046,supplier,19228,PERSON_00327,supplier
TXN_003197,2024-07-28,ACCT_00047,PERSON_00047,rent,17104,PERSON_00364,rent
TXN_003198,2024-04-29,ACCT_00048,PERSON_00048,fuel,2534,PERSON_00401,fuel
TXN_003199,2021-05-27,ACCT_00049,PERSON_00049,grocery,6021,PERSON_00438,grocery
TXN_003200,2025-11-09,ACCT_00050,PERSON_00050,supplier,7629,PERSON_00025,supplier
TXN_003201,2025-11-16,ACCT_00051,PERSON_00051,cash_deposit,93606,PERSON_00062,cash deposit
TXN_003202,2022-02-06,ACCT_00052,PERSON_00052,salary,25891,PERSON_00099,salary
TXN_003203,2022-06-27,ACCT_00053,PERSON_00053,salary,20693,PERSON_00136,salary
TXN_003204,2022-03-24,ACCT_00054,PERSON_00054,emi,31450,PERSON_00173,emi
TXN_003205,2021-04-03,ACCT_00055,PERSON_00055,emi,34572,PERSON_00210,emi
TXN_003206,2023-09-26,ACCT_00056,PERSON_00056,upi,7360,PERSON_00247,upi
TXN_003207,2021-06-24,ACCT_00057,PERSON_00057,utility,5698,PERSON_00284,utility
TXN_003208,2025-07-26,ACCT_00058,PERSON_00058,fuel,5145,PERSON_00321,fuel
TXN_003209,2022-12-06,ACCT_00059,PERSON_00059,fuel,2040,PERSON_00358,fuel
TXN_003210,2022-05-27,ACCT_00060,PERSON_00060,rent,15591,PERSON_00395,rent
TXN_003211,2021-04-10,ACCT_00061,PERSON_00061,cash_deposit,115660,PERSON_00432,cash deposit
TXN_003212,2024-07-19,ACCT_00062,PERSON_00062,utility,2742,PERSON_00019,utility
TXN_003213,2024-04-18,ACCT_00063,PERSON_00063,transfer,129284,PERSON_00056,transfer
TXN_003214,2024-05-31,ACCT_00064,PERSON_00064,salary,22892,PERSON_00093,salary
TXN_003215,2024-08-17,ACCT_00065,PERSON_00065,upi,118910,PERSON_00130,upi
TXN_003216,2025-10-17,ACCT_00066,PERSON_00066,supplier,52920,PERSON_00167,supplier
TXN_003217,2021-08-05,ACCT_00067,PERSON_00067,upi,200458,PERSON_00204,upi
TXN_003218,2026-02-26,ACCT_00068,PERSON_00068,grocery,2523,PERSON_00241,grocery
TXN_003219,2022-08-02,ACCT_00069,PERSON_00069,supplier,48204,PERSON_00278,supplier
TXN_003220,2022-07-19,ACCT_00070,PERSON_00070,customer,85649,PERSON_00315,customer
TXN_003221,2025-05-02,ACCT_00071,PERSON_00071,rent,11582,PERSON_00352,rent
TXN_003222,2022-03-14,ACCT_00072,PERSON_00072,grocery,5113,PERSON_00389,grocery
TXN_003223,2021-02-24,ACCT_00073,PERSON_00073,grocery,2833,PERSON_00426,grocery
TXN_003224,2022-01-31,ACCT_00074,PERSON_00074,upi,164329,PERSON_00013,upi
TXN_003225,2021-09-05,ACCT_00075,PERSON_00075,salary,30701,PERSON_00050,salary
TXN_003226,2024-03-26,ACCT_00076,PERSON_00076,cash_deposit,189360,PERSON_00087,cash deposit
TXN_003227,2021-03-19,ACCT_00077,PERSON_00077,transfer,66052,PERSON_00124,transfer
TXN_003228,2024-05-27,ACCT_00078,PERSON_00078,rent,8450,PERSON_00161,rent
TXN_003229,2021-06-17,ACCT_00079,PERSON_00079,salary,57068,PERSON_00198,salary
TXN_003230,2024-07-07,ACCT_00080,PERSON_00080,customer,113948,PERSON_00235,customer
TXN_003231,2026-02-11,ACCT_00081,PERSON_00081,utility,2922,PERSON_00272,utility
TXN_003232,2022-06-14,ACCT_00082,PERSON_00082,fuel,5351,PERSON_00309,fuel
TXN_003233,2023-01-23,ACCT_00083,PERSON_00083,rent,15867,PERSON_00346,rent
TXN_003234,2026-04-04,ACCT_00084,PERSON_00084,emi,26116,PERSON_00383,emi
TXN_003235,2021-04-27,ACCT_00085,PERSON_00085,upi,2501,PERSON_00420,upi
TXN_003236,2025-04-09,ACCT_00086,PERSON_00086,upi,54835,PERSON_00007,upi
TXN_003237,2021-03-28,ACCT_00087,PERSON_00087,upi,90833,PERSON_00044,upi
TXN_003238,2026-02-01,ACCT_00088,PERSON_00088,salary,70231,PERSON_00081,salary
TXN_003239,2024-05-20,ACCT_00089,PERSON_00089,fuel,1154,PERSON_00118,fuel
TXN_003240,2021-10-21,ACCT_00090,PERSON_00090,utility,1366,PERSON_00155,utility
TXN_003241,2024-04-11,ACCT_00091,PERSON_00091,upi,1200,PERSON_00192,upi
TXN_003242,2025-09-30,ACCT_00092,PERSON_00092,salary,42763,PERSON_00229,salary
TXN_003243,2021-03-16,ACCT_00093,PERSON_00093,grocery,4326,PERSON_00266,grocery
TXN_003244,2023-11-27,ACCT_00094,PERSON_00094,upi,9160,PERSON_00303,upi
TXN_003245,2021-10-13,ACCT_00095,PERSON_00095,transfer,102825,PERSON_00340,transfer
TXN_003246,2022-07-20,ACCT_00096,PERSON_00096,cash_deposit,122451,PERSON_00377,cash deposit
TXN_003247,2025-06-16,ACCT_00097,PERSON_00097,grocery,4794,PERSON_00414,grocery
TXN_003248,2024-11-15,ACCT_00098,PERSON_00098,fuel,3892,PERSON_00001,fuel
TXN_003249,2026-04-19,ACCT_00099,PERSON_00099,utility,5452,PERSON_00038,utility
TXN_003250,2022-06-10,ACCT_00100,PERSON_00100,transfer,185352,PERSON_00075,transfer
TXN_003251,2021-01-01,ACCT_00101,PERSON_00101,upi,116554,PERSON_00112,upi
TXN_003252,2025-04-02,ACCT_00102,PERSON_00102,grocery,990,PERSON_00149,grocery
TXN_003253,2022-11-09,ACCT_00103,PERSON_00103,salary,53793,PERSON_00186,salary
TXN_003254,2022-02-25,ACCT_00104,PERSON_00104,supplier,56155,PERSON_00223,supplier
TXN_003255,2021-10-04,ACCT_00105,PERSON_00105,grocery,2724,PERSON_00260,grocery
TXN_003256,2025-06-25,ACCT_00106,PERSON_00106,transfer,128196,PERSON_00297,transfer
TXN_003257,2025-04-23,ACCT_00107,PERSON_00107,utility,558,PERSON_00334,utility
TXN_003258,2023-08-11,ACCT_00108,PERSON_00108,transfer,18783,PERSON_00371,transfer
TXN_003259,2021-05-23,ACCT_00109,PERSON_00109,rent,15231,PERSON_00408,rent
TXN_003260,2023-10-31,ACCT_00110,PERSON_00110,fuel,4720,PERSON_00445,fuel
TXN_003261,2023-01-22,ACCT_00111,PERSON_00111,upi,1274,PERSON_00032,upi
TXN_003262,2023-03-14,ACCT_00112,PERSON_00112,customer,16242,PERSON_00069,customer
TXN_003263,2026-03-23,ACCT_00113,PERSON_00113,grocery,6403,PERSON_00106,grocery
TXN_003264,2023-06-01,ACCT_00114,PERSON_00114,supplier,27292,PERSON_00143,supplier
TXN_003265,2026-05-18,ACCT_00115,PERSON_00115,upi,4255,PERSON_00180,upi
TXN_003266,2023-04-28,ACCT_00116,PERSON_00116,upi,11045,PERSON_00217,upi
TXN_003267,2023-12-10,ACCT_00117,PERSON_00117,transfer,170567,PERSON_00254,transfer
TXN_003268,2024-10-23,ACCT_00118,PERSON_00118,emi,7590,PERSON_00291,emi
TXN_003269,2022-09-06,ACCT_00119,PERSON_00119,supplier,60293,PERSON_00328,supplier
TXN_003270,2024-07-04,ACCT_00120,PERSON_00120,emi,7956,PERSON_00365,emi
TXN_003271,2021-07-12,ACCT_00121,PERSON_00121,fuel,5812,PERSON_00402,fuel
TXN_003272,2026-01-19,ACCT_00122,PERSON_00122,salary,25296,PERSON_00439,salary
TXN_003273,2025-02-18,ACCT_00123,PERSON_00123,salary,27890,PERSON_00026,salary
TXN_003274,2025-02-07,ACCT_00124,PERSON_00124,salary,21220,PERSON_00063,salary
TXN_003275,2021-09-16,ACCT_00125,PERSON_00125,supplier,56566,PERSON_00100,supplier
TXN_003276,2023-11-16,ACCT_00126,PERSON_00126,fuel,1650,PERSON_00137,fuel
TXN_003277,2025-05-14,ACCT_00127,PERSON_00127,customer,8421,PERSON_00174,customer
TXN_003278,2026-02-27,ACCT_00128,PERSON_00128,grocery,2057,PERSON_00211,grocery
TXN_003279,2024-03-06,ACCT_00129,PERSON_00129,fuel,2285,PERSON_00248,fuel
TXN_003280,2023-10-23,ACCT_00130,PERSON_00130,grocery,1145,PERSON_00285,grocery
TXN_003281,2022-04-29,ACCT_00131,PERSON_00131,customer,92677,PERSON_00322,customer
TXN_003282,2023-02-09,ACCT_00132,PERSON_00132,grocery,6149,PERSON_00359,grocery
TXN_003283,2021-07-01,ACCT_00133,PERSON_00133,supplier,40168,PERSON_00396,supplier
TXN_003284,2023-02-02,ACCT_00134,PERSON_00134,fuel,2050,PERSON_00433,fuel
TXN_003285,2025-04-13,ACCT_00135,PERSON_00135,salary,64134,PERSON_00020,salary
TXN_003286,2024-09-29,ACCT_00136,PERSON_00136,utility,404,PERSON_00057,utility
TXN_003287,2026-01-29,ACCT_00137,PERSON_00137,fuel,3608,PERSON_00094,fuel
TXN_003288,2022-02-18,ACCT_00138,PERSON_00138,grocery,4180,PERSON_00131,grocery
TXN_003289,2023-03-05,ACCT_00139,PERSON_00139,salary,23993,PERSON_00168,salary
TXN_003290,2021-08-23,ACCT_00140,PERSON_00140,fuel,1856,PERSON_00205,fuel
TXN_003291,2024-11-12,ACCT_00141,PERSON_00141,emi,19139,PERSON_00242,emi
TXN_003292,2024-01-06,ACCT_00142,PERSON_00142,upi,10625,PERSON_00279,upi
TXN_003293,2022-04-08,ACCT_00143,PERSON_00143,emi,24566,PERSON_00316,emi
TXN_003294,2025-04-15,ACCT_00144,PERSON_00144,utility,2654,PERSON_00353,utility
TXN_003295,2021-04-01,ACCT_00145,PERSON_00145,rent,14817,PERSON_00390,rent
TXN_003296,2022-04-17,ACCT_00146,PERSON_00146,utility,6852,PERSON_00427,utility
TXN_003297,2023-06-21,ACCT_00147,PERSON_00147,upi,61671,PERSON_00014,upi
TXN_003298,2021-04-06,ACCT_00148,PERSON_00148,salary,71935,PERSON_00051,salary
TXN_003299,2026-06-27,ACCT_00149,PERSON_00149,upi,5689,PERSON_00088,upi
TXN_003300,2021-02-03,ACCT_00150,PERSON_00150,transfer,90310,PERSON_00125,transfer
TXN_003301,2026-04-24,ACCT_00151,PERSON_00151,salary,64856,PERSON_00162,salary
TXN_003302,2022-03-05,ACCT_00152,PERSON_00152,emi,33659,PERSON_00199,emi
TXN_003303,2023-08-15,ACCT_00153,PERSON_00153,upi,209707,PERSON_00236,upi
TXN_003304,2021-06-19,ACCT_00154,PERSON_00154,grocery,2193,PERSON_00273,grocery
TXN_003305,2023-09-15,ACCT_00155,PERSON_00155,upi,34319,PERSON_00310,upi
TXN_003306,2022-06-11,ACCT_00156,PERSON_00156,salary,66494,PERSON_00347,salary
TXN_003307,2025-09-24,ACCT_00157,PERSON_00157,salary,34078,PERSON_00384,salary
TXN_003308,2026-03-11,ACCT_00158,PERSON_00158,cash_deposit,69241,PERSON_00421,cash deposit
TXN_003309,2021-11-22,ACCT_00159,PERSON_00159,transfer,57651,PERSON_00008,transfer
TXN_003310,2022-09-24,ACCT_00160,PERSON_00160,upi,208555,PERSON_00045,upi
TXN_003311,2026-05-11,ACCT_00161,PERSON_00161,supplier,84009,PERSON_00082,supplier
TXN_003312,2024-06-13,ACCT_00162,PERSON_00162,transfer,100996,PERSON_00119,transfer
TXN_003313,2024-06-08,ACCT_00163,PERSON_00163,grocery,1736,PERSON_00156,grocery
TXN_003314,2025-05-11,ACCT_00164,PERSON_00164,fuel,1371,PERSON_00193,fuel
TXN_003315,2021-09-04,ACCT_00165,PERSON_00165,grocery,990,PERSON_00230,grocery
TXN_003316,2021-01-12,ACCT_00166,PERSON_00166,upi,60959,PERSON_00267,upi
TXN_003317,2021-07-11,ACCT_00167,PERSON_00167,customer,99642,PERSON_00304,customer
TXN_003318,2026-05-11,ACCT_00168,PERSON_00168,upi,194,PERSON_00341,upi
TXN_003319,2024-10-25,ACCT_00169,PERSON_00169,fuel,1425,PERSON_00378,fuel
TXN_003320,2025-10-28,ACCT_00170,PERSON_00170,upi,7586,PERSON_00415,upi
TXN_003321,2024-04-05,ACCT_00171,PERSON_00171,upi,215786,PERSON_00002,upi
TXN_003322,2022-02-16,ACCT_00172,PERSON_00172,emi,6628,PERSON_00039,emi
TXN_003323,2026-06-22,ACCT_00173,PERSON_00173,supplier,13179,PERSON_00076,supplier
TXN_003324,2026-02-05,ACCT_00174,PERSON_00174,emi,13475,PERSON_00113,emi
TXN_003325,2022-06-22,ACCT_00175,PERSON_00175,salary,73921,PERSON_00150,salary
TXN_003326,2021-10-25,ACCT_00176,PERSON_00176,upi,7584,PERSON_00187,upi
TXN_003327,2023-11-21,ACCT_00177,PERSON_00177,fuel,4295,PERSON_00224,fuel
TXN_003328,2026-01-20,ACCT_00178,PERSON_00178,supplier,80923,PERSON_00261,supplier
TXN_003329,2021-05-13,ACCT_00179,PERSON_00179,upi,210427,PERSON_00298,upi
TXN_003330,2021-06-30,ACCT_00180,PERSON_00180,upi,63309,PERSON_00335,upi
TXN_003331,2021-05-25,ACCT_00181,PERSON_00181,customer,76915,PERSON_00372,customer
TXN_003332,2021-10-11,ACCT_00182,PERSON_00182,upi,210598,PERSON_00409,upi
TXN_003333,2023-09-08,ACCT_00183,PERSON_00183,upi,2149,PERSON_00446,upi
TXN_003334,2022-11-21,ACCT_00184,PERSON_00184,grocery,4356,PERSON_00033,grocery
TXN_003335,2026-05-29,ACCT_00185,PERSON_00185,fuel,5474,PERSON_00070,fuel
TXN_003336,2024-07-09,ACCT_00186,PERSON_00186,grocery,4710,PERSON_00107,grocery
TXN_003337,2025-04-27,ACCT_00187,PERSON_00187,salary,26466,PERSON_00144,salary
TXN_003338,2021-12-02,ACCT_00188,PERSON_00188,grocery,3092,PERSON_00181,grocery
TXN_003339,2023-05-02,ACCT_00189,PERSON_00189,grocery,2519,PERSON_00218,grocery
TXN_003340,2026-01-22,ACCT_00190,PERSON_00190,salary,30960,PERSON_00255,salary
TXN_003341,2022-11-18,ACCT_00191,PERSON_00191,upi,134761,PERSON_00292,upi
TXN_003342,2025-09-13,ACCT_00192,PERSON_00192,customer,4378,PERSON_00329,customer
TXN_003343,2022-05-21,ACCT_00193,PERSON_00193,supplier,67114,PERSON_00366,supplier
TXN_003344,2022-05-05,ACCT_00194,PERSON_00194,salary,21144,PERSON_00403,salary
TXN_003345,2024-08-11,ACCT_00195,PERSON_00195,upi,29481,PERSON_00440,upi
TXN_003346,2022-09-03,ACCT_00196,PERSON_00196,upi,245047,PERSON_00027,upi
TXN_003347,2021-06-24,ACCT_00197,PERSON_00197,transfer,74809,PERSON_00064,transfer
TXN_003348,2026-05-29,ACCT_00198,PERSON_00198,rent,12796,PERSON_00101,rent
TXN_003349,2022-11-27,ACCT_00199,PERSON_00199,supplier,75821,PERSON_00138,supplier
TXN_003350,2021-01-12,ACCT_00200,PERSON_00200,customer,39284,PERSON_00175,customer
TXN_003351,2024-01-25,ACCT_00201,PERSON_00201,salary,47661,PERSON_00212,salary
TXN_003352,2026-05-10,ACCT_00202,PERSON_00202,upi,51371,PERSON_00249,upi
TXN_003353,2021-07-18,ACCT_00203,PERSON_00203,cash_deposit,39511,PERSON_00286,cash deposit
TXN_003354,2022-12-11,ACCT_00204,PERSON_00204,supplier,70396,PERSON_00323,supplier
TXN_003355,2025-08-31,ACCT_00205,PERSON_00205,upi,233253,PERSON_00360,upi
TXN_003356,2022-03-03,ACCT_00206,PERSON_00206,fuel,1073,PERSON_00397,fuel
TXN_003357,2022-12-03,ACCT_00207,PERSON_00207,fuel,2937,PERSON_00434,fuel
TXN_003358,2025-05-24,ACCT_00208,PERSON_00208,rent,13794,PERSON_00021,rent
TXN_003359,2025-02-09,ACCT_00209,PERSON_00209,upi,70983,PERSON_00058,upi
TXN_003360,2024-04-07,ACCT_00210,PERSON_00210,emi,31981,PERSON_00095,emi
TXN_003361,2026-01-02,ACCT_00211,PERSON_00211,utility,3211,PERSON_00132,utility
TXN_003362,2023-12-25,ACCT_00212,PERSON_00212,upi,2199,PERSON_00169,upi
TXN_003363,2025-06-11,ACCT_00213,PERSON_00213,upi,4808,PERSON_00206,upi
TXN_003364,2023-07-07,ACCT_00214,PERSON_00214,rent,7917,PERSON_00243,rent
TXN_003365,2023-08-14,ACCT_00215,PERSON_00215,supplier,61838,PERSON_00280,supplier
TXN_003366,2023-10-19,ACCT_00216,PERSON_00216,customer,50443,PERSON_00317,customer
TXN_003367,2021-02-24,ACCT_00217,PERSON_00217,upi,7229,PERSON_00354,upi
TXN_003368,2024-12-13,ACCT_00218,PERSON_00218,emi,14339,PERSON_00391,emi
TXN_003369,2023-05-28,ACCT_00219,PERSON_00219,utility,1264,PERSON_00428,utility
TXN_003370,2024-12-29,ACCT_00220,PERSON_00220,fuel,4775,PERSON_00015,fuel
TXN_003371,2021-05-29,ACCT_00221,PERSON_00221,salary,72291,PERSON_00052,salary
TXN_003372,2024-06-26,ACCT_00222,PERSON_00222,grocery,1304,PERSON_00089,grocery
TXN_003373,2026-01-16,ACCT_00223,PERSON_00223,upi,133,PERSON_00126,upi
TXN_003374,2023-03-03,ACCT_00224,PERSON_00224,grocery,2943,PERSON_00163,grocery
TXN_003375,2021-05-13,ACCT_00225,PERSON_00225,customer,58743,PERSON_00200,customer
TXN_003376,2025-03-18,ACCT_00226,PERSON_00226,utility,2412,PERSON_00237,utility
TXN_003377,2024-07-19,ACCT_00227,PERSON_00227,upi,7401,PERSON_00274,upi
TXN_003378,2021-03-21,ACCT_00228,PERSON_00228,rent,6468,PERSON_00311,rent
TXN_003379,2026-03-13,ACCT_00229,PERSON_00229,fuel,2930,PERSON_00348,fuel
TXN_003380,2021-11-07,ACCT_00230,PERSON_00230,upi,4985,PERSON_00385,upi
TXN_003381,2025-10-30,ACCT_00231,PERSON_00231,grocery,756,PERSON_00422,grocery
TXN_003382,2026-06-15,ACCT_00232,PERSON_00232,fuel,975,PERSON_00009,fuel
TXN_003383,2021-02-21,ACCT_00233,PERSON_00233,fuel,3941,PERSON_00046,fuel
TXN_003384,2025-01-26,ACCT_00234,PERSON_00234,grocery,6448,PERSON_00083,grocery
TXN_003385,2025-10-16,ACCT_00235,PERSON_00235,supplier,71545,PERSON_00120,supplier
TXN_003386,2022-03-14,ACCT_00236,PERSON_00236,upi,4191,PERSON_00157,upi
TXN_003387,2025-12-31,ACCT_00237,PERSON_00237,grocery,6174,PERSON_00194,grocery
TXN_003388,2025-09-29,ACCT_00238,PERSON_00238,customer,33959,PERSON_00231,customer
TXN_003389,2023-10-18,ACCT_00239,PERSON_00239,utility,3758,PERSON_00268,utility
TXN_003390,2025-08-09,ACCT_00240,PERSON_00240,utility,3299,PERSON_00305,utility
TXN_003391,2024-08-29,ACCT_00241,PERSON_00241,fuel,5361,PERSON_00342,fuel
TXN_003392,2023-01-06,ACCT_00242,PERSON_00242,utility,3242,PERSON_00379,utility
TXN_003393,2025-09-13,ACCT_00243,PERSON_00243,rent,10862,PERSON_00416,rent
TXN_003394,2023-08-01,ACCT_00244,PERSON_00244,fuel,2069,PERSON_00003,fuel
TXN_003395,2021-05-28,ACCT_00245,PERSON_00245,rent,6106,PERSON_00040,rent
TXN_003396,2021-10-19,ACCT_00246,PERSON_00246,emi,17173,PERSON_00077,emi
TXN_003397,2023-02-15,ACCT_00247,PERSON_00247,utility,618,PERSON_00114,utility
TXN_003398,2025-09-25,ACCT_00248,PERSON_00248,grocery,6064,PERSON_00151,grocery
TXN_003399,2025-04-16,ACCT_00249,PERSON_00249,grocery,5615,PERSON_00188,grocery
TXN_003400,2026-04-05,ACCT_00250,PERSON_00250,fuel,4878,PERSON_00225,fuel
TXN_003401,2026-04-22,ACCT_00251,PERSON_00251,supplier,48311,PERSON_00262,supplier
TXN_003402,2022-05-05,ACCT_00252,PERSON_00252,customer,21060,PERSON_00299,customer
TXN_003403,2025-01-16,ACCT_00253,PERSON_00253,supplier,80923,PERSON_00336,supplier
TXN_003404,2025-08-10,ACCT_00254,PERSON_00254,supplier,65473,PERSON_00373,supplier
TXN_003405,2022-01-10,ACCT_00255,PERSON_00255,fuel,3546,PERSON_00410,fuel
TXN_003406,2021-10-15,ACCT_00256,PERSON_00256,upi,83119,PERSON_00447,upi
TXN_003407,2021-03-27,ACCT_00257,PERSON_00257,utility,5159,PERSON_00034,utility
TXN_003408,2026-04-09,ACCT_00258,PERSON_00258,fuel,4027,PERSON_00071,fuel
TXN_003409,2024-09-17,ACCT_00259,PERSON_00259,grocery,4316,PERSON_00108,grocery
TXN_003410,2026-05-03,ACCT_00260,PERSON_00260,grocery,6425,PERSON_00145,grocery
TXN_003411,2021-12-22,ACCT_00261,PERSON_00261,supplier,76502,PERSON_00182,supplier
TXN_003412,2022-11-12,ACCT_00262,PERSON_00262,salary,66630,PERSON_00219,salary
TXN_003413,2026-01-16,ACCT_00263,PERSON_00263,salary,28797,PERSON_00256,salary
TXN_003414,2025-09-21,ACCT_00264,PERSON_00264,upi,2860,PERSON_00293,upi
TXN_003415,2024-08-13,ACCT_00265,PERSON_00265,grocery,978,PERSON_00330,grocery
TXN_003416,2021-02-05,ACCT_00266,PERSON_00266,customer,90539,PERSON_00367,customer
TXN_003417,2021-03-10,ACCT_00267,PERSON_00267,utility,6490,PERSON_00404,utility
TXN_003418,2022-11-02,ACCT_00268,PERSON_00268,fuel,3668,PERSON_00441,fuel
TXN_003419,2025-09-11,ACCT_00269,PERSON_00269,emi,13923,PERSON_00028,emi
TXN_003420,2022-06-14,ACCT_00270,PERSON_00270,customer,43038,PERSON_00065,customer
TXN_003421,2023-05-11,ACCT_00271,PERSON_00271,cash_deposit,244556,PERSON_00102,cash deposit
TXN_003422,2024-03-06,ACCT_00272,PERSON_00272,salary,25563,PERSON_00139,salary
TXN_003423,2024-10-23,ACCT_00273,PERSON_00273,upi,179207,PERSON_00176,upi
TXN_003424,2024-03-01,ACCT_00274,PERSON_00274,emi,34954,PERSON_00213,emi
TXN_003425,2024-03-21,ACCT_00275,PERSON_00275,upi,134591,PERSON_00250,upi
TXN_003426,2026-05-09,ACCT_00276,PERSON_00276,upi,11204,PERSON_00287,upi
TXN_003427,2023-01-02,ACCT_00277,PERSON_00277,rent,21266,PERSON_00324,rent
TXN_003428,2024-09-30,ACCT_00278,PERSON_00278,transfer,63014,PERSON_00361,transfer
TXN_003429,2024-07-23,ACCT_00279,PERSON_00279,customer,24884,PERSON_00398,customer
TXN_003430,2024-01-06,ACCT_00280,PERSON_00280,grocery,4001,PERSON_00435,grocery
TXN_003431,2022-07-16,ACCT_00281,PERSON_00281,fuel,3575,PERSON_00022,fuel
TXN_003432,2022-06-14,ACCT_00282,PERSON_00282,customer,33375,PERSON_00059,customer
TXN_003433,2022-05-11,ACCT_00283,PERSON_00283,transfer,73900,PERSON_00096,transfer
TXN_003434,2026-03-16,ACCT_00284,PERSON_00284,customer,107547,PERSON_00133,customer
TXN_003435,2025-11-29,ACCT_00285,PERSON_00285,utility,2757,PERSON_00170,utility
TXN_003436,2025-11-02,ACCT_00286,PERSON_00286,upi,133263,PERSON_00207,upi
TXN_003437,2026-04-15,ACCT_00287,PERSON_00287,transfer,208895,PERSON_00244,transfer
TXN_003438,2022-07-13,ACCT_00288,PERSON_00288,supplier,66895,PERSON_00281,supplier
TXN_003439,2023-02-03,ACCT_00289,PERSON_00289,transfer,13182,PERSON_00318,transfer
TXN_003440,2023-10-04,ACCT_00290,PERSON_00290,salary,60650,PERSON_00355,salary
TXN_003441,2023-01-20,ACCT_00291,PERSON_00291,fuel,4447,PERSON_00392,fuel
TXN_003442,2021-10-24,ACCT_00292,PERSON_00292,rent,11832,PERSON_00429,rent
TXN_003443,2022-01-18,ACCT_00293,PERSON_00293,customer,26313,PERSON_00016,customer
TXN_003444,2026-06-09,ACCT_00294,PERSON_00294,salary,42298,PERSON_00053,salary
TXN_003445,2021-03-04,ACCT_00295,PERSON_00295,customer,102635,PERSON_00090,customer
TXN_003446,2021-04-19,ACCT_00296,PERSON_00296,utility,3128,PERSON_00127,utility
TXN_003447,2022-11-12,ACCT_00297,PERSON_00297,customer,104363,PERSON_00164,customer
TXN_003448,2021-05-22,ACCT_00298,PERSON_00298,upi,4609,PERSON_00201,upi
TXN_003449,2024-03-27,ACCT_00299,PERSON_00299,customer,60622,PERSON_00238,customer
TXN_003450,2024-05-06,ACCT_00300,PERSON_00300,customer,99219,PERSON_00275,customer
TXN_003451,2025-01-23,ACCT_00301,PERSON_00301,grocery,3741,PERSON_00312,grocery
TXN_003452,2022-06-09,ACCT_00302,PERSON_00302,rent,11150,PERSON_00349,rent
TXN_003453,2023-12-02,ACCT_00303,PERSON_00303,salary,24209,PERSON_00386,salary
TXN_003454,2022-12-29,ACCT_00304,PERSON_00304,utility,4437,PERSON_00423,utility
TXN_003455,2022-04-08,ACCT_00305,PERSON_00305,customer,77436,PERSON_00010,customer
TXN_003456,2024-04-10,ACCT_00306,PERSON_00306,salary,22944,PERSON_00047,salary
TXN_003457,2026-05-30,ACCT_00307,PERSON_00307,upi,306,PERSON_00084,upi
TXN_003458,2024-05-12,ACCT_00308,PERSON_00308,upi,4171,PERSON_00121,upi
TXN_003459,2026-06-06,ACCT_00309,PERSON_00309,upi,1191,PERSON_00158,upi
TXN_003460,2022-07-04,ACCT_00310,PERSON_00310,upi,230651,PERSON_00195,upi
TXN_003461,2025-03-20,ACCT_00311,PERSON_00311,upi,865,PERSON_00232,upi
TXN_003462,2021-11-14,ACCT_00312,PERSON_00312,customer,54690,PERSON_00269,customer
TXN_003463,2025-12-27,ACCT_00313,PERSON_00313,upi,10362,PERSON_00306,upi
TXN_003464,2022-08-05,ACCT_00314,PERSON_00314,fuel,2541,PERSON_00343,fuel
TXN_003465,2026-04-02,ACCT_00315,PERSON_00315,cash_deposit,249841,PERSON_00380,cash deposit
TXN_003466,2021-10-14,ACCT_00316,PERSON_00316,transfer,74425,PERSON_00417,transfer
TXN_003467,2021-08-22,ACCT_00317,PERSON_00317,upi,9984,PERSON_00004,upi
TXN_003468,2025-06-08,ACCT_00318,PERSON_00318,cash_deposit,202054,PERSON_00041,cash deposit
TXN_003469,2021-11-22,ACCT_00319,PERSON_00319,rent,20477,PERSON_00078,rent
TXN_003470,2024-12-17,ACCT_00320,PERSON_00320,upi,10196,PERSON_00115,upi
TXN_003471,2024-09-08,ACCT_00321,PERSON_00321,customer,115829,PERSON_00152,customer
TXN_003472,2024-09-29,ACCT_00322,PERSON_00322,upi,135816,PERSON_00189,upi
TXN_003473,2025-08-27,ACCT_00323,PERSON_00323,fuel,2106,PERSON_00226,fuel
TXN_003474,2023-07-23,ACCT_00324,PERSON_00324,cash_deposit,81314,PERSON_00263,cash deposit
TXN_003475,2022-10-30,ACCT_00325,PERSON_00325,upi,5650,PERSON_00300,upi
TXN_003476,2024-01-04,ACCT_00326,PERSON_00326,upi,4351,PERSON_00337,upi
TXN_003477,2024-03-03,ACCT_00327,PERSON_00327,upi,2648,PERSON_00374,upi
TXN_003478,2022-07-19,ACCT_00328,PERSON_00328,transfer,132754,PERSON_00411,transfer
TXN_003479,2025-05-16,ACCT_00329,PERSON_00329,transfer,128292,PERSON_00448,transfer
TXN_003480,2022-10-17,ACCT_00330,PERSON_00330,upi,3965,PERSON_00035,upi
TXN_003481,2026-03-25,ACCT_00331,PERSON_00331,utility,6017,PERSON_00072,utility
TXN_003482,2025-02-19,ACCT_00332,PERSON_00332,upi,8988,PERSON_00109,upi
TXN_003483,2021-11-14,ACCT_00333,PERSON_00333,utility,6737,PERSON_00146,utility
TXN_003484,2025-11-09,ACCT_00334,PERSON_00334,upi,76951,PERSON_00183,upi
TXN_003485,2025-01-19,ACCT_00335,PERSON_00335,grocery,1189,PERSON_00220,grocery
TXN_003486,2021-12-27,ACCT_00336,PERSON_00336,utility,5406,PERSON_00257,utility
TXN_003487,2026-05-26,ACCT_00337,PERSON_00337,supplier,37370,PERSON_00294,supplier
TXN_003488,2026-03-04,ACCT_00338,PERSON_00338,customer,39316,PERSON_00331,customer
TXN_003489,2021-06-02,ACCT_00339,PERSON_00339,utility,3080,PERSON_00368,utility
TXN_003490,2022-09-14,ACCT_00340,PERSON_00340,grocery,2153,PERSON_00405,grocery
TXN_003491,2023-12-04,ACCT_00341,PERSON_00341,customer,20305,PERSON_00442,customer
TXN_003492,2022-11-11,ACCT_00342,PERSON_00342,rent,8642,PERSON_00029,rent
TXN_003493,2026-01-02,ACCT_00343,PERSON_00343,utility,3565,PERSON_00066,utility
TXN_003494,2023-09-21,ACCT_00344,PERSON_00344,emi,22786,PERSON_00103,emi
TXN_003495,2025-02-23,ACCT_00345,PERSON_00345,salary,33888,PERSON_00140,salary
TXN_003496,2025-03-03,ACCT_00346,PERSON_00346,salary,58494,PERSON_00177,salary
TXN_003497,2023-08-26,ACCT_00347,PERSON_00347,cash_deposit,32280,PERSON_00214,cash deposit
TXN_003498,2024-07-08,ACCT_00348,PERSON_00348,emi,13951,PERSON_00251,emi
TXN_003499,2023-04-15,ACCT_00349,PERSON_00349,rent,7804,PERSON_00288,rent
TXN_003500,2023-08-25,ACCT_00350,PERSON_00350,upi,95323,PERSON_00325,upi
TXN_003501,2022-12-23,ACCT_00351,PERSON_00351,fuel,1697,PERSON_00362,fuel
TXN_003502,2023-08-06,ACCT_00352,PERSON_00352,grocery,1396,PERSON_00399,grocery
TXN_003503,2023-09-28,ACCT_00353,PERSON_00353,emi,12854,PERSON_00436,emi
TXN_003504,2023-04-01,ACCT_00354,PERSON_00354,fuel,2310,PERSON_00023,fuel
TXN_003505,2026-01-04,ACCT_00355,PERSON_00355,emi,10326,PERSON_00060,emi
TXN_003506,2021-05-14,ACCT_00356,PERSON_00356,fuel,3302,PERSON_00097,fuel
TXN_003507,2021-11-19,ACCT_00357,PERSON_00357,utility,784,PERSON_00134,utility
TXN_003508,2023-02-07,ACCT_00358,PERSON_00358,upi,192754,PERSON_00171,upi
TXN_003509,2021-11-15,ACCT_00359,PERSON_00359,upi,76251,PERSON_00208,upi
TXN_003510,2024-08-15,ACCT_00360,PERSON_00360,supplier,8800,PERSON_00245,supplier
TXN_003511,2023-11-12,ACCT_00361,PERSON_00361,salary,47886,PERSON_00282,salary
TXN_003512,2021-04-15,ACCT_00362,PERSON_00362,fuel,3689,PERSON_00319,fuel
TXN_003513,2025-04-12,ACCT_00363,PERSON_00363,upi,1732,PERSON_00356,upi
TXN_003514,2024-11-30,ACCT_00364,PERSON_00364,salary,61592,PERSON_00393,salary
TXN_003515,2023-07-27,ACCT_00365,PERSON_00365,upi,6514,PERSON_00430,upi
TXN_003516,2022-11-28,ACCT_00366,PERSON_00366,transfer,178018,PERSON_00017,transfer
TXN_003517,2021-09-05,ACCT_00367,PERSON_00367,upi,7520,PERSON_00054,upi
TXN_003518,2026-02-07,ACCT_00368,PERSON_00368,fuel,5092,PERSON_00091,fuel
TXN_003519,2024-10-25,ACCT_00369,PERSON_00369,upi,6341,PERSON_00128,upi
TXN_003520,2026-02-14,ACCT_00370,PERSON_00370,customer,3128,PERSON_00165,customer
TXN_003521,2023-10-30,ACCT_00371,PERSON_00371,salary,27435,PERSON_00202,salary
TXN_003522,2022-05-10,ACCT_00372,PERSON_00372,salary,73946,PERSON_00239,salary
TXN_003523,2023-11-12,ACCT_00373,PERSON_00373,emi,28028,PERSON_00276,emi
TXN_003524,2024-09-02,ACCT_00374,PERSON_00374,grocery,3727,PERSON_00313,grocery
TXN_003525,2025-09-12,ACCT_00375,PERSON_00375,rent,21796,PERSON_00350,rent
TXN_003526,2023-02-03,ACCT_00376,PERSON_00376,supplier,68174,PERSON_00387,supplier
TXN_003527,2023-11-25,ACCT_00377,PERSON_00377,supplier,49974,PERSON_00424,supplier
TXN_003528,2025-03-06,ACCT_00378,PERSON_00378,supplier,80541,PERSON_00011,supplier
TXN_003529,2023-08-21,ACCT_00379,PERSON_00379,transfer,23994,PERSON_00048,transfer
TXN_003530,2025-11-17,ACCT_00380,PERSON_00380,transfer,214796,PERSON_00085,transfer
TXN_003531,2024-08-02,ACCT_00381,PERSON_00381,grocery,5083,PERSON_00122,grocery
TXN_003532,2025-01-21,ACCT_00382,PERSON_00382,upi,9028,PERSON_00159,upi
TXN_003533,2021-10-22,ACCT_00383,PERSON_00383,grocery,2150,PERSON_00196,grocery
TXN_003534,2024-12-21,ACCT_00384,PERSON_00384,rent,18931,PERSON_00233,rent
TXN_003535,2021-10-12,ACCT_00385,PERSON_00385,fuel,5603,PERSON_00270,fuel
TXN_003536,2024-05-13,ACCT_00386,PERSON_00386,salary,72553,PERSON_00307,salary
TXN_003537,2021-04-04,ACCT_00387,PERSON_00387,upi,5277,PERSON_00344,upi
TXN_003538,2024-06-13,ACCT_00388,PERSON_00388,grocery,2429,PERSON_00381,grocery
TXN_003539,2022-10-06,ACCT_00389,PERSON_00389,rent,14874,PERSON_00418,rent
TXN_003540,2023-03-22,ACCT_00390,PERSON_00390,salary,24937,PERSON_00005,salary
TXN_003541,2023-10-26,ACCT_00391,PERSON_00391,supplier,54770,PERSON_00042,supplier
TXN_003542,2024-08-14,ACCT_00392,PERSON_00392,supplier,13085,PERSON_00079,supplier
TXN_003543,2021-07-29,ACCT_00393,PERSON_00393,supplier,70983,PERSON_00116,supplier
TXN_003544,2022-02-23,ACCT_00394,PERSON_00394,salary,34715,PERSON_00153,salary
TXN_003545,2024-01-16,ACCT_00395,PERSON_00395,cash_deposit,196531,PERSON_00190,cash deposit
TXN_003546,2024-06-16,ACCT_00396,PERSON_00396,upi,10036,PERSON_00227,upi
TXN_003547,2024-03-01,ACCT_00397,PERSON_00397,upi,4260,PERSON_00264,upi
TXN_003548,2022-07-28,ACCT_00398,PERSON_00398,fuel,892,PERSON_00301,fuel
TXN_003549,2023-07-19,ACCT_00399,PERSON_00399,upi,8400,PERSON_00338,upi
TXN_003550,2025-09-09,ACCT_00400,PERSON_00400,fuel,5589,PERSON_00375,fuel
TXN_003551,2024-01-28,ACCT_00401,PERSON_00401,utility,3839,PERSON_00412,utility
TXN_003552,2022-12-23,ACCT_00402,PERSON_00402,utility,1813,PERSON_00449,utility
TXN_003553,2024-07-17,ACCT_00403,PERSON_00403,upi,2557,PERSON_00036,upi
TXN_003554,2023-02-09,ACCT_00404,PERSON_00404,emi,17199,PERSON_00073,emi
TXN_003555,2022-12-16,ACCT_00405,PERSON_00405,grocery,3191,PERSON_00110,grocery
TXN_003556,2025-12-16,ACCT_00406,PERSON_00406,customer,114765,PERSON_00147,customer
TXN_003557,2026-02-20,ACCT_00407,PERSON_00407,salary,49999,PERSON_00184,salary
TXN_003558,2024-08-29,ACCT_00408,PERSON_00408,salary,28458,PERSON_00221,salary
TXN_003559,2021-04-09,ACCT_00409,PERSON_00409,fuel,2628,PERSON_00258,fuel
TXN_003560,2021-07-19,ACCT_00410,PERSON_00410,fuel,1889,PERSON_00295,fuel
TXN_003561,2024-02-28,ACCT_00411,PERSON_00411,salary,47455,PERSON_00332,salary
TXN_003562,2025-06-05,ACCT_00412,PERSON_00412,grocery,455,PERSON_00369,grocery
TXN_003563,2021-12-25,ACCT_00413,PERSON_00413,fuel,5366,PERSON_00406,fuel
TXN_003564,2021-08-31,ACCT_00414,PERSON_00414,transfer,81006,PERSON_00443,transfer
TXN_003565,2021-02-01,ACCT_00415,PERSON_00415,transfer,47065,PERSON_00030,transfer
TXN_003566,2021-01-02,ACCT_00416,PERSON_00416,upi,4326,PERSON_00067,upi
TXN_003567,2024-12-17,ACCT_00417,PERSON_00417,customer,12169,PERSON_00104,customer
TXN_003568,2021-03-27,ACCT_00418,PERSON_00418,upi,4819,PERSON_00141,upi
TXN_003569,2024-06-23,ACCT_00419,PERSON_00419,emi,30259,PERSON_00178,emi
TXN_003570,2024-12-26,ACCT_00420,PERSON_00420,emi,16646,PERSON_00215,emi
TXN_003571,2023-02-11,ACCT_00421,PERSON_00421,supplier,25875,PERSON_00252,supplier
TXN_003572,2022-09-25,ACCT_00422,PERSON_00422,rent,14662,PERSON_00289,rent
TXN_003573,2025-07-11,ACCT_00423,PERSON_00423,supplier,18370,PERSON_00326,supplier
TXN_003574,2021-10-06,ACCT_00424,PERSON_00424,grocery,3540,PERSON_00363,grocery
TXN_003575,2021-11-26,ACCT_00425,PERSON_00425,transfer,6639,PERSON_00400,transfer
TXN_003576,2021-10-28,ACCT_00426,PERSON_00426,upi,5870,PERSON_00437,upi
TXN_003577,2025-02-01,ACCT_00427,PERSON_00427,salary,47266,PERSON_00024,salary
TXN_003578,2021-06-15,ACCT_00428,PERSON_00428,grocery,4422,PERSON_00061,grocery
TXN_003579,2024-09-04,ACCT_00429,PERSON_00429,supplier,6383,PERSON_00098,supplier
TXN_003580,2022-07-13,ACCT_00430,PERSON_00430,supplier,30342,PERSON_00135,supplier
TXN_003581,2024-05-15,ACCT_00431,PERSON_00431,upi,10235,PERSON_00172,upi
TXN_003582,2024-12-19,ACCT_00432,PERSON_00432,salary,47358,PERSON_00209,salary
TXN_003583,2025-02-17,ACCT_00433,PERSON_00433,supplier,32331,PERSON_00246,supplier
TXN_003584,2024-04-23,ACCT_00434,PERSON_00434,customer,119140,PERSON_00283,customer
TXN_003585,2022-05-03,ACCT_00435,PERSON_00435,fuel,3902,PERSON_00320,fuel
TXN_003586,2021-06-27,ACCT_00436,PERSON_00436,upi,184008,PERSON_00357,upi
TXN_003587,2022-11-19,ACCT_00437,PERSON_00437,transfer,75317,PERSON_00394,transfer
TXN_003588,2025-05-24,ACCT_00438,PERSON_00438,supplier,51935,PERSON_00431,supplier
TXN_003589,2023-08-27,ACCT_00439,PERSON_00439,fuel,5107,PERSON_00018,fuel
TXN_003590,2021-06-17,ACCT_00440,PERSON_00440,transfer,50752,PERSON_00055,transfer
TXN_003591,2023-04-27,ACCT_00441,PERSON_00441,transfer,40612,PERSON_00092,transfer
TXN_003592,2022-10-06,ACCT_00442,PERSON_00442,utility,2724,PERSON_00129,utility
TXN_003593,2023-08-11,ACCT_00443,PERSON_00443,grocery,2833,PERSON_00166,grocery
TXN_003594,2021-01-17,ACCT_00444,PERSON_00444,emi,7836,PERSON_00203,emi
TXN_003595,2023-12-30,ACCT_00445,PERSON_00445,fuel,3377,PERSON_00240,fuel
TXN_003596,2023-05-23,ACCT_00446,PERSON_00446,salary,65966,PERSON_00277,salary
TXN_003597,2022-11-05,ACCT_00447,PERSON_00447,emi,21681,PERSON_00314,emi
TXN_003598,2024-06-04,ACCT_00448,PERSON_00448,transfer,49320,PERSON_00351,transfer
TXN_003599,2024-08-30,ACCT_00449,PERSON_00449,customer,4084,PERSON_00388,customer
TXN_003600,2025-01-02,ACCT_00450,PERSON_00450,transfer,52844,PERSON_00425,transfer
TXN_003601,2022-08-23,ACCT_00001,PERSON_00001,transfer,39165,PERSON_00012,transfer
TXN_003602,2024-01-15,ACCT_00002,PERSON_00002,fuel,2850,PERSON_00049,fuel
TXN_003603,2022-09-15,ACCT_00003,PERSON_00003,salary,74443,PERSON_00086,salary
TXN_003604,2023-09-13,ACCT_00004,PERSON_00004,salary,60709,PERSON_00123,salary
TXN_003605,2024-12-08,ACCT_00005,PERSON_00005,upi,2462,PERSON_00160,upi
TXN_003606,2021-11-29,ACCT_00006,PERSON_00006,upi,100901,PERSON_00197,upi
TXN_003607,2025-02-24,ACCT_00007,PERSON_00007,upi,5198,PERSON_00234,upi
TXN_003608,2026-05-29,ACCT_00008,PERSON_00008,customer,119164,PERSON_00271,customer
TXN_003609,2021-09-22,ACCT_00009,PERSON_00009,fuel,5439,PERSON_00308,fuel
TXN_003610,2025-12-26,ACCT_00010,PERSON_00010,rent,17383,PERSON_00345,rent
TXN_003611,2023-05-18,ACCT_00011,PERSON_00011,rent,7970,PERSON_00382,rent
TXN_003612,2022-01-31,ACCT_00012,PERSON_00012,upi,173972,PERSON_00419,upi
TXN_003613,2021-07-28,ACCT_00013,PERSON_00013,salary,20117,PERSON_00006,salary
TXN_003614,2021-06-05,ACCT_00014,PERSON_00014,upi,90240,PERSON_00043,upi
TXN_003615,2021-06-23,ACCT_00015,PERSON_00015,upi,10891,PERSON_00080,upi
TXN_003616,2024-06-24,ACCT_00016,PERSON_00016,rent,15478,PERSON_00117,rent
TXN_003617,2023-09-25,ACCT_00017,PERSON_00017,utility,3782,PERSON_00154,utility
TXN_003618,2025-07-21,ACCT_00018,PERSON_00018,grocery,4655,PERSON_00191,grocery
TXN_003619,2024-10-22,ACCT_00019,PERSON_00019,upi,4215,PERSON_00228,upi
TXN_003620,2024-03-22,ACCT_00020,PERSON_00020,salary,51834,PERSON_00265,salary
TXN_003621,2021-08-01,ACCT_00021,PERSON_00021,upi,126256,PERSON_00302,upi
TXN_003622,2022-12-19,ACCT_00022,PERSON_00022,supplier,27196,PERSON_00339,supplier
TXN_003623,2022-05-27,ACCT_00023,PERSON_00023,salary,47199,PERSON_00376,salary
TXN_003624,2021-11-15,ACCT_00024,PERSON_00024,transfer,28112,PERSON_00413,transfer
TXN_003625,2025-07-18,ACCT_00025,PERSON_00025,upi,687,PERSON_00450,upi
TXN_003626,2021-03-22,ACCT_00026,PERSON_00026,upi,6151,PERSON_00037,upi
TXN_003627,2022-01-22,ACCT_00027,PERSON_00027,upi,2511,PERSON_00074,upi
TXN_003628,2021-04-24,ACCT_00028,PERSON_00028,emi,11081,PERSON_00111,emi
TXN_003629,2026-04-19,ACCT_00029,PERSON_00029,salary,33314,PERSON_00148,salary
TXN_003630,2021-03-23,ACCT_00030,PERSON_00030,supplier,58478,PERSON_00185,supplier
TXN_003631,2025-02-16,ACCT_00031,PERSON_00031,fuel,2951,PERSON_00222,fuel
TXN_003632,2022-08-26,ACCT_00032,PERSON_00032,utility,3249,PERSON_00259,utility
TXN_003633,2021-08-17,ACCT_00033,PERSON_00033,upi,81241,PERSON_00296,upi
TXN_003634,2024-01-21,ACCT_00034,PERSON_00034,upi,6234,PERSON_00333,upi
TXN_003635,2026-03-06,ACCT_00035,PERSON_00035,cash_deposit,128351,PERSON_00370,cash deposit
TXN_003636,2024-05-23,ACCT_00036,PERSON_00036,upi,844,PERSON_00407,upi
TXN_003637,2023-04-19,ACCT_00037,PERSON_00037,cash_deposit,130436,PERSON_00444,cash deposit
TXN_003638,2025-09-20,ACCT_00038,PERSON_00038,transfer,211773,PERSON_00031,transfer
TXN_003639,2024-08-15,ACCT_00039,PERSON_00039,grocery,4846,PERSON_00068,grocery
TXN_003640,2022-10-14,ACCT_00040,PERSON_00040,emi,24291,PERSON_00105,emi
TXN_003641,2023-01-07,ACCT_00041,PERSON_00041,emi,14555,PERSON_00142,emi
TXN_003642,2025-01-14,ACCT_00042,PERSON_00042,grocery,6399,PERSON_00179,grocery
TXN_003643,2024-05-03,ACCT_00043,PERSON_00043,customer,91569,PERSON_00216,customer
TXN_003644,2024-10-19,ACCT_00044,PERSON_00044,emi,4489,PERSON_00253,emi
TXN_003645,2021-10-21,ACCT_00045,PERSON_00045,upi,113806,PERSON_00290,upi
TXN_003646,2021-05-04,ACCT_00046,PERSON_00046,supplier,52039,PERSON_00327,supplier
TXN_003647,2021-03-30,ACCT_00047,PERSON_00047,transfer,24297,PERSON_00364,transfer
TXN_003648,2022-03-06,ACCT_00048,PERSON_00048,upi,193277,PERSON_00401,upi
TXN_003649,2021-02-06,ACCT_00049,PERSON_00049,utility,1748,PERSON_00438,utility
TXN_003650,2024-06-23,ACCT_00050,PERSON_00050,upi,7380,PERSON_00025,upi
TXN_003651,2023-09-04,ACCT_00051,PERSON_00051,transfer,84191,PERSON_00062,transfer
TXN_003652,2024-06-27,ACCT_00052,PERSON_00052,upi,179634,PERSON_00099,upi
TXN_003653,2022-09-10,ACCT_00053,PERSON_00053,rent,19549,PERSON_00136,rent
TXN_003654,2022-11-02,ACCT_00054,PERSON_00054,cash_deposit,107671,PERSON_00173,cash deposit
TXN_003655,2022-02-17,ACCT_00055,PERSON_00055,utility,6749,PERSON_00210,utility
TXN_003656,2024-05-30,ACCT_00056,PERSON_00056,customer,55561,PERSON_00247,customer
TXN_003657,2026-02-20,ACCT_00057,PERSON_00057,emi,21837,PERSON_00284,emi
TXN_003658,2024-10-22,ACCT_00058,PERSON_00058,upi,130883,PERSON_00321,upi
TXN_003659,2026-01-17,ACCT_00059,PERSON_00059,cash_deposit,135258,PERSON_00358,cash deposit
TXN_003660,2024-09-11,ACCT_00060,PERSON_00060,transfer,204066,PERSON_00395,transfer
TXN_003661,2021-07-27,ACCT_00061,PERSON_00061,fuel,2129,PERSON_00432,fuel
TXN_003662,2024-05-03,ACCT_00062,PERSON_00062,salary,59985,PERSON_00019,salary
TXN_003663,2023-06-21,ACCT_00063,PERSON_00063,customer,40067,PERSON_00056,customer
TXN_003664,2023-09-08,ACCT_00064,PERSON_00064,grocery,5701,PERSON_00093,grocery
TXN_003665,2025-02-20,ACCT_00065,PERSON_00065,emi,31278,PERSON_00130,emi
TXN_003666,2025-04-14,ACCT_00066,PERSON_00066,supplier,4518,PERSON_00167,supplier
TXN_003667,2022-04-21,ACCT_00067,PERSON_00067,upi,126572,PERSON_00204,upi
TXN_003668,2025-02-26,ACCT_00068,PERSON_00068,upi,866,PERSON_00241,upi
TXN_003669,2024-03-01,ACCT_00069,PERSON_00069,upi,1377,PERSON_00278,upi
TXN_003670,2025-02-01,ACCT_00070,PERSON_00070,upi,4562,PERSON_00315,upi
TXN_003671,2022-06-27,ACCT_00071,PERSON_00071,upi,9607,PERSON_00352,upi
TXN_003672,2025-03-17,ACCT_00072,PERSON_00072,transfer,72796,PERSON_00389,transfer
TXN_003673,2021-08-02,ACCT_00073,PERSON_00073,fuel,4733,PERSON_00426,fuel
TXN_003674,2026-06-20,ACCT_00074,PERSON_00074,emi,31283,PERSON_00013,emi
TXN_003675,2022-02-15,ACCT_00075,PERSON_00075,grocery,4637,PERSON_00050,grocery
TXN_003676,2022-07-27,ACCT_00076,PERSON_00076,salary,29086,PERSON_00087,salary
TXN_003677,2025-07-06,ACCT_00077,PERSON_00077,upi,3739,PERSON_00124,upi
TXN_003678,2022-03-16,ACCT_00078,PERSON_00078,salary,32419,PERSON_00161,salary
TXN_003679,2023-05-18,ACCT_00079,PERSON_00079,upi,5234,PERSON_00198,upi
TXN_003680,2023-10-28,ACCT_00080,PERSON_00080,rent,7173,PERSON_00235,rent
TXN_003681,2023-03-17,ACCT_00081,PERSON_00081,upi,92141,PERSON_00272,upi
TXN_003682,2023-01-18,ACCT_00082,PERSON_00082,customer,64364,PERSON_00309,customer
TXN_003683,2022-07-16,ACCT_00083,PERSON_00083,fuel,4491,PERSON_00346,fuel
TXN_003684,2022-05-21,ACCT_00084,PERSON_00084,transfer,152149,PERSON_00383,transfer
TXN_003685,2024-03-31,ACCT_00085,PERSON_00085,grocery,4503,PERSON_00420,grocery
TXN_003686,2022-04-16,ACCT_00086,PERSON_00086,emi,19904,PERSON_00007,emi
TXN_003687,2024-01-20,ACCT_00087,PERSON_00087,emi,9740,PERSON_00044,emi
TXN_003688,2024-02-25,ACCT_00088,PERSON_00088,supplier,43910,PERSON_00081,supplier
TXN_003689,2024-12-24,ACCT_00089,PERSON_00089,salary,61544,PERSON_00118,salary
TXN_003690,2024-08-09,ACCT_00090,PERSON_00090,customer,58031,PERSON_00155,customer
TXN_003691,2021-03-07,ACCT_00091,PERSON_00091,upi,7883,PERSON_00192,upi
TXN_003692,2024-08-08,ACCT_00092,PERSON_00092,grocery,3737,PERSON_00229,grocery
TXN_003693,2026-04-28,ACCT_00093,PERSON_00093,fuel,2799,PERSON_00266,fuel
TXN_003694,2025-02-21,ACCT_00094,PERSON_00094,supplier,14250,PERSON_00303,supplier
TXN_003695,2025-05-28,ACCT_00095,PERSON_00095,upi,245181,PERSON_00340,upi
TXN_003696,2024-04-23,ACCT_00096,PERSON_00096,cash_deposit,106290,PERSON_00377,cash deposit
TXN_003697,2021-02-08,ACCT_00097,PERSON_00097,supplier,53562,PERSON_00414,supplier
TXN_003698,2023-03-21,ACCT_00098,PERSON_00098,supplier,55733,PERSON_00001,supplier
TXN_003699,2023-01-02,ACCT_00099,PERSON_00099,emi,5147,PERSON_00038,emi
TXN_003700,2021-04-05,ACCT_00100,PERSON_00100,upi,85888,PERSON_00075,upi
TXN_003701,2026-06-18,ACCT_00101,PERSON_00101,fuel,2129,PERSON_00112,fuel
TXN_003702,2026-01-23,ACCT_00102,PERSON_00102,rent,21338,PERSON_00149,rent
TXN_003703,2021-07-11,ACCT_00103,PERSON_00103,transfer,236973,PERSON_00186,transfer
TXN_003704,2026-06-14,ACCT_00104,PERSON_00104,upi,11493,PERSON_00223,upi
TXN_003705,2024-02-12,ACCT_00105,PERSON_00105,salary,68156,PERSON_00260,salary
TXN_003706,2025-05-29,ACCT_00106,PERSON_00106,upi,27648,PERSON_00297,upi
TXN_003707,2023-11-21,ACCT_00107,PERSON_00107,customer,68638,PERSON_00334,customer
TXN_003708,2024-03-03,ACCT_00108,PERSON_00108,customer,64658,PERSON_00371,customer
TXN_003709,2025-06-28,ACCT_00109,PERSON_00109,rent,9271,PERSON_00408,rent
TXN_003710,2021-04-24,ACCT_00110,PERSON_00110,upi,202703,PERSON_00445,upi
TXN_003711,2022-03-19,ACCT_00111,PERSON_00111,transfer,38138,PERSON_00032,transfer
TXN_003712,2024-01-30,ACCT_00112,PERSON_00112,cash_deposit,115256,PERSON_00069,cash deposit
TXN_003713,2024-09-27,ACCT_00113,PERSON_00113,cash_deposit,30985,PERSON_00106,cash deposit
TXN_003714,2023-12-31,ACCT_00114,PERSON_00114,emi,10826,PERSON_00143,emi
TXN_003715,2026-04-06,ACCT_00115,PERSON_00115,supplier,64408,PERSON_00180,supplier
TXN_003716,2023-12-05,ACCT_00116,PERSON_00116,salary,33370,PERSON_00217,salary
TXN_003717,2022-09-24,ACCT_00117,PERSON_00117,salary,49615,PERSON_00254,salary
TXN_003718,2023-08-25,ACCT_00118,PERSON_00118,upi,239810,PERSON_00291,upi
TXN_003719,2025-02-12,ACCT_00119,PERSON_00119,supplier,18382,PERSON_00328,supplier
TXN_003720,2024-08-26,ACCT_00120,PERSON_00120,utility,3344,PERSON_00365,utility
TXN_003721,2022-10-22,ACCT_00121,PERSON_00121,transfer,91584,PERSON_00402,transfer
TXN_003722,2023-10-08,ACCT_00122,PERSON_00122,cash_deposit,197066,PERSON_00439,cash deposit
TXN_003723,2022-06-01,ACCT_00123,PERSON_00123,grocery,3928,PERSON_00026,grocery
TXN_003724,2026-05-12,ACCT_00124,PERSON_00124,salary,33160,PERSON_00063,salary
TXN_003725,2024-08-05,ACCT_00125,PERSON_00125,upi,6904,PERSON_00100,upi
TXN_003726,2023-06-24,ACCT_00126,PERSON_00126,upi,169045,PERSON_00137,upi
TXN_003727,2022-08-21,ACCT_00127,PERSON_00127,rent,10385,PERSON_00174,rent
TXN_003728,2021-12-23,ACCT_00128,PERSON_00128,grocery,3605,PERSON_00211,grocery
TXN_003729,2025-10-01,ACCT_00129,PERSON_00129,fuel,4226,PERSON_00248,fuel
TXN_003730,2024-02-17,ACCT_00130,PERSON_00130,rent,7279,PERSON_00285,rent
TXN_003731,2024-07-01,ACCT_00131,PERSON_00131,salary,50841,PERSON_00322,salary
TXN_003732,2025-06-29,ACCT_00132,PERSON_00132,supplier,52285,PERSON_00359,supplier
TXN_003733,2021-04-17,ACCT_00133,PERSON_00133,cash_deposit,181422,PERSON_00396,cash deposit
TXN_003734,2023-02-19,ACCT_00134,PERSON_00134,upi,123922,PERSON_00433,upi
TXN_003735,2022-04-07,ACCT_00135,PERSON_00135,utility,3397,PERSON_00020,utility
TXN_003736,2024-05-08,ACCT_00136,PERSON_00136,customer,35122,PERSON_00057,customer
TXN_003737,2022-10-02,ACCT_00137,PERSON_00137,rent,8504,PERSON_00094,rent
TXN_003738,2023-01-17,ACCT_00138,PERSON_00138,emi,15179,PERSON_00131,emi
TXN_003739,2021-03-22,ACCT_00139,PERSON_00139,salary,41563,PERSON_00168,salary
TXN_003740,2025-06-09,ACCT_00140,PERSON_00140,rent,16475,PERSON_00205,rent
TXN_003741,2021-03-29,ACCT_00141,PERSON_00141,customer,66330,PERSON_00242,customer
TXN_003742,2021-03-26,ACCT_00142,PERSON_00142,salary,54333,PERSON_00279,salary
TXN_003743,2023-06-20,ACCT_00143,PERSON_00143,emi,30249,PERSON_00316,emi
TXN_003744,2022-04-28,ACCT_00144,PERSON_00144,upi,38158,PERSON_00353,upi
TXN_003745,2022-03-30,ACCT_00145,PERSON_00145,upi,5681,PERSON_00390,upi
TXN_003746,2021-11-11,ACCT_00146,PERSON_00146,transfer,13519,PERSON_00427,transfer
TXN_003747,2021-04-14,ACCT_00147,PERSON_00147,fuel,5682,PERSON_00014,fuel
TXN_003748,2026-01-02,ACCT_00148,PERSON_00148,utility,3936,PERSON_00051,utility
TXN_003749,2022-03-30,ACCT_00149,PERSON_00149,customer,11305,PERSON_00088,customer
TXN_003750,2026-05-19,ACCT_00150,PERSON_00150,transfer,35534,PERSON_00125,transfer
TXN_003751,2022-03-05,ACCT_00151,PERSON_00151,cash_deposit,76730,PERSON_00162,cash deposit
TXN_003752,2025-08-03,ACCT_00152,PERSON_00152,supplier,36164,PERSON_00199,supplier
TXN_003753,2021-01-08,ACCT_00153,PERSON_00153,rent,12521,PERSON_00236,rent
TXN_003754,2021-02-26,ACCT_00154,PERSON_00154,grocery,4424,PERSON_00273,grocery
TXN_003755,2021-12-29,ACCT_00155,PERSON_00155,cash_deposit,227423,PERSON_00310,cash deposit
TXN_003756,2024-06-17,ACCT_00156,PERSON_00156,grocery,1783,PERSON_00347,grocery
TXN_003757,2024-09-15,ACCT_00157,PERSON_00157,transfer,39511,PERSON_00384,transfer
TXN_003758,2023-03-01,ACCT_00158,PERSON_00158,upi,5121,PERSON_00421,upi
TXN_003759,2023-02-25,ACCT_00159,PERSON_00159,fuel,2159,PERSON_00008,fuel
TXN_003760,2025-03-23,ACCT_00160,PERSON_00160,upi,168007,PERSON_00045,upi
TXN_003761,2022-10-01,ACCT_00161,PERSON_00161,upi,183835,PERSON_00082,upi
TXN_003762,2025-05-24,ACCT_00162,PERSON_00162,utility,6964,PERSON_00119,utility
TXN_003763,2026-04-07,ACCT_00163,PERSON_00163,grocery,4797,PERSON_00156,grocery
TXN_003764,2021-01-09,ACCT_00164,PERSON_00164,customer,70544,PERSON_00193,customer
TXN_003765,2024-05-14,ACCT_00165,PERSON_00165,fuel,4043,PERSON_00230,fuel
TXN_003766,2021-09-16,ACCT_00166,PERSON_00166,upi,132321,PERSON_00267,upi
TXN_003767,2024-09-06,ACCT_00167,PERSON_00167,fuel,1184,PERSON_00304,fuel
TXN_003768,2022-11-13,ACCT_00168,PERSON_00168,customer,14497,PERSON_00341,customer
TXN_003769,2024-04-04,ACCT_00169,PERSON_00169,rent,9236,PERSON_00378,rent
TXN_003770,2025-07-03,ACCT_00170,PERSON_00170,utility,4622,PERSON_00415,utility
TXN_003771,2024-12-15,ACCT_00171,PERSON_00171,grocery,1009,PERSON_00002,grocery
TXN_003772,2025-07-13,ACCT_00172,PERSON_00172,grocery,1532,PERSON_00039,grocery
TXN_003773,2021-05-08,ACCT_00173,PERSON_00173,supplier,59675,PERSON_00076,supplier
TXN_003774,2022-03-11,ACCT_00174,PERSON_00174,customer,24445,PERSON_00113,customer
TXN_003775,2023-07-22,ACCT_00175,PERSON_00175,salary,72984,PERSON_00150,salary
TXN_003776,2026-06-26,ACCT_00176,PERSON_00176,fuel,1168,PERSON_00187,fuel
TXN_003777,2025-05-28,ACCT_00177,PERSON_00177,rent,9754,PERSON_00224,rent
TXN_003778,2025-01-28,ACCT_00178,PERSON_00178,upi,7264,PERSON_00261,upi
TXN_003779,2022-03-31,ACCT_00179,PERSON_00179,emi,19175,PERSON_00298,emi
TXN_003780,2023-12-06,ACCT_00180,PERSON_00180,cash_deposit,81144,PERSON_00335,cash deposit
TXN_003781,2023-12-24,ACCT_00181,PERSON_00181,transfer,32714,PERSON_00372,transfer
TXN_003782,2024-09-03,ACCT_00182,PERSON_00182,grocery,4263,PERSON_00409,grocery
TXN_003783,2022-05-06,ACCT_00183,PERSON_00183,upi,3794,PERSON_00446,upi
TXN_003784,2021-03-14,ACCT_00184,PERSON_00184,upi,95531,PERSON_00033,upi
TXN_003785,2022-08-06,ACCT_00185,PERSON_00185,customer,35792,PERSON_00070,customer
TXN_003786,2024-04-13,ACCT_00186,PERSON_00186,grocery,2909,PERSON_00107,grocery
TXN_003787,2025-09-05,ACCT_00187,PERSON_00187,upi,9921,PERSON_00144,upi
TXN_003788,2024-11-24,ACCT_00188,PERSON_00188,rent,13067,PERSON_00181,rent
TXN_003789,2024-11-18,ACCT_00189,PERSON_00189,customer,105917,PERSON_00218,customer
TXN_003790,2024-04-19,ACCT_00190,PERSON_00190,upi,1100,PERSON_00255,upi
TXN_003791,2023-09-13,ACCT_00191,PERSON_00191,upi,186675,PERSON_00292,upi
TXN_003792,2024-11-04,ACCT_00192,PERSON_00192,fuel,5384,PERSON_00329,fuel
TXN_003793,2023-11-27,ACCT_00193,PERSON_00193,customer,7762,PERSON_00366,customer
TXN_003794,2026-04-02,ACCT_00194,PERSON_00194,supplier,36389,PERSON_00403,supplier
TXN_003795,2022-09-25,ACCT_00195,PERSON_00195,customer,106886,PERSON_00440,customer
TXN_003796,2025-03-31,ACCT_00196,PERSON_00196,customer,5968,PERSON_00027,customer
TXN_003797,2022-12-15,ACCT_00197,PERSON_00197,salary,50877,PERSON_00064,salary
TXN_003798,2024-10-30,ACCT_00198,PERSON_00198,rent,21641,PERSON_00101,rent
TXN_003799,2022-04-06,ACCT_00199,PERSON_00199,emi,14787,PERSON_00138,emi
TXN_003800,2025-12-31,ACCT_00200,PERSON_00200,transfer,36672,PERSON_00175,transfer
TXN_003801,2023-01-04,ACCT_00201,PERSON_00201,rent,17157,PERSON_00212,rent
TXN_003802,2024-10-12,ACCT_00202,PERSON_00202,supplier,5452,PERSON_00249,supplier
TXN_003803,2023-03-19,ACCT_00203,PERSON_00203,supplier,9176,PERSON_00286,supplier
TXN_003804,2026-04-10,ACCT_00204,PERSON_00204,supplier,74714,PERSON_00323,supplier
TXN_003805,2023-07-29,ACCT_00205,PERSON_00205,upi,109774,PERSON_00360,upi
TXN_003806,2025-08-24,ACCT_00206,PERSON_00206,customer,74230,PERSON_00397,customer
TXN_003807,2024-06-15,ACCT_00207,PERSON_00207,grocery,6265,PERSON_00434,grocery
TXN_003808,2021-05-09,ACCT_00208,PERSON_00208,customer,19470,PERSON_00021,customer
TXN_003809,2023-11-03,ACCT_00209,PERSON_00209,grocery,2482,PERSON_00058,grocery
TXN_003810,2021-04-09,ACCT_00210,PERSON_00210,grocery,2935,PERSON_00095,grocery
TXN_003811,2024-05-24,ACCT_00211,PERSON_00211,upi,292,PERSON_00132,upi
TXN_003812,2026-04-15,ACCT_00212,PERSON_00212,customer,31123,PERSON_00169,customer
TXN_003813,2022-11-11,ACCT_00213,PERSON_00213,cash_deposit,39244,PERSON_00206,cash deposit
TXN_003814,2021-01-01,ACCT_00214,PERSON_00214,customer,10143,PERSON_00243,customer
TXN_003815,2023-06-12,ACCT_00215,PERSON_00215,supplier,35934,PERSON_00280,supplier
TXN_003816,2022-02-02,ACCT_00216,PERSON_00216,cash_deposit,165226,PERSON_00317,cash deposit
TXN_003817,2024-07-10,ACCT_00217,PERSON_00217,customer,99006,PERSON_00354,customer
TXN_003818,2023-10-13,ACCT_00218,PERSON_00218,supplier,30077,PERSON_00391,supplier
TXN_003819,2022-12-19,ACCT_00219,PERSON_00219,supplier,38270,PERSON_00428,supplier
TXN_003820,2021-07-23,ACCT_00220,PERSON_00220,emi,17662,PERSON_00015,emi
TXN_003821,2023-12-25,ACCT_00221,PERSON_00221,grocery,2844,PERSON_00052,grocery
TXN_003822,2026-01-16,ACCT_00222,PERSON_00222,supplier,49437,PERSON_00089,supplier
TXN_003823,2025-11-10,ACCT_00223,PERSON_00223,supplier,48032,PERSON_00126,supplier
TXN_003824,2022-07-30,ACCT_00224,PERSON_00224,upi,243948,PERSON_00163,upi
TXN_003825,2025-01-20,ACCT_00225,PERSON_00225,supplier,24578,PERSON_00200,supplier
TXN_003826,2023-05-20,ACCT_00226,PERSON_00226,utility,3071,PERSON_00237,utility
TXN_003827,2021-09-12,ACCT_00227,PERSON_00227,supplier,28273,PERSON_00274,supplier
TXN_003828,2021-09-05,ACCT_00228,PERSON_00228,grocery,6316,PERSON_00311,grocery
TXN_003829,2021-02-14,ACCT_00229,PERSON_00229,cash_deposit,104129,PERSON_00348,cash deposit
TXN_003830,2022-04-25,ACCT_00230,PERSON_00230,salary,59526,PERSON_00385,salary
TXN_003831,2021-03-17,ACCT_00231,PERSON_00231,rent,17633,PERSON_00422,rent
TXN_003832,2025-05-05,ACCT_00232,PERSON_00232,grocery,2741,PERSON_00009,grocery
TXN_003833,2024-03-09,ACCT_00233,PERSON_00233,grocery,2035,PERSON_00046,grocery
TXN_003834,2025-10-01,ACCT_00234,PERSON_00234,grocery,1048,PERSON_00083,grocery
TXN_003835,2022-11-08,ACCT_00235,PERSON_00235,upi,7241,PERSON_00120,upi
TXN_003836,2023-02-28,ACCT_00236,PERSON_00236,upi,9720,PERSON_00157,upi
TXN_003837,2022-09-20,ACCT_00237,PERSON_00237,rent,15657,PERSON_00194,rent
TXN_003838,2022-10-10,ACCT_00238,PERSON_00238,emi,34850,PERSON_00231,emi
TXN_003839,2025-07-04,ACCT_00239,PERSON_00239,fuel,4542,PERSON_00268,fuel
TXN_003840,2022-02-23,ACCT_00240,PERSON_00240,emi,6016,PERSON_00305,emi
TXN_003841,2023-06-04,ACCT_00241,PERSON_00241,supplier,17673,PERSON_00342,supplier
TXN_003842,2021-06-14,ACCT_00242,PERSON_00242,rent,21960,PERSON_00379,rent
TXN_003843,2022-08-07,ACCT_00243,PERSON_00243,grocery,6175,PERSON_00416,grocery
TXN_003844,2024-10-27,ACCT_00244,PERSON_00244,upi,72930,PERSON_00003,upi
TXN_003845,2022-07-18,ACCT_00245,PERSON_00245,fuel,3071,PERSON_00040,fuel
TXN_003846,2025-08-23,ACCT_00246,PERSON_00246,emi,27857,PERSON_00077,emi
TXN_003847,2025-02-20,ACCT_00247,PERSON_00247,grocery,4114,PERSON_00114,grocery
TXN_003848,2021-12-15,ACCT_00248,PERSON_00248,upi,759,PERSON_00151,upi
TXN_003849,2022-02-26,ACCT_00249,PERSON_00249,grocery,1758,PERSON_00188,grocery
TXN_003850,2024-09-30,ACCT_00250,PERSON_00250,upi,174690,PERSON_00225,upi
TXN_003851,2025-08-24,ACCT_00251,PERSON_00251,emi,17245,PERSON_00262,emi
TXN_003852,2022-12-28,ACCT_00252,PERSON_00252,salary,22556,PERSON_00299,salary
TXN_003853,2023-08-11,ACCT_00253,PERSON_00253,salary,50603,PERSON_00336,salary
TXN_003854,2023-03-31,ACCT_00254,PERSON_00254,upi,10916,PERSON_00373,upi
TXN_003855,2025-10-26,ACCT_00255,PERSON_00255,grocery,1756,PERSON_00410,grocery
TXN_003856,2022-11-12,ACCT_00256,PERSON_00256,fuel,5141,PERSON_00447,fuel
TXN_003857,2021-06-25,ACCT_00257,PERSON_00257,utility,1643,PERSON_00034,utility
TXN_003858,2022-04-04,ACCT_00258,PERSON_00258,customer,13026,PERSON_00071,customer
TXN_003859,2023-03-20,ACCT_00259,PERSON_00259,utility,4461,PERSON_00108,utility
TXN_003860,2023-03-28,ACCT_00260,PERSON_00260,upi,1118,PERSON_00145,upi
TXN_003861,2021-03-06,ACCT_00261,PERSON_00261,rent,18289,PERSON_00182,rent
TXN_003862,2026-05-18,ACCT_00262,PERSON_00262,transfer,193700,PERSON_00219,transfer
TXN_003863,2025-09-04,ACCT_00263,PERSON_00263,upi,58793,PERSON_00256,upi
TXN_003864,2024-03-29,ACCT_00264,PERSON_00264,salary,28490,PERSON_00293,salary
TXN_003865,2021-02-15,ACCT_00265,PERSON_00265,grocery,5554,PERSON_00330,grocery
TXN_003866,2021-06-28,ACCT_00266,PERSON_00266,grocery,5779,PERSON_00367,grocery
TXN_003867,2025-03-11,ACCT_00267,PERSON_00267,customer,67472,PERSON_00404,customer
TXN_003868,2022-02-16,ACCT_00268,PERSON_00268,fuel,4411,PERSON_00441,fuel
TXN_003869,2025-04-20,ACCT_00269,PERSON_00269,grocery,5799,PERSON_00028,grocery
TXN_003870,2025-11-20,ACCT_00270,PERSON_00270,utility,461,PERSON_00065,utility
TXN_003871,2024-06-05,ACCT_00271,PERSON_00271,upi,195289,PERSON_00102,upi
TXN_003872,2021-05-10,ACCT_00272,PERSON_00272,rent,15155,PERSON_00139,rent
TXN_003873,2024-02-06,ACCT_00273,PERSON_00273,supplier,26373,PERSON_00176,supplier
TXN_003874,2026-06-17,ACCT_00274,PERSON_00274,upi,3508,PERSON_00213,upi
TXN_003875,2021-10-27,ACCT_00275,PERSON_00275,fuel,3066,PERSON_00250,fuel
TXN_003876,2021-10-25,ACCT_00276,PERSON_00276,upi,2427,PERSON_00287,upi
TXN_003877,2022-08-06,ACCT_00277,PERSON_00277,transfer,61761,PERSON_00324,transfer
TXN_003878,2022-09-28,ACCT_00278,PERSON_00278,emi,15215,PERSON_00361,emi
TXN_003879,2023-01-01,ACCT_00279,PERSON_00279,customer,73350,PERSON_00398,customer
TXN_003880,2023-06-26,ACCT_00280,PERSON_00280,emi,8190,PERSON_00435,emi
TXN_003881,2023-11-09,ACCT_00281,PERSON_00281,supplier,56204,PERSON_00022,supplier
TXN_003882,2026-06-26,ACCT_00282,PERSON_00282,upi,5609,PERSON_00059,upi
TXN_003883,2022-02-22,ACCT_00283,PERSON_00283,upi,2744,PERSON_00096,upi
TXN_003884,2025-04-10,ACCT_00284,PERSON_00284,utility,4324,PERSON_00133,utility
TXN_003885,2023-06-08,ACCT_00285,PERSON_00285,upi,7191,PERSON_00170,upi
TXN_003886,2024-03-15,ACCT_00286,PERSON_00286,upi,94058,PERSON_00207,upi
TXN_003887,2024-02-09,ACCT_00287,PERSON_00287,utility,3401,PERSON_00244,utility
TXN_003888,2025-12-16,ACCT_00288,PERSON_00288,rent,21904,PERSON_00281,rent
TXN_003889,2022-11-12,ACCT_00289,PERSON_00289,upi,11636,PERSON_00318,upi
TXN_003890,2021-06-18,ACCT_00290,PERSON_00290,transfer,161477,PERSON_00355,transfer
TXN_003891,2022-12-15,ACCT_00291,PERSON_00291,upi,231093,PERSON_00392,upi
TXN_003892,2022-06-11,ACCT_00292,PERSON_00292,customer,118538,PERSON_00429,customer
TXN_003893,2023-03-07,ACCT_00293,PERSON_00293,transfer,77935,PERSON_00016,transfer
TXN_003894,2022-09-16,ACCT_00294,PERSON_00294,cash_deposit,34594,PERSON_00053,cash deposit
TXN_003895,2022-03-18,ACCT_00295,PERSON_00295,grocery,371,PERSON_00090,grocery
TXN_003896,2021-05-11,ACCT_00296,PERSON_00296,upi,6908,PERSON_00127,upi
TXN_003897,2023-01-21,ACCT_00297,PERSON_00297,salary,26725,PERSON_00164,salary
TXN_003898,2023-07-19,ACCT_00298,PERSON_00298,emi,7309,PERSON_00201,emi
TXN_003899,2023-06-16,ACCT_00299,PERSON_00299,customer,68487,PERSON_00238,customer
TXN_003900,2024-08-13,ACCT_00300,PERSON_00300,transfer,123252,PERSON_00275,transfer
TXN_003901,2023-04-10,ACCT_00301,PERSON_00301,grocery,3342,PERSON_00312,grocery
TXN_003902,2021-09-20,ACCT_00302,PERSON_00302,utility,2930,PERSON_00349,utility
TXN_003903,2021-04-25,ACCT_00303,PERSON_00303,grocery,6368,PERSON_00386,grocery
TXN_003904,2024-06-20,ACCT_00304,PERSON_00304,upi,10594,PERSON_00423,upi
TXN_003905,2025-10-09,ACCT_00305,PERSON_00305,fuel,3712,PERSON_00010,fuel
TXN_003906,2021-08-20,ACCT_00306,PERSON_00306,transfer,66042,PERSON_00047,transfer
TXN_003907,2022-07-23,ACCT_00307,PERSON_00307,upi,3919,PERSON_00084,upi
TXN_003908,2025-10-11,ACCT_00308,PERSON_00308,utility,5228,PERSON_00121,utility
TXN_003909,2021-02-17,ACCT_00309,PERSON_00309,customer,68784,PERSON_00158,customer
TXN_003910,2023-12-06,ACCT_00310,PERSON_00310,salary,22567,PERSON_00195,salary
TXN_003911,2025-01-02,ACCT_00311,PERSON_00311,upi,9937,PERSON_00232,upi
TXN_003912,2025-03-14,ACCT_00312,PERSON_00312,upi,4519,PERSON_00269,upi
TXN_003913,2023-04-30,ACCT_00313,PERSON_00313,upi,6577,PERSON_00306,upi
TXN_003914,2024-12-02,ACCT_00314,PERSON_00314,grocery,3535,PERSON_00343,grocery
TXN_003915,2021-07-05,ACCT_00315,PERSON_00315,emi,23590,PERSON_00380,emi
TXN_003916,2023-02-27,ACCT_00316,PERSON_00316,transfer,56725,PERSON_00417,transfer
TXN_003917,2024-06-19,ACCT_00317,PERSON_00317,upi,7419,PERSON_00004,upi
TXN_003918,2021-03-25,ACCT_00318,PERSON_00318,utility,4897,PERSON_00041,utility
TXN_003919,2022-07-01,ACCT_00319,PERSON_00319,upi,3935,PERSON_00078,upi
TXN_003920,2024-06-19,ACCT_00320,PERSON_00320,cash_deposit,157538,PERSON_00115,cash deposit
TXN_003921,2022-02-02,ACCT_00321,PERSON_00321,grocery,6360,PERSON_00152,grocery
TXN_003922,2024-06-13,ACCT_00322,PERSON_00322,rent,18280,PERSON_00189,rent
TXN_003923,2023-09-28,ACCT_00323,PERSON_00323,customer,74428,PERSON_00226,customer
TXN_003924,2024-03-12,ACCT_00324,PERSON_00324,utility,1830,PERSON_00263,utility
TXN_003925,2023-12-10,ACCT_00325,PERSON_00325,utility,1920,PERSON_00300,utility
TXN_003926,2026-03-27,ACCT_00326,PERSON_00326,rent,9199,PERSON_00337,rent
TXN_003927,2021-01-30,ACCT_00327,PERSON_00327,customer,57355,PERSON_00374,customer
TXN_003928,2022-02-08,ACCT_00328,PERSON_00328,cash_deposit,173969,PERSON_00411,cash deposit
TXN_003929,2026-03-24,ACCT_00329,PERSON_00329,upi,124323,PERSON_00448,upi
TXN_003930,2022-07-14,ACCT_00330,PERSON_00330,upi,2096,PERSON_00035,upi
TXN_003931,2025-03-08,ACCT_00331,PERSON_00331,cash_deposit,94639,PERSON_00072,cash deposit
TXN_003932,2026-05-08,ACCT_00332,PERSON_00332,upi,5302,PERSON_00109,upi
TXN_003933,2025-09-20,ACCT_00333,PERSON_00333,upi,11467,PERSON_00146,upi
TXN_003934,2021-11-21,ACCT_00334,PERSON_00334,rent,14715,PERSON_00183,rent
TXN_003935,2025-04-25,ACCT_00335,PERSON_00335,emi,23433,PERSON_00220,emi
TXN_003936,2025-10-28,ACCT_00336,PERSON_00336,upi,112527,PERSON_00257,upi
TXN_003937,2024-11-01,ACCT_00337,PERSON_00337,fuel,994,PERSON_00294,fuel
TXN_003938,2025-06-12,ACCT_00338,PERSON_00338,upi,228849,PERSON_00331,upi
TXN_003939,2023-02-02,ACCT_00339,PERSON_00339,customer,25737,PERSON_00368,customer
TXN_003940,2023-03-11,ACCT_00340,PERSON_00340,upi,212146,PERSON_00405,upi
TXN_003941,2024-06-20,ACCT_00341,PERSON_00341,cash_deposit,133755,PERSON_00442,cash deposit
TXN_003942,2024-04-21,ACCT_00342,PERSON_00342,emi,24592,PERSON_00029,emi
TXN_003943,2024-11-19,ACCT_00343,PERSON_00343,upi,8658,PERSON_00066,upi
TXN_003944,2025-05-31,ACCT_00344,PERSON_00344,rent,11753,PERSON_00103,rent
TXN_003945,2023-01-05,ACCT_00345,PERSON_00345,salary,25818,PERSON_00140,salary
TXN_003946,2021-10-01,ACCT_00346,PERSON_00346,upi,2930,PERSON_00177,upi
TXN_003947,2024-07-04,ACCT_00347,PERSON_00347,emi,16417,PERSON_00214,emi
TXN_003948,2024-03-30,ACCT_00348,PERSON_00348,upi,9109,PERSON_00251,upi
TXN_003949,2025-10-24,ACCT_00349,PERSON_00349,transfer,178994,PERSON_00288,transfer
TXN_003950,2023-02-20,ACCT_00350,PERSON_00350,utility,6639,PERSON_00325,utility
TXN_003951,2021-03-26,ACCT_00351,PERSON_00351,upi,5995,PERSON_00362,upi
TXN_003952,2024-10-18,ACCT_00352,PERSON_00352,customer,92102,PERSON_00399,customer
TXN_003953,2024-07-01,ACCT_00353,PERSON_00353,upi,30308,PERSON_00436,upi
TXN_003954,2023-02-17,ACCT_00354,PERSON_00354,salary,37086,PERSON_00023,salary
TXN_003955,2021-10-16,ACCT_00355,PERSON_00355,supplier,60969,PERSON_00060,supplier
TXN_003956,2022-08-18,ACCT_00356,PERSON_00356,customer,16090,PERSON_00097,customer
TXN_003957,2026-06-22,ACCT_00357,PERSON_00357,fuel,3073,PERSON_00134,fuel
TXN_003958,2021-06-20,ACCT_00358,PERSON_00358,fuel,4330,PERSON_00171,fuel
TXN_003959,2023-02-02,ACCT_00359,PERSON_00359,upi,119647,PERSON_00208,upi
TXN_003960,2024-11-26,ACCT_00360,PERSON_00360,upi,88681,PERSON_00245,upi
TXN_003961,2024-04-30,ACCT_00361,PERSON_00361,transfer,87618,PERSON_00282,transfer
TXN_003962,2025-03-21,ACCT_00362,PERSON_00362,rent,20056,PERSON_00319,rent
TXN_003963,2026-04-23,ACCT_00363,PERSON_00363,grocery,2801,PERSON_00356,grocery
TXN_003964,2024-06-08,ACCT_00364,PERSON_00364,salary,70098,PERSON_00393,salary
TXN_003965,2021-02-09,ACCT_00365,PERSON_00365,rent,13191,PERSON_00430,rent
TXN_003966,2023-04-09,ACCT_00366,PERSON_00366,salary,59952,PERSON_00017,salary
TXN_003967,2024-05-27,ACCT_00367,PERSON_00367,grocery,1805,PERSON_00054,grocery
TXN_003968,2023-03-04,ACCT_00368,PERSON_00368,upi,279,PERSON_00091,upi
TXN_003969,2022-09-01,ACCT_00369,PERSON_00369,utility,3225,PERSON_00128,utility
TXN_003970,2026-03-30,ACCT_00370,PERSON_00370,grocery,6459,PERSON_00165,grocery
TXN_003971,2022-08-24,ACCT_00371,PERSON_00371,fuel,3159,PERSON_00202,fuel
TXN_003972,2022-10-14,ACCT_00372,PERSON_00372,fuel,3233,PERSON_00239,fuel
TXN_003973,2025-03-08,ACCT_00373,PERSON_00373,rent,19727,PERSON_00276,rent
TXN_003974,2021-08-07,ACCT_00374,PERSON_00374,salary,43428,PERSON_00313,salary
TXN_003975,2023-12-30,ACCT_00375,PERSON_00375,transfer,56815,PERSON_00350,transfer
TXN_003976,2024-11-24,ACCT_00376,PERSON_00376,fuel,3655,PERSON_00387,fuel
TXN_003977,2024-08-27,ACCT_00377,PERSON_00377,rent,14328,PERSON_00424,rent
TXN_003978,2026-02-01,ACCT_00378,PERSON_00378,utility,2433,PERSON_00011,utility
TXN_003979,2023-10-20,ACCT_00379,PERSON_00379,upi,7359,PERSON_00048,upi
TXN_003980,2023-07-11,ACCT_00380,PERSON_00380,salary,55287,PERSON_00085,salary
TXN_003981,2023-02-19,ACCT_00381,PERSON_00381,supplier,61720,PERSON_00122,supplier
TXN_003982,2022-05-13,ACCT_00382,PERSON_00382,upi,4000,PERSON_00159,upi
TXN_003983,2024-02-01,ACCT_00383,PERSON_00383,upi,92864,PERSON_00196,upi
TXN_003984,2023-09-20,ACCT_00384,PERSON_00384,fuel,4664,PERSON_00233,fuel
TXN_003985,2023-09-06,ACCT_00385,PERSON_00385,rent,16124,PERSON_00270,rent
TXN_003986,2021-08-16,ACCT_00386,PERSON_00386,supplier,81645,PERSON_00307,supplier
TXN_003987,2023-09-26,ACCT_00387,PERSON_00387,upi,11105,PERSON_00344,upi
TXN_003988,2022-11-02,ACCT_00388,PERSON_00388,supplier,42567,PERSON_00381,supplier
TXN_003989,2022-09-25,ACCT_00389,PERSON_00389,upi,155816,PERSON_00418,upi
TXN_003990,2026-01-04,ACCT_00390,PERSON_00390,cash_deposit,86673,PERSON_00005,cash deposit
TXN_003991,2022-12-13,ACCT_00391,PERSON_00391,emi,15138,PERSON_00042,emi
TXN_003992,2024-02-24,ACCT_00392,PERSON_00392,transfer,67153,PERSON_00079,transfer
TXN_003993,2026-04-14,ACCT_00393,PERSON_00393,customer,103448,PERSON_00116,customer
TXN_003994,2025-09-16,ACCT_00394,PERSON_00394,upi,40240,PERSON_00153,upi
TXN_003995,2023-03-07,ACCT_00395,PERSON_00395,fuel,2304,PERSON_00190,fuel
TXN_003996,2023-03-04,ACCT_00396,PERSON_00396,utility,6452,PERSON_00227,utility
TXN_003997,2022-06-30,ACCT_00397,PERSON_00397,salary,35513,PERSON_00264,salary
TXN_003998,2021-06-13,ACCT_00398,PERSON_00398,upi,166709,PERSON_00301,upi
TXN_003999,2026-05-10,ACCT_00399,PERSON_00399,upi,1577,PERSON_00338,upi
TXN_004000,2024-12-07,ACCT_00400,PERSON_00400,salary,44770,PERSON_00375,salary
TXN_004001,2024-11-30,ACCT_00401,PERSON_00401,customer,19549,PERSON_00412,customer
TXN_004002,2023-05-05,ACCT_00402,PERSON_00402,cash_deposit,103391,PERSON_00449,cash deposit
TXN_004003,2026-05-03,ACCT_00403,PERSON_00403,grocery,3448,PERSON_00036,grocery
TXN_004004,2025-12-01,ACCT_00404,PERSON_00404,grocery,4877,PERSON_00073,grocery
TXN_004005,2021-04-01,ACCT_00405,PERSON_00405,grocery,4158,PERSON_00110,grocery
TXN_004006,2022-02-20,ACCT_00406,PERSON_00406,grocery,4956,PERSON_00147,grocery
TXN_004007,2026-03-11,ACCT_00407,PERSON_00407,upi,11080,PERSON_00184,upi
TXN_004008,2021-11-18,ACCT_00408,PERSON_00408,rent,17545,PERSON_00221,rent
TXN_004009,2022-12-28,ACCT_00409,PERSON_00409,grocery,3988,PERSON_00258,grocery
TXN_004010,2024-07-04,ACCT_00410,PERSON_00410,transfer,45881,PERSON_00295,transfer
TXN_004011,2021-06-15,ACCT_00411,PERSON_00411,upi,49501,PERSON_00332,upi
TXN_004012,2025-07-12,ACCT_00412,PERSON_00412,supplier,26273,PERSON_00369,supplier
TXN_004013,2021-06-25,ACCT_00413,PERSON_00413,fuel,4843,PERSON_00406,fuel
TXN_004014,2024-08-03,ACCT_00414,PERSON_00414,grocery,5356,PERSON_00443,grocery
TXN_004015,2023-08-01,ACCT_00415,PERSON_00415,transfer,92315,PERSON_00030,transfer
TXN_004016,2022-08-25,ACCT_00416,PERSON_00416,rent,15005,PERSON_00067,rent
TXN_004017,2024-12-02,ACCT_00417,PERSON_00417,salary,62167,PERSON_00104,salary
TXN_004018,2023-11-04,ACCT_00418,PERSON_00418,salary,46833,PERSON_00141,salary
TXN_004019,2021-08-31,ACCT_00419,PERSON_00419,fuel,4047,PERSON_00178,fuel
TXN_004020,2021-04-08,ACCT_00420,PERSON_00420,utility,4154,PERSON_00215,utility
TXN_004021,2022-10-12,ACCT_00421,PERSON_00421,utility,2538,PERSON_00252,utility
TXN_004022,2024-06-08,ACCT_00422,PERSON_00422,fuel,2403,PERSON_00289,fuel
TXN_004023,2023-10-30,ACCT_00423,PERSON_00423,grocery,1788,PERSON_00326,grocery
TXN_004024,2025-05-18,ACCT_00424,PERSON_00424,transfer,47156,PERSON_00363,transfer
TXN_004025,2021-07-29,ACCT_00425,PERSON_00425,cash_deposit,147078,PERSON_00400,cash deposit
TXN_004026,2025-04-16,ACCT_00426,PERSON_00426,cash_deposit,85722,PERSON_00437,cash deposit
TXN_004027,2022-02-21,ACCT_00427,PERSON_00427,upi,2778,PERSON_00024,upi
TXN_004028,2023-07-12,ACCT_00428,PERSON_00428,salary,74021,PERSON_00061,salary
TXN_004029,2021-03-23,ACCT_00429,PERSON_00429,grocery,1479,PERSON_00098,grocery
TXN_004030,2022-05-16,ACCT_00430,PERSON_00430,utility,1667,PERSON_00135,utility
TXN_004031,2022-01-11,ACCT_00431,PERSON_00431,supplier,59327,PERSON_00172,supplier
TXN_004032,2022-09-30,ACCT_00432,PERSON_00432,upi,76837,PERSON_00209,upi
TXN_004033,2021-12-02,ACCT_00433,PERSON_00433,transfer,23991,PERSON_00246,transfer
TXN_004034,2022-05-01,ACCT_00434,PERSON_00434,customer,97665,PERSON_00283,customer
TXN_004035,2023-06-26,ACCT_00435,PERSON_00435,grocery,934,PERSON_00320,grocery
TXN_004036,2022-09-04,ACCT_00436,PERSON_00436,transfer,150722,PERSON_00357,transfer
TXN_004037,2022-08-11,ACCT_00437,PERSON_00437,upi,11601,PERSON_00394,upi
TXN_004038,2024-08-27,ACCT_00438,PERSON_00438,transfer,196217,PERSON_00431,transfer
TXN_004039,2021-12-06,ACCT_00439,PERSON_00439,rent,7088,PERSON_00018,rent
TXN_004040,2021-01-29,ACCT_00440,PERSON_00440,supplier,28543,PERSON_00055,supplier
TXN_004041,2021-07-20,ACCT_00441,PERSON_00441,customer,35228,PERSON_00092,customer
TXN_004042,2022-05-01,ACCT_00442,PERSON_00442,rent,9540,PERSON_00129,rent
TXN_004043,2022-08-19,ACCT_00443,PERSON_00443,customer,104318,PERSON_00166,customer
TXN_004044,2024-04-26,ACCT_00444,PERSON_00444,salary,46355,PERSON_00203,salary
TXN_004045,2022-02-16,ACCT_00445,PERSON_00445,transfer,36829,PERSON_00240,transfer
TXN_004046,2022-01-21,ACCT_00446,PERSON_00446,utility,6568,PERSON_00277,utility
TXN_004047,2024-03-18,ACCT_00447,PERSON_00447,fuel,2891,PERSON_00314,fuel
TXN_004048,2021-11-09,ACCT_00448,PERSON_00448,grocery,5615,PERSON_00351,grocery
TXN_004049,2021-04-05,ACCT_00449,PERSON_00449,rent,9642,PERSON_00388,rent
TXN_004050,2025-12-06,ACCT_00450,PERSON_00450,supplier,39194,PERSON_00425,supplier
TXN_004051,2024-11-18,ACCT_00001,PERSON_00001,grocery,5095,PERSON_00012,grocery
TXN_004052,2025-02-10,ACCT_00002,PERSON_00002,emi,28733,PERSON_00049,emi
TXN_004053,2024-01-24,ACCT_00003,PERSON_00003,fuel,3941,PERSON_00086,fuel
TXN_004054,2021-07-19,ACCT_00004,PERSON_00004,rent,20109,PERSON_00123,rent
TXN_004055,2025-01-29,ACCT_00005,PERSON_00005,upi,10656,PERSON_00160,upi
TXN_004056,2022-04-03,ACCT_00006,PERSON_00006,supplier,27534,PERSON_00197,supplier
TXN_004057,2025-11-04,ACCT_00007,PERSON_00007,transfer,46535,PERSON_00234,transfer
TXN_004058,2025-09-19,ACCT_00008,PERSON_00008,salary,70915,PERSON_00271,salary
TXN_004059,2022-01-07,ACCT_00009,PERSON_00009,salary,23148,PERSON_00308,salary
TXN_004060,2021-09-05,ACCT_00010,PERSON_00010,upi,95840,PERSON_00345,upi
TXN_004061,2022-11-22,ACCT_00011,PERSON_00011,customer,4804,PERSON_00382,customer
TXN_004062,2021-10-27,ACCT_00012,PERSON_00012,customer,62004,PERSON_00419,customer
TXN_004063,2021-03-13,ACCT_00013,PERSON_00013,rent,21157,PERSON_00006,rent
TXN_004064,2025-05-15,ACCT_00014,PERSON_00014,customer,113122,PERSON_00043,customer
TXN_004065,2024-08-13,ACCT_00015,PERSON_00015,rent,8268,PERSON_00080,rent
TXN_004066,2024-08-06,ACCT_00016,PERSON_00016,transfer,193839,PERSON_00117,transfer
TXN_004067,2022-01-18,ACCT_00017,PERSON_00017,transfer,219654,PERSON_00154,transfer
TXN_004068,2025-02-22,ACCT_00018,PERSON_00018,rent,7337,PERSON_00191,rent
TXN_004069,2024-07-25,ACCT_00019,PERSON_00019,supplier,13449,PERSON_00228,supplier
TXN_004070,2022-07-10,ACCT_00020,PERSON_00020,supplier,27926,PERSON_00265,supplier
TXN_004071,2026-01-18,ACCT_00021,PERSON_00021,supplier,14470,PERSON_00302,supplier
TXN_004072,2023-04-21,ACCT_00022,PERSON_00022,customer,27310,PERSON_00339,customer
TXN_004073,2024-03-28,ACCT_00023,PERSON_00023,salary,56479,PERSON_00376,salary
TXN_004074,2025-01-03,ACCT_00024,PERSON_00024,salary,44024,PERSON_00413,salary
TXN_004075,2021-12-10,ACCT_00025,PERSON_00025,transfer,10163,PERSON_00450,transfer
TXN_004076,2024-04-05,ACCT_00026,PERSON_00026,utility,2383,PERSON_00037,utility
TXN_004077,2022-11-02,ACCT_00027,PERSON_00027,salary,61738,PERSON_00074,salary
TXN_004078,2023-02-20,ACCT_00028,PERSON_00028,emi,26254,PERSON_00111,emi
TXN_004079,2025-05-05,ACCT_00029,PERSON_00029,rent,8735,PERSON_00148,rent
TXN_004080,2024-08-15,ACCT_00030,PERSON_00030,fuel,5841,PERSON_00185,fuel
TXN_004081,2022-09-01,ACCT_00031,PERSON_00031,transfer,92482,PERSON_00222,transfer
TXN_004082,2024-08-15,ACCT_00032,PERSON_00032,customer,17098,PERSON_00259,customer
TXN_004083,2021-05-14,ACCT_00033,PERSON_00033,rent,17146,PERSON_00296,rent
TXN_004084,2023-12-14,ACCT_00034,PERSON_00034,supplier,55361,PERSON_00333,supplier
TXN_004085,2023-11-18,ACCT_00035,PERSON_00035,upi,11953,PERSON_00370,upi
TXN_004086,2025-02-01,ACCT_00036,PERSON_00036,upi,622,PERSON_00407,upi
TXN_004087,2022-11-26,ACCT_00037,PERSON_00037,cash_deposit,58910,PERSON_00444,cash deposit
TXN_004088,2024-01-04,ACCT_00038,PERSON_00038,emi,13057,PERSON_00031,emi
TXN_004089,2025-10-17,ACCT_00039,PERSON_00039,cash_deposit,120362,PERSON_00068,cash deposit
TXN_004090,2022-04-14,ACCT_00040,PERSON_00040,customer,80259,PERSON_00105,customer
TXN_004091,2023-04-11,ACCT_00041,PERSON_00041,customer,63386,PERSON_00142,customer
TXN_004092,2022-11-12,ACCT_00042,PERSON_00042,emi,31718,PERSON_00179,emi
TXN_004093,2022-01-18,ACCT_00043,PERSON_00043,salary,63122,PERSON_00216,salary
TXN_004094,2023-03-09,ACCT_00044,PERSON_00044,rent,6046,PERSON_00253,rent
TXN_004095,2021-02-11,ACCT_00045,PERSON_00045,grocery,4847,PERSON_00290,grocery
TXN_004096,2022-02-21,ACCT_00046,PERSON_00046,grocery,2885,PERSON_00327,grocery
TXN_004097,2024-11-17,ACCT_00047,PERSON_00047,salary,54786,PERSON_00364,salary
TXN_004098,2024-02-11,ACCT_00048,PERSON_00048,grocery,6006,PERSON_00401,grocery
TXN_004099,2022-10-02,ACCT_00049,PERSON_00049,rent,9418,PERSON_00438,rent
TXN_004100,2021-04-30,ACCT_00050,PERSON_00050,supplier,27159,PERSON_00025,supplier
TXN_004101,2025-07-18,ACCT_00051,PERSON_00051,rent,7289,PERSON_00062,rent
TXN_004102,2026-01-08,ACCT_00052,PERSON_00052,upi,62154,PERSON_00099,upi
TXN_004103,2025-07-21,ACCT_00053,PERSON_00053,utility,1309,PERSON_00136,utility
TXN_004104,2022-04-04,ACCT_00054,PERSON_00054,upi,141043,PERSON_00173,upi
TXN_004105,2023-03-19,ACCT_00055,PERSON_00055,supplier,35041,PERSON_00210,supplier
TXN_004106,2021-04-08,ACCT_00056,PERSON_00056,transfer,92154,PERSON_00247,transfer
TXN_004107,2021-12-13,ACCT_00057,PERSON_00057,upi,6764,PERSON_00284,upi
TXN_004108,2021-03-07,ACCT_00058,PERSON_00058,utility,2881,PERSON_00321,utility
TXN_004109,2023-02-28,ACCT_00059,PERSON_00059,upi,6443,PERSON_00358,upi
TXN_004110,2021-11-26,ACCT_00060,PERSON_00060,upi,34397,PERSON_00395,upi
TXN_004111,2025-02-13,ACCT_00061,PERSON_00061,supplier,30925,PERSON_00432,supplier
TXN_004112,2023-08-14,ACCT_00062,PERSON_00062,upi,3314,PERSON_00019,upi
TXN_004113,2025-02-24,ACCT_00063,PERSON_00063,fuel,1549,PERSON_00056,fuel
TXN_004114,2025-04-11,ACCT_00064,PERSON_00064,upi,7275,PERSON_00093,upi
TXN_004115,2023-04-12,ACCT_00065,PERSON_00065,transfer,209462,PERSON_00130,transfer
TXN_004116,2025-06-09,ACCT_00066,PERSON_00066,upi,10705,PERSON_00167,upi
TXN_004117,2023-06-01,ACCT_00067,PERSON_00067,utility,6571,PERSON_00204,utility
TXN_004118,2021-05-07,ACCT_00068,PERSON_00068,upi,2692,PERSON_00241,upi
TXN_004119,2025-08-13,ACCT_00069,PERSON_00069,emi,28254,PERSON_00278,emi
TXN_004120,2024-05-10,ACCT_00070,PERSON_00070,transfer,34885,PERSON_00315,transfer
TXN_004121,2024-09-30,ACCT_00071,PERSON_00071,transfer,56142,PERSON_00352,transfer
TXN_004122,2023-02-06,ACCT_00072,PERSON_00072,utility,6303,PERSON_00389,utility
TXN_004123,2025-06-23,ACCT_00073,PERSON_00073,supplier,38658,PERSON_00426,supplier
TXN_004124,2023-09-14,ACCT_00074,PERSON_00074,fuel,4735,PERSON_00013,fuel
TXN_004125,2021-07-12,ACCT_00075,PERSON_00075,salary,39167,PERSON_00050,salary
TXN_004126,2022-02-03,ACCT_00076,PERSON_00076,rent,21572,PERSON_00087,rent
TXN_004127,2023-03-14,ACCT_00077,PERSON_00077,salary,28637,PERSON_00124,salary
TXN_004128,2022-08-09,ACCT_00078,PERSON_00078,grocery,5151,PERSON_00161,grocery
TXN_004129,2021-04-16,ACCT_00079,PERSON_00079,transfer,84553,PERSON_00198,transfer
TXN_004130,2022-06-14,ACCT_00080,PERSON_00080,salary,69714,PERSON_00235,salary
TXN_004131,2022-07-27,ACCT_00081,PERSON_00081,grocery,816,PERSON_00272,grocery
TXN_004132,2026-02-23,ACCT_00082,PERSON_00082,grocery,6045,PERSON_00309,grocery
TXN_004133,2025-02-24,ACCT_00083,PERSON_00083,fuel,2553,PERSON_00346,fuel
TXN_004134,2025-12-26,ACCT_00084,PERSON_00084,fuel,5490,PERSON_00383,fuel
TXN_004135,2023-08-18,ACCT_00085,PERSON_00085,transfer,33248,PERSON_00420,transfer
TXN_004136,2023-01-08,ACCT_00086,PERSON_00086,utility,2375,PERSON_00007,utility
TXN_004137,2023-10-09,ACCT_00087,PERSON_00087,emi,11505,PERSON_00044,emi
TXN_004138,2023-07-12,ACCT_00088,PERSON_00088,upi,165842,PERSON_00081,upi
TXN_004139,2024-10-07,ACCT_00089,PERSON_00089,customer,89848,PERSON_00118,customer
TXN_004140,2021-07-01,ACCT_00090,PERSON_00090,supplier,55313,PERSON_00155,supplier
TXN_004141,2024-02-16,ACCT_00091,PERSON_00091,customer,27943,PERSON_00192,customer
TXN_004142,2023-10-21,ACCT_00092,PERSON_00092,customer,17487,PERSON_00229,customer
TXN_004143,2024-04-22,ACCT_00093,PERSON_00093,rent,6538,PERSON_00266,rent
TXN_004144,2025-10-14,ACCT_00094,PERSON_00094,supplier,69825,PERSON_00303,supplier
TXN_004145,2024-02-04,ACCT_00095,PERSON_00095,upi,55257,PERSON_00340,upi
TXN_004146,2021-10-28,ACCT_00096,PERSON_00096,upi,1678,PERSON_00377,upi
TXN_004147,2023-08-22,ACCT_00097,PERSON_00097,supplier,30414,PERSON_00414,supplier
TXN_004148,2023-05-15,ACCT_00098,PERSON_00098,salary,31890,PERSON_00001,salary
TXN_004149,2021-07-19,ACCT_00099,PERSON_00099,customer,25409,PERSON_00038,customer
TXN_004150,2022-07-04,ACCT_00100,PERSON_00100,rent,14433,PERSON_00075,rent
TXN_004151,2024-08-05,ACCT_00101,PERSON_00101,rent,6503,PERSON_00112,rent
TXN_004152,2021-05-29,ACCT_00102,PERSON_00102,utility,6594,PERSON_00149,utility
TXN_004153,2025-01-29,ACCT_00103,PERSON_00103,rent,11554,PERSON_00186,rent
TXN_004154,2023-04-14,ACCT_00104,PERSON_00104,transfer,80906,PERSON_00223,transfer
TXN_004155,2026-01-14,ACCT_00105,PERSON_00105,upi,29075,PERSON_00260,upi
TXN_004156,2023-03-24,ACCT_00106,PERSON_00106,upi,45979,PERSON_00297,upi
TXN_004157,2025-01-31,ACCT_00107,PERSON_00107,utility,4172,PERSON_00334,utility
TXN_004158,2026-04-10,ACCT_00108,PERSON_00108,customer,66904,PERSON_00371,customer
TXN_004159,2021-02-20,ACCT_00109,PERSON_00109,utility,3654,PERSON_00408,utility
TXN_004160,2025-05-17,ACCT_00110,PERSON_00110,grocery,6495,PERSON_00445,grocery
TXN_004161,2023-05-19,ACCT_00111,PERSON_00111,fuel,4087,PERSON_00032,fuel
TXN_004162,2026-03-08,ACCT_00112,PERSON_00112,upi,1854,PERSON_00069,upi
TXN_004163,2022-05-19,ACCT_00113,PERSON_00113,customer,64529,PERSON_00106,customer
TXN_004164,2021-06-15,ACCT_00114,PERSON_00114,customer,43985,PERSON_00143,customer
TXN_004165,2021-05-14,ACCT_00115,PERSON_00115,salary,45334,PERSON_00180,salary
TXN_004166,2021-12-15,ACCT_00116,PERSON_00116,customer,27158,PERSON_00217,customer
TXN_004167,2023-02-03,ACCT_00117,PERSON_00117,transfer,67366,PERSON_00254,transfer
TXN_004168,2024-12-01,ACCT_00118,PERSON_00118,upi,198479,PERSON_00291,upi
TXN_004169,2023-04-30,ACCT_00119,PERSON_00119,salary,50904,PERSON_00328,salary
TXN_004170,2024-03-31,ACCT_00120,PERSON_00120,supplier,16172,PERSON_00365,supplier
TXN_004171,2022-04-18,ACCT_00121,PERSON_00121,salary,29977,PERSON_00402,salary
TXN_004172,2023-03-02,ACCT_00122,PERSON_00122,rent,9744,PERSON_00439,rent
TXN_004173,2026-01-26,ACCT_00123,PERSON_00123,fuel,5583,PERSON_00026,fuel
TXN_004174,2021-01-14,ACCT_00124,PERSON_00124,grocery,4095,PERSON_00063,grocery
TXN_004175,2025-10-04,ACCT_00125,PERSON_00125,cash_deposit,32404,PERSON_00100,cash deposit
TXN_004176,2026-05-08,ACCT_00126,PERSON_00126,fuel,4841,PERSON_00137,fuel
TXN_004177,2021-01-24,ACCT_00127,PERSON_00127,utility,2429,PERSON_00174,utility
TXN_004178,2023-01-09,ACCT_00128,PERSON_00128,supplier,54829,PERSON_00211,supplier
TXN_004179,2021-07-14,ACCT_00129,PERSON_00129,customer,111124,PERSON_00248,customer
TXN_004180,2022-06-14,ACCT_00130,PERSON_00130,cash_deposit,64939,PERSON_00285,cash deposit
TXN_004181,2022-10-06,ACCT_00131,PERSON_00131,rent,8952,PERSON_00322,rent
TXN_004182,2021-12-19,ACCT_00132,PERSON_00132,rent,19163,PERSON_00359,rent
TXN_004183,2022-07-30,ACCT_00133,PERSON_00133,emi,25049,PERSON_00396,emi
TXN_004184,2021-07-03,ACCT_00134,PERSON_00134,fuel,5117,PERSON_00433,fuel
TXN_004185,2025-10-06,ACCT_00135,PERSON_00135,upi,2078,PERSON_00020,upi
TXN_004186,2021-10-15,ACCT_00136,PERSON_00136,grocery,523,PERSON_00057,grocery
TXN_004187,2026-02-12,ACCT_00137,PERSON_00137,grocery,6196,PERSON_00094,grocery
TXN_004188,2026-06-14,ACCT_00138,PERSON_00138,transfer,71673,PERSON_00131,transfer
TXN_004189,2021-03-13,ACCT_00139,PERSON_00139,grocery,5378,PERSON_00168,grocery
TXN_004190,2021-03-14,ACCT_00140,PERSON_00140,salary,30521,PERSON_00205,salary
TXN_004191,2023-01-06,ACCT_00141,PERSON_00141,customer,20707,PERSON_00242,customer
TXN_004192,2024-10-07,ACCT_00142,PERSON_00142,emi,30866,PERSON_00279,emi
TXN_004193,2023-01-23,ACCT_00143,PERSON_00143,transfer,46278,PERSON_00316,transfer
TXN_004194,2026-04-14,ACCT_00144,PERSON_00144,emi,30907,PERSON_00353,emi
TXN_004195,2025-08-31,ACCT_00145,PERSON_00145,transfer,24495,PERSON_00390,transfer
TXN_004196,2023-06-03,ACCT_00146,PERSON_00146,emi,31993,PERSON_00427,emi
TXN_004197,2026-03-29,ACCT_00147,PERSON_00147,upi,175030,PERSON_00014,upi
TXN_004198,2023-07-23,ACCT_00148,PERSON_00148,fuel,3485,PERSON_00051,fuel
TXN_004199,2022-05-04,ACCT_00149,PERSON_00149,grocery,4975,PERSON_00088,grocery
TXN_004200,2026-02-04,ACCT_00150,PERSON_00150,fuel,2729,PERSON_00125,fuel
TXN_004201,2023-10-09,ACCT_00151,PERSON_00151,supplier,67945,PERSON_00162,supplier
TXN_004202,2021-11-03,ACCT_00152,PERSON_00152,salary,22816,PERSON_00199,salary
TXN_004203,2023-08-30,ACCT_00153,PERSON_00153,salary,27604,PERSON_00236,salary
TXN_004204,2021-05-05,ACCT_00154,PERSON_00154,supplier,26488,PERSON_00273,supplier
TXN_004205,2021-02-18,ACCT_00155,PERSON_00155,rent,16552,PERSON_00310,rent
TXN_004206,2022-11-19,ACCT_00156,PERSON_00156,upi,234260,PERSON_00347,upi
TXN_004207,2024-05-05,ACCT_00157,PERSON_00157,supplier,64592,PERSON_00384,supplier
TXN_004208,2026-01-08,ACCT_00158,PERSON_00158,grocery,2985,PERSON_00421,grocery
TXN_004209,2022-07-22,ACCT_00159,PERSON_00159,grocery,2077,PERSON_00008,grocery
TXN_004210,2025-02-11,ACCT_00160,PERSON_00160,cash_deposit,100096,PERSON_00045,cash deposit
TXN_004211,2023-02-12,ACCT_00161,PERSON_00161,grocery,442,PERSON_00082,grocery
TXN_004212,2024-01-29,ACCT_00162,PERSON_00162,utility,2622,PERSON_00119,utility
TXN_004213,2022-07-05,ACCT_00163,PERSON_00163,transfer,17364,PERSON_00156,transfer
TXN_004214,2025-10-20,ACCT_00164,PERSON_00164,emi,10048,PERSON_00193,emi
TXN_004215,2022-02-27,ACCT_00165,PERSON_00165,transfer,46692,PERSON_00230,transfer
TXN_004216,2021-06-01,ACCT_00166,PERSON_00166,upi,231059,PERSON_00267,upi
TXN_004217,2023-01-12,ACCT_00167,PERSON_00167,salary,70698,PERSON_00304,salary
TXN_004218,2022-08-25,ACCT_00168,PERSON_00168,salary,66789,PERSON_00341,salary
TXN_004219,2024-10-21,ACCT_00169,PERSON_00169,fuel,2507,PERSON_00378,fuel
TXN_004220,2025-07-27,ACCT_00170,PERSON_00170,utility,1093,PERSON_00415,utility
TXN_004221,2023-04-10,ACCT_00171,PERSON_00171,customer,22570,PERSON_00002,customer
TXN_004222,2026-05-01,ACCT_00172,PERSON_00172,emi,4398,PERSON_00039,emi
TXN_004223,2024-03-16,ACCT_00173,PERSON_00173,supplier,51930,PERSON_00076,supplier
TXN_004224,2024-02-13,ACCT_00174,PERSON_00174,cash_deposit,58516,PERSON_00113,cash deposit
TXN_004225,2022-09-09,ACCT_00175,PERSON_00175,rent,16953,PERSON_00150,rent
TXN_004226,2023-01-15,ACCT_00176,PERSON_00176,transfer,30254,PERSON_00187,transfer
TXN_004227,2022-06-04,ACCT_00177,PERSON_00177,upi,9801,PERSON_00224,upi
TXN_004228,2023-01-19,ACCT_00178,PERSON_00178,fuel,5212,PERSON_00261,fuel
TXN_004229,2021-07-25,ACCT_00179,PERSON_00179,transfer,35094,PERSON_00298,transfer
TXN_004230,2022-03-02,ACCT_00180,PERSON_00180,grocery,3881,PERSON_00335,grocery
TXN_004231,2024-02-17,ACCT_00181,PERSON_00181,customer,119429,PERSON_00372,customer
TXN_004232,2025-12-01,ACCT_00182,PERSON_00182,grocery,3043,PERSON_00409,grocery
TXN_004233,2024-06-27,ACCT_00183,PERSON_00183,rent,14640,PERSON_00446,rent
TXN_004234,2022-05-23,ACCT_00184,PERSON_00184,salary,65263,PERSON_00033,salary
TXN_004235,2023-10-03,ACCT_00185,PERSON_00185,upi,5581,PERSON_00070,upi
TXN_004236,2023-10-29,ACCT_00186,PERSON_00186,upi,2954,PERSON_00107,upi
TXN_004237,2022-08-07,ACCT_00187,PERSON_00187,emi,30659,PERSON_00144,emi
TXN_004238,2025-10-25,ACCT_00188,PERSON_00188,transfer,20635,PERSON_00181,transfer
TXN_004239,2024-12-24,ACCT_00189,PERSON_00189,rent,13484,PERSON_00218,rent
TXN_004240,2024-12-24,ACCT_00190,PERSON_00190,supplier,43168,PERSON_00255,supplier
TXN_004241,2022-01-16,ACCT_00191,PERSON_00191,grocery,4784,PERSON_00292,grocery
TXN_004242,2023-06-29,ACCT_00192,PERSON_00192,transfer,55428,PERSON_00329,transfer
TXN_004243,2021-03-01,ACCT_00193,PERSON_00193,emi,3970,PERSON_00366,emi
TXN_004244,2021-06-25,ACCT_00194,PERSON_00194,grocery,5798,PERSON_00403,grocery
TXN_004245,2025-09-08,ACCT_00195,PERSON_00195,upi,120076,PERSON_00440,upi
TXN_004246,2026-06-25,ACCT_00196,PERSON_00196,salary,40110,PERSON_00027,salary
TXN_004247,2021-05-22,ACCT_00197,PERSON_00197,salary,48962,PERSON_00064,salary
TXN_004248,2025-02-25,ACCT_00198,PERSON_00198,upi,51597,PERSON_00101,upi
TXN_004249,2022-04-10,ACCT_00199,PERSON_00199,transfer,7926,PERSON_00138,transfer
TXN_004250,2023-06-26,ACCT_00200,PERSON_00200,utility,5441,PERSON_00175,utility
TXN_004251,2021-12-27,ACCT_00201,PERSON_00201,upi,1572,PERSON_00212,upi
TXN_004252,2021-03-25,ACCT_00202,PERSON_00202,cash_deposit,67492,PERSON_00249,cash deposit
TXN_004253,2025-10-31,ACCT_00203,PERSON_00203,upi,3468,PERSON_00286,upi
TXN_004254,2021-02-11,ACCT_00204,PERSON_00204,fuel,2972,PERSON_00323,fuel
TXN_004255,2025-10-08,ACCT_00205,PERSON_00205,grocery,3624,PERSON_00360,grocery
TXN_004256,2022-08-04,ACCT_00206,PERSON_00206,emi,34755,PERSON_00397,emi
TXN_004257,2025-08-10,ACCT_00207,PERSON_00207,cash_deposit,115553,PERSON_00434,cash deposit
TXN_004258,2025-01-27,ACCT_00208,PERSON_00208,salary,40985,PERSON_00021,salary
TXN_004259,2021-02-10,ACCT_00209,PERSON_00209,emi,6640,PERSON_00058,emi
TXN_004260,2022-10-06,ACCT_00210,PERSON_00210,customer,80316,PERSON_00095,customer
TXN_004261,2021-10-01,ACCT_00211,PERSON_00211,supplier,32210,PERSON_00132,supplier
TXN_004262,2024-10-22,ACCT_00212,PERSON_00212,grocery,4995,PERSON_00169,grocery
TXN_004263,2022-09-05,ACCT_00213,PERSON_00213,salary,65766,PERSON_00206,salary
TXN_004264,2025-07-25,ACCT_00214,PERSON_00214,customer,12705,PERSON_00243,customer
TXN_004265,2024-05-09,ACCT_00215,PERSON_00215,supplier,37868,PERSON_00280,supplier
TXN_004266,2025-01-17,ACCT_00216,PERSON_00216,transfer,231547,PERSON_00317,transfer
TXN_004267,2021-01-01,ACCT_00217,PERSON_00217,upi,6625,PERSON_00354,upi
TXN_004268,2025-04-14,ACCT_00218,PERSON_00218,fuel,3440,PERSON_00391,fuel
TXN_004269,2025-04-29,ACCT_00219,PERSON_00219,fuel,4080,PERSON_00428,fuel
TXN_004270,2024-06-19,ACCT_00220,PERSON_00220,upi,53266,PERSON_00015,upi
TXN_004271,2021-04-15,ACCT_00221,PERSON_00221,utility,2754,PERSON_00052,utility
TXN_004272,2021-11-25,ACCT_00222,PERSON_00222,rent,14447,PERSON_00089,rent
TXN_004273,2026-04-28,ACCT_00223,PERSON_00223,cash_deposit,62233,PERSON_00126,cash deposit
TXN_004274,2025-02-19,ACCT_00224,PERSON_00224,grocery,2907,PERSON_00163,grocery
TXN_004275,2026-06-06,ACCT_00225,PERSON_00225,cash_deposit,102071,PERSON_00200,cash deposit
TXN_004276,2023-07-21,ACCT_00226,PERSON_00226,salary,69842,PERSON_00237,salary
TXN_004277,2021-08-04,ACCT_00227,PERSON_00227,salary,33620,PERSON_00274,salary
TXN_004278,2023-03-25,ACCT_00228,PERSON_00228,salary,45078,PERSON_00311,salary
TXN_004279,2022-06-12,ACCT_00229,PERSON_00229,upi,173299,PERSON_00348,upi
TXN_004280,2023-05-07,ACCT_00230,PERSON_00230,grocery,3644,PERSON_00385,grocery
TXN_004281,2021-11-30,ACCT_00231,PERSON_00231,supplier,24407,PERSON_00422,supplier
TXN_004282,2021-01-09,ACCT_00232,PERSON_00232,emi,8570,PERSON_00009,emi
TXN_004283,2024-04-25,ACCT_00233,PERSON_00233,emi,6628,PERSON_00046,emi
TXN_004284,2021-03-11,ACCT_00234,PERSON_00234,upi,195158,PERSON_00083,upi
TXN_004285,2022-07-14,ACCT_00235,PERSON_00235,rent,13736,PERSON_00120,rent
TXN_004286,2023-12-19,ACCT_00236,PERSON_00236,fuel,2025,PERSON_00157,fuel
TXN_004287,2025-12-21,ACCT_00237,PERSON_00237,upi,44997,PERSON_00194,upi
TXN_004288,2025-12-26,ACCT_00238,PERSON_00238,supplier,80524,PERSON_00231,supplier
TXN_004289,2024-05-02,ACCT_00239,PERSON_00239,grocery,2329,PERSON_00268,grocery
TXN_004290,2022-04-02,ACCT_00240,PERSON_00240,grocery,5555,PERSON_00305,grocery
TXN_004291,2026-02-22,ACCT_00241,PERSON_00241,rent,11245,PERSON_00342,rent
TXN_004292,2023-09-05,ACCT_00242,PERSON_00242,cash_deposit,93952,PERSON_00379,cash deposit
TXN_004293,2024-11-23,ACCT_00243,PERSON_00243,salary,73876,PERSON_00416,salary
TXN_004294,2024-04-26,ACCT_00244,PERSON_00244,salary,18406,PERSON_00003,salary
TXN_004295,2025-07-08,ACCT_00245,PERSON_00245,cash_deposit,113275,PERSON_00040,cash deposit
TXN_004296,2024-12-13,ACCT_00246,PERSON_00246,salary,60189,PERSON_00077,salary
TXN_004297,2024-11-10,ACCT_00247,PERSON_00247,rent,13581,PERSON_00114,rent
TXN_004298,2024-01-04,ACCT_00248,PERSON_00248,fuel,4784,PERSON_00151,fuel
TXN_004299,2021-10-15,ACCT_00249,PERSON_00249,supplier,13676,PERSON_00188,supplier
TXN_004300,2021-07-09,ACCT_00250,PERSON_00250,transfer,96844,PERSON_00225,transfer
TXN_004301,2022-07-16,ACCT_00251,PERSON_00251,supplier,82688,PERSON_00262,supplier
TXN_004302,2023-06-02,ACCT_00252,PERSON_00252,supplier,72472,PERSON_00299,supplier
TXN_004303,2026-06-21,ACCT_00253,PERSON_00253,transfer,67398,PERSON_00336,transfer
TXN_004304,2022-11-24,ACCT_00254,PERSON_00254,upi,6085,PERSON_00373,upi
TXN_004305,2021-04-19,ACCT_00255,PERSON_00255,fuel,731,PERSON_00410,fuel
TXN_004306,2025-06-13,ACCT_00256,PERSON_00256,grocery,1820,PERSON_00447,grocery
TXN_004307,2024-06-08,ACCT_00257,PERSON_00257,supplier,51628,PERSON_00034,supplier
TXN_004308,2023-03-16,ACCT_00258,PERSON_00258,grocery,3927,PERSON_00071,grocery
TXN_004309,2022-01-14,ACCT_00259,PERSON_00259,fuel,2220,PERSON_00108,fuel
TXN_004310,2023-11-10,ACCT_00260,PERSON_00260,upi,219,PERSON_00145,upi
TXN_004311,2024-02-15,ACCT_00261,PERSON_00261,customer,105420,PERSON_00182,customer
TXN_004312,2023-12-12,ACCT_00262,PERSON_00262,grocery,5016,PERSON_00219,grocery
TXN_004313,2022-03-09,ACCT_00263,PERSON_00263,transfer,41024,PERSON_00256,transfer
TXN_004314,2021-07-02,ACCT_00264,PERSON_00264,rent,15875,PERSON_00293,rent
TXN_004315,2024-01-13,ACCT_00265,PERSON_00265,utility,608,PERSON_00330,utility
TXN_004316,2025-02-13,ACCT_00266,PERSON_00266,upi,7447,PERSON_00367,upi
TXN_004317,2022-09-28,ACCT_00267,PERSON_00267,cash_deposit,246758,PERSON_00404,cash deposit
TXN_004318,2023-12-22,ACCT_00268,PERSON_00268,customer,14425,PERSON_00441,customer
TXN_004319,2022-05-05,ACCT_00269,PERSON_00269,utility,520,PERSON_00028,utility
TXN_004320,2025-10-02,ACCT_00270,PERSON_00270,upi,2468,PERSON_00065,upi
TXN_004321,2022-07-08,ACCT_00271,PERSON_00271,transfer,111849,PERSON_00102,transfer
TXN_004322,2022-06-27,ACCT_00272,PERSON_00272,cash_deposit,121885,PERSON_00139,cash deposit
TXN_004323,2026-02-27,ACCT_00273,PERSON_00273,utility,6961,PERSON_00176,utility
TXN_004324,2022-04-22,ACCT_00274,PERSON_00274,salary,63080,PERSON_00213,salary
TXN_004325,2022-10-04,ACCT_00275,PERSON_00275,cash_deposit,177232,PERSON_00250,cash deposit
TXN_004326,2021-04-17,ACCT_00276,PERSON_00276,salary,35536,PERSON_00287,salary
TXN_004327,2025-04-17,ACCT_00277,PERSON_00277,supplier,15390,PERSON_00324,supplier
TXN_004328,2021-12-08,ACCT_00278,PERSON_00278,supplier,81183,PERSON_00361,supplier
TXN_004329,2021-11-27,ACCT_00279,PERSON_00279,grocery,6085,PERSON_00398,grocery
TXN_004330,2022-10-23,ACCT_00280,PERSON_00280,transfer,65235,PERSON_00435,transfer
TXN_004331,2024-10-16,ACCT_00281,PERSON_00281,supplier,53657,PERSON_00022,supplier
TXN_004332,2026-04-12,ACCT_00282,PERSON_00282,rent,8168,PERSON_00059,rent
TXN_004333,2025-09-17,ACCT_00283,PERSON_00283,grocery,2042,PERSON_00096,grocery
TXN_004334,2025-09-07,ACCT_00284,PERSON_00284,rent,9016,PERSON_00133,rent
TXN_004335,2025-10-09,ACCT_00285,PERSON_00285,grocery,5917,PERSON_00170,grocery
TXN_004336,2026-02-22,ACCT_00286,PERSON_00286,salary,48355,PERSON_00207,salary
TXN_004337,2023-06-10,ACCT_00287,PERSON_00287,utility,2953,PERSON_00244,utility
TXN_004338,2026-03-24,ACCT_00288,PERSON_00288,utility,3717,PERSON_00281,utility
TXN_004339,2024-02-18,ACCT_00289,PERSON_00289,upi,382,PERSON_00318,upi
TXN_004340,2023-02-01,ACCT_00290,PERSON_00290,cash_deposit,170280,PERSON_00355,cash deposit
TXN_004341,2021-02-01,ACCT_00291,PERSON_00291,supplier,73859,PERSON_00392,supplier
TXN_004342,2023-02-18,ACCT_00292,PERSON_00292,salary,48233,PERSON_00429,salary
TXN_004343,2021-02-24,ACCT_00293,PERSON_00293,customer,27913,PERSON_00016,customer
TXN_004344,2024-02-20,ACCT_00294,PERSON_00294,upi,7251,PERSON_00053,upi
TXN_004345,2021-04-17,ACCT_00295,PERSON_00295,emi,12265,PERSON_00090,emi
TXN_004346,2024-10-29,ACCT_00296,PERSON_00296,utility,3420,PERSON_00127,utility
TXN_004347,2025-01-05,ACCT_00297,PERSON_00297,upi,241083,PERSON_00164,upi
TXN_004348,2023-12-16,ACCT_00298,PERSON_00298,grocery,5367,PERSON_00201,grocery
TXN_004349,2024-04-15,ACCT_00299,PERSON_00299,fuel,3087,PERSON_00238,fuel
TXN_004350,2022-03-08,ACCT_00300,PERSON_00300,upi,185237,PERSON_00275,upi
TXN_004351,2022-09-23,ACCT_00301,PERSON_00301,fuel,5906,PERSON_00312,fuel
TXN_004352,2026-05-05,ACCT_00302,PERSON_00302,grocery,2556,PERSON_00349,grocery
TXN_004353,2024-06-09,ACCT_00303,PERSON_00303,upi,1398,PERSON_00386,upi
TXN_004354,2021-09-30,ACCT_00304,PERSON_00304,cash_deposit,152669,PERSON_00423,cash deposit
TXN_004355,2025-11-05,ACCT_00305,PERSON_00305,upi,5096,PERSON_00010,upi
TXN_004356,2022-07-25,ACCT_00306,PERSON_00306,emi,12227,PERSON_00047,emi
TXN_004357,2024-06-16,ACCT_00307,PERSON_00307,salary,47193,PERSON_00084,salary
TXN_004358,2025-11-21,ACCT_00308,PERSON_00308,fuel,4345,PERSON_00121,fuel
TXN_004359,2025-01-12,ACCT_00309,PERSON_00309,emi,17425,PERSON_00158,emi
TXN_004360,2022-02-11,ACCT_00310,PERSON_00310,grocery,5597,PERSON_00195,grocery
TXN_004361,2022-10-31,ACCT_00311,PERSON_00311,cash_deposit,16800,PERSON_00232,cash deposit
TXN_004362,2024-09-18,ACCT_00312,PERSON_00312,upi,5976,PERSON_00269,upi
TXN_004363,2025-07-07,ACCT_00313,PERSON_00313,utility,3994,PERSON_00306,utility
TXN_004364,2025-09-24,ACCT_00314,PERSON_00314,emi,4841,PERSON_00343,emi
TXN_004365,2023-11-23,ACCT_00315,PERSON_00315,utility,6117,PERSON_00380,utility
TXN_004366,2023-06-15,ACCT_00316,PERSON_00316,cash_deposit,163157,PERSON_00417,cash deposit
TXN_004367,2024-03-03,ACCT_00317,PERSON_00317,fuel,2170,PERSON_00004,fuel
TXN_004368,2023-01-03,ACCT_00318,PERSON_00318,rent,8020,PERSON_00041,rent
TXN_004369,2022-01-01,ACCT_00319,PERSON_00319,grocery,1049,PERSON_00078,grocery
TXN_004370,2022-02-04,ACCT_00320,PERSON_00320,fuel,1942,PERSON_00115,fuel
TXN_004371,2022-09-18,ACCT_00321,PERSON_00321,upi,242312,PERSON_00152,upi
TXN_004372,2022-05-25,ACCT_00322,PERSON_00322,grocery,1417,PERSON_00189,grocery
TXN_004373,2025-12-22,ACCT_00323,PERSON_00323,supplier,44299,PERSON_00226,supplier
TXN_004374,2026-02-17,ACCT_00324,PERSON_00324,customer,92117,PERSON_00263,customer
TXN_004375,2021-02-12,ACCT_00325,PERSON_00325,fuel,727,PERSON_00300,fuel
TXN_004376,2025-11-18,ACCT_00326,PERSON_00326,fuel,896,PERSON_00337,fuel
TXN_004377,2025-12-10,ACCT_00327,PERSON_00327,grocery,5473,PERSON_00374,grocery
TXN_004378,2025-03-17,ACCT_00328,PERSON_00328,customer,30583,PERSON_00411,customer
TXN_004379,2023-09-03,ACCT_00329,PERSON_00329,supplier,42352,PERSON_00448,supplier
TXN_004380,2025-04-18,ACCT_00330,PERSON_00330,fuel,4768,PERSON_00035,fuel
TXN_004381,2023-08-21,ACCT_00331,PERSON_00331,upi,54839,PERSON_00072,upi
TXN_004382,2024-03-21,ACCT_00332,PERSON_00332,upi,920,PERSON_00109,upi
TXN_004383,2021-06-18,ACCT_00333,PERSON_00333,fuel,2570,PERSON_00146,fuel
TXN_004384,2023-08-24,ACCT_00334,PERSON_00334,customer,63650,PERSON_00183,customer
TXN_004385,2022-02-06,ACCT_00335,PERSON_00335,transfer,27205,PERSON_00220,transfer
TXN_004386,2026-05-11,ACCT_00336,PERSON_00336,customer,18585,PERSON_00257,customer
TXN_004387,2025-05-26,ACCT_00337,PERSON_00337,transfer,73296,PERSON_00294,transfer
TXN_004388,2023-03-06,ACCT_00338,PERSON_00338,salary,50889,PERSON_00331,salary
TXN_004389,2022-02-03,ACCT_00339,PERSON_00339,salary,67350,PERSON_00368,salary
TXN_004390,2021-11-15,ACCT_00340,PERSON_00340,emi,9626,PERSON_00405,emi
TXN_004391,2023-07-18,ACCT_00341,PERSON_00341,upi,2597,PERSON_00442,upi
TXN_004392,2023-01-11,ACCT_00342,PERSON_00342,transfer,53845,PERSON_00029,transfer
TXN_004393,2026-04-07,ACCT_00343,PERSON_00343,rent,19545,PERSON_00066,rent
TXN_004394,2022-12-20,ACCT_00344,PERSON_00344,grocery,1069,PERSON_00103,grocery
TXN_004395,2026-06-12,ACCT_00345,PERSON_00345,customer,110584,PERSON_00140,customer
TXN_004396,2025-12-30,ACCT_00346,PERSON_00346,utility,4836,PERSON_00177,utility
TXN_004397,2021-01-08,ACCT_00347,PERSON_00347,rent,14723,PERSON_00214,rent
TXN_004398,2023-11-15,ACCT_00348,PERSON_00348,upi,5451,PERSON_00251,upi
TXN_004399,2024-11-25,ACCT_00349,PERSON_00349,grocery,4819,PERSON_00288,grocery
TXN_004400,2026-02-05,ACCT_00350,PERSON_00350,rent,10874,PERSON_00325,rent
TXN_004401,2024-06-18,ACCT_00351,PERSON_00351,grocery,6147,PERSON_00362,grocery
TXN_004402,2026-05-24,ACCT_00352,PERSON_00352,upi,140644,PERSON_00399,upi
TXN_004403,2022-10-07,ACCT_00353,PERSON_00353,transfer,196043,PERSON_00436,transfer
TXN_004404,2024-12-23,ACCT_00354,PERSON_00354,emi,13552,PERSON_00023,emi
TXN_004405,2021-07-04,ACCT_00355,PERSON_00355,utility,3394,PERSON_00060,utility
TXN_004406,2024-10-25,ACCT_00356,PERSON_00356,emi,12801,PERSON_00097,emi
TXN_004407,2023-05-23,ACCT_00357,PERSON_00357,transfer,74221,PERSON_00134,transfer
TXN_004408,2025-07-04,ACCT_00358,PERSON_00358,upi,38045,PERSON_00171,upi
TXN_004409,2026-02-20,ACCT_00359,PERSON_00359,fuel,2916,PERSON_00208,fuel
TXN_004410,2021-12-22,ACCT_00360,PERSON_00360,salary,18890,PERSON_00245,salary
TXN_004411,2022-10-02,ACCT_00361,PERSON_00361,supplier,16102,PERSON_00282,supplier
TXN_004412,2023-03-11,ACCT_00362,PERSON_00362,rent,12434,PERSON_00319,rent
TXN_004413,2022-05-19,ACCT_00363,PERSON_00363,upi,1166,PERSON_00356,upi
TXN_004414,2022-07-05,ACCT_00364,PERSON_00364,transfer,4978,PERSON_00393,transfer
TXN_004415,2023-09-24,ACCT_00365,PERSON_00365,supplier,26304,PERSON_00430,supplier
TXN_004416,2021-02-18,ACCT_00366,PERSON_00366,upi,163156,PERSON_00017,upi
TXN_004417,2021-11-30,ACCT_00367,PERSON_00367,transfer,21999,PERSON_00054,transfer
TXN_004418,2025-01-09,ACCT_00368,PERSON_00368,rent,17802,PERSON_00091,rent
TXN_004419,2023-04-29,ACCT_00369,PERSON_00369,fuel,1192,PERSON_00128,fuel
TXN_004420,2022-01-26,ACCT_00370,PERSON_00370,upi,78248,PERSON_00165,upi
TXN_004421,2022-04-04,ACCT_00371,PERSON_00371,emi,10840,PERSON_00202,emi
TXN_004422,2021-04-14,ACCT_00372,PERSON_00372,salary,54958,PERSON_00239,salary
TXN_004423,2025-10-20,ACCT_00373,PERSON_00373,cash_deposit,158825,PERSON_00276,cash deposit
TXN_004424,2022-05-20,ACCT_00374,PERSON_00374,cash_deposit,87935,PERSON_00313,cash deposit
TXN_004425,2024-07-27,ACCT_00375,PERSON_00375,utility,2516,PERSON_00350,utility
TXN_004426,2021-01-19,ACCT_00376,PERSON_00376,fuel,1540,PERSON_00387,fuel
TXN_004427,2024-03-19,ACCT_00377,PERSON_00377,upi,36933,PERSON_00424,upi
TXN_004428,2025-01-08,ACCT_00378,PERSON_00378,cash_deposit,16641,PERSON_00011,cash deposit
TXN_004429,2026-02-14,ACCT_00379,PERSON_00379,upi,1782,PERSON_00048,upi
TXN_004430,2026-06-20,ACCT_00380,PERSON_00380,grocery,1966,PERSON_00085,grocery
TXN_004431,2025-12-31,ACCT_00381,PERSON_00381,transfer,97934,PERSON_00122,transfer
TXN_004432,2021-07-04,ACCT_00382,PERSON_00382,salary,66572,PERSON_00159,salary
TXN_004433,2024-04-16,ACCT_00383,PERSON_00383,salary,23402,PERSON_00196,salary
TXN_004434,2023-10-02,ACCT_00384,PERSON_00384,cash_deposit,217479,PERSON_00233,cash deposit
TXN_004435,2022-05-04,ACCT_00385,PERSON_00385,customer,70158,PERSON_00270,customer
TXN_004436,2024-02-27,ACCT_00386,PERSON_00386,grocery,525,PERSON_00307,grocery
TXN_004437,2023-08-28,ACCT_00387,PERSON_00387,salary,18590,PERSON_00344,salary
TXN_004438,2022-02-09,ACCT_00388,PERSON_00388,rent,20097,PERSON_00381,rent
TXN_004439,2021-03-14,ACCT_00389,PERSON_00389,fuel,4088,PERSON_00418,fuel
TXN_004440,2021-06-24,ACCT_00390,PERSON_00390,supplier,67767,PERSON_00005,supplier
TXN_004441,2023-09-12,ACCT_00391,PERSON_00391,salary,50834,PERSON_00042,salary
TXN_004442,2024-01-11,ACCT_00392,PERSON_00392,upi,1975,PERSON_00079,upi
TXN_004443,2023-07-05,ACCT_00393,PERSON_00393,salary,20166,PERSON_00116,salary
TXN_004444,2022-07-22,ACCT_00394,PERSON_00394,upi,141006,PERSON_00153,upi
TXN_004445,2021-10-15,ACCT_00395,PERSON_00395,transfer,38487,PERSON_00190,transfer
TXN_004446,2025-12-07,ACCT_00396,PERSON_00396,cash_deposit,122982,PERSON_00227,cash deposit
TXN_004447,2022-11-30,ACCT_00397,PERSON_00397,fuel,2819,PERSON_00264,fuel
TXN_004448,2022-07-12,ACCT_00398,PERSON_00398,upi,146498,PERSON_00301,upi
TXN_004449,2022-05-07,ACCT_00399,PERSON_00399,utility,6025,PERSON_00338,utility
TXN_004450,2022-04-13,ACCT_00400,PERSON_00400,grocery,1711,PERSON_00375,grocery
TXN_004451,2023-03-18,ACCT_00401,PERSON_00401,upi,45400,PERSON_00412,upi
TXN_004452,2022-10-07,ACCT_00402,PERSON_00402,customer,30482,PERSON_00449,customer
TXN_004453,2023-11-28,ACCT_00403,PERSON_00403,fuel,4319,PERSON_00036,fuel
TXN_004454,2025-10-30,ACCT_00404,PERSON_00404,salary,64675,PERSON_00073,salary
TXN_004455,2024-07-19,ACCT_00405,PERSON_00405,fuel,5680,PERSON_00110,fuel
TXN_004456,2023-02-10,ACCT_00406,PERSON_00406,customer,1756,PERSON_00147,customer
TXN_004457,2023-02-01,ACCT_00407,PERSON_00407,supplier,13262,PERSON_00184,supplier
TXN_004458,2023-11-22,ACCT_00408,PERSON_00408,grocery,1378,PERSON_00221,grocery
TXN_004459,2023-04-25,ACCT_00409,PERSON_00409,rent,12448,PERSON_00258,rent
TXN_004460,2025-01-15,ACCT_00410,PERSON_00410,upi,73299,PERSON_00295,upi
TXN_004461,2025-07-23,ACCT_00411,PERSON_00411,grocery,3658,PERSON_00332,grocery
TXN_004462,2021-05-16,ACCT_00412,PERSON_00412,supplier,60139,PERSON_00369,supplier
TXN_004463,2023-10-03,ACCT_00413,PERSON_00413,upi,99387,PERSON_00406,upi
TXN_004464,2021-11-04,ACCT_00414,PERSON_00414,supplier,71411,PERSON_00443,supplier
TXN_004465,2025-05-04,ACCT_00415,PERSON_00415,upi,11720,PERSON_00030,upi
TXN_004466,2025-05-30,ACCT_00416,PERSON_00416,upi,8021,PERSON_00067,upi
TXN_004467,2023-07-16,ACCT_00417,PERSON_00417,upi,10348,PERSON_00104,upi
TXN_004468,2023-05-03,ACCT_00418,PERSON_00418,salary,26144,PERSON_00141,salary
TXN_004469,2024-06-11,ACCT_00419,PERSON_00419,rent,21179,PERSON_00178,rent
TXN_004470,2022-05-03,ACCT_00420,PERSON_00420,transfer,178891,PERSON_00215,transfer
TXN_004471,2024-12-10,ACCT_00421,PERSON_00421,grocery,6124,PERSON_00252,grocery
TXN_004472,2026-01-25,ACCT_00422,PERSON_00422,cash_deposit,206372,PERSON_00289,cash deposit
TXN_004473,2024-02-09,ACCT_00423,PERSON_00423,transfer,49880,PERSON_00326,transfer
TXN_004474,2021-12-27,ACCT_00424,PERSON_00424,supplier,24863,PERSON_00363,supplier
TXN_004475,2023-09-24,ACCT_00425,PERSON_00425,upi,9528,PERSON_00400,upi
TXN_004476,2023-09-16,ACCT_00426,PERSON_00426,grocery,704,PERSON_00437,grocery
TXN_004477,2024-12-07,ACCT_00427,PERSON_00427,grocery,5602,PERSON_00024,grocery
TXN_004478,2023-08-04,ACCT_00428,PERSON_00428,utility,3854,PERSON_00061,utility
TXN_004479,2021-01-03,ACCT_00429,PERSON_00429,supplier,21005,PERSON_00098,supplier
TXN_004480,2023-03-08,ACCT_00430,PERSON_00430,utility,3609,PERSON_00135,utility
TXN_004481,2024-05-07,ACCT_00431,PERSON_00431,cash_deposit,28175,PERSON_00172,cash deposit
TXN_004482,2021-04-01,ACCT_00432,PERSON_00432,transfer,170472,PERSON_00209,transfer
TXN_004483,2026-05-01,ACCT_00433,PERSON_00433,upi,4968,PERSON_00246,upi
TXN_004484,2026-06-02,ACCT_00434,PERSON_00434,supplier,5156,PERSON_00283,supplier
TXN_004485,2021-04-05,ACCT_00435,PERSON_00435,customer,20327,PERSON_00320,customer
TXN_004486,2023-10-07,ACCT_00436,PERSON_00436,cash_deposit,155607,PERSON_00357,cash deposit
TXN_004487,2021-02-07,ACCT_00437,PERSON_00437,rent,8147,PERSON_00394,rent
TXN_004488,2026-02-05,ACCT_00438,PERSON_00438,transfer,150262,PERSON_00431,transfer
TXN_004489,2024-06-04,ACCT_00439,PERSON_00439,rent,11473,PERSON_00018,rent
TXN_004490,2022-02-25,ACCT_00440,PERSON_00440,customer,91496,PERSON_00055,customer
TXN_004491,2025-03-12,ACCT_00441,PERSON_00441,salary,44858,PERSON_00092,salary
TXN_004492,2021-09-08,ACCT_00442,PERSON_00442,emi,34261,PERSON_00129,emi
TXN_004493,2021-04-06,ACCT_00443,PERSON_00443,upi,11623,PERSON_00166,upi
TXN_004494,2026-02-06,ACCT_00444,PERSON_00444,fuel,3427,PERSON_00203,fuel
TXN_004495,2023-01-04,ACCT_00445,PERSON_00445,salary,35447,PERSON_00240,salary
TXN_004496,2021-07-27,ACCT_00446,PERSON_00446,customer,85131,PERSON_00277,customer
TXN_004497,2022-12-05,ACCT_00447,PERSON_00447,grocery,5219,PERSON_00314,grocery
TXN_004498,2021-03-28,ACCT_00448,PERSON_00448,supplier,47642,PERSON_00351,supplier
TXN_004499,2023-01-22,ACCT_00449,PERSON_00449,transfer,66334,PERSON_00388,transfer
TXN_004500,2023-03-30,ACCT_00450,PERSON_00450,transfer,37394,PERSON_00425,transfer
TXN_004501,2026-05-10,ACCT_00001,PERSON_00001,grocery,2962,PERSON_00012,grocery
TXN_004502,2022-06-17,ACCT_00002,PERSON_00002,salary,25059,PERSON_00049,salary
TXN_004503,2024-01-12,ACCT_00003,PERSON_00003,supplier,68639,PERSON_00086,supplier
TXN_004504,2026-01-17,ACCT_00004,PERSON_00004,grocery,1419,PERSON_00123,grocery
TXN_004505,2021-09-14,ACCT_00005,PERSON_00005,transfer,7430,PERSON_00160,transfer
TXN_004506,2023-09-12,ACCT_00006,PERSON_00006,customer,8982,PERSON_00197,customer
TXN_004507,2023-06-14,ACCT_00007,PERSON_00007,upi,116,PERSON_00234,upi
TXN_004508,2022-08-12,ACCT_00008,PERSON_00008,customer,65966,PERSON_00271,customer
TXN_004509,2021-12-30,ACCT_00009,PERSON_00009,upi,9752,PERSON_00308,upi
TXN_004510,2022-02-19,ACCT_00010,PERSON_00010,supplier,71130,PERSON_00345,supplier
TXN_004511,2023-05-28,ACCT_00011,PERSON_00011,supplier,13752,PERSON_00382,supplier
TXN_004512,2021-01-02,ACCT_00012,PERSON_00012,cash_deposit,140401,PERSON_00419,cash deposit
TXN_004513,2023-02-27,ACCT_00013,PERSON_00013,grocery,2123,PERSON_00006,grocery
TXN_004514,2021-06-27,ACCT_00014,PERSON_00014,customer,117563,PERSON_00043,customer
TXN_004515,2024-06-02,ACCT_00015,PERSON_00015,emi,30732,PERSON_00080,emi
TXN_004516,2022-08-15,ACCT_00016,PERSON_00016,emi,29132,PERSON_00117,emi
TXN_004517,2024-05-09,ACCT_00017,PERSON_00017,rent,15186,PERSON_00154,rent
TXN_004518,2021-10-27,ACCT_00018,PERSON_00018,upi,148766,PERSON_00191,upi
TXN_004519,2025-04-17,ACCT_00019,PERSON_00019,supplier,64954,PERSON_00228,supplier
TXN_004520,2021-04-25,ACCT_00020,PERSON_00020,grocery,5795,PERSON_00265,grocery
TXN_004521,2021-09-26,ACCT_00021,PERSON_00021,transfer,199028,PERSON_00302,transfer
TXN_004522,2023-07-02,ACCT_00022,PERSON_00022,upi,51503,PERSON_00339,upi
TXN_004523,2026-06-23,ACCT_00023,PERSON_00023,upi,248452,PERSON_00376,upi
TXN_004524,2025-11-04,ACCT_00024,PERSON_00024,grocery,4040,PERSON_00413,grocery
TXN_004525,2024-05-24,ACCT_00025,PERSON_00025,supplier,80094,PERSON_00450,supplier
TXN_004526,2025-04-12,ACCT_00026,PERSON_00026,supplier,26729,PERSON_00037,supplier
TXN_004527,2023-12-07,ACCT_00027,PERSON_00027,transfer,65159,PERSON_00074,transfer
TXN_004528,2024-08-17,ACCT_00028,PERSON_00028,upi,7842,PERSON_00111,upi
TXN_004529,2025-09-30,ACCT_00029,PERSON_00029,grocery,3311,PERSON_00148,grocery
TXN_004530,2026-04-05,ACCT_00030,PERSON_00030,customer,53084,PERSON_00185,customer
TXN_004531,2024-10-21,ACCT_00031,PERSON_00031,transfer,41072,PERSON_00222,transfer
TXN_004532,2021-11-23,ACCT_00032,PERSON_00032,cash_deposit,123130,PERSON_00259,cash deposit
TXN_004533,2022-07-06,ACCT_00033,PERSON_00033,transfer,175334,PERSON_00296,transfer
TXN_004534,2025-09-18,ACCT_00034,PERSON_00034,transfer,78414,PERSON_00333,transfer
TXN_004535,2021-04-01,ACCT_00035,PERSON_00035,transfer,9128,PERSON_00370,transfer
TXN_004536,2022-03-12,ACCT_00036,PERSON_00036,upi,4819,PERSON_00407,upi
TXN_004537,2023-12-06,ACCT_00037,PERSON_00037,supplier,44351,PERSON_00444,supplier
TXN_004538,2021-03-29,ACCT_00038,PERSON_00038,grocery,4210,PERSON_00031,grocery
TXN_004539,2024-06-27,ACCT_00039,PERSON_00039,fuel,3416,PERSON_00068,fuel
TXN_004540,2025-09-05,ACCT_00040,PERSON_00040,cash_deposit,105263,PERSON_00105,cash deposit
TXN_004541,2023-04-12,ACCT_00041,PERSON_00041,transfer,66583,PERSON_00142,transfer
TXN_004542,2025-03-04,ACCT_00042,PERSON_00042,emi,25706,PERSON_00179,emi
TXN_004543,2022-12-08,ACCT_00043,PERSON_00043,fuel,1822,PERSON_00216,fuel
TXN_004544,2022-01-30,ACCT_00044,PERSON_00044,salary,21157,PERSON_00253,salary
TXN_004545,2025-02-06,ACCT_00045,PERSON_00045,transfer,83749,PERSON_00290,transfer
TXN_004546,2022-08-23,ACCT_00046,PERSON_00046,cash_deposit,81448,PERSON_00327,cash deposit
TXN_004547,2023-08-14,ACCT_00047,PERSON_00047,upi,7733,PERSON_00364,upi
TXN_004548,2024-02-01,ACCT_00048,PERSON_00048,fuel,1649,PERSON_00401,fuel
TXN_004549,2024-02-11,ACCT_00049,PERSON_00049,upi,7849,PERSON_00438,upi
TXN_004550,2024-10-03,ACCT_00050,PERSON_00050,upi,7175,PERSON_00025,upi
TXN_004551,2024-06-13,ACCT_00051,PERSON_00051,supplier,72034,PERSON_00062,supplier
TXN_004552,2021-06-23,ACCT_00052,PERSON_00052,grocery,3304,PERSON_00099,grocery
TXN_004553,2026-04-16,ACCT_00053,PERSON_00053,grocery,770,PERSON_00136,grocery
TXN_004554,2023-11-20,ACCT_00054,PERSON_00054,grocery,391,PERSON_00173,grocery
TXN_004555,2025-11-12,ACCT_00055,PERSON_00055,customer,4458,PERSON_00210,customer
TXN_004556,2022-01-17,ACCT_00056,PERSON_00056,supplier,46204,PERSON_00247,supplier
TXN_004557,2024-07-14,ACCT_00057,PERSON_00057,customer,49776,PERSON_00284,customer
TXN_004558,2023-07-27,ACCT_00058,PERSON_00058,transfer,126425,PERSON_00321,transfer
TXN_004559,2021-04-26,ACCT_00059,PERSON_00059,customer,46581,PERSON_00358,customer
TXN_004560,2024-08-28,ACCT_00060,PERSON_00060,fuel,2872,PERSON_00395,fuel
TXN_004561,2024-01-29,ACCT_00061,PERSON_00061,upi,33514,PERSON_00432,upi
TXN_004562,2024-07-21,ACCT_00062,PERSON_00062,salary,25587,PERSON_00019,salary
TXN_004563,2022-03-30,ACCT_00063,PERSON_00063,rent,17109,PERSON_00056,rent
TXN_004564,2021-11-18,ACCT_00064,PERSON_00064,salary,42517,PERSON_00093,salary
TXN_004565,2021-03-05,ACCT_00065,PERSON_00065,upi,62004,PERSON_00130,upi
TXN_004566,2021-11-01,ACCT_00066,PERSON_00066,emi,30295,PERSON_00167,emi
TXN_004567,2021-05-04,ACCT_00067,PERSON_00067,salary,59312,PERSON_00204,salary
TXN_004568,2025-09-04,ACCT_00068,PERSON_00068,salary,37814,PERSON_00241,salary
TXN_004569,2022-10-11,ACCT_00069,PERSON_00069,upi,4531,PERSON_00278,upi
TXN_004570,2026-03-03,ACCT_00070,PERSON_00070,customer,23918,PERSON_00315,customer
TXN_004571,2024-10-25,ACCT_00071,PERSON_00071,customer,103561,PERSON_00352,customer
TXN_004572,2021-11-15,ACCT_00072,PERSON_00072,customer,104236,PERSON_00389,customer
TXN_004573,2024-06-06,ACCT_00073,PERSON_00073,grocery,609,PERSON_00426,grocery
TXN_004574,2021-03-14,ACCT_00074,PERSON_00074,fuel,5200,PERSON_00013,fuel
TXN_004575,2024-07-21,ACCT_00075,PERSON_00075,transfer,39753,PERSON_00050,transfer
TXN_004576,2024-07-30,ACCT_00076,PERSON_00076,customer,4999,PERSON_00087,customer
TXN_004577,2023-02-22,ACCT_00077,PERSON_00077,upi,4554,PERSON_00124,upi
TXN_004578,2026-01-29,ACCT_00078,PERSON_00078,customer,37373,PERSON_00161,customer
TXN_004579,2022-01-01,ACCT_00079,PERSON_00079,upi,6957,PERSON_00198,upi
TXN_004580,2023-11-23,ACCT_00080,PERSON_00080,transfer,74036,PERSON_00235,transfer
TXN_004581,2023-01-09,ACCT_00081,PERSON_00081,fuel,1182,PERSON_00272,fuel
TXN_004582,2023-07-15,ACCT_00082,PERSON_00082,fuel,889,PERSON_00309,fuel
TXN_004583,2022-10-15,ACCT_00083,PERSON_00083,upi,4429,PERSON_00346,upi
TXN_004584,2021-08-18,ACCT_00084,PERSON_00084,utility,4358,PERSON_00383,utility
TXN_004585,2022-11-28,ACCT_00085,PERSON_00085,supplier,15631,PERSON_00420,supplier
TXN_004586,2023-06-18,ACCT_00086,PERSON_00086,fuel,4413,PERSON_00007,fuel
TXN_004587,2022-12-04,ACCT_00087,PERSON_00087,customer,27126,PERSON_00044,customer
TXN_004588,2022-11-08,ACCT_00088,PERSON_00088,utility,3968,PERSON_00081,utility
TXN_004589,2025-08-15,ACCT_00089,PERSON_00089,transfer,177313,PERSON_00118,transfer
TXN_004590,2025-09-29,ACCT_00090,PERSON_00090,cash_deposit,136898,PERSON_00155,cash deposit
TXN_004591,2026-02-06,ACCT_00091,PERSON_00091,grocery,626,PERSON_00192,grocery
TXN_004592,2025-11-12,ACCT_00092,PERSON_00092,customer,47717,PERSON_00229,customer
TXN_004593,2021-07-11,ACCT_00093,PERSON_00093,salary,26789,PERSON_00266,salary
TXN_004594,2022-10-09,ACCT_00094,PERSON_00094,utility,4554,PERSON_00303,utility
TXN_004595,2024-03-10,ACCT_00095,PERSON_00095,upi,40195,PERSON_00340,upi
TXN_004596,2025-10-15,ACCT_00096,PERSON_00096,emi,21670,PERSON_00377,emi
TXN_004597,2026-03-11,ACCT_00097,PERSON_00097,emi,17396,PERSON_00414,emi
TXN_004598,2026-03-31,ACCT_00098,PERSON_00098,grocery,421,PERSON_00001,grocery
TXN_004599,2025-05-08,ACCT_00099,PERSON_00099,transfer,92353,PERSON_00038,transfer
TXN_004600,2025-06-15,ACCT_00100,PERSON_00100,upi,158242,PERSON_00075,upi
TXN_004601,2021-11-05,ACCT_00101,PERSON_00101,fuel,3014,PERSON_00112,fuel
TXN_004602,2025-02-13,ACCT_00102,PERSON_00102,upi,8721,PERSON_00149,upi
TXN_004603,2022-05-21,ACCT_00103,PERSON_00103,transfer,162832,PERSON_00186,transfer
TXN_004604,2025-12-05,ACCT_00104,PERSON_00104,rent,20671,PERSON_00223,rent
TXN_004605,2024-02-03,ACCT_00105,PERSON_00105,grocery,854,PERSON_00260,grocery
TXN_004606,2022-09-14,ACCT_00106,PERSON_00106,rent,17810,PERSON_00297,rent
TXN_004607,2024-03-15,ACCT_00107,PERSON_00107,upi,316,PERSON_00334,upi
TXN_004608,2025-07-21,ACCT_00108,PERSON_00108,salary,60789,PERSON_00371,salary
TXN_004609,2026-01-31,ACCT_00109,PERSON_00109,rent,9108,PERSON_00408,rent
TXN_004610,2024-10-13,ACCT_00110,PERSON_00110,fuel,5162,PERSON_00445,fuel
TXN_004611,2021-10-09,ACCT_00111,PERSON_00111,grocery,1980,PERSON_00032,grocery
TXN_004612,2021-04-17,ACCT_00112,PERSON_00112,grocery,5799,PERSON_00069,grocery
TXN_004613,2025-01-30,ACCT_00113,PERSON_00113,fuel,3533,PERSON_00106,fuel
TXN_004614,2025-02-06,ACCT_00114,PERSON_00114,upi,72586,PERSON_00143,upi
TXN_004615,2023-12-11,ACCT_00115,PERSON_00115,salary,21444,PERSON_00180,salary
TXN_004616,2021-06-13,ACCT_00116,PERSON_00116,cash_deposit,153132,PERSON_00217,cash deposit
TXN_004617,2022-01-17,ACCT_00117,PERSON_00117,transfer,201751,PERSON_00254,transfer
TXN_004618,2021-04-29,ACCT_00118,PERSON_00118,upi,191906,PERSON_00291,upi
TXN_004619,2025-06-05,ACCT_00119,PERSON_00119,transfer,77412,PERSON_00328,transfer
TXN_004620,2024-12-08,ACCT_00120,PERSON_00120,salary,25611,PERSON_00365,salary
TXN_004621,2022-04-17,ACCT_00121,PERSON_00121,upi,7922,PERSON_00402,upi
TXN_004622,2021-07-20,ACCT_00122,PERSON_00122,grocery,2699,PERSON_00439,grocery
TXN_004623,2025-03-21,ACCT_00123,PERSON_00123,fuel,4701,PERSON_00026,fuel
TXN_004624,2021-05-20,ACCT_00124,PERSON_00124,salary,48097,PERSON_00063,salary
TXN_004625,2022-08-30,ACCT_00125,PERSON_00125,grocery,3559,PERSON_00100,grocery
TXN_004626,2025-07-15,ACCT_00126,PERSON_00126,rent,14649,PERSON_00137,rent
TXN_004627,2023-08-21,ACCT_00127,PERSON_00127,supplier,79181,PERSON_00174,supplier
TXN_004628,2022-04-24,ACCT_00128,PERSON_00128,grocery,1599,PERSON_00211,grocery
TXN_004629,2021-10-04,ACCT_00129,PERSON_00129,fuel,3016,PERSON_00248,fuel
TXN_004630,2026-05-15,ACCT_00130,PERSON_00130,salary,23889,PERSON_00285,salary
TXN_004631,2022-11-03,ACCT_00131,PERSON_00131,supplier,54986,PERSON_00322,supplier
TXN_004632,2021-03-16,ACCT_00132,PERSON_00132,upi,5640,PERSON_00359,upi
TXN_004633,2026-03-15,ACCT_00133,PERSON_00133,rent,19676,PERSON_00396,rent
TXN_004634,2021-07-21,ACCT_00134,PERSON_00134,utility,2806,PERSON_00433,utility
TXN_004635,2026-05-12,ACCT_00135,PERSON_00135,salary,23228,PERSON_00020,salary
TXN_004636,2021-05-26,ACCT_00136,PERSON_00136,supplier,8409,PERSON_00057,supplier
TXN_004637,2025-05-09,ACCT_00137,PERSON_00137,cash_deposit,51559,PERSON_00094,cash deposit
TXN_004638,2021-10-11,ACCT_00138,PERSON_00138,grocery,1034,PERSON_00131,grocery
TXN_004639,2025-04-06,ACCT_00139,PERSON_00139,salary,23294,PERSON_00168,salary
TXN_004640,2024-12-15,ACCT_00140,PERSON_00140,rent,9735,PERSON_00205,rent
TXN_004641,2023-12-17,ACCT_00141,PERSON_00141,grocery,6226,PERSON_00242,grocery
TXN_004642,2021-02-05,ACCT_00142,PERSON_00142,transfer,44665,PERSON_00279,transfer
TXN_004643,2024-04-19,ACCT_00143,PERSON_00143,emi,21933,PERSON_00316,emi
TXN_004644,2026-02-19,ACCT_00144,PERSON_00144,transfer,107276,PERSON_00353,transfer
TXN_004645,2025-07-19,ACCT_00145,PERSON_00145,rent,18549,PERSON_00390,rent
TXN_004646,2024-05-20,ACCT_00146,PERSON_00146,fuel,3452,PERSON_00427,fuel
TXN_004647,2021-12-11,ACCT_00147,PERSON_00147,emi,7230,PERSON_00014,emi
TXN_004648,2024-10-21,ACCT_00148,PERSON_00148,supplier,70231,PERSON_00051,supplier
TXN_004649,2024-01-03,ACCT_00149,PERSON_00149,grocery,378,PERSON_00088,grocery
TXN_004650,2021-03-02,ACCT_00150,PERSON_00150,utility,4295,PERSON_00125,utility
TXN_004651,2022-03-02,ACCT_00151,PERSON_00151,salary,72912,PERSON_00162,salary
TXN_004652,2024-11-08,ACCT_00152,PERSON_00152,emi,9284,PERSON_00199,emi
TXN_004653,2024-01-28,ACCT_00153,PERSON_00153,utility,3523,PERSON_00236,utility
TXN_004654,2023-10-05,ACCT_00154,PERSON_00154,utility,1861,PERSON_00273,utility
TXN_004655,2024-02-01,ACCT_00155,PERSON_00155,supplier,27794,PERSON_00310,supplier
TXN_004656,2025-03-15,ACCT_00156,PERSON_00156,upi,196032,PERSON_00347,upi
TXN_004657,2023-12-12,ACCT_00157,PERSON_00157,upi,6449,PERSON_00384,upi
TXN_004658,2024-10-26,ACCT_00158,PERSON_00158,transfer,64868,PERSON_00421,transfer
TXN_004659,2023-07-02,ACCT_00159,PERSON_00159,upi,140874,PERSON_00008,upi
TXN_004660,2022-07-13,ACCT_00160,PERSON_00160,cash_deposit,107129,PERSON_00045,cash deposit
TXN_004661,2023-08-26,ACCT_00161,PERSON_00161,supplier,3654,PERSON_00082,supplier
TXN_004662,2022-10-10,ACCT_00162,PERSON_00162,upi,181872,PERSON_00119,upi
TXN_004663,2024-12-07,ACCT_00163,PERSON_00163,upi,5126,PERSON_00156,upi
TXN_004664,2025-07-06,ACCT_00164,PERSON_00164,customer,70730,PERSON_00193,customer
TXN_004665,2025-09-09,ACCT_00165,PERSON_00165,grocery,4198,PERSON_00230,grocery
TXN_004666,2021-06-27,ACCT_00166,PERSON_00166,upi,181505,PERSON_00267,upi
TXN_004667,2024-02-16,ACCT_00167,PERSON_00167,grocery,6050,PERSON_00304,grocery
TXN_004668,2022-01-22,ACCT_00168,PERSON_00168,grocery,4445,PERSON_00341,grocery
TXN_004669,2023-01-03,ACCT_00169,PERSON_00169,customer,27754,PERSON_00378,customer
TXN_004670,2025-02-11,ACCT_00170,PERSON_00170,supplier,25736,PERSON_00415,supplier
TXN_004671,2026-06-04,ACCT_00171,PERSON_00171,customer,50688,PERSON_00002,customer
TXN_004672,2024-12-31,ACCT_00172,PERSON_00172,customer,4705,PERSON_00039,customer
TXN_004673,2021-12-29,ACCT_00173,PERSON_00173,emi,9248,PERSON_00076,emi
TXN_004674,2022-12-11,ACCT_00174,PERSON_00174,customer,11736,PERSON_00113,customer
TXN_004675,2025-12-25,ACCT_00175,PERSON_00175,supplier,82806,PERSON_00150,supplier
TXN_004676,2024-10-25,ACCT_00176,PERSON_00176,salary,54159,PERSON_00187,salary
TXN_004677,2021-03-27,ACCT_00177,PERSON_00177,utility,1321,PERSON_00224,utility
TXN_004678,2021-09-28,ACCT_00178,PERSON_00178,salary,49267,PERSON_00261,salary
TXN_004679,2022-08-08,ACCT_00179,PERSON_00179,salary,18046,PERSON_00298,salary
TXN_004680,2021-01-01,ACCT_00180,PERSON_00180,upi,232661,PERSON_00335,upi
TXN_004681,2022-01-11,ACCT_00181,PERSON_00181,grocery,1616,PERSON_00372,grocery
TXN_004682,2021-01-06,ACCT_00182,PERSON_00182,rent,17872,PERSON_00409,rent
TXN_004683,2026-03-12,ACCT_00183,PERSON_00183,upi,1548,PERSON_00446,upi
TXN_004684,2023-06-08,ACCT_00184,PERSON_00184,upi,165763,PERSON_00033,upi
TXN_004685,2025-07-24,ACCT_00185,PERSON_00185,fuel,2001,PERSON_00070,fuel
TXN_004686,2026-04-29,ACCT_00186,PERSON_00186,utility,3827,PERSON_00107,utility
TXN_004687,2021-10-01,ACCT_00187,PERSON_00187,salary,25677,PERSON_00144,salary
TXN_004688,2024-06-03,ACCT_00188,PERSON_00188,upi,3969,PERSON_00181,upi
TXN_004689,2025-06-14,ACCT_00189,PERSON_00189,salary,39776,PERSON_00218,salary
TXN_004690,2022-06-11,ACCT_00190,PERSON_00190,customer,5255,PERSON_00255,customer
TXN_004691,2021-05-22,ACCT_00191,PERSON_00191,upi,122784,PERSON_00292,upi
TXN_004692,2021-04-28,ACCT_00192,PERSON_00192,grocery,1838,PERSON_00329,grocery
TXN_004693,2022-06-22,ACCT_00193,PERSON_00193,salary,50007,PERSON_00366,salary
TXN_004694,2024-04-12,ACCT_00194,PERSON_00194,grocery,1973,PERSON_00403,grocery
TXN_004695,2023-12-08,ACCT_00195,PERSON_00195,supplier,18573,PERSON_00440,supplier
TXN_004696,2021-06-04,ACCT_00196,PERSON_00196,customer,61189,PERSON_00027,customer
TXN_004697,2024-03-23,ACCT_00197,PERSON_00197,transfer,72097,PERSON_00064,transfer
TXN_004698,2024-04-18,ACCT_00198,PERSON_00198,utility,5173,PERSON_00101,utility
TXN_004699,2025-04-24,ACCT_00199,PERSON_00199,salary,63128,PERSON_00138,salary
TXN_004700,2025-03-16,ACCT_00200,PERSON_00200,customer,24554,PERSON_00175,customer
TXN_004701,2025-03-20,ACCT_00201,PERSON_00201,supplier,32891,PERSON_00212,supplier
TXN_004702,2023-05-31,ACCT_00202,PERSON_00202,fuel,1563,PERSON_00249,fuel
TXN_004703,2023-01-06,ACCT_00203,PERSON_00203,upi,1038,PERSON_00286,upi
TXN_004704,2023-10-18,ACCT_00204,PERSON_00204,upi,4679,PERSON_00323,upi
TXN_004705,2024-07-31,ACCT_00205,PERSON_00205,rent,14366,PERSON_00360,rent
TXN_004706,2022-12-14,ACCT_00206,PERSON_00206,upi,6443,PERSON_00397,upi
TXN_004707,2024-08-03,ACCT_00207,PERSON_00207,utility,1135,PERSON_00434,utility
TXN_004708,2024-12-09,ACCT_00208,PERSON_00208,grocery,2361,PERSON_00021,grocery
TXN_004709,2024-05-06,ACCT_00209,PERSON_00209,upi,44780,PERSON_00058,upi
TXN_004710,2022-05-13,ACCT_00210,PERSON_00210,salary,59606,PERSON_00095,salary
TXN_004711,2024-01-07,ACCT_00211,PERSON_00211,utility,6415,PERSON_00132,utility
TXN_004712,2021-06-16,ACCT_00212,PERSON_00212,grocery,1290,PERSON_00169,grocery
TXN_004713,2023-03-18,ACCT_00213,PERSON_00213,cash_deposit,77000,PERSON_00206,cash deposit
TXN_004714,2025-07-17,ACCT_00214,PERSON_00214,emi,24406,PERSON_00243,emi
TXN_004715,2025-10-28,ACCT_00215,PERSON_00215,supplier,9173,PERSON_00280,supplier
TXN_004716,2022-03-05,ACCT_00216,PERSON_00216,rent,13976,PERSON_00317,rent
TXN_004717,2021-06-04,ACCT_00217,PERSON_00217,rent,14052,PERSON_00354,rent
TXN_004718,2024-05-14,ACCT_00218,PERSON_00218,rent,15879,PERSON_00391,rent
TXN_004719,2024-05-25,ACCT_00219,PERSON_00219,grocery,6053,PERSON_00428,grocery
TXN_004720,2022-08-29,ACCT_00220,PERSON_00220,transfer,196062,PERSON_00015,transfer
TXN_004721,2025-03-28,ACCT_00221,PERSON_00221,rent,21353,PERSON_00052,rent
TXN_004722,2021-02-20,ACCT_00222,PERSON_00222,salary,57576,PERSON_00089,salary
TXN_004723,2025-04-13,ACCT_00223,PERSON_00223,salary,24818,PERSON_00126,salary
TXN_004724,2021-06-27,ACCT_00224,PERSON_00224,utility,5115,PERSON_00163,utility
TXN_004725,2024-06-29,ACCT_00225,PERSON_00225,salary,61950,PERSON_00200,salary
TXN_004726,2022-08-18,ACCT_00226,PERSON_00226,salary,60800,PERSON_00237,salary
TXN_004727,2021-01-09,ACCT_00227,PERSON_00227,salary,43616,PERSON_00274,salary
TXN_004728,2023-06-19,ACCT_00228,PERSON_00228,customer,60879,PERSON_00311,customer
TXN_004729,2024-06-09,ACCT_00229,PERSON_00229,customer,104130,PERSON_00348,customer
TXN_004730,2023-03-31,ACCT_00230,PERSON_00230,emi,9838,PERSON_00385,emi
TXN_004731,2022-06-12,ACCT_00231,PERSON_00231,upi,134999,PERSON_00422,upi
TXN_004732,2022-12-08,ACCT_00232,PERSON_00232,emi,13780,PERSON_00009,emi
TXN_004733,2022-08-23,ACCT_00233,PERSON_00233,grocery,4237,PERSON_00046,grocery
TXN_004734,2024-04-20,ACCT_00234,PERSON_00234,transfer,113042,PERSON_00083,transfer
TXN_004735,2023-09-13,ACCT_00235,PERSON_00235,customer,45110,PERSON_00120,customer
TXN_004736,2025-07-25,ACCT_00236,PERSON_00236,rent,19500,PERSON_00157,rent
TXN_004737,2024-07-03,ACCT_00237,PERSON_00237,transfer,35624,PERSON_00194,transfer
TXN_004738,2021-06-29,ACCT_00238,PERSON_00238,upi,852,PERSON_00231,upi
TXN_004739,2021-02-26,ACCT_00239,PERSON_00239,salary,28749,PERSON_00268,salary
TXN_004740,2024-07-14,ACCT_00240,PERSON_00240,transfer,196949,PERSON_00305,transfer
TXN_004741,2021-08-06,ACCT_00241,PERSON_00241,cash_deposit,216130,PERSON_00342,cash deposit
TXN_004742,2025-08-02,ACCT_00242,PERSON_00242,upi,166679,PERSON_00379,upi
TXN_004743,2023-02-13,ACCT_00243,PERSON_00243,fuel,3292,PERSON_00416,fuel
TXN_004744,2026-01-23,ACCT_00244,PERSON_00244,rent,20371,PERSON_00003,rent
TXN_004745,2023-01-05,ACCT_00245,PERSON_00245,cash_deposit,215840,PERSON_00040,cash deposit
TXN_004746,2021-07-19,ACCT_00246,PERSON_00246,grocery,742,PERSON_00077,grocery
TXN_004747,2022-03-26,ACCT_00247,PERSON_00247,grocery,761,PERSON_00114,grocery
TXN_004748,2021-12-23,ACCT_00248,PERSON_00248,salary,74715,PERSON_00151,salary
TXN_004749,2025-12-20,ACCT_00249,PERSON_00249,transfer,9253,PERSON_00188,transfer
TXN_004750,2021-11-07,ACCT_00250,PERSON_00250,salary,55102,PERSON_00225,salary
TXN_004751,2026-01-10,ACCT_00251,PERSON_00251,grocery,5780,PERSON_00262,grocery
TXN_004752,2025-12-06,ACCT_00252,PERSON_00252,emi,29618,PERSON_00299,emi
TXN_004753,2021-09-11,ACCT_00253,PERSON_00253,rent,19349,PERSON_00336,rent
TXN_004754,2025-03-30,ACCT_00254,PERSON_00254,salary,69145,PERSON_00373,salary
TXN_004755,2023-07-22,ACCT_00255,PERSON_00255,fuel,3400,PERSON_00410,fuel
TXN_004756,2023-10-28,ACCT_00256,PERSON_00256,salary,73110,PERSON_00447,salary
TXN_004757,2024-09-25,ACCT_00257,PERSON_00257,upi,10842,PERSON_00034,upi
TXN_004758,2021-02-17,ACCT_00258,PERSON_00258,fuel,2702,PERSON_00071,fuel
TXN_004759,2021-10-06,ACCT_00259,PERSON_00259,salary,56506,PERSON_00108,salary
TXN_004760,2022-10-02,ACCT_00260,PERSON_00260,cash_deposit,156675,PERSON_00145,cash deposit
TXN_004761,2021-07-03,ACCT_00261,PERSON_00261,customer,82096,PERSON_00182,customer
TXN_004762,2023-02-08,ACCT_00262,PERSON_00262,fuel,1246,PERSON_00219,fuel
TXN_004763,2023-12-19,ACCT_00263,PERSON_00263,utility,4897,PERSON_00256,utility
TXN_004764,2022-03-04,ACCT_00264,PERSON_00264,supplier,20231,PERSON_00293,supplier
TXN_004765,2025-10-20,ACCT_00265,PERSON_00265,cash_deposit,95290,PERSON_00330,cash deposit
TXN_004766,2026-03-26,ACCT_00266,PERSON_00266,emi,3470,PERSON_00367,emi
TXN_004767,2024-06-27,ACCT_00267,PERSON_00267,upi,91802,PERSON_00404,upi
TXN_004768,2021-05-30,ACCT_00268,PERSON_00268,customer,88089,PERSON_00441,customer
TXN_004769,2023-06-19,ACCT_00269,PERSON_00269,upi,38122,PERSON_00028,upi
TXN_004770,2023-12-19,ACCT_00270,PERSON_00270,salary,19550,PERSON_00065,salary
TXN_004771,2021-05-18,ACCT_00271,PERSON_00271,transfer,64850,PERSON_00102,transfer
TXN_004772,2025-08-11,ACCT_00272,PERSON_00272,upi,152307,PERSON_00139,upi
TXN_004773,2022-11-28,ACCT_00273,PERSON_00273,salary,28108,PERSON_00176,salary
TXN_004774,2025-07-27,ACCT_00274,PERSON_00274,upi,1570,PERSON_00213,upi
TXN_004775,2022-01-01,ACCT_00275,PERSON_00275,supplier,22347,PERSON_00250,supplier
TXN_004776,2025-10-15,ACCT_00276,PERSON_00276,utility,6761,PERSON_00287,utility
TXN_004777,2024-02-29,ACCT_00277,PERSON_00277,upi,212,PERSON_00324,upi
TXN_004778,2023-02-27,ACCT_00278,PERSON_00278,upi,189,PERSON_00361,upi
TXN_004779,2025-06-15,ACCT_00279,PERSON_00279,supplier,66191,PERSON_00398,supplier
TXN_004780,2021-08-12,ACCT_00280,PERSON_00280,upi,8739,PERSON_00435,upi
TXN_004781,2022-08-14,ACCT_00281,PERSON_00281,grocery,3861,PERSON_00022,grocery
TXN_004782,2023-11-17,ACCT_00282,PERSON_00282,supplier,53339,PERSON_00059,supplier
TXN_004783,2022-09-15,ACCT_00283,PERSON_00283,fuel,3971,PERSON_00096,fuel
TXN_004784,2025-04-20,ACCT_00284,PERSON_00284,cash_deposit,31097,PERSON_00133,cash deposit
TXN_004785,2021-02-20,ACCT_00285,PERSON_00285,supplier,44656,PERSON_00170,supplier
TXN_004786,2025-07-02,ACCT_00286,PERSON_00286,utility,3088,PERSON_00207,utility
TXN_004787,2022-04-25,ACCT_00287,PERSON_00287,utility,6330,PERSON_00244,utility
TXN_004788,2021-03-31,ACCT_00288,PERSON_00288,grocery,487,PERSON_00281,grocery
TXN_004789,2024-07-11,ACCT_00289,PERSON_00289,emi,30289,PERSON_00318,emi
TXN_004790,2021-07-15,ACCT_00290,PERSON_00290,salary,22095,PERSON_00355,salary
TXN_004791,2021-05-15,ACCT_00291,PERSON_00291,transfer,221083,PERSON_00392,transfer
TXN_004792,2026-05-14,ACCT_00292,PERSON_00292,upi,149564,PERSON_00429,upi
TXN_004793,2023-12-29,ACCT_00293,PERSON_00293,grocery,4938,PERSON_00016,grocery
TXN_004794,2022-03-13,ACCT_00294,PERSON_00294,upi,6630,PERSON_00053,upi
TXN_004795,2025-12-29,ACCT_00295,PERSON_00295,cash_deposit,108369,PERSON_00090,cash deposit
TXN_004796,2023-10-07,ACCT_00296,PERSON_00296,salary,24397,PERSON_00127,salary
TXN_004797,2021-02-27,ACCT_00297,PERSON_00297,salary,46422,PERSON_00164,salary
TXN_004798,2024-04-11,ACCT_00298,PERSON_00298,supplier,41812,PERSON_00201,supplier
TXN_004799,2023-10-03,ACCT_00299,PERSON_00299,grocery,3757,PERSON_00238,grocery
TXN_004800,2023-01-29,ACCT_00300,PERSON_00300,grocery,2676,PERSON_00275,grocery
TXN_004801,2026-05-09,ACCT_00301,PERSON_00301,upi,52442,PERSON_00312,upi
TXN_004802,2023-01-08,ACCT_00302,PERSON_00302,rent,9622,PERSON_00349,rent
TXN_004803,2025-12-19,ACCT_00303,PERSON_00303,grocery,3119,PERSON_00386,grocery
TXN_004804,2025-07-15,ACCT_00304,PERSON_00304,upi,7784,PERSON_00423,upi
TXN_004805,2026-05-27,ACCT_00305,PERSON_00305,emi,31239,PERSON_00010,emi
TXN_004806,2022-03-25,ACCT_00306,PERSON_00306,rent,6252,PERSON_00047,rent
TXN_004807,2021-07-09,ACCT_00307,PERSON_00307,utility,2725,PERSON_00084,utility
TXN_004808,2026-04-28,ACCT_00308,PERSON_00308,rent,12861,PERSON_00121,rent
TXN_004809,2024-06-30,ACCT_00309,PERSON_00309,supplier,15591,PERSON_00158,supplier
TXN_004810,2024-07-05,ACCT_00310,PERSON_00310,upi,80745,PERSON_00195,upi
TXN_004811,2024-09-23,ACCT_00311,PERSON_00311,upi,8616,PERSON_00232,upi
TXN_004812,2023-10-26,ACCT_00312,PERSON_00312,cash_deposit,56960,PERSON_00269,cash deposit
TXN_004813,2024-01-30,ACCT_00313,PERSON_00313,salary,21009,PERSON_00306,salary
TXN_004814,2022-07-14,ACCT_00314,PERSON_00314,emi,5079,PERSON_00343,emi
TXN_004815,2021-09-06,ACCT_00315,PERSON_00315,salary,50733,PERSON_00380,salary
TXN_004816,2023-02-24,ACCT_00316,PERSON_00316,utility,706,PERSON_00417,utility
TXN_004817,2023-09-18,ACCT_00317,PERSON_00317,grocery,2508,PERSON_00004,grocery
TXN_004818,2025-05-17,ACCT_00318,PERSON_00318,grocery,6445,PERSON_00041,grocery
TXN_004819,2022-02-16,ACCT_00319,PERSON_00319,upi,8697,PERSON_00078,upi
TXN_004820,2023-10-25,ACCT_00320,PERSON_00320,grocery,502,PERSON_00115,grocery
TXN_004821,2026-05-13,ACCT_00321,PERSON_00321,fuel,771,PERSON_00152,fuel
TXN_004822,2024-04-21,ACCT_00322,PERSON_00322,customer,47606,PERSON_00189,customer
TXN_004823,2025-02-15,ACCT_00323,PERSON_00323,upi,248,PERSON_00226,upi
TXN_004824,2025-08-01,ACCT_00324,PERSON_00324,upi,5354,PERSON_00263,upi
TXN_004825,2021-09-11,ACCT_00325,PERSON_00325,upi,9578,PERSON_00300,upi
TXN_004826,2024-07-11,ACCT_00326,PERSON_00326,salary,37064,PERSON_00337,salary
TXN_004827,2024-06-07,ACCT_00327,PERSON_00327,utility,4264,PERSON_00374,utility
TXN_004828,2022-01-18,ACCT_00328,PERSON_00328,salary,24154,PERSON_00411,salary
TXN_004829,2021-03-24,ACCT_00329,PERSON_00329,customer,30838,PERSON_00448,customer
TXN_004830,2024-11-21,ACCT_00330,PERSON_00330,upi,10173,PERSON_00035,upi
TXN_004831,2024-06-24,ACCT_00331,PERSON_00331,emi,9383,PERSON_00072,emi
TXN_004832,2022-11-29,ACCT_00332,PERSON_00332,supplier,31467,PERSON_00109,supplier
TXN_004833,2023-12-20,ACCT_00333,PERSON_00333,rent,9264,PERSON_00146,rent
TXN_004834,2026-06-15,ACCT_00334,PERSON_00334,fuel,4655,PERSON_00183,fuel
TXN_004835,2024-05-09,ACCT_00335,PERSON_00335,utility,519,PERSON_00220,utility
TXN_004836,2023-10-26,ACCT_00336,PERSON_00336,grocery,2891,PERSON_00257,grocery
TXN_004837,2022-08-26,ACCT_00337,PERSON_00337,supplier,17922,PERSON_00294,supplier
TXN_004838,2022-01-26,ACCT_00338,PERSON_00338,supplier,11228,PERSON_00331,supplier
TXN_004839,2026-03-13,ACCT_00339,PERSON_00339,customer,85551,PERSON_00368,customer
TXN_004840,2026-05-29,ACCT_00340,PERSON_00340,fuel,1401,PERSON_00405,fuel
TXN_004841,2024-03-23,ACCT_00341,PERSON_00341,utility,6971,PERSON_00442,utility
TXN_004842,2023-09-01,ACCT_00342,PERSON_00342,rent,13237,PERSON_00029,rent
TXN_004843,2021-07-01,ACCT_00343,PERSON_00343,customer,38551,PERSON_00066,customer
TXN_004844,2021-02-22,ACCT_00344,PERSON_00344,supplier,22567,PERSON_00103,supplier
TXN_004845,2025-11-30,ACCT_00345,PERSON_00345,upi,103425,PERSON_00140,upi
TXN_004846,2025-11-09,ACCT_00346,PERSON_00346,upi,4852,PERSON_00177,upi
TXN_004847,2024-02-16,ACCT_00347,PERSON_00347,rent,20694,PERSON_00214,rent
TXN_004848,2023-06-02,ACCT_00348,PERSON_00348,utility,6822,PERSON_00251,utility
TXN_004849,2021-02-08,ACCT_00349,PERSON_00349,transfer,193485,PERSON_00288,transfer
TXN_004850,2021-09-25,ACCT_00350,PERSON_00350,cash_deposit,244136,PERSON_00325,cash deposit
TXN_004851,2022-05-26,ACCT_00351,PERSON_00351,cash_deposit,90010,PERSON_00362,cash deposit
TXN_004852,2024-03-22,ACCT_00352,PERSON_00352,supplier,66572,PERSON_00399,supplier
TXN_004853,2021-06-25,ACCT_00353,PERSON_00353,salary,59619,PERSON_00436,salary
TXN_004854,2022-04-15,ACCT_00354,PERSON_00354,customer,102793,PERSON_00023,customer
TXN_004855,2022-07-16,ACCT_00355,PERSON_00355,emi,3080,PERSON_00060,emi
TXN_004856,2025-11-06,ACCT_00356,PERSON_00356,upi,1857,PERSON_00097,upi
TXN_004857,2023-08-15,ACCT_00357,PERSON_00357,emi,32051,PERSON_00134,emi
TXN_004858,2026-03-25,ACCT_00358,PERSON_00358,grocery,1370,PERSON_00171,grocery
TXN_004859,2022-03-01,ACCT_00359,PERSON_00359,salary,46993,PERSON_00208,salary
TXN_004860,2023-04-09,ACCT_00360,PERSON_00360,customer,29256,PERSON_00245,customer
TXN_004861,2022-04-23,ACCT_00361,PERSON_00361,rent,11367,PERSON_00282,rent
TXN_004862,2025-11-05,ACCT_00362,PERSON_00362,utility,3732,PERSON_00319,utility
TXN_004863,2026-03-15,ACCT_00363,PERSON_00363,supplier,15735,PERSON_00356,supplier
TXN_004864,2025-05-12,ACCT_00364,PERSON_00364,emi,23223,PERSON_00393,emi
TXN_004865,2021-08-10,ACCT_00365,PERSON_00365,grocery,5055,PERSON_00430,grocery
TXN_004866,2026-04-27,ACCT_00366,PERSON_00366,customer,68080,PERSON_00017,customer
TXN_004867,2021-08-01,ACCT_00367,PERSON_00367,rent,6610,PERSON_00054,rent
TXN_004868,2021-02-16,ACCT_00368,PERSON_00368,upi,4728,PERSON_00091,upi
TXN_004869,2023-12-09,ACCT_00369,PERSON_00369,grocery,6078,PERSON_00128,grocery
TXN_004870,2025-04-28,ACCT_00370,PERSON_00370,cash_deposit,149123,PERSON_00165,cash deposit
TXN_004871,2022-09-16,ACCT_00371,PERSON_00371,upi,99680,PERSON_00202,upi
TXN_004872,2024-09-05,ACCT_00372,PERSON_00372,emi,24225,PERSON_00239,emi
TXN_004873,2024-06-21,ACCT_00373,PERSON_00373,upi,342,PERSON_00276,upi
TXN_004874,2021-04-12,ACCT_00374,PERSON_00374,fuel,1290,PERSON_00313,fuel
TXN_004875,2022-03-28,ACCT_00375,PERSON_00375,fuel,2501,PERSON_00350,fuel
TXN_004876,2022-12-13,ACCT_00376,PERSON_00376,upi,30031,PERSON_00387,upi
TXN_004877,2024-01-06,ACCT_00377,PERSON_00377,upi,234586,PERSON_00424,upi
TXN_004878,2025-11-24,ACCT_00378,PERSON_00378,salary,44330,PERSON_00011,salary
TXN_004879,2022-11-13,ACCT_00379,PERSON_00379,upi,3603,PERSON_00048,upi
TXN_004880,2025-07-09,ACCT_00380,PERSON_00380,customer,20511,PERSON_00085,customer
TXN_004881,2022-04-19,ACCT_00381,PERSON_00381,utility,3932,PERSON_00122,utility
TXN_004882,2026-01-07,ACCT_00382,PERSON_00382,customer,25735,PERSON_00159,customer
TXN_004883,2024-05-10,ACCT_00383,PERSON_00383,fuel,2138,PERSON_00196,fuel
TXN_004884,2023-03-11,ACCT_00384,PERSON_00384,supplier,34936,PERSON_00233,supplier
TXN_004885,2023-09-03,ACCT_00385,PERSON_00385,rent,8187,PERSON_00270,rent
TXN_004886,2026-05-30,ACCT_00386,PERSON_00386,upi,2399,PERSON_00307,upi
TXN_004887,2026-01-26,ACCT_00387,PERSON_00387,emi,12078,PERSON_00344,emi
TXN_004888,2024-11-09,ACCT_00388,PERSON_00388,fuel,1346,PERSON_00381,fuel
TXN_004889,2021-10-18,ACCT_00389,PERSON_00389,transfer,187948,PERSON_00418,transfer
TXN_004890,2022-10-19,ACCT_00390,PERSON_00390,rent,14559,PERSON_00005,rent
TXN_004891,2024-08-09,ACCT_00391,PERSON_00391,grocery,4319,PERSON_00042,grocery
TXN_004892,2022-07-30,ACCT_00392,PERSON_00392,salary,33265,PERSON_00079,salary
TXN_004893,2023-06-30,ACCT_00393,PERSON_00393,upi,57711,PERSON_00116,upi
TXN_004894,2025-09-13,ACCT_00394,PERSON_00394,rent,6388,PERSON_00153,rent
TXN_004895,2023-06-19,ACCT_00395,PERSON_00395,supplier,21942,PERSON_00190,supplier
TXN_004896,2023-08-29,ACCT_00396,PERSON_00396,transfer,2632,PERSON_00227,transfer
TXN_004897,2021-01-24,ACCT_00397,PERSON_00397,emi,27855,PERSON_00264,emi
TXN_004898,2022-04-08,ACCT_00398,PERSON_00398,emi,4140,PERSON_00301,emi
TXN_004899,2025-02-06,ACCT_00399,PERSON_00399,utility,3632,PERSON_00338,utility
TXN_004900,2025-08-04,ACCT_00400,PERSON_00400,salary,62145,PERSON_00375,salary
TXN_004901,2022-08-10,ACCT_00401,PERSON_00401,grocery,2532,PERSON_00412,grocery
TXN_004902,2022-11-12,ACCT_00402,PERSON_00402,customer,42546,PERSON_00449,customer
TXN_004903,2025-10-15,ACCT_00403,PERSON_00403,fuel,2951,PERSON_00036,fuel
TXN_004904,2021-10-27,ACCT_00404,PERSON_00404,grocery,5042,PERSON_00073,grocery
TXN_004905,2024-08-05,ACCT_00405,PERSON_00405,upi,167341,PERSON_00110,upi
TXN_004906,2021-08-30,ACCT_00406,PERSON_00406,upi,53194,PERSON_00147,upi
TXN_004907,2025-04-01,ACCT_00407,PERSON_00407,rent,19876,PERSON_00184,rent
TXN_004908,2023-02-22,ACCT_00408,PERSON_00408,fuel,2479,PERSON_00221,fuel
TXN_004909,2022-12-29,ACCT_00409,PERSON_00409,emi,14236,PERSON_00258,emi
TXN_004910,2021-03-13,ACCT_00410,PERSON_00410,upi,188530,PERSON_00295,upi
TXN_004911,2025-12-13,ACCT_00411,PERSON_00411,fuel,4576,PERSON_00332,fuel
TXN_004912,2024-11-20,ACCT_00412,PERSON_00412,grocery,3882,PERSON_00369,grocery
TXN_004913,2025-12-10,ACCT_00413,PERSON_00413,upi,246151,PERSON_00406,upi
TXN_004914,2022-03-11,ACCT_00414,PERSON_00414,utility,6841,PERSON_00443,utility
TXN_004915,2021-10-22,ACCT_00415,PERSON_00415,rent,17884,PERSON_00030,rent
TXN_004916,2022-04-30,ACCT_00416,PERSON_00416,utility,1519,PERSON_00067,utility
TXN_004917,2024-04-15,ACCT_00417,PERSON_00417,cash_deposit,144383,PERSON_00104,cash deposit
TXN_004918,2025-11-10,ACCT_00418,PERSON_00418,upi,9412,PERSON_00141,upi
TXN_004919,2026-05-11,ACCT_00419,PERSON_00419,transfer,9012,PERSON_00178,transfer
TXN_004920,2024-11-16,ACCT_00420,PERSON_00420,rent,8702,PERSON_00215,rent
TXN_004921,2025-11-23,ACCT_00421,PERSON_00421,upi,11462,PERSON_00252,upi
TXN_004922,2021-03-17,ACCT_00422,PERSON_00422,cash_deposit,125214,PERSON_00289,cash deposit
TXN_004923,2025-12-24,ACCT_00423,PERSON_00423,customer,42394,PERSON_00326,customer
TXN_004924,2022-11-11,ACCT_00424,PERSON_00424,fuel,4531,PERSON_00363,fuel
TXN_004925,2024-12-15,ACCT_00425,PERSON_00425,grocery,3472,PERSON_00400,grocery
TXN_004926,2025-07-31,ACCT_00426,PERSON_00426,supplier,50143,PERSON_00437,supplier
TXN_004927,2023-08-21,ACCT_00427,PERSON_00427,grocery,3085,PERSON_00024,grocery
TXN_004928,2023-05-30,ACCT_00428,PERSON_00428,customer,89934,PERSON_00061,customer
TXN_004929,2021-06-02,ACCT_00429,PERSON_00429,fuel,1938,PERSON_00098,fuel
TXN_004930,2026-03-31,ACCT_00430,PERSON_00430,utility,6915,PERSON_00135,utility
TXN_004931,2024-04-30,ACCT_00431,PERSON_00431,salary,67227,PERSON_00172,salary
TXN_004932,2026-02-06,ACCT_00432,PERSON_00432,salary,59087,PERSON_00209,salary
TXN_004933,2022-02-01,ACCT_00433,PERSON_00433,supplier,13407,PERSON_00246,supplier
TXN_004934,2025-12-11,ACCT_00434,PERSON_00434,upi,84890,PERSON_00283,upi
TXN_004935,2022-07-28,ACCT_00435,PERSON_00435,fuel,3175,PERSON_00320,fuel
TXN_004936,2022-07-11,ACCT_00436,PERSON_00436,emi,25790,PERSON_00357,emi
TXN_004937,2021-03-19,ACCT_00437,PERSON_00437,upi,8760,PERSON_00394,upi
TXN_004938,2021-03-15,ACCT_00438,PERSON_00438,upi,112481,PERSON_00431,upi
TXN_004939,2026-05-26,ACCT_00439,PERSON_00439,grocery,3446,PERSON_00018,grocery
TXN_004940,2021-04-08,ACCT_00440,PERSON_00440,supplier,24677,PERSON_00055,supplier
TXN_004941,2025-01-24,ACCT_00441,PERSON_00441,customer,65642,PERSON_00092,customer
TXN_004942,2024-08-27,ACCT_00442,PERSON_00442,utility,725,PERSON_00129,utility
TXN_004943,2022-11-07,ACCT_00443,PERSON_00443,supplier,76161,PERSON_00166,supplier
TXN_004944,2024-02-25,ACCT_00444,PERSON_00444,grocery,5610,PERSON_00203,grocery
TXN_004945,2024-05-06,ACCT_00445,PERSON_00445,upi,8290,PERSON_00240,upi
TXN_004946,2022-06-26,ACCT_00446,PERSON_00446,supplier,22387,PERSON_00277,supplier
TXN_004947,2024-01-14,ACCT_00447,PERSON_00447,upi,487,PERSON_00314,upi
TXN_004948,2024-03-01,ACCT_00448,PERSON_00448,utility,5767,PERSON_00351,utility
TXN_004949,2023-05-05,ACCT_00449,PERSON_00449,salary,43495,PERSON_00388,salary
TXN_004950,2021-06-12,ACCT_00450,PERSON_00450,transfer,28848,PERSON_00425,transfer
TXN_004951,2023-02-21,ACCT_00001,PERSON_00001,transfer,4244,PERSON_00012,transfer
TXN_004952,2024-04-25,ACCT_00002,PERSON_00002,cash_deposit,31815,PERSON_00049,cash deposit
TXN_004953,2021-09-12,ACCT_00003,PERSON_00003,transfer,220073,PERSON_00086,transfer
TXN_004954,2022-07-29,ACCT_00004,PERSON_00004,customer,22038,PERSON_00123,customer
TXN_004955,2022-08-02,ACCT_00005,PERSON_00005,supplier,40581,PERSON_00160,supplier
TXN_004956,2021-11-15,ACCT_00006,PERSON_00006,supplier,22605,PERSON_00197,supplier
TXN_004957,2021-04-29,ACCT_00007,PERSON_00007,supplier,28196,PERSON_00234,supplier
TXN_004958,2021-12-08,ACCT_00008,PERSON_00008,emi,30485,PERSON_00271,emi
TXN_004959,2025-12-18,ACCT_00009,PERSON_00009,salary,32750,PERSON_00308,salary
TXN_004960,2024-05-25,ACCT_00010,PERSON_00010,customer,25184,PERSON_00345,customer
TXN_004961,2021-11-02,ACCT_00011,PERSON_00011,upi,5816,PERSON_00382,upi
TXN_004962,2024-01-04,ACCT_00012,PERSON_00012,customer,80928,PERSON_00419,customer
TXN_004963,2024-05-07,ACCT_00013,PERSON_00013,salary,61403,PERSON_00006,salary
TXN_004964,2026-01-14,ACCT_00014,PERSON_00014,transfer,27372,PERSON_00043,transfer
TXN_004965,2022-06-25,ACCT_00015,PERSON_00015,emi,8096,PERSON_00080,emi
TXN_004966,2022-03-03,ACCT_00016,PERSON_00016,upi,72436,PERSON_00117,upi
TXN_004967,2024-10-28,ACCT_00017,PERSON_00017,transfer,201854,PERSON_00154,transfer
TXN_004968,2025-07-03,ACCT_00018,PERSON_00018,customer,27978,PERSON_00191,customer
TXN_004969,2026-06-20,ACCT_00019,PERSON_00019,upi,7099,PERSON_00228,upi
TXN_004970,2025-08-03,ACCT_00020,PERSON_00020,transfer,36692,PERSON_00265,transfer
TXN_004971,2023-04-13,ACCT_00021,PERSON_00021,upi,195874,PERSON_00302,upi
TXN_004972,2026-01-06,ACCT_00022,PERSON_00022,salary,25353,PERSON_00339,salary
TXN_004973,2022-11-26,ACCT_00023,PERSON_00023,fuel,5508,PERSON_00376,fuel
TXN_004974,2024-12-01,ACCT_00024,PERSON_00024,upi,8520,PERSON_00413,upi
TXN_004975,2021-10-25,ACCT_00025,PERSON_00025,upi,9203,PERSON_00450,upi
TXN_004976,2024-08-13,ACCT_00026,PERSON_00026,upi,2726,PERSON_00037,upi
TXN_004977,2022-06-18,ACCT_00027,PERSON_00027,rent,7089,PERSON_00074,rent
TXN_004978,2024-10-12,ACCT_00028,PERSON_00028,rent,10224,PERSON_00111,rent
TXN_004979,2023-11-20,ACCT_00029,PERSON_00029,fuel,5627,PERSON_00148,fuel
TXN_004980,2025-10-23,ACCT_00030,PERSON_00030,rent,12503,PERSON_00185,rent
TXN_004981,2026-01-31,ACCT_00031,PERSON_00031,upi,7543,PERSON_00222,upi
TXN_004982,2025-10-15,ACCT_00032,PERSON_00032,emi,28074,PERSON_00259,emi
TXN_004983,2023-03-25,ACCT_00033,PERSON_00033,supplier,56076,PERSON_00296,supplier
TXN_004984,2024-10-20,ACCT_00034,PERSON_00034,supplier,53478,PERSON_00333,supplier
TXN_004985,2023-10-28,ACCT_00035,PERSON_00035,supplier,18954,PERSON_00370,supplier
TXN_004986,2023-06-18,ACCT_00036,PERSON_00036,grocery,3453,PERSON_00407,grocery
TXN_004987,2022-02-16,ACCT_00037,PERSON_00037,customer,99759,PERSON_00444,customer
TXN_004988,2025-06-26,ACCT_00038,PERSON_00038,upi,152195,PERSON_00031,upi
TXN_004989,2026-04-04,ACCT_00039,PERSON_00039,fuel,4222,PERSON_00068,fuel
TXN_004990,2024-01-21,ACCT_00040,PERSON_00040,rent,18878,PERSON_00105,rent
TXN_004991,2025-03-01,ACCT_00041,PERSON_00041,customer,37263,PERSON_00142,customer
TXN_004992,2025-07-15,ACCT_00042,PERSON_00042,utility,6135,PERSON_00179,utility
TXN_004993,2024-11-16,ACCT_00043,PERSON_00043,grocery,2926,PERSON_00216,grocery
TXN_004994,2021-12-16,ACCT_00044,PERSON_00044,transfer,6141,PERSON_00253,transfer
TXN_004995,2022-03-18,ACCT_00045,PERSON_00045,utility,5591,PERSON_00290,utility
TXN_004996,2023-01-01,ACCT_00046,PERSON_00046,emi,19476,PERSON_00327,emi
TXN_004997,2022-11-20,ACCT_00047,PERSON_00047,upi,4332,PERSON_00364,upi
TXN_004998,2022-06-21,ACCT_00048,PERSON_00048,salary,39113,PERSON_00401,salary
TXN_004999,2025-07-23,ACCT_00049,PERSON_00049,rent,17715,PERSON_00438,rent
TXN_005000,2021-06-04,ACCT_00050,PERSON_00050,upi,2190,PERSON_00025,upi
TXN_005001,2022-02-13,ACCT_00051,PERSON_00051,utility,3151,PERSON_00062,utility
TXN_005002,2025-04-24,ACCT_00052,PERSON_00052,rent,18959,PERSON_00099,rent
TXN_005003,2021-06-11,ACCT_00053,PERSON_00053,grocery,5262,PERSON_00136,grocery
TXN_005004,2021-07-10,ACCT_00054,PERSON_00054,upi,121817,PERSON_00173,upi
TXN_005005,2024-08-25,ACCT_00055,PERSON_00055,upi,103045,PERSON_00210,upi
TXN_005006,2024-06-26,ACCT_00056,PERSON_00056,customer,112366,PERSON_00247,customer
TXN_005007,2025-07-25,ACCT_00057,PERSON_00057,fuel,1594,PERSON_00284,fuel
TXN_005008,2024-01-31,ACCT_00058,PERSON_00058,fuel,2955,PERSON_00321,fuel
TXN_005009,2025-10-10,ACCT_00059,PERSON_00059,grocery,5694,PERSON_00358,grocery
TXN_005010,2022-04-09,ACCT_00060,PERSON_00060,rent,14014,PERSON_00395,rent
TXN_005011,2024-04-26,ACCT_00061,PERSON_00061,fuel,3573,PERSON_00432,fuel
TXN_005012,2023-04-02,ACCT_00062,PERSON_00062,transfer,36855,PERSON_00019,transfer
TXN_005013,2023-09-10,ACCT_00063,PERSON_00063,utility,5672,PERSON_00056,utility
TXN_005014,2023-01-24,ACCT_00064,PERSON_00064,upi,599,PERSON_00093,upi
TXN_005015,2023-03-30,ACCT_00065,PERSON_00065,salary,22727,PERSON_00130,salary
TXN_005016,2025-09-08,ACCT_00066,PERSON_00066,upi,11668,PERSON_00167,upi
TXN_005017,2026-03-22,ACCT_00067,PERSON_00067,upi,227059,PERSON_00204,upi
TXN_005018,2022-06-14,ACCT_00068,PERSON_00068,transfer,85731,PERSON_00241,transfer
TXN_005019,2023-08-07,ACCT_00069,PERSON_00069,grocery,4765,PERSON_00278,grocery
TXN_005020,2021-07-03,ACCT_00070,PERSON_00070,utility,2919,PERSON_00315,utility
TXN_005021,2021-01-14,ACCT_00071,PERSON_00071,rent,15779,PERSON_00352,rent
TXN_005022,2024-12-16,ACCT_00072,PERSON_00072,emi,30744,PERSON_00389,emi
TXN_005023,2023-08-15,ACCT_00073,PERSON_00073,grocery,1522,PERSON_00426,grocery
TXN_005024,2025-09-06,ACCT_00074,PERSON_00074,upi,201475,PERSON_00013,upi
TXN_005025,2024-06-14,ACCT_00075,PERSON_00075,customer,41189,PERSON_00050,customer
TXN_005026,2023-06-25,ACCT_00076,PERSON_00076,fuel,5154,PERSON_00087,fuel
TXN_005027,2021-10-20,ACCT_00077,PERSON_00077,salary,29094,PERSON_00124,salary
TXN_005028,2022-08-11,ACCT_00078,PERSON_00078,supplier,73124,PERSON_00161,supplier
TXN_005029,2024-12-27,ACCT_00079,PERSON_00079,customer,18788,PERSON_00198,customer
TXN_005030,2022-12-17,ACCT_00080,PERSON_00080,rent,16772,PERSON_00235,rent
TXN_005031,2025-10-14,ACCT_00081,PERSON_00081,emi,12414,PERSON_00272,emi
TXN_005032,2023-09-25,ACCT_00082,PERSON_00082,grocery,5913,PERSON_00309,grocery
TXN_005033,2021-01-30,ACCT_00083,PERSON_00083,customer,113464,PERSON_00346,customer
TXN_005034,2023-10-21,ACCT_00084,PERSON_00084,upi,155047,PERSON_00383,upi
TXN_005035,2025-09-10,ACCT_00085,PERSON_00085,transfer,42988,PERSON_00420,transfer
TXN_005036,2026-05-09,ACCT_00086,PERSON_00086,salary,53556,PERSON_00007,salary
TXN_005037,2026-03-31,ACCT_00087,PERSON_00087,supplier,4628,PERSON_00044,supplier
TXN_005038,2021-02-26,ACCT_00088,PERSON_00088,emi,18629,PERSON_00081,emi
TXN_005039,2024-10-27,ACCT_00089,PERSON_00089,fuel,3758,PERSON_00118,fuel
TXN_005040,2025-07-14,ACCT_00090,PERSON_00090,grocery,6267,PERSON_00155,grocery
TXN_005041,2023-01-03,ACCT_00091,PERSON_00091,upi,10264,PERSON_00192,upi
TXN_005042,2023-12-22,ACCT_00092,PERSON_00092,fuel,3763,PERSON_00229,fuel
TXN_005043,2023-08-18,ACCT_00093,PERSON_00093,cash_deposit,210568,PERSON_00266,cash deposit
TXN_005044,2026-02-17,ACCT_00094,PERSON_00094,emi,5477,PERSON_00303,emi
TXN_005045,2024-03-29,ACCT_00095,PERSON_00095,fuel,4204,PERSON_00340,fuel
TXN_005046,2021-04-19,ACCT_00096,PERSON_00096,grocery,763,PERSON_00377,grocery
TXN_005047,2021-09-02,ACCT_00097,PERSON_00097,supplier,72759,PERSON_00414,supplier
TXN_005048,2023-01-13,ACCT_00098,PERSON_00098,upi,9185,PERSON_00001,upi
TXN_005049,2022-09-10,ACCT_00099,PERSON_00099,grocery,5855,PERSON_00038,grocery
TXN_005050,2025-10-15,ACCT_00100,PERSON_00100,grocery,4431,PERSON_00075,grocery
TXN_005051,2026-02-04,ACCT_00101,PERSON_00101,transfer,213853,PERSON_00112,transfer
TXN_005052,2025-05-06,ACCT_00102,PERSON_00102,transfer,37472,PERSON_00149,transfer
TXN_005053,2024-12-09,ACCT_00103,PERSON_00103,rent,17182,PERSON_00186,rent
TXN_005054,2024-06-19,ACCT_00104,PERSON_00104,upi,3021,PERSON_00223,upi
TXN_005055,2022-04-15,ACCT_00105,PERSON_00105,grocery,1402,PERSON_00260,grocery
TXN_005056,2021-01-27,ACCT_00106,PERSON_00106,grocery,1933,PERSON_00297,grocery
TXN_005057,2026-04-06,ACCT_00107,PERSON_00107,grocery,692,PERSON_00334,grocery
TXN_005058,2022-04-17,ACCT_00108,PERSON_00108,upi,6921,PERSON_00371,upi
TXN_005059,2022-07-21,ACCT_00109,PERSON_00109,upi,3847,PERSON_00408,upi
TXN_005060,2022-04-07,ACCT_00110,PERSON_00110,transfer,160630,PERSON_00445,transfer
TXN_005061,2024-05-20,ACCT_00111,PERSON_00111,upi,6423,PERSON_00032,upi
TXN_005062,2021-02-26,ACCT_00112,PERSON_00112,transfer,47924,PERSON_00069,transfer
TXN_005063,2026-03-25,ACCT_00113,PERSON_00113,upi,146358,PERSON_00106,upi
TXN_005064,2023-04-27,ACCT_00114,PERSON_00114,salary,27300,PERSON_00143,salary
TXN_005065,2023-07-30,ACCT_00115,PERSON_00115,customer,104779,PERSON_00180,customer
TXN_005066,2023-03-03,ACCT_00116,PERSON_00116,upi,6330,PERSON_00217,upi
TXN_005067,2025-04-25,ACCT_00117,PERSON_00117,emi,20854,PERSON_00254,emi
TXN_005068,2021-06-03,ACCT_00118,PERSON_00118,utility,2125,PERSON_00291,utility
TXN_005069,2025-08-14,ACCT_00119,PERSON_00119,emi,17623,PERSON_00328,emi
TXN_005070,2022-11-10,ACCT_00120,PERSON_00120,grocery,3815,PERSON_00365,grocery
TXN_005071,2026-05-23,ACCT_00121,PERSON_00121,emi,30216,PERSON_00402,emi
TXN_005072,2021-12-25,ACCT_00122,PERSON_00122,upi,200685,PERSON_00439,upi
TXN_005073,2022-01-31,ACCT_00123,PERSON_00123,cash_deposit,162956,PERSON_00026,cash deposit
TXN_005074,2025-02-16,ACCT_00124,PERSON_00124,rent,15378,PERSON_00063,rent
TXN_005075,2025-03-29,ACCT_00125,PERSON_00125,upi,11426,PERSON_00100,upi
TXN_005076,2024-03-17,ACCT_00126,PERSON_00126,rent,12513,PERSON_00137,rent
TXN_005077,2023-09-14,ACCT_00127,PERSON_00127,upi,36792,PERSON_00174,upi
TXN_005078,2022-07-20,ACCT_00128,PERSON_00128,salary,27317,PERSON_00211,salary
TXN_005079,2026-03-17,ACCT_00129,PERSON_00129,cash_deposit,119176,PERSON_00248,cash deposit
TXN_005080,2024-09-21,ACCT_00130,PERSON_00130,upi,209906,PERSON_00285,upi
TXN_005081,2023-04-25,ACCT_00131,PERSON_00131,emi,25737,PERSON_00322,emi
TXN_005082,2023-08-04,ACCT_00132,PERSON_00132,grocery,3135,PERSON_00359,grocery
TXN_005083,2026-03-13,ACCT_00133,PERSON_00133,upi,84962,PERSON_00396,upi
TXN_005084,2023-10-02,ACCT_00134,PERSON_00134,cash_deposit,233292,PERSON_00433,cash deposit
TXN_005085,2024-10-06,ACCT_00135,PERSON_00135,grocery,2184,PERSON_00020,grocery
TXN_005086,2021-03-19,ACCT_00136,PERSON_00136,emi,9879,PERSON_00057,emi
TXN_005087,2021-08-17,ACCT_00137,PERSON_00137,utility,5433,PERSON_00094,utility
TXN_005088,2026-03-16,ACCT_00138,PERSON_00138,utility,1690,PERSON_00131,utility
TXN_005089,2023-02-26,ACCT_00139,PERSON_00139,upi,2479,PERSON_00168,upi
TXN_005090,2025-04-24,ACCT_00140,PERSON_00140,rent,10894,PERSON_00205,rent
TXN_005091,2021-08-10,ACCT_00141,PERSON_00141,upi,193174,PERSON_00242,upi
TXN_005092,2024-12-04,ACCT_00142,PERSON_00142,fuel,4007,PERSON_00279,fuel
TXN_005093,2024-06-02,ACCT_00143,PERSON_00143,rent,6409,PERSON_00316,rent
TXN_005094,2022-09-01,ACCT_00144,PERSON_00144,upi,32753,PERSON_00353,upi
TXN_005095,2022-07-30,ACCT_00145,PERSON_00145,upi,4986,PERSON_00390,upi
TXN_005096,2024-05-28,ACCT_00146,PERSON_00146,salary,68526,PERSON_00427,salary
TXN_005097,2021-02-21,ACCT_00147,PERSON_00147,salary,60276,PERSON_00014,salary
TXN_005098,2021-08-25,ACCT_00148,PERSON_00148,cash_deposit,128518,PERSON_00051,cash deposit
TXN_005099,2024-10-28,ACCT_00149,PERSON_00149,salary,31786,PERSON_00088,salary
TXN_005100,2026-04-10,ACCT_00150,PERSON_00150,upi,4339,PERSON_00125,upi
TXN_005101,2023-05-18,ACCT_00151,PERSON_00151,cash_deposit,11183,PERSON_00162,cash deposit
TXN_005102,2025-03-28,ACCT_00152,PERSON_00152,supplier,69701,PERSON_00199,supplier
TXN_005103,2025-04-09,ACCT_00153,PERSON_00153,fuel,5463,PERSON_00236,fuel
TXN_005104,2023-01-27,ACCT_00154,PERSON_00154,transfer,176613,PERSON_00273,transfer
TXN_005105,2024-03-05,ACCT_00155,PERSON_00155,cash_deposit,212824,PERSON_00310,cash deposit
TXN_005106,2024-05-28,ACCT_00156,PERSON_00156,supplier,82221,PERSON_00347,supplier
TXN_005107,2025-11-20,ACCT_00157,PERSON_00157,utility,5244,PERSON_00384,utility
TXN_005108,2022-03-31,ACCT_00158,PERSON_00158,fuel,2073,PERSON_00421,fuel
TXN_005109,2024-12-23,ACCT_00159,PERSON_00159,supplier,67737,PERSON_00008,supplier
TXN_005110,2021-08-24,ACCT_00160,PERSON_00160,supplier,50785,PERSON_00045,supplier
TXN_005111,2024-07-11,ACCT_00161,PERSON_00161,upi,48812,PERSON_00082,upi
TXN_005112,2023-10-03,ACCT_00162,PERSON_00162,emi,6770,PERSON_00119,emi
TXN_005113,2021-08-28,ACCT_00163,PERSON_00163,upi,10685,PERSON_00156,upi
TXN_005114,2025-08-15,ACCT_00164,PERSON_00164,grocery,615,PERSON_00193,grocery
TXN_005115,2022-11-09,ACCT_00165,PERSON_00165,upi,11265,PERSON_00230,upi
TXN_005116,2024-11-04,ACCT_00166,PERSON_00166,emi,21677,PERSON_00267,emi
TXN_005117,2024-11-20,ACCT_00167,PERSON_00167,salary,64257,PERSON_00304,salary
TXN_005118,2021-04-12,ACCT_00168,PERSON_00168,salary,32853,PERSON_00341,salary
TXN_005119,2024-07-12,ACCT_00169,PERSON_00169,grocery,3778,PERSON_00378,grocery
TXN_005120,2023-06-15,ACCT_00170,PERSON_00170,grocery,5643,PERSON_00415,grocery
TXN_005121,2022-08-30,ACCT_00171,PERSON_00171,grocery,3343,PERSON_00002,grocery
TXN_005122,2023-02-08,ACCT_00172,PERSON_00172,utility,6328,PERSON_00039,utility
TXN_005123,2024-04-18,ACCT_00173,PERSON_00173,customer,91652,PERSON_00076,customer
TXN_005124,2025-07-06,ACCT_00174,PERSON_00174,utility,4231,PERSON_00113,utility
TXN_005125,2021-02-15,ACCT_00175,PERSON_00175,cash_deposit,57265,PERSON_00150,cash deposit
TXN_005126,2022-08-08,ACCT_00176,PERSON_00176,utility,620,PERSON_00187,utility
TXN_005127,2026-04-27,ACCT_00177,PERSON_00177,upi,4105,PERSON_00224,upi
TXN_005128,2026-06-21,ACCT_00178,PERSON_00178,cash_deposit,94639,PERSON_00261,cash deposit
TXN_005129,2025-05-01,ACCT_00179,PERSON_00179,salary,64688,PERSON_00298,salary
TXN_005130,2025-05-29,ACCT_00180,PERSON_00180,fuel,4388,PERSON_00335,fuel
TXN_005131,2025-07-30,ACCT_00181,PERSON_00181,utility,710,PERSON_00372,utility
TXN_005132,2025-05-16,ACCT_00182,PERSON_00182,utility,5700,PERSON_00409,utility
TXN_005133,2022-01-01,ACCT_00183,PERSON_00183,utility,5269,PERSON_00446,utility
TXN_005134,2021-11-05,ACCT_00184,PERSON_00184,transfer,183210,PERSON_00033,transfer
TXN_005135,2024-07-14,ACCT_00185,PERSON_00185,utility,5309,PERSON_00070,utility
TXN_005136,2025-08-28,ACCT_00186,PERSON_00186,customer,94997,PERSON_00107,customer
TXN_005137,2022-12-20,ACCT_00187,PERSON_00187,supplier,73850,PERSON_00144,supplier
TXN_005138,2025-10-19,ACCT_00188,PERSON_00188,transfer,42767,PERSON_00181,transfer
TXN_005139,2022-04-19,ACCT_00189,PERSON_00189,customer,102368,PERSON_00218,customer
TXN_005140,2021-03-31,ACCT_00190,PERSON_00190,supplier,78279,PERSON_00255,supplier
TXN_005141,2021-10-18,ACCT_00191,PERSON_00191,rent,15138,PERSON_00292,rent
TXN_005142,2023-02-01,ACCT_00192,PERSON_00192,upi,3623,PERSON_00329,upi
TXN_005143,2023-10-09,ACCT_00193,PERSON_00193,salary,67665,PERSON_00366,salary
TXN_005144,2023-02-22,ACCT_00194,PERSON_00194,transfer,125575,PERSON_00403,transfer
TXN_005145,2023-08-16,ACCT_00195,PERSON_00195,upi,170213,PERSON_00440,upi
TXN_005146,2026-01-20,ACCT_00196,PERSON_00196,grocery,4028,PERSON_00027,grocery
TXN_005147,2023-12-15,ACCT_00197,PERSON_00197,salary,38691,PERSON_00064,salary
TXN_005148,2023-07-05,ACCT_00198,PERSON_00198,supplier,47109,PERSON_00101,supplier
TXN_005149,2021-09-04,ACCT_00199,PERSON_00199,emi,13773,PERSON_00138,emi
TXN_005150,2021-04-15,ACCT_00200,PERSON_00200,rent,9104,PERSON_00175,rent
TXN_005151,2026-04-29,ACCT_00201,PERSON_00201,grocery,5487,PERSON_00212,grocery
TXN_005152,2025-06-13,ACCT_00202,PERSON_00202,grocery,2224,PERSON_00249,grocery
TXN_005153,2024-08-14,ACCT_00203,PERSON_00203,grocery,6027,PERSON_00286,grocery
TXN_005154,2023-09-01,ACCT_00204,PERSON_00204,fuel,3765,PERSON_00323,fuel
TXN_005155,2021-11-04,ACCT_00205,PERSON_00205,rent,17331,PERSON_00360,rent
TXN_005156,2022-06-16,ACCT_00206,PERSON_00206,transfer,51801,PERSON_00397,transfer
TXN_005157,2024-08-18,ACCT_00207,PERSON_00207,salary,74072,PERSON_00434,salary
TXN_005158,2023-10-20,ACCT_00208,PERSON_00208,supplier,38174,PERSON_00021,supplier
TXN_005159,2021-04-19,ACCT_00209,PERSON_00209,salary,60385,PERSON_00058,salary
TXN_005160,2022-10-19,ACCT_00210,PERSON_00210,salary,56809,PERSON_00095,salary
TXN_005161,2025-11-20,ACCT_00211,PERSON_00211,upi,7421,PERSON_00132,upi
TXN_005162,2026-01-13,ACCT_00212,PERSON_00212,transfer,33275,PERSON_00169,transfer
TXN_005163,2025-02-11,ACCT_00213,PERSON_00213,emi,8290,PERSON_00206,emi
TXN_005164,2023-02-03,ACCT_00214,PERSON_00214,upi,125135,PERSON_00243,upi
TXN_005165,2021-01-25,ACCT_00215,PERSON_00215,salary,45025,PERSON_00280,salary
TXN_005166,2025-04-03,ACCT_00216,PERSON_00216,supplier,67830,PERSON_00317,supplier
TXN_005167,2023-04-19,ACCT_00217,PERSON_00217,customer,79868,PERSON_00354,customer
TXN_005168,2024-03-10,ACCT_00218,PERSON_00218,upi,10427,PERSON_00391,upi
TXN_005169,2022-09-10,ACCT_00219,PERSON_00219,customer,14169,PERSON_00428,customer
TXN_005170,2025-07-08,ACCT_00220,PERSON_00220,salary,55052,PERSON_00015,salary
TXN_005171,2024-11-26,ACCT_00221,PERSON_00221,grocery,5605,PERSON_00052,grocery
TXN_005172,2021-06-07,ACCT_00222,PERSON_00222,rent,12740,PERSON_00089,rent
TXN_005173,2022-11-05,ACCT_00223,PERSON_00223,salary,50683,PERSON_00126,salary
TXN_005174,2021-10-18,ACCT_00224,PERSON_00224,fuel,3837,PERSON_00163,fuel
TXN_005175,2024-09-11,ACCT_00225,PERSON_00225,fuel,4721,PERSON_00200,fuel
TXN_005176,2022-05-06,ACCT_00226,PERSON_00226,customer,71940,PERSON_00237,customer
TXN_005177,2022-09-21,ACCT_00227,PERSON_00227,transfer,82493,PERSON_00274,transfer
TXN_005178,2023-07-05,ACCT_00228,PERSON_00228,utility,5833,PERSON_00311,utility
TXN_005179,2024-03-18,ACCT_00229,PERSON_00229,fuel,962,PERSON_00348,fuel
TXN_005180,2021-03-26,ACCT_00230,PERSON_00230,customer,111247,PERSON_00385,customer
TXN_005181,2024-06-23,ACCT_00231,PERSON_00231,upi,203565,PERSON_00422,upi
TXN_005182,2025-01-21,ACCT_00232,PERSON_00232,emi,18662,PERSON_00009,emi
TXN_005183,2021-10-13,ACCT_00233,PERSON_00233,salary,43478,PERSON_00046,salary
TXN_005184,2023-05-22,ACCT_00234,PERSON_00234,salary,52713,PERSON_00083,salary
TXN_005185,2026-01-08,ACCT_00235,PERSON_00235,grocery,2598,PERSON_00120,grocery
TXN_005186,2023-09-22,ACCT_00236,PERSON_00236,supplier,36421,PERSON_00157,supplier
TXN_005187,2024-05-28,ACCT_00237,PERSON_00237,rent,9897,PERSON_00194,rent
TXN_005188,2022-12-03,ACCT_00238,PERSON_00238,rent,11547,PERSON_00231,rent
TXN_005189,2025-11-06,ACCT_00239,PERSON_00239,transfer,86378,PERSON_00268,transfer
TXN_005190,2023-03-05,ACCT_00240,PERSON_00240,upi,84356,PERSON_00305,upi
TXN_005191,2021-03-25,ACCT_00241,PERSON_00241,grocery,5892,PERSON_00342,grocery
TXN_005192,2025-01-16,ACCT_00242,PERSON_00242,supplier,16079,PERSON_00379,supplier
TXN_005193,2023-04-14,ACCT_00243,PERSON_00243,salary,51263,PERSON_00416,salary
TXN_005194,2021-11-02,ACCT_00244,PERSON_00244,cash_deposit,160370,PERSON_00003,cash deposit
TXN_005195,2022-11-13,ACCT_00245,PERSON_00245,upi,220427,PERSON_00040,upi
TXN_005196,2025-08-01,ACCT_00246,PERSON_00246,utility,4772,PERSON_00077,utility
TXN_005197,2024-03-12,ACCT_00247,PERSON_00247,upi,1955,PERSON_00114,upi
TXN_005198,2021-09-24,ACCT_00248,PERSON_00248,salary,50254,PERSON_00151,salary
TXN_005199,2022-01-14,ACCT_00249,PERSON_00249,supplier,75733,PERSON_00188,supplier
TXN_005200,2021-02-26,ACCT_00250,PERSON_00250,rent,14043,PERSON_00225,rent
TXN_005201,2022-12-02,ACCT_00251,PERSON_00251,cash_deposit,29114,PERSON_00262,cash deposit
TXN_005202,2024-06-23,ACCT_00252,PERSON_00252,upi,8636,PERSON_00299,upi
TXN_005203,2022-12-13,ACCT_00253,PERSON_00253,customer,71969,PERSON_00336,customer
TXN_005204,2023-03-12,ACCT_00254,PERSON_00254,transfer,9304,PERSON_00373,transfer
TXN_005205,2022-06-29,ACCT_00255,PERSON_00255,customer,112234,PERSON_00410,customer
TXN_005206,2021-05-22,ACCT_00256,PERSON_00256,upi,179211,PERSON_00447,upi
TXN_005207,2026-06-08,ACCT_00257,PERSON_00257,upi,1585,PERSON_00034,upi
TXN_005208,2022-04-24,ACCT_00258,PERSON_00258,grocery,4414,PERSON_00071,grocery
TXN_005209,2022-04-27,ACCT_00259,PERSON_00259,supplier,25682,PERSON_00108,supplier
TXN_005210,2021-08-11,ACCT_00260,PERSON_00260,fuel,1397,PERSON_00145,fuel
TXN_005211,2023-03-31,ACCT_00261,PERSON_00261,grocery,2056,PERSON_00182,grocery
TXN_005212,2023-07-17,ACCT_00262,PERSON_00262,customer,42257,PERSON_00219,customer
TXN_005213,2023-12-25,ACCT_00263,PERSON_00263,emi,8709,PERSON_00256,emi
TXN_005214,2025-12-11,ACCT_00264,PERSON_00264,transfer,41369,PERSON_00293,transfer
TXN_005215,2025-02-19,ACCT_00265,PERSON_00265,customer,104233,PERSON_00330,customer
TXN_005216,2022-05-19,ACCT_00266,PERSON_00266,rent,9841,PERSON_00367,rent
TXN_005217,2023-06-15,ACCT_00267,PERSON_00267,fuel,4386,PERSON_00404,fuel
TXN_005218,2024-11-22,ACCT_00268,PERSON_00268,upi,246338,PERSON_00441,upi
TXN_005219,2022-11-03,ACCT_00269,PERSON_00269,upi,127773,PERSON_00028,upi
TXN_005220,2022-09-18,ACCT_00270,PERSON_00270,upi,11665,PERSON_00065,upi
TXN_005221,2025-09-10,ACCT_00271,PERSON_00271,upi,40597,PERSON_00102,upi
TXN_005222,2024-11-15,ACCT_00272,PERSON_00272,transfer,148745,PERSON_00139,transfer
TXN_005223,2022-01-13,ACCT_00273,PERSON_00273,rent,14625,PERSON_00176,rent
TXN_005224,2021-09-02,ACCT_00274,PERSON_00274,rent,21210,PERSON_00213,rent
TXN_005225,2021-08-28,ACCT_00275,PERSON_00275,salary,47737,PERSON_00250,salary
TXN_005226,2021-11-22,ACCT_00276,PERSON_00276,salary,39665,PERSON_00287,salary
TXN_005227,2021-07-24,ACCT_00277,PERSON_00277,salary,30848,PERSON_00324,salary
TXN_005228,2021-10-08,ACCT_00278,PERSON_00278,upi,5307,PERSON_00361,upi
TXN_005229,2024-04-27,ACCT_00279,PERSON_00279,upi,10203,PERSON_00398,upi
TXN_005230,2021-07-03,ACCT_00280,PERSON_00280,upi,10092,PERSON_00435,upi
TXN_005231,2021-04-19,ACCT_00281,PERSON_00281,customer,33062,PERSON_00022,customer
TXN_005232,2024-12-28,ACCT_00282,PERSON_00282,transfer,20114,PERSON_00059,transfer
TXN_005233,2021-02-19,ACCT_00283,PERSON_00283,emi,3886,PERSON_00096,emi
TXN_005234,2024-02-14,ACCT_00284,PERSON_00284,fuel,775,PERSON_00133,fuel
TXN_005235,2022-01-23,ACCT_00285,PERSON_00285,rent,18073,PERSON_00170,rent
TXN_005236,2023-02-12,ACCT_00286,PERSON_00286,salary,58685,PERSON_00207,salary
TXN_005237,2024-02-25,ACCT_00287,PERSON_00287,grocery,5867,PERSON_00244,grocery
TXN_005238,2021-12-04,ACCT_00288,PERSON_00288,upi,101324,PERSON_00281,upi
TXN_005239,2025-07-02,ACCT_00289,PERSON_00289,supplier,11288,PERSON_00318,supplier
TXN_005240,2023-06-30,ACCT_00290,PERSON_00290,upi,203229,PERSON_00355,upi
TXN_005241,2023-12-31,ACCT_00291,PERSON_00291,transfer,239111,PERSON_00392,transfer
TXN_005242,2025-07-20,ACCT_00292,PERSON_00292,salary,40815,PERSON_00429,salary
TXN_005243,2021-07-31,ACCT_00293,PERSON_00293,customer,85459,PERSON_00016,customer
TXN_005244,2023-10-26,ACCT_00294,PERSON_00294,cash_deposit,23520,PERSON_00053,cash deposit
TXN_005245,2023-09-02,ACCT_00295,PERSON_00295,fuel,4431,PERSON_00090,fuel
TXN_005246,2025-08-17,ACCT_00296,PERSON_00296,upi,11807,PERSON_00127,upi
TXN_005247,2025-10-29,ACCT_00297,PERSON_00297,upi,42957,PERSON_00164,upi
TXN_005248,2025-07-26,ACCT_00298,PERSON_00298,upi,2151,PERSON_00201,upi
TXN_005249,2025-04-08,ACCT_00299,PERSON_00299,cash_deposit,10458,PERSON_00238,cash deposit
TXN_005250,2026-06-11,ACCT_00300,PERSON_00300,emi,11283,PERSON_00275,emi
TXN_005251,2025-05-26,ACCT_00301,PERSON_00301,salary,54453,PERSON_00312,salary
TXN_005252,2023-05-18,ACCT_00302,PERSON_00302,upi,235444,PERSON_00349,upi
TXN_005253,2022-12-22,ACCT_00303,PERSON_00303,upi,3894,PERSON_00386,upi
TXN_005254,2024-04-21,ACCT_00304,PERSON_00304,customer,58312,PERSON_00423,customer
TXN_005255,2024-03-20,ACCT_00305,PERSON_00305,grocery,3547,PERSON_00010,grocery
TXN_005256,2025-08-12,ACCT_00306,PERSON_00306,fuel,3800,PERSON_00047,fuel
TXN_005257,2025-03-24,ACCT_00307,PERSON_00307,transfer,72410,PERSON_00084,transfer
TXN_005258,2023-12-20,ACCT_00308,PERSON_00308,utility,5716,PERSON_00121,utility
TXN_005259,2023-05-26,ACCT_00309,PERSON_00309,salary,39842,PERSON_00158,salary
TXN_005260,2024-05-31,ACCT_00310,PERSON_00310,upi,63591,PERSON_00195,upi
TXN_005261,2023-10-06,ACCT_00311,PERSON_00311,customer,4838,PERSON_00232,customer
TXN_005262,2026-01-09,ACCT_00312,PERSON_00312,customer,18043,PERSON_00269,customer
TXN_005263,2021-11-26,ACCT_00313,PERSON_00313,grocery,6437,PERSON_00306,grocery
TXN_005264,2023-02-24,ACCT_00314,PERSON_00314,upi,8288,PERSON_00343,upi
TXN_005265,2025-05-13,ACCT_00315,PERSON_00315,upi,232731,PERSON_00380,upi
TXN_005266,2023-09-27,ACCT_00316,PERSON_00316,supplier,27742,PERSON_00417,supplier
TXN_005267,2024-03-25,ACCT_00317,PERSON_00317,customer,74079,PERSON_00004,customer
TXN_005268,2026-03-21,ACCT_00318,PERSON_00318,salary,59384,PERSON_00041,salary
TXN_005269,2022-10-15,ACCT_00319,PERSON_00319,upi,11638,PERSON_00078,upi
TXN_005270,2023-02-24,ACCT_00320,PERSON_00320,emi,6114,PERSON_00115,emi
TXN_005271,2024-05-05,ACCT_00321,PERSON_00321,grocery,1452,PERSON_00152,grocery
TXN_005272,2024-07-19,ACCT_00322,PERSON_00322,emi,9007,PERSON_00189,emi
TXN_005273,2024-10-29,ACCT_00323,PERSON_00323,upi,916,PERSON_00226,upi
TXN_005274,2021-10-17,ACCT_00324,PERSON_00324,rent,9098,PERSON_00263,rent
TXN_005275,2022-11-12,ACCT_00325,PERSON_00325,fuel,4426,PERSON_00300,fuel
TXN_005276,2022-01-29,ACCT_00326,PERSON_00326,grocery,4789,PERSON_00337,grocery
TXN_005277,2021-06-13,ACCT_00327,PERSON_00327,emi,8203,PERSON_00374,emi
TXN_005278,2021-05-04,ACCT_00328,PERSON_00328,upi,79296,PERSON_00411,upi
TXN_005279,2023-03-29,ACCT_00329,PERSON_00329,customer,91293,PERSON_00448,customer
TXN_005280,2025-07-02,ACCT_00330,PERSON_00330,salary,29754,PERSON_00035,salary
TXN_005281,2025-03-25,ACCT_00331,PERSON_00331,upi,29392,PERSON_00072,upi
TXN_005282,2024-10-26,ACCT_00332,PERSON_00332,upi,4539,PERSON_00109,upi
TXN_005283,2023-06-13,ACCT_00333,PERSON_00333,upi,8077,PERSON_00146,upi
TXN_005284,2023-02-16,ACCT_00334,PERSON_00334,upi,172971,PERSON_00183,upi
TXN_005285,2025-12-26,ACCT_00335,PERSON_00335,upi,557,PERSON_00220,upi
TXN_005286,2025-02-18,ACCT_00336,PERSON_00336,grocery,880,PERSON_00257,grocery
TXN_005287,2026-06-20,ACCT_00337,PERSON_00337,salary,36256,PERSON_00294,salary
TXN_005288,2025-01-11,ACCT_00338,PERSON_00338,cash_deposit,231939,PERSON_00331,cash deposit
TXN_005289,2023-11-02,ACCT_00339,PERSON_00339,emi,22474,PERSON_00368,emi
TXN_005290,2022-01-23,ACCT_00340,PERSON_00340,rent,14211,PERSON_00405,rent
TXN_005291,2026-05-15,ACCT_00341,PERSON_00341,customer,101639,PERSON_00442,customer
TXN_005292,2025-11-05,ACCT_00342,PERSON_00342,salary,37639,PERSON_00029,salary
TXN_005293,2023-02-26,ACCT_00343,PERSON_00343,grocery,891,PERSON_00066,grocery
TXN_005294,2023-10-01,ACCT_00344,PERSON_00344,upi,149776,PERSON_00103,upi
TXN_005295,2023-01-04,ACCT_00345,PERSON_00345,grocery,1112,PERSON_00140,grocery
TXN_005296,2022-01-19,ACCT_00346,PERSON_00346,customer,80723,PERSON_00177,customer
TXN_005297,2024-11-10,ACCT_00347,PERSON_00347,salary,20421,PERSON_00214,salary
TXN_005298,2021-09-25,ACCT_00348,PERSON_00348,grocery,2209,PERSON_00251,grocery
TXN_005299,2024-07-14,ACCT_00349,PERSON_00349,upi,135408,PERSON_00288,upi
TXN_005300,2022-02-26,ACCT_00350,PERSON_00350,grocery,2294,PERSON_00325,grocery
TXN_005301,2022-07-04,ACCT_00351,PERSON_00351,transfer,32461,PERSON_00362,transfer
TXN_005302,2025-01-18,ACCT_00352,PERSON_00352,grocery,540,PERSON_00399,grocery
TXN_005303,2024-08-04,ACCT_00353,PERSON_00353,salary,50864,PERSON_00436,salary
TXN_005304,2022-12-17,ACCT_00354,PERSON_00354,grocery,1171,PERSON_00023,grocery
TXN_005305,2022-07-06,ACCT_00355,PERSON_00355,fuel,4435,PERSON_00060,fuel
TXN_005306,2024-01-17,ACCT_00356,PERSON_00356,cash_deposit,37542,PERSON_00097,cash deposit
TXN_005307,2022-06-11,ACCT_00357,PERSON_00357,fuel,2500,PERSON_00134,fuel
TXN_005308,2023-04-07,ACCT_00358,PERSON_00358,upi,245289,PERSON_00171,upi
TXN_005309,2026-04-14,ACCT_00359,PERSON_00359,utility,540,PERSON_00208,utility
TXN_005310,2022-03-30,ACCT_00360,PERSON_00360,rent,18101,PERSON_00245,rent
TXN_005311,2021-11-13,ACCT_00361,PERSON_00361,salary,65119,PERSON_00282,salary
TXN_005312,2023-05-06,ACCT_00362,PERSON_00362,grocery,4741,PERSON_00319,grocery
TXN_005313,2026-06-03,ACCT_00363,PERSON_00363,upi,7095,PERSON_00356,upi
TXN_005314,2022-03-26,ACCT_00364,PERSON_00364,customer,21083,PERSON_00393,customer
TXN_005315,2021-07-31,ACCT_00365,PERSON_00365,grocery,4535,PERSON_00430,grocery
TXN_005316,2025-10-13,ACCT_00366,PERSON_00366,cash_deposit,62820,PERSON_00017,cash deposit
TXN_005317,2023-11-05,ACCT_00367,PERSON_00367,upi,882,PERSON_00054,upi
TXN_005318,2022-04-03,ACCT_00368,PERSON_00368,supplier,15230,PERSON_00091,supplier
TXN_005319,2021-09-04,ACCT_00369,PERSON_00369,upi,11366,PERSON_00128,upi
TXN_005320,2024-05-29,ACCT_00370,PERSON_00370,emi,33717,PERSON_00165,emi
TXN_005321,2021-03-22,ACCT_00371,PERSON_00371,utility,5234,PERSON_00202,utility
TXN_005322,2025-05-04,ACCT_00372,PERSON_00372,supplier,27329,PERSON_00239,supplier
TXN_005323,2024-03-02,ACCT_00373,PERSON_00373,fuel,1364,PERSON_00276,fuel
TXN_005324,2025-07-12,ACCT_00374,PERSON_00374,transfer,31666,PERSON_00313,transfer
TXN_005325,2025-04-28,ACCT_00375,PERSON_00375,utility,4119,PERSON_00350,utility
TXN_005326,2022-12-21,ACCT_00376,PERSON_00376,rent,18780,PERSON_00387,rent
TXN_005327,2025-03-13,ACCT_00377,PERSON_00377,emi,6090,PERSON_00424,emi
TXN_005328,2021-01-22,ACCT_00378,PERSON_00378,fuel,2051,PERSON_00011,fuel
TXN_005329,2022-06-27,ACCT_00379,PERSON_00379,transfer,17630,PERSON_00048,transfer
TXN_005330,2024-02-01,ACCT_00380,PERSON_00380,rent,10857,PERSON_00085,rent
TXN_005331,2021-10-31,ACCT_00381,PERSON_00381,utility,2726,PERSON_00122,utility
TXN_005332,2021-06-19,ACCT_00382,PERSON_00382,salary,30630,PERSON_00159,salary
TXN_005333,2025-10-11,ACCT_00383,PERSON_00383,upi,153482,PERSON_00196,upi
TXN_005334,2021-10-11,ACCT_00384,PERSON_00384,upi,164224,PERSON_00233,upi
TXN_005335,2023-10-01,ACCT_00385,PERSON_00385,upi,118659,PERSON_00270,upi
TXN_005336,2025-06-28,ACCT_00386,PERSON_00386,upi,1773,PERSON_00307,upi
TXN_005337,2024-02-13,ACCT_00387,PERSON_00387,fuel,1742,PERSON_00344,fuel
TXN_005338,2024-10-27,ACCT_00388,PERSON_00388,transfer,54860,PERSON_00381,transfer
TXN_005339,2021-05-23,ACCT_00389,PERSON_00389,rent,12145,PERSON_00418,rent
TXN_005340,2026-04-08,ACCT_00390,PERSON_00390,supplier,70446,PERSON_00005,supplier
TXN_005341,2021-12-13,ACCT_00391,PERSON_00391,supplier,54790,PERSON_00042,supplier
TXN_005342,2023-04-20,ACCT_00392,PERSON_00392,transfer,64777,PERSON_00079,transfer
TXN_005343,2024-08-18,ACCT_00393,PERSON_00393,supplier,27384,PERSON_00116,supplier
TXN_005344,2025-03-23,ACCT_00394,PERSON_00394,customer,100250,PERSON_00153,customer
TXN_005345,2025-12-17,ACCT_00395,PERSON_00395,salary,65351,PERSON_00190,salary
TXN_005346,2022-09-09,ACCT_00396,PERSON_00396,supplier,25675,PERSON_00227,supplier
TXN_005347,2021-01-08,ACCT_00397,PERSON_00397,emi,8903,PERSON_00264,emi
TXN_005348,2026-01-09,ACCT_00398,PERSON_00398,fuel,4219,PERSON_00301,fuel
TXN_005349,2022-01-17,ACCT_00399,PERSON_00399,customer,80299,PERSON_00338,customer
TXN_005350,2026-06-25,ACCT_00400,PERSON_00400,upi,5895,PERSON_00375,upi
TXN_005351,2021-02-02,ACCT_00401,PERSON_00401,customer,51948,PERSON_00412,customer
TXN_005352,2021-10-29,ACCT_00402,PERSON_00402,grocery,4331,PERSON_00449,grocery
TXN_005353,2021-02-14,ACCT_00403,PERSON_00403,salary,58121,PERSON_00036,salary
TXN_005354,2023-10-19,ACCT_00404,PERSON_00404,fuel,806,PERSON_00073,fuel
TXN_005355,2024-12-15,ACCT_00405,PERSON_00405,grocery,5716,PERSON_00110,grocery
TXN_005356,2021-11-28,ACCT_00406,PERSON_00406,salary,63554,PERSON_00147,salary
TXN_005357,2022-09-23,ACCT_00407,PERSON_00407,grocery,4752,PERSON_00184,grocery
TXN_005358,2024-04-01,ACCT_00408,PERSON_00408,cash_deposit,51511,PERSON_00221,cash deposit
TXN_005359,2023-12-09,ACCT_00409,PERSON_00409,emi,18978,PERSON_00258,emi
TXN_005360,2025-07-02,ACCT_00410,PERSON_00410,supplier,28928,PERSON_00295,supplier
TXN_005361,2024-01-03,ACCT_00411,PERSON_00411,transfer,67169,PERSON_00332,transfer
TXN_005362,2025-05-04,ACCT_00412,PERSON_00412,upi,7387,PERSON_00369,upi
TXN_005363,2021-10-30,ACCT_00413,PERSON_00413,fuel,3124,PERSON_00406,fuel
TXN_005364,2023-11-15,ACCT_00414,PERSON_00414,customer,40387,PERSON_00443,customer
TXN_005365,2024-05-21,ACCT_00415,PERSON_00415,salary,67007,PERSON_00030,salary
TXN_005366,2024-04-16,ACCT_00416,PERSON_00416,supplier,49522,PERSON_00067,supplier
TXN_005367,2021-12-31,ACCT_00417,PERSON_00417,fuel,3263,PERSON_00104,fuel
TXN_005368,2024-09-01,ACCT_00418,PERSON_00418,utility,4872,PERSON_00141,utility
TXN_005369,2022-03-20,ACCT_00419,PERSON_00419,upi,7201,PERSON_00178,upi
TXN_005370,2025-11-16,ACCT_00420,PERSON_00420,grocery,3448,PERSON_00215,grocery
TXN_005371,2024-06-11,ACCT_00421,PERSON_00421,salary,38648,PERSON_00252,salary
TXN_005372,2021-12-07,ACCT_00422,PERSON_00422,cash_deposit,181099,PERSON_00289,cash deposit
TXN_005373,2024-01-08,ACCT_00423,PERSON_00423,grocery,1240,PERSON_00326,grocery
TXN_005374,2023-02-20,ACCT_00424,PERSON_00424,grocery,637,PERSON_00363,grocery
TXN_005375,2024-11-15,ACCT_00425,PERSON_00425,grocery,3029,PERSON_00400,grocery
TXN_005376,2023-03-28,ACCT_00426,PERSON_00426,customer,12986,PERSON_00437,customer
TXN_005377,2022-08-07,ACCT_00427,PERSON_00427,grocery,647,PERSON_00024,grocery
TXN_005378,2023-05-01,ACCT_00428,PERSON_00428,emi,8335,PERSON_00061,emi
TXN_005379,2024-11-23,ACCT_00429,PERSON_00429,cash_deposit,143077,PERSON_00098,cash deposit
TXN_005380,2024-04-14,ACCT_00430,PERSON_00430,supplier,57881,PERSON_00135,supplier
TXN_005381,2026-01-24,ACCT_00431,PERSON_00431,rent,7826,PERSON_00172,rent
TXN_005382,2024-07-28,ACCT_00432,PERSON_00432,upi,177295,PERSON_00209,upi
TXN_005383,2022-01-24,ACCT_00433,PERSON_00433,transfer,30948,PERSON_00246,transfer
TXN_005384,2025-11-14,ACCT_00434,PERSON_00434,upi,64942,PERSON_00283,upi
TXN_005385,2025-06-08,ACCT_00435,PERSON_00435,emi,21146,PERSON_00320,emi
TXN_005386,2024-03-18,ACCT_00436,PERSON_00436,rent,15755,PERSON_00357,rent
TXN_005387,2021-02-02,ACCT_00437,PERSON_00437,upi,6720,PERSON_00394,upi
TXN_005388,2024-09-12,ACCT_00438,PERSON_00438,emi,20681,PERSON_00431,emi
TXN_005389,2021-06-26,ACCT_00439,PERSON_00439,grocery,5345,PERSON_00018,grocery
TXN_005390,2023-10-19,ACCT_00440,PERSON_00440,rent,21867,PERSON_00055,rent
TXN_005391,2022-10-05,ACCT_00441,PERSON_00441,emi,29598,PERSON_00092,emi
TXN_005392,2023-04-13,ACCT_00442,PERSON_00442,fuel,5128,PERSON_00129,fuel
TXN_005393,2026-05-20,ACCT_00443,PERSON_00443,grocery,1453,PERSON_00166,grocery
TXN_005394,2021-11-29,ACCT_00444,PERSON_00444,emi,5873,PERSON_00203,emi
TXN_005395,2023-11-29,ACCT_00445,PERSON_00445,fuel,1921,PERSON_00240,fuel
TXN_005396,2022-01-01,ACCT_00446,PERSON_00446,grocery,4625,PERSON_00277,grocery
TXN_005397,2021-03-11,ACCT_00447,PERSON_00447,upi,9640,PERSON_00314,upi
TXN_005398,2023-04-09,ACCT_00448,PERSON_00448,rent,20415,PERSON_00351,rent
TXN_005399,2023-11-13,ACCT_00449,PERSON_00449,fuel,2689,PERSON_00388,fuel
TXN_005400,2023-04-25,ACCT_00450,PERSON_00450,salary,32752,PERSON_00425,salary
TXN_005401,2022-03-15,ACCT_00001,PERSON_00001,transfer,81392,PERSON_00012,transfer
TXN_005402,2022-08-26,ACCT_00002,PERSON_00002,supplier,8181,PERSON_00049,supplier
TXN_005403,2022-02-26,ACCT_00003,PERSON_00003,supplier,7884,PERSON_00086,supplier
TXN_005404,2022-12-06,ACCT_00004,PERSON_00004,salary,50288,PERSON_00123,salary
TXN_005405,2024-01-30,ACCT_00005,PERSON_00005,supplier,28935,PERSON_00160,supplier
TXN_005406,2022-10-18,ACCT_00006,PERSON_00006,supplier,73393,PERSON_00197,supplier
TXN_005407,2021-10-21,ACCT_00007,PERSON_00007,fuel,4026,PERSON_00234,fuel
TXN_005408,2026-05-01,ACCT_00008,PERSON_00008,upi,124156,PERSON_00271,upi
TXN_005409,2024-09-08,ACCT_00009,PERSON_00009,upi,7696,PERSON_00308,upi
TXN_005410,2022-12-07,ACCT_00010,PERSON_00010,upi,230995,PERSON_00345,upi
TXN_005411,2021-05-13,ACCT_00011,PERSON_00011,utility,6633,PERSON_00382,utility
TXN_005412,2022-07-30,ACCT_00012,PERSON_00012,fuel,3638,PERSON_00419,fuel
TXN_005413,2022-06-15,ACCT_00013,PERSON_00013,grocery,5539,PERSON_00006,grocery
TXN_005414,2025-05-25,ACCT_00014,PERSON_00014,emi,17440,PERSON_00043,emi
TXN_005415,2023-10-13,ACCT_00015,PERSON_00015,supplier,6941,PERSON_00080,supplier
TXN_005416,2024-03-21,ACCT_00016,PERSON_00016,rent,10710,PERSON_00117,rent
TXN_005417,2022-09-08,ACCT_00017,PERSON_00017,emi,6106,PERSON_00154,emi
TXN_005418,2024-11-03,ACCT_00018,PERSON_00018,supplier,13024,PERSON_00191,supplier
TXN_005419,2021-03-03,ACCT_00019,PERSON_00019,transfer,63128,PERSON_00228,transfer
TXN_005420,2021-01-19,ACCT_00020,PERSON_00020,upi,26306,PERSON_00265,upi
TXN_005421,2023-08-14,ACCT_00021,PERSON_00021,upi,218740,PERSON_00302,upi
TXN_005422,2023-05-02,ACCT_00022,PERSON_00022,fuel,5562,PERSON_00339,fuel
TXN_005423,2023-01-27,ACCT_00023,PERSON_00023,cash_deposit,31491,PERSON_00376,cash deposit
TXN_005424,2021-05-22,ACCT_00024,PERSON_00024,rent,8558,PERSON_00413,rent
TXN_005425,2022-11-15,ACCT_00025,PERSON_00025,utility,2624,PERSON_00450,utility
TXN_005426,2022-08-09,ACCT_00026,PERSON_00026,rent,16776,PERSON_00037,rent
TXN_005427,2022-05-05,ACCT_00027,PERSON_00027,utility,1168,PERSON_00074,utility
TXN_005428,2022-05-29,ACCT_00028,PERSON_00028,grocery,4446,PERSON_00111,grocery
TXN_005429,2022-09-18,ACCT_00029,PERSON_00029,emi,32347,PERSON_00148,emi
TXN_005430,2022-01-07,ACCT_00030,PERSON_00030,salary,22627,PERSON_00185,salary
TXN_005431,2021-08-01,ACCT_00031,PERSON_00031,supplier,48908,PERSON_00222,supplier
TXN_005432,2026-02-04,ACCT_00032,PERSON_00032,fuel,5175,PERSON_00259,fuel
TXN_005433,2023-07-07,ACCT_00033,PERSON_00033,grocery,1901,PERSON_00296,grocery
TXN_005434,2023-05-27,ACCT_00034,PERSON_00034,utility,2719,PERSON_00333,utility
TXN_005435,2022-01-26,ACCT_00035,PERSON_00035,upi,665,PERSON_00370,upi
TXN_005436,2023-06-29,ACCT_00036,PERSON_00036,customer,5715,PERSON_00407,customer
TXN_005437,2024-07-17,ACCT_00037,PERSON_00037,rent,6514,PERSON_00444,rent
TXN_005438,2022-10-15,ACCT_00038,PERSON_00038,customer,96484,PERSON_00031,customer
TXN_005439,2021-11-23,ACCT_00039,PERSON_00039,upi,5205,PERSON_00068,upi
TXN_005440,2026-01-05,ACCT_00040,PERSON_00040,transfer,12475,PERSON_00105,transfer
TXN_005441,2024-06-08,ACCT_00041,PERSON_00041,supplier,7666,PERSON_00142,supplier
TXN_005442,2023-10-13,ACCT_00042,PERSON_00042,supplier,70555,PERSON_00179,supplier
TXN_005443,2023-12-09,ACCT_00043,PERSON_00043,transfer,26951,PERSON_00216,transfer
TXN_005444,2023-07-14,ACCT_00044,PERSON_00044,upi,4520,PERSON_00253,upi
TXN_005445,2023-05-26,ACCT_00045,PERSON_00045,grocery,3979,PERSON_00290,grocery
TXN_005446,2023-02-14,ACCT_00046,PERSON_00046,upi,60029,PERSON_00327,upi
TXN_005447,2023-08-03,ACCT_00047,PERSON_00047,salary,46505,PERSON_00364,salary
TXN_005448,2023-02-19,ACCT_00048,PERSON_00048,grocery,2212,PERSON_00401,grocery
TXN_005449,2022-07-04,ACCT_00049,PERSON_00049,salary,70178,PERSON_00438,salary
TXN_005450,2021-10-31,ACCT_00050,PERSON_00050,grocery,4104,PERSON_00025,grocery
TXN_005451,2021-03-04,ACCT_00051,PERSON_00051,grocery,1961,PERSON_00062,grocery
TXN_005452,2023-03-04,ACCT_00052,PERSON_00052,customer,58563,PERSON_00099,customer
TXN_005453,2023-09-17,ACCT_00053,PERSON_00053,grocery,5951,PERSON_00136,grocery
TXN_005454,2022-11-15,ACCT_00054,PERSON_00054,upi,28108,PERSON_00173,upi
TXN_005455,2022-10-12,ACCT_00055,PERSON_00055,upi,189190,PERSON_00210,upi
TXN_005456,2026-01-19,ACCT_00056,PERSON_00056,upi,11712,PERSON_00247,upi
TXN_005457,2022-07-13,ACCT_00057,PERSON_00057,customer,70769,PERSON_00284,customer
TXN_005458,2023-09-22,ACCT_00058,PERSON_00058,rent,13368,PERSON_00321,rent
TXN_005459,2025-03-25,ACCT_00059,PERSON_00059,emi,14095,PERSON_00358,emi
TXN_005460,2025-02-04,ACCT_00060,PERSON_00060,rent,8907,PERSON_00395,rent
TXN_005461,2023-02-25,ACCT_00061,PERSON_00061,salary,56397,PERSON_00432,salary
TXN_005462,2021-01-16,ACCT_00062,PERSON_00062,fuel,4891,PERSON_00019,fuel
TXN_005463,2026-06-12,ACCT_00063,PERSON_00063,grocery,3821,PERSON_00056,grocery
TXN_005464,2021-03-05,ACCT_00064,PERSON_00064,rent,15841,PERSON_00093,rent
TXN_005465,2025-12-19,ACCT_00065,PERSON_00065,fuel,1518,PERSON_00130,fuel
TXN_005466,2025-01-10,ACCT_00066,PERSON_00066,cash_deposit,114397,PERSON_00167,cash deposit
TXN_005467,2023-04-25,ACCT_00067,PERSON_00067,supplier,18931,PERSON_00204,supplier
TXN_005468,2025-05-02,ACCT_00068,PERSON_00068,grocery,1279,PERSON_00241,grocery
TXN_005469,2021-09-06,ACCT_00069,PERSON_00069,upi,2265,PERSON_00278,upi
TXN_005470,2021-03-13,ACCT_00070,PERSON_00070,fuel,4131,PERSON_00315,fuel
TXN_005471,2024-11-23,ACCT_00071,PERSON_00071,supplier,55129,PERSON_00352,supplier
TXN_005472,2023-01-11,ACCT_00072,PERSON_00072,grocery,3207,PERSON_00389,grocery
TXN_005473,2024-03-05,ACCT_00073,PERSON_00073,grocery,949,PERSON_00426,grocery
TXN_005474,2025-07-08,ACCT_00074,PERSON_00074,rent,12656,PERSON_00013,rent
TXN_005475,2025-04-20,ACCT_00075,PERSON_00075,fuel,3493,PERSON_00050,fuel
TXN_005476,2024-02-28,ACCT_00076,PERSON_00076,emi,21449,PERSON_00087,emi
TXN_005477,2023-11-04,ACCT_00077,PERSON_00077,supplier,83382,PERSON_00124,supplier
TXN_005478,2024-10-06,ACCT_00078,PERSON_00078,upi,9477,PERSON_00161,upi
TXN_005479,2026-06-05,ACCT_00079,PERSON_00079,rent,13876,PERSON_00198,rent
TXN_005480,2022-08-31,ACCT_00080,PERSON_00080,supplier,37425,PERSON_00235,supplier
TXN_005481,2025-05-18,ACCT_00081,PERSON_00081,utility,2525,PERSON_00272,utility
TXN_005482,2025-02-09,ACCT_00082,PERSON_00082,fuel,3023,PERSON_00309,fuel
TXN_005483,2024-12-12,ACCT_00083,PERSON_00083,grocery,2628,PERSON_00346,grocery
TXN_005484,2026-06-18,ACCT_00084,PERSON_00084,fuel,1951,PERSON_00383,fuel
TXN_005485,2022-05-08,ACCT_00085,PERSON_00085,fuel,1936,PERSON_00420,fuel
TXN_005486,2023-02-03,ACCT_00086,PERSON_00086,grocery,322,PERSON_00007,grocery
TXN_005487,2022-10-11,ACCT_00087,PERSON_00087,salary,68881,PERSON_00044,salary
TXN_005488,2026-04-13,ACCT_00088,PERSON_00088,grocery,2712,PERSON_00081,grocery
TXN_005489,2023-06-14,ACCT_00089,PERSON_00089,transfer,214231,PERSON_00118,transfer
TXN_005490,2021-02-28,ACCT_00090,PERSON_00090,salary,65517,PERSON_00155,salary
TXN_005491,2021-12-06,ACCT_00091,PERSON_00091,emi,15117,PERSON_00192,emi
TXN_005492,2021-09-20,ACCT_00092,PERSON_00092,upi,151510,PERSON_00229,upi
TXN_005493,2023-06-16,ACCT_00093,PERSON_00093,utility,633,PERSON_00266,utility
TXN_005494,2021-09-15,ACCT_00094,PERSON_00094,transfer,11626,PERSON_00303,transfer
TXN_005495,2025-03-28,ACCT_00095,PERSON_00095,upi,198742,PERSON_00340,upi
TXN_005496,2022-06-14,ACCT_00096,PERSON_00096,supplier,11861,PERSON_00377,supplier
TXN_005497,2024-04-28,ACCT_00097,PERSON_00097,transfer,71416,PERSON_00414,transfer
TXN_005498,2021-10-26,ACCT_00098,PERSON_00098,upi,3081,PERSON_00001,upi
TXN_005499,2025-03-07,ACCT_00099,PERSON_00099,supplier,12046,PERSON_00038,supplier
TXN_005500,2024-01-27,ACCT_00100,PERSON_00100,utility,4554,PERSON_00075,utility
TXN_005501,2023-08-18,ACCT_00101,PERSON_00101,customer,67009,PERSON_00112,customer
TXN_005502,2026-03-27,ACCT_00102,PERSON_00102,utility,2928,PERSON_00149,utility
TXN_005503,2026-03-03,ACCT_00103,PERSON_00103,cash_deposit,225596,PERSON_00186,cash deposit
TXN_005504,2021-02-10,ACCT_00104,PERSON_00104,customer,45226,PERSON_00223,customer
TXN_005505,2023-06-26,ACCT_00105,PERSON_00105,upi,249029,PERSON_00260,upi
TXN_005506,2021-12-09,ACCT_00106,PERSON_00106,rent,21536,PERSON_00297,rent
TXN_005507,2021-02-01,ACCT_00107,PERSON_00107,customer,3573,PERSON_00334,customer
TXN_005508,2026-01-21,ACCT_00108,PERSON_00108,rent,18073,PERSON_00371,rent
TXN_005509,2023-04-22,ACCT_00109,PERSON_00109,grocery,3303,PERSON_00408,grocery
TXN_005510,2021-07-28,ACCT_00110,PERSON_00110,upi,44918,PERSON_00445,upi
TXN_005511,2023-05-23,ACCT_00111,PERSON_00111,customer,102044,PERSON_00032,customer
TXN_005512,2021-06-23,ACCT_00112,PERSON_00112,cash_deposit,64057,PERSON_00069,cash deposit
TXN_005513,2025-03-14,ACCT_00113,PERSON_00113,transfer,158434,PERSON_00106,transfer
TXN_005514,2022-09-05,ACCT_00114,PERSON_00114,transfer,165118,PERSON_00143,transfer
TXN_005515,2025-11-01,ACCT_00115,PERSON_00115,transfer,16782,PERSON_00180,transfer
TXN_005516,2024-11-30,ACCT_00116,PERSON_00116,transfer,9603,PERSON_00217,transfer
TXN_005517,2024-06-22,ACCT_00117,PERSON_00117,customer,52034,PERSON_00254,customer
TXN_005518,2024-04-21,ACCT_00118,PERSON_00118,supplier,81966,PERSON_00291,supplier
TXN_005519,2022-11-19,ACCT_00119,PERSON_00119,grocery,2679,PERSON_00328,grocery
TXN_005520,2024-03-09,ACCT_00120,PERSON_00120,cash_deposit,51562,PERSON_00365,cash deposit
TXN_005521,2026-05-10,ACCT_00121,PERSON_00121,supplier,83904,PERSON_00402,supplier
TXN_005522,2023-02-09,ACCT_00122,PERSON_00122,cash_deposit,187351,PERSON_00439,cash deposit
TXN_005523,2021-03-06,ACCT_00123,PERSON_00123,customer,118960,PERSON_00026,customer
TXN_005524,2023-12-18,ACCT_00124,PERSON_00124,customer,79545,PERSON_00063,customer
TXN_005525,2024-07-16,ACCT_00125,PERSON_00125,grocery,2684,PERSON_00100,grocery
TXN_005526,2024-03-05,ACCT_00126,PERSON_00126,grocery,3796,PERSON_00137,grocery
TXN_005527,2024-04-02,ACCT_00127,PERSON_00127,rent,8268,PERSON_00174,rent
TXN_005528,2024-01-20,ACCT_00128,PERSON_00128,supplier,43531,PERSON_00211,supplier
TXN_005529,2025-01-29,ACCT_00129,PERSON_00129,upi,161522,PERSON_00248,upi
TXN_005530,2026-06-25,ACCT_00130,PERSON_00130,cash_deposit,132851,PERSON_00285,cash deposit
TXN_005531,2024-07-04,ACCT_00131,PERSON_00131,customer,3401,PERSON_00322,customer
TXN_005532,2025-02-10,ACCT_00132,PERSON_00132,salary,29639,PERSON_00359,salary
TXN_005533,2022-06-13,ACCT_00133,PERSON_00133,upi,196778,PERSON_00396,upi
TXN_005534,2026-01-31,ACCT_00134,PERSON_00134,utility,522,PERSON_00433,utility
TXN_005535,2022-08-03,ACCT_00135,PERSON_00135,supplier,14659,PERSON_00020,supplier
TXN_005536,2026-04-08,ACCT_00136,PERSON_00136,grocery,910,PERSON_00057,grocery
TXN_005537,2026-01-31,ACCT_00137,PERSON_00137,rent,17083,PERSON_00094,rent
TXN_005538,2022-05-05,ACCT_00138,PERSON_00138,emi,25088,PERSON_00131,emi
TXN_005539,2021-10-16,ACCT_00139,PERSON_00139,grocery,6401,PERSON_00168,grocery
TXN_005540,2024-11-05,ACCT_00140,PERSON_00140,emi,20508,PERSON_00205,emi
TXN_005541,2021-03-01,ACCT_00141,PERSON_00141,upi,34325,PERSON_00242,upi
TXN_005542,2023-10-30,ACCT_00142,PERSON_00142,transfer,18363,PERSON_00279,transfer
TXN_005543,2023-07-29,ACCT_00143,PERSON_00143,supplier,18944,PERSON_00316,supplier
TXN_005544,2025-07-09,ACCT_00144,PERSON_00144,transfer,89187,PERSON_00353,transfer
TXN_005545,2025-11-26,ACCT_00145,PERSON_00145,transfer,6852,PERSON_00390,transfer
TXN_005546,2026-01-17,ACCT_00146,PERSON_00146,fuel,950,PERSON_00427,fuel
TXN_005547,2026-03-26,ACCT_00147,PERSON_00147,rent,19348,PERSON_00014,rent
TXN_005548,2023-04-28,ACCT_00148,PERSON_00148,upi,98610,PERSON_00051,upi
TXN_005549,2022-11-28,ACCT_00149,PERSON_00149,salary,61107,PERSON_00088,salary
TXN_005550,2021-11-04,ACCT_00150,PERSON_00150,emi,24475,PERSON_00125,emi
TXN_005551,2024-01-05,ACCT_00151,PERSON_00151,salary,60391,PERSON_00162,salary
TXN_005552,2023-07-29,ACCT_00152,PERSON_00152,cash_deposit,73223,PERSON_00199,cash deposit
TXN_005553,2021-12-18,ACCT_00153,PERSON_00153,customer,60590,PERSON_00236,customer
TXN_005554,2024-12-07,ACCT_00154,PERSON_00154,utility,1900,PERSON_00273,utility
TXN_005555,2021-04-01,ACCT_00155,PERSON_00155,utility,4567,PERSON_00310,utility
TXN_005556,2024-12-22,ACCT_00156,PERSON_00156,upi,248024,PERSON_00347,upi
TXN_005557,2023-09-20,ACCT_00157,PERSON_00157,utility,1830,PERSON_00384,utility
TXN_005558,2026-02-23,ACCT_00158,PERSON_00158,grocery,5455,PERSON_00421,grocery
TXN_005559,2024-07-24,ACCT_00159,PERSON_00159,grocery,2515,PERSON_00008,grocery
TXN_005560,2024-08-07,ACCT_00160,PERSON_00160,customer,42947,PERSON_00045,customer
TXN_005561,2022-02-12,ACCT_00161,PERSON_00161,upi,232367,PERSON_00082,upi
TXN_005562,2025-01-06,ACCT_00162,PERSON_00162,customer,85722,PERSON_00119,customer
TXN_005563,2022-09-18,ACCT_00163,PERSON_00163,customer,101082,PERSON_00156,customer
TXN_005564,2025-12-26,ACCT_00164,PERSON_00164,customer,82589,PERSON_00193,customer
TXN_005565,2022-10-21,ACCT_00165,PERSON_00165,customer,38648,PERSON_00230,customer
TXN_005566,2022-09-07,ACCT_00166,PERSON_00166,utility,2932,PERSON_00267,utility
TXN_005567,2021-06-10,ACCT_00167,PERSON_00167,emi,20037,PERSON_00304,emi
TXN_005568,2023-03-19,ACCT_00168,PERSON_00168,rent,7210,PERSON_00341,rent
TXN_005569,2022-05-07,ACCT_00169,PERSON_00169,grocery,841,PERSON_00378,grocery
TXN_005570,2023-06-21,ACCT_00170,PERSON_00170,upi,7600,PERSON_00415,upi
TXN_005571,2022-12-08,ACCT_00171,PERSON_00171,utility,6182,PERSON_00002,utility
TXN_005572,2022-09-29,ACCT_00172,PERSON_00172,upi,11214,PERSON_00039,upi
TXN_005573,2025-03-12,ACCT_00173,PERSON_00173,grocery,648,PERSON_00076,grocery
TXN_005574,2022-06-19,ACCT_00174,PERSON_00174,upi,6882,PERSON_00113,upi
TXN_005575,2025-08-26,ACCT_00175,PERSON_00175,upi,3025,PERSON_00150,upi
TXN_005576,2021-08-29,ACCT_00176,PERSON_00176,upi,6096,PERSON_00187,upi
TXN_005577,2021-07-20,ACCT_00177,PERSON_00177,fuel,1232,PERSON_00224,fuel
TXN_005578,2026-01-25,ACCT_00178,PERSON_00178,upi,8588,PERSON_00261,upi
TXN_005579,2023-04-13,ACCT_00179,PERSON_00179,grocery,2856,PERSON_00298,grocery
TXN_005580,2022-06-19,ACCT_00180,PERSON_00180,upi,183374,PERSON_00335,upi
TXN_005581,2023-07-18,ACCT_00181,PERSON_00181,transfer,23686,PERSON_00372,transfer
TXN_005582,2023-01-09,ACCT_00182,PERSON_00182,upi,43863,PERSON_00409,upi
TXN_005583,2026-03-19,ACCT_00183,PERSON_00183,cash_deposit,80213,PERSON_00446,cash deposit
TXN_005584,2026-06-06,ACCT_00184,PERSON_00184,salary,28752,PERSON_00033,salary
TXN_005585,2023-04-30,ACCT_00185,PERSON_00185,upi,6197,PERSON_00070,upi
TXN_005586,2024-06-15,ACCT_00186,PERSON_00186,supplier,43218,PERSON_00107,supplier
TXN_005587,2021-01-04,ACCT_00187,PERSON_00187,customer,35603,PERSON_00144,customer
TXN_005588,2022-02-06,ACCT_00188,PERSON_00188,salary,20431,PERSON_00181,salary
TXN_005589,2022-01-06,ACCT_00189,PERSON_00189,supplier,24975,PERSON_00218,supplier
TXN_005590,2025-03-01,ACCT_00190,PERSON_00190,upi,1198,PERSON_00255,upi
TXN_005591,2023-12-12,ACCT_00191,PERSON_00191,utility,695,PERSON_00292,utility
TXN_005592,2025-05-03,ACCT_00192,PERSON_00192,upi,10771,PERSON_00329,upi
TXN_005593,2024-12-09,ACCT_00193,PERSON_00193,fuel,3313,PERSON_00366,fuel
TXN_005594,2025-09-29,ACCT_00194,PERSON_00194,cash_deposit,47815,PERSON_00403,cash deposit
TXN_005595,2021-09-22,ACCT_00195,PERSON_00195,cash_deposit,34568,PERSON_00440,cash deposit
TXN_005596,2025-10-16,ACCT_00196,PERSON_00196,rent,14241,PERSON_00027,rent
TXN_005597,2025-05-26,ACCT_00197,PERSON_00197,rent,21147,PERSON_00064,rent
TXN_005598,2024-05-17,ACCT_00198,PERSON_00198,salary,58298,PERSON_00101,salary
TXN_005599,2023-05-05,ACCT_00199,PERSON_00199,upi,9674,PERSON_00138,upi
TXN_005600,2025-07-22,ACCT_00200,PERSON_00200,fuel,2296,PERSON_00175,fuel
TXN_005601,2023-10-20,ACCT_00201,PERSON_00201,utility,6716,PERSON_00212,utility
TXN_005602,2024-03-16,ACCT_00202,PERSON_00202,cash_deposit,152844,PERSON_00249,cash deposit
TXN_005603,2025-09-05,ACCT_00203,PERSON_00203,utility,2589,PERSON_00286,utility
TXN_005604,2022-11-07,ACCT_00204,PERSON_00204,fuel,4865,PERSON_00323,fuel
TXN_005605,2024-08-09,ACCT_00205,PERSON_00205,customer,84046,PERSON_00360,customer
TXN_005606,2023-07-24,ACCT_00206,PERSON_00206,grocery,3851,PERSON_00397,grocery
TXN_005607,2025-10-01,ACCT_00207,PERSON_00207,salary,67410,PERSON_00434,salary
TXN_005608,2024-12-22,ACCT_00208,PERSON_00208,salary,28677,PERSON_00021,salary
TXN_005609,2025-01-10,ACCT_00209,PERSON_00209,cash_deposit,158568,PERSON_00058,cash deposit
TXN_005610,2022-08-23,ACCT_00210,PERSON_00210,cash_deposit,120403,PERSON_00095,cash deposit
TXN_005611,2023-12-16,ACCT_00211,PERSON_00211,supplier,23581,PERSON_00132,supplier
TXN_005612,2021-04-10,ACCT_00212,PERSON_00212,utility,3483,PERSON_00169,utility
TXN_005613,2023-06-03,ACCT_00213,PERSON_00213,utility,4163,PERSON_00206,utility
TXN_005614,2025-01-06,ACCT_00214,PERSON_00214,transfer,161640,PERSON_00243,transfer
TXN_005615,2022-02-07,ACCT_00215,PERSON_00215,fuel,3610,PERSON_00280,fuel
TXN_005616,2021-08-04,ACCT_00216,PERSON_00216,upi,71866,PERSON_00317,upi
TXN_005617,2023-05-11,ACCT_00217,PERSON_00217,upi,4287,PERSON_00354,upi
TXN_005618,2023-07-19,ACCT_00218,PERSON_00218,transfer,49743,PERSON_00391,transfer
TXN_005619,2024-06-27,ACCT_00219,PERSON_00219,grocery,6375,PERSON_00428,grocery
TXN_005620,2023-07-25,ACCT_00220,PERSON_00220,cash_deposit,239423,PERSON_00015,cash deposit
TXN_005621,2022-04-13,ACCT_00221,PERSON_00221,customer,65931,PERSON_00052,customer
TXN_005622,2025-05-10,ACCT_00222,PERSON_00222,upi,6737,PERSON_00089,upi
TXN_005623,2021-05-01,ACCT_00223,PERSON_00223,emi,9794,PERSON_00126,emi
TXN_005624,2026-06-26,ACCT_00224,PERSON_00224,salary,66960,PERSON_00163,salary
TXN_005625,2024-09-19,ACCT_00225,PERSON_00225,utility,2409,PERSON_00200,utility
TXN_005626,2021-08-30,ACCT_00226,PERSON_00226,upi,53317,PERSON_00237,upi
TXN_005627,2025-12-03,ACCT_00227,PERSON_00227,grocery,2732,PERSON_00274,grocery
TXN_005628,2022-09-02,ACCT_00228,PERSON_00228,upi,110327,PERSON_00311,upi
TXN_005629,2021-03-25,ACCT_00229,PERSON_00229,upi,236427,PERSON_00348,upi
TXN_005630,2024-02-03,ACCT_00230,PERSON_00230,salary,38679,PERSON_00385,salary
TXN_005631,2026-06-09,ACCT_00231,PERSON_00231,customer,7617,PERSON_00422,customer
TXN_005632,2021-08-04,ACCT_00232,PERSON_00232,upi,5278,PERSON_00009,upi
TXN_005633,2022-12-29,ACCT_00233,PERSON_00233,emi,14358,PERSON_00046,emi
TXN_005634,2025-05-16,ACCT_00234,PERSON_00234,grocery,2023,PERSON_00083,grocery
TXN_005635,2022-10-22,ACCT_00235,PERSON_00235,fuel,5573,PERSON_00120,fuel
TXN_005636,2023-11-06,ACCT_00236,PERSON_00236,upi,7208,PERSON_00157,upi
TXN_005637,2025-08-25,ACCT_00237,PERSON_00237,salary,43143,PERSON_00194,salary
TXN_005638,2025-03-12,ACCT_00238,PERSON_00238,customer,10210,PERSON_00231,customer
TXN_005639,2024-11-26,ACCT_00239,PERSON_00239,customer,94618,PERSON_00268,customer
TXN_005640,2023-08-15,ACCT_00240,PERSON_00240,utility,3497,PERSON_00305,utility
TXN_005641,2024-01-29,ACCT_00241,PERSON_00241,upi,119756,PERSON_00342,upi
TXN_005642,2025-08-21,ACCT_00242,PERSON_00242,grocery,3420,PERSON_00379,grocery
TXN_005643,2024-03-18,ACCT_00243,PERSON_00243,salary,73894,PERSON_00416,salary
TXN_005644,2025-07-28,ACCT_00244,PERSON_00244,salary,21901,PERSON_00003,salary
TXN_005645,2025-11-05,ACCT_00245,PERSON_00245,grocery,1567,PERSON_00040,grocery
TXN_005646,2022-08-17,ACCT_00246,PERSON_00246,cash_deposit,174360,PERSON_00077,cash deposit
TXN_005647,2025-11-27,ACCT_00247,PERSON_00247,upi,10880,PERSON_00114,upi
TXN_005648,2021-08-05,ACCT_00248,PERSON_00248,rent,20631,PERSON_00151,rent
TXN_005649,2021-04-23,ACCT_00249,PERSON_00249,upi,11731,PERSON_00188,upi
TXN_005650,2024-06-17,ACCT_00250,PERSON_00250,upi,138176,PERSON_00225,upi
TXN_005651,2025-02-03,ACCT_00251,PERSON_00251,emi,4448,PERSON_00262,emi
TXN_005652,2024-10-19,ACCT_00252,PERSON_00252,upi,9580,PERSON_00299,upi
TXN_005653,2021-10-25,ACCT_00253,PERSON_00253,emi,11649,PERSON_00336,emi
TXN_005654,2021-07-15,ACCT_00254,PERSON_00254,cash_deposit,49899,PERSON_00373,cash deposit
TXN_005655,2026-02-22,ACCT_00255,PERSON_00255,cash_deposit,192523,PERSON_00410,cash deposit
TXN_005656,2024-07-03,ACCT_00256,PERSON_00256,customer,105621,PERSON_00447,customer
TXN_005657,2024-07-29,ACCT_00257,PERSON_00257,rent,11784,PERSON_00034,rent
TXN_005658,2026-04-13,ACCT_00258,PERSON_00258,fuel,3831,PERSON_00071,fuel
TXN_005659,2023-07-04,ACCT_00259,PERSON_00259,grocery,389,PERSON_00108,grocery
TXN_005660,2025-12-13,ACCT_00260,PERSON_00260,salary,62534,PERSON_00145,salary
TXN_005661,2025-05-25,ACCT_00261,PERSON_00261,fuel,5291,PERSON_00182,fuel
TXN_005662,2026-06-29,ACCT_00262,PERSON_00262,grocery,4685,PERSON_00219,grocery
TXN_005663,2024-05-27,ACCT_00263,PERSON_00263,salary,26355,PERSON_00256,salary
TXN_005664,2022-10-23,ACCT_00264,PERSON_00264,utility,4750,PERSON_00293,utility
TXN_005665,2023-10-18,ACCT_00265,PERSON_00265,upi,9504,PERSON_00330,upi
TXN_005666,2025-11-23,ACCT_00266,PERSON_00266,rent,6579,PERSON_00367,rent
TXN_005667,2022-07-06,ACCT_00267,PERSON_00267,upi,213538,PERSON_00404,upi
TXN_005668,2023-11-01,ACCT_00268,PERSON_00268,utility,4608,PERSON_00441,utility
TXN_005669,2025-03-25,ACCT_00269,PERSON_00269,supplier,77755,PERSON_00028,supplier
TXN_005670,2023-02-08,ACCT_00270,PERSON_00270,upi,2875,PERSON_00065,upi
TXN_005671,2025-10-28,ACCT_00271,PERSON_00271,upi,90675,PERSON_00102,upi
TXN_005672,2023-01-20,ACCT_00272,PERSON_00272,cash_deposit,225997,PERSON_00139,cash deposit
TXN_005673,2022-01-11,ACCT_00273,PERSON_00273,upi,163121,PERSON_00176,upi
TXN_005674,2021-12-18,ACCT_00274,PERSON_00274,customer,3251,PERSON_00213,customer
TXN_005675,2022-07-13,ACCT_00275,PERSON_00275,emi,5089,PERSON_00250,emi
TXN_005676,2024-07-28,ACCT_00276,PERSON_00276,upi,3700,PERSON_00287,upi
TXN_005677,2025-10-27,ACCT_00277,PERSON_00277,grocery,6249,PERSON_00324,grocery
TXN_005678,2022-10-01,ACCT_00278,PERSON_00278,transfer,45355,PERSON_00361,transfer
TXN_005679,2022-09-24,ACCT_00279,PERSON_00279,grocery,3380,PERSON_00398,grocery
TXN_005680,2025-04-01,ACCT_00280,PERSON_00280,supplier,20080,PERSON_00435,supplier
TXN_005681,2025-08-16,ACCT_00281,PERSON_00281,grocery,3966,PERSON_00022,grocery
TXN_005682,2023-10-27,ACCT_00282,PERSON_00282,utility,1543,PERSON_00059,utility
TXN_005683,2024-03-05,ACCT_00283,PERSON_00283,salary,38669,PERSON_00096,salary
TXN_005684,2025-02-07,ACCT_00284,PERSON_00284,customer,13056,PERSON_00133,customer
TXN_005685,2024-03-10,ACCT_00285,PERSON_00285,rent,13676,PERSON_00170,rent
TXN_005686,2022-04-29,ACCT_00286,PERSON_00286,emi,12070,PERSON_00207,emi
TXN_005687,2024-07-19,ACCT_00287,PERSON_00287,grocery,4096,PERSON_00244,grocery
TXN_005688,2022-03-22,ACCT_00288,PERSON_00288,upi,182811,PERSON_00281,upi
TXN_005689,2022-07-03,ACCT_00289,PERSON_00289,customer,56273,PERSON_00318,customer
TXN_005690,2025-11-26,ACCT_00290,PERSON_00290,customer,110992,PERSON_00355,customer
TXN_005691,2025-03-14,ACCT_00291,PERSON_00291,grocery,5091,PERSON_00392,grocery
TXN_005692,2025-01-23,ACCT_00292,PERSON_00292,upi,86284,PERSON_00429,upi
TXN_005693,2022-10-26,ACCT_00293,PERSON_00293,emi,11215,PERSON_00016,emi
TXN_005694,2021-11-09,ACCT_00294,PERSON_00294,upi,11653,PERSON_00053,upi
TXN_005695,2021-09-03,ACCT_00295,PERSON_00295,cash_deposit,112817,PERSON_00090,cash deposit
TXN_005696,2021-05-16,ACCT_00296,PERSON_00296,upi,1916,PERSON_00127,upi
TXN_005697,2026-05-13,ACCT_00297,PERSON_00297,utility,3786,PERSON_00164,utility
TXN_005698,2024-10-16,ACCT_00298,PERSON_00298,supplier,28407,PERSON_00201,supplier
TXN_005699,2025-11-02,ACCT_00299,PERSON_00299,cash_deposit,76431,PERSON_00238,cash deposit
TXN_005700,2022-08-30,ACCT_00300,PERSON_00300,upi,181061,PERSON_00275,upi
TXN_005701,2022-04-05,ACCT_00301,PERSON_00301,upi,112848,PERSON_00312,upi
TXN_005702,2021-06-13,ACCT_00302,PERSON_00302,transfer,249634,PERSON_00349,transfer
TXN_005703,2024-10-09,ACCT_00303,PERSON_00303,utility,715,PERSON_00386,utility
TXN_005704,2022-08-31,ACCT_00304,PERSON_00304,customer,8728,PERSON_00423,customer
TXN_005705,2024-09-30,ACCT_00305,PERSON_00305,utility,2414,PERSON_00010,utility
TXN_005706,2023-09-07,ACCT_00306,PERSON_00306,fuel,4331,PERSON_00047,fuel
TXN_005707,2024-03-12,ACCT_00307,PERSON_00307,rent,15477,PERSON_00084,rent
TXN_005708,2021-11-05,ACCT_00308,PERSON_00308,salary,74768,PERSON_00121,salary
TXN_005709,2024-03-30,ACCT_00309,PERSON_00309,transfer,40492,PERSON_00158,transfer
TXN_005710,2026-06-30,ACCT_00310,PERSON_00310,upi,237821,PERSON_00195,upi
TXN_005711,2021-05-06,ACCT_00311,PERSON_00311,customer,67301,PERSON_00232,customer
TXN_005712,2025-05-15,ACCT_00312,PERSON_00312,customer,100182,PERSON_00269,customer
TXN_005713,2022-10-30,ACCT_00313,PERSON_00313,grocery,2521,PERSON_00306,grocery
TXN_005714,2025-07-14,ACCT_00314,PERSON_00314,cash_deposit,150957,PERSON_00343,cash deposit
TXN_005715,2023-12-19,ACCT_00315,PERSON_00315,upi,241279,PERSON_00380,upi
TXN_005716,2024-01-18,ACCT_00316,PERSON_00316,upi,9301,PERSON_00417,upi
TXN_005717,2023-05-24,ACCT_00317,PERSON_00317,upi,11960,PERSON_00004,upi
TXN_005718,2021-01-03,ACCT_00318,PERSON_00318,grocery,2853,PERSON_00041,grocery
TXN_005719,2025-05-12,ACCT_00319,PERSON_00319,rent,20823,PERSON_00078,rent
TXN_005720,2022-11-27,ACCT_00320,PERSON_00320,supplier,76524,PERSON_00115,supplier
TXN_005721,2023-12-20,ACCT_00321,PERSON_00321,rent,12208,PERSON_00152,rent
TXN_005722,2023-09-26,ACCT_00322,PERSON_00322,cash_deposit,226056,PERSON_00189,cash deposit
TXN_005723,2024-11-08,ACCT_00323,PERSON_00323,customer,5188,PERSON_00226,customer
TXN_005724,2025-12-22,ACCT_00324,PERSON_00324,utility,431,PERSON_00263,utility
TXN_005725,2025-10-10,ACCT_00325,PERSON_00325,upi,8352,PERSON_00300,upi
TXN_005726,2023-07-19,ACCT_00326,PERSON_00326,upi,9159,PERSON_00337,upi
TXN_005727,2023-03-12,ACCT_00327,PERSON_00327,utility,2796,PERSON_00374,utility
TXN_005728,2023-09-26,ACCT_00328,PERSON_00328,upi,45009,PERSON_00411,upi
TXN_005729,2024-10-23,ACCT_00329,PERSON_00329,salary,54272,PERSON_00448,salary
TXN_005730,2024-09-23,ACCT_00330,PERSON_00330,fuel,4126,PERSON_00035,fuel
TXN_005731,2026-06-07,ACCT_00331,PERSON_00331,supplier,42354,PERSON_00072,supplier
TXN_005732,2023-12-18,ACCT_00332,PERSON_00332,fuel,878,PERSON_00109,fuel
TXN_005733,2024-09-17,ACCT_00333,PERSON_00333,emi,34430,PERSON_00146,emi
TXN_005734,2021-07-06,ACCT_00334,PERSON_00334,upi,171646,PERSON_00183,upi
TXN_005735,2021-04-01,ACCT_00335,PERSON_00335,upi,8498,PERSON_00220,upi
TXN_005736,2023-02-27,ACCT_00336,PERSON_00336,transfer,88403,PERSON_00257,transfer
TXN_005737,2022-08-23,ACCT_00337,PERSON_00337,upi,3997,PERSON_00294,upi
TXN_005738,2024-01-02,ACCT_00338,PERSON_00338,customer,73394,PERSON_00331,customer
TXN_005739,2023-12-16,ACCT_00339,PERSON_00339,grocery,4012,PERSON_00368,grocery
TXN_005740,2022-02-28,ACCT_00340,PERSON_00340,customer,8952,PERSON_00405,customer
TXN_005741,2025-07-12,ACCT_00341,PERSON_00341,salary,40376,PERSON_00442,salary
TXN_005742,2022-10-15,ACCT_00342,PERSON_00342,utility,520,PERSON_00029,utility
TXN_005743,2023-04-19,ACCT_00343,PERSON_00343,salary,53499,PERSON_00066,salary
TXN_005744,2026-05-09,ACCT_00344,PERSON_00344,rent,11050,PERSON_00103,rent
TXN_005745,2022-09-27,ACCT_00345,PERSON_00345,fuel,5836,PERSON_00140,fuel
TXN_005746,2025-02-18,ACCT_00346,PERSON_00346,fuel,2938,PERSON_00177,fuel
TXN_005747,2023-10-25,ACCT_00347,PERSON_00347,salary,58726,PERSON_00214,salary
TXN_005748,2023-10-30,ACCT_00348,PERSON_00348,cash_deposit,58987,PERSON_00251,cash deposit
TXN_005749,2024-08-05,ACCT_00349,PERSON_00349,transfer,188207,PERSON_00288,transfer
TXN_005750,2021-05-18,ACCT_00350,PERSON_00350,salary,19356,PERSON_00325,salary
TXN_005751,2024-08-18,ACCT_00351,PERSON_00351,rent,16519,PERSON_00362,rent
TXN_005752,2026-05-16,ACCT_00352,PERSON_00352,grocery,4297,PERSON_00399,grocery
TXN_005753,2025-09-29,ACCT_00353,PERSON_00353,upi,153055,PERSON_00436,upi
TXN_005754,2021-10-30,ACCT_00354,PERSON_00354,grocery,754,PERSON_00023,grocery
TXN_005755,2024-07-16,ACCT_00355,PERSON_00355,upi,198556,PERSON_00060,upi
TXN_005756,2024-05-26,ACCT_00356,PERSON_00356,rent,18673,PERSON_00097,rent
TXN_005757,2023-07-03,ACCT_00357,PERSON_00357,grocery,750,PERSON_00134,grocery
TXN_005758,2023-09-15,ACCT_00358,PERSON_00358,salary,69452,PERSON_00171,salary
TXN_005759,2023-01-19,ACCT_00359,PERSON_00359,upi,242465,PERSON_00208,upi
TXN_005760,2026-03-30,ACCT_00360,PERSON_00360,customer,52142,PERSON_00245,customer
TXN_005761,2021-08-10,ACCT_00361,PERSON_00361,supplier,41933,PERSON_00282,supplier
TXN_005762,2026-06-22,ACCT_00362,PERSON_00362,supplier,44591,PERSON_00319,supplier
TXN_005763,2023-04-14,ACCT_00363,PERSON_00363,fuel,2250,PERSON_00356,fuel
TXN_005764,2022-04-10,ACCT_00364,PERSON_00364,grocery,5643,PERSON_00393,grocery
TXN_005765,2025-07-23,ACCT_00365,PERSON_00365,grocery,2686,PERSON_00430,grocery
TXN_005766,2023-11-28,ACCT_00366,PERSON_00366,rent,13078,PERSON_00017,rent
TXN_005767,2024-02-02,ACCT_00367,PERSON_00367,grocery,5235,PERSON_00054,grocery
TXN_005768,2021-01-13,ACCT_00368,PERSON_00368,grocery,4736,PERSON_00091,grocery
TXN_005769,2022-09-17,ACCT_00369,PERSON_00369,emi,4608,PERSON_00128,emi
TXN_005770,2022-11-30,ACCT_00370,PERSON_00370,utility,2405,PERSON_00165,utility
TXN_005771,2024-08-26,ACCT_00371,PERSON_00371,cash_deposit,130951,PERSON_00202,cash deposit
TXN_005772,2023-05-12,ACCT_00372,PERSON_00372,utility,4089,PERSON_00239,utility
TXN_005773,2021-03-05,ACCT_00373,PERSON_00373,upi,6867,PERSON_00276,upi
TXN_005774,2021-07-22,ACCT_00374,PERSON_00374,supplier,54690,PERSON_00313,supplier
TXN_005775,2024-06-25,ACCT_00375,PERSON_00375,cash_deposit,109887,PERSON_00350,cash deposit
TXN_005776,2025-06-14,ACCT_00376,PERSON_00376,emi,14857,PERSON_00387,emi
TXN_005777,2024-04-08,ACCT_00377,PERSON_00377,cash_deposit,82141,PERSON_00424,cash deposit
TXN_005778,2026-04-07,ACCT_00378,PERSON_00378,salary,61844,PERSON_00011,salary
TXN_005779,2023-12-23,ACCT_00379,PERSON_00379,customer,102226,PERSON_00048,customer
TXN_005780,2024-12-30,ACCT_00380,PERSON_00380,upi,44732,PERSON_00085,upi
TXN_005781,2021-08-21,ACCT_00381,PERSON_00381,salary,72448,PERSON_00122,salary
TXN_005782,2025-04-17,ACCT_00382,PERSON_00382,fuel,2545,PERSON_00159,fuel
TXN_005783,2021-03-29,ACCT_00383,PERSON_00383,upi,172303,PERSON_00196,upi
TXN_005784,2021-05-30,ACCT_00384,PERSON_00384,cash_deposit,202707,PERSON_00233,cash deposit
TXN_005785,2021-06-16,ACCT_00385,PERSON_00385,salary,48910,PERSON_00270,salary
TXN_005786,2023-10-31,ACCT_00386,PERSON_00386,supplier,83449,PERSON_00307,supplier
TXN_005787,2024-10-15,ACCT_00387,PERSON_00387,emi,30726,PERSON_00344,emi
TXN_005788,2022-10-03,ACCT_00388,PERSON_00388,emi,30792,PERSON_00381,emi
TXN_005789,2024-02-20,ACCT_00389,PERSON_00389,upi,180857,PERSON_00418,upi
TXN_005790,2024-09-21,ACCT_00390,PERSON_00390,utility,4109,PERSON_00005,utility
TXN_005791,2026-04-25,ACCT_00391,PERSON_00391,transfer,220057,PERSON_00042,transfer
TXN_005792,2026-04-14,ACCT_00392,PERSON_00392,upi,3480,PERSON_00079,upi
TXN_005793,2025-09-18,ACCT_00393,PERSON_00393,cash_deposit,220147,PERSON_00116,cash deposit
TXN_005794,2022-10-22,ACCT_00394,PERSON_00394,upi,188848,PERSON_00153,upi
TXN_005795,2023-10-16,ACCT_00395,PERSON_00395,emi,14916,PERSON_00190,emi
TXN_005796,2022-07-26,ACCT_00396,PERSON_00396,rent,16889,PERSON_00227,rent
TXN_005797,2025-04-29,ACCT_00397,PERSON_00397,transfer,9079,PERSON_00264,transfer
TXN_005798,2024-08-07,ACCT_00398,PERSON_00398,upi,152919,PERSON_00301,upi
TXN_005799,2022-08-28,ACCT_00399,PERSON_00399,supplier,14512,PERSON_00338,supplier
TXN_005800,2026-02-09,ACCT_00400,PERSON_00400,supplier,35613,PERSON_00375,supplier
TXN_005801,2021-12-07,ACCT_00401,PERSON_00401,utility,6474,PERSON_00412,utility
TXN_005802,2022-03-03,ACCT_00402,PERSON_00402,rent,14547,PERSON_00449,rent
TXN_005803,2026-03-27,ACCT_00403,PERSON_00403,grocery,6122,PERSON_00036,grocery
TXN_005804,2025-06-17,ACCT_00404,PERSON_00404,upi,11320,PERSON_00073,upi
TXN_005805,2021-10-15,ACCT_00405,PERSON_00405,supplier,35783,PERSON_00110,supplier
TXN_005806,2021-10-31,ACCT_00406,PERSON_00406,supplier,6042,PERSON_00147,supplier
TXN_005807,2024-01-12,ACCT_00407,PERSON_00407,grocery,4520,PERSON_00184,grocery
TXN_005808,2025-02-16,ACCT_00408,PERSON_00408,emi,16834,PERSON_00221,emi
TXN_005809,2021-06-13,ACCT_00409,PERSON_00409,upi,11806,PERSON_00258,upi
TXN_005810,2024-08-12,ACCT_00410,PERSON_00410,supplier,47530,PERSON_00295,supplier
TXN_005811,2021-08-28,ACCT_00411,PERSON_00411,grocery,4871,PERSON_00332,grocery
TXN_005812,2022-05-04,ACCT_00412,PERSON_00412,transfer,81838,PERSON_00369,transfer
TXN_005813,2023-06-25,ACCT_00413,PERSON_00413,upi,181365,PERSON_00406,upi
TXN_005814,2024-02-07,ACCT_00414,PERSON_00414,supplier,60788,PERSON_00443,supplier
TXN_005815,2026-02-15,ACCT_00415,PERSON_00415,grocery,1301,PERSON_00030,grocery
TXN_005816,2021-08-20,ACCT_00416,PERSON_00416,upi,11995,PERSON_00067,upi
TXN_005817,2026-06-04,ACCT_00417,PERSON_00417,upi,5966,PERSON_00104,upi
TXN_005818,2024-07-27,ACCT_00418,PERSON_00418,supplier,43705,PERSON_00141,supplier
TXN_005819,2023-06-06,ACCT_00419,PERSON_00419,upi,6058,PERSON_00178,upi
TXN_005820,2023-04-25,ACCT_00420,PERSON_00420,grocery,5194,PERSON_00215,grocery
TXN_005821,2022-12-08,ACCT_00421,PERSON_00421,utility,2483,PERSON_00252,utility
TXN_005822,2022-11-10,ACCT_00422,PERSON_00422,utility,3255,PERSON_00289,utility
TXN_005823,2021-11-16,ACCT_00423,PERSON_00423,salary,73449,PERSON_00326,salary
TXN_005824,2022-10-19,ACCT_00424,PERSON_00424,salary,18108,PERSON_00363,salary
TXN_005825,2021-10-25,ACCT_00425,PERSON_00425,customer,46972,PERSON_00400,customer
TXN_005826,2021-05-07,ACCT_00426,PERSON_00426,upi,4400,PERSON_00437,upi
TXN_005827,2023-09-28,ACCT_00427,PERSON_00427,emi,23533,PERSON_00024,emi
TXN_005828,2024-09-12,ACCT_00428,PERSON_00428,cash_deposit,23899,PERSON_00061,cash deposit
TXN_005829,2021-08-14,ACCT_00429,PERSON_00429,transfer,174115,PERSON_00098,transfer
TXN_005830,2021-10-17,ACCT_00430,PERSON_00430,utility,2497,PERSON_00135,utility
TXN_005831,2021-04-15,ACCT_00431,PERSON_00431,upi,5726,PERSON_00172,upi
TXN_005832,2025-09-09,ACCT_00432,PERSON_00432,emi,31847,PERSON_00209,emi
TXN_005833,2022-05-20,ACCT_00433,PERSON_00433,rent,17253,PERSON_00246,rent
TXN_005834,2022-04-11,ACCT_00434,PERSON_00434,upi,178937,PERSON_00283,upi
TXN_005835,2022-03-23,ACCT_00435,PERSON_00435,cash_deposit,209019,PERSON_00320,cash deposit
TXN_005836,2024-12-18,ACCT_00436,PERSON_00436,upi,65186,PERSON_00357,upi
TXN_005837,2022-01-08,ACCT_00437,PERSON_00437,emi,4236,PERSON_00394,emi
TXN_005838,2026-02-13,ACCT_00438,PERSON_00438,upi,60164,PERSON_00431,upi
TXN_005839,2022-09-02,ACCT_00439,PERSON_00439,upi,208850,PERSON_00018,upi
TXN_005840,2025-11-14,ACCT_00440,PERSON_00440,fuel,3538,PERSON_00055,fuel
TXN_005841,2024-04-04,ACCT_00441,PERSON_00441,fuel,2959,PERSON_00092,fuel
TXN_005842,2025-09-23,ACCT_00442,PERSON_00442,rent,15361,PERSON_00129,rent
TXN_005843,2025-12-20,ACCT_00443,PERSON_00443,grocery,1299,PERSON_00166,grocery
TXN_005844,2021-01-22,ACCT_00444,PERSON_00444,salary,64717,PERSON_00203,salary
TXN_005845,2023-02-05,ACCT_00445,PERSON_00445,supplier,51126,PERSON_00240,supplier
TXN_005846,2025-03-11,ACCT_00446,PERSON_00446,transfer,21181,PERSON_00277,transfer
TXN_005847,2021-10-08,ACCT_00447,PERSON_00447,grocery,4208,PERSON_00314,grocery
TXN_005848,2024-02-22,ACCT_00448,PERSON_00448,customer,99831,PERSON_00351,customer
TXN_005849,2023-08-02,ACCT_00449,PERSON_00449,grocery,667,PERSON_00388,grocery
TXN_005850,2022-12-26,ACCT_00450,PERSON_00450,cash_deposit,73455,PERSON_00425,cash deposit
TXN_005851,2023-10-27,ACCT_00001,PERSON_00001,supplier,57984,PERSON_00012,supplier
TXN_005852,2025-03-31,ACCT_00002,PERSON_00002,supplier,84848,PERSON_00049,supplier
TXN_005853,2024-05-26,ACCT_00003,PERSON_00003,supplier,46322,PERSON_00086,supplier
TXN_005854,2023-01-20,ACCT_00004,PERSON_00004,salary,30134,PERSON_00123,salary
TXN_005855,2022-02-07,ACCT_00005,PERSON_00005,emi,19753,PERSON_00160,emi
TXN_005856,2026-05-08,ACCT_00006,PERSON_00006,fuel,1170,PERSON_00197,fuel
TXN_005857,2024-04-24,ACCT_00007,PERSON_00007,emi,31461,PERSON_00234,emi
TXN_005858,2026-06-23,ACCT_00008,PERSON_00008,upi,231719,PERSON_00271,upi
TXN_005859,2024-09-09,ACCT_00009,PERSON_00009,grocery,2239,PERSON_00308,grocery
TXN_005860,2024-08-13,ACCT_00010,PERSON_00010,grocery,1310,PERSON_00345,grocery
TXN_005861,2022-10-15,ACCT_00011,PERSON_00011,supplier,81884,PERSON_00382,supplier
TXN_005862,2024-08-17,ACCT_00012,PERSON_00012,cash_deposit,197286,PERSON_00419,cash deposit
TXN_005863,2023-09-30,ACCT_00013,PERSON_00013,rent,13363,PERSON_00006,rent
TXN_005864,2024-01-09,ACCT_00014,PERSON_00014,grocery,784,PERSON_00043,grocery
TXN_005865,2022-07-14,ACCT_00015,PERSON_00015,upi,1476,PERSON_00080,upi
TXN_005866,2025-09-25,ACCT_00016,PERSON_00016,upi,121015,PERSON_00117,upi
TXN_005867,2022-11-04,ACCT_00017,PERSON_00017,supplier,45077,PERSON_00154,supplier
TXN_005868,2023-03-18,ACCT_00018,PERSON_00018,cash_deposit,118556,PERSON_00191,cash deposit
TXN_005869,2024-11-24,ACCT_00019,PERSON_00019,rent,14545,PERSON_00228,rent
TXN_005870,2026-05-28,ACCT_00020,PERSON_00020,upi,54710,PERSON_00265,upi
TXN_005871,2023-07-04,ACCT_00021,PERSON_00021,salary,45224,PERSON_00302,salary
TXN_005872,2024-05-10,ACCT_00022,PERSON_00022,supplier,83698,PERSON_00339,supplier
TXN_005873,2022-11-08,ACCT_00023,PERSON_00023,emi,32458,PERSON_00376,emi
TXN_005874,2021-04-20,ACCT_00024,PERSON_00024,upi,6835,PERSON_00413,upi
TXN_005875,2024-02-18,ACCT_00025,PERSON_00025,upi,11266,PERSON_00450,upi
TXN_005876,2026-01-17,ACCT_00026,PERSON_00026,transfer,44883,PERSON_00037,transfer
TXN_005877,2024-05-03,ACCT_00027,PERSON_00027,rent,8639,PERSON_00074,rent
TXN_005878,2024-10-03,ACCT_00028,PERSON_00028,rent,14608,PERSON_00111,rent
TXN_005879,2021-03-14,ACCT_00029,PERSON_00029,upi,9588,PERSON_00148,upi
TXN_005880,2024-10-25,ACCT_00030,PERSON_00030,upi,212566,PERSON_00185,upi
TXN_005881,2024-10-13,ACCT_00031,PERSON_00031,grocery,5245,PERSON_00222,grocery
TXN_005882,2025-07-04,ACCT_00032,PERSON_00032,upi,239703,PERSON_00259,upi
TXN_005883,2025-08-05,ACCT_00033,PERSON_00033,salary,49995,PERSON_00296,salary
TXN_005884,2025-02-18,ACCT_00034,PERSON_00034,grocery,3006,PERSON_00333,grocery
TXN_005885,2024-07-30,ACCT_00035,PERSON_00035,customer,108799,PERSON_00370,customer
TXN_005886,2023-08-30,ACCT_00036,PERSON_00036,fuel,1773,PERSON_00407,fuel
TXN_005887,2025-02-08,ACCT_00037,PERSON_00037,transfer,15708,PERSON_00444,transfer
TXN_005888,2025-09-10,ACCT_00038,PERSON_00038,rent,6236,PERSON_00031,rent
TXN_005889,2025-11-12,ACCT_00039,PERSON_00039,upi,3608,PERSON_00068,upi
TXN_005890,2022-03-24,ACCT_00040,PERSON_00040,cash_deposit,158870,PERSON_00105,cash deposit
TXN_005891,2022-05-20,ACCT_00041,PERSON_00041,upi,7856,PERSON_00142,upi
TXN_005892,2025-01-12,ACCT_00042,PERSON_00042,salary,49128,PERSON_00179,salary
TXN_005893,2022-10-08,ACCT_00043,PERSON_00043,grocery,1579,PERSON_00216,grocery
TXN_005894,2022-06-08,ACCT_00044,PERSON_00044,customer,51168,PERSON_00253,customer
TXN_005895,2022-11-01,ACCT_00045,PERSON_00045,fuel,3798,PERSON_00290,fuel
TXN_005896,2021-09-29,ACCT_00046,PERSON_00046,utility,2138,PERSON_00327,utility
TXN_005897,2025-10-23,ACCT_00047,PERSON_00047,salary,71949,PERSON_00364,salary
TXN_005898,2023-01-04,ACCT_00048,PERSON_00048,upi,222597,PERSON_00401,upi
TXN_005899,2024-11-26,ACCT_00049,PERSON_00049,rent,7510,PERSON_00438,rent
TXN_005900,2023-09-09,ACCT_00050,PERSON_00050,supplier,70432,PERSON_00025,supplier
TXN_005901,2026-05-21,ACCT_00051,PERSON_00051,emi,28818,PERSON_00062,emi
TXN_005902,2025-07-06,ACCT_00052,PERSON_00052,fuel,4598,PERSON_00099,fuel
TXN_005903,2021-11-28,ACCT_00053,PERSON_00053,utility,5867,PERSON_00136,utility
TXN_005904,2024-10-16,ACCT_00054,PERSON_00054,customer,30862,PERSON_00173,customer
TXN_005905,2023-02-08,ACCT_00055,PERSON_00055,supplier,37298,PERSON_00210,supplier
TXN_005906,2022-04-10,ACCT_00056,PERSON_00056,transfer,25641,PERSON_00247,transfer
TXN_005907,2023-01-04,ACCT_00057,PERSON_00057,upi,724,PERSON_00284,upi
TXN_005908,2021-02-15,ACCT_00058,PERSON_00058,rent,21372,PERSON_00321,rent
TXN_005909,2023-10-17,ACCT_00059,PERSON_00059,upi,6105,PERSON_00358,upi
TXN_005910,2025-04-30,ACCT_00060,PERSON_00060,transfer,68875,PERSON_00395,transfer
TXN_005911,2023-02-16,ACCT_00061,PERSON_00061,upi,100055,PERSON_00432,upi
TXN_005912,2024-01-03,ACCT_00062,PERSON_00062,utility,1042,PERSON_00019,utility
TXN_005913,2022-03-12,ACCT_00063,PERSON_00063,emi,3228,PERSON_00056,emi
TXN_005914,2025-08-23,ACCT_00064,PERSON_00064,fuel,1891,PERSON_00093,fuel
TXN_005915,2023-07-03,ACCT_00065,PERSON_00065,grocery,1740,PERSON_00130,grocery
TXN_005916,2026-05-02,ACCT_00066,PERSON_00066,upi,7577,PERSON_00167,upi
TXN_005917,2026-03-28,ACCT_00067,PERSON_00067,upi,39193,PERSON_00204,upi
TXN_005918,2021-08-29,ACCT_00068,PERSON_00068,upi,5921,PERSON_00241,upi
TXN_005919,2021-08-11,ACCT_00069,PERSON_00069,utility,6792,PERSON_00278,utility
TXN_005920,2023-07-26,ACCT_00070,PERSON_00070,upi,11832,PERSON_00315,upi
TXN_005921,2022-12-27,ACCT_00071,PERSON_00071,upi,2883,PERSON_00352,upi
TXN_005922,2025-10-05,ACCT_00072,PERSON_00072,upi,169652,PERSON_00389,upi
TXN_005923,2023-11-19,ACCT_00073,PERSON_00073,upi,4743,PERSON_00426,upi
TXN_005924,2021-10-05,ACCT_00074,PERSON_00074,customer,115725,PERSON_00013,customer
TXN_005925,2026-04-05,ACCT_00075,PERSON_00075,upi,129458,PERSON_00050,upi
TXN_005926,2024-11-07,ACCT_00076,PERSON_00076,rent,18760,PERSON_00087,rent
TXN_005927,2021-07-06,ACCT_00077,PERSON_00077,fuel,1842,PERSON_00124,fuel
TXN_005928,2025-09-06,ACCT_00078,PERSON_00078,cash_deposit,43716,PERSON_00161,cash deposit
TXN_005929,2021-02-13,ACCT_00079,PERSON_00079,emi,30974,PERSON_00198,emi
TXN_005930,2023-12-03,ACCT_00080,PERSON_00080,grocery,6138,PERSON_00235,grocery
TXN_005931,2024-01-19,ACCT_00081,PERSON_00081,salary,33577,PERSON_00272,salary
TXN_005932,2022-04-06,ACCT_00082,PERSON_00082,upi,9033,PERSON_00309,upi
TXN_005933,2024-05-16,ACCT_00083,PERSON_00083,upi,1047,PERSON_00346,upi
TXN_005934,2024-01-02,ACCT_00084,PERSON_00084,cash_deposit,102449,PERSON_00383,cash deposit
TXN_005935,2021-07-22,ACCT_00085,PERSON_00085,transfer,12128,PERSON_00420,transfer
TXN_005936,2021-01-31,ACCT_00086,PERSON_00086,grocery,2406,PERSON_00007,grocery
TXN_005937,2025-07-06,ACCT_00087,PERSON_00087,upi,242054,PERSON_00044,upi
TXN_005938,2021-05-06,ACCT_00088,PERSON_00088,upi,185392,PERSON_00081,upi
TXN_005939,2022-12-31,ACCT_00089,PERSON_00089,emi,34644,PERSON_00118,emi
TXN_005940,2026-05-08,ACCT_00090,PERSON_00090,rent,17953,PERSON_00155,rent
TXN_005941,2023-02-09,ACCT_00091,PERSON_00091,utility,3328,PERSON_00192,utility
TXN_005942,2022-02-03,ACCT_00092,PERSON_00092,grocery,2898,PERSON_00229,grocery
TXN_005943,2024-09-06,ACCT_00093,PERSON_00093,utility,4639,PERSON_00266,utility
TXN_005944,2021-10-17,ACCT_00094,PERSON_00094,grocery,4660,PERSON_00303,grocery
TXN_005945,2023-07-12,ACCT_00095,PERSON_00095,supplier,61267,PERSON_00340,supplier
TXN_005946,2023-09-12,ACCT_00096,PERSON_00096,fuel,5205,PERSON_00377,fuel
TXN_005947,2022-04-03,ACCT_00097,PERSON_00097,supplier,68090,PERSON_00414,supplier
TXN_005948,2023-07-27,ACCT_00098,PERSON_00098,upi,1682,PERSON_00001,upi
TXN_005949,2021-05-25,ACCT_00099,PERSON_00099,rent,14520,PERSON_00038,rent
TXN_005950,2025-04-23,ACCT_00100,PERSON_00100,salary,31487,PERSON_00075,salary
TXN_005951,2025-11-11,ACCT_00101,PERSON_00101,customer,25730,PERSON_00112,customer
TXN_005952,2024-10-02,ACCT_00102,PERSON_00102,supplier,62430,PERSON_00149,supplier
TXN_005953,2025-03-19,ACCT_00103,PERSON_00103,transfer,225439,PERSON_00186,transfer
TXN_005954,2024-05-16,ACCT_00104,PERSON_00104,customer,53612,PERSON_00223,customer
TXN_005955,2024-06-14,ACCT_00105,PERSON_00105,grocery,3264,PERSON_00260,grocery
TXN_005956,2023-02-13,ACCT_00106,PERSON_00106,upi,113496,PERSON_00297,upi
TXN_005957,2022-03-07,ACCT_00107,PERSON_00107,utility,2094,PERSON_00334,utility
TXN_005958,2026-06-30,ACCT_00108,PERSON_00108,upi,9923,PERSON_00371,upi
TXN_005959,2021-12-31,ACCT_00109,PERSON_00109,upi,7462,PERSON_00408,upi
TXN_005960,2025-05-14,ACCT_00110,PERSON_00110,utility,3076,PERSON_00445,utility
TXN_005961,2021-03-26,ACCT_00111,PERSON_00111,upi,5735,PERSON_00032,upi
TXN_005962,2024-03-26,ACCT_00112,PERSON_00112,grocery,2753,PERSON_00069,grocery
TXN_005963,2024-01-24,ACCT_00113,PERSON_00113,emi,11674,PERSON_00106,emi
TXN_005964,2022-04-02,ACCT_00114,PERSON_00114,transfer,108924,PERSON_00143,transfer
TXN_005965,2022-05-16,ACCT_00115,PERSON_00115,salary,66887,PERSON_00180,salary
TXN_005966,2024-06-22,ACCT_00116,PERSON_00116,grocery,5322,PERSON_00217,grocery
TXN_005967,2025-01-11,ACCT_00117,PERSON_00117,upi,169577,PERSON_00254,upi
TXN_005968,2021-07-22,ACCT_00118,PERSON_00118,upi,99705,PERSON_00291,upi
TXN_005969,2023-12-03,ACCT_00119,PERSON_00119,utility,3316,PERSON_00328,utility
TXN_005970,2023-01-04,ACCT_00120,PERSON_00120,utility,1790,PERSON_00365,utility
TXN_005971,2024-06-13,ACCT_00121,PERSON_00121,salary,23077,PERSON_00402,salary
TXN_005972,2025-10-20,ACCT_00122,PERSON_00122,upi,223070,PERSON_00439,upi
TXN_005973,2021-06-17,ACCT_00123,PERSON_00123,salary,53402,PERSON_00026,salary
TXN_005974,2021-09-17,ACCT_00124,PERSON_00124,upi,3965,PERSON_00063,upi
TXN_005975,2021-01-10,ACCT_00125,PERSON_00125,fuel,4401,PERSON_00100,fuel
TXN_005976,2022-12-26,ACCT_00126,PERSON_00126,upi,117506,PERSON_00137,upi
TXN_005977,2022-04-14,ACCT_00127,PERSON_00127,upi,137671,PERSON_00174,upi
TXN_005978,2022-07-08,ACCT_00128,PERSON_00128,transfer,186809,PERSON_00211,transfer
TXN_005979,2021-05-29,ACCT_00129,PERSON_00129,customer,24383,PERSON_00248,customer
TXN_005980,2023-10-07,ACCT_00130,PERSON_00130,transfer,150338,PERSON_00285,transfer
TXN_005981,2025-08-23,ACCT_00131,PERSON_00131,salary,20841,PERSON_00322,salary
TXN_005982,2025-01-12,ACCT_00132,PERSON_00132,emi,22847,PERSON_00359,emi
TXN_005983,2022-01-16,ACCT_00133,PERSON_00133,grocery,4948,PERSON_00396,grocery
TXN_005984,2025-09-10,ACCT_00134,PERSON_00134,fuel,2870,PERSON_00433,fuel
TXN_005985,2024-11-29,ACCT_00135,PERSON_00135,utility,1867,PERSON_00020,utility
TXN_005986,2021-10-16,ACCT_00136,PERSON_00136,grocery,5935,PERSON_00057,grocery
TXN_005987,2025-10-30,ACCT_00137,PERSON_00137,supplier,61873,PERSON_00094,supplier
TXN_005988,2022-08-18,ACCT_00138,PERSON_00138,supplier,34335,PERSON_00131,supplier
TXN_005989,2024-03-28,ACCT_00139,PERSON_00139,salary,48846,PERSON_00168,salary
TXN_005990,2025-08-07,ACCT_00140,PERSON_00140,salary,51512,PERSON_00205,salary
TXN_005991,2025-04-29,ACCT_00141,PERSON_00141,cash_deposit,83830,PERSON_00242,cash deposit
TXN_005992,2023-10-17,ACCT_00142,PERSON_00142,salary,72255,PERSON_00279,salary
TXN_005993,2022-12-24,ACCT_00143,PERSON_00143,rent,19331,PERSON_00316,rent
TXN_005994,2024-12-03,ACCT_00144,PERSON_00144,salary,20131,PERSON_00353,salary
TXN_005995,2023-04-13,ACCT_00145,PERSON_00145,utility,5189,PERSON_00390,utility
TXN_005996,2022-09-14,ACCT_00146,PERSON_00146,utility,5954,PERSON_00427,utility
TXN_005997,2022-12-05,ACCT_00147,PERSON_00147,upi,76991,PERSON_00014,upi
TXN_005998,2026-01-18,ACCT_00148,PERSON_00148,emi,11366,PERSON_00051,emi
TXN_005999,2025-12-20,ACCT_00149,PERSON_00149,rent,7623,PERSON_00088,rent
TXN_006000,2024-07-11,ACCT_00150,PERSON_00150,grocery,6235,PERSON_00125,grocery
TXN_006001,2023-04-30,ACCT_00151,PERSON_00151,upi,1045,PERSON_00162,upi
TXN_006002,2025-12-24,ACCT_00152,PERSON_00152,upi,195251,PERSON_00199,upi
TXN_006003,2022-03-26,ACCT_00153,PERSON_00153,upi,64679,PERSON_00236,upi
TXN_006004,2026-04-08,ACCT_00154,PERSON_00154,customer,70049,PERSON_00273,customer
TXN_006005,2024-04-16,ACCT_00155,PERSON_00155,transfer,208052,PERSON_00310,transfer
TXN_006006,2021-04-11,ACCT_00156,PERSON_00156,transfer,168996,PERSON_00347,transfer
TXN_006007,2023-06-07,ACCT_00157,PERSON_00157,transfer,34659,PERSON_00384,transfer
TXN_006008,2023-07-28,ACCT_00158,PERSON_00158,utility,605,PERSON_00421,utility
TXN_006009,2026-03-13,ACCT_00159,PERSON_00159,emi,8316,PERSON_00008,emi
TXN_006010,2022-08-19,ACCT_00160,PERSON_00160,salary,49538,PERSON_00045,salary
TXN_006011,2023-02-13,ACCT_00161,PERSON_00161,grocery,5847,PERSON_00082,grocery
TXN_006012,2022-10-30,ACCT_00162,PERSON_00162,upi,206871,PERSON_00119,upi
TXN_006013,2021-02-23,ACCT_00163,PERSON_00163,upi,2354,PERSON_00156,upi
TXN_006014,2021-02-25,ACCT_00164,PERSON_00164,fuel,5150,PERSON_00193,fuel
TXN_006015,2021-11-12,ACCT_00165,PERSON_00165,emi,13599,PERSON_00230,emi
TXN_006016,2024-01-21,ACCT_00166,PERSON_00166,fuel,986,PERSON_00267,fuel
TXN_006017,2025-10-11,ACCT_00167,PERSON_00167,fuel,5089,PERSON_00304,fuel
TXN_006018,2021-09-14,ACCT_00168,PERSON_00168,fuel,4029,PERSON_00341,fuel
TXN_006019,2023-02-15,ACCT_00169,PERSON_00169,grocery,1774,PERSON_00378,grocery
TXN_006020,2021-10-24,ACCT_00170,PERSON_00170,upi,886,PERSON_00415,upi
TXN_006021,2021-04-26,ACCT_00171,PERSON_00171,rent,16388,PERSON_00002,rent
TXN_006022,2023-04-11,ACCT_00172,PERSON_00172,supplier,84891,PERSON_00039,supplier
TXN_006023,2023-01-02,ACCT_00173,PERSON_00173,upi,6629,PERSON_00076,upi
TXN_006024,2025-08-24,ACCT_00174,PERSON_00174,supplier,58299,PERSON_00113,supplier
TXN_006025,2026-04-06,ACCT_00175,PERSON_00175,transfer,71001,PERSON_00150,transfer
TXN_006026,2021-08-08,ACCT_00176,PERSON_00176,rent,12594,PERSON_00187,rent
TXN_006027,2024-07-24,ACCT_00177,PERSON_00177,transfer,22095,PERSON_00224,transfer
TXN_006028,2022-08-09,ACCT_00178,PERSON_00178,upi,6760,PERSON_00261,upi
TXN_006029,2022-07-10,ACCT_00179,PERSON_00179,grocery,3327,PERSON_00298,grocery
TXN_006030,2022-09-05,ACCT_00180,PERSON_00180,salary,20187,PERSON_00335,salary
TXN_006031,2021-01-18,ACCT_00181,PERSON_00181,rent,18263,PERSON_00372,rent
TXN_006032,2023-08-30,ACCT_00182,PERSON_00182,fuel,4891,PERSON_00409,fuel
TXN_006033,2021-10-27,ACCT_00183,PERSON_00183,salary,61028,PERSON_00446,salary
TXN_006034,2025-07-24,ACCT_00184,PERSON_00184,cash_deposit,171573,PERSON_00033,cash deposit
TXN_006035,2025-04-01,ACCT_00185,PERSON_00185,fuel,1734,PERSON_00070,fuel
TXN_006036,2026-06-27,ACCT_00186,PERSON_00186,upi,3555,PERSON_00107,upi
TXN_006037,2022-10-14,ACCT_00187,PERSON_00187,utility,3113,PERSON_00144,utility
TXN_006038,2025-02-18,ACCT_00188,PERSON_00188,salary,70319,PERSON_00181,salary
TXN_006039,2021-11-23,ACCT_00189,PERSON_00189,customer,44353,PERSON_00218,customer
TXN_006040,2024-08-10,ACCT_00190,PERSON_00190,supplier,23644,PERSON_00255,supplier
TXN_006041,2025-04-01,ACCT_00191,PERSON_00191,grocery,3501,PERSON_00292,grocery
TXN_006042,2026-06-26,ACCT_00192,PERSON_00192,utility,3460,PERSON_00329,utility
TXN_006043,2023-01-14,ACCT_00193,PERSON_00193,upi,235687,PERSON_00366,upi
TXN_006044,2023-09-29,ACCT_00194,PERSON_00194,upi,159889,PERSON_00403,upi
TXN_006045,2025-08-01,ACCT_00195,PERSON_00195,upi,45654,PERSON_00440,upi
TXN_006046,2025-11-05,ACCT_00196,PERSON_00196,upi,243095,PERSON_00027,upi
TXN_006047,2022-02-28,ACCT_00197,PERSON_00197,rent,9234,PERSON_00064,rent
TXN_006048,2022-11-27,ACCT_00198,PERSON_00198,fuel,4134,PERSON_00101,fuel
TXN_006049,2026-05-29,ACCT_00199,PERSON_00199,utility,899,PERSON_00138,utility
TXN_006050,2022-03-29,ACCT_00200,PERSON_00200,transfer,40785,PERSON_00175,transfer
TXN_006051,2024-09-08,ACCT_00201,PERSON_00201,grocery,5203,PERSON_00212,grocery
TXN_006052,2023-06-20,ACCT_00202,PERSON_00202,utility,3454,PERSON_00249,utility
TXN_006053,2021-07-18,ACCT_00203,PERSON_00203,cash_deposit,176007,PERSON_00286,cash deposit
TXN_006054,2023-03-12,ACCT_00204,PERSON_00204,upi,11719,PERSON_00323,upi
TXN_006055,2023-04-16,ACCT_00205,PERSON_00205,customer,64069,PERSON_00360,customer
TXN_006056,2021-08-22,ACCT_00206,PERSON_00206,supplier,48395,PERSON_00397,supplier
TXN_006057,2025-12-10,ACCT_00207,PERSON_00207,fuel,3268,PERSON_00434,fuel
TXN_006058,2026-05-15,ACCT_00208,PERSON_00208,grocery,2720,PERSON_00021,grocery
TXN_006059,2021-03-02,ACCT_00209,PERSON_00209,upi,52305,PERSON_00058,upi
TXN_006060,2023-07-06,ACCT_00210,PERSON_00210,transfer,59890,PERSON_00095,transfer
TXN_006061,2025-12-21,ACCT_00211,PERSON_00211,customer,35992,PERSON_00132,customer
TXN_006062,2025-12-30,ACCT_00212,PERSON_00212,transfer,74716,PERSON_00169,transfer
TXN_006063,2021-08-30,ACCT_00213,PERSON_00213,upi,7909,PERSON_00206,upi
TXN_006064,2021-11-21,ACCT_00214,PERSON_00214,cash_deposit,38839,PERSON_00243,cash deposit
TXN_006065,2025-11-09,ACCT_00215,PERSON_00215,upi,5639,PERSON_00280,upi
TXN_006066,2021-05-19,ACCT_00216,PERSON_00216,upi,150029,PERSON_00317,upi
TXN_006067,2021-04-06,ACCT_00217,PERSON_00217,fuel,2948,PERSON_00354,fuel
TXN_006068,2025-07-11,ACCT_00218,PERSON_00218,upi,8062,PERSON_00391,upi
TXN_006069,2025-04-16,ACCT_00219,PERSON_00219,utility,750,PERSON_00428,utility
TXN_006070,2022-09-14,ACCT_00220,PERSON_00220,transfer,87884,PERSON_00015,transfer
TXN_006071,2021-01-01,ACCT_00221,PERSON_00221,emi,19065,PERSON_00052,emi
TXN_006072,2021-10-08,ACCT_00222,PERSON_00222,customer,78644,PERSON_00089,customer
TXN_006073,2025-08-13,ACCT_00223,PERSON_00223,utility,4445,PERSON_00126,utility
TXN_006074,2021-03-31,ACCT_00224,PERSON_00224,transfer,108962,PERSON_00163,transfer
TXN_006075,2022-03-01,ACCT_00225,PERSON_00225,supplier,65123,PERSON_00200,supplier
TXN_006076,2022-03-03,ACCT_00226,PERSON_00226,grocery,3662,PERSON_00237,grocery
TXN_006077,2022-03-06,ACCT_00227,PERSON_00227,customer,14603,PERSON_00274,customer
TXN_006078,2025-01-09,ACCT_00228,PERSON_00228,transfer,119867,PERSON_00311,transfer
TXN_006079,2025-07-15,ACCT_00229,PERSON_00229,salary,52429,PERSON_00348,salary
TXN_006080,2023-01-09,ACCT_00230,PERSON_00230,upi,2719,PERSON_00385,upi
TXN_006081,2021-12-20,ACCT_00231,PERSON_00231,grocery,5581,PERSON_00422,grocery
TXN_006082,2025-05-16,ACCT_00232,PERSON_00232,upi,5885,PERSON_00009,upi
TXN_006083,2024-08-15,ACCT_00233,PERSON_00233,upi,4574,PERSON_00046,upi
TXN_006084,2023-02-20,ACCT_00234,PERSON_00234,supplier,21307,PERSON_00083,supplier
TXN_006085,2024-12-22,ACCT_00235,PERSON_00235,grocery,3730,PERSON_00120,grocery
TXN_006086,2021-01-06,ACCT_00236,PERSON_00236,upi,11461,PERSON_00157,upi
TXN_006087,2024-10-19,ACCT_00237,PERSON_00237,upi,176298,PERSON_00194,upi
TXN_006088,2025-01-06,ACCT_00238,PERSON_00238,upi,3308,PERSON_00231,upi
TXN_006089,2026-01-20,ACCT_00239,PERSON_00239,rent,14011,PERSON_00268,rent
TXN_006090,2025-07-27,ACCT_00240,PERSON_00240,upi,45951,PERSON_00305,upi
TXN_006091,2025-11-26,ACCT_00241,PERSON_00241,transfer,137136,PERSON_00342,transfer
TXN_006092,2021-06-18,ACCT_00242,PERSON_00242,rent,18735,PERSON_00379,rent
TXN_006093,2024-10-09,ACCT_00243,PERSON_00243,upi,6013,PERSON_00416,upi
TXN_006094,2025-09-22,ACCT_00244,PERSON_00244,grocery,4789,PERSON_00003,grocery
TXN_006095,2022-03-20,ACCT_00245,PERSON_00245,salary,25919,PERSON_00040,salary
TXN_006096,2021-09-07,ACCT_00246,PERSON_00246,grocery,4257,PERSON_00077,grocery
TXN_006097,2023-03-20,ACCT_00247,PERSON_00247,grocery,4206,PERSON_00114,grocery
TXN_006098,2021-05-05,ACCT_00248,PERSON_00248,fuel,5300,PERSON_00151,fuel
TXN_006099,2023-11-18,ACCT_00249,PERSON_00249,salary,55785,PERSON_00188,salary
TXN_006100,2023-10-13,ACCT_00250,PERSON_00250,transfer,89404,PERSON_00225,transfer
TXN_006101,2022-06-01,ACCT_00251,PERSON_00251,upi,841,PERSON_00262,upi
TXN_006102,2021-07-23,ACCT_00252,PERSON_00252,upi,5836,PERSON_00299,upi
TXN_006103,2023-06-07,ACCT_00253,PERSON_00253,transfer,19430,PERSON_00336,transfer
TXN_006104,2023-11-08,ACCT_00254,PERSON_00254,supplier,21896,PERSON_00373,supplier
TXN_006105,2025-04-19,ACCT_00255,PERSON_00255,supplier,70289,PERSON_00410,supplier
TXN_006106,2025-11-09,ACCT_00256,PERSON_00256,supplier,39407,PERSON_00447,supplier
TXN_006107,2024-06-10,ACCT_00257,PERSON_00257,utility,6135,PERSON_00034,utility
TXN_006108,2025-08-10,ACCT_00258,PERSON_00258,supplier,14449,PERSON_00071,supplier
TXN_006109,2022-09-21,ACCT_00259,PERSON_00259,rent,18472,PERSON_00108,rent
TXN_006110,2025-11-09,ACCT_00260,PERSON_00260,grocery,1550,PERSON_00145,grocery
TXN_006111,2021-12-09,ACCT_00261,PERSON_00261,upi,403,PERSON_00182,upi
TXN_006112,2024-03-27,ACCT_00262,PERSON_00262,grocery,5702,PERSON_00219,grocery
TXN_006113,2024-12-24,ACCT_00263,PERSON_00263,customer,81368,PERSON_00256,customer
TXN_006114,2021-06-05,ACCT_00264,PERSON_00264,customer,61072,PERSON_00293,customer
TXN_006115,2025-09-21,ACCT_00265,PERSON_00265,rent,18399,PERSON_00330,rent
TXN_006116,2022-03-19,ACCT_00266,PERSON_00266,upi,9946,PERSON_00367,upi
TXN_006117,2024-04-22,ACCT_00267,PERSON_00267,upi,208003,PERSON_00404,upi
TXN_006118,2022-09-04,ACCT_00268,PERSON_00268,grocery,2963,PERSON_00441,grocery
TXN_006119,2024-06-17,ACCT_00269,PERSON_00269,grocery,5595,PERSON_00028,grocery
TXN_006120,2021-01-27,ACCT_00270,PERSON_00270,transfer,6779,PERSON_00065,transfer
TXN_006121,2021-09-05,ACCT_00271,PERSON_00271,upi,148959,PERSON_00102,upi
TXN_006122,2023-04-12,ACCT_00272,PERSON_00272,customer,64222,PERSON_00139,customer
TXN_006123,2024-10-18,ACCT_00273,PERSON_00273,customer,93828,PERSON_00176,customer
TXN_006124,2026-03-01,ACCT_00274,PERSON_00274,rent,19692,PERSON_00213,rent
TXN_006125,2024-09-08,ACCT_00275,PERSON_00275,emi,17781,PERSON_00250,emi
TXN_006126,2023-06-26,ACCT_00276,PERSON_00276,fuel,2710,PERSON_00287,fuel
TXN_006127,2023-08-16,ACCT_00277,PERSON_00277,grocery,1797,PERSON_00324,grocery
TXN_006128,2024-05-29,ACCT_00278,PERSON_00278,upi,3264,PERSON_00361,upi
TXN_006129,2026-04-06,ACCT_00279,PERSON_00279,fuel,1557,PERSON_00398,fuel
TXN_006130,2022-07-31,ACCT_00280,PERSON_00280,fuel,4612,PERSON_00435,fuel
TXN_006131,2022-10-28,ACCT_00281,PERSON_00281,customer,14817,PERSON_00022,customer
TXN_006132,2026-04-16,ACCT_00282,PERSON_00282,upi,9446,PERSON_00059,upi
TXN_006133,2022-01-16,ACCT_00283,PERSON_00283,customer,41858,PERSON_00096,customer
TXN_006134,2023-12-05,ACCT_00284,PERSON_00284,utility,446,PERSON_00133,utility
TXN_006135,2021-06-12,ACCT_00285,PERSON_00285,transfer,52240,PERSON_00170,transfer
TXN_006136,2021-11-07,ACCT_00286,PERSON_00286,customer,41089,PERSON_00207,customer
TXN_006137,2026-02-19,ACCT_00287,PERSON_00287,upi,170494,PERSON_00244,upi
TXN_006138,2021-09-03,ACCT_00288,PERSON_00288,upi,77804,PERSON_00281,upi
TXN_006139,2024-01-12,ACCT_00289,PERSON_00289,customer,113203,PERSON_00318,customer
TXN_006140,2026-06-25,ACCT_00290,PERSON_00290,grocery,3188,PERSON_00355,grocery
TXN_006141,2021-07-06,ACCT_00291,PERSON_00291,customer,14598,PERSON_00392,customer
TXN_006142,2023-03-29,ACCT_00292,PERSON_00292,transfer,56900,PERSON_00429,transfer
TXN_006143,2023-09-23,ACCT_00293,PERSON_00293,transfer,10282,PERSON_00016,transfer
TXN_006144,2021-11-29,ACCT_00294,PERSON_00294,upi,6158,PERSON_00053,upi
TXN_006145,2025-03-18,ACCT_00295,PERSON_00295,upi,1890,PERSON_00090,upi
TXN_006146,2022-11-03,ACCT_00296,PERSON_00296,utility,3822,PERSON_00127,utility
TXN_006147,2025-04-06,ACCT_00297,PERSON_00297,fuel,4695,PERSON_00164,fuel
TXN_006148,2022-04-17,ACCT_00298,PERSON_00298,cash_deposit,179112,PERSON_00201,cash deposit
TXN_006149,2026-06-28,ACCT_00299,PERSON_00299,supplier,77845,PERSON_00238,supplier
TXN_006150,2021-03-20,ACCT_00300,PERSON_00300,upi,47374,PERSON_00275,upi
TXN_006151,2021-04-27,ACCT_00301,PERSON_00301,grocery,2527,PERSON_00312,grocery
TXN_006152,2026-04-01,ACCT_00302,PERSON_00302,fuel,1158,PERSON_00349,fuel
TXN_006153,2022-11-20,ACCT_00303,PERSON_00303,salary,31542,PERSON_00386,salary
TXN_006154,2025-09-21,ACCT_00304,PERSON_00304,rent,7595,PERSON_00423,rent
TXN_006155,2025-02-13,ACCT_00305,PERSON_00305,cash_deposit,155726,PERSON_00010,cash deposit
TXN_006156,2022-02-14,ACCT_00306,PERSON_00306,supplier,84031,PERSON_00047,supplier
TXN_006157,2026-04-06,ACCT_00307,PERSON_00307,upi,8583,PERSON_00084,upi
TXN_006158,2025-10-28,ACCT_00308,PERSON_00308,rent,20887,PERSON_00121,rent
TXN_006159,2021-07-02,ACCT_00309,PERSON_00309,upi,5678,PERSON_00158,upi
TXN_006160,2022-09-05,ACCT_00310,PERSON_00310,upi,49859,PERSON_00195,upi
TXN_006161,2025-03-21,ACCT_00311,PERSON_00311,grocery,4836,PERSON_00232,grocery
TXN_006162,2024-11-23,ACCT_00312,PERSON_00312,upi,8138,PERSON_00269,upi
TXN_006163,2024-11-09,ACCT_00313,PERSON_00313,supplier,8775,PERSON_00306,supplier
TXN_006164,2025-08-07,ACCT_00314,PERSON_00314,fuel,5304,PERSON_00343,fuel
TXN_006165,2024-08-18,ACCT_00315,PERSON_00315,grocery,6040,PERSON_00380,grocery
TXN_006166,2024-06-08,ACCT_00316,PERSON_00316,grocery,2224,PERSON_00417,grocery
TXN_006167,2023-09-25,ACCT_00317,PERSON_00317,salary,26447,PERSON_00004,salary
TXN_006168,2026-06-24,ACCT_00318,PERSON_00318,grocery,2370,PERSON_00041,grocery
TXN_006169,2021-08-03,ACCT_00319,PERSON_00319,customer,89729,PERSON_00078,customer
TXN_006170,2025-04-18,ACCT_00320,PERSON_00320,salary,46050,PERSON_00115,salary
TXN_006171,2025-11-18,ACCT_00321,PERSON_00321,salary,59042,PERSON_00152,salary
TXN_006172,2025-01-23,ACCT_00322,PERSON_00322,fuel,2112,PERSON_00189,fuel
TXN_006173,2022-04-21,ACCT_00323,PERSON_00323,supplier,29048,PERSON_00226,supplier
TXN_006174,2025-12-28,ACCT_00324,PERSON_00324,fuel,3277,PERSON_00263,fuel
TXN_006175,2024-02-09,ACCT_00325,PERSON_00325,fuel,924,PERSON_00300,fuel
TXN_006176,2022-08-19,ACCT_00326,PERSON_00326,cash_deposit,148137,PERSON_00337,cash deposit
TXN_006177,2021-09-20,ACCT_00327,PERSON_00327,rent,20959,PERSON_00374,rent
TXN_006178,2021-01-27,ACCT_00328,PERSON_00328,emi,14272,PERSON_00411,emi
TXN_006179,2023-05-22,ACCT_00329,PERSON_00329,supplier,63054,PERSON_00448,supplier
TXN_006180,2023-01-05,ACCT_00330,PERSON_00330,upi,3129,PERSON_00035,upi
TXN_006181,2021-07-26,ACCT_00331,PERSON_00331,transfer,139330,PERSON_00072,transfer
TXN_006182,2024-12-21,ACCT_00332,PERSON_00332,salary,56977,PERSON_00109,salary
TXN_006183,2025-03-20,ACCT_00333,PERSON_00333,utility,5165,PERSON_00146,utility
TXN_006184,2023-02-28,ACCT_00334,PERSON_00334,supplier,27143,PERSON_00183,supplier
TXN_006185,2023-04-26,ACCT_00335,PERSON_00335,salary,65514,PERSON_00220,salary
TXN_006186,2025-07-18,ACCT_00336,PERSON_00336,upi,216280,PERSON_00257,upi
TXN_006187,2024-06-13,ACCT_00337,PERSON_00337,grocery,2695,PERSON_00294,grocery
TXN_006188,2026-02-08,ACCT_00338,PERSON_00338,rent,9847,PERSON_00331,rent
TXN_006189,2021-07-09,ACCT_00339,PERSON_00339,upi,4270,PERSON_00368,upi
TXN_006190,2023-02-06,ACCT_00340,PERSON_00340,salary,58120,PERSON_00405,salary
TXN_006191,2023-04-12,ACCT_00341,PERSON_00341,salary,65304,PERSON_00442,salary
TXN_006192,2021-08-18,ACCT_00342,PERSON_00342,cash_deposit,169667,PERSON_00029,cash deposit
TXN_006193,2023-03-25,ACCT_00343,PERSON_00343,fuel,5830,PERSON_00066,fuel
TXN_006194,2023-01-30,ACCT_00344,PERSON_00344,salary,32599,PERSON_00103,salary
TXN_006195,2022-04-17,ACCT_00345,PERSON_00345,upi,82764,PERSON_00140,upi
TXN_006196,2025-11-17,ACCT_00346,PERSON_00346,transfer,3381,PERSON_00177,transfer
TXN_006197,2024-07-27,ACCT_00347,PERSON_00347,upi,4372,PERSON_00214,upi
TXN_006198,2025-08-26,ACCT_00348,PERSON_00348,grocery,6097,PERSON_00251,grocery
TXN_006199,2026-06-03,ACCT_00349,PERSON_00349,salary,63765,PERSON_00288,salary
TXN_006200,2024-01-11,ACCT_00350,PERSON_00350,utility,916,PERSON_00325,utility
TXN_006201,2021-11-08,ACCT_00351,PERSON_00351,supplier,36368,PERSON_00362,supplier
TXN_006202,2023-04-04,ACCT_00352,PERSON_00352,salary,47341,PERSON_00399,salary
TXN_006203,2025-11-24,ACCT_00353,PERSON_00353,upi,146823,PERSON_00436,upi
TXN_006204,2022-06-11,ACCT_00354,PERSON_00354,emi,10960,PERSON_00023,emi
TXN_006205,2023-05-15,ACCT_00355,PERSON_00355,emi,4430,PERSON_00060,emi
TXN_006206,2021-12-29,ACCT_00356,PERSON_00356,utility,3460,PERSON_00097,utility
TXN_006207,2025-04-29,ACCT_00357,PERSON_00357,salary,39871,PERSON_00134,salary
TXN_006208,2025-06-27,ACCT_00358,PERSON_00358,upi,123492,PERSON_00171,upi
TXN_006209,2026-04-22,ACCT_00359,PERSON_00359,cash_deposit,219941,PERSON_00208,cash deposit
TXN_006210,2022-11-26,ACCT_00360,PERSON_00360,upi,191313,PERSON_00245,upi
TXN_006211,2026-05-24,ACCT_00361,PERSON_00361,grocery,5083,PERSON_00282,grocery
TXN_006212,2022-07-19,ACCT_00362,PERSON_00362,salary,19591,PERSON_00319,salary
TXN_006213,2024-07-12,ACCT_00363,PERSON_00363,emi,34884,PERSON_00356,emi
TXN_006214,2025-07-25,ACCT_00364,PERSON_00364,upi,3125,PERSON_00393,upi
TXN_006215,2024-01-10,ACCT_00365,PERSON_00365,upi,2361,PERSON_00430,upi
TXN_006216,2025-10-18,ACCT_00366,PERSON_00366,salary,20717,PERSON_00017,salary
TXN_006217,2025-12-04,ACCT_00367,PERSON_00367,upi,5373,PERSON_00054,upi
TXN_006218,2021-01-05,ACCT_00368,PERSON_00368,utility,5505,PERSON_00091,utility
TXN_006219,2021-05-31,ACCT_00369,PERSON_00369,customer,36160,PERSON_00128,customer
TXN_006220,2023-03-01,ACCT_00370,PERSON_00370,emi,21167,PERSON_00165,emi
TXN_006221,2024-08-25,ACCT_00371,PERSON_00371,emi,23103,PERSON_00202,emi
TXN_006222,2023-07-04,ACCT_00372,PERSON_00372,utility,4283,PERSON_00239,utility
TXN_006223,2023-09-20,ACCT_00373,PERSON_00373,upi,10721,PERSON_00276,upi
TXN_006224,2024-09-01,ACCT_00374,PERSON_00374,customer,37447,PERSON_00313,customer
TXN_006225,2023-02-23,ACCT_00375,PERSON_00375,transfer,28284,PERSON_00350,transfer
TXN_006226,2022-03-26,ACCT_00376,PERSON_00376,upi,180558,PERSON_00387,upi
TXN_006227,2025-03-09,ACCT_00377,PERSON_00377,upi,80632,PERSON_00424,upi
TXN_006228,2025-05-25,ACCT_00378,PERSON_00378,supplier,75811,PERSON_00011,supplier
TXN_006229,2022-05-07,ACCT_00379,PERSON_00379,cash_deposit,69352,PERSON_00048,cash deposit
TXN_006230,2025-08-05,ACCT_00380,PERSON_00380,grocery,3777,PERSON_00085,grocery
TXN_006231,2025-03-05,ACCT_00381,PERSON_00381,supplier,22862,PERSON_00122,supplier
TXN_006232,2022-10-14,ACCT_00382,PERSON_00382,utility,3946,PERSON_00159,utility
TXN_006233,2025-03-25,ACCT_00383,PERSON_00383,grocery,4651,PERSON_00196,grocery
TXN_006234,2026-05-03,ACCT_00384,PERSON_00384,cash_deposit,68957,PERSON_00233,cash deposit
TXN_006235,2026-02-18,ACCT_00385,PERSON_00385,rent,16136,PERSON_00270,rent
TXN_006236,2021-11-26,ACCT_00386,PERSON_00386,salary,37299,PERSON_00307,salary
TXN_006237,2023-08-17,ACCT_00387,PERSON_00387,grocery,5485,PERSON_00344,grocery
TXN_006238,2025-01-10,ACCT_00388,PERSON_00388,emi,23716,PERSON_00381,emi
TXN_006239,2025-02-06,ACCT_00389,PERSON_00389,upi,199943,PERSON_00418,upi
TXN_006240,2024-03-29,ACCT_00390,PERSON_00390,upi,6406,PERSON_00005,upi
TXN_006241,2025-09-22,ACCT_00391,PERSON_00391,supplier,48439,PERSON_00042,supplier
TXN_006242,2023-05-10,ACCT_00392,PERSON_00392,salary,23975,PERSON_00079,salary
TXN_006243,2022-02-08,ACCT_00393,PERSON_00393,emi,16144,PERSON_00116,emi
TXN_006244,2026-01-11,ACCT_00394,PERSON_00394,supplier,40203,PERSON_00153,supplier
TXN_006245,2024-12-30,ACCT_00395,PERSON_00395,upi,146294,PERSON_00190,upi
TXN_006246,2023-06-10,ACCT_00396,PERSON_00396,utility,2860,PERSON_00227,utility
TXN_006247,2025-10-10,ACCT_00397,PERSON_00397,fuel,5075,PERSON_00264,fuel
TXN_006248,2021-05-16,ACCT_00398,PERSON_00398,upi,124961,PERSON_00301,upi
TXN_006249,2024-05-23,ACCT_00399,PERSON_00399,transfer,47568,PERSON_00338,transfer
TXN_006250,2026-04-11,ACCT_00400,PERSON_00400,transfer,62397,PERSON_00375,transfer
TXN_006251,2025-09-01,ACCT_00401,PERSON_00401,upi,228321,PERSON_00412,upi
TXN_006252,2025-11-29,ACCT_00402,PERSON_00402,emi,31839,PERSON_00449,emi
TXN_006253,2021-11-14,ACCT_00403,PERSON_00403,emi,12531,PERSON_00036,emi
TXN_006254,2022-03-28,ACCT_00404,PERSON_00404,customer,3378,PERSON_00073,customer
TXN_006255,2022-08-12,ACCT_00405,PERSON_00405,grocery,2811,PERSON_00110,grocery
TXN_006256,2026-04-16,ACCT_00406,PERSON_00406,fuel,1162,PERSON_00147,fuel
TXN_006257,2025-12-02,ACCT_00407,PERSON_00407,rent,19797,PERSON_00184,rent
TXN_006258,2024-07-15,ACCT_00408,PERSON_00408,upi,104762,PERSON_00221,upi
TXN_006259,2026-06-15,ACCT_00409,PERSON_00409,grocery,2306,PERSON_00258,grocery
TXN_006260,2025-06-19,ACCT_00410,PERSON_00410,upi,174859,PERSON_00295,upi
TXN_006261,2022-10-25,ACCT_00411,PERSON_00411,customer,11742,PERSON_00332,customer
TXN_006262,2021-03-19,ACCT_00412,PERSON_00412,grocery,770,PERSON_00369,grocery
TXN_006263,2026-05-01,ACCT_00413,PERSON_00413,fuel,4496,PERSON_00406,fuel
TXN_006264,2022-06-28,ACCT_00414,PERSON_00414,rent,17102,PERSON_00443,rent
TXN_006265,2022-07-25,ACCT_00415,PERSON_00415,emi,28352,PERSON_00030,emi
TXN_006266,2023-04-21,ACCT_00416,PERSON_00416,salary,34664,PERSON_00067,salary
TXN_006267,2024-10-27,ACCT_00417,PERSON_00417,utility,1810,PERSON_00104,utility
TXN_006268,2023-08-06,ACCT_00418,PERSON_00418,grocery,1638,PERSON_00141,grocery
TXN_006269,2026-04-24,ACCT_00419,PERSON_00419,grocery,2876,PERSON_00178,grocery
TXN_006270,2023-01-05,ACCT_00420,PERSON_00420,rent,19379,PERSON_00215,rent
TXN_006271,2022-07-24,ACCT_00421,PERSON_00421,emi,9454,PERSON_00252,emi
TXN_006272,2022-03-28,ACCT_00422,PERSON_00422,emi,24808,PERSON_00289,emi
TXN_006273,2025-06-17,ACCT_00423,PERSON_00423,fuel,4642,PERSON_00326,fuel
TXN_006274,2022-02-05,ACCT_00424,PERSON_00424,supplier,7041,PERSON_00363,supplier
TXN_006275,2025-06-30,ACCT_00425,PERSON_00425,customer,75140,PERSON_00400,customer
TXN_006276,2026-02-14,ACCT_00426,PERSON_00426,fuel,3726,PERSON_00437,fuel
TXN_006277,2026-03-05,ACCT_00427,PERSON_00427,grocery,1217,PERSON_00024,grocery
TXN_006278,2026-05-25,ACCT_00428,PERSON_00428,salary,44080,PERSON_00061,salary
TXN_006279,2025-02-24,ACCT_00429,PERSON_00429,utility,721,PERSON_00098,utility
TXN_006280,2024-11-01,ACCT_00430,PERSON_00430,rent,8958,PERSON_00135,rent
TXN_006281,2025-12-27,ACCT_00431,PERSON_00431,fuel,1579,PERSON_00172,fuel
TXN_006282,2023-09-16,ACCT_00432,PERSON_00432,upi,245010,PERSON_00209,upi
TXN_006283,2021-03-11,ACCT_00433,PERSON_00433,upi,773,PERSON_00246,upi
TXN_006284,2024-03-17,ACCT_00434,PERSON_00434,salary,36582,PERSON_00283,salary
TXN_006285,2025-10-07,ACCT_00435,PERSON_00435,rent,13840,PERSON_00320,rent
TXN_006286,2023-02-10,ACCT_00436,PERSON_00436,rent,13773,PERSON_00357,rent
TXN_006287,2026-06-13,ACCT_00437,PERSON_00437,upi,1328,PERSON_00394,upi
TXN_006288,2023-10-12,ACCT_00438,PERSON_00438,supplier,40803,PERSON_00431,supplier
TXN_006289,2023-07-14,ACCT_00439,PERSON_00439,transfer,185161,PERSON_00018,transfer
TXN_006290,2024-10-21,ACCT_00440,PERSON_00440,cash_deposit,209567,PERSON_00055,cash deposit
TXN_006291,2025-10-27,ACCT_00441,PERSON_00441,upi,10711,PERSON_00092,upi
TXN_006292,2023-08-20,ACCT_00442,PERSON_00442,fuel,5743,PERSON_00129,fuel
TXN_006293,2025-08-21,ACCT_00443,PERSON_00443,customer,31963,PERSON_00166,customer
TXN_006294,2024-10-02,ACCT_00444,PERSON_00444,supplier,5488,PERSON_00203,supplier
TXN_006295,2025-07-12,ACCT_00445,PERSON_00445,upi,4423,PERSON_00240,upi
TXN_006296,2025-11-08,ACCT_00446,PERSON_00446,customer,25054,PERSON_00277,customer
TXN_006297,2023-12-31,ACCT_00447,PERSON_00447,rent,11466,PERSON_00314,rent
TXN_006298,2024-07-11,ACCT_00448,PERSON_00448,customer,118125,PERSON_00351,customer
TXN_006299,2026-04-14,ACCT_00449,PERSON_00449,upi,31786,PERSON_00388,upi
TXN_006300,2021-11-13,ACCT_00450,PERSON_00450,rent,9861,PERSON_00425,rent
TXN_006301,2021-06-23,ACCT_00001,PERSON_00001,supplier,73206,PERSON_00012,supplier
TXN_006302,2021-09-01,ACCT_00002,PERSON_00002,upi,1737,PERSON_00049,upi
TXN_006303,2022-09-02,ACCT_00003,PERSON_00003,grocery,2872,PERSON_00086,grocery
TXN_006304,2025-05-25,ACCT_00004,PERSON_00004,supplier,77989,PERSON_00123,supplier
TXN_006305,2023-12-31,ACCT_00005,PERSON_00005,customer,85040,PERSON_00160,customer
TXN_006306,2022-07-17,ACCT_00006,PERSON_00006,transfer,148044,PERSON_00197,transfer
TXN_006307,2023-11-23,ACCT_00007,PERSON_00007,grocery,2475,PERSON_00234,grocery
TXN_006308,2021-09-05,ACCT_00008,PERSON_00008,utility,5586,PERSON_00271,utility
TXN_006309,2021-08-14,ACCT_00009,PERSON_00009,emi,3821,PERSON_00308,emi
TXN_006310,2021-02-07,ACCT_00010,PERSON_00010,grocery,592,PERSON_00345,grocery
TXN_006311,2021-07-06,ACCT_00011,PERSON_00011,emi,23488,PERSON_00382,emi
TXN_006312,2025-05-30,ACCT_00012,PERSON_00012,fuel,3671,PERSON_00419,fuel
TXN_006313,2023-07-06,ACCT_00013,PERSON_00013,rent,12983,PERSON_00006,rent
TXN_006314,2023-04-17,ACCT_00014,PERSON_00014,cash_deposit,184855,PERSON_00043,cash deposit
TXN_006315,2021-01-06,ACCT_00015,PERSON_00015,utility,6733,PERSON_00080,utility
TXN_006316,2023-03-28,ACCT_00016,PERSON_00016,grocery,6026,PERSON_00117,grocery
TXN_006317,2023-09-14,ACCT_00017,PERSON_00017,supplier,43911,PERSON_00154,supplier
TXN_006318,2021-04-17,ACCT_00018,PERSON_00018,utility,1832,PERSON_00191,utility
TXN_006319,2025-11-11,ACCT_00019,PERSON_00019,grocery,5905,PERSON_00228,grocery
TXN_006320,2021-07-04,ACCT_00020,PERSON_00020,salary,46757,PERSON_00265,salary
TXN_006321,2021-10-01,ACCT_00021,PERSON_00021,fuel,5578,PERSON_00302,fuel
TXN_006322,2024-12-10,ACCT_00022,PERSON_00022,supplier,41064,PERSON_00339,supplier
TXN_006323,2025-06-30,ACCT_00023,PERSON_00023,grocery,486,PERSON_00376,grocery
TXN_006324,2022-05-11,ACCT_00024,PERSON_00024,customer,34597,PERSON_00413,customer
TXN_006325,2025-04-23,ACCT_00025,PERSON_00025,upi,3104,PERSON_00450,upi
TXN_006326,2025-07-19,ACCT_00026,PERSON_00026,salary,35723,PERSON_00037,salary
TXN_006327,2021-05-19,ACCT_00027,PERSON_00027,utility,6123,PERSON_00074,utility
TXN_006328,2024-11-05,ACCT_00028,PERSON_00028,grocery,5396,PERSON_00111,grocery
TXN_006329,2022-01-21,ACCT_00029,PERSON_00029,rent,15375,PERSON_00148,rent
TXN_006330,2025-04-09,ACCT_00030,PERSON_00030,transfer,56430,PERSON_00185,transfer
TXN_006331,2024-08-18,ACCT_00031,PERSON_00031,upi,2754,PERSON_00222,upi
TXN_006332,2023-01-20,ACCT_00032,PERSON_00032,customer,72253,PERSON_00259,customer
TXN_006333,2023-04-23,ACCT_00033,PERSON_00033,emi,25680,PERSON_00296,emi
TXN_006334,2021-09-20,ACCT_00034,PERSON_00034,emi,7380,PERSON_00333,emi
TXN_006335,2023-03-09,ACCT_00035,PERSON_00035,grocery,1683,PERSON_00370,grocery
TXN_006336,2024-09-08,ACCT_00036,PERSON_00036,upi,9442,PERSON_00407,upi
TXN_006337,2021-11-30,ACCT_00037,PERSON_00037,emi,8911,PERSON_00444,emi
TXN_006338,2024-12-16,ACCT_00038,PERSON_00038,utility,6422,PERSON_00031,utility
TXN_006339,2026-01-13,ACCT_00039,PERSON_00039,upi,5878,PERSON_00068,upi
TXN_006340,2021-06-20,ACCT_00040,PERSON_00040,upi,2153,PERSON_00105,upi
TXN_006341,2021-05-21,ACCT_00041,PERSON_00041,emi,9474,PERSON_00142,emi
TXN_006342,2022-02-08,ACCT_00042,PERSON_00042,rent,12758,PERSON_00179,rent
TXN_006343,2025-08-07,ACCT_00043,PERSON_00043,customer,82494,PERSON_00216,customer
TXN_006344,2023-12-15,ACCT_00044,PERSON_00044,customer,35199,PERSON_00253,customer
TXN_006345,2024-12-09,ACCT_00045,PERSON_00045,upi,231235,PERSON_00290,upi
TXN_006346,2025-03-06,ACCT_00046,PERSON_00046,supplier,84946,PERSON_00327,supplier
TXN_006347,2025-04-07,ACCT_00047,PERSON_00047,emi,10827,PERSON_00364,emi
TXN_006348,2026-06-19,ACCT_00048,PERSON_00048,utility,5499,PERSON_00401,utility
TXN_006349,2023-07-26,ACCT_00049,PERSON_00049,supplier,21256,PERSON_00438,supplier
TXN_006350,2021-01-21,ACCT_00050,PERSON_00050,salary,23659,PERSON_00025,salary
TXN_006351,2021-08-23,ACCT_00051,PERSON_00051,supplier,66277,PERSON_00062,supplier
TXN_006352,2024-01-06,ACCT_00052,PERSON_00052,upi,91675,PERSON_00099,upi
TXN_006353,2026-03-20,ACCT_00053,PERSON_00053,upi,202291,PERSON_00136,upi
TXN_006354,2023-02-27,ACCT_00054,PERSON_00054,upi,73642,PERSON_00173,upi
TXN_006355,2025-03-10,ACCT_00055,PERSON_00055,fuel,3776,PERSON_00210,fuel
TXN_006356,2022-03-23,ACCT_00056,PERSON_00056,customer,91710,PERSON_00247,customer
TXN_006357,2023-05-01,ACCT_00057,PERSON_00057,salary,43280,PERSON_00284,salary
TXN_006358,2025-06-06,ACCT_00058,PERSON_00058,cash_deposit,65733,PERSON_00321,cash deposit
TXN_006359,2026-03-20,ACCT_00059,PERSON_00059,upi,5837,PERSON_00358,upi
TXN_006360,2025-10-07,ACCT_00060,PERSON_00060,emi,28929,PERSON_00395,emi
TXN_006361,2022-01-19,ACCT_00061,PERSON_00061,fuel,1320,PERSON_00432,fuel
TXN_006362,2025-11-17,ACCT_00062,PERSON_00062,salary,73243,PERSON_00019,salary
TXN_006363,2021-07-29,ACCT_00063,PERSON_00063,fuel,3757,PERSON_00056,fuel
TXN_006364,2022-10-10,ACCT_00064,PERSON_00064,upi,7205,PERSON_00093,upi
TXN_006365,2022-12-23,ACCT_00065,PERSON_00065,upi,54053,PERSON_00130,upi
TXN_006366,2021-07-15,ACCT_00066,PERSON_00066,supplier,70461,PERSON_00167,supplier
TXN_006367,2021-10-11,ACCT_00067,PERSON_00067,grocery,2233,PERSON_00204,grocery
TXN_006368,2025-10-01,ACCT_00068,PERSON_00068,upi,4576,PERSON_00241,upi
TXN_006369,2021-03-20,ACCT_00069,PERSON_00069,upi,3894,PERSON_00278,upi
TXN_006370,2021-06-29,ACCT_00070,PERSON_00070,salary,36461,PERSON_00315,salary
TXN_006371,2025-01-06,ACCT_00071,PERSON_00071,customer,64829,PERSON_00352,customer
TXN_006372,2023-08-25,ACCT_00072,PERSON_00072,emi,27645,PERSON_00389,emi
TXN_006373,2023-09-04,ACCT_00073,PERSON_00073,transfer,41875,PERSON_00426,transfer
TXN_006374,2021-05-06,ACCT_00074,PERSON_00074,rent,21419,PERSON_00013,rent
TXN_006375,2022-08-29,ACCT_00075,PERSON_00075,upi,72246,PERSON_00050,upi
TXN_006376,2025-01-05,ACCT_00076,PERSON_00076,upi,58393,PERSON_00087,upi
TXN_006377,2023-05-13,ACCT_00077,PERSON_00077,fuel,3983,PERSON_00124,fuel
TXN_006378,2022-04-04,ACCT_00078,PERSON_00078,fuel,1044,PERSON_00161,fuel
TXN_006379,2022-08-14,ACCT_00079,PERSON_00079,customer,99203,PERSON_00198,customer
TXN_006380,2024-09-19,ACCT_00080,PERSON_00080,salary,48400,PERSON_00235,salary
TXN_006381,2025-02-24,ACCT_00081,PERSON_00081,grocery,4169,PERSON_00272,grocery
TXN_006382,2022-01-28,ACCT_00082,PERSON_00082,upi,9676,PERSON_00309,upi
TXN_006383,2022-02-02,ACCT_00083,PERSON_00083,emi,18175,PERSON_00346,emi
TXN_006384,2025-03-18,ACCT_00084,PERSON_00084,upi,71592,PERSON_00383,upi
TXN_006385,2024-09-06,ACCT_00085,PERSON_00085,grocery,5840,PERSON_00420,grocery
TXN_006386,2021-05-14,ACCT_00086,PERSON_00086,supplier,48559,PERSON_00007,supplier
TXN_006387,2022-03-24,ACCT_00087,PERSON_00087,upi,211305,PERSON_00044,upi
TXN_006388,2022-12-21,ACCT_00088,PERSON_00088,upi,248816,PERSON_00081,upi
TXN_006389,2022-10-22,ACCT_00089,PERSON_00089,utility,3098,PERSON_00118,utility
TXN_006390,2024-05-04,ACCT_00090,PERSON_00090,cash_deposit,82360,PERSON_00155,cash deposit
TXN_006391,2024-12-05,ACCT_00091,PERSON_00091,salary,36998,PERSON_00192,salary
TXN_006392,2025-09-21,ACCT_00092,PERSON_00092,transfer,137829,PERSON_00229,transfer
TXN_006393,2023-10-06,ACCT_00093,PERSON_00093,utility,3818,PERSON_00266,utility
TXN_006394,2023-07-19,ACCT_00094,PERSON_00094,customer,79404,PERSON_00303,customer
TXN_006395,2022-01-18,ACCT_00095,PERSON_00095,customer,89847,PERSON_00340,customer
TXN_006396,2025-05-03,ACCT_00096,PERSON_00096,transfer,88427,PERSON_00377,transfer
TXN_006397,2022-05-17,ACCT_00097,PERSON_00097,salary,69053,PERSON_00414,salary
TXN_006398,2025-04-11,ACCT_00098,PERSON_00098,utility,2142,PERSON_00001,utility
TXN_006399,2023-11-22,ACCT_00099,PERSON_00099,salary,22374,PERSON_00038,salary
TXN_006400,2024-02-25,ACCT_00100,PERSON_00100,rent,8250,PERSON_00075,rent
TXN_006401,2025-01-29,ACCT_00101,PERSON_00101,cash_deposit,228716,PERSON_00112,cash deposit
TXN_006402,2022-11-11,ACCT_00102,PERSON_00102,upi,9755,PERSON_00149,upi
TXN_006403,2021-11-19,ACCT_00103,PERSON_00103,supplier,44182,PERSON_00186,supplier
TXN_006404,2025-02-14,ACCT_00104,PERSON_00104,salary,20299,PERSON_00223,salary
TXN_006405,2021-12-18,ACCT_00105,PERSON_00105,customer,7699,PERSON_00260,customer
TXN_006406,2023-08-12,ACCT_00106,PERSON_00106,emi,16486,PERSON_00297,emi
TXN_006407,2026-01-22,ACCT_00107,PERSON_00107,fuel,4273,PERSON_00334,fuel
TXN_006408,2023-09-29,ACCT_00108,PERSON_00108,customer,45852,PERSON_00371,customer
TXN_006409,2024-07-10,ACCT_00109,PERSON_00109,upi,5814,PERSON_00408,upi
TXN_006410,2021-05-27,ACCT_00110,PERSON_00110,cash_deposit,28311,PERSON_00445,cash deposit
TXN_006411,2023-05-31,ACCT_00111,PERSON_00111,supplier,20821,PERSON_00032,supplier
TXN_006412,2023-07-28,ACCT_00112,PERSON_00112,supplier,60879,PERSON_00069,supplier
TXN_006413,2023-02-21,ACCT_00113,PERSON_00113,customer,42262,PERSON_00106,customer
TXN_006414,2025-07-18,ACCT_00114,PERSON_00114,grocery,5442,PERSON_00143,grocery
TXN_006415,2021-05-05,ACCT_00115,PERSON_00115,salary,48298,PERSON_00180,salary
TXN_006416,2022-01-17,ACCT_00116,PERSON_00116,upi,1632,PERSON_00217,upi
TXN_006417,2023-07-02,ACCT_00117,PERSON_00117,supplier,3326,PERSON_00254,supplier
TXN_006418,2023-06-15,ACCT_00118,PERSON_00118,upi,70963,PERSON_00291,upi
TXN_006419,2022-10-09,ACCT_00119,PERSON_00119,supplier,80659,PERSON_00328,supplier
TXN_006420,2022-09-15,ACCT_00120,PERSON_00120,supplier,68861,PERSON_00365,supplier
TXN_006421,2025-05-22,ACCT_00121,PERSON_00121,grocery,3481,PERSON_00402,grocery
TXN_006422,2021-08-26,ACCT_00122,PERSON_00122,supplier,39863,PERSON_00439,supplier
TXN_006423,2022-10-16,ACCT_00123,PERSON_00123,upi,242796,PERSON_00026,upi
TXN_006424,2021-08-04,ACCT_00124,PERSON_00124,supplier,61863,PERSON_00063,supplier
TXN_006425,2026-04-25,ACCT_00125,PERSON_00125,rent,13189,PERSON_00100,rent
TXN_006426,2023-05-30,ACCT_00126,PERSON_00126,grocery,2523,PERSON_00137,grocery
TXN_006427,2024-11-16,ACCT_00127,PERSON_00127,supplier,49683,PERSON_00174,supplier
TXN_006428,2021-05-28,ACCT_00128,PERSON_00128,grocery,6403,PERSON_00211,grocery
TXN_006429,2022-01-29,ACCT_00129,PERSON_00129,transfer,78584,PERSON_00248,transfer
TXN_006430,2021-10-20,ACCT_00130,PERSON_00130,grocery,2746,PERSON_00285,grocery
TXN_006431,2023-01-04,ACCT_00131,PERSON_00131,rent,20607,PERSON_00322,rent
TXN_006432,2021-03-15,ACCT_00132,PERSON_00132,upi,1351,PERSON_00359,upi
TXN_006433,2023-10-04,ACCT_00133,PERSON_00133,utility,981,PERSON_00396,utility
TXN_006434,2021-03-25,ACCT_00134,PERSON_00134,rent,20747,PERSON_00433,rent
TXN_006435,2024-05-11,ACCT_00135,PERSON_00135,grocery,6356,PERSON_00020,grocery
TXN_006436,2022-11-26,ACCT_00136,PERSON_00136,cash_deposit,156507,PERSON_00057,cash deposit
TXN_006437,2024-04-13,ACCT_00137,PERSON_00137,supplier,74916,PERSON_00094,supplier
TXN_006438,2024-04-10,ACCT_00138,PERSON_00138,transfer,38647,PERSON_00131,transfer
TXN_006439,2024-05-14,ACCT_00139,PERSON_00139,upi,9710,PERSON_00168,upi
TXN_006440,2026-03-08,ACCT_00140,PERSON_00140,grocery,1338,PERSON_00205,grocery
TXN_006441,2023-12-14,ACCT_00141,PERSON_00141,upi,247802,PERSON_00242,upi
TXN_006442,2021-06-27,ACCT_00142,PERSON_00142,transfer,4777,PERSON_00279,transfer
TXN_006443,2023-05-17,ACCT_00143,PERSON_00143,upi,1207,PERSON_00316,upi
TXN_006444,2022-01-07,ACCT_00144,PERSON_00144,customer,68302,PERSON_00353,customer
TXN_006445,2021-09-13,ACCT_00145,PERSON_00145,upi,4907,PERSON_00390,upi
TXN_006446,2022-12-27,ACCT_00146,PERSON_00146,transfer,31293,PERSON_00427,transfer
TXN_006447,2024-09-20,ACCT_00147,PERSON_00147,upi,179794,PERSON_00014,upi
TXN_006448,2024-03-08,ACCT_00148,PERSON_00148,supplier,28369,PERSON_00051,supplier
TXN_006449,2021-04-25,ACCT_00149,PERSON_00149,upi,5952,PERSON_00088,upi
TXN_006450,2025-10-02,ACCT_00150,PERSON_00150,salary,71867,PERSON_00125,salary
TXN_006451,2022-05-12,ACCT_00151,PERSON_00151,salary,57371,PERSON_00162,salary
TXN_006452,2025-04-03,ACCT_00152,PERSON_00152,supplier,22479,PERSON_00199,supplier
TXN_006453,2026-03-04,ACCT_00153,PERSON_00153,supplier,9648,PERSON_00236,supplier
TXN_006454,2023-08-06,ACCT_00154,PERSON_00154,rent,17543,PERSON_00273,rent
TXN_006455,2023-12-06,ACCT_00155,PERSON_00155,customer,96893,PERSON_00310,customer
TXN_006456,2023-12-29,ACCT_00156,PERSON_00156,customer,13917,PERSON_00347,customer
TXN_006457,2021-05-14,ACCT_00157,PERSON_00157,salary,54070,PERSON_00384,salary
TXN_006458,2026-01-03,ACCT_00158,PERSON_00158,rent,7591,PERSON_00421,rent
TXN_006459,2022-06-14,ACCT_00159,PERSON_00159,rent,11382,PERSON_00008,rent
TXN_006460,2022-09-13,ACCT_00160,PERSON_00160,rent,11360,PERSON_00045,rent
TXN_006461,2021-08-26,ACCT_00161,PERSON_00161,emi,28710,PERSON_00082,emi
TXN_006462,2025-11-01,ACCT_00162,PERSON_00162,supplier,54332,PERSON_00119,supplier
TXN_006463,2021-09-26,ACCT_00163,PERSON_00163,grocery,1294,PERSON_00156,grocery
TXN_006464,2025-06-01,ACCT_00164,PERSON_00164,upi,82756,PERSON_00193,upi
TXN_006465,2022-12-17,ACCT_00165,PERSON_00165,supplier,39400,PERSON_00230,supplier
TXN_006466,2021-07-09,ACCT_00166,PERSON_00166,upi,31206,PERSON_00267,upi
TXN_006467,2023-06-14,ACCT_00167,PERSON_00167,emi,32641,PERSON_00304,emi
TXN_006468,2025-06-07,ACCT_00168,PERSON_00168,grocery,5992,PERSON_00341,grocery
TXN_006469,2025-07-10,ACCT_00169,PERSON_00169,transfer,157724,PERSON_00378,transfer
TXN_006470,2022-03-25,ACCT_00170,PERSON_00170,emi,32957,PERSON_00415,emi
TXN_006471,2022-02-18,ACCT_00171,PERSON_00171,grocery,3943,PERSON_00002,grocery
TXN_006472,2026-06-15,ACCT_00172,PERSON_00172,customer,84389,PERSON_00039,customer
TXN_006473,2025-10-02,ACCT_00173,PERSON_00173,cash_deposit,31977,PERSON_00076,cash deposit
TXN_006474,2024-08-16,ACCT_00174,PERSON_00174,grocery,5236,PERSON_00113,grocery
TXN_006475,2022-02-17,ACCT_00175,PERSON_00175,upi,8949,PERSON_00150,upi
TXN_006476,2022-12-12,ACCT_00176,PERSON_00176,utility,4873,PERSON_00187,utility
TXN_006477,2022-02-11,ACCT_00177,PERSON_00177,customer,91576,PERSON_00224,customer
TXN_006478,2022-12-10,ACCT_00178,PERSON_00178,upi,10388,PERSON_00261,upi
TXN_006479,2024-09-03,ACCT_00179,PERSON_00179,upi,242977,PERSON_00298,upi
TXN_006480,2021-07-07,ACCT_00180,PERSON_00180,customer,21774,PERSON_00335,customer
TXN_006481,2022-05-18,ACCT_00181,PERSON_00181,customer,21617,PERSON_00372,customer
TXN_006482,2023-07-11,ACCT_00182,PERSON_00182,rent,7846,PERSON_00409,rent
TXN_006483,2021-10-24,ACCT_00183,PERSON_00183,upi,2351,PERSON_00446,upi
TXN_006484,2025-10-06,ACCT_00184,PERSON_00184,rent,20513,PERSON_00033,rent
TXN_006485,2022-06-14,ACCT_00185,PERSON_00185,upi,6979,PERSON_00070,upi
TXN_006486,2024-09-02,ACCT_00186,PERSON_00186,fuel,5272,PERSON_00107,fuel
TXN_006487,2025-01-16,ACCT_00187,PERSON_00187,customer,75136,PERSON_00144,customer
TXN_006488,2023-03-17,ACCT_00188,PERSON_00188,transfer,88095,PERSON_00181,transfer
TXN_006489,2023-11-07,ACCT_00189,PERSON_00189,upi,197756,PERSON_00218,upi
TXN_006490,2025-08-23,ACCT_00190,PERSON_00190,upi,2271,PERSON_00255,upi
TXN_006491,2023-05-18,ACCT_00191,PERSON_00191,upi,101233,PERSON_00292,upi
TXN_006492,2023-07-03,ACCT_00192,PERSON_00192,supplier,75827,PERSON_00329,supplier
TXN_006493,2023-04-12,ACCT_00193,PERSON_00193,salary,39039,PERSON_00366,salary
TXN_006494,2023-10-14,ACCT_00194,PERSON_00194,customer,3587,PERSON_00403,customer
TXN_006495,2025-08-09,ACCT_00195,PERSON_00195,grocery,2753,PERSON_00440,grocery
TXN_006496,2021-12-30,ACCT_00196,PERSON_00196,salary,30733,PERSON_00027,salary
TXN_006497,2024-04-05,ACCT_00197,PERSON_00197,salary,52634,PERSON_00064,salary
TXN_006498,2025-12-15,ACCT_00198,PERSON_00198,supplier,81001,PERSON_00101,supplier
TXN_006499,2025-09-10,ACCT_00199,PERSON_00199,transfer,13653,PERSON_00138,transfer
TXN_006500,2022-02-15,ACCT_00200,PERSON_00200,rent,17774,PERSON_00175,rent
TXN_006501,2026-05-18,ACCT_00201,PERSON_00201,salary,62966,PERSON_00212,salary
TXN_006502,2025-03-11,ACCT_00202,PERSON_00202,salary,28509,PERSON_00249,salary
TXN_006503,2026-06-24,ACCT_00203,PERSON_00203,transfer,25827,PERSON_00286,transfer
TXN_006504,2022-11-05,ACCT_00204,PERSON_00204,customer,58503,PERSON_00323,customer
TXN_006505,2024-09-30,ACCT_00205,PERSON_00205,transfer,200018,PERSON_00360,transfer
TXN_006506,2024-05-15,ACCT_00206,PERSON_00206,rent,14536,PERSON_00397,rent
TXN_006507,2022-02-09,ACCT_00207,PERSON_00207,customer,101384,PERSON_00434,customer
TXN_006508,2022-01-31,ACCT_00208,PERSON_00208,salary,53053,PERSON_00021,salary
TXN_006509,2022-11-26,ACCT_00209,PERSON_00209,customer,45289,PERSON_00058,customer
TXN_006510,2025-08-03,ACCT_00210,PERSON_00210,supplier,63274,PERSON_00095,supplier
TXN_006511,2024-05-25,ACCT_00211,PERSON_00211,rent,16502,PERSON_00132,rent
TXN_006512,2023-08-16,ACCT_00212,PERSON_00212,utility,1752,PERSON_00169,utility
TXN_006513,2025-05-27,ACCT_00213,PERSON_00213,supplier,4276,PERSON_00206,supplier
TXN_006514,2024-04-11,ACCT_00214,PERSON_00214,emi,25557,PERSON_00243,emi
TXN_006515,2023-02-11,ACCT_00215,PERSON_00215,upi,2196,PERSON_00280,upi
TXN_006516,2023-06-05,ACCT_00216,PERSON_00216,grocery,1668,PERSON_00317,grocery
TXN_006517,2024-03-02,ACCT_00217,PERSON_00217,grocery,4499,PERSON_00354,grocery
TXN_006518,2026-04-10,ACCT_00218,PERSON_00218,upi,3917,PERSON_00391,upi
TXN_006519,2023-11-08,ACCT_00219,PERSON_00219,supplier,72090,PERSON_00428,supplier
TXN_006520,2023-02-14,ACCT_00220,PERSON_00220,supplier,52384,PERSON_00015,supplier
TXN_006521,2023-06-26,ACCT_00221,PERSON_00221,upi,151194,PERSON_00052,upi
TXN_006522,2023-05-19,ACCT_00222,PERSON_00222,transfer,75641,PERSON_00089,transfer
TXN_006523,2024-07-01,ACCT_00223,PERSON_00223,fuel,4789,PERSON_00126,fuel
TXN_006524,2024-09-11,ACCT_00224,PERSON_00224,supplier,63834,PERSON_00163,supplier
TXN_006525,2024-12-26,ACCT_00225,PERSON_00225,upi,5306,PERSON_00200,upi
TXN_006526,2021-11-23,ACCT_00226,PERSON_00226,utility,5369,PERSON_00237,utility
TXN_006527,2025-06-17,ACCT_00227,PERSON_00227,upi,8682,PERSON_00274,upi
TXN_006528,2025-09-29,ACCT_00228,PERSON_00228,cash_deposit,102815,PERSON_00311,cash deposit
TXN_006529,2022-10-17,ACCT_00229,PERSON_00229,utility,2561,PERSON_00348,utility
TXN_006530,2024-06-07,ACCT_00230,PERSON_00230,customer,106601,PERSON_00385,customer
TXN_006531,2022-02-24,ACCT_00231,PERSON_00231,grocery,1213,PERSON_00422,grocery
TXN_006532,2021-06-24,ACCT_00232,PERSON_00232,upi,1025,PERSON_00009,upi
TXN_006533,2021-11-11,ACCT_00233,PERSON_00233,salary,43586,PERSON_00046,salary
TXN_006534,2025-10-05,ACCT_00234,PERSON_00234,cash_deposit,31934,PERSON_00083,cash deposit
TXN_006535,2022-12-14,ACCT_00235,PERSON_00235,rent,15614,PERSON_00120,rent
TXN_006536,2025-10-07,ACCT_00236,PERSON_00236,transfer,13400,PERSON_00157,transfer
TXN_006537,2023-09-28,ACCT_00237,PERSON_00237,grocery,3543,PERSON_00194,grocery
TXN_006538,2025-05-29,ACCT_00238,PERSON_00238,grocery,1059,PERSON_00231,grocery
TXN_006539,2023-03-13,ACCT_00239,PERSON_00239,upi,10079,PERSON_00268,upi
TXN_006540,2023-05-13,ACCT_00240,PERSON_00240,transfer,230733,PERSON_00305,transfer
TXN_006541,2025-05-10,ACCT_00241,PERSON_00241,customer,97379,PERSON_00342,customer
TXN_006542,2022-04-14,ACCT_00242,PERSON_00242,utility,6047,PERSON_00379,utility
TXN_006543,2025-06-01,ACCT_00243,PERSON_00243,upi,1761,PERSON_00416,upi
TXN_006544,2024-07-15,ACCT_00244,PERSON_00244,fuel,5263,PERSON_00003,fuel
TXN_006545,2021-12-16,ACCT_00245,PERSON_00245,emi,8897,PERSON_00040,emi
TXN_006546,2025-06-17,ACCT_00246,PERSON_00246,upi,7349,PERSON_00077,upi
TXN_006547,2022-04-07,ACCT_00247,PERSON_00247,customer,30164,PERSON_00114,customer
TXN_006548,2023-04-12,ACCT_00248,PERSON_00248,upi,8150,PERSON_00151,upi
TXN_006549,2022-11-08,ACCT_00249,PERSON_00249,transfer,85174,PERSON_00188,transfer
TXN_006550,2023-04-15,ACCT_00250,PERSON_00250,supplier,39430,PERSON_00225,supplier
TXN_006551,2021-05-08,ACCT_00251,PERSON_00251,utility,702,PERSON_00262,utility
TXN_006552,2022-01-10,ACCT_00252,PERSON_00252,fuel,1631,PERSON_00299,fuel
TXN_006553,2021-10-26,ACCT_00253,PERSON_00253,salary,32390,PERSON_00336,salary
TXN_006554,2023-04-21,ACCT_00254,PERSON_00254,upi,11304,PERSON_00373,upi
TXN_006555,2021-04-16,ACCT_00255,PERSON_00255,utility,2181,PERSON_00410,utility
TXN_006556,2024-02-20,ACCT_00256,PERSON_00256,transfer,92301,PERSON_00447,transfer
TXN_006557,2023-12-03,ACCT_00257,PERSON_00257,fuel,3671,PERSON_00034,fuel
TXN_006558,2021-11-27,ACCT_00258,PERSON_00258,fuel,3308,PERSON_00071,fuel
TXN_006559,2023-09-01,ACCT_00259,PERSON_00259,fuel,3176,PERSON_00108,fuel
TXN_006560,2025-04-18,ACCT_00260,PERSON_00260,upi,3965,PERSON_00145,upi
TXN_006561,2021-02-14,ACCT_00261,PERSON_00261,salary,33434,PERSON_00182,salary
TXN_006562,2024-08-26,ACCT_00262,PERSON_00262,emi,6644,PERSON_00219,emi
TXN_006563,2023-03-20,ACCT_00263,PERSON_00263,supplier,75045,PERSON_00256,supplier
TXN_006564,2023-09-18,ACCT_00264,PERSON_00264,rent,13161,PERSON_00293,rent
TXN_006565,2026-03-11,ACCT_00265,PERSON_00265,grocery,773,PERSON_00330,grocery
TXN_006566,2022-05-21,ACCT_00266,PERSON_00266,transfer,86628,PERSON_00367,transfer
TXN_006567,2023-04-28,ACCT_00267,PERSON_00267,grocery,4211,PERSON_00404,grocery
TXN_006568,2022-02-18,ACCT_00268,PERSON_00268,salary,74416,PERSON_00441,salary
TXN_006569,2023-09-01,ACCT_00269,PERSON_00269,upi,247721,PERSON_00028,upi
TXN_006570,2021-08-10,ACCT_00270,PERSON_00270,utility,6221,PERSON_00065,utility
TXN_006571,2024-06-05,ACCT_00271,PERSON_00271,salary,35322,PERSON_00102,salary
TXN_006572,2026-03-17,ACCT_00272,PERSON_00272,transfer,26542,PERSON_00139,transfer
TXN_006573,2023-03-30,ACCT_00273,PERSON_00273,customer,90427,PERSON_00176,customer
TXN_006574,2021-05-15,ACCT_00274,PERSON_00274,fuel,3569,PERSON_00213,fuel
TXN_006575,2024-04-03,ACCT_00275,PERSON_00275,salary,40652,PERSON_00250,salary
TXN_006576,2025-09-02,ACCT_00276,PERSON_00276,transfer,59962,PERSON_00287,transfer
TXN_006577,2026-06-25,ACCT_00277,PERSON_00277,supplier,68699,PERSON_00324,supplier
TXN_006578,2024-08-19,ACCT_00278,PERSON_00278,upi,11085,PERSON_00361,upi
TXN_006579,2025-02-04,ACCT_00279,PERSON_00279,utility,1569,PERSON_00398,utility
TXN_006580,2024-05-21,ACCT_00280,PERSON_00280,upi,1903,PERSON_00435,upi
TXN_006581,2026-02-24,ACCT_00281,PERSON_00281,upi,8186,PERSON_00022,upi
TXN_006582,2024-09-11,ACCT_00282,PERSON_00282,utility,2357,PERSON_00059,utility
TXN_006583,2024-03-20,ACCT_00283,PERSON_00283,fuel,4423,PERSON_00096,fuel
TXN_006584,2024-09-07,ACCT_00284,PERSON_00284,cash_deposit,152629,PERSON_00133,cash deposit
TXN_006585,2022-07-14,ACCT_00285,PERSON_00285,cash_deposit,122877,PERSON_00170,cash deposit
TXN_006586,2022-03-31,ACCT_00286,PERSON_00286,customer,27253,PERSON_00207,customer
TXN_006587,2026-01-26,ACCT_00287,PERSON_00287,rent,8137,PERSON_00244,rent
TXN_006588,2021-11-06,ACCT_00288,PERSON_00288,customer,90621,PERSON_00281,customer
TXN_006589,2024-05-20,ACCT_00289,PERSON_00289,utility,2422,PERSON_00318,utility
TXN_006590,2026-04-19,ACCT_00290,PERSON_00290,emi,32043,PERSON_00355,emi
TXN_006591,2023-02-19,ACCT_00291,PERSON_00291,utility,3665,PERSON_00392,utility
TXN_006592,2024-11-20,ACCT_00292,PERSON_00292,grocery,1033,PERSON_00429,grocery
TXN_006593,2024-02-09,ACCT_00293,PERSON_00293,upi,893,PERSON_00016,upi
TXN_006594,2024-01-25,ACCT_00294,PERSON_00294,upi,10006,PERSON_00053,upi
TXN_006595,2025-08-12,ACCT_00295,PERSON_00295,emi,24171,PERSON_00090,emi
TXN_006596,2023-12-18,ACCT_00296,PERSON_00296,emi,6482,PERSON_00127,emi
TXN_006597,2022-12-16,ACCT_00297,PERSON_00297,customer,112611,PERSON_00164,customer
TXN_006598,2023-03-31,ACCT_00298,PERSON_00298,salary,21958,PERSON_00201,salary
TXN_006599,2021-05-18,ACCT_00299,PERSON_00299,transfer,29358,PERSON_00238,transfer
TXN_006600,2025-07-30,ACCT_00300,PERSON_00300,upi,214457,PERSON_00275,upi
TXN_006601,2024-06-12,ACCT_00301,PERSON_00301,cash_deposit,239960,PERSON_00312,cash deposit
TXN_006602,2026-03-19,ACCT_00302,PERSON_00302,grocery,4168,PERSON_00349,grocery
TXN_006603,2026-06-25,ACCT_00303,PERSON_00303,upi,11078,PERSON_00386,upi
TXN_006604,2026-03-19,ACCT_00304,PERSON_00304,cash_deposit,116846,PERSON_00423,cash deposit
TXN_006605,2025-03-02,ACCT_00305,PERSON_00305,grocery,3234,PERSON_00010,grocery
TXN_006606,2026-06-23,ACCT_00306,PERSON_00306,transfer,12926,PERSON_00047,transfer
TXN_006607,2024-10-11,ACCT_00307,PERSON_00307,grocery,3163,PERSON_00084,grocery
TXN_006608,2023-12-25,ACCT_00308,PERSON_00308,grocery,5066,PERSON_00121,grocery
TXN_006609,2021-10-02,ACCT_00309,PERSON_00309,fuel,4155,PERSON_00158,fuel
TXN_006610,2025-06-25,ACCT_00310,PERSON_00310,grocery,1675,PERSON_00195,grocery
TXN_006611,2021-08-04,ACCT_00311,PERSON_00311,emi,12779,PERSON_00232,emi
TXN_006612,2023-11-11,ACCT_00312,PERSON_00312,salary,50065,PERSON_00269,salary
TXN_006613,2023-06-28,ACCT_00313,PERSON_00313,upi,11191,PERSON_00306,upi
TXN_006614,2024-07-05,ACCT_00314,PERSON_00314,salary,41891,PERSON_00343,salary
TXN_006615,2023-11-03,ACCT_00315,PERSON_00315,customer,8933,PERSON_00380,customer
TXN_006616,2024-07-06,ACCT_00316,PERSON_00316,fuel,1040,PERSON_00417,fuel
TXN_006617,2021-07-13,ACCT_00317,PERSON_00317,grocery,4468,PERSON_00004,grocery
TXN_006618,2024-10-27,ACCT_00318,PERSON_00318,upi,74300,PERSON_00041,upi
TXN_006619,2022-01-03,ACCT_00319,PERSON_00319,upi,3407,PERSON_00078,upi
TXN_006620,2022-10-09,ACCT_00320,PERSON_00320,upi,3545,PERSON_00115,upi
TXN_006621,2022-02-18,ACCT_00321,PERSON_00321,emi,27078,PERSON_00152,emi
TXN_006622,2023-12-27,ACCT_00322,PERSON_00322,grocery,6447,PERSON_00189,grocery
TXN_006623,2021-03-03,ACCT_00323,PERSON_00323,salary,24851,PERSON_00226,salary
TXN_006624,2023-09-16,ACCT_00324,PERSON_00324,grocery,859,PERSON_00263,grocery
TXN_006625,2023-06-07,ACCT_00325,PERSON_00325,rent,11799,PERSON_00300,rent
TXN_006626,2025-05-27,ACCT_00326,PERSON_00326,customer,28146,PERSON_00337,customer
TXN_006627,2023-06-21,ACCT_00327,PERSON_00327,fuel,3661,PERSON_00374,fuel
TXN_006628,2024-12-11,ACCT_00328,PERSON_00328,rent,13197,PERSON_00411,rent
TXN_006629,2021-01-14,ACCT_00329,PERSON_00329,supplier,33487,PERSON_00448,supplier
TXN_006630,2025-06-03,ACCT_00330,PERSON_00330,emi,3062,PERSON_00035,emi
TXN_006631,2022-03-02,ACCT_00331,PERSON_00331,fuel,967,PERSON_00072,fuel
TXN_006632,2023-02-24,ACCT_00332,PERSON_00332,grocery,2626,PERSON_00109,grocery
TXN_006633,2021-07-06,ACCT_00333,PERSON_00333,upi,4870,PERSON_00146,upi
TXN_006634,2026-01-06,ACCT_00334,PERSON_00334,utility,6469,PERSON_00183,utility
TXN_006635,2026-02-07,ACCT_00335,PERSON_00335,upi,6020,PERSON_00220,upi
TXN_006636,2022-11-03,ACCT_00336,PERSON_00336,rent,7238,PERSON_00257,rent
TXN_006637,2023-04-14,ACCT_00337,PERSON_00337,upi,2564,PERSON_00294,upi
TXN_006638,2025-07-03,ACCT_00338,PERSON_00338,upi,214865,PERSON_00331,upi
TXN_006639,2023-04-18,ACCT_00339,PERSON_00339,supplier,12165,PERSON_00368,supplier
TXN_006640,2021-11-09,ACCT_00340,PERSON_00340,emi,15220,PERSON_00405,emi
TXN_006641,2023-12-09,ACCT_00341,PERSON_00341,upi,3177,PERSON_00442,upi
TXN_006642,2024-06-13,ACCT_00342,PERSON_00342,customer,69067,PERSON_00029,customer
TXN_006643,2023-05-05,ACCT_00343,PERSON_00343,customer,82805,PERSON_00066,customer
TXN_006644,2021-02-05,ACCT_00344,PERSON_00344,utility,1771,PERSON_00103,utility
TXN_006645,2025-01-09,ACCT_00345,PERSON_00345,utility,5287,PERSON_00140,utility
TXN_006646,2021-07-28,ACCT_00346,PERSON_00346,grocery,5808,PERSON_00177,grocery
TXN_006647,2025-04-27,ACCT_00347,PERSON_00347,emi,15468,PERSON_00214,emi
TXN_006648,2022-06-27,ACCT_00348,PERSON_00348,transfer,87478,PERSON_00251,transfer
TXN_006649,2022-07-12,ACCT_00349,PERSON_00349,salary,23583,PERSON_00288,salary
TXN_006650,2023-03-16,ACCT_00350,PERSON_00350,utility,3594,PERSON_00325,utility
TXN_006651,2021-03-07,ACCT_00351,PERSON_00351,grocery,2145,PERSON_00362,grocery
TXN_006652,2023-06-23,ACCT_00352,PERSON_00352,grocery,1674,PERSON_00399,grocery
TXN_006653,2025-01-13,ACCT_00353,PERSON_00353,fuel,4737,PERSON_00436,fuel
TXN_006654,2024-01-30,ACCT_00354,PERSON_00354,supplier,30747,PERSON_00023,supplier
TXN_006655,2024-12-06,ACCT_00355,PERSON_00355,grocery,3756,PERSON_00060,grocery
TXN_006656,2022-05-26,ACCT_00356,PERSON_00356,utility,3957,PERSON_00097,utility
TXN_006657,2023-11-04,ACCT_00357,PERSON_00357,emi,4477,PERSON_00134,emi
TXN_006658,2023-06-24,ACCT_00358,PERSON_00358,upi,116051,PERSON_00171,upi
TXN_006659,2023-08-18,ACCT_00359,PERSON_00359,upi,104658,PERSON_00208,upi
TXN_006660,2022-11-11,ACCT_00360,PERSON_00360,grocery,754,PERSON_00245,grocery
TXN_006661,2024-07-11,ACCT_00361,PERSON_00361,upi,3846,PERSON_00282,upi
TXN_006662,2022-12-24,ACCT_00362,PERSON_00362,upi,4953,PERSON_00319,upi
TXN_006663,2023-05-13,ACCT_00363,PERSON_00363,customer,25684,PERSON_00356,customer
TXN_006664,2021-10-20,ACCT_00364,PERSON_00364,fuel,2991,PERSON_00393,fuel
TXN_006665,2025-09-21,ACCT_00365,PERSON_00365,upi,258,PERSON_00430,upi
TXN_006666,2023-10-28,ACCT_00366,PERSON_00366,upi,175269,PERSON_00017,upi
TXN_006667,2024-02-02,ACCT_00367,PERSON_00367,salary,38271,PERSON_00054,salary
TXN_006668,2024-03-11,ACCT_00368,PERSON_00368,upi,1752,PERSON_00091,upi
TXN_006669,2022-02-28,ACCT_00369,PERSON_00369,transfer,51683,PERSON_00128,transfer
TXN_006670,2025-08-05,ACCT_00370,PERSON_00370,customer,52830,PERSON_00165,customer
TXN_006671,2023-07-24,ACCT_00371,PERSON_00371,upi,113891,PERSON_00202,upi
TXN_006672,2022-03-28,ACCT_00372,PERSON_00372,grocery,4485,PERSON_00239,grocery
TXN_006673,2024-05-31,ACCT_00373,PERSON_00373,grocery,5232,PERSON_00276,grocery
TXN_006674,2024-05-12,ACCT_00374,PERSON_00374,fuel,1518,PERSON_00313,fuel
TXN_006675,2025-08-11,ACCT_00375,PERSON_00375,customer,35514,PERSON_00350,customer
TXN_006676,2024-06-19,ACCT_00376,PERSON_00376,salary,52174,PERSON_00387,salary
TXN_006677,2022-12-10,ACCT_00377,PERSON_00377,customer,31266,PERSON_00424,customer
TXN_006678,2025-04-13,ACCT_00378,PERSON_00378,grocery,4319,PERSON_00011,grocery
TXN_006679,2024-03-18,ACCT_00379,PERSON_00379,grocery,3831,PERSON_00048,grocery
TXN_006680,2023-06-02,ACCT_00380,PERSON_00380,upi,217489,PERSON_00085,upi
TXN_006681,2022-06-22,ACCT_00381,PERSON_00381,salary,46233,PERSON_00122,salary
TXN_006682,2024-09-18,ACCT_00382,PERSON_00382,cash_deposit,18050,PERSON_00159,cash deposit
TXN_006683,2024-02-10,ACCT_00383,PERSON_00383,transfer,28595,PERSON_00196,transfer
TXN_006684,2025-06-22,ACCT_00384,PERSON_00384,cash_deposit,214314,PERSON_00233,cash deposit
TXN_006685,2025-04-13,ACCT_00385,PERSON_00385,rent,6683,PERSON_00270,rent
TXN_006686,2021-01-31,ACCT_00386,PERSON_00386,transfer,18565,PERSON_00307,transfer
TXN_006687,2021-07-11,ACCT_00387,PERSON_00387,supplier,66502,PERSON_00344,supplier
TXN_006688,2022-05-28,ACCT_00388,PERSON_00388,utility,2474,PERSON_00381,utility
TXN_006689,2022-12-17,ACCT_00389,PERSON_00389,upi,135760,PERSON_00418,upi
TXN_006690,2021-07-04,ACCT_00390,PERSON_00390,grocery,3224,PERSON_00005,grocery
TXN_006691,2022-05-13,ACCT_00391,PERSON_00391,transfer,66839,PERSON_00042,transfer
TXN_006692,2024-06-22,ACCT_00392,PERSON_00392,grocery,3844,PERSON_00079,grocery
TXN_006693,2024-09-07,ACCT_00393,PERSON_00393,grocery,2903,PERSON_00116,grocery
TXN_006694,2025-12-23,ACCT_00394,PERSON_00394,rent,12562,PERSON_00153,rent
TXN_006695,2023-02-21,ACCT_00395,PERSON_00395,utility,4257,PERSON_00190,utility
TXN_006696,2022-01-21,ACCT_00396,PERSON_00396,salary,67793,PERSON_00227,salary
TXN_006697,2021-10-20,ACCT_00397,PERSON_00397,transfer,43150,PERSON_00264,transfer
TXN_006698,2021-06-30,ACCT_00398,PERSON_00398,utility,1935,PERSON_00301,utility
TXN_006699,2023-04-02,ACCT_00399,PERSON_00399,customer,12956,PERSON_00338,customer
TXN_006700,2021-06-29,ACCT_00400,PERSON_00400,fuel,4249,PERSON_00375,fuel
TXN_006701,2021-02-05,ACCT_00401,PERSON_00401,utility,5772,PERSON_00412,utility
TXN_006702,2024-10-15,ACCT_00402,PERSON_00402,utility,5493,PERSON_00449,utility
TXN_006703,2024-12-01,ACCT_00403,PERSON_00403,customer,38950,PERSON_00036,customer
TXN_006704,2022-06-25,ACCT_00404,PERSON_00404,grocery,4002,PERSON_00073,grocery
TXN_006705,2021-06-23,ACCT_00405,PERSON_00405,salary,47540,PERSON_00110,salary
TXN_006706,2022-08-03,ACCT_00406,PERSON_00406,grocery,5163,PERSON_00147,grocery
TXN_006707,2025-04-10,ACCT_00407,PERSON_00407,customer,105358,PERSON_00184,customer
TXN_006708,2022-09-20,ACCT_00408,PERSON_00408,fuel,5164,PERSON_00221,fuel
TXN_006709,2021-05-27,ACCT_00409,PERSON_00409,grocery,5467,PERSON_00258,grocery
TXN_006710,2023-01-16,ACCT_00410,PERSON_00410,upi,91195,PERSON_00295,upi
TXN_006711,2025-09-04,ACCT_00411,PERSON_00411,grocery,5951,PERSON_00332,grocery
TXN_006712,2024-11-24,ACCT_00412,PERSON_00412,cash_deposit,113304,PERSON_00369,cash deposit
TXN_006713,2023-10-18,ACCT_00413,PERSON_00413,grocery,774,PERSON_00406,grocery
TXN_006714,2024-11-25,ACCT_00414,PERSON_00414,fuel,2394,PERSON_00443,fuel
TXN_006715,2025-02-26,ACCT_00415,PERSON_00415,rent,15618,PERSON_00030,rent
TXN_006716,2025-12-27,ACCT_00416,PERSON_00416,supplier,8069,PERSON_00067,supplier
TXN_006717,2025-10-03,ACCT_00417,PERSON_00417,salary,38437,PERSON_00104,salary
TXN_006718,2023-07-03,ACCT_00418,PERSON_00418,salary,66006,PERSON_00141,salary
TXN_006719,2025-03-23,ACCT_00419,PERSON_00419,transfer,30100,PERSON_00178,transfer
TXN_006720,2022-06-10,ACCT_00420,PERSON_00420,grocery,4065,PERSON_00215,grocery
TXN_006721,2021-08-02,ACCT_00421,PERSON_00421,emi,30290,PERSON_00252,emi
TXN_006722,2024-09-03,ACCT_00422,PERSON_00422,grocery,5494,PERSON_00289,grocery
TXN_006723,2023-07-16,ACCT_00423,PERSON_00423,grocery,6319,PERSON_00326,grocery
TXN_006724,2025-11-18,ACCT_00424,PERSON_00424,grocery,3441,PERSON_00363,grocery
TXN_006725,2026-03-03,ACCT_00425,PERSON_00425,upi,8432,PERSON_00400,upi
TXN_006726,2021-01-31,ACCT_00426,PERSON_00426,salary,27020,PERSON_00437,salary
TXN_006727,2021-07-01,ACCT_00427,PERSON_00427,upi,4780,PERSON_00024,upi
TXN_006728,2022-03-29,ACCT_00428,PERSON_00428,upi,10651,PERSON_00061,upi
TXN_006729,2025-06-19,ACCT_00429,PERSON_00429,salary,34737,PERSON_00098,salary
TXN_006730,2022-08-12,ACCT_00430,PERSON_00430,salary,48545,PERSON_00135,salary
TXN_006731,2024-08-11,ACCT_00431,PERSON_00431,transfer,88857,PERSON_00172,transfer
TXN_006732,2024-02-07,ACCT_00432,PERSON_00432,salary,60521,PERSON_00209,salary
TXN_006733,2021-10-29,ACCT_00433,PERSON_00433,supplier,81298,PERSON_00246,supplier
TXN_006734,2022-11-28,ACCT_00434,PERSON_00434,transfer,126550,PERSON_00283,transfer
TXN_006735,2022-01-19,ACCT_00435,PERSON_00435,salary,29800,PERSON_00320,salary
TXN_006736,2022-02-28,ACCT_00436,PERSON_00436,emi,29471,PERSON_00357,emi
TXN_006737,2025-03-03,ACCT_00437,PERSON_00437,transfer,89280,PERSON_00394,transfer
TXN_006738,2021-11-05,ACCT_00438,PERSON_00438,emi,32458,PERSON_00431,emi
TXN_006739,2021-04-29,ACCT_00439,PERSON_00439,supplier,21240,PERSON_00018,supplier
TXN_006740,2022-11-20,ACCT_00440,PERSON_00440,fuel,2327,PERSON_00055,fuel
TXN_006741,2023-11-05,ACCT_00441,PERSON_00441,supplier,67904,PERSON_00092,supplier
TXN_006742,2023-03-09,ACCT_00442,PERSON_00442,rent,11762,PERSON_00129,rent
TXN_006743,2022-12-09,ACCT_00443,PERSON_00443,grocery,2486,PERSON_00166,grocery
TXN_006744,2022-07-10,ACCT_00444,PERSON_00444,transfer,48323,PERSON_00203,transfer
TXN_006745,2021-05-27,ACCT_00445,PERSON_00445,salary,72322,PERSON_00240,salary
TXN_006746,2022-03-04,ACCT_00446,PERSON_00446,fuel,4828,PERSON_00277,fuel
TXN_006747,2021-04-05,ACCT_00447,PERSON_00447,salary,73740,PERSON_00314,salary
TXN_006748,2024-08-23,ACCT_00448,PERSON_00448,cash_deposit,89062,PERSON_00351,cash deposit
TXN_006749,2023-10-29,ACCT_00449,PERSON_00449,fuel,2107,PERSON_00388,fuel
TXN_006750,2024-12-04,ACCT_00450,PERSON_00450,customer,90732,PERSON_00425,customer
TXN_006751,2021-01-09,ACCT_00001,PERSON_00001,upi,10896,PERSON_00012,upi
TXN_006752,2025-08-18,ACCT_00002,PERSON_00002,salary,59558,PERSON_00049,salary
TXN_006753,2024-09-06,ACCT_00003,PERSON_00003,utility,4812,PERSON_00086,utility
TXN_006754,2024-09-14,ACCT_00004,PERSON_00004,rent,21955,PERSON_00123,rent
TXN_006755,2025-05-30,ACCT_00005,PERSON_00005,upi,3566,PERSON_00160,upi
TXN_006756,2024-07-15,ACCT_00006,PERSON_00006,utility,2546,PERSON_00197,utility
TXN_006757,2025-12-09,ACCT_00007,PERSON_00007,transfer,92889,PERSON_00234,transfer
TXN_006758,2023-04-04,ACCT_00008,PERSON_00008,salary,30307,PERSON_00271,salary
TXN_006759,2025-03-12,ACCT_00009,PERSON_00009,salary,44108,PERSON_00308,salary
TXN_006760,2026-02-27,ACCT_00010,PERSON_00010,supplier,32669,PERSON_00345,supplier
TXN_006761,2024-05-27,ACCT_00011,PERSON_00011,salary,64287,PERSON_00382,salary
TXN_006762,2026-03-07,ACCT_00012,PERSON_00012,upi,219697,PERSON_00419,upi
TXN_006763,2023-06-16,ACCT_00013,PERSON_00013,grocery,4279,PERSON_00006,grocery
TXN_006764,2024-05-23,ACCT_00014,PERSON_00014,fuel,2829,PERSON_00043,fuel
TXN_006765,2024-12-06,ACCT_00015,PERSON_00015,emi,12588,PERSON_00080,emi
TXN_006766,2025-06-30,ACCT_00016,PERSON_00016,fuel,1679,PERSON_00117,fuel
TXN_006767,2025-02-23,ACCT_00017,PERSON_00017,upi,35683,PERSON_00154,upi
TXN_006768,2021-08-19,ACCT_00018,PERSON_00018,upi,206446,PERSON_00191,upi
TXN_006769,2026-03-20,ACCT_00019,PERSON_00019,grocery,5686,PERSON_00228,grocery
TXN_006770,2021-11-26,ACCT_00020,PERSON_00020,upi,70858,PERSON_00265,upi
TXN_006771,2023-01-24,ACCT_00021,PERSON_00021,grocery,1352,PERSON_00302,grocery
TXN_006772,2021-11-25,ACCT_00022,PERSON_00022,supplier,80795,PERSON_00339,supplier
TXN_006773,2025-09-18,ACCT_00023,PERSON_00023,utility,3890,PERSON_00376,utility
TXN_006774,2023-03-01,ACCT_00024,PERSON_00024,grocery,685,PERSON_00413,grocery
TXN_006775,2025-08-03,ACCT_00025,PERSON_00025,supplier,54617,PERSON_00450,supplier
TXN_006776,2023-10-18,ACCT_00026,PERSON_00026,upi,8282,PERSON_00037,upi
TXN_006777,2023-06-01,ACCT_00027,PERSON_00027,rent,8342,PERSON_00074,rent
TXN_006778,2022-08-30,ACCT_00028,PERSON_00028,utility,5295,PERSON_00111,utility
TXN_006779,2022-06-07,ACCT_00029,PERSON_00029,grocery,4186,PERSON_00148,grocery
TXN_006780,2023-04-13,ACCT_00030,PERSON_00030,grocery,3995,PERSON_00185,grocery
TXN_006781,2022-06-02,ACCT_00031,PERSON_00031,salary,42624,PERSON_00222,salary
TXN_006782,2021-11-25,ACCT_00032,PERSON_00032,grocery,6314,PERSON_00259,grocery
TXN_006783,2026-03-27,ACCT_00033,PERSON_00033,upi,208194,PERSON_00296,upi
TXN_006784,2023-03-12,ACCT_00034,PERSON_00034,emi,18044,PERSON_00333,emi
TXN_006785,2026-05-11,ACCT_00035,PERSON_00035,cash_deposit,142794,PERSON_00370,cash deposit
TXN_006786,2024-11-19,ACCT_00036,PERSON_00036,utility,1011,PERSON_00407,utility
TXN_006787,2023-02-23,ACCT_00037,PERSON_00037,upi,4363,PERSON_00444,upi
TXN_006788,2021-11-11,ACCT_00038,PERSON_00038,rent,19553,PERSON_00031,rent
TXN_006789,2023-10-15,ACCT_00039,PERSON_00039,upi,6621,PERSON_00068,upi
TXN_006790,2023-11-21,ACCT_00040,PERSON_00040,emi,9881,PERSON_00105,emi
TXN_006791,2026-02-02,ACCT_00041,PERSON_00041,supplier,49158,PERSON_00142,supplier
TXN_006792,2021-05-27,ACCT_00042,PERSON_00042,utility,5753,PERSON_00179,utility
TXN_006793,2024-02-06,ACCT_00043,PERSON_00043,upi,2874,PERSON_00216,upi
TXN_006794,2022-03-29,ACCT_00044,PERSON_00044,fuel,922,PERSON_00253,fuel
TXN_006795,2022-08-28,ACCT_00045,PERSON_00045,rent,14100,PERSON_00290,rent
TXN_006796,2023-10-11,ACCT_00046,PERSON_00046,salary,69339,PERSON_00327,salary
TXN_006797,2024-02-23,ACCT_00047,PERSON_00047,emi,10808,PERSON_00364,emi
TXN_006798,2025-05-03,ACCT_00048,PERSON_00048,grocery,732,PERSON_00401,grocery
TXN_006799,2022-07-24,ACCT_00049,PERSON_00049,upi,7549,PERSON_00438,upi
TXN_006800,2021-12-09,ACCT_00050,PERSON_00050,fuel,2264,PERSON_00025,fuel
TXN_006801,2023-07-29,ACCT_00051,PERSON_00051,rent,7548,PERSON_00062,rent
TXN_006802,2023-11-19,ACCT_00052,PERSON_00052,rent,9515,PERSON_00099,rent
TXN_006803,2021-10-18,ACCT_00053,PERSON_00053,transfer,247878,PERSON_00136,transfer
TXN_006804,2022-06-18,ACCT_00054,PERSON_00054,salary,69772,PERSON_00173,salary
TXN_006805,2023-06-18,ACCT_00055,PERSON_00055,rent,13331,PERSON_00210,rent
TXN_006806,2022-02-17,ACCT_00056,PERSON_00056,utility,6708,PERSON_00247,utility
TXN_006807,2023-12-17,ACCT_00057,PERSON_00057,grocery,2494,PERSON_00284,grocery
TXN_006808,2024-02-02,ACCT_00058,PERSON_00058,supplier,26277,PERSON_00321,supplier
TXN_006809,2021-02-07,ACCT_00059,PERSON_00059,upi,5454,PERSON_00358,upi
TXN_006810,2024-09-09,ACCT_00060,PERSON_00060,salary,30228,PERSON_00395,salary
TXN_006811,2024-12-08,ACCT_00061,PERSON_00061,supplier,25090,PERSON_00432,supplier
TXN_006812,2024-05-29,ACCT_00062,PERSON_00062,fuel,1793,PERSON_00019,fuel
TXN_006813,2021-11-26,ACCT_00063,PERSON_00063,salary,57371,PERSON_00056,salary
TXN_006814,2024-10-18,ACCT_00064,PERSON_00064,upi,1779,PERSON_00093,upi
TXN_006815,2023-08-01,ACCT_00065,PERSON_00065,grocery,4688,PERSON_00130,grocery
TXN_006816,2022-01-15,ACCT_00066,PERSON_00066,grocery,304,PERSON_00167,grocery
TXN_006817,2023-09-11,ACCT_00067,PERSON_00067,customer,53045,PERSON_00204,customer
TXN_006818,2025-08-01,ACCT_00068,PERSON_00068,salary,45149,PERSON_00241,salary
TXN_006819,2023-09-11,ACCT_00069,PERSON_00069,emi,18197,PERSON_00278,emi
TXN_006820,2024-11-08,ACCT_00070,PERSON_00070,salary,73680,PERSON_00315,salary
TXN_006821,2021-12-06,ACCT_00071,PERSON_00071,salary,33012,PERSON_00352,salary
TXN_006822,2024-11-17,ACCT_00072,PERSON_00072,salary,53451,PERSON_00389,salary
TXN_006823,2023-05-03,ACCT_00073,PERSON_00073,rent,20050,PERSON_00426,rent
TXN_006824,2024-10-31,ACCT_00074,PERSON_00074,cash_deposit,67662,PERSON_00013,cash deposit
TXN_006825,2025-05-09,ACCT_00075,PERSON_00075,supplier,26264,PERSON_00050,supplier
TXN_006826,2022-09-15,ACCT_00076,PERSON_00076,utility,6979,PERSON_00087,utility
TXN_006827,2025-01-14,ACCT_00077,PERSON_00077,utility,2797,PERSON_00124,utility
TXN_006828,2025-08-28,ACCT_00078,PERSON_00078,customer,98730,PERSON_00161,customer
TXN_006829,2021-06-08,ACCT_00079,PERSON_00079,grocery,6067,PERSON_00198,grocery
TXN_006830,2021-07-02,ACCT_00080,PERSON_00080,upi,9858,PERSON_00235,upi
TXN_006831,2022-09-09,ACCT_00081,PERSON_00081,upi,42638,PERSON_00272,upi
TXN_006832,2021-01-04,ACCT_00082,PERSON_00082,utility,5994,PERSON_00309,utility
TXN_006833,2023-03-29,ACCT_00083,PERSON_00083,upi,4216,PERSON_00346,upi
TXN_006834,2021-04-10,ACCT_00084,PERSON_00084,upi,149662,PERSON_00383,upi
TXN_006835,2025-09-16,ACCT_00085,PERSON_00085,transfer,47707,PERSON_00420,transfer
TXN_006836,2025-04-22,ACCT_00086,PERSON_00086,rent,6199,PERSON_00007,rent
TXN_006837,2022-11-19,ACCT_00087,PERSON_00087,utility,4360,PERSON_00044,utility
TXN_006838,2024-08-15,ACCT_00088,PERSON_00088,customer,44909,PERSON_00081,customer
TXN_006839,2023-07-23,ACCT_00089,PERSON_00089,emi,20096,PERSON_00118,emi
TXN_006840,2026-03-23,ACCT_00090,PERSON_00090,customer,52831,PERSON_00155,customer
TXN_006841,2023-11-16,ACCT_00091,PERSON_00091,rent,7338,PERSON_00192,rent
TXN_006842,2025-12-09,ACCT_00092,PERSON_00092,grocery,4204,PERSON_00229,grocery
TXN_006843,2024-06-18,ACCT_00093,PERSON_00093,utility,6492,PERSON_00266,utility
TXN_006844,2025-04-18,ACCT_00094,PERSON_00094,grocery,3827,PERSON_00303,grocery
TXN_006845,2024-05-20,ACCT_00095,PERSON_00095,utility,4332,PERSON_00340,utility
TXN_006846,2025-03-22,ACCT_00096,PERSON_00096,rent,10884,PERSON_00377,rent
TXN_006847,2024-06-10,ACCT_00097,PERSON_00097,rent,12163,PERSON_00414,rent
TXN_006848,2022-06-26,ACCT_00098,PERSON_00098,rent,11444,PERSON_00001,rent
TXN_006849,2023-04-08,ACCT_00099,PERSON_00099,grocery,5317,PERSON_00038,grocery
TXN_006850,2024-10-14,ACCT_00100,PERSON_00100,fuel,879,PERSON_00075,fuel
TXN_006851,2021-04-01,ACCT_00101,PERSON_00101,upi,228336,PERSON_00112,upi
TXN_006852,2021-10-07,ACCT_00102,PERSON_00102,fuel,5480,PERSON_00149,fuel
TXN_006853,2023-03-02,ACCT_00103,PERSON_00103,utility,3109,PERSON_00186,utility
TXN_006854,2025-07-23,ACCT_00104,PERSON_00104,grocery,2281,PERSON_00223,grocery
TXN_006855,2021-06-02,ACCT_00105,PERSON_00105,transfer,181903,PERSON_00260,transfer
TXN_006856,2026-06-27,ACCT_00106,PERSON_00106,fuel,5388,PERSON_00297,fuel
TXN_006857,2023-03-01,ACCT_00107,PERSON_00107,grocery,3797,PERSON_00334,grocery
TXN_006858,2023-12-05,ACCT_00108,PERSON_00108,rent,18549,PERSON_00371,rent
TXN_006859,2023-06-23,ACCT_00109,PERSON_00109,supplier,58481,PERSON_00408,supplier
TXN_006860,2023-07-01,ACCT_00110,PERSON_00110,rent,21696,PERSON_00445,rent
TXN_006861,2026-06-04,ACCT_00111,PERSON_00111,salary,36424,PERSON_00032,salary
TXN_006862,2026-04-11,ACCT_00112,PERSON_00112,upi,9551,PERSON_00069,upi
TXN_006863,2024-04-02,ACCT_00113,PERSON_00113,salary,54718,PERSON_00106,salary
TXN_006864,2025-09-06,ACCT_00114,PERSON_00114,fuel,3029,PERSON_00143,fuel
TXN_006865,2026-04-13,ACCT_00115,PERSON_00115,upi,6058,PERSON_00180,upi
TXN_006866,2025-06-07,ACCT_00116,PERSON_00116,rent,12600,PERSON_00217,rent
TXN_006867,2023-01-11,ACCT_00117,PERSON_00117,upi,247172,PERSON_00254,upi
TXN_006868,2023-05-30,ACCT_00118,PERSON_00118,upi,55414,PERSON_00291,upi
TXN_006869,2026-04-24,ACCT_00119,PERSON_00119,upi,11861,PERSON_00328,upi
TXN_006870,2023-03-26,ACCT_00120,PERSON_00120,emi,19633,PERSON_00365,emi
TXN_006871,2023-05-08,ACCT_00121,PERSON_00121,utility,2839,PERSON_00402,utility
TXN_006872,2022-12-11,ACCT_00122,PERSON_00122,transfer,232380,PERSON_00439,transfer
TXN_006873,2026-02-03,ACCT_00123,PERSON_00123,upi,197361,PERSON_00026,upi
TXN_006874,2021-10-22,ACCT_00124,PERSON_00124,grocery,1971,PERSON_00063,grocery
TXN_006875,2025-03-28,ACCT_00125,PERSON_00125,salary,51907,PERSON_00100,salary
TXN_006876,2022-10-17,ACCT_00126,PERSON_00126,customer,119585,PERSON_00137,customer
TXN_006877,2025-04-24,ACCT_00127,PERSON_00127,customer,27850,PERSON_00174,customer
TXN_006878,2023-07-06,ACCT_00128,PERSON_00128,rent,10074,PERSON_00211,rent
TXN_006879,2026-06-01,ACCT_00129,PERSON_00129,emi,4339,PERSON_00248,emi
TXN_006880,2021-04-10,ACCT_00130,PERSON_00130,supplier,7427,PERSON_00285,supplier
TXN_006881,2023-04-08,ACCT_00131,PERSON_00131,grocery,1613,PERSON_00322,grocery
TXN_006882,2021-06-19,ACCT_00132,PERSON_00132,rent,19266,PERSON_00359,rent
TXN_006883,2023-02-25,ACCT_00133,PERSON_00133,customer,28680,PERSON_00396,customer
TXN_006884,2024-04-20,ACCT_00134,PERSON_00134,salary,59149,PERSON_00433,salary
TXN_006885,2022-12-19,ACCT_00135,PERSON_00135,grocery,5438,PERSON_00020,grocery
TXN_006886,2022-06-11,ACCT_00136,PERSON_00136,salary,22504,PERSON_00057,salary
TXN_006887,2023-03-23,ACCT_00137,PERSON_00137,grocery,4736,PERSON_00094,grocery
TXN_006888,2022-02-03,ACCT_00138,PERSON_00138,fuel,2179,PERSON_00131,fuel
TXN_006889,2024-09-06,ACCT_00139,PERSON_00139,supplier,33324,PERSON_00168,supplier
TXN_006890,2021-05-21,ACCT_00140,PERSON_00140,fuel,4796,PERSON_00205,fuel
TXN_006891,2025-12-27,ACCT_00141,PERSON_00141,upi,218887,PERSON_00242,upi
TXN_006892,2025-11-05,ACCT_00142,PERSON_00142,transfer,37407,PERSON_00279,transfer
TXN_006893,2022-03-25,ACCT_00143,PERSON_00143,rent,16511,PERSON_00316,rent
TXN_006894,2025-08-05,ACCT_00144,PERSON_00144,grocery,2728,PERSON_00353,grocery
TXN_006895,2024-05-13,ACCT_00145,PERSON_00145,emi,8217,PERSON_00390,emi
TXN_006896,2023-05-17,ACCT_00146,PERSON_00146,customer,42728,PERSON_00427,customer
TXN_006897,2021-04-16,ACCT_00147,PERSON_00147,rent,13548,PERSON_00014,rent
TXN_006898,2022-04-25,ACCT_00148,PERSON_00148,salary,72974,PERSON_00051,salary
TXN_006899,2026-02-17,ACCT_00149,PERSON_00149,upi,294,PERSON_00088,upi
TXN_006900,2024-08-26,ACCT_00150,PERSON_00150,upi,609,PERSON_00125,upi
TXN_006901,2022-06-26,ACCT_00151,PERSON_00151,upi,11587,PERSON_00162,upi
TXN_006902,2024-11-12,ACCT_00152,PERSON_00152,rent,6562,PERSON_00199,rent
TXN_006903,2024-12-25,ACCT_00153,PERSON_00153,utility,2001,PERSON_00236,utility
TXN_006904,2026-02-19,ACCT_00154,PERSON_00154,salary,65027,PERSON_00273,salary
TXN_006905,2023-03-12,ACCT_00155,PERSON_00155,fuel,2618,PERSON_00310,fuel
TXN_006906,2021-05-24,ACCT_00156,PERSON_00156,supplier,64801,PERSON_00347,supplier
TXN_006907,2021-08-06,ACCT_00157,PERSON_00157,upi,353,PERSON_00384,upi
TXN_006908,2023-06-10,ACCT_00158,PERSON_00158,salary,72188,PERSON_00421,salary
TXN_006909,2026-01-24,ACCT_00159,PERSON_00159,utility,1831,PERSON_00008,utility
TXN_006910,2025-02-02,ACCT_00160,PERSON_00160,supplier,25068,PERSON_00045,supplier
TXN_006911,2025-12-24,ACCT_00161,PERSON_00161,upi,47592,PERSON_00082,upi
TXN_006912,2024-03-23,ACCT_00162,PERSON_00162,salary,41500,PERSON_00119,salary
TXN_006913,2026-05-10,ACCT_00163,PERSON_00163,utility,1822,PERSON_00156,utility
TXN_006914,2024-12-11,ACCT_00164,PERSON_00164,customer,117715,PERSON_00193,customer
TXN_006915,2024-05-28,ACCT_00165,PERSON_00165,cash_deposit,33859,PERSON_00230,cash deposit
TXN_006916,2025-09-05,ACCT_00166,PERSON_00166,salary,54340,PERSON_00267,salary
TXN_006917,2021-08-25,ACCT_00167,PERSON_00167,upi,111644,PERSON_00304,upi
TXN_006918,2024-12-24,ACCT_00168,PERSON_00168,supplier,79373,PERSON_00341,supplier
TXN_006919,2024-01-12,ACCT_00169,PERSON_00169,customer,7282,PERSON_00378,customer
TXN_006920,2023-11-19,ACCT_00170,PERSON_00170,cash_deposit,147995,PERSON_00415,cash deposit
TXN_006921,2024-08-11,ACCT_00171,PERSON_00171,grocery,3446,PERSON_00002,grocery
TXN_006922,2023-08-20,ACCT_00172,PERSON_00172,salary,47793,PERSON_00039,salary
TXN_006923,2023-08-19,ACCT_00173,PERSON_00173,emi,16074,PERSON_00076,emi
TXN_006924,2025-05-21,ACCT_00174,PERSON_00174,upi,4206,PERSON_00113,upi
TXN_006925,2021-05-18,ACCT_00175,PERSON_00175,customer,21969,PERSON_00150,customer
TXN_006926,2022-10-06,ACCT_00176,PERSON_00176,cash_deposit,10114,PERSON_00187,cash deposit
TXN_006927,2021-12-12,ACCT_00177,PERSON_00177,emi,33623,PERSON_00224,emi
TXN_006928,2025-11-13,ACCT_00178,PERSON_00178,rent,19168,PERSON_00261,rent
TXN_006929,2021-01-19,ACCT_00179,PERSON_00179,rent,8983,PERSON_00298,rent
TXN_006930,2022-04-24,ACCT_00180,PERSON_00180,fuel,4579,PERSON_00335,fuel
TXN_006931,2022-06-20,ACCT_00181,PERSON_00181,cash_deposit,164425,PERSON_00372,cash deposit
TXN_006932,2025-07-12,ACCT_00182,PERSON_00182,upi,114267,PERSON_00409,upi
TXN_006933,2021-05-22,ACCT_00183,PERSON_00183,salary,40834,PERSON_00446,salary
TXN_006934,2023-10-20,ACCT_00184,PERSON_00184,rent,19946,PERSON_00033,rent
TXN_006935,2026-01-03,ACCT_00185,PERSON_00185,upi,1576,PERSON_00070,upi
TXN_006936,2024-11-12,ACCT_00186,PERSON_00186,utility,5258,PERSON_00107,utility
TXN_006937,2026-06-03,ACCT_00187,PERSON_00187,transfer,22472,PERSON_00144,transfer
TXN_006938,2024-12-03,ACCT_00188,PERSON_00188,utility,1965,PERSON_00181,utility
TXN_006939,2025-04-23,ACCT_00189,PERSON_00189,customer,87883,PERSON_00218,customer
TXN_006940,2025-05-19,ACCT_00190,PERSON_00190,customer,23564,PERSON_00255,customer
TXN_006941,2021-10-26,ACCT_00191,PERSON_00191,emi,5425,PERSON_00292,emi
TXN_006942,2021-06-20,ACCT_00192,PERSON_00192,customer,78070,PERSON_00329,customer
TXN_006943,2025-11-04,ACCT_00193,PERSON_00193,cash_deposit,52637,PERSON_00366,cash deposit
TXN_006944,2023-07-08,ACCT_00194,PERSON_00194,upi,170808,PERSON_00403,upi
TXN_006945,2024-07-25,ACCT_00195,PERSON_00195,transfer,178980,PERSON_00440,transfer
TXN_006946,2025-02-14,ACCT_00196,PERSON_00196,supplier,62733,PERSON_00027,supplier
TXN_006947,2023-06-12,ACCT_00197,PERSON_00197,fuel,1333,PERSON_00064,fuel
TXN_006948,2023-09-02,ACCT_00198,PERSON_00198,upi,67910,PERSON_00101,upi
TXN_006949,2022-03-20,ACCT_00199,PERSON_00199,fuel,5710,PERSON_00138,fuel
TXN_006950,2025-06-03,ACCT_00200,PERSON_00200,emi,24712,PERSON_00175,emi
TXN_006951,2024-10-13,ACCT_00201,PERSON_00201,upi,2007,PERSON_00212,upi
TXN_006952,2026-06-21,ACCT_00202,PERSON_00202,grocery,5689,PERSON_00249,grocery
TXN_006953,2022-07-21,ACCT_00203,PERSON_00203,grocery,6319,PERSON_00286,grocery
TXN_006954,2023-01-12,ACCT_00204,PERSON_00204,customer,16895,PERSON_00323,customer
TXN_006955,2024-09-04,ACCT_00205,PERSON_00205,upi,248877,PERSON_00360,upi
TXN_006956,2025-05-23,ACCT_00206,PERSON_00206,salary,48877,PERSON_00397,salary
TXN_006957,2024-01-16,ACCT_00207,PERSON_00207,rent,14930,PERSON_00434,rent
TXN_006958,2025-10-16,ACCT_00208,PERSON_00208,salary,54174,PERSON_00021,salary
TXN_006959,2021-11-29,ACCT_00209,PERSON_00209,rent,14499,PERSON_00058,rent
TXN_006960,2025-01-23,ACCT_00210,PERSON_00210,salary,22395,PERSON_00095,salary
TXN_006961,2022-05-04,ACCT_00211,PERSON_00211,utility,3553,PERSON_00132,utility
TXN_006962,2022-06-01,ACCT_00212,PERSON_00212,fuel,4697,PERSON_00169,fuel
TXN_006963,2022-09-05,ACCT_00213,PERSON_00213,rent,21191,PERSON_00206,rent
TXN_006964,2022-07-16,ACCT_00214,PERSON_00214,rent,8635,PERSON_00243,rent
TXN_006965,2025-05-21,ACCT_00215,PERSON_00215,salary,73605,PERSON_00280,salary
TXN_006966,2024-09-25,ACCT_00216,PERSON_00216,cash_deposit,116798,PERSON_00317,cash deposit
TXN_006967,2021-04-09,ACCT_00217,PERSON_00217,grocery,1018,PERSON_00354,grocery
TXN_006968,2026-03-18,ACCT_00218,PERSON_00218,transfer,41418,PERSON_00391,transfer
TXN_006969,2023-05-21,ACCT_00219,PERSON_00219,grocery,5040,PERSON_00428,grocery
TXN_006970,2022-11-07,ACCT_00220,PERSON_00220,grocery,4590,PERSON_00015,grocery
TXN_006971,2021-10-02,ACCT_00221,PERSON_00221,utility,2105,PERSON_00052,utility
TXN_006972,2021-12-11,ACCT_00222,PERSON_00222,emi,11314,PERSON_00089,emi
TXN_006973,2022-11-11,ACCT_00223,PERSON_00223,salary,43511,PERSON_00126,salary
TXN_006974,2022-01-02,ACCT_00224,PERSON_00224,grocery,1140,PERSON_00163,grocery
TXN_006975,2022-01-31,ACCT_00225,PERSON_00225,salary,34946,PERSON_00200,salary
TXN_006976,2024-02-11,ACCT_00226,PERSON_00226,cash_deposit,225374,PERSON_00237,cash deposit
TXN_006977,2023-02-20,ACCT_00227,PERSON_00227,rent,15292,PERSON_00274,rent
TXN_006978,2022-03-01,ACCT_00228,PERSON_00228,upi,77065,PERSON_00311,upi
TXN_006979,2026-03-19,ACCT_00229,PERSON_00229,upi,226835,PERSON_00348,upi
TXN_006980,2022-06-07,ACCT_00230,PERSON_00230,supplier,24874,PERSON_00385,supplier
TXN_006981,2023-12-30,ACCT_00231,PERSON_00231,grocery,6141,PERSON_00422,grocery
TXN_006982,2024-09-06,ACCT_00232,PERSON_00232,grocery,5728,PERSON_00009,grocery
TXN_006983,2022-01-13,ACCT_00233,PERSON_00233,upi,6334,PERSON_00046,upi
TXN_006984,2025-02-03,ACCT_00234,PERSON_00234,rent,16255,PERSON_00083,rent
TXN_006985,2024-06-19,ACCT_00235,PERSON_00235,transfer,70805,PERSON_00120,transfer
TXN_006986,2021-12-11,ACCT_00236,PERSON_00236,upi,11572,PERSON_00157,upi
TXN_006987,2026-01-22,ACCT_00237,PERSON_00237,utility,6331,PERSON_00194,utility
TXN_006988,2021-09-17,ACCT_00238,PERSON_00238,upi,5335,PERSON_00231,upi
TXN_006989,2025-08-03,ACCT_00239,PERSON_00239,upi,200,PERSON_00268,upi
TXN_006990,2021-09-27,ACCT_00240,PERSON_00240,customer,101284,PERSON_00305,customer
TXN_006991,2025-09-28,ACCT_00241,PERSON_00241,emi,22238,PERSON_00342,emi
TXN_006992,2024-04-03,ACCT_00242,PERSON_00242,supplier,41446,PERSON_00379,supplier
TXN_006993,2023-11-09,ACCT_00243,PERSON_00243,upi,8700,PERSON_00416,upi
TXN_006994,2023-11-26,ACCT_00244,PERSON_00244,salary,23782,PERSON_00003,salary
TXN_006995,2024-09-10,ACCT_00245,PERSON_00245,rent,21311,PERSON_00040,rent
TXN_006996,2023-09-18,ACCT_00246,PERSON_00246,upi,7393,PERSON_00077,upi
TXN_006997,2025-09-10,ACCT_00247,PERSON_00247,rent,15267,PERSON_00114,rent
TXN_006998,2026-01-31,ACCT_00248,PERSON_00248,fuel,2163,PERSON_00151,fuel
TXN_006999,2023-10-31,ACCT_00249,PERSON_00249,utility,1044,PERSON_00188,utility
TXN_007000,2023-03-04,ACCT_00250,PERSON_00250,supplier,58240,PERSON_00225,supplier
TXN_007001,2024-11-07,ACCT_00251,PERSON_00251,transfer,72421,PERSON_00262,transfer
TXN_007002,2023-10-05,ACCT_00252,PERSON_00252,utility,655,PERSON_00299,utility
TXN_007003,2021-07-12,ACCT_00253,PERSON_00253,fuel,923,PERSON_00336,fuel
TXN_007004,2022-12-21,ACCT_00254,PERSON_00254,supplier,31996,PERSON_00373,supplier
TXN_007005,2025-07-23,ACCT_00255,PERSON_00255,grocery,5327,PERSON_00410,grocery
TXN_007006,2024-04-16,ACCT_00256,PERSON_00256,supplier,76685,PERSON_00447,supplier
TXN_007007,2021-12-03,ACCT_00257,PERSON_00257,transfer,38501,PERSON_00034,transfer
TXN_007008,2022-06-03,ACCT_00258,PERSON_00258,emi,13714,PERSON_00071,emi
TXN_007009,2023-12-23,ACCT_00259,PERSON_00259,customer,70695,PERSON_00108,customer
TXN_007010,2023-08-18,ACCT_00260,PERSON_00260,rent,14590,PERSON_00145,rent
TXN_007011,2021-11-20,ACCT_00261,PERSON_00261,customer,100870,PERSON_00182,customer
TXN_007012,2023-11-23,ACCT_00262,PERSON_00262,upi,208266,PERSON_00219,upi
TXN_007013,2023-08-28,ACCT_00263,PERSON_00263,grocery,2844,PERSON_00256,grocery
TXN_007014,2021-11-05,ACCT_00264,PERSON_00264,supplier,15872,PERSON_00293,supplier
TXN_007015,2023-08-08,ACCT_00265,PERSON_00265,fuel,2332,PERSON_00330,fuel
TXN_007016,2025-11-10,ACCT_00266,PERSON_00266,rent,9923,PERSON_00367,rent
TXN_007017,2022-03-03,ACCT_00267,PERSON_00267,salary,73002,PERSON_00404,salary
TXN_007018,2025-06-13,ACCT_00268,PERSON_00268,emi,33640,PERSON_00441,emi
TXN_007019,2024-09-21,ACCT_00269,PERSON_00269,transfer,34825,PERSON_00028,transfer
TXN_007020,2023-07-15,ACCT_00270,PERSON_00270,upi,8852,PERSON_00065,upi
TXN_007021,2022-02-25,ACCT_00271,PERSON_00271,upi,52548,PERSON_00102,upi
TXN_007022,2022-06-09,ACCT_00272,PERSON_00272,rent,15470,PERSON_00139,rent
TXN_007023,2025-08-12,ACCT_00273,PERSON_00273,upi,146758,PERSON_00176,upi
TXN_007024,2021-07-22,ACCT_00274,PERSON_00274,fuel,2368,PERSON_00213,fuel
TXN_007025,2025-01-12,ACCT_00275,PERSON_00275,supplier,65718,PERSON_00250,supplier
TXN_007026,2025-01-06,ACCT_00276,PERSON_00276,upi,3555,PERSON_00287,upi
TXN_007027,2023-07-19,ACCT_00277,PERSON_00277,upi,11151,PERSON_00324,upi
TXN_007028,2024-02-05,ACCT_00278,PERSON_00278,upi,7382,PERSON_00361,upi
TXN_007029,2024-11-26,ACCT_00279,PERSON_00279,utility,5898,PERSON_00398,utility
TXN_007030,2024-07-14,ACCT_00280,PERSON_00280,salary,49581,PERSON_00435,salary
TXN_007031,2021-01-08,ACCT_00281,PERSON_00281,upi,11074,PERSON_00022,upi
TXN_007032,2023-09-03,ACCT_00282,PERSON_00282,transfer,47514,PERSON_00059,transfer
TXN_007033,2026-03-31,ACCT_00283,PERSON_00283,cash_deposit,41840,PERSON_00096,cash deposit
TXN_007034,2023-05-13,ACCT_00284,PERSON_00284,upi,8998,PERSON_00133,upi
TXN_007035,2026-02-28,ACCT_00285,PERSON_00285,supplier,31094,PERSON_00170,supplier
TXN_007036,2026-06-25,ACCT_00286,PERSON_00286,supplier,58549,PERSON_00207,supplier
TXN_007037,2025-12-06,ACCT_00287,PERSON_00287,salary,51074,PERSON_00244,salary
TXN_007038,2026-04-01,ACCT_00288,PERSON_00288,emi,24502,PERSON_00281,emi
TXN_007039,2024-07-05,ACCT_00289,PERSON_00289,rent,7366,PERSON_00318,rent
TXN_007040,2021-05-31,ACCT_00290,PERSON_00290,salary,42666,PERSON_00355,salary
TXN_007041,2023-08-16,ACCT_00291,PERSON_00291,emi,14581,PERSON_00392,emi
TXN_007042,2023-01-13,ACCT_00292,PERSON_00292,fuel,2991,PERSON_00429,fuel
TXN_007043,2021-02-03,ACCT_00293,PERSON_00293,utility,2305,PERSON_00016,utility
TXN_007044,2025-12-18,ACCT_00294,PERSON_00294,emi,23582,PERSON_00053,emi
TXN_007045,2022-03-08,ACCT_00295,PERSON_00295,transfer,50459,PERSON_00090,transfer
TXN_007046,2024-10-08,ACCT_00296,PERSON_00296,upi,1082,PERSON_00127,upi
TXN_007047,2022-02-05,ACCT_00297,PERSON_00297,salary,69778,PERSON_00164,salary
TXN_007048,2022-10-14,ACCT_00298,PERSON_00298,upi,5801,PERSON_00201,upi
TXN_007049,2025-04-26,ACCT_00299,PERSON_00299,transfer,10577,PERSON_00238,transfer
TXN_007050,2023-06-17,ACCT_00300,PERSON_00300,utility,6268,PERSON_00275,utility
TXN_007051,2026-06-26,ACCT_00301,PERSON_00301,salary,59611,PERSON_00312,salary
TXN_007052,2026-05-06,ACCT_00302,PERSON_00302,rent,8351,PERSON_00349,rent
TXN_007053,2025-05-03,ACCT_00303,PERSON_00303,upi,2192,PERSON_00386,upi
TXN_007054,2024-02-04,ACCT_00304,PERSON_00304,fuel,3508,PERSON_00423,fuel
TXN_007055,2021-06-03,ACCT_00305,PERSON_00305,upi,8532,PERSON_00010,upi
TXN_007056,2024-08-05,ACCT_00306,PERSON_00306,supplier,31473,PERSON_00047,supplier
TXN_007057,2021-07-01,ACCT_00307,PERSON_00307,grocery,4488,PERSON_00084,grocery
TXN_007058,2025-12-31,ACCT_00308,PERSON_00308,supplier,42247,PERSON_00121,supplier
TXN_007059,2023-05-21,ACCT_00309,PERSON_00309,salary,58029,PERSON_00158,salary
TXN_007060,2022-11-02,ACCT_00310,PERSON_00310,upi,135154,PERSON_00195,upi
TXN_007061,2021-12-06,ACCT_00311,PERSON_00311,grocery,1250,PERSON_00232,grocery
TXN_007062,2025-04-08,ACCT_00312,PERSON_00312,salary,47080,PERSON_00269,salary
TXN_007063,2022-08-12,ACCT_00313,PERSON_00313,fuel,5037,PERSON_00306,fuel
TXN_007064,2022-11-29,ACCT_00314,PERSON_00314,supplier,62803,PERSON_00343,supplier
TXN_007065,2026-06-21,ACCT_00315,PERSON_00315,fuel,4293,PERSON_00380,fuel
TXN_007066,2023-07-05,ACCT_00316,PERSON_00316,fuel,4477,PERSON_00417,fuel
TXN_007067,2024-09-01,ACCT_00317,PERSON_00317,grocery,4309,PERSON_00004,grocery
TXN_007068,2025-09-11,ACCT_00318,PERSON_00318,supplier,45810,PERSON_00041,supplier
TXN_007069,2025-10-03,ACCT_00319,PERSON_00319,salary,66557,PERSON_00078,salary
TXN_007070,2025-09-06,ACCT_00320,PERSON_00320,upi,3362,PERSON_00115,upi
TXN_007071,2022-04-05,ACCT_00321,PERSON_00321,salary,33147,PERSON_00152,salary
TXN_007072,2025-03-27,ACCT_00322,PERSON_00322,utility,1563,PERSON_00189,utility
TXN_007073,2022-05-15,ACCT_00323,PERSON_00323,upi,9668,PERSON_00226,upi
TXN_007074,2023-01-14,ACCT_00324,PERSON_00324,fuel,4995,PERSON_00263,fuel
TXN_007075,2024-10-03,ACCT_00325,PERSON_00325,upi,6448,PERSON_00300,upi
TXN_007076,2022-12-20,ACCT_00326,PERSON_00326,grocery,5711,PERSON_00337,grocery
TXN_007077,2021-08-11,ACCT_00327,PERSON_00327,grocery,6295,PERSON_00374,grocery
TXN_007078,2026-02-27,ACCT_00328,PERSON_00328,supplier,7080,PERSON_00411,supplier
TXN_007079,2024-05-20,ACCT_00329,PERSON_00329,cash_deposit,113071,PERSON_00448,cash deposit
TXN_007080,2021-01-08,ACCT_00330,PERSON_00330,transfer,63508,PERSON_00035,transfer
TXN_007081,2022-12-07,ACCT_00331,PERSON_00331,customer,75044,PERSON_00072,customer
TXN_007082,2023-10-05,ACCT_00332,PERSON_00332,grocery,2218,PERSON_00109,grocery
TXN_007083,2022-09-17,ACCT_00333,PERSON_00333,salary,64052,PERSON_00146,salary
TXN_007084,2022-10-10,ACCT_00334,PERSON_00334,grocery,3531,PERSON_00183,grocery
TXN_007085,2024-01-19,ACCT_00335,PERSON_00335,upi,5026,PERSON_00220,upi
TXN_007086,2023-04-08,ACCT_00336,PERSON_00336,customer,69771,PERSON_00257,customer
TXN_007087,2024-06-06,ACCT_00337,PERSON_00337,supplier,54068,PERSON_00294,supplier
TXN_007088,2026-04-03,ACCT_00338,PERSON_00338,transfer,223270,PERSON_00331,transfer
TXN_007089,2025-05-05,ACCT_00339,PERSON_00339,upi,2467,PERSON_00368,upi
TXN_007090,2025-04-24,ACCT_00340,PERSON_00340,fuel,1259,PERSON_00405,fuel
TXN_007091,2026-06-25,ACCT_00341,PERSON_00341,customer,19965,PERSON_00442,customer
TXN_007092,2022-04-30,ACCT_00342,PERSON_00342,salary,58283,PERSON_00029,salary
TXN_007093,2022-02-09,ACCT_00343,PERSON_00343,supplier,56557,PERSON_00066,supplier
TXN_007094,2022-07-23,ACCT_00344,PERSON_00344,salary,66406,PERSON_00103,salary
TXN_007095,2025-05-26,ACCT_00345,PERSON_00345,upi,201973,PERSON_00140,upi
TXN_007096,2024-07-19,ACCT_00346,PERSON_00346,supplier,22430,PERSON_00177,supplier
TXN_007097,2022-10-03,ACCT_00347,PERSON_00347,emi,14234,PERSON_00214,emi
TXN_007098,2024-05-12,ACCT_00348,PERSON_00348,grocery,4907,PERSON_00251,grocery
TXN_007099,2021-05-03,ACCT_00349,PERSON_00349,cash_deposit,146517,PERSON_00288,cash deposit
TXN_007100,2023-11-16,ACCT_00350,PERSON_00350,supplier,62744,PERSON_00325,supplier
TXN_007101,2026-03-25,ACCT_00351,PERSON_00351,customer,58358,PERSON_00362,customer
TXN_007102,2021-08-03,ACCT_00352,PERSON_00352,upi,119789,PERSON_00399,upi
TXN_007103,2023-03-26,ACCT_00353,PERSON_00353,fuel,1000,PERSON_00436,fuel
TXN_007104,2023-11-18,ACCT_00354,PERSON_00354,upi,10501,PERSON_00023,upi
TXN_007105,2023-04-27,ACCT_00355,PERSON_00355,rent,14487,PERSON_00060,rent
TXN_007106,2021-10-05,ACCT_00356,PERSON_00356,grocery,4494,PERSON_00097,grocery
TXN_007107,2026-01-03,ACCT_00357,PERSON_00357,salary,29541,PERSON_00134,salary
TXN_007108,2026-01-23,ACCT_00358,PERSON_00358,transfer,249222,PERSON_00171,transfer
TXN_007109,2022-03-02,ACCT_00359,PERSON_00359,rent,9841,PERSON_00208,rent
TXN_007110,2023-07-25,ACCT_00360,PERSON_00360,grocery,1901,PERSON_00245,grocery
TXN_007111,2023-01-16,ACCT_00361,PERSON_00361,salary,60564,PERSON_00282,salary
TXN_007112,2021-04-25,ACCT_00362,PERSON_00362,rent,20601,PERSON_00319,rent
TXN_007113,2025-09-28,ACCT_00363,PERSON_00363,customer,97024,PERSON_00356,customer
TXN_007114,2023-04-02,ACCT_00364,PERSON_00364,upi,10334,PERSON_00393,upi
TXN_007115,2023-01-13,ACCT_00365,PERSON_00365,transfer,48717,PERSON_00430,transfer
TXN_007116,2021-02-05,ACCT_00366,PERSON_00366,upi,111150,PERSON_00017,upi
TXN_007117,2023-09-23,ACCT_00367,PERSON_00367,transfer,48687,PERSON_00054,transfer
TXN_007118,2023-03-08,ACCT_00368,PERSON_00368,emi,18185,PERSON_00091,emi
TXN_007119,2026-03-22,ACCT_00369,PERSON_00369,salary,31955,PERSON_00128,salary
TXN_007120,2025-02-02,ACCT_00370,PERSON_00370,grocery,1584,PERSON_00165,grocery
TXN_007121,2024-01-25,ACCT_00371,PERSON_00371,upi,68498,PERSON_00202,upi
TXN_007122,2024-02-26,ACCT_00372,PERSON_00372,cash_deposit,83236,PERSON_00239,cash deposit
TXN_007123,2022-11-15,ACCT_00373,PERSON_00373,utility,584,PERSON_00276,utility
TXN_007124,2025-01-28,ACCT_00374,PERSON_00374,fuel,3527,PERSON_00313,fuel
TXN_007125,2023-04-11,ACCT_00375,PERSON_00375,supplier,77975,PERSON_00350,supplier
TXN_007126,2023-07-28,ACCT_00376,PERSON_00376,salary,47903,PERSON_00387,salary
TXN_007127,2021-05-14,ACCT_00377,PERSON_00377,grocery,4941,PERSON_00424,grocery
TXN_007128,2022-04-19,ACCT_00378,PERSON_00378,rent,6457,PERSON_00011,rent
TXN_007129,2023-09-06,ACCT_00379,PERSON_00379,transfer,51886,PERSON_00048,transfer
TXN_007130,2022-08-03,ACCT_00380,PERSON_00380,upi,46517,PERSON_00085,upi
TXN_007131,2024-08-19,ACCT_00381,PERSON_00381,upi,58862,PERSON_00122,upi
TXN_007132,2021-12-17,ACCT_00382,PERSON_00382,supplier,35012,PERSON_00159,supplier
TXN_007133,2024-07-04,ACCT_00383,PERSON_00383,transfer,169320,PERSON_00196,transfer
TXN_007134,2022-02-14,ACCT_00384,PERSON_00384,utility,5604,PERSON_00233,utility
TXN_007135,2022-06-04,ACCT_00385,PERSON_00385,upi,224065,PERSON_00270,upi
TXN_007136,2026-02-07,ACCT_00386,PERSON_00386,grocery,886,PERSON_00307,grocery
TXN_007137,2022-10-26,ACCT_00387,PERSON_00387,rent,10406,PERSON_00344,rent
TXN_007138,2024-12-09,ACCT_00388,PERSON_00388,grocery,5270,PERSON_00381,grocery
TXN_007139,2023-04-04,ACCT_00389,PERSON_00389,fuel,3556,PERSON_00418,fuel
TXN_007140,2022-07-27,ACCT_00390,PERSON_00390,cash_deposit,82643,PERSON_00005,cash deposit
TXN_007141,2021-09-18,ACCT_00391,PERSON_00391,upi,157427,PERSON_00042,upi
TXN_007142,2026-02-24,ACCT_00392,PERSON_00392,utility,5615,PERSON_00079,utility
TXN_007143,2021-06-26,ACCT_00393,PERSON_00393,upi,34359,PERSON_00116,upi
TXN_007144,2021-06-03,ACCT_00394,PERSON_00394,grocery,4498,PERSON_00153,grocery
TXN_007145,2025-02-18,ACCT_00395,PERSON_00395,salary,48272,PERSON_00190,salary
TXN_007146,2025-09-17,ACCT_00396,PERSON_00396,rent,9153,PERSON_00227,rent
TXN_007147,2024-12-13,ACCT_00397,PERSON_00397,fuel,3355,PERSON_00264,fuel
TXN_007148,2023-03-23,ACCT_00398,PERSON_00398,utility,1173,PERSON_00301,utility
TXN_007149,2021-01-02,ACCT_00399,PERSON_00399,utility,5153,PERSON_00338,utility
TXN_007150,2023-05-23,ACCT_00400,PERSON_00400,upi,6453,PERSON_00375,upi
TXN_007151,2025-01-06,ACCT_00401,PERSON_00401,upi,215169,PERSON_00412,upi
TXN_007152,2025-04-12,ACCT_00402,PERSON_00402,transfer,38926,PERSON_00449,transfer
TXN_007153,2023-07-03,ACCT_00403,PERSON_00403,transfer,18324,PERSON_00036,transfer
TXN_007154,2022-03-15,ACCT_00404,PERSON_00404,transfer,14953,PERSON_00073,transfer
TXN_007155,2025-11-28,ACCT_00405,PERSON_00405,cash_deposit,56738,PERSON_00110,cash deposit
TXN_007156,2022-02-17,ACCT_00406,PERSON_00406,upi,191725,PERSON_00147,upi
TXN_007157,2023-07-25,ACCT_00407,PERSON_00407,customer,109196,PERSON_00184,customer
TXN_007158,2023-06-07,ACCT_00408,PERSON_00408,emi,23870,PERSON_00221,emi
TXN_007159,2022-03-29,ACCT_00409,PERSON_00409,transfer,57470,PERSON_00258,transfer
TXN_007160,2021-10-20,ACCT_00410,PERSON_00410,upi,182336,PERSON_00295,upi
TXN_007161,2022-03-20,ACCT_00411,PERSON_00411,grocery,2408,PERSON_00332,grocery
TXN_007162,2021-02-21,ACCT_00412,PERSON_00412,utility,3464,PERSON_00369,utility
TXN_007163,2026-05-19,ACCT_00413,PERSON_00413,upi,63632,PERSON_00406,upi
TXN_007164,2025-06-17,ACCT_00414,PERSON_00414,salary,40049,PERSON_00443,salary
TXN_007165,2024-11-20,ACCT_00415,PERSON_00415,rent,17065,PERSON_00030,rent
TXN_007166,2025-07-04,ACCT_00416,PERSON_00416,upi,4467,PERSON_00067,upi
TXN_007167,2025-11-18,ACCT_00417,PERSON_00417,customer,57448,PERSON_00104,customer
TXN_007168,2021-01-10,ACCT_00418,PERSON_00418,upi,7867,PERSON_00141,upi
TXN_007169,2023-01-21,ACCT_00419,PERSON_00419,cash_deposit,170012,PERSON_00178,cash deposit
TXN_007170,2021-01-05,ACCT_00420,PERSON_00420,upi,249713,PERSON_00215,upi
TXN_007171,2026-02-02,ACCT_00421,PERSON_00421,customer,69148,PERSON_00252,customer
TXN_007172,2025-11-07,ACCT_00422,PERSON_00422,salary,27428,PERSON_00289,salary
TXN_007173,2025-04-30,ACCT_00423,PERSON_00423,customer,64479,PERSON_00326,customer
TXN_007174,2025-01-08,ACCT_00424,PERSON_00424,grocery,2189,PERSON_00363,grocery
TXN_007175,2026-02-15,ACCT_00425,PERSON_00425,cash_deposit,115464,PERSON_00400,cash deposit
TXN_007176,2024-12-28,ACCT_00426,PERSON_00426,rent,7320,PERSON_00437,rent
TXN_007177,2023-02-22,ACCT_00427,PERSON_00427,salary,48258,PERSON_00024,salary
TXN_007178,2025-08-13,ACCT_00428,PERSON_00428,emi,28997,PERSON_00061,emi
TXN_007179,2026-01-06,ACCT_00429,PERSON_00429,emi,7332,PERSON_00098,emi
TXN_007180,2022-01-28,ACCT_00430,PERSON_00430,salary,27827,PERSON_00135,salary
TXN_007181,2021-01-25,ACCT_00431,PERSON_00431,customer,105947,PERSON_00172,customer
TXN_007182,2024-07-16,ACCT_00432,PERSON_00432,upi,50614,PERSON_00209,upi
TXN_007183,2024-02-08,ACCT_00433,PERSON_00433,upi,9587,PERSON_00246,upi
TXN_007184,2024-04-23,ACCT_00434,PERSON_00434,utility,4518,PERSON_00283,utility
TXN_007185,2025-10-10,ACCT_00435,PERSON_00435,fuel,902,PERSON_00320,fuel
TXN_007186,2022-07-21,ACCT_00436,PERSON_00436,upi,172394,PERSON_00357,upi
TXN_007187,2026-02-08,ACCT_00437,PERSON_00437,customer,53681,PERSON_00394,customer
TXN_007188,2022-08-25,ACCT_00438,PERSON_00438,salary,33553,PERSON_00431,salary
TXN_007189,2021-11-27,ACCT_00439,PERSON_00439,cash_deposit,221111,PERSON_00018,cash deposit
TXN_007190,2024-05-18,ACCT_00440,PERSON_00440,grocery,6311,PERSON_00055,grocery
TXN_007191,2022-06-15,ACCT_00441,PERSON_00441,grocery,6151,PERSON_00092,grocery
TXN_007192,2024-07-04,ACCT_00442,PERSON_00442,transfer,194222,PERSON_00129,transfer
TXN_007193,2021-05-04,ACCT_00443,PERSON_00443,transfer,74201,PERSON_00166,transfer
TXN_007194,2025-07-20,ACCT_00444,PERSON_00444,supplier,13925,PERSON_00203,supplier
TXN_007195,2024-10-04,ACCT_00445,PERSON_00445,transfer,34470,PERSON_00240,transfer
TXN_007196,2022-02-21,ACCT_00446,PERSON_00446,grocery,2673,PERSON_00277,grocery
TXN_007197,2025-12-03,ACCT_00447,PERSON_00447,fuel,2235,PERSON_00314,fuel
TXN_007198,2024-11-27,ACCT_00448,PERSON_00448,salary,50775,PERSON_00351,salary
TXN_007199,2023-05-08,ACCT_00449,PERSON_00449,transfer,112844,PERSON_00388,transfer
TXN_007200,2022-05-31,ACCT_00450,PERSON_00450,supplier,14461,PERSON_00425,supplier
TXN_007201,2022-02-16,ACCT_00001,PERSON_00001,upi,5407,PERSON_00012,upi
TXN_007202,2024-04-09,ACCT_00002,PERSON_00002,transfer,91105,PERSON_00049,transfer
TXN_007203,2026-04-03,ACCT_00003,PERSON_00003,utility,2595,PERSON_00086,utility
TXN_007204,2026-06-05,ACCT_00004,PERSON_00004,upi,2194,PERSON_00123,upi
TXN_007205,2023-07-18,ACCT_00005,PERSON_00005,cash_deposit,148301,PERSON_00160,cash deposit
TXN_007206,2026-01-22,ACCT_00006,PERSON_00006,upi,53141,PERSON_00197,upi
TXN_007207,2025-03-30,ACCT_00007,PERSON_00007,rent,16532,PERSON_00234,rent
TXN_007208,2021-02-20,ACCT_00008,PERSON_00008,supplier,39929,PERSON_00271,supplier
TXN_007209,2024-12-30,ACCT_00009,PERSON_00009,rent,11775,PERSON_00308,rent
TXN_007210,2025-01-18,ACCT_00010,PERSON_00010,utility,4026,PERSON_00345,utility
TXN_007211,2025-02-09,ACCT_00011,PERSON_00011,cash_deposit,167011,PERSON_00382,cash deposit
TXN_007212,2024-01-16,ACCT_00012,PERSON_00012,upi,237605,PERSON_00419,upi
TXN_007213,2023-09-07,ACCT_00013,PERSON_00013,customer,33588,PERSON_00006,customer
TXN_007214,2022-02-09,ACCT_00014,PERSON_00014,fuel,4923,PERSON_00043,fuel
TXN_007215,2025-07-23,ACCT_00015,PERSON_00015,grocery,2613,PERSON_00080,grocery
TXN_007216,2024-05-02,ACCT_00016,PERSON_00016,cash_deposit,45933,PERSON_00117,cash deposit
TXN_007217,2024-11-01,ACCT_00017,PERSON_00017,upi,85141,PERSON_00154,upi
TXN_007218,2021-11-19,ACCT_00018,PERSON_00018,transfer,247105,PERSON_00191,transfer
TXN_007219,2024-09-07,ACCT_00019,PERSON_00019,upi,7864,PERSON_00228,upi
TXN_007220,2024-07-12,ACCT_00020,PERSON_00020,supplier,19366,PERSON_00265,supplier
TXN_007221,2021-05-25,ACCT_00021,PERSON_00021,transfer,210557,PERSON_00302,transfer
TXN_007222,2021-07-16,ACCT_00022,PERSON_00022,grocery,2463,PERSON_00339,grocery
TXN_007223,2021-04-16,ACCT_00023,PERSON_00023,emi,14783,PERSON_00376,emi
TXN_007224,2025-05-26,ACCT_00024,PERSON_00024,upi,1979,PERSON_00413,upi
TXN_007225,2021-09-01,ACCT_00025,PERSON_00025,fuel,2220,PERSON_00450,fuel
TXN_007226,2025-12-21,ACCT_00026,PERSON_00026,transfer,80634,PERSON_00037,transfer
TXN_007227,2026-01-23,ACCT_00027,PERSON_00027,supplier,53018,PERSON_00074,supplier
TXN_007228,2025-02-05,ACCT_00028,PERSON_00028,rent,8712,PERSON_00111,rent
TXN_007229,2026-03-27,ACCT_00029,PERSON_00029,salary,42565,PERSON_00148,salary
TXN_007230,2021-08-30,ACCT_00030,PERSON_00030,grocery,5198,PERSON_00185,grocery
TXN_007231,2023-07-30,ACCT_00031,PERSON_00031,emi,32344,PERSON_00222,emi
TXN_007232,2021-03-17,ACCT_00032,PERSON_00032,transfer,147501,PERSON_00259,transfer
TXN_007233,2021-10-22,ACCT_00033,PERSON_00033,upi,113557,PERSON_00296,upi
TXN_007234,2025-11-11,ACCT_00034,PERSON_00034,rent,10564,PERSON_00333,rent
TXN_007235,2025-04-07,ACCT_00035,PERSON_00035,transfer,45966,PERSON_00370,transfer
TXN_007236,2025-09-05,ACCT_00036,PERSON_00036,salary,53540,PERSON_00407,salary
TXN_007237,2021-11-08,ACCT_00037,PERSON_00037,grocery,5480,PERSON_00444,grocery
TXN_007238,2024-10-13,ACCT_00038,PERSON_00038,upi,156230,PERSON_00031,upi
TXN_007239,2024-05-14,ACCT_00039,PERSON_00039,supplier,4863,PERSON_00068,supplier
TXN_007240,2026-06-30,ACCT_00040,PERSON_00040,utility,3218,PERSON_00105,utility
TXN_007241,2023-09-12,ACCT_00041,PERSON_00041,upi,6586,PERSON_00142,upi
TXN_007242,2025-12-20,ACCT_00042,PERSON_00042,upi,1505,PERSON_00179,upi
TXN_007243,2024-03-21,ACCT_00043,PERSON_00043,emi,10602,PERSON_00216,emi
TXN_007244,2023-08-20,ACCT_00044,PERSON_00044,upi,11697,PERSON_00253,upi
TXN_007245,2025-01-02,ACCT_00045,PERSON_00045,grocery,919,PERSON_00290,grocery
TXN_007246,2024-09-24,ACCT_00046,PERSON_00046,utility,1479,PERSON_00327,utility
TXN_007247,2025-09-10,ACCT_00047,PERSON_00047,supplier,41328,PERSON_00364,supplier
TXN_007248,2023-02-01,ACCT_00048,PERSON_00048,utility,5134,PERSON_00401,utility
TXN_007249,2022-05-16,ACCT_00049,PERSON_00049,fuel,1710,PERSON_00438,fuel
TXN_007250,2021-05-18,ACCT_00050,PERSON_00050,cash_deposit,66126,PERSON_00025,cash deposit
TXN_007251,2025-01-25,ACCT_00051,PERSON_00051,fuel,1998,PERSON_00062,fuel
TXN_007252,2024-07-22,ACCT_00052,PERSON_00052,salary,62375,PERSON_00099,salary
TXN_007253,2024-03-16,ACCT_00053,PERSON_00053,transfer,211550,PERSON_00136,transfer
TXN_007254,2022-09-01,ACCT_00054,PERSON_00054,upi,205934,PERSON_00173,upi
TXN_007255,2022-04-27,ACCT_00055,PERSON_00055,transfer,26748,PERSON_00210,transfer
TXN_007256,2025-06-26,ACCT_00056,PERSON_00056,utility,1911,PERSON_00247,utility
TXN_007257,2024-04-21,ACCT_00057,PERSON_00057,upi,11372,PERSON_00284,upi
TXN_007258,2025-10-09,ACCT_00058,PERSON_00058,salary,61169,PERSON_00321,salary
TXN_007259,2021-07-22,ACCT_00059,PERSON_00059,upi,11132,PERSON_00358,upi
TXN_007260,2026-02-09,ACCT_00060,PERSON_00060,emi,25876,PERSON_00395,emi
TXN_007261,2024-09-22,ACCT_00061,PERSON_00061,emi,11760,PERSON_00432,emi
TXN_007262,2022-02-25,ACCT_00062,PERSON_00062,fuel,1168,PERSON_00019,fuel
TXN_007263,2022-02-22,ACCT_00063,PERSON_00063,supplier,30039,PERSON_00056,supplier
TXN_007264,2022-04-23,ACCT_00064,PERSON_00064,grocery,3767,PERSON_00093,grocery
TXN_007265,2022-01-09,ACCT_00065,PERSON_00065,upi,34803,PERSON_00130,upi
TXN_007266,2025-04-19,ACCT_00066,PERSON_00066,supplier,48108,PERSON_00167,supplier
TXN_007267,2023-04-22,ACCT_00067,PERSON_00067,grocery,5429,PERSON_00204,grocery
TXN_007268,2025-11-25,ACCT_00068,PERSON_00068,fuel,1542,PERSON_00241,fuel
TXN_007269,2023-02-07,ACCT_00069,PERSON_00069,utility,1001,PERSON_00278,utility
TXN_007270,2024-06-30,ACCT_00070,PERSON_00070,upi,5635,PERSON_00315,upi
TXN_007271,2026-06-28,ACCT_00071,PERSON_00071,rent,6592,PERSON_00352,rent
TXN_007272,2024-09-01,ACCT_00072,PERSON_00072,fuel,2288,PERSON_00389,fuel
TXN_007273,2021-10-16,ACCT_00073,PERSON_00073,supplier,22533,PERSON_00426,supplier
TXN_007274,2023-06-11,ACCT_00074,PERSON_00074,emi,12487,PERSON_00013,emi
TXN_007275,2025-03-14,ACCT_00075,PERSON_00075,upi,92706,PERSON_00050,upi
TXN_007276,2021-10-03,ACCT_00076,PERSON_00076,cash_deposit,106730,PERSON_00087,cash deposit
TXN_007277,2025-11-24,ACCT_00077,PERSON_00077,grocery,2451,PERSON_00124,grocery
TXN_007278,2022-10-28,ACCT_00078,PERSON_00078,utility,4789,PERSON_00161,utility
TXN_007279,2023-04-26,ACCT_00079,PERSON_00079,utility,3865,PERSON_00198,utility
TXN_007280,2021-06-27,ACCT_00080,PERSON_00080,supplier,47410,PERSON_00235,supplier
TXN_007281,2023-10-24,ACCT_00081,PERSON_00081,upi,172984,PERSON_00272,upi
TXN_007282,2021-09-21,ACCT_00082,PERSON_00082,salary,74468,PERSON_00309,salary
TXN_007283,2021-05-30,ACCT_00083,PERSON_00083,upi,11057,PERSON_00346,upi
TXN_007284,2022-05-05,ACCT_00084,PERSON_00084,grocery,1440,PERSON_00383,grocery
TXN_007285,2024-11-11,ACCT_00085,PERSON_00085,supplier,35046,PERSON_00420,supplier
TXN_007286,2022-07-16,ACCT_00086,PERSON_00086,upi,195262,PERSON_00007,upi
TXN_007287,2021-05-26,ACCT_00087,PERSON_00087,upi,45796,PERSON_00044,upi
TXN_007288,2021-03-29,ACCT_00088,PERSON_00088,emi,28000,PERSON_00081,emi
TXN_007289,2025-10-28,ACCT_00089,PERSON_00089,grocery,3545,PERSON_00118,grocery
TXN_007290,2025-12-10,ACCT_00090,PERSON_00090,upi,9193,PERSON_00155,upi
TXN_007291,2021-11-18,ACCT_00091,PERSON_00091,salary,36299,PERSON_00192,salary
TXN_007292,2023-09-27,ACCT_00092,PERSON_00092,customer,69279,PERSON_00229,customer
TXN_007293,2025-05-13,ACCT_00093,PERSON_00093,upi,209051,PERSON_00266,upi
TXN_007294,2022-07-27,ACCT_00094,PERSON_00094,fuel,5034,PERSON_00303,fuel
TXN_007295,2026-02-26,ACCT_00095,PERSON_00095,grocery,6340,PERSON_00340,grocery
TXN_007296,2023-01-20,ACCT_00096,PERSON_00096,supplier,15653,PERSON_00377,supplier
TXN_007297,2021-05-31,ACCT_00097,PERSON_00097,grocery,5886,PERSON_00414,grocery
TXN_007298,2024-03-21,ACCT_00098,PERSON_00098,upi,5323,PERSON_00001,upi
TXN_007299,2024-03-08,ACCT_00099,PERSON_00099,upi,4358,PERSON_00038,upi
TXN_007300,2023-07-03,ACCT_00100,PERSON_00100,cash_deposit,170619,PERSON_00075,cash deposit
TXN_007301,2023-05-31,ACCT_00101,PERSON_00101,fuel,5520,PERSON_00112,fuel
TXN_007302,2023-12-22,ACCT_00102,PERSON_00102,cash_deposit,70692,PERSON_00149,cash deposit
TXN_007303,2022-06-26,ACCT_00103,PERSON_00103,upi,124228,PERSON_00186,upi
TXN_007304,2024-07-18,ACCT_00104,PERSON_00104,supplier,84264,PERSON_00223,supplier
TXN_007305,2022-01-15,ACCT_00105,PERSON_00105,emi,16774,PERSON_00260,emi
TXN_007306,2023-09-29,ACCT_00106,PERSON_00106,upi,194649,PERSON_00297,upi
TXN_007307,2024-11-08,ACCT_00107,PERSON_00107,emi,32060,PERSON_00334,emi
TXN_007308,2023-02-16,ACCT_00108,PERSON_00108,upi,11353,PERSON_00371,upi
TXN_007309,2024-02-12,ACCT_00109,PERSON_00109,grocery,6164,PERSON_00408,grocery
TXN_007310,2023-04-24,ACCT_00110,PERSON_00110,salary,30491,PERSON_00445,salary
TXN_007311,2024-08-17,ACCT_00111,PERSON_00111,transfer,63650,PERSON_00032,transfer
TXN_007312,2024-07-01,ACCT_00112,PERSON_00112,rent,17082,PERSON_00069,rent
TXN_007313,2021-10-25,ACCT_00113,PERSON_00113,fuel,1924,PERSON_00106,fuel
TXN_007314,2024-01-01,ACCT_00114,PERSON_00114,supplier,66436,PERSON_00143,supplier
TXN_007315,2021-05-16,ACCT_00115,PERSON_00115,transfer,53386,PERSON_00180,transfer
TXN_007316,2022-10-25,ACCT_00116,PERSON_00116,customer,63191,PERSON_00217,customer
TXN_007317,2024-10-30,ACCT_00117,PERSON_00117,upi,200350,PERSON_00254,upi
TXN_007318,2021-12-17,ACCT_00118,PERSON_00118,customer,1096,PERSON_00291,customer
TXN_007319,2025-08-17,ACCT_00119,PERSON_00119,rent,9498,PERSON_00328,rent
TXN_007320,2025-05-28,ACCT_00120,PERSON_00120,utility,3661,PERSON_00365,utility
TXN_007321,2022-09-30,ACCT_00121,PERSON_00121,supplier,49068,PERSON_00402,supplier
TXN_007322,2026-04-04,ACCT_00122,PERSON_00122,upi,38485,PERSON_00439,upi
TXN_007323,2022-06-06,ACCT_00123,PERSON_00123,fuel,5818,PERSON_00026,fuel
TXN_007324,2022-04-11,ACCT_00124,PERSON_00124,emi,17046,PERSON_00063,emi
TXN_007325,2021-10-21,ACCT_00125,PERSON_00125,supplier,38264,PERSON_00100,supplier
TXN_007326,2023-02-11,ACCT_00126,PERSON_00126,supplier,75038,PERSON_00137,supplier
TXN_007327,2021-04-25,ACCT_00127,PERSON_00127,supplier,77564,PERSON_00174,supplier
TXN_007328,2025-10-01,ACCT_00128,PERSON_00128,grocery,2611,PERSON_00211,grocery
TXN_007329,2025-02-28,ACCT_00129,PERSON_00129,utility,1331,PERSON_00248,utility
TXN_007330,2022-06-19,ACCT_00130,PERSON_00130,supplier,32612,PERSON_00285,supplier
TXN_007331,2026-01-04,ACCT_00131,PERSON_00131,fuel,4009,PERSON_00322,fuel
TXN_007332,2025-12-02,ACCT_00132,PERSON_00132,supplier,68404,PERSON_00359,supplier
TXN_007333,2022-07-10,ACCT_00133,PERSON_00133,fuel,5425,PERSON_00396,fuel
TXN_007334,2025-10-11,ACCT_00134,PERSON_00134,grocery,6048,PERSON_00433,grocery
TXN_007335,2024-03-10,ACCT_00135,PERSON_00135,grocery,3027,PERSON_00020,grocery
TXN_007336,2022-04-08,ACCT_00136,PERSON_00136,grocery,969,PERSON_00057,grocery
TXN_007337,2026-01-27,ACCT_00137,PERSON_00137,fuel,3734,PERSON_00094,fuel
TXN_007338,2021-12-26,ACCT_00138,PERSON_00138,salary,74437,PERSON_00131,salary
TXN_007339,2025-01-12,ACCT_00139,PERSON_00139,emi,32145,PERSON_00168,emi
TXN_007340,2023-02-15,ACCT_00140,PERSON_00140,salary,20937,PERSON_00205,salary
TXN_007341,2025-06-28,ACCT_00141,PERSON_00141,salary,27138,PERSON_00242,salary
TXN_007342,2021-10-26,ACCT_00142,PERSON_00142,utility,2695,PERSON_00279,utility
TXN_007343,2022-03-21,ACCT_00143,PERSON_00143,transfer,89011,PERSON_00316,transfer
TXN_007344,2021-08-24,ACCT_00144,PERSON_00144,cash_deposit,31215,PERSON_00353,cash deposit
TXN_007345,2025-10-09,ACCT_00145,PERSON_00145,transfer,19505,PERSON_00390,transfer
TXN_007346,2022-08-02,ACCT_00146,PERSON_00146,grocery,5791,PERSON_00427,grocery
TXN_007347,2026-01-24,ACCT_00147,PERSON_00147,grocery,1368,PERSON_00014,grocery
TXN_007348,2021-10-13,ACCT_00148,PERSON_00148,supplier,51138,PERSON_00051,supplier
TXN_007349,2024-08-20,ACCT_00149,PERSON_00149,salary,39842,PERSON_00088,salary
TXN_007350,2025-10-10,ACCT_00150,PERSON_00150,utility,5646,PERSON_00125,utility
TXN_007351,2024-01-19,ACCT_00151,PERSON_00151,customer,15298,PERSON_00162,customer
TXN_007352,2025-06-06,ACCT_00152,PERSON_00152,emi,13816,PERSON_00199,emi
TXN_007353,2021-05-15,ACCT_00153,PERSON_00153,emi,17063,PERSON_00236,emi
TXN_007354,2021-08-07,ACCT_00154,PERSON_00154,customer,60377,PERSON_00273,customer
TXN_007355,2021-05-06,ACCT_00155,PERSON_00155,emi,11208,PERSON_00310,emi
TXN_007356,2023-11-10,ACCT_00156,PERSON_00156,grocery,5060,PERSON_00347,grocery
TXN_007357,2024-04-29,ACCT_00157,PERSON_00157,upi,11520,PERSON_00384,upi
TXN_007358,2025-01-28,ACCT_00158,PERSON_00158,transfer,38859,PERSON_00421,transfer
TXN_007359,2026-02-18,ACCT_00159,PERSON_00159,cash_deposit,38026,PERSON_00008,cash deposit
TXN_007360,2024-06-03,ACCT_00160,PERSON_00160,cash_deposit,90462,PERSON_00045,cash deposit
TXN_007361,2024-01-12,ACCT_00161,PERSON_00161,grocery,5278,PERSON_00082,grocery
TXN_007362,2022-07-11,ACCT_00162,PERSON_00162,upi,122740,PERSON_00119,upi
TXN_007363,2021-05-23,ACCT_00163,PERSON_00163,emi,30062,PERSON_00156,emi
TXN_007364,2022-03-07,ACCT_00164,PERSON_00164,salary,34545,PERSON_00193,salary
TXN_007365,2024-07-29,ACCT_00165,PERSON_00165,rent,8988,PERSON_00230,rent
TXN_007366,2024-08-07,ACCT_00166,PERSON_00166,transfer,195367,PERSON_00267,transfer
TXN_007367,2023-03-16,ACCT_00167,PERSON_00167,upi,49447,PERSON_00304,upi
TXN_007368,2021-05-03,ACCT_00168,PERSON_00168,grocery,2527,PERSON_00341,grocery
TXN_007369,2026-01-22,ACCT_00169,PERSON_00169,salary,26873,PERSON_00378,salary
TXN_007370,2021-03-17,ACCT_00170,PERSON_00170,grocery,1388,PERSON_00415,grocery
TXN_007371,2025-02-17,ACCT_00171,PERSON_00171,utility,6718,PERSON_00002,utility
TXN_007372,2022-01-16,ACCT_00172,PERSON_00172,upi,10939,PERSON_00039,upi
TXN_007373,2024-04-07,ACCT_00173,PERSON_00173,transfer,89152,PERSON_00076,transfer
TXN_007374,2021-07-08,ACCT_00174,PERSON_00174,customer,68956,PERSON_00113,customer
TXN_007375,2021-04-17,ACCT_00175,PERSON_00175,rent,6829,PERSON_00150,rent
TXN_007376,2024-09-09,ACCT_00176,PERSON_00176,upi,6985,PERSON_00187,upi
TXN_007377,2021-02-20,ACCT_00177,PERSON_00177,utility,4068,PERSON_00224,utility
TXN_007378,2024-01-11,ACCT_00178,PERSON_00178,emi,28994,PERSON_00261,emi
TXN_007379,2022-12-17,ACCT_00179,PERSON_00179,salary,56049,PERSON_00298,salary
TXN_007380,2023-01-11,ACCT_00180,PERSON_00180,upi,236697,PERSON_00335,upi
TXN_007381,2022-10-13,ACCT_00181,PERSON_00181,customer,30317,PERSON_00372,customer
TXN_007382,2021-05-16,ACCT_00182,PERSON_00182,upi,75678,PERSON_00409,upi
TXN_007383,2025-03-14,ACCT_00183,PERSON_00183,utility,4535,PERSON_00446,utility
TXN_007384,2021-01-24,ACCT_00184,PERSON_00184,upi,78685,PERSON_00033,upi
TXN_007385,2026-04-06,ACCT_00185,PERSON_00185,upi,1842,PERSON_00070,upi
TXN_007386,2023-12-30,ACCT_00186,PERSON_00186,transfer,76673,PERSON_00107,transfer
TXN_007387,2026-02-14,ACCT_00187,PERSON_00187,fuel,1878,PERSON_00144,fuel
TXN_007388,2022-08-18,ACCT_00188,PERSON_00188,grocery,2064,PERSON_00181,grocery
TXN_007389,2025-11-05,ACCT_00189,PERSON_00189,upi,140551,PERSON_00218,upi
TXN_007390,2021-05-14,ACCT_00190,PERSON_00190,upi,11146,PERSON_00255,upi
TXN_007391,2021-07-04,ACCT_00191,PERSON_00191,rent,6189,PERSON_00292,rent
TXN_007392,2022-10-11,ACCT_00192,PERSON_00192,utility,3006,PERSON_00329,utility
TXN_007393,2021-04-03,ACCT_00193,PERSON_00193,rent,14354,PERSON_00366,rent
TXN_007394,2025-12-08,ACCT_00194,PERSON_00194,supplier,64342,PERSON_00403,supplier
TXN_007395,2025-11-21,ACCT_00195,PERSON_00195,fuel,5983,PERSON_00440,fuel
TXN_007396,2021-04-10,ACCT_00196,PERSON_00196,salary,70921,PERSON_00027,salary
TXN_007397,2024-07-13,ACCT_00197,PERSON_00197,supplier,80909,PERSON_00064,supplier
TXN_007398,2023-08-28,ACCT_00198,PERSON_00198,utility,2647,PERSON_00101,utility
TXN_007399,2022-01-23,ACCT_00199,PERSON_00199,transfer,83975,PERSON_00138,transfer
TXN_007400,2021-04-01,ACCT_00200,PERSON_00200,upi,5571,PERSON_00175,upi
TXN_007401,2023-09-23,ACCT_00201,PERSON_00201,rent,14292,PERSON_00212,rent
TXN_007402,2022-01-13,ACCT_00202,PERSON_00202,salary,37755,PERSON_00249,salary
TXN_007403,2021-11-03,ACCT_00203,PERSON_00203,upi,1114,PERSON_00286,upi
TXN_007404,2022-07-26,ACCT_00204,PERSON_00204,supplier,47106,PERSON_00323,supplier
TXN_007405,2022-03-17,ACCT_00205,PERSON_00205,upi,51402,PERSON_00360,upi
TXN_007406,2021-12-04,ACCT_00206,PERSON_00206,cash_deposit,116712,PERSON_00397,cash deposit
TXN_007407,2026-05-13,ACCT_00207,PERSON_00207,salary,65743,PERSON_00434,salary
TXN_007408,2022-10-29,ACCT_00208,PERSON_00208,supplier,3943,PERSON_00021,supplier
TXN_007409,2022-08-04,ACCT_00209,PERSON_00209,salary,49510,PERSON_00058,salary
TXN_007410,2023-09-17,ACCT_00210,PERSON_00210,upi,726,PERSON_00095,upi
TXN_007411,2023-09-09,ACCT_00211,PERSON_00211,grocery,675,PERSON_00132,grocery
TXN_007412,2024-10-19,ACCT_00212,PERSON_00212,grocery,5551,PERSON_00169,grocery
TXN_007413,2022-03-21,ACCT_00213,PERSON_00213,upi,5008,PERSON_00206,upi
TXN_007414,2023-01-08,ACCT_00214,PERSON_00214,utility,3829,PERSON_00243,utility
TXN_007415,2025-05-24,ACCT_00215,PERSON_00215,salary,19780,PERSON_00280,salary
TXN_007416,2022-03-15,ACCT_00216,PERSON_00216,transfer,154077,PERSON_00317,transfer
TXN_007417,2023-03-06,ACCT_00217,PERSON_00217,customer,76282,PERSON_00354,customer
TXN_007418,2022-08-02,ACCT_00218,PERSON_00218,upi,9184,PERSON_00391,upi
TXN_007419,2024-08-08,ACCT_00219,PERSON_00219,rent,19172,PERSON_00428,rent
TXN_007420,2022-10-18,ACCT_00220,PERSON_00220,upi,213002,PERSON_00015,upi
TXN_007421,2024-08-01,ACCT_00221,PERSON_00221,utility,794,PERSON_00052,utility
TXN_007422,2026-01-28,ACCT_00222,PERSON_00222,grocery,6198,PERSON_00089,grocery
TXN_007423,2023-07-06,ACCT_00223,PERSON_00223,upi,1367,PERSON_00126,upi
TXN_007424,2023-11-25,ACCT_00224,PERSON_00224,salary,51742,PERSON_00163,salary
TXN_007425,2026-03-08,ACCT_00225,PERSON_00225,upi,4361,PERSON_00200,upi
TXN_007426,2025-06-07,ACCT_00226,PERSON_00226,upi,202101,PERSON_00237,upi
TXN_007427,2023-08-19,ACCT_00227,PERSON_00227,customer,11480,PERSON_00274,customer
TXN_007428,2024-10-01,ACCT_00228,PERSON_00228,grocery,963,PERSON_00311,grocery
TXN_007429,2023-01-24,ACCT_00229,PERSON_00229,upi,137584,PERSON_00348,upi
TXN_007430,2024-08-10,ACCT_00230,PERSON_00230,grocery,1640,PERSON_00385,grocery
TXN_007431,2022-04-16,ACCT_00231,PERSON_00231,grocery,3707,PERSON_00422,grocery
TXN_007432,2025-05-22,ACCT_00232,PERSON_00232,grocery,3860,PERSON_00009,grocery
TXN_007433,2022-04-09,ACCT_00233,PERSON_00233,emi,30047,PERSON_00046,emi
TXN_007434,2026-01-23,ACCT_00234,PERSON_00234,emi,4016,PERSON_00083,emi
TXN_007435,2021-06-03,ACCT_00235,PERSON_00235,salary,66151,PERSON_00120,salary
TXN_007436,2021-05-21,ACCT_00236,PERSON_00236,utility,6059,PERSON_00157,utility
TXN_007437,2024-01-26,ACCT_00237,PERSON_00237,upi,33251,PERSON_00194,upi
TXN_007438,2023-08-14,ACCT_00238,PERSON_00238,transfer,67409,PERSON_00231,transfer
TXN_007439,2021-06-03,ACCT_00239,PERSON_00239,cash_deposit,107671,PERSON_00268,cash deposit
TXN_007440,2024-10-03,ACCT_00240,PERSON_00240,cash_deposit,87147,PERSON_00305,cash deposit
TXN_007441,2023-10-24,ACCT_00241,PERSON_00241,cash_deposit,249387,PERSON_00342,cash deposit
TXN_007442,2021-12-16,ACCT_00242,PERSON_00242,grocery,2863,PERSON_00379,grocery
TXN_007443,2021-06-08,ACCT_00243,PERSON_00243,rent,13404,PERSON_00416,rent
TXN_007444,2021-12-03,ACCT_00244,PERSON_00244,upi,132137,PERSON_00003,upi
TXN_007445,2024-07-26,ACCT_00245,PERSON_00245,upi,219451,PERSON_00040,upi
TXN_007446,2024-04-04,ACCT_00246,PERSON_00246,rent,10493,PERSON_00077,rent
TXN_007447,2025-09-10,ACCT_00247,PERSON_00247,salary,19869,PERSON_00114,salary
TXN_007448,2021-08-12,ACCT_00248,PERSON_00248,supplier,19806,PERSON_00151,supplier
TXN_007449,2022-03-22,ACCT_00249,PERSON_00249,customer,107473,PERSON_00188,customer
TXN_007450,2021-12-17,ACCT_00250,PERSON_00250,transfer,169614,PERSON_00225,transfer
TXN_007451,2025-05-27,ACCT_00251,PERSON_00251,utility,2211,PERSON_00262,utility
TXN_007452,2026-05-10,ACCT_00252,PERSON_00252,cash_deposit,33348,PERSON_00299,cash deposit
TXN_007453,2024-01-25,ACCT_00253,PERSON_00253,customer,59631,PERSON_00336,customer
TXN_007454,2026-06-23,ACCT_00254,PERSON_00254,emi,15499,PERSON_00373,emi
TXN_007455,2021-12-30,ACCT_00255,PERSON_00255,utility,1245,PERSON_00410,utility
TXN_007456,2022-08-28,ACCT_00256,PERSON_00256,upi,228434,PERSON_00447,upi
TXN_007457,2026-06-22,ACCT_00257,PERSON_00257,upi,7502,PERSON_00034,upi
TXN_007458,2025-08-03,ACCT_00258,PERSON_00258,upi,3893,PERSON_00071,upi
TXN_007459,2024-07-02,ACCT_00259,PERSON_00259,transfer,93745,PERSON_00108,transfer
TXN_007460,2024-04-01,ACCT_00260,PERSON_00260,customer,25754,PERSON_00145,customer
TXN_007461,2024-05-16,ACCT_00261,PERSON_00261,customer,70825,PERSON_00182,customer
TXN_007462,2022-01-03,ACCT_00262,PERSON_00262,supplier,61772,PERSON_00219,supplier
TXN_007463,2021-08-25,ACCT_00263,PERSON_00263,grocery,5407,PERSON_00256,grocery
TXN_007464,2026-06-12,ACCT_00264,PERSON_00264,fuel,701,PERSON_00293,fuel
TXN_007465,2022-03-20,ACCT_00265,PERSON_00265,fuel,5716,PERSON_00330,fuel
TXN_007466,2024-07-04,ACCT_00266,PERSON_00266,transfer,88142,PERSON_00367,transfer
TXN_007467,2025-05-30,ACCT_00267,PERSON_00267,upi,85149,PERSON_00404,upi
TXN_007468,2023-01-11,ACCT_00268,PERSON_00268,cash_deposit,51124,PERSON_00441,cash deposit
TXN_007469,2025-05-02,ACCT_00269,PERSON_00269,utility,643,PERSON_00028,utility
TXN_007470,2024-05-05,ACCT_00270,PERSON_00270,upi,7743,PERSON_00065,upi
TXN_007471,2023-06-27,ACCT_00271,PERSON_00271,upi,240519,PERSON_00102,upi
TXN_007472,2021-12-30,ACCT_00272,PERSON_00272,salary,58894,PERSON_00139,salary
TXN_007473,2022-06-03,ACCT_00273,PERSON_00273,upi,154457,PERSON_00176,upi
TXN_007474,2022-04-27,ACCT_00274,PERSON_00274,cash_deposit,35680,PERSON_00213,cash deposit
TXN_007475,2023-05-04,ACCT_00275,PERSON_00275,rent,6297,PERSON_00250,rent
TXN_007476,2023-08-09,ACCT_00276,PERSON_00276,emi,21387,PERSON_00287,emi
TXN_007477,2024-03-19,ACCT_00277,PERSON_00277,emi,4334,PERSON_00324,emi
TXN_007478,2022-07-17,ACCT_00278,PERSON_00278,upi,9872,PERSON_00361,upi
TXN_007479,2021-08-05,ACCT_00279,PERSON_00279,supplier,15238,PERSON_00398,supplier
TXN_007480,2021-04-11,ACCT_00280,PERSON_00280,upi,9019,PERSON_00435,upi
TXN_007481,2022-12-15,ACCT_00281,PERSON_00281,emi,22901,PERSON_00022,emi
TXN_007482,2022-03-15,ACCT_00282,PERSON_00282,supplier,27012,PERSON_00059,supplier
TXN_007483,2024-10-13,ACCT_00283,PERSON_00283,cash_deposit,67767,PERSON_00096,cash deposit
TXN_007484,2024-12-23,ACCT_00284,PERSON_00284,cash_deposit,67606,PERSON_00133,cash deposit
TXN_007485,2026-05-09,ACCT_00285,PERSON_00285,fuel,2769,PERSON_00170,fuel
TXN_007486,2021-04-30,ACCT_00286,PERSON_00286,supplier,10727,PERSON_00207,supplier
TXN_007487,2024-03-25,ACCT_00287,PERSON_00287,upi,142235,PERSON_00244,upi
TXN_007488,2022-03-25,ACCT_00288,PERSON_00288,customer,84297,PERSON_00281,customer
TXN_007489,2022-05-19,ACCT_00289,PERSON_00289,grocery,3095,PERSON_00318,grocery
TXN_007490,2021-08-03,ACCT_00290,PERSON_00290,customer,71461,PERSON_00355,customer
TXN_007491,2023-03-16,ACCT_00291,PERSON_00291,utility,5190,PERSON_00392,utility
TXN_007492,2022-08-12,ACCT_00292,PERSON_00292,transfer,113994,PERSON_00429,transfer
TXN_007493,2021-04-02,ACCT_00293,PERSON_00293,fuel,2312,PERSON_00016,fuel
TXN_007494,2025-09-05,ACCT_00294,PERSON_00294,utility,838,PERSON_00053,utility
TXN_007495,2023-01-09,ACCT_00295,PERSON_00295,transfer,88040,PERSON_00090,transfer
TXN_007496,2026-03-05,ACCT_00296,PERSON_00296,supplier,30643,PERSON_00127,supplier
TXN_007497,2023-03-01,ACCT_00297,PERSON_00297,transfer,238718,PERSON_00164,transfer
TXN_007498,2025-11-29,ACCT_00298,PERSON_00298,transfer,59755,PERSON_00201,transfer
TXN_007499,2021-04-10,ACCT_00299,PERSON_00299,grocery,2538,PERSON_00238,grocery
TXN_007500,2021-10-16,ACCT_00300,PERSON_00300,upi,81056,PERSON_00275,upi
TXN_007501,2021-07-15,ACCT_00301,PERSON_00301,emi,27629,PERSON_00312,emi
TXN_007502,2024-03-14,ACCT_00302,PERSON_00302,rent,14163,PERSON_00349,rent
TXN_007503,2021-04-27,ACCT_00303,PERSON_00303,fuel,3597,PERSON_00386,fuel
TXN_007504,2022-07-22,ACCT_00304,PERSON_00304,grocery,5918,PERSON_00423,grocery
TXN_007505,2024-09-23,ACCT_00305,PERSON_00305,utility,6567,PERSON_00010,utility
TXN_007506,2023-08-13,ACCT_00306,PERSON_00306,cash_deposit,19048,PERSON_00047,cash deposit
TXN_007507,2024-07-02,ACCT_00307,PERSON_00307,upi,1026,PERSON_00084,upi
TXN_007508,2025-02-18,ACCT_00308,PERSON_00308,upi,5810,PERSON_00121,upi
TXN_007509,2024-03-07,ACCT_00309,PERSON_00309,supplier,14475,PERSON_00158,supplier
TXN_007510,2024-12-26,ACCT_00310,PERSON_00310,transfer,55458,PERSON_00195,transfer
TXN_007511,2025-12-31,ACCT_00311,PERSON_00311,grocery,1867,PERSON_00232,grocery
TXN_007512,2022-09-26,ACCT_00312,PERSON_00312,upi,8156,PERSON_00269,upi
TXN_007513,2026-06-13,ACCT_00313,PERSON_00313,upi,7891,PERSON_00306,upi
TXN_007514,2025-07-17,ACCT_00314,PERSON_00314,customer,75471,PERSON_00343,customer
TXN_007515,2024-07-04,ACCT_00315,PERSON_00315,salary,32103,PERSON_00380,salary
TXN_007516,2022-11-24,ACCT_00316,PERSON_00316,emi,29669,PERSON_00417,emi
TXN_007517,2021-08-30,ACCT_00317,PERSON_00317,upi,1177,PERSON_00004,upi
TXN_007518,2023-11-15,ACCT_00318,PERSON_00318,transfer,176597,PERSON_00041,transfer
TXN_007519,2021-11-21,ACCT_00319,PERSON_00319,customer,61179,PERSON_00078,customer
TXN_007520,2021-09-29,ACCT_00320,PERSON_00320,supplier,33727,PERSON_00115,supplier
TXN_007521,2025-12-25,ACCT_00321,PERSON_00321,upi,42367,PERSON_00152,upi
TXN_007522,2025-08-10,ACCT_00322,PERSON_00322,customer,71598,PERSON_00189,customer
TXN_007523,2022-06-20,ACCT_00323,PERSON_00323,supplier,8642,PERSON_00226,supplier
TXN_007524,2022-10-21,ACCT_00324,PERSON_00324,emi,20241,PERSON_00263,emi
TXN_007525,2024-10-25,ACCT_00325,PERSON_00325,grocery,2391,PERSON_00300,grocery
TXN_007526,2021-09-14,ACCT_00326,PERSON_00326,grocery,6122,PERSON_00337,grocery
TXN_007527,2022-10-06,ACCT_00327,PERSON_00327,rent,18502,PERSON_00374,rent
TXN_007528,2021-03-13,ACCT_00328,PERSON_00328,transfer,128849,PERSON_00411,transfer
TXN_007529,2025-03-21,ACCT_00329,PERSON_00329,cash_deposit,192908,PERSON_00448,cash deposit
TXN_007530,2023-12-12,ACCT_00330,PERSON_00330,supplier,40351,PERSON_00035,supplier
TXN_007531,2024-06-26,ACCT_00331,PERSON_00331,upi,157692,PERSON_00072,upi
TXN_007532,2024-12-25,ACCT_00332,PERSON_00332,grocery,2097,PERSON_00109,grocery
TXN_007533,2021-09-21,ACCT_00333,PERSON_00333,grocery,3907,PERSON_00146,grocery
TXN_007534,2021-07-21,ACCT_00334,PERSON_00334,utility,5035,PERSON_00183,utility
TXN_007535,2022-06-25,ACCT_00335,PERSON_00335,salary,63779,PERSON_00220,salary
TXN_007536,2023-09-23,ACCT_00336,PERSON_00336,grocery,1794,PERSON_00257,grocery
TXN_007537,2023-04-01,ACCT_00337,PERSON_00337,rent,16333,PERSON_00294,rent
TXN_007538,2023-01-10,ACCT_00338,PERSON_00338,grocery,5440,PERSON_00331,grocery
TXN_007539,2026-03-25,ACCT_00339,PERSON_00339,utility,5471,PERSON_00368,utility
TXN_007540,2024-06-06,ACCT_00340,PERSON_00340,transfer,249861,PERSON_00405,transfer
TXN_007541,2023-07-26,ACCT_00341,PERSON_00341,upi,8264,PERSON_00442,upi
TXN_007542,2023-04-29,ACCT_00342,PERSON_00342,salary,34365,PERSON_00029,salary
TXN_007543,2025-07-28,ACCT_00343,PERSON_00343,emi,19860,PERSON_00066,emi
TXN_007544,2023-04-20,ACCT_00344,PERSON_00344,cash_deposit,119073,PERSON_00103,cash deposit
TXN_007545,2024-08-27,ACCT_00345,PERSON_00345,cash_deposit,245292,PERSON_00140,cash deposit
TXN_007546,2024-12-12,ACCT_00346,PERSON_00346,utility,2901,PERSON_00177,utility
TXN_007547,2023-01-21,ACCT_00347,PERSON_00347,grocery,6472,PERSON_00214,grocery
TXN_007548,2021-04-01,ACCT_00348,PERSON_00348,cash_deposit,88984,PERSON_00251,cash deposit
TXN_007549,2021-07-15,ACCT_00349,PERSON_00349,utility,6173,PERSON_00288,utility
TXN_007550,2022-05-13,ACCT_00350,PERSON_00350,upi,171060,PERSON_00325,upi
TXN_007551,2022-03-24,ACCT_00351,PERSON_00351,upi,5332,PERSON_00362,upi
TXN_007552,2021-10-25,ACCT_00352,PERSON_00352,supplier,54175,PERSON_00399,supplier
TXN_007553,2023-12-23,ACCT_00353,PERSON_00353,fuel,1963,PERSON_00436,fuel
TXN_007554,2023-11-13,ACCT_00354,PERSON_00354,salary,54125,PERSON_00023,salary
TXN_007555,2022-10-01,ACCT_00355,PERSON_00355,upi,180404,PERSON_00060,upi
TXN_007556,2023-07-06,ACCT_00356,PERSON_00356,upi,11828,PERSON_00097,upi
TXN_007557,2025-06-15,ACCT_00357,PERSON_00357,upi,4210,PERSON_00134,upi
TXN_007558,2021-07-30,ACCT_00358,PERSON_00358,emi,21355,PERSON_00171,emi
TXN_007559,2021-01-19,ACCT_00359,PERSON_00359,upi,82911,PERSON_00208,upi
TXN_007560,2022-01-03,ACCT_00360,PERSON_00360,fuel,4598,PERSON_00245,fuel
TXN_007561,2025-12-29,ACCT_00361,PERSON_00361,emi,4976,PERSON_00282,emi
TXN_007562,2026-03-18,ACCT_00362,PERSON_00362,rent,14606,PERSON_00319,rent
TXN_007563,2024-07-10,ACCT_00363,PERSON_00363,salary,46549,PERSON_00356,salary
TXN_007564,2021-07-28,ACCT_00364,PERSON_00364,fuel,4137,PERSON_00393,fuel
TXN_007565,2021-04-29,ACCT_00365,PERSON_00365,grocery,3570,PERSON_00430,grocery
TXN_007566,2025-08-23,ACCT_00366,PERSON_00366,upi,143076,PERSON_00017,upi
TXN_007567,2026-04-03,ACCT_00367,PERSON_00367,upi,3679,PERSON_00054,upi
TXN_007568,2023-10-31,ACCT_00368,PERSON_00368,customer,102500,PERSON_00091,customer
TXN_007569,2024-01-04,ACCT_00369,PERSON_00369,grocery,3531,PERSON_00128,grocery
TXN_007570,2023-05-09,ACCT_00370,PERSON_00370,salary,23420,PERSON_00165,salary
TXN_007571,2021-04-25,ACCT_00371,PERSON_00371,salary,70893,PERSON_00202,salary
TXN_007572,2021-02-28,ACCT_00372,PERSON_00372,salary,70867,PERSON_00239,salary
TXN_007573,2021-05-01,ACCT_00373,PERSON_00373,rent,17856,PERSON_00276,rent
TXN_007574,2022-07-03,ACCT_00374,PERSON_00374,rent,14934,PERSON_00313,rent
TXN_007575,2022-08-13,ACCT_00375,PERSON_00375,emi,14070,PERSON_00350,emi
TXN_007576,2025-07-19,ACCT_00376,PERSON_00376,grocery,2104,PERSON_00387,grocery
TXN_007577,2022-04-18,ACCT_00377,PERSON_00377,supplier,83635,PERSON_00424,supplier
TXN_007578,2024-02-22,ACCT_00378,PERSON_00378,utility,5008,PERSON_00011,utility
TXN_007579,2022-06-01,ACCT_00379,PERSON_00379,rent,20274,PERSON_00048,rent
TXN_007580,2024-05-12,ACCT_00380,PERSON_00380,fuel,998,PERSON_00085,fuel
TXN_007581,2026-05-14,ACCT_00381,PERSON_00381,utility,5112,PERSON_00122,utility
TXN_007582,2022-05-24,ACCT_00382,PERSON_00382,transfer,42757,PERSON_00159,transfer
TXN_007583,2022-10-27,ACCT_00383,PERSON_00383,grocery,4294,PERSON_00196,grocery
TXN_007584,2024-10-04,ACCT_00384,PERSON_00384,rent,15300,PERSON_00233,rent
TXN_007585,2023-03-29,ACCT_00385,PERSON_00385,salary,34350,PERSON_00270,salary
TXN_007586,2025-07-31,ACCT_00386,PERSON_00386,grocery,1081,PERSON_00307,grocery
TXN_007587,2023-04-13,ACCT_00387,PERSON_00387,customer,36699,PERSON_00344,customer
TXN_007588,2024-12-23,ACCT_00388,PERSON_00388,supplier,81818,PERSON_00381,supplier
TXN_007589,2024-09-12,ACCT_00389,PERSON_00389,fuel,2877,PERSON_00418,fuel
TXN_007590,2026-06-16,ACCT_00390,PERSON_00390,fuel,3756,PERSON_00005,fuel
TXN_007591,2024-12-27,ACCT_00391,PERSON_00391,upi,224454,PERSON_00042,upi
TXN_007592,2022-08-31,ACCT_00392,PERSON_00392,grocery,2846,PERSON_00079,grocery
TXN_007593,2024-08-03,ACCT_00393,PERSON_00393,supplier,38820,PERSON_00116,supplier
TXN_007594,2023-02-12,ACCT_00394,PERSON_00394,salary,40343,PERSON_00153,salary
TXN_007595,2024-09-16,ACCT_00395,PERSON_00395,upi,242697,PERSON_00190,upi
TXN_007596,2025-05-10,ACCT_00396,PERSON_00396,emi,12395,PERSON_00227,emi
TXN_007597,2024-11-15,ACCT_00397,PERSON_00397,emi,19749,PERSON_00264,emi
TXN_007598,2021-01-17,ACCT_00398,PERSON_00398,upi,96707,PERSON_00301,upi
TXN_007599,2023-07-06,ACCT_00399,PERSON_00399,supplier,45109,PERSON_00338,supplier
TXN_007600,2021-07-22,ACCT_00400,PERSON_00400,salary,32305,PERSON_00375,salary
TXN_007601,2022-01-02,ACCT_00401,PERSON_00401,cash_deposit,154974,PERSON_00412,cash deposit
TXN_007602,2021-06-10,ACCT_00402,PERSON_00402,utility,1874,PERSON_00449,utility
TXN_007603,2026-06-24,ACCT_00403,PERSON_00403,rent,21617,PERSON_00036,rent
TXN_007604,2023-08-20,ACCT_00404,PERSON_00404,upi,7227,PERSON_00073,upi
TXN_007605,2022-11-19,ACCT_00405,PERSON_00405,customer,19400,PERSON_00110,customer
TXN_007606,2025-05-26,ACCT_00406,PERSON_00406,supplier,75003,PERSON_00147,supplier
TXN_007607,2025-02-09,ACCT_00407,PERSON_00407,grocery,1439,PERSON_00184,grocery
TXN_007608,2022-04-02,ACCT_00408,PERSON_00408,grocery,732,PERSON_00221,grocery
TXN_007609,2022-06-09,ACCT_00409,PERSON_00409,upi,3803,PERSON_00258,upi
TXN_007610,2022-03-04,ACCT_00410,PERSON_00410,salary,52822,PERSON_00295,salary
TXN_007611,2023-01-04,ACCT_00411,PERSON_00411,supplier,52680,PERSON_00332,supplier
TXN_007612,2021-09-28,ACCT_00412,PERSON_00412,grocery,971,PERSON_00369,grocery
TXN_007613,2024-10-11,ACCT_00413,PERSON_00413,utility,954,PERSON_00406,utility
TXN_007614,2022-06-24,ACCT_00414,PERSON_00414,supplier,49406,PERSON_00443,supplier
TXN_007615,2025-04-14,ACCT_00415,PERSON_00415,transfer,78659,PERSON_00030,transfer
TXN_007616,2021-05-08,ACCT_00416,PERSON_00416,customer,30199,PERSON_00067,customer
TXN_007617,2021-10-08,ACCT_00417,PERSON_00417,grocery,1061,PERSON_00104,grocery
TXN_007618,2021-10-23,ACCT_00418,PERSON_00418,upi,8016,PERSON_00141,upi
TXN_007619,2023-07-05,ACCT_00419,PERSON_00419,upi,8829,PERSON_00178,upi
TXN_007620,2022-11-29,ACCT_00420,PERSON_00420,salary,42453,PERSON_00215,salary
TXN_007621,2021-12-29,ACCT_00421,PERSON_00421,supplier,65914,PERSON_00252,supplier
TXN_007622,2022-03-25,ACCT_00422,PERSON_00422,salary,32140,PERSON_00289,salary
TXN_007623,2023-03-18,ACCT_00423,PERSON_00423,upi,11406,PERSON_00326,upi
TXN_007624,2022-06-13,ACCT_00424,PERSON_00424,upi,422,PERSON_00363,upi
TXN_007625,2021-11-20,ACCT_00425,PERSON_00425,customer,105773,PERSON_00400,customer
TXN_007626,2025-05-11,ACCT_00426,PERSON_00426,customer,95807,PERSON_00437,customer
TXN_007627,2025-02-09,ACCT_00427,PERSON_00427,fuel,4523,PERSON_00024,fuel
TXN_007628,2021-09-04,ACCT_00428,PERSON_00428,salary,50479,PERSON_00061,salary
TXN_007629,2026-05-11,ACCT_00429,PERSON_00429,salary,42400,PERSON_00098,salary
TXN_007630,2021-07-14,ACCT_00430,PERSON_00430,salary,57626,PERSON_00135,salary
TXN_007631,2023-03-09,ACCT_00431,PERSON_00431,customer,10054,PERSON_00172,customer
TXN_007632,2021-04-18,ACCT_00432,PERSON_00432,grocery,1843,PERSON_00209,grocery
TXN_007633,2024-11-24,ACCT_00433,PERSON_00433,transfer,33850,PERSON_00246,transfer
TXN_007634,2026-01-31,ACCT_00434,PERSON_00434,rent,6066,PERSON_00283,rent
TXN_007635,2021-09-19,ACCT_00435,PERSON_00435,customer,76546,PERSON_00320,customer
TXN_007636,2022-03-13,ACCT_00436,PERSON_00436,customer,101063,PERSON_00357,customer
TXN_007637,2021-05-13,ACCT_00437,PERSON_00437,upi,10181,PERSON_00394,upi
TXN_007638,2024-08-16,ACCT_00438,PERSON_00438,grocery,898,PERSON_00431,grocery
TXN_007639,2022-05-10,ACCT_00439,PERSON_00439,salary,26980,PERSON_00018,salary
TXN_007640,2022-07-16,ACCT_00440,PERSON_00440,fuel,4423,PERSON_00055,fuel
TXN_007641,2024-09-22,ACCT_00441,PERSON_00441,upi,6319,PERSON_00092,upi
TXN_007642,2024-02-14,ACCT_00442,PERSON_00442,customer,49827,PERSON_00129,customer
TXN_007643,2025-09-12,ACCT_00443,PERSON_00443,utility,2877,PERSON_00166,utility
TXN_007644,2022-09-16,ACCT_00444,PERSON_00444,salary,58458,PERSON_00203,salary
TXN_007645,2024-12-19,ACCT_00445,PERSON_00445,supplier,34395,PERSON_00240,supplier
TXN_007646,2025-11-13,ACCT_00446,PERSON_00446,transfer,6423,PERSON_00277,transfer
TXN_007647,2024-12-08,ACCT_00447,PERSON_00447,customer,58526,PERSON_00314,customer
TXN_007648,2024-12-14,ACCT_00448,PERSON_00448,grocery,1871,PERSON_00351,grocery
TXN_007649,2024-04-22,ACCT_00449,PERSON_00449,upi,72633,PERSON_00388,upi
TXN_007650,2022-02-25,ACCT_00450,PERSON_00450,utility,6958,PERSON_00425,utility
TXN_007651,2023-10-28,ACCT_00001,PERSON_00001,customer,115220,PERSON_00012,customer
TXN_007652,2022-06-01,ACCT_00002,PERSON_00002,supplier,56904,PERSON_00049,supplier
TXN_007653,2025-12-25,ACCT_00003,PERSON_00003,emi,27688,PERSON_00086,emi
TXN_007654,2025-08-07,ACCT_00004,PERSON_00004,grocery,1388,PERSON_00123,grocery
TXN_007655,2021-02-27,ACCT_00005,PERSON_00005,grocery,4806,PERSON_00160,grocery
TXN_007656,2023-03-17,ACCT_00006,PERSON_00006,utility,2584,PERSON_00197,utility
TXN_007657,2025-05-25,ACCT_00007,PERSON_00007,transfer,34782,PERSON_00234,transfer
TXN_007658,2025-05-31,ACCT_00008,PERSON_00008,rent,11617,PERSON_00271,rent
TXN_007659,2025-06-12,ACCT_00009,PERSON_00009,salary,53005,PERSON_00308,salary
TXN_007660,2025-05-04,ACCT_00010,PERSON_00010,fuel,5867,PERSON_00345,fuel
TXN_007661,2022-07-27,ACCT_00011,PERSON_00011,upi,6299,PERSON_00382,upi
TXN_007662,2022-09-09,ACCT_00012,PERSON_00012,supplier,76229,PERSON_00419,supplier
TXN_007663,2026-04-19,ACCT_00013,PERSON_00013,customer,35134,PERSON_00006,customer
TXN_007664,2023-10-11,ACCT_00014,PERSON_00014,cash_deposit,188837,PERSON_00043,cash deposit
TXN_007665,2023-06-18,ACCT_00015,PERSON_00015,customer,97891,PERSON_00080,customer
TXN_007666,2022-05-18,ACCT_00016,PERSON_00016,supplier,10259,PERSON_00117,supplier
TXN_007667,2024-06-19,ACCT_00017,PERSON_00017,upi,53653,PERSON_00154,upi
TXN_007668,2021-05-19,ACCT_00018,PERSON_00018,salary,40786,PERSON_00191,salary
TXN_007669,2026-04-10,ACCT_00019,PERSON_00019,transfer,21415,PERSON_00228,transfer
TXN_007670,2026-03-04,ACCT_00020,PERSON_00020,supplier,68745,PERSON_00265,supplier
TXN_007671,2024-06-29,ACCT_00021,PERSON_00021,upi,169921,PERSON_00302,upi
TXN_007672,2021-09-29,ACCT_00022,PERSON_00022,rent,12289,PERSON_00339,rent
TXN_007673,2025-03-31,ACCT_00023,PERSON_00023,transfer,34995,PERSON_00376,transfer
TXN_007674,2021-11-14,ACCT_00024,PERSON_00024,cash_deposit,102112,PERSON_00413,cash deposit
TXN_007675,2021-07-22,ACCT_00025,PERSON_00025,grocery,4486,PERSON_00450,grocery
TXN_007676,2022-04-30,ACCT_00026,PERSON_00026,grocery,3754,PERSON_00037,grocery
TXN_007677,2025-05-22,ACCT_00027,PERSON_00027,upi,9465,PERSON_00074,upi
TXN_007678,2024-04-21,ACCT_00028,PERSON_00028,utility,768,PERSON_00111,utility
TXN_007679,2021-05-12,ACCT_00029,PERSON_00029,customer,90378,PERSON_00148,customer
TXN_007680,2026-04-08,ACCT_00030,PERSON_00030,upi,148457,PERSON_00185,upi
TXN_007681,2024-12-14,ACCT_00031,PERSON_00031,transfer,91371,PERSON_00222,transfer
TXN_007682,2022-03-07,ACCT_00032,PERSON_00032,grocery,3772,PERSON_00259,grocery
TXN_007683,2022-01-31,ACCT_00033,PERSON_00033,upi,197468,PERSON_00296,upi
TXN_007684,2025-02-28,ACCT_00034,PERSON_00034,emi,5526,PERSON_00333,emi
TXN_007685,2023-08-23,ACCT_00035,PERSON_00035,grocery,832,PERSON_00370,grocery
TXN_007686,2024-05-30,ACCT_00036,PERSON_00036,salary,33127,PERSON_00407,salary
TXN_007687,2026-03-07,ACCT_00037,PERSON_00037,rent,14621,PERSON_00444,rent
TXN_007688,2021-12-13,ACCT_00038,PERSON_00038,grocery,6251,PERSON_00031,grocery
TXN_007689,2024-07-08,ACCT_00039,PERSON_00039,upi,10877,PERSON_00068,upi
TXN_007690,2024-06-11,ACCT_00040,PERSON_00040,salary,65973,PERSON_00105,salary
TXN_007691,2021-05-02,ACCT_00041,PERSON_00041,upi,3148,PERSON_00142,upi
TXN_007692,2021-12-04,ACCT_00042,PERSON_00042,salary,49303,PERSON_00179,salary
TXN_007693,2026-01-12,ACCT_00043,PERSON_00043,upi,615,PERSON_00216,upi
TXN_007694,2022-09-08,ACCT_00044,PERSON_00044,upi,2316,PERSON_00253,upi
TXN_007695,2024-05-03,ACCT_00045,PERSON_00045,grocery,2295,PERSON_00290,grocery
TXN_007696,2022-09-08,ACCT_00046,PERSON_00046,utility,5553,PERSON_00327,utility
TXN_007697,2022-11-08,ACCT_00047,PERSON_00047,utility,3919,PERSON_00364,utility
TXN_007698,2023-08-07,ACCT_00048,PERSON_00048,salary,33817,PERSON_00401,salary
TXN_007699,2026-01-02,ACCT_00049,PERSON_00049,cash_deposit,39346,PERSON_00438,cash deposit
TXN_007700,2024-04-14,ACCT_00050,PERSON_00050,customer,79920,PERSON_00025,customer
TXN_007701,2023-09-20,ACCT_00051,PERSON_00051,cash_deposit,78496,PERSON_00062,cash deposit
TXN_007702,2022-10-27,ACCT_00052,PERSON_00052,grocery,1265,PERSON_00099,grocery
TXN_007703,2023-01-24,ACCT_00053,PERSON_00053,cash_deposit,125256,PERSON_00136,cash deposit
TXN_007704,2022-11-09,ACCT_00054,PERSON_00054,salary,27464,PERSON_00173,salary
TXN_007705,2021-08-06,ACCT_00055,PERSON_00055,upi,198320,PERSON_00210,upi
TXN_007706,2024-04-03,ACCT_00056,PERSON_00056,supplier,80394,PERSON_00247,supplier
TXN_007707,2023-12-06,ACCT_00057,PERSON_00057,rent,20642,PERSON_00284,rent
TXN_007708,2024-10-10,ACCT_00058,PERSON_00058,upi,166628,PERSON_00321,upi
TXN_007709,2023-07-17,ACCT_00059,PERSON_00059,salary,29858,PERSON_00358,salary
TXN_007710,2025-09-09,ACCT_00060,PERSON_00060,fuel,3461,PERSON_00395,fuel
TXN_007711,2021-10-29,ACCT_00061,PERSON_00061,grocery,545,PERSON_00432,grocery
TXN_007712,2021-10-29,ACCT_00062,PERSON_00062,supplier,25007,PERSON_00019,supplier
TXN_007713,2021-01-02,ACCT_00063,PERSON_00063,emi,34770,PERSON_00056,emi
TXN_007714,2025-03-03,ACCT_00064,PERSON_00064,salary,23267,PERSON_00093,salary
TXN_007715,2021-04-04,ACCT_00065,PERSON_00065,upi,218124,PERSON_00130,upi
TXN_007716,2025-03-27,ACCT_00066,PERSON_00066,supplier,10885,PERSON_00167,supplier
TXN_007717,2024-02-11,ACCT_00067,PERSON_00067,cash_deposit,74796,PERSON_00204,cash deposit
TXN_007718,2022-10-28,ACCT_00068,PERSON_00068,rent,9415,PERSON_00241,rent
TXN_007719,2026-05-22,ACCT_00069,PERSON_00069,rent,20990,PERSON_00278,rent
TXN_007720,2023-05-11,ACCT_00070,PERSON_00070,fuel,4418,PERSON_00315,fuel
TXN_007721,2021-02-13,ACCT_00071,PERSON_00071,grocery,6253,PERSON_00352,grocery
TXN_007722,2022-09-03,ACCT_00072,PERSON_00072,emi,17079,PERSON_00389,emi
TXN_007723,2023-10-26,ACCT_00073,PERSON_00073,salary,61169,PERSON_00426,salary
TXN_007724,2022-11-22,ACCT_00074,PERSON_00074,salary,43598,PERSON_00013,salary
TXN_007725,2021-10-06,ACCT_00075,PERSON_00075,customer,77237,PERSON_00050,customer
TXN_007726,2026-04-18,ACCT_00076,PERSON_00076,salary,49070,PERSON_00087,salary
TXN_007727,2026-01-02,ACCT_00077,PERSON_00077,emi,9726,PERSON_00124,emi
TXN_007728,2023-02-23,ACCT_00078,PERSON_00078,rent,14080,PERSON_00161,rent
TXN_007729,2022-08-28,ACCT_00079,PERSON_00079,grocery,1559,PERSON_00198,grocery
TXN_007730,2021-07-26,ACCT_00080,PERSON_00080,upi,4144,PERSON_00235,upi
TXN_007731,2026-05-10,ACCT_00081,PERSON_00081,cash_deposit,38957,PERSON_00272,cash deposit
TXN_007732,2023-10-01,ACCT_00082,PERSON_00082,supplier,84398,PERSON_00309,supplier
TXN_007733,2023-04-27,ACCT_00083,PERSON_00083,salary,57189,PERSON_00346,salary
TXN_007734,2021-01-28,ACCT_00084,PERSON_00084,customer,102303,PERSON_00383,customer
TXN_007735,2023-08-25,ACCT_00085,PERSON_00085,rent,11343,PERSON_00420,rent
TXN_007736,2022-03-30,ACCT_00086,PERSON_00086,fuel,4795,PERSON_00007,fuel
TXN_007737,2025-04-20,ACCT_00087,PERSON_00087,fuel,3570,PERSON_00044,fuel
TXN_007738,2022-02-08,ACCT_00088,PERSON_00088,supplier,59764,PERSON_00081,supplier
TXN_007739,2023-05-24,ACCT_00089,PERSON_00089,upi,46716,PERSON_00118,upi
TXN_007740,2021-04-02,ACCT_00090,PERSON_00090,utility,2981,PERSON_00155,utility
TXN_007741,2022-11-12,ACCT_00091,PERSON_00091,transfer,78305,PERSON_00192,transfer
TXN_007742,2023-02-19,ACCT_00092,PERSON_00092,upi,194559,PERSON_00229,upi
TXN_007743,2025-05-08,ACCT_00093,PERSON_00093,salary,18757,PERSON_00266,salary
TXN_007744,2021-05-19,ACCT_00094,PERSON_00094,fuel,1540,PERSON_00303,fuel
TXN_007745,2024-03-14,ACCT_00095,PERSON_00095,transfer,222592,PERSON_00340,transfer
TXN_007746,2022-09-12,ACCT_00096,PERSON_00096,utility,5182,PERSON_00377,utility
TXN_007747,2024-08-19,ACCT_00097,PERSON_00097,transfer,30424,PERSON_00414,transfer
TXN_007748,2025-05-27,ACCT_00098,PERSON_00098,upi,4501,PERSON_00001,upi
TXN_007749,2021-11-11,ACCT_00099,PERSON_00099,grocery,373,PERSON_00038,grocery
TXN_007750,2022-12-04,ACCT_00100,PERSON_00100,fuel,2718,PERSON_00075,fuel
TXN_007751,2021-11-12,ACCT_00101,PERSON_00101,salary,60962,PERSON_00112,salary
TXN_007752,2022-08-17,ACCT_00102,PERSON_00102,fuel,5282,PERSON_00149,fuel
TXN_007753,2022-11-10,ACCT_00103,PERSON_00103,utility,4852,PERSON_00186,utility
TXN_007754,2024-04-27,ACCT_00104,PERSON_00104,utility,1262,PERSON_00223,utility
TXN_007755,2026-06-10,ACCT_00105,PERSON_00105,upi,79999,PERSON_00260,upi
TXN_007756,2021-05-21,ACCT_00106,PERSON_00106,upi,111825,PERSON_00297,upi
TXN_007757,2023-07-12,ACCT_00107,PERSON_00107,emi,26861,PERSON_00334,emi
TXN_007758,2024-09-06,ACCT_00108,PERSON_00108,customer,94850,PERSON_00371,customer
TXN_007759,2021-06-29,ACCT_00109,PERSON_00109,upi,8507,PERSON_00408,upi
TXN_007760,2022-04-24,ACCT_00110,PERSON_00110,utility,6184,PERSON_00445,utility
TXN_007761,2021-08-07,ACCT_00111,PERSON_00111,emi,15094,PERSON_00032,emi
TXN_007762,2024-10-17,ACCT_00112,PERSON_00112,salary,22825,PERSON_00069,salary
TXN_007763,2025-06-11,ACCT_00113,PERSON_00113,transfer,172013,PERSON_00106,transfer
TXN_007764,2024-09-13,ACCT_00114,PERSON_00114,upi,58943,PERSON_00143,upi
TXN_007765,2022-06-16,ACCT_00115,PERSON_00115,cash_deposit,115166,PERSON_00180,cash deposit
TXN_007766,2023-08-24,ACCT_00116,PERSON_00116,rent,17588,PERSON_00217,rent
TXN_007767,2021-06-09,ACCT_00117,PERSON_00117,emi,16114,PERSON_00254,emi
TXN_007768,2022-04-10,ACCT_00118,PERSON_00118,upi,249248,PERSON_00291,upi
TXN_007769,2024-05-03,ACCT_00119,PERSON_00119,upi,7764,PERSON_00328,upi
TXN_007770,2022-02-22,ACCT_00120,PERSON_00120,grocery,4260,PERSON_00365,grocery
TXN_007771,2022-02-08,ACCT_00121,PERSON_00121,supplier,20849,PERSON_00402,supplier
TXN_007772,2025-07-12,ACCT_00122,PERSON_00122,upi,69138,PERSON_00439,upi
TXN_007773,2025-03-11,ACCT_00123,PERSON_00123,fuel,896,PERSON_00026,fuel
TXN_007774,2024-01-25,ACCT_00124,PERSON_00124,emi,14324,PERSON_00063,emi
TXN_007775,2023-10-18,ACCT_00125,PERSON_00125,rent,8652,PERSON_00100,rent
TXN_007776,2024-05-08,ACCT_00126,PERSON_00126,rent,9763,PERSON_00137,rent
TXN_007777,2022-07-27,ACCT_00127,PERSON_00127,upi,95811,PERSON_00174,upi
TXN_007778,2022-06-27,ACCT_00128,PERSON_00128,customer,109477,PERSON_00211,customer
TXN_007779,2022-09-07,ACCT_00129,PERSON_00129,salary,20463,PERSON_00248,salary
TXN_007780,2021-01-14,ACCT_00130,PERSON_00130,upi,43090,PERSON_00285,upi
TXN_007781,2024-08-16,ACCT_00131,PERSON_00131,transfer,51002,PERSON_00322,transfer
TXN_007782,2023-10-06,ACCT_00132,PERSON_00132,transfer,79480,PERSON_00359,transfer
TXN_007783,2024-11-05,ACCT_00133,PERSON_00133,fuel,892,PERSON_00396,fuel
TXN_007784,2025-10-01,ACCT_00134,PERSON_00134,salary,41431,PERSON_00433,salary
TXN_007785,2025-08-02,ACCT_00135,PERSON_00135,grocery,1100,PERSON_00020,grocery
TXN_007786,2021-08-16,ACCT_00136,PERSON_00136,fuel,5350,PERSON_00057,fuel
TXN_007787,2024-09-05,ACCT_00137,PERSON_00137,transfer,75927,PERSON_00094,transfer
TXN_007788,2025-08-20,ACCT_00138,PERSON_00138,salary,37795,PERSON_00131,salary
TXN_007789,2023-12-17,ACCT_00139,PERSON_00139,salary,63672,PERSON_00168,salary
TXN_007790,2025-10-01,ACCT_00140,PERSON_00140,grocery,1944,PERSON_00205,grocery
TXN_007791,2023-07-13,ACCT_00141,PERSON_00141,grocery,1503,PERSON_00242,grocery
TXN_007792,2022-05-17,ACCT_00142,PERSON_00142,upi,709,PERSON_00279,upi
TXN_007793,2022-12-16,ACCT_00143,PERSON_00143,salary,64662,PERSON_00316,salary
TXN_007794,2026-04-14,ACCT_00144,PERSON_00144,emi,12324,PERSON_00353,emi
TXN_007795,2024-06-20,ACCT_00145,PERSON_00145,salary,74485,PERSON_00390,salary
TXN_007796,2026-04-24,ACCT_00146,PERSON_00146,fuel,5780,PERSON_00427,fuel
TXN_007797,2025-07-14,ACCT_00147,PERSON_00147,rent,19859,PERSON_00014,rent
TXN_007798,2025-02-15,ACCT_00148,PERSON_00148,salary,20856,PERSON_00051,salary
TXN_007799,2021-10-17,ACCT_00149,PERSON_00149,salary,64256,PERSON_00088,salary
TXN_007800,2026-05-01,ACCT_00150,PERSON_00150,grocery,3335,PERSON_00125,grocery
TXN_007801,2023-01-21,ACCT_00151,PERSON_00151,grocery,4637,PERSON_00162,grocery
TXN_007802,2023-07-17,ACCT_00152,PERSON_00152,supplier,41535,PERSON_00199,supplier
TXN_007803,2024-07-13,ACCT_00153,PERSON_00153,upi,66435,PERSON_00236,upi
TXN_007804,2026-05-11,ACCT_00154,PERSON_00154,upi,69241,PERSON_00273,upi
TXN_007805,2022-11-18,ACCT_00155,PERSON_00155,upi,239710,PERSON_00310,upi
TXN_007806,2021-09-24,ACCT_00156,PERSON_00156,cash_deposit,156409,PERSON_00347,cash deposit
TXN_007807,2021-10-17,ACCT_00157,PERSON_00157,emi,25830,PERSON_00384,emi
TXN_007808,2021-02-15,ACCT_00158,PERSON_00158,grocery,2354,PERSON_00421,grocery
TXN_007809,2022-03-25,ACCT_00159,PERSON_00159,grocery,4320,PERSON_00008,grocery
TXN_007810,2025-02-14,ACCT_00160,PERSON_00160,upi,203660,PERSON_00045,upi
TXN_007811,2025-04-09,ACCT_00161,PERSON_00161,upi,126086,PERSON_00082,upi
TXN_007812,2021-02-25,ACCT_00162,PERSON_00162,cash_deposit,222352,PERSON_00119,cash deposit
TXN_007813,2025-05-26,ACCT_00163,PERSON_00163,salary,24806,PERSON_00156,salary
TXN_007814,2022-07-16,ACCT_00164,PERSON_00164,grocery,6072,PERSON_00193,grocery
TXN_007815,2022-11-14,ACCT_00165,PERSON_00165,customer,106304,PERSON_00230,customer
TXN_007816,2025-10-16,ACCT_00166,PERSON_00166,grocery,5581,PERSON_00267,grocery
TXN_007817,2022-02-26,ACCT_00167,PERSON_00167,fuel,1825,PERSON_00304,fuel
TXN_007818,2023-12-19,ACCT_00168,PERSON_00168,rent,14296,PERSON_00341,rent
TXN_007819,2023-11-18,ACCT_00169,PERSON_00169,transfer,29156,PERSON_00378,transfer
TXN_007820,2022-11-05,ACCT_00170,PERSON_00170,customer,68449,PERSON_00415,customer
TXN_007821,2024-06-16,ACCT_00171,PERSON_00171,salary,49256,PERSON_00002,salary
TXN_007822,2022-01-31,ACCT_00172,PERSON_00172,grocery,3144,PERSON_00039,grocery
TXN_007823,2025-10-27,ACCT_00173,PERSON_00173,rent,21750,PERSON_00076,rent
TXN_007824,2025-04-19,ACCT_00174,PERSON_00174,upi,6188,PERSON_00113,upi
TXN_007825,2023-07-27,ACCT_00175,PERSON_00175,upi,6925,PERSON_00150,upi
TXN_007826,2026-03-05,ACCT_00176,PERSON_00176,supplier,46289,PERSON_00187,supplier
TXN_007827,2023-09-28,ACCT_00177,PERSON_00177,salary,55972,PERSON_00224,salary
TXN_007828,2024-10-28,ACCT_00178,PERSON_00178,rent,19680,PERSON_00261,rent
TXN_007829,2025-09-21,ACCT_00179,PERSON_00179,upi,108263,PERSON_00298,upi
TXN_007830,2026-04-09,ACCT_00180,PERSON_00180,cash_deposit,155151,PERSON_00335,cash deposit
TXN_007831,2024-02-07,ACCT_00181,PERSON_00181,salary,46689,PERSON_00372,salary
TXN_007832,2024-09-10,ACCT_00182,PERSON_00182,transfer,220520,PERSON_00409,transfer
TXN_007833,2021-04-21,ACCT_00183,PERSON_00183,fuel,5336,PERSON_00446,fuel
TXN_007834,2024-10-08,ACCT_00184,PERSON_00184,rent,17611,PERSON_00033,rent
TXN_007835,2025-11-26,ACCT_00185,PERSON_00185,rent,17473,PERSON_00070,rent
TXN_007836,2021-06-13,ACCT_00186,PERSON_00186,customer,66278,PERSON_00107,customer
TXN_007837,2021-11-04,ACCT_00187,PERSON_00187,customer,5139,PERSON_00144,customer
TXN_007838,2026-04-07,ACCT_00188,PERSON_00188,grocery,3269,PERSON_00181,grocery
TXN_007839,2022-09-19,ACCT_00189,PERSON_00189,upi,64185,PERSON_00218,upi
TXN_007840,2024-12-03,ACCT_00190,PERSON_00190,rent,7615,PERSON_00255,rent
TXN_007841,2023-11-17,ACCT_00191,PERSON_00191,rent,12561,PERSON_00292,rent
TXN_007842,2024-05-26,ACCT_00192,PERSON_00192,emi,33751,PERSON_00329,emi
TXN_007843,2025-08-25,ACCT_00193,PERSON_00193,salary,25258,PERSON_00366,salary
TXN_007844,2023-05-31,ACCT_00194,PERSON_00194,rent,11786,PERSON_00403,rent
TXN_007845,2026-04-15,ACCT_00195,PERSON_00195,supplier,33112,PERSON_00440,supplier
TXN_007846,2025-01-01,ACCT_00196,PERSON_00196,rent,18341,PERSON_00027,rent
TXN_007847,2025-07-09,ACCT_00197,PERSON_00197,cash_deposit,72183,PERSON_00064,cash deposit
TXN_007848,2022-06-12,ACCT_00198,PERSON_00198,fuel,2014,PERSON_00101,fuel
TXN_007849,2023-03-25,ACCT_00199,PERSON_00199,customer,91403,PERSON_00138,customer
TXN_007850,2025-10-18,ACCT_00200,PERSON_00200,customer,35390,PERSON_00175,customer
TXN_007851,2024-06-13,ACCT_00201,PERSON_00201,supplier,61380,PERSON_00212,supplier
TXN_007852,2024-01-16,ACCT_00202,PERSON_00202,grocery,3316,PERSON_00249,grocery
TXN_007853,2025-09-05,ACCT_00203,PERSON_00203,upi,493,PERSON_00286,upi
TXN_007854,2025-01-07,ACCT_00204,PERSON_00204,supplier,64801,PERSON_00323,supplier
TXN_007855,2023-08-29,ACCT_00205,PERSON_00205,emi,3055,PERSON_00360,emi
TXN_007856,2025-12-04,ACCT_00206,PERSON_00206,cash_deposit,178658,PERSON_00397,cash deposit
TXN_007857,2025-04-23,ACCT_00207,PERSON_00207,cash_deposit,123771,PERSON_00434,cash deposit
TXN_007858,2021-09-09,ACCT_00208,PERSON_00208,upi,1016,PERSON_00021,upi
TXN_007859,2024-09-19,ACCT_00209,PERSON_00209,salary,35590,PERSON_00058,salary
TXN_007860,2024-09-07,ACCT_00210,PERSON_00210,salary,68919,PERSON_00095,salary
TXN_007861,2022-01-17,ACCT_00211,PERSON_00211,grocery,3674,PERSON_00132,grocery
TXN_007862,2024-07-05,ACCT_00212,PERSON_00212,upi,6441,PERSON_00169,upi
TXN_007863,2022-11-16,ACCT_00213,PERSON_00213,upi,10967,PERSON_00206,upi
TXN_007864,2021-02-06,ACCT_00214,PERSON_00214,rent,10010,PERSON_00243,rent
TXN_007865,2022-10-25,ACCT_00215,PERSON_00215,grocery,4343,PERSON_00280,grocery
TXN_007866,2022-05-22,ACCT_00216,PERSON_00216,upi,225367,PERSON_00317,upi
TXN_007867,2023-04-29,ACCT_00217,PERSON_00217,supplier,31441,PERSON_00354,supplier
TXN_007868,2026-04-23,ACCT_00218,PERSON_00218,grocery,6274,PERSON_00391,grocery
TXN_007869,2023-05-02,ACCT_00219,PERSON_00219,upi,47537,PERSON_00428,upi
TXN_007870,2024-06-24,ACCT_00220,PERSON_00220,upi,80591,PERSON_00015,upi
TXN_007871,2025-04-26,ACCT_00221,PERSON_00221,grocery,5494,PERSON_00052,grocery
TXN_007872,2026-05-26,ACCT_00222,PERSON_00222,salary,33397,PERSON_00089,salary
TXN_007873,2026-06-28,ACCT_00223,PERSON_00223,customer,49779,PERSON_00126,customer
TXN_007874,2025-01-13,ACCT_00224,PERSON_00224,emi,30113,PERSON_00163,emi
TXN_007875,2022-02-14,ACCT_00225,PERSON_00225,fuel,3752,PERSON_00200,fuel
TXN_007876,2021-06-10,ACCT_00226,PERSON_00226,transfer,189692,PERSON_00237,transfer
TXN_007877,2021-11-02,ACCT_00227,PERSON_00227,fuel,3015,PERSON_00274,fuel
TXN_007878,2023-07-10,ACCT_00228,PERSON_00228,transfer,200734,PERSON_00311,transfer
TXN_007879,2023-03-01,ACCT_00229,PERSON_00229,cash_deposit,193044,PERSON_00348,cash deposit
TXN_007880,2024-03-31,ACCT_00230,PERSON_00230,salary,52054,PERSON_00385,salary
TXN_007881,2024-05-06,ACCT_00231,PERSON_00231,grocery,2342,PERSON_00422,grocery
TXN_007882,2026-06-03,ACCT_00232,PERSON_00232,supplier,60490,PERSON_00009,supplier
TXN_007883,2021-09-05,ACCT_00233,PERSON_00233,supplier,17724,PERSON_00046,supplier
TXN_007884,2021-02-09,ACCT_00234,PERSON_00234,salary,50233,PERSON_00083,salary
TXN_007885,2026-05-05,ACCT_00235,PERSON_00235,transfer,7571,PERSON_00120,transfer
TXN_007886,2023-11-19,ACCT_00236,PERSON_00236,supplier,53792,PERSON_00157,supplier
TXN_007887,2021-09-15,ACCT_00237,PERSON_00237,emi,9427,PERSON_00194,emi
TXN_007888,2023-07-28,ACCT_00238,PERSON_00238,grocery,350,PERSON_00231,grocery
TXN_007889,2025-12-02,ACCT_00239,PERSON_00239,upi,830,PERSON_00268,upi
TXN_007890,2021-03-29,ACCT_00240,PERSON_00240,upi,243196,PERSON_00305,upi
TXN_007891,2024-09-23,ACCT_00241,PERSON_00241,emi,21888,PERSON_00342,emi
TXN_007892,2024-07-31,ACCT_00242,PERSON_00242,supplier,46135,PERSON_00379,supplier
TXN_007893,2021-05-05,ACCT_00243,PERSON_00243,emi,23606,PERSON_00416,emi
TXN_007894,2023-11-30,ACCT_00244,PERSON_00244,upi,74390,PERSON_00003,upi
TXN_007895,2021-11-18,ACCT_00245,PERSON_00245,rent,17949,PERSON_00040,rent
TXN_007896,2025-12-22,ACCT_00246,PERSON_00246,supplier,14950,PERSON_00077,supplier
TXN_007897,2024-02-21,ACCT_00247,PERSON_00247,rent,9482,PERSON_00114,rent
TXN_007898,2025-04-10,ACCT_00248,PERSON_00248,supplier,48474,PERSON_00151,supplier
TXN_007899,2024-06-07,ACCT_00249,PERSON_00249,rent,9547,PERSON_00188,rent
TXN_007900,2026-03-19,ACCT_00250,PERSON_00250,utility,3529,PERSON_00225,utility
TXN_007901,2025-06-30,ACCT_00251,PERSON_00251,transfer,71600,PERSON_00262,transfer
TXN_007902,2026-01-29,ACCT_00252,PERSON_00252,salary,61645,PERSON_00299,salary
TXN_007903,2021-09-18,ACCT_00253,PERSON_00253,upi,2965,PERSON_00336,upi
TXN_007904,2025-09-18,ACCT_00254,PERSON_00254,rent,8992,PERSON_00373,rent
TXN_007905,2024-06-01,ACCT_00255,PERSON_00255,transfer,216588,PERSON_00410,transfer
TXN_007906,2023-06-19,ACCT_00256,PERSON_00256,cash_deposit,226841,PERSON_00447,cash deposit
TXN_007907,2023-03-04,ACCT_00257,PERSON_00257,customer,113908,PERSON_00034,customer
TXN_007908,2021-10-01,ACCT_00258,PERSON_00258,customer,81581,PERSON_00071,customer
TXN_007909,2023-08-20,ACCT_00259,PERSON_00259,transfer,35712,PERSON_00108,transfer
TXN_007910,2023-05-22,ACCT_00260,PERSON_00260,emi,5918,PERSON_00145,emi
TXN_007911,2025-05-12,ACCT_00261,PERSON_00261,upi,10814,PERSON_00182,upi
TXN_007912,2021-10-23,ACCT_00262,PERSON_00262,transfer,76502,PERSON_00219,transfer
TXN_007913,2025-11-08,ACCT_00263,PERSON_00263,salary,47431,PERSON_00256,salary
TXN_007914,2025-03-13,ACCT_00264,PERSON_00264,customer,29573,PERSON_00293,customer
TXN_007915,2024-11-03,ACCT_00265,PERSON_00265,fuel,5033,PERSON_00330,fuel
TXN_007916,2024-10-29,ACCT_00266,PERSON_00266,salary,43813,PERSON_00367,salary
TXN_007917,2025-05-22,ACCT_00267,PERSON_00267,salary,39574,PERSON_00404,salary
TXN_007918,2024-03-06,ACCT_00268,PERSON_00268,utility,1998,PERSON_00441,utility
TXN_007919,2023-09-26,ACCT_00269,PERSON_00269,salary,18655,PERSON_00028,salary
TXN_007920,2026-04-25,ACCT_00270,PERSON_00270,utility,638,PERSON_00065,utility
TXN_007921,2023-08-27,ACCT_00271,PERSON_00271,customer,117450,PERSON_00102,customer
TXN_007922,2024-03-16,ACCT_00272,PERSON_00272,fuel,2119,PERSON_00139,fuel
TXN_007923,2022-12-07,ACCT_00273,PERSON_00273,fuel,2537,PERSON_00176,fuel
TXN_007924,2021-07-03,ACCT_00274,PERSON_00274,grocery,1563,PERSON_00213,grocery
TXN_007925,2022-07-30,ACCT_00275,PERSON_00275,emi,27264,PERSON_00250,emi
TXN_007926,2024-12-20,ACCT_00276,PERSON_00276,cash_deposit,167315,PERSON_00287,cash deposit
TXN_007927,2023-05-07,ACCT_00277,PERSON_00277,grocery,996,PERSON_00324,grocery
TXN_007928,2022-04-28,ACCT_00278,PERSON_00278,salary,43602,PERSON_00361,salary
TXN_007929,2025-07-19,ACCT_00279,PERSON_00279,grocery,2646,PERSON_00398,grocery
TXN_007930,2021-07-20,ACCT_00280,PERSON_00280,transfer,9400,PERSON_00435,transfer
TXN_007931,2026-02-27,ACCT_00281,PERSON_00281,transfer,37774,PERSON_00022,transfer
TXN_007932,2022-11-17,ACCT_00282,PERSON_00282,grocery,2511,PERSON_00059,grocery
TXN_007933,2022-12-24,ACCT_00283,PERSON_00283,rent,10394,PERSON_00096,rent
TXN_007934,2022-06-17,ACCT_00284,PERSON_00284,customer,57445,PERSON_00133,customer
TXN_007935,2021-02-21,ACCT_00285,PERSON_00285,supplier,13001,PERSON_00170,supplier
TXN_007936,2023-01-20,ACCT_00286,PERSON_00286,utility,2482,PERSON_00207,utility
TXN_007937,2021-04-22,ACCT_00287,PERSON_00287,grocery,2848,PERSON_00244,grocery
TXN_007938,2024-03-11,ACCT_00288,PERSON_00288,upi,89461,PERSON_00281,upi
TXN_007939,2024-11-12,ACCT_00289,PERSON_00289,grocery,896,PERSON_00318,grocery
TXN_007940,2026-02-05,ACCT_00290,PERSON_00290,emi,15617,PERSON_00355,emi
TXN_007941,2022-09-07,ACCT_00291,PERSON_00291,salary,66171,PERSON_00392,salary
TXN_007942,2026-05-22,ACCT_00292,PERSON_00292,supplier,54422,PERSON_00429,supplier
TXN_007943,2026-05-10,ACCT_00293,PERSON_00293,grocery,4461,PERSON_00016,grocery
TXN_007944,2025-04-01,ACCT_00294,PERSON_00294,supplier,57914,PERSON_00053,supplier
TXN_007945,2022-01-29,ACCT_00295,PERSON_00295,upi,4612,PERSON_00090,upi
TXN_007946,2022-01-13,ACCT_00296,PERSON_00296,salary,64510,PERSON_00127,salary
TXN_007947,2024-07-26,ACCT_00297,PERSON_00297,fuel,3281,PERSON_00164,fuel
TXN_007948,2022-03-08,ACCT_00298,PERSON_00298,grocery,5773,PERSON_00201,grocery
TXN_007949,2025-05-23,ACCT_00299,PERSON_00299,rent,7402,PERSON_00238,rent
TXN_007950,2024-02-23,ACCT_00300,PERSON_00300,salary,41296,PERSON_00275,salary
TXN_007951,2022-12-16,ACCT_00301,PERSON_00301,upi,143406,PERSON_00312,upi
TXN_007952,2022-05-16,ACCT_00302,PERSON_00302,supplier,10513,PERSON_00349,supplier
TXN_007953,2025-10-19,ACCT_00303,PERSON_00303,grocery,3383,PERSON_00386,grocery
TXN_007954,2023-04-06,ACCT_00304,PERSON_00304,grocery,5409,PERSON_00423,grocery
TXN_007955,2026-06-18,ACCT_00305,PERSON_00305,upi,477,PERSON_00010,upi
TXN_007956,2022-10-29,ACCT_00306,PERSON_00306,upi,4632,PERSON_00047,upi
TXN_007957,2025-08-25,ACCT_00307,PERSON_00307,emi,21854,PERSON_00084,emi
TXN_007958,2023-11-28,ACCT_00308,PERSON_00308,grocery,432,PERSON_00121,grocery
TXN_007959,2022-08-13,ACCT_00309,PERSON_00309,grocery,1772,PERSON_00158,grocery
TXN_007960,2026-05-23,ACCT_00310,PERSON_00310,transfer,161131,PERSON_00195,transfer
TXN_007961,2022-05-12,ACCT_00311,PERSON_00311,rent,10544,PERSON_00232,rent
TXN_007962,2023-08-13,ACCT_00312,PERSON_00312,upi,6493,PERSON_00269,upi
TXN_007963,2025-01-18,ACCT_00313,PERSON_00313,salary,37269,PERSON_00306,salary
TXN_007964,2021-04-11,ACCT_00314,PERSON_00314,fuel,4121,PERSON_00343,fuel
TXN_007965,2021-01-07,ACCT_00315,PERSON_00315,grocery,536,PERSON_00380,grocery
TXN_007966,2024-02-05,ACCT_00316,PERSON_00316,upi,6105,PERSON_00417,upi
TXN_007967,2021-03-17,ACCT_00317,PERSON_00317,grocery,3674,PERSON_00004,grocery
TXN_007968,2023-06-05,ACCT_00318,PERSON_00318,upi,247899,PERSON_00041,upi
TXN_007969,2026-01-14,ACCT_00319,PERSON_00319,grocery,6304,PERSON_00078,grocery
TXN_007970,2023-12-11,ACCT_00320,PERSON_00320,emi,27524,PERSON_00115,emi
TXN_007971,2024-08-23,ACCT_00321,PERSON_00321,upi,238169,PERSON_00152,upi
TXN_007972,2022-05-13,ACCT_00322,PERSON_00322,rent,16770,PERSON_00189,rent
TXN_007973,2024-12-28,ACCT_00323,PERSON_00323,customer,87572,PERSON_00226,customer
TXN_007974,2022-05-10,ACCT_00324,PERSON_00324,emi,7189,PERSON_00263,emi
TXN_007975,2022-03-20,ACCT_00325,PERSON_00325,utility,5320,PERSON_00300,utility
TXN_007976,2024-12-06,ACCT_00326,PERSON_00326,cash_deposit,34115,PERSON_00337,cash deposit
TXN_007977,2022-11-25,ACCT_00327,PERSON_00327,rent,12261,PERSON_00374,rent
TXN_007978,2022-07-05,ACCT_00328,PERSON_00328,salary,71334,PERSON_00411,salary
TXN_007979,2025-02-01,ACCT_00329,PERSON_00329,upi,77362,PERSON_00448,upi
TXN_007980,2021-02-16,ACCT_00330,PERSON_00330,upi,3514,PERSON_00035,upi
TXN_007981,2021-06-11,ACCT_00331,PERSON_00331,upi,88086,PERSON_00072,upi
TXN_007982,2022-05-21,ACCT_00332,PERSON_00332,customer,69154,PERSON_00109,customer
TXN_007983,2024-02-16,ACCT_00333,PERSON_00333,upi,10086,PERSON_00146,upi
TXN_007984,2025-09-01,ACCT_00334,PERSON_00334,rent,9801,PERSON_00183,rent
TXN_007985,2026-03-24,ACCT_00335,PERSON_00335,salary,44874,PERSON_00220,salary
TXN_007986,2023-10-14,ACCT_00336,PERSON_00336,supplier,48270,PERSON_00257,supplier
TXN_007987,2022-05-03,ACCT_00337,PERSON_00337,customer,27397,PERSON_00294,customer
TXN_007988,2021-05-09,ACCT_00338,PERSON_00338,upi,89308,PERSON_00331,upi
TXN_007989,2025-06-26,ACCT_00339,PERSON_00339,customer,59279,PERSON_00368,customer
TXN_007990,2024-04-09,ACCT_00340,PERSON_00340,emi,31533,PERSON_00405,emi
TXN_007991,2026-03-12,ACCT_00341,PERSON_00341,utility,5129,PERSON_00442,utility
TXN_007992,2022-07-01,ACCT_00342,PERSON_00342,rent,15451,PERSON_00029,rent
TXN_007993,2021-05-11,ACCT_00343,PERSON_00343,upi,622,PERSON_00066,upi
TXN_007994,2025-02-28,ACCT_00344,PERSON_00344,salary,74625,PERSON_00103,salary
TXN_007995,2026-01-07,ACCT_00345,PERSON_00345,rent,20986,PERSON_00140,rent
TXN_007996,2021-06-27,ACCT_00346,PERSON_00346,upi,8163,PERSON_00177,upi
TXN_007997,2024-09-02,ACCT_00347,PERSON_00347,customer,111382,PERSON_00214,customer
TXN_007998,2022-07-16,ACCT_00348,PERSON_00348,upi,11888,PERSON_00251,upi
TXN_007999,2025-03-21,ACCT_00349,PERSON_00349,rent,11253,PERSON_00288,rent
TXN_008000,2025-06-13,ACCT_00350,PERSON_00350,emi,12884,PERSON_00325,emi
TXN_008001,2021-09-28,ACCT_00351,PERSON_00351,grocery,2346,PERSON_00362,grocery
TXN_008002,2021-03-22,ACCT_00352,PERSON_00352,rent,13935,PERSON_00399,rent
TXN_008003,2023-07-11,ACCT_00353,PERSON_00353,grocery,878,PERSON_00436,grocery
TXN_008004,2022-08-03,ACCT_00354,PERSON_00354,upi,2958,PERSON_00023,upi
TXN_008005,2021-04-04,ACCT_00355,PERSON_00355,utility,2607,PERSON_00060,utility
TXN_008006,2022-04-26,ACCT_00356,PERSON_00356,supplier,47762,PERSON_00097,supplier
TXN_008007,2023-02-24,ACCT_00357,PERSON_00357,rent,12854,PERSON_00134,rent
TXN_008008,2026-05-23,ACCT_00358,PERSON_00358,upi,214592,PERSON_00171,upi
TXN_008009,2025-05-23,ACCT_00359,PERSON_00359,grocery,3859,PERSON_00208,grocery
TXN_008010,2022-05-13,ACCT_00360,PERSON_00360,grocery,729,PERSON_00245,grocery
TXN_008011,2024-08-21,ACCT_00361,PERSON_00361,salary,24650,PERSON_00282,salary
TXN_008012,2021-12-22,ACCT_00362,PERSON_00362,salary,65906,PERSON_00319,salary
TXN_008013,2025-11-09,ACCT_00363,PERSON_00363,salary,32939,PERSON_00356,salary
TXN_008014,2025-07-12,ACCT_00364,PERSON_00364,salary,51325,PERSON_00393,salary
TXN_008015,2021-02-23,ACCT_00365,PERSON_00365,utility,1529,PERSON_00430,utility
TXN_008016,2021-11-26,ACCT_00366,PERSON_00366,upi,55545,PERSON_00017,upi
TXN_008017,2022-03-31,ACCT_00367,PERSON_00367,fuel,2166,PERSON_00054,fuel
TXN_008018,2024-02-05,ACCT_00368,PERSON_00368,fuel,4664,PERSON_00091,fuel
TXN_008019,2026-03-26,ACCT_00369,PERSON_00369,utility,6586,PERSON_00128,utility
TXN_008020,2026-01-01,ACCT_00370,PERSON_00370,rent,7143,PERSON_00165,rent
TXN_008021,2021-07-30,ACCT_00371,PERSON_00371,fuel,3371,PERSON_00202,fuel
TXN_008022,2021-09-23,ACCT_00372,PERSON_00372,grocery,5577,PERSON_00239,grocery
TXN_008023,2024-03-08,ACCT_00373,PERSON_00373,transfer,31437,PERSON_00276,transfer
TXN_008024,2023-02-01,ACCT_00374,PERSON_00374,transfer,137314,PERSON_00313,transfer
TXN_008025,2024-12-29,ACCT_00375,PERSON_00375,upi,8009,PERSON_00350,upi
TXN_008026,2023-06-05,ACCT_00376,PERSON_00376,upi,194080,PERSON_00387,upi
TXN_008027,2022-05-08,ACCT_00377,PERSON_00377,transfer,207408,PERSON_00424,transfer
TXN_008028,2022-02-21,ACCT_00378,PERSON_00378,transfer,12074,PERSON_00011,transfer
TXN_008029,2022-04-14,ACCT_00379,PERSON_00379,transfer,32479,PERSON_00048,transfer
TXN_008030,2023-01-22,ACCT_00380,PERSON_00380,salary,21546,PERSON_00085,salary
TXN_008031,2026-03-26,ACCT_00381,PERSON_00381,cash_deposit,169369,PERSON_00122,cash deposit
TXN_008032,2022-05-01,ACCT_00382,PERSON_00382,upi,5199,PERSON_00159,upi
TXN_008033,2024-06-11,ACCT_00383,PERSON_00383,rent,10726,PERSON_00196,rent
TXN_008034,2025-01-01,ACCT_00384,PERSON_00384,transfer,181940,PERSON_00233,transfer
TXN_008035,2021-04-21,ACCT_00385,PERSON_00385,rent,19611,PERSON_00270,rent
TXN_008036,2022-07-27,ACCT_00386,PERSON_00386,emi,27407,PERSON_00307,emi
TXN_008037,2022-03-04,ACCT_00387,PERSON_00387,utility,5211,PERSON_00344,utility
TXN_008038,2022-10-07,ACCT_00388,PERSON_00388,upi,11372,PERSON_00381,upi
TXN_008039,2022-02-27,ACCT_00389,PERSON_00389,transfer,240860,PERSON_00418,transfer
TXN_008040,2023-04-11,ACCT_00390,PERSON_00390,upi,11956,PERSON_00005,upi
TXN_008041,2021-10-14,ACCT_00391,PERSON_00391,fuel,5217,PERSON_00042,fuel
TXN_008042,2022-05-19,ACCT_00392,PERSON_00392,utility,828,PERSON_00079,utility
TXN_008043,2024-10-03,ACCT_00393,PERSON_00393,rent,18458,PERSON_00116,rent
TXN_008044,2023-05-08,ACCT_00394,PERSON_00394,supplier,75501,PERSON_00153,supplier
TXN_008045,2021-10-07,ACCT_00395,PERSON_00395,emi,22398,PERSON_00190,emi
TXN_008046,2021-07-06,ACCT_00396,PERSON_00396,grocery,1958,PERSON_00227,grocery
TXN_008047,2023-09-08,ACCT_00397,PERSON_00397,fuel,2590,PERSON_00264,fuel
TXN_008048,2024-01-08,ACCT_00398,PERSON_00398,fuel,4147,PERSON_00301,fuel
TXN_008049,2025-06-23,ACCT_00399,PERSON_00399,upi,5001,PERSON_00338,upi
TXN_008050,2025-10-14,ACCT_00400,PERSON_00400,fuel,1760,PERSON_00375,fuel
TXN_008051,2023-04-19,ACCT_00401,PERSON_00401,emi,23555,PERSON_00412,emi
TXN_008052,2025-04-13,ACCT_00402,PERSON_00402,salary,30201,PERSON_00449,salary
TXN_008053,2021-07-23,ACCT_00403,PERSON_00403,customer,58023,PERSON_00036,customer
TXN_008054,2023-07-26,ACCT_00404,PERSON_00404,supplier,79015,PERSON_00073,supplier
TXN_008055,2024-12-06,ACCT_00405,PERSON_00405,emi,8767,PERSON_00110,emi
TXN_008056,2024-06-28,ACCT_00406,PERSON_00406,grocery,5543,PERSON_00147,grocery
TXN_008057,2026-01-09,ACCT_00407,PERSON_00407,grocery,471,PERSON_00184,grocery
TXN_008058,2024-04-24,ACCT_00408,PERSON_00408,salary,25247,PERSON_00221,salary
TXN_008059,2021-06-03,ACCT_00409,PERSON_00409,upi,4467,PERSON_00258,upi
TXN_008060,2024-08-24,ACCT_00410,PERSON_00410,customer,102001,PERSON_00295,customer
TXN_008061,2024-12-25,ACCT_00411,PERSON_00411,salary,41635,PERSON_00332,salary
TXN_008062,2021-02-12,ACCT_00412,PERSON_00412,upi,7032,PERSON_00369,upi
TXN_008063,2021-02-16,ACCT_00413,PERSON_00413,transfer,199625,PERSON_00406,transfer
TXN_008064,2022-09-29,ACCT_00414,PERSON_00414,upi,6625,PERSON_00443,upi
TXN_008065,2023-05-31,ACCT_00415,PERSON_00415,upi,2702,PERSON_00030,upi
TXN_008066,2022-01-30,ACCT_00416,PERSON_00416,grocery,5190,PERSON_00067,grocery
TXN_008067,2024-07-22,ACCT_00417,PERSON_00417,transfer,52378,PERSON_00104,transfer
TXN_008068,2025-02-05,ACCT_00418,PERSON_00418,supplier,39962,PERSON_00141,supplier
TXN_008069,2023-01-19,ACCT_00419,PERSON_00419,customer,91511,PERSON_00178,customer
TXN_008070,2021-02-02,ACCT_00420,PERSON_00420,rent,8303,PERSON_00215,rent
TXN_008071,2022-07-04,ACCT_00421,PERSON_00421,fuel,4369,PERSON_00252,fuel
TXN_008072,2022-01-19,ACCT_00422,PERSON_00422,utility,1618,PERSON_00289,utility
TXN_008073,2022-08-14,ACCT_00423,PERSON_00423,emi,15223,PERSON_00326,emi
TXN_008074,2024-06-22,ACCT_00424,PERSON_00424,utility,4687,PERSON_00363,utility
TXN_008075,2024-03-04,ACCT_00425,PERSON_00425,grocery,1184,PERSON_00400,grocery
TXN_008076,2021-08-27,ACCT_00426,PERSON_00426,grocery,3293,PERSON_00437,grocery
TXN_008077,2022-05-28,ACCT_00427,PERSON_00427,upi,6348,PERSON_00024,upi
TXN_008078,2026-06-24,ACCT_00428,PERSON_00428,utility,2781,PERSON_00061,utility
TXN_008079,2023-03-29,ACCT_00429,PERSON_00429,grocery,4414,PERSON_00098,grocery
TXN_008080,2024-05-23,ACCT_00430,PERSON_00430,fuel,4497,PERSON_00135,fuel
TXN_008081,2021-12-08,ACCT_00431,PERSON_00431,supplier,30656,PERSON_00172,supplier
TXN_008082,2024-03-31,ACCT_00432,PERSON_00432,transfer,245762,PERSON_00209,transfer
TXN_008083,2023-03-06,ACCT_00433,PERSON_00433,transfer,53027,PERSON_00246,transfer
TXN_008084,2022-03-26,ACCT_00434,PERSON_00434,supplier,84795,PERSON_00283,supplier
TXN_008085,2026-01-19,ACCT_00435,PERSON_00435,utility,6431,PERSON_00320,utility
TXN_008086,2022-09-01,ACCT_00436,PERSON_00436,supplier,35693,PERSON_00357,supplier
TXN_008087,2025-11-12,ACCT_00437,PERSON_00437,upi,5313,PERSON_00394,upi
TXN_008088,2025-01-24,ACCT_00438,PERSON_00438,utility,4811,PERSON_00431,utility
TXN_008089,2022-07-03,ACCT_00439,PERSON_00439,fuel,813,PERSON_00018,fuel
TXN_008090,2021-02-16,ACCT_00440,PERSON_00440,fuel,3934,PERSON_00055,fuel
TXN_008091,2023-11-18,ACCT_00441,PERSON_00441,upi,2046,PERSON_00092,upi
TXN_008092,2024-09-08,ACCT_00442,PERSON_00442,grocery,3036,PERSON_00129,grocery
TXN_008093,2023-01-22,ACCT_00443,PERSON_00443,customer,97377,PERSON_00166,customer
TXN_008094,2021-05-29,ACCT_00444,PERSON_00444,grocery,3809,PERSON_00203,grocery
TXN_008095,2026-06-26,ACCT_00445,PERSON_00445,upi,851,PERSON_00240,upi
TXN_008096,2025-08-13,ACCT_00446,PERSON_00446,salary,74259,PERSON_00277,salary
TXN_008097,2021-03-08,ACCT_00447,PERSON_00447,utility,535,PERSON_00314,utility
TXN_008098,2023-05-18,ACCT_00448,PERSON_00448,grocery,3438,PERSON_00351,grocery
TXN_008099,2023-08-23,ACCT_00449,PERSON_00449,grocery,2686,PERSON_00388,grocery
TXN_008100,2024-07-17,ACCT_00450,PERSON_00450,grocery,2634,PERSON_00425,grocery
TXN_008101,2023-11-03,ACCT_00001,PERSON_00001,upi,2519,PERSON_00012,upi
TXN_008102,2025-07-25,ACCT_00002,PERSON_00002,emi,32765,PERSON_00049,emi
TXN_008103,2021-08-26,ACCT_00003,PERSON_00003,cash_deposit,211209,PERSON_00086,cash deposit
TXN_008104,2023-06-07,ACCT_00004,PERSON_00004,emi,6172,PERSON_00123,emi
TXN_008105,2021-07-21,ACCT_00005,PERSON_00005,rent,8280,PERSON_00160,rent
TXN_008106,2026-02-22,ACCT_00006,PERSON_00006,transfer,195054,PERSON_00197,transfer
TXN_008107,2022-05-10,ACCT_00007,PERSON_00007,grocery,5946,PERSON_00234,grocery
TXN_008108,2022-10-28,ACCT_00008,PERSON_00008,fuel,5282,PERSON_00271,fuel
TXN_008109,2025-08-12,ACCT_00009,PERSON_00009,salary,67969,PERSON_00308,salary
TXN_008110,2023-10-03,ACCT_00010,PERSON_00010,cash_deposit,27287,PERSON_00345,cash deposit
TXN_008111,2025-02-10,ACCT_00011,PERSON_00011,upi,8683,PERSON_00382,upi
TXN_008112,2025-03-18,ACCT_00012,PERSON_00012,customer,38193,PERSON_00419,customer
TXN_008113,2023-10-23,ACCT_00013,PERSON_00013,rent,20875,PERSON_00006,rent
TXN_008114,2022-12-30,ACCT_00014,PERSON_00014,cash_deposit,141021,PERSON_00043,cash deposit
TXN_008115,2021-02-02,ACCT_00015,PERSON_00015,salary,45119,PERSON_00080,salary
TXN_008116,2025-02-24,ACCT_00016,PERSON_00016,rent,15804,PERSON_00117,rent
TXN_008117,2023-11-18,ACCT_00017,PERSON_00017,supplier,13649,PERSON_00154,supplier
TXN_008118,2024-09-11,ACCT_00018,PERSON_00018,transfer,102586,PERSON_00191,transfer
TXN_008119,2023-01-05,ACCT_00019,PERSON_00019,upi,10798,PERSON_00228,upi
TXN_008120,2024-01-17,ACCT_00020,PERSON_00020,transfer,131754,PERSON_00265,transfer
TXN_008121,2021-10-29,ACCT_00021,PERSON_00021,fuel,4929,PERSON_00302,fuel
TXN_008122,2025-09-11,ACCT_00022,PERSON_00022,utility,958,PERSON_00339,utility
TXN_008123,2025-08-07,ACCT_00023,PERSON_00023,salary,26831,PERSON_00376,salary
TXN_008124,2023-01-14,ACCT_00024,PERSON_00024,fuel,5341,PERSON_00413,fuel
TXN_008125,2024-05-06,ACCT_00025,PERSON_00025,grocery,3579,PERSON_00450,grocery
TXN_008126,2024-02-29,ACCT_00026,PERSON_00026,upi,480,PERSON_00037,upi
TXN_008127,2026-02-19,ACCT_00027,PERSON_00027,utility,2776,PERSON_00074,utility
TXN_008128,2025-04-04,ACCT_00028,PERSON_00028,grocery,1583,PERSON_00111,grocery
TXN_008129,2026-05-08,ACCT_00029,PERSON_00029,upi,2015,PERSON_00148,upi
TXN_008130,2021-11-17,ACCT_00030,PERSON_00030,upi,179213,PERSON_00185,upi
TXN_008131,2022-12-18,ACCT_00031,PERSON_00031,fuel,2920,PERSON_00222,fuel
TXN_008132,2024-10-28,ACCT_00032,PERSON_00032,customer,118542,PERSON_00259,customer
TXN_008133,2025-11-26,ACCT_00033,PERSON_00033,cash_deposit,34757,PERSON_00296,cash deposit
TXN_008134,2023-02-04,ACCT_00034,PERSON_00034,supplier,84052,PERSON_00333,supplier
TXN_008135,2024-04-02,ACCT_00035,PERSON_00035,emi,21300,PERSON_00370,emi
TXN_008136,2026-04-15,ACCT_00036,PERSON_00036,grocery,910,PERSON_00407,grocery
TXN_008137,2024-12-26,ACCT_00037,PERSON_00037,rent,11481,PERSON_00444,rent
TXN_008138,2024-06-08,ACCT_00038,PERSON_00038,fuel,1874,PERSON_00031,fuel
TXN_008139,2022-03-11,ACCT_00039,PERSON_00039,salary,31815,PERSON_00068,salary
TXN_008140,2026-04-09,ACCT_00040,PERSON_00040,utility,1448,PERSON_00105,utility
TXN_008141,2022-09-01,ACCT_00041,PERSON_00041,transfer,37106,PERSON_00142,transfer
TXN_008142,2022-01-10,ACCT_00042,PERSON_00042,grocery,992,PERSON_00179,grocery
TXN_008143,2025-10-02,ACCT_00043,PERSON_00043,grocery,1034,PERSON_00216,grocery
TXN_008144,2025-08-10,ACCT_00044,PERSON_00044,customer,45546,PERSON_00253,customer
TXN_008145,2026-04-02,ACCT_00045,PERSON_00045,utility,2657,PERSON_00290,utility
TXN_008146,2024-01-02,ACCT_00046,PERSON_00046,emi,17698,PERSON_00327,emi
TXN_008147,2021-06-30,ACCT_00047,PERSON_00047,utility,4280,PERSON_00364,utility
TXN_008148,2022-01-20,ACCT_00048,PERSON_00048,upi,169542,PERSON_00401,upi
TXN_008149,2026-03-29,ACCT_00049,PERSON_00049,upi,2965,PERSON_00438,upi
TXN_008150,2025-06-10,ACCT_00050,PERSON_00050,salary,46028,PERSON_00025,salary
TXN_008151,2021-07-02,ACCT_00051,PERSON_00051,cash_deposit,121497,PERSON_00062,cash deposit
TXN_008152,2025-04-25,ACCT_00052,PERSON_00052,fuel,4056,PERSON_00099,fuel
TXN_008153,2025-08-25,ACCT_00053,PERSON_00053,supplier,33504,PERSON_00136,supplier
TXN_008154,2025-12-06,ACCT_00054,PERSON_00054,salary,25851,PERSON_00173,salary
TXN_008155,2023-11-16,ACCT_00055,PERSON_00055,upi,203297,PERSON_00210,upi
TXN_008156,2022-06-16,ACCT_00056,PERSON_00056,upi,3777,PERSON_00247,upi
TXN_008157,2022-05-05,ACCT_00057,PERSON_00057,customer,116847,PERSON_00284,customer
TXN_008158,2024-12-05,ACCT_00058,PERSON_00058,upi,99017,PERSON_00321,upi
TXN_008159,2022-05-16,ACCT_00059,PERSON_00059,supplier,5600,PERSON_00358,supplier
TXN_008160,2025-09-03,ACCT_00060,PERSON_00060,customer,32801,PERSON_00395,customer
TXN_008161,2024-12-28,ACCT_00061,PERSON_00061,grocery,1002,PERSON_00432,grocery
TXN_008162,2024-05-04,ACCT_00062,PERSON_00062,rent,10802,PERSON_00019,rent
TXN_008163,2026-04-10,ACCT_00063,PERSON_00063,fuel,960,PERSON_00056,fuel
TXN_008164,2023-11-05,ACCT_00064,PERSON_00064,upi,6724,PERSON_00093,upi
TXN_008165,2021-12-16,ACCT_00065,PERSON_00065,salary,32231,PERSON_00130,salary
TXN_008166,2022-07-30,ACCT_00066,PERSON_00066,salary,74217,PERSON_00167,salary
TXN_008167,2026-02-26,ACCT_00067,PERSON_00067,upi,181510,PERSON_00204,upi
TXN_008168,2024-02-22,ACCT_00068,PERSON_00068,supplier,34489,PERSON_00241,supplier
TXN_008169,2026-02-12,ACCT_00069,PERSON_00069,customer,25267,PERSON_00278,customer
TXN_008170,2023-05-18,ACCT_00070,PERSON_00070,transfer,22637,PERSON_00315,transfer
TXN_008171,2021-01-18,ACCT_00071,PERSON_00071,upi,11383,PERSON_00352,upi
TXN_008172,2025-06-03,ACCT_00072,PERSON_00072,transfer,179220,PERSON_00389,transfer
TXN_008173,2023-08-15,ACCT_00073,PERSON_00073,upi,232,PERSON_00426,upi
TXN_008174,2023-10-01,ACCT_00074,PERSON_00074,upi,182529,PERSON_00013,upi
TXN_008175,2023-10-20,ACCT_00075,PERSON_00075,salary,63356,PERSON_00050,salary
TXN_008176,2023-11-07,ACCT_00076,PERSON_00076,customer,56308,PERSON_00087,customer
TXN_008177,2021-01-12,ACCT_00077,PERSON_00077,upi,1451,PERSON_00124,upi
TXN_008178,2025-12-06,ACCT_00078,PERSON_00078,salary,56278,PERSON_00161,salary
TXN_008179,2021-05-11,ACCT_00079,PERSON_00079,upi,8504,PERSON_00198,upi
TXN_008180,2026-01-14,ACCT_00080,PERSON_00080,transfer,42235,PERSON_00235,transfer
TXN_008181,2022-08-15,ACCT_00081,PERSON_00081,upi,98324,PERSON_00272,upi
TXN_008182,2021-07-09,ACCT_00082,PERSON_00082,grocery,4590,PERSON_00309,grocery
TXN_008183,2022-08-17,ACCT_00083,PERSON_00083,salary,23558,PERSON_00346,salary
TXN_008184,2024-11-26,ACCT_00084,PERSON_00084,emi,20611,PERSON_00383,emi
TXN_008185,2024-08-29,ACCT_00085,PERSON_00085,supplier,48783,PERSON_00420,supplier
TXN_008186,2022-09-29,ACCT_00086,PERSON_00086,upi,114979,PERSON_00007,upi
TXN_008187,2025-04-29,ACCT_00087,PERSON_00087,transfer,47134,PERSON_00044,transfer
TXN_008188,2025-05-06,ACCT_00088,PERSON_00088,utility,4112,PERSON_00081,utility
TXN_008189,2022-12-05,ACCT_00089,PERSON_00089,utility,3894,PERSON_00118,utility
TXN_008190,2025-02-11,ACCT_00090,PERSON_00090,supplier,27828,PERSON_00155,supplier
TXN_008191,2025-03-05,ACCT_00091,PERSON_00091,rent,9181,PERSON_00192,rent
TXN_008192,2021-02-04,ACCT_00092,PERSON_00092,utility,4028,PERSON_00229,utility
TXN_008193,2022-04-20,ACCT_00093,PERSON_00093,upi,92354,PERSON_00266,upi
TXN_008194,2025-07-15,ACCT_00094,PERSON_00094,grocery,487,PERSON_00303,grocery
TXN_008195,2025-03-17,ACCT_00095,PERSON_00095,fuel,5441,PERSON_00340,fuel
TXN_008196,2024-02-05,ACCT_00096,PERSON_00096,upi,8542,PERSON_00377,upi
TXN_008197,2022-08-19,ACCT_00097,PERSON_00097,supplier,11200,PERSON_00414,supplier
TXN_008198,2025-01-04,ACCT_00098,PERSON_00098,utility,6549,PERSON_00001,utility
TXN_008199,2025-05-26,ACCT_00099,PERSON_00099,cash_deposit,157203,PERSON_00038,cash deposit
TXN_008200,2024-06-29,ACCT_00100,PERSON_00100,salary,26395,PERSON_00075,salary
TXN_008201,2025-03-11,ACCT_00101,PERSON_00101,fuel,5840,PERSON_00112,fuel
TXN_008202,2022-01-11,ACCT_00102,PERSON_00102,customer,55453,PERSON_00149,customer
TXN_008203,2022-01-19,ACCT_00103,PERSON_00103,cash_deposit,111573,PERSON_00186,cash deposit
TXN_008204,2022-07-14,ACCT_00104,PERSON_00104,customer,80303,PERSON_00223,customer
TXN_008205,2021-10-06,ACCT_00105,PERSON_00105,salary,65232,PERSON_00260,salary
TXN_008206,2023-05-18,ACCT_00106,PERSON_00106,rent,10100,PERSON_00297,rent
TXN_008207,2024-12-21,ACCT_00107,PERSON_00107,transfer,20822,PERSON_00334,transfer
TXN_008208,2026-05-13,ACCT_00108,PERSON_00108,emi,16507,PERSON_00371,emi
TXN_008209,2021-11-30,ACCT_00109,PERSON_00109,supplier,71692,PERSON_00408,supplier
TXN_008210,2025-01-30,ACCT_00110,PERSON_00110,customer,25724,PERSON_00445,customer
TXN_008211,2023-01-28,ACCT_00111,PERSON_00111,salary,29832,PERSON_00032,salary
TXN_008212,2022-06-25,ACCT_00112,PERSON_00112,supplier,34734,PERSON_00069,supplier
TXN_008213,2024-08-28,ACCT_00113,PERSON_00113,supplier,6944,PERSON_00106,supplier
TXN_008214,2023-05-23,ACCT_00114,PERSON_00114,salary,49786,PERSON_00143,salary
TXN_008215,2023-12-10,ACCT_00115,PERSON_00115,upi,407,PERSON_00180,upi
TXN_008216,2021-12-22,ACCT_00116,PERSON_00116,emi,25922,PERSON_00217,emi
TXN_008217,2024-03-18,ACCT_00117,PERSON_00117,customer,2506,PERSON_00254,customer
TXN_008218,2025-08-28,ACCT_00118,PERSON_00118,supplier,62831,PERSON_00291,supplier
TXN_008219,2023-10-20,ACCT_00119,PERSON_00119,salary,72298,PERSON_00328,salary
TXN_008220,2025-05-19,ACCT_00120,PERSON_00120,customer,75319,PERSON_00365,customer
TXN_008221,2024-05-01,ACCT_00121,PERSON_00121,rent,9482,PERSON_00402,rent
TXN_008222,2025-08-30,ACCT_00122,PERSON_00122,upi,162431,PERSON_00439,upi
TXN_008223,2022-10-01,ACCT_00123,PERSON_00123,upi,141184,PERSON_00026,upi
TXN_008224,2023-04-19,ACCT_00124,PERSON_00124,grocery,1043,PERSON_00063,grocery
TXN_008225,2023-01-20,ACCT_00125,PERSON_00125,upi,2704,PERSON_00100,upi
TXN_008226,2022-01-24,ACCT_00126,PERSON_00126,fuel,4934,PERSON_00137,fuel
TXN_008227,2026-06-10,ACCT_00127,PERSON_00127,utility,517,PERSON_00174,utility
TXN_008228,2022-11-09,ACCT_00128,PERSON_00128,cash_deposit,154186,PERSON_00211,cash deposit
TXN_008229,2021-06-19,ACCT_00129,PERSON_00129,supplier,28207,PERSON_00248,supplier
TXN_008230,2021-03-28,ACCT_00130,PERSON_00130,emi,10320,PERSON_00285,emi
TXN_008231,2025-05-03,ACCT_00131,PERSON_00131,rent,18625,PERSON_00322,rent
TXN_008232,2026-01-13,ACCT_00132,PERSON_00132,grocery,5788,PERSON_00359,grocery
TXN_008233,2026-03-13,ACCT_00133,PERSON_00133,upi,161017,PERSON_00396,upi
TXN_008234,2024-06-19,ACCT_00134,PERSON_00134,salary,18346,PERSON_00433,salary
TXN_008235,2023-08-17,ACCT_00135,PERSON_00135,upi,5641,PERSON_00020,upi
TXN_008236,2025-05-19,ACCT_00136,PERSON_00136,grocery,6005,PERSON_00057,grocery
TXN_008237,2025-07-18,ACCT_00137,PERSON_00137,customer,92424,PERSON_00094,customer
TXN_008238,2023-09-17,ACCT_00138,PERSON_00138,customer,106293,PERSON_00131,customer
TXN_008239,2025-04-17,ACCT_00139,PERSON_00139,rent,11139,PERSON_00168,rent
TXN_008240,2025-08-20,ACCT_00140,PERSON_00140,emi,30077,PERSON_00205,emi
TXN_008241,2024-06-20,ACCT_00141,PERSON_00141,rent,10778,PERSON_00242,rent
TXN_008242,2022-02-12,ACCT_00142,PERSON_00142,fuel,2438,PERSON_00279,fuel
TXN_008243,2025-10-29,ACCT_00143,PERSON_00143,customer,91377,PERSON_00316,customer
TXN_008244,2021-03-26,ACCT_00144,PERSON_00144,grocery,4195,PERSON_00353,grocery
TXN_008245,2024-10-10,ACCT_00145,PERSON_00145,customer,24753,PERSON_00390,customer
TXN_008246,2023-12-05,ACCT_00146,PERSON_00146,emi,18841,PERSON_00427,emi
TXN_008247,2022-09-03,ACCT_00147,PERSON_00147,utility,4840,PERSON_00014,utility
TXN_008248,2026-05-20,ACCT_00148,PERSON_00148,rent,19101,PERSON_00051,rent
TXN_008249,2021-12-10,ACCT_00149,PERSON_00149,upi,2819,PERSON_00088,upi
TXN_008250,2022-01-20,ACCT_00150,PERSON_00150,grocery,2554,PERSON_00125,grocery
TXN_008251,2022-03-16,ACCT_00151,PERSON_00151,emi,25605,PERSON_00162,emi
TXN_008252,2023-06-10,ACCT_00152,PERSON_00152,fuel,777,PERSON_00199,fuel
TXN_008253,2024-05-18,ACCT_00153,PERSON_00153,customer,29297,PERSON_00236,customer
TXN_008254,2025-10-10,ACCT_00154,PERSON_00154,salary,25493,PERSON_00273,salary
TXN_008255,2022-06-10,ACCT_00155,PERSON_00155,emi,27462,PERSON_00310,emi
TXN_008256,2024-11-27,ACCT_00156,PERSON_00156,grocery,5198,PERSON_00347,grocery
TXN_008257,2025-12-22,ACCT_00157,PERSON_00157,grocery,2645,PERSON_00384,grocery
TXN_008258,2023-01-20,ACCT_00158,PERSON_00158,cash_deposit,43165,PERSON_00421,cash deposit
TXN_008259,2021-03-01,ACCT_00159,PERSON_00159,rent,21480,PERSON_00008,rent
TXN_008260,2024-07-09,ACCT_00160,PERSON_00160,grocery,2836,PERSON_00045,grocery
TXN_008261,2026-05-08,ACCT_00161,PERSON_00161,rent,21436,PERSON_00082,rent
TXN_008262,2023-11-13,ACCT_00162,PERSON_00162,upi,199740,PERSON_00119,upi
TXN_008263,2023-08-20,ACCT_00163,PERSON_00163,upi,2509,PERSON_00156,upi
TXN_008264,2023-09-07,ACCT_00164,PERSON_00164,salary,23176,PERSON_00193,salary
TXN_008265,2021-11-25,ACCT_00165,PERSON_00165,salary,32226,PERSON_00230,salary
TXN_008266,2023-03-31,ACCT_00166,PERSON_00166,upi,100599,PERSON_00267,upi
TXN_008267,2021-02-16,ACCT_00167,PERSON_00167,cash_deposit,194290,PERSON_00304,cash deposit
TXN_008268,2025-01-31,ACCT_00168,PERSON_00168,upi,9288,PERSON_00341,upi
TXN_008269,2023-10-28,ACCT_00169,PERSON_00169,customer,45008,PERSON_00378,customer
TXN_008270,2021-03-20,ACCT_00170,PERSON_00170,utility,3631,PERSON_00415,utility
TXN_008271,2024-12-19,ACCT_00171,PERSON_00171,grocery,5810,PERSON_00002,grocery
TXN_008272,2025-12-21,ACCT_00172,PERSON_00172,supplier,41097,PERSON_00039,supplier
TXN_008273,2021-11-12,ACCT_00173,PERSON_00173,grocery,4282,PERSON_00076,grocery
TXN_008274,2023-11-12,ACCT_00174,PERSON_00174,grocery,3298,PERSON_00113,grocery
TXN_008275,2025-10-09,ACCT_00175,PERSON_00175,rent,21807,PERSON_00150,rent
TXN_008276,2022-10-29,ACCT_00176,PERSON_00176,supplier,48090,PERSON_00187,supplier
TXN_008277,2024-08-05,ACCT_00177,PERSON_00177,upi,2590,PERSON_00224,upi
TXN_008278,2022-03-12,ACCT_00178,PERSON_00178,supplier,37573,PERSON_00261,supplier
TXN_008279,2024-05-25,ACCT_00179,PERSON_00179,fuel,1124,PERSON_00298,fuel
TXN_008280,2021-02-24,ACCT_00180,PERSON_00180,upi,115096,PERSON_00335,upi
TXN_008281,2023-04-20,ACCT_00181,PERSON_00181,emi,13461,PERSON_00372,emi
TXN_008282,2025-05-25,ACCT_00182,PERSON_00182,upi,128153,PERSON_00409,upi
TXN_008283,2025-02-21,ACCT_00183,PERSON_00183,emi,23255,PERSON_00446,emi
TXN_008284,2021-04-05,ACCT_00184,PERSON_00184,utility,7000,PERSON_00033,utility
TXN_008285,2021-05-13,ACCT_00185,PERSON_00185,customer,63912,PERSON_00070,customer
TXN_008286,2023-01-22,ACCT_00186,PERSON_00186,supplier,45980,PERSON_00107,supplier
TXN_008287,2021-12-26,ACCT_00187,PERSON_00187,grocery,6056,PERSON_00144,grocery
TXN_008288,2026-06-03,ACCT_00188,PERSON_00188,upi,2498,PERSON_00181,upi
TXN_008289,2024-12-19,ACCT_00189,PERSON_00189,upi,227366,PERSON_00218,upi
TXN_008290,2023-05-08,ACCT_00190,PERSON_00190,grocery,2369,PERSON_00255,grocery
TXN_008291,2021-01-10,ACCT_00191,PERSON_00191,utility,936,PERSON_00292,utility
TXN_008292,2023-11-08,ACCT_00192,PERSON_00192,emi,17578,PERSON_00329,emi
TXN_008293,2021-02-19,ACCT_00193,PERSON_00193,supplier,46174,PERSON_00366,supplier
TXN_008294,2021-12-21,ACCT_00194,PERSON_00194,transfer,191494,PERSON_00403,transfer
TXN_008295,2025-04-18,ACCT_00195,PERSON_00195,customer,85738,PERSON_00440,customer
TXN_008296,2021-09-04,ACCT_00196,PERSON_00196,salary,50061,PERSON_00027,salary
TXN_008297,2021-10-26,ACCT_00197,PERSON_00197,supplier,9094,PERSON_00064,supplier
TXN_008298,2023-02-28,ACCT_00198,PERSON_00198,transfer,216773,PERSON_00101,transfer
TXN_008299,2021-08-26,ACCT_00199,PERSON_00199,cash_deposit,134975,PERSON_00138,cash deposit
TXN_008300,2025-03-30,ACCT_00200,PERSON_00200,grocery,5586,PERSON_00175,grocery
TXN_008301,2024-12-28,ACCT_00201,PERSON_00201,upi,2726,PERSON_00212,upi
TXN_008302,2025-02-04,ACCT_00202,PERSON_00202,transfer,220514,PERSON_00249,transfer
TXN_008303,2024-02-09,ACCT_00203,PERSON_00203,salary,54766,PERSON_00286,salary
TXN_008304,2023-12-03,ACCT_00204,PERSON_00204,fuel,2790,PERSON_00323,fuel
TXN_008305,2024-10-24,ACCT_00205,PERSON_00205,salary,32207,PERSON_00360,salary
TXN_008306,2023-12-28,ACCT_00206,PERSON_00206,salary,48395,PERSON_00397,salary
TXN_008307,2021-02-09,ACCT_00207,PERSON_00207,utility,6543,PERSON_00434,utility
TXN_008308,2024-05-09,ACCT_00208,PERSON_00208,rent,11985,PERSON_00021,rent
TXN_008309,2024-03-24,ACCT_00209,PERSON_00209,upi,104577,PERSON_00058,upi
TXN_008310,2025-11-25,ACCT_00210,PERSON_00210,fuel,5846,PERSON_00095,fuel
TXN_008311,2021-01-04,ACCT_00211,PERSON_00211,grocery,1122,PERSON_00132,grocery
TXN_008312,2021-04-19,ACCT_00212,PERSON_00212,customer,107328,PERSON_00169,customer
TXN_008313,2022-06-19,ACCT_00213,PERSON_00213,upi,3460,PERSON_00206,upi
TXN_008314,2022-12-15,ACCT_00214,PERSON_00214,transfer,198222,PERSON_00243,transfer
TXN_008315,2024-02-20,ACCT_00215,PERSON_00215,cash_deposit,46878,PERSON_00280,cash deposit
TXN_008316,2024-07-03,ACCT_00216,PERSON_00216,grocery,4056,PERSON_00317,grocery
TXN_008317,2023-09-06,ACCT_00217,PERSON_00217,rent,19259,PERSON_00354,rent
TXN_008318,2022-06-10,ACCT_00218,PERSON_00218,rent,16168,PERSON_00391,rent
TXN_008319,2024-08-08,ACCT_00219,PERSON_00219,emi,14454,PERSON_00428,emi
TXN_008320,2024-06-01,ACCT_00220,PERSON_00220,customer,54651,PERSON_00015,customer
TXN_008321,2023-01-17,ACCT_00221,PERSON_00221,salary,33676,PERSON_00052,salary
TXN_008322,2022-01-22,ACCT_00222,PERSON_00222,salary,61975,PERSON_00089,salary
TXN_008323,2021-03-31,ACCT_00223,PERSON_00223,salary,42908,PERSON_00126,salary
TXN_008324,2021-10-28,ACCT_00224,PERSON_00224,upi,79498,PERSON_00163,upi
TXN_008325,2024-11-09,ACCT_00225,PERSON_00225,rent,11693,PERSON_00200,rent
TXN_008326,2024-07-19,ACCT_00226,PERSON_00226,upi,212709,PERSON_00237,upi
TXN_008327,2023-03-15,ACCT_00227,PERSON_00227,emi,29242,PERSON_00274,emi
TXN_008328,2025-06-30,ACCT_00228,PERSON_00228,upi,43127,PERSON_00311,upi
TXN_008329,2026-05-22,ACCT_00229,PERSON_00229,grocery,956,PERSON_00348,grocery
TXN_008330,2024-06-19,ACCT_00230,PERSON_00230,upi,2388,PERSON_00385,upi
TXN_008331,2026-06-03,ACCT_00231,PERSON_00231,transfer,242332,PERSON_00422,transfer
TXN_008332,2022-12-15,ACCT_00232,PERSON_00232,customer,1900,PERSON_00009,customer
TXN_008333,2022-03-31,ACCT_00233,PERSON_00233,utility,4031,PERSON_00046,utility
TXN_008334,2026-01-31,ACCT_00234,PERSON_00234,transfer,184877,PERSON_00083,transfer
TXN_008335,2021-04-10,ACCT_00235,PERSON_00235,emi,11289,PERSON_00120,emi
TXN_008336,2022-03-15,ACCT_00236,PERSON_00236,utility,701,PERSON_00157,utility
TXN_008337,2025-09-02,ACCT_00237,PERSON_00237,upi,204911,PERSON_00194,upi
TXN_008338,2021-04-28,ACCT_00238,PERSON_00238,supplier,76215,PERSON_00231,supplier
TXN_008339,2022-10-09,ACCT_00239,PERSON_00239,customer,21422,PERSON_00268,customer
TXN_008340,2021-10-05,ACCT_00240,PERSON_00240,salary,55780,PERSON_00305,salary
TXN_008341,2022-05-13,ACCT_00241,PERSON_00241,fuel,4219,PERSON_00342,fuel
TXN_008342,2021-01-19,ACCT_00242,PERSON_00242,rent,6737,PERSON_00379,rent
TXN_008343,2026-02-15,ACCT_00243,PERSON_00243,transfer,54405,PERSON_00416,transfer
TXN_008344,2024-09-18,ACCT_00244,PERSON_00244,salary,63961,PERSON_00003,salary
TXN_008345,2025-11-03,ACCT_00245,PERSON_00245,salary,34540,PERSON_00040,salary
TXN_008346,2022-09-23,ACCT_00246,PERSON_00246,rent,13233,PERSON_00077,rent
TXN_008347,2021-05-14,ACCT_00247,PERSON_00247,salary,25104,PERSON_00114,salary
TXN_008348,2025-07-15,ACCT_00248,PERSON_00248,emi,10462,PERSON_00151,emi
TXN_008349,2021-01-20,ACCT_00249,PERSON_00249,supplier,43723,PERSON_00188,supplier
TXN_008350,2026-04-07,ACCT_00250,PERSON_00250,emi,16641,PERSON_00225,emi
TXN_008351,2022-02-19,ACCT_00251,PERSON_00251,transfer,86345,PERSON_00262,transfer
TXN_008352,2025-06-07,ACCT_00252,PERSON_00252,cash_deposit,171635,PERSON_00299,cash deposit
TXN_008353,2023-03-04,ACCT_00253,PERSON_00253,upi,2272,PERSON_00336,upi
TXN_008354,2021-07-03,ACCT_00254,PERSON_00254,utility,3129,PERSON_00373,utility
TXN_008355,2021-10-28,ACCT_00255,PERSON_00255,fuel,3470,PERSON_00410,fuel
TXN_008356,2022-09-07,ACCT_00256,PERSON_00256,cash_deposit,105850,PERSON_00447,cash deposit
TXN_008357,2021-05-26,ACCT_00257,PERSON_00257,utility,6035,PERSON_00034,utility
TXN_008358,2022-11-13,ACCT_00258,PERSON_00258,utility,6608,PERSON_00071,utility
TXN_008359,2024-09-05,ACCT_00259,PERSON_00259,customer,112627,PERSON_00108,customer
TXN_008360,2024-04-20,ACCT_00260,PERSON_00260,grocery,407,PERSON_00145,grocery
TXN_008361,2024-09-05,ACCT_00261,PERSON_00261,upi,3078,PERSON_00182,upi
TXN_008362,2024-01-17,ACCT_00262,PERSON_00262,upi,35657,PERSON_00219,upi
TXN_008363,2021-09-05,ACCT_00263,PERSON_00263,customer,81495,PERSON_00256,customer
TXN_008364,2021-03-11,ACCT_00264,PERSON_00264,salary,71863,PERSON_00293,salary
TXN_008365,2022-08-30,ACCT_00265,PERSON_00265,upi,884,PERSON_00330,upi
TXN_008366,2024-07-30,ACCT_00266,PERSON_00266,upi,4226,PERSON_00367,upi
TXN_008367,2022-04-20,ACCT_00267,PERSON_00267,utility,3065,PERSON_00404,utility
TXN_008368,2023-05-01,ACCT_00268,PERSON_00268,utility,2225,PERSON_00441,utility
TXN_008369,2022-09-04,ACCT_00269,PERSON_00269,grocery,6215,PERSON_00028,grocery
TXN_008370,2021-06-04,ACCT_00270,PERSON_00270,fuel,1230,PERSON_00065,fuel
TXN_008371,2025-02-27,ACCT_00271,PERSON_00271,salary,63447,PERSON_00102,salary
TXN_008372,2024-02-24,ACCT_00272,PERSON_00272,salary,37022,PERSON_00139,salary
TXN_008373,2023-03-27,ACCT_00273,PERSON_00273,transfer,209754,PERSON_00176,transfer
TXN_008374,2023-11-05,ACCT_00274,PERSON_00274,emi,25373,PERSON_00213,emi
TXN_008375,2021-06-05,ACCT_00275,PERSON_00275,fuel,5124,PERSON_00250,fuel
TXN_008376,2021-11-09,ACCT_00276,PERSON_00276,upi,9511,PERSON_00287,upi
TXN_008377,2024-10-11,ACCT_00277,PERSON_00277,utility,2114,PERSON_00324,utility
TXN_008378,2025-05-21,ACCT_00278,PERSON_00278,upi,10757,PERSON_00361,upi
TXN_008379,2023-12-13,ACCT_00279,PERSON_00279,customer,102648,PERSON_00398,customer
TXN_008380,2026-05-19,ACCT_00280,PERSON_00280,rent,14833,PERSON_00435,rent
TXN_008381,2021-09-12,ACCT_00281,PERSON_00281,cash_deposit,40267,PERSON_00022,cash deposit
TXN_008382,2026-05-01,ACCT_00282,PERSON_00282,emi,29653,PERSON_00059,emi
TXN_008383,2022-05-29,ACCT_00283,PERSON_00283,transfer,69251,PERSON_00096,transfer
TXN_008384,2021-06-22,ACCT_00284,PERSON_00284,fuel,5752,PERSON_00133,fuel
TXN_008385,2024-04-07,ACCT_00285,PERSON_00285,rent,14264,PERSON_00170,rent
TXN_008386,2026-05-18,ACCT_00286,PERSON_00286,grocery,6269,PERSON_00207,grocery
TXN_008387,2021-04-17,ACCT_00287,PERSON_00287,grocery,962,PERSON_00244,grocery
TXN_008388,2021-10-24,ACCT_00288,PERSON_00288,customer,93730,PERSON_00281,customer
TXN_008389,2025-11-22,ACCT_00289,PERSON_00289,customer,32922,PERSON_00318,customer
TXN_008390,2021-07-28,ACCT_00290,PERSON_00290,transfer,138235,PERSON_00355,transfer
TXN_008391,2021-12-24,ACCT_00291,PERSON_00291,salary,27554,PERSON_00392,salary
TXN_008392,2021-03-03,ACCT_00292,PERSON_00292,grocery,5127,PERSON_00429,grocery
TXN_008393,2022-04-09,ACCT_00293,PERSON_00293,customer,95720,PERSON_00016,customer
TXN_008394,2022-10-01,ACCT_00294,PERSON_00294,supplier,40630,PERSON_00053,supplier
TXN_008395,2024-11-30,ACCT_00295,PERSON_00295,fuel,3206,PERSON_00090,fuel
TXN_008396,2025-12-27,ACCT_00296,PERSON_00296,transfer,3036,PERSON_00127,transfer
TXN_008397,2025-02-09,ACCT_00297,PERSON_00297,salary,39896,PERSON_00164,salary
TXN_008398,2023-06-08,ACCT_00298,PERSON_00298,rent,15515,PERSON_00201,rent
TXN_008399,2021-06-24,ACCT_00299,PERSON_00299,emi,33680,PERSON_00238,emi
TXN_008400,2021-08-22,ACCT_00300,PERSON_00300,grocery,975,PERSON_00275,grocery
TXN_008401,2021-03-31,ACCT_00301,PERSON_00301,grocery,3550,PERSON_00312,grocery
TXN_008402,2021-04-11,ACCT_00302,PERSON_00302,rent,16424,PERSON_00349,rent
TXN_008403,2024-03-30,ACCT_00303,PERSON_00303,transfer,58075,PERSON_00386,transfer
TXN_008404,2021-04-06,ACCT_00304,PERSON_00304,fuel,2331,PERSON_00423,fuel
TXN_008405,2023-07-27,ACCT_00305,PERSON_00305,grocery,4872,PERSON_00010,grocery
TXN_008406,2026-06-09,ACCT_00306,PERSON_00306,salary,24702,PERSON_00047,salary
TXN_008407,2025-12-17,ACCT_00307,PERSON_00307,customer,58290,PERSON_00084,customer
TXN_008408,2025-01-07,ACCT_00308,PERSON_00308,supplier,65571,PERSON_00121,supplier
TXN_008409,2024-06-25,ACCT_00309,PERSON_00309,customer,60144,PERSON_00158,customer
TXN_008410,2023-01-02,ACCT_00310,PERSON_00310,grocery,5534,PERSON_00195,grocery
TXN_008411,2023-09-22,ACCT_00311,PERSON_00311,supplier,6180,PERSON_00232,supplier
TXN_008412,2021-08-16,ACCT_00312,PERSON_00312,fuel,3860,PERSON_00269,fuel
TXN_008413,2026-04-12,ACCT_00313,PERSON_00313,cash_deposit,143755,PERSON_00306,cash deposit
TXN_008414,2025-03-26,ACCT_00314,PERSON_00314,upi,965,PERSON_00343,upi
TXN_008415,2024-05-24,ACCT_00315,PERSON_00315,grocery,5021,PERSON_00380,grocery
TXN_008416,2023-02-14,ACCT_00316,PERSON_00316,salary,45075,PERSON_00417,salary
TXN_008417,2022-09-28,ACCT_00317,PERSON_00317,salary,36880,PERSON_00004,salary
TXN_008418,2025-11-18,ACCT_00318,PERSON_00318,fuel,2928,PERSON_00041,fuel
TXN_008419,2024-01-17,ACCT_00319,PERSON_00319,transfer,40376,PERSON_00078,transfer
TXN_008420,2026-06-21,ACCT_00320,PERSON_00320,supplier,7135,PERSON_00115,supplier
TXN_008421,2022-05-15,ACCT_00321,PERSON_00321,utility,5247,PERSON_00152,utility
TXN_008422,2021-10-03,ACCT_00322,PERSON_00322,emi,8049,PERSON_00189,emi
TXN_008423,2025-02-01,ACCT_00323,PERSON_00323,fuel,4231,PERSON_00226,fuel
TXN_008424,2021-05-04,ACCT_00324,PERSON_00324,transfer,65722,PERSON_00263,transfer
TXN_008425,2023-10-25,ACCT_00325,PERSON_00325,transfer,89906,PERSON_00300,transfer
TXN_008426,2024-12-31,ACCT_00326,PERSON_00326,rent,10038,PERSON_00337,rent
TXN_008427,2024-05-23,ACCT_00327,PERSON_00327,salary,46179,PERSON_00374,salary
TXN_008428,2022-02-15,ACCT_00328,PERSON_00328,fuel,2624,PERSON_00411,fuel
TXN_008429,2025-02-12,ACCT_00329,PERSON_00329,transfer,173009,PERSON_00448,transfer
TXN_008430,2023-08-06,ACCT_00330,PERSON_00330,cash_deposit,178344,PERSON_00035,cash deposit
TXN_008431,2025-02-18,ACCT_00331,PERSON_00331,salary,36927,PERSON_00072,salary
TXN_008432,2026-03-12,ACCT_00332,PERSON_00332,utility,4890,PERSON_00109,utility
TXN_008433,2025-03-14,ACCT_00333,PERSON_00333,transfer,19606,PERSON_00146,transfer
TXN_008434,2025-11-15,ACCT_00334,PERSON_00334,upi,72969,PERSON_00183,upi
TXN_008435,2023-08-19,ACCT_00335,PERSON_00335,fuel,707,PERSON_00220,fuel
TXN_008436,2023-02-02,ACCT_00336,PERSON_00336,salary,40503,PERSON_00257,salary
TXN_008437,2022-04-13,ACCT_00337,PERSON_00337,customer,51805,PERSON_00294,customer
TXN_008438,2023-05-14,ACCT_00338,PERSON_00338,upi,87427,PERSON_00331,upi
TXN_008439,2024-05-11,ACCT_00339,PERSON_00339,grocery,6406,PERSON_00368,grocery
TXN_008440,2025-02-14,ACCT_00340,PERSON_00340,grocery,4293,PERSON_00405,grocery
TXN_008441,2025-01-07,ACCT_00341,PERSON_00341,utility,3063,PERSON_00442,utility
TXN_008442,2021-05-03,ACCT_00342,PERSON_00342,customer,50558,PERSON_00029,customer
TXN_008443,2025-08-04,ACCT_00343,PERSON_00343,transfer,62258,PERSON_00066,transfer
TXN_008444,2025-01-14,ACCT_00344,PERSON_00344,salary,59435,PERSON_00103,salary
TXN_008445,2023-12-09,ACCT_00345,PERSON_00345,transfer,176446,PERSON_00140,transfer
TXN_008446,2026-01-15,ACCT_00346,PERSON_00346,upi,6268,PERSON_00177,upi
TXN_008447,2024-11-30,ACCT_00347,PERSON_00347,rent,9261,PERSON_00214,rent
TXN_008448,2022-04-14,ACCT_00348,PERSON_00348,fuel,3439,PERSON_00251,fuel
TXN_008449,2023-04-16,ACCT_00349,PERSON_00349,upi,211336,PERSON_00288,upi
TXN_008450,2025-11-30,ACCT_00350,PERSON_00350,transfer,61677,PERSON_00325,transfer
TXN_008451,2021-01-12,ACCT_00351,PERSON_00351,upi,8251,PERSON_00362,upi
TXN_008452,2022-10-03,ACCT_00352,PERSON_00352,cash_deposit,99186,PERSON_00399,cash deposit
TXN_008453,2023-03-22,ACCT_00353,PERSON_00353,customer,33982,PERSON_00436,customer
TXN_008454,2022-06-22,ACCT_00354,PERSON_00354,grocery,2134,PERSON_00023,grocery
TXN_008455,2023-04-22,ACCT_00355,PERSON_00355,emi,22545,PERSON_00060,emi
TXN_008456,2021-06-20,ACCT_00356,PERSON_00356,utility,5520,PERSON_00097,utility
TXN_008457,2023-10-24,ACCT_00357,PERSON_00357,fuel,4925,PERSON_00134,fuel
TXN_008458,2022-07-06,ACCT_00358,PERSON_00358,customer,48244,PERSON_00171,customer
TXN_008459,2026-03-13,ACCT_00359,PERSON_00359,upi,220281,PERSON_00208,upi
TXN_008460,2023-01-03,ACCT_00360,PERSON_00360,cash_deposit,204091,PERSON_00245,cash deposit
TXN_008461,2024-10-10,ACCT_00361,PERSON_00361,supplier,69748,PERSON_00282,supplier
TXN_008462,2023-04-05,ACCT_00362,PERSON_00362,upi,11592,PERSON_00319,upi
TXN_008463,2021-04-15,ACCT_00363,PERSON_00363,fuel,3154,PERSON_00356,fuel
TXN_008464,2026-05-10,ACCT_00364,PERSON_00364,upi,8369,PERSON_00393,upi
TXN_008465,2025-05-29,ACCT_00365,PERSON_00365,fuel,2797,PERSON_00430,fuel
TXN_008466,2024-10-31,ACCT_00366,PERSON_00366,emi,32227,PERSON_00017,emi
TXN_008467,2024-01-26,ACCT_00367,PERSON_00367,emi,23889,PERSON_00054,emi
TXN_008468,2023-12-24,ACCT_00368,PERSON_00368,utility,2154,PERSON_00091,utility
TXN_008469,2025-09-12,ACCT_00369,PERSON_00369,customer,87232,PERSON_00128,customer
TXN_008470,2022-03-16,ACCT_00370,PERSON_00370,salary,49590,PERSON_00165,salary
TXN_008471,2021-08-03,ACCT_00371,PERSON_00371,cash_deposit,210664,PERSON_00202,cash deposit
TXN_008472,2026-01-14,ACCT_00372,PERSON_00372,transfer,39606,PERSON_00239,transfer
TXN_008473,2024-07-31,ACCT_00373,PERSON_00373,upi,8534,PERSON_00276,upi
TXN_008474,2024-05-26,ACCT_00374,PERSON_00374,upi,29276,PERSON_00313,upi
TXN_008475,2026-04-09,ACCT_00375,PERSON_00375,fuel,5300,PERSON_00350,fuel
TXN_008476,2021-10-20,ACCT_00376,PERSON_00376,upi,97408,PERSON_00387,upi
TXN_008477,2022-11-22,ACCT_00377,PERSON_00377,fuel,3991,PERSON_00424,fuel
TXN_008478,2026-01-04,ACCT_00378,PERSON_00378,upi,8123,PERSON_00011,upi
TXN_008479,2022-06-29,ACCT_00379,PERSON_00379,supplier,59738,PERSON_00048,supplier
TXN_008480,2021-01-03,ACCT_00380,PERSON_00380,utility,2575,PERSON_00085,utility
TXN_008481,2024-05-24,ACCT_00381,PERSON_00381,transfer,232133,PERSON_00122,transfer
TXN_008482,2023-11-19,ACCT_00382,PERSON_00382,salary,36063,PERSON_00159,salary
TXN_008483,2025-04-16,ACCT_00383,PERSON_00383,utility,3886,PERSON_00196,utility
TXN_008484,2026-05-22,ACCT_00384,PERSON_00384,customer,88380,PERSON_00233,customer
TXN_008485,2023-12-05,ACCT_00385,PERSON_00385,transfer,159349,PERSON_00270,transfer
TXN_008486,2025-10-28,ACCT_00386,PERSON_00386,rent,15292,PERSON_00307,rent
TXN_008487,2021-05-05,ACCT_00387,PERSON_00387,fuel,5803,PERSON_00344,fuel
TXN_008488,2022-11-25,ACCT_00388,PERSON_00388,utility,6659,PERSON_00381,utility
TXN_008489,2024-01-29,ACCT_00389,PERSON_00389,grocery,3727,PERSON_00418,grocery
TXN_008490,2024-03-14,ACCT_00390,PERSON_00390,upi,11291,PERSON_00005,upi
TXN_008491,2025-05-02,ACCT_00391,PERSON_00391,rent,8681,PERSON_00042,rent
TXN_008492,2025-12-23,ACCT_00392,PERSON_00392,emi,24009,PERSON_00079,emi
TXN_008493,2024-09-11,ACCT_00393,PERSON_00393,cash_deposit,227166,PERSON_00116,cash deposit
TXN_008494,2023-12-11,ACCT_00394,PERSON_00394,grocery,1129,PERSON_00153,grocery
TXN_008495,2022-11-18,ACCT_00395,PERSON_00395,emi,15137,PERSON_00190,emi
TXN_008496,2021-05-12,ACCT_00396,PERSON_00396,utility,1147,PERSON_00227,utility
TXN_008497,2023-08-05,ACCT_00397,PERSON_00397,utility,3267,PERSON_00264,utility
TXN_008498,2025-02-04,ACCT_00398,PERSON_00398,transfer,142586,PERSON_00301,transfer
TXN_008499,2021-05-22,ACCT_00399,PERSON_00399,utility,6213,PERSON_00338,utility
TXN_008500,2023-12-19,ACCT_00400,PERSON_00400,grocery,6325,PERSON_00375,grocery
TXN_008501,2024-03-23,ACCT_00401,PERSON_00401,supplier,67063,PERSON_00412,supplier
TXN_008502,2025-06-15,ACCT_00402,PERSON_00402,supplier,60608,PERSON_00449,supplier
TXN_008503,2023-07-21,ACCT_00403,PERSON_00403,upi,9312,PERSON_00036,upi
TXN_008504,2024-09-10,ACCT_00404,PERSON_00404,upi,1289,PERSON_00073,upi
TXN_008505,2025-11-26,ACCT_00405,PERSON_00405,utility,1011,PERSON_00110,utility
TXN_008506,2021-03-23,ACCT_00406,PERSON_00406,grocery,4776,PERSON_00147,grocery
TXN_008507,2025-06-04,ACCT_00407,PERSON_00407,emi,20955,PERSON_00184,emi
TXN_008508,2022-01-23,ACCT_00408,PERSON_00408,grocery,6245,PERSON_00221,grocery
TXN_008509,2025-06-16,ACCT_00409,PERSON_00409,transfer,8685,PERSON_00258,transfer
TXN_008510,2022-04-11,ACCT_00410,PERSON_00410,rent,19128,PERSON_00295,rent
TXN_008511,2026-04-16,ACCT_00411,PERSON_00411,grocery,6029,PERSON_00332,grocery
TXN_008512,2024-11-02,ACCT_00412,PERSON_00412,transfer,91704,PERSON_00369,transfer
TXN_008513,2026-06-07,ACCT_00413,PERSON_00413,fuel,5735,PERSON_00406,fuel
TXN_008514,2026-03-26,ACCT_00414,PERSON_00414,rent,18862,PERSON_00443,rent
TXN_008515,2021-10-17,ACCT_00415,PERSON_00415,transfer,58407,PERSON_00030,transfer
TXN_008516,2025-10-24,ACCT_00416,PERSON_00416,upi,6429,PERSON_00067,upi
TXN_008517,2021-06-01,ACCT_00417,PERSON_00417,upi,11301,PERSON_00104,upi
TXN_008518,2021-12-24,ACCT_00418,PERSON_00418,salary,28524,PERSON_00141,salary
TXN_008519,2023-04-05,ACCT_00419,PERSON_00419,salary,37454,PERSON_00178,salary
TXN_008520,2025-03-25,ACCT_00420,PERSON_00420,fuel,3528,PERSON_00215,fuel
TXN_008521,2025-07-08,ACCT_00421,PERSON_00421,customer,39201,PERSON_00252,customer
TXN_008522,2025-03-08,ACCT_00422,PERSON_00422,fuel,1600,PERSON_00289,fuel
TXN_008523,2025-08-08,ACCT_00423,PERSON_00423,grocery,880,PERSON_00326,grocery
TXN_008524,2025-09-08,ACCT_00424,PERSON_00424,supplier,29751,PERSON_00363,supplier
TXN_008525,2023-09-08,ACCT_00425,PERSON_00425,rent,12953,PERSON_00400,rent
TXN_008526,2024-01-03,ACCT_00426,PERSON_00426,fuel,4163,PERSON_00437,fuel
TXN_008527,2022-04-11,ACCT_00427,PERSON_00427,upi,11110,PERSON_00024,upi
TXN_008528,2022-05-02,ACCT_00428,PERSON_00428,fuel,4590,PERSON_00061,fuel
TXN_008529,2022-08-16,ACCT_00429,PERSON_00429,supplier,51331,PERSON_00098,supplier
TXN_008530,2023-11-30,ACCT_00430,PERSON_00430,emi,25959,PERSON_00135,emi
TXN_008531,2021-05-25,ACCT_00431,PERSON_00431,transfer,81508,PERSON_00172,transfer
TXN_008532,2022-01-04,ACCT_00432,PERSON_00432,salary,34450,PERSON_00209,salary
TXN_008533,2022-01-09,ACCT_00433,PERSON_00433,upi,1774,PERSON_00246,upi
TXN_008534,2021-04-07,ACCT_00434,PERSON_00434,rent,17046,PERSON_00283,rent
TXN_008535,2021-12-25,ACCT_00435,PERSON_00435,upi,56670,PERSON_00320,upi
TXN_008536,2024-12-19,ACCT_00436,PERSON_00436,cash_deposit,203166,PERSON_00357,cash deposit
TXN_008537,2022-06-03,ACCT_00437,PERSON_00437,grocery,2094,PERSON_00394,grocery
TXN_008538,2022-01-17,ACCT_00438,PERSON_00438,utility,4231,PERSON_00431,utility
TXN_008539,2021-05-21,ACCT_00439,PERSON_00439,customer,48011,PERSON_00018,customer
TXN_008540,2022-01-05,ACCT_00440,PERSON_00440,upi,91137,PERSON_00055,upi
TXN_008541,2021-03-20,ACCT_00441,PERSON_00441,transfer,25467,PERSON_00092,transfer
TXN_008542,2021-03-31,ACCT_00442,PERSON_00442,fuel,4677,PERSON_00129,fuel
TXN_008543,2021-06-12,ACCT_00443,PERSON_00443,upi,7089,PERSON_00166,upi
TXN_008544,2026-03-03,ACCT_00444,PERSON_00444,rent,9142,PERSON_00203,rent
TXN_008545,2025-06-08,ACCT_00445,PERSON_00445,upi,6260,PERSON_00240,upi
TXN_008546,2022-01-23,ACCT_00446,PERSON_00446,emi,21863,PERSON_00277,emi
TXN_008547,2025-11-30,ACCT_00447,PERSON_00447,upi,11046,PERSON_00314,upi
TXN_008548,2021-07-02,ACCT_00448,PERSON_00448,fuel,927,PERSON_00351,fuel
TXN_008549,2022-11-20,ACCT_00449,PERSON_00449,rent,18007,PERSON_00388,rent
TXN_008550,2021-12-30,ACCT_00450,PERSON_00450,fuel,4603,PERSON_00425,fuel
TXN_008551,2025-09-11,ACCT_00001,PERSON_00001,cash_deposit,63352,PERSON_00012,cash deposit
TXN_008552,2022-06-08,ACCT_00002,PERSON_00002,transfer,26730,PERSON_00049,transfer
TXN_008553,2025-12-06,ACCT_00003,PERSON_00003,upi,225486,PERSON_00086,upi
TXN_008554,2024-01-16,ACCT_00004,PERSON_00004,grocery,1181,PERSON_00123,grocery
TXN_008555,2022-08-10,ACCT_00005,PERSON_00005,upi,994,PERSON_00160,upi
TXN_008556,2025-10-16,ACCT_00006,PERSON_00006,grocery,6478,PERSON_00197,grocery
TXN_008557,2021-12-20,ACCT_00007,PERSON_00007,cash_deposit,67650,PERSON_00234,cash deposit
TXN_008558,2021-05-10,ACCT_00008,PERSON_00008,cash_deposit,198469,PERSON_00271,cash deposit
TXN_008559,2021-04-11,ACCT_00009,PERSON_00009,rent,20370,PERSON_00308,rent
TXN_008560,2024-09-30,ACCT_00010,PERSON_00010,fuel,4079,PERSON_00345,fuel
TXN_008561,2022-04-30,ACCT_00011,PERSON_00011,supplier,24176,PERSON_00382,supplier
TXN_008562,2021-12-15,ACCT_00012,PERSON_00012,cash_deposit,159937,PERSON_00419,cash deposit
TXN_008563,2022-05-06,ACCT_00013,PERSON_00013,upi,11623,PERSON_00006,upi
TXN_008564,2025-10-16,ACCT_00014,PERSON_00014,customer,47710,PERSON_00043,customer
TXN_008565,2025-09-14,ACCT_00015,PERSON_00015,rent,15321,PERSON_00080,rent
TXN_008566,2026-01-12,ACCT_00016,PERSON_00016,transfer,118559,PERSON_00117,transfer
TXN_008567,2025-03-20,ACCT_00017,PERSON_00017,rent,13835,PERSON_00154,rent
TXN_008568,2025-08-15,ACCT_00018,PERSON_00018,transfer,191726,PERSON_00191,transfer
TXN_008569,2023-08-05,ACCT_00019,PERSON_00019,fuel,3996,PERSON_00228,fuel
TXN_008570,2025-07-20,ACCT_00020,PERSON_00020,salary,53880,PERSON_00265,salary
TXN_008571,2022-06-06,ACCT_00021,PERSON_00021,transfer,102249,PERSON_00302,transfer
TXN_008572,2024-05-24,ACCT_00022,PERSON_00022,upi,43429,PERSON_00339,upi
TXN_008573,2026-04-02,ACCT_00023,PERSON_00023,grocery,2843,PERSON_00376,grocery
TXN_008574,2022-08-17,ACCT_00024,PERSON_00024,utility,2293,PERSON_00413,utility
TXN_008575,2021-12-24,ACCT_00025,PERSON_00025,cash_deposit,166097,PERSON_00450,cash deposit
TXN_008576,2022-01-08,ACCT_00026,PERSON_00026,salary,72416,PERSON_00037,salary
TXN_008577,2025-04-20,ACCT_00027,PERSON_00027,fuel,1593,PERSON_00074,fuel
TXN_008578,2025-05-31,ACCT_00028,PERSON_00028,fuel,4104,PERSON_00111,fuel
TXN_008579,2023-05-06,ACCT_00029,PERSON_00029,customer,94855,PERSON_00148,customer
TXN_008580,2025-03-02,ACCT_00030,PERSON_00030,supplier,56401,PERSON_00185,supplier
TXN_008581,2026-04-12,ACCT_00031,PERSON_00031,supplier,3770,PERSON_00222,supplier
TXN_008582,2025-09-25,ACCT_00032,PERSON_00032,supplier,83281,PERSON_00259,supplier
TXN_008583,2023-10-11,ACCT_00033,PERSON_00033,fuel,2284,PERSON_00296,fuel
TXN_008584,2022-04-11,ACCT_00034,PERSON_00034,fuel,5928,PERSON_00333,fuel
TXN_008585,2023-01-21,ACCT_00035,PERSON_00035,rent,9730,PERSON_00370,rent
TXN_008586,2025-02-27,ACCT_00036,PERSON_00036,upi,9396,PERSON_00407,upi
TXN_008587,2024-03-17,ACCT_00037,PERSON_00037,grocery,5681,PERSON_00444,grocery
TXN_008588,2025-06-02,ACCT_00038,PERSON_00038,supplier,73289,PERSON_00031,supplier
TXN_008589,2021-06-25,ACCT_00039,PERSON_00039,utility,2786,PERSON_00068,utility
TXN_008590,2024-04-18,ACCT_00040,PERSON_00040,upi,9765,PERSON_00105,upi
TXN_008591,2024-07-26,ACCT_00041,PERSON_00041,salary,24704,PERSON_00142,salary
TXN_008592,2026-06-20,ACCT_00042,PERSON_00042,upi,3485,PERSON_00179,upi
TXN_008593,2024-03-24,ACCT_00043,PERSON_00043,upi,1539,PERSON_00216,upi
TXN_008594,2025-03-13,ACCT_00044,PERSON_00044,grocery,2108,PERSON_00253,grocery
TXN_008595,2024-10-06,ACCT_00045,PERSON_00045,transfer,186273,PERSON_00290,transfer
TXN_008596,2023-04-04,ACCT_00046,PERSON_00046,transfer,159239,PERSON_00327,transfer
TXN_008597,2022-07-07,ACCT_00047,PERSON_00047,supplier,67271,PERSON_00364,supplier
TXN_008598,2021-06-21,ACCT_00048,PERSON_00048,salary,31687,PERSON_00401,salary
TXN_008599,2022-07-18,ACCT_00049,PERSON_00049,upi,10245,PERSON_00438,upi
TXN_008600,2025-10-18,ACCT_00050,PERSON_00050,upi,6399,PERSON_00025,upi
TXN_008601,2023-03-02,ACCT_00051,PERSON_00051,upi,4111,PERSON_00062,upi
TXN_008602,2022-07-26,ACCT_00052,PERSON_00052,upi,84458,PERSON_00099,upi
TXN_008603,2023-05-28,ACCT_00053,PERSON_00053,utility,3620,PERSON_00136,utility
TXN_008604,2023-03-16,ACCT_00054,PERSON_00054,upi,154985,PERSON_00173,upi
TXN_008605,2021-01-09,ACCT_00055,PERSON_00055,grocery,1317,PERSON_00210,grocery
TXN_008606,2022-01-31,ACCT_00056,PERSON_00056,upi,800,PERSON_00247,upi
TXN_008607,2023-04-06,ACCT_00057,PERSON_00057,upi,9888,PERSON_00284,upi
TXN_008608,2023-09-02,ACCT_00058,PERSON_00058,customer,63625,PERSON_00321,customer
TXN_008609,2024-10-31,ACCT_00059,PERSON_00059,cash_deposit,92943,PERSON_00358,cash deposit
TXN_008610,2024-03-14,ACCT_00060,PERSON_00060,customer,4514,PERSON_00395,customer
TXN_008611,2025-05-20,ACCT_00061,PERSON_00061,customer,92434,PERSON_00432,customer
TXN_008612,2024-11-05,ACCT_00062,PERSON_00062,salary,41088,PERSON_00019,salary
TXN_008613,2025-06-19,ACCT_00063,PERSON_00063,grocery,4618,PERSON_00056,grocery
TXN_008614,2021-02-09,ACCT_00064,PERSON_00064,salary,38493,PERSON_00093,salary
TXN_008615,2023-01-05,ACCT_00065,PERSON_00065,fuel,4488,PERSON_00130,fuel
TXN_008616,2021-09-26,ACCT_00066,PERSON_00066,customer,55173,PERSON_00167,customer
TXN_008617,2022-10-06,ACCT_00067,PERSON_00067,transfer,244119,PERSON_00204,transfer
TXN_008618,2024-04-02,ACCT_00068,PERSON_00068,upi,11010,PERSON_00241,upi
TXN_008619,2022-11-18,ACCT_00069,PERSON_00069,grocery,2275,PERSON_00278,grocery
TXN_008620,2021-12-12,ACCT_00070,PERSON_00070,upi,7349,PERSON_00315,upi
TXN_008621,2021-10-03,ACCT_00071,PERSON_00071,utility,2758,PERSON_00352,utility
TXN_008622,2023-12-11,ACCT_00072,PERSON_00072,salary,60855,PERSON_00389,salary
TXN_008623,2022-07-07,ACCT_00073,PERSON_00073,salary,53653,PERSON_00426,salary
TXN_008624,2024-03-16,ACCT_00074,PERSON_00074,salary,29944,PERSON_00013,salary
TXN_008625,2023-05-12,ACCT_00075,PERSON_00075,grocery,6420,PERSON_00050,grocery
TXN_008626,2024-09-18,ACCT_00076,PERSON_00076,fuel,2479,PERSON_00087,fuel
TXN_008627,2021-08-31,ACCT_00077,PERSON_00077,fuel,4636,PERSON_00124,fuel
TXN_008628,2025-11-10,ACCT_00078,PERSON_00078,rent,15581,PERSON_00161,rent
TXN_008629,2021-12-11,ACCT_00079,PERSON_00079,supplier,19480,PERSON_00198,supplier
TXN_008630,2023-09-26,ACCT_00080,PERSON_00080,transfer,87166,PERSON_00235,transfer
TXN_008631,2026-04-24,ACCT_00081,PERSON_00081,supplier,12953,PERSON_00272,supplier
TXN_008632,2021-10-22,ACCT_00082,PERSON_00082,salary,56588,PERSON_00309,salary
TXN_008633,2025-02-12,ACCT_00083,PERSON_00083,grocery,2863,PERSON_00346,grocery
TXN_008634,2022-04-12,ACCT_00084,PERSON_00084,salary,67954,PERSON_00383,salary
TXN_008635,2024-11-19,ACCT_00085,PERSON_00085,emi,18867,PERSON_00420,emi
TXN_008636,2026-03-03,ACCT_00086,PERSON_00086,upi,135975,PERSON_00007,upi
TXN_008637,2025-12-23,ACCT_00087,PERSON_00087,upi,200953,PERSON_00044,upi
TXN_008638,2024-12-27,ACCT_00088,PERSON_00088,grocery,6457,PERSON_00081,grocery
TXN_008639,2024-04-26,ACCT_00089,PERSON_00089,upi,223201,PERSON_00118,upi
TXN_008640,2022-05-09,ACCT_00090,PERSON_00090,cash_deposit,106493,PERSON_00155,cash deposit
TXN_008641,2021-10-25,ACCT_00091,PERSON_00091,transfer,72053,PERSON_00192,transfer
TXN_008642,2025-11-06,ACCT_00092,PERSON_00092,supplier,76030,PERSON_00229,supplier
TXN_008643,2023-12-22,ACCT_00093,PERSON_00093,salary,56244,PERSON_00266,salary
TXN_008644,2025-04-01,ACCT_00094,PERSON_00094,grocery,6365,PERSON_00303,grocery
TXN_008645,2024-09-12,ACCT_00095,PERSON_00095,customer,8282,PERSON_00340,customer
TXN_008646,2026-02-18,ACCT_00096,PERSON_00096,utility,2163,PERSON_00377,utility
TXN_008647,2025-08-30,ACCT_00097,PERSON_00097,cash_deposit,51956,PERSON_00414,cash deposit
TXN_008648,2022-09-06,ACCT_00098,PERSON_00098,upi,10644,PERSON_00001,upi
TXN_008649,2024-06-25,ACCT_00099,PERSON_00099,grocery,963,PERSON_00038,grocery
TXN_008650,2021-06-03,ACCT_00100,PERSON_00100,salary,74956,PERSON_00075,salary
TXN_008651,2021-05-15,ACCT_00101,PERSON_00101,cash_deposit,52557,PERSON_00112,cash deposit
TXN_008652,2022-12-20,ACCT_00102,PERSON_00102,salary,57907,PERSON_00149,salary
TXN_008653,2023-03-07,ACCT_00103,PERSON_00103,grocery,3633,PERSON_00186,grocery
TXN_008654,2021-01-23,ACCT_00104,PERSON_00104,customer,51695,PERSON_00223,customer
TXN_008655,2025-02-18,ACCT_00105,PERSON_00105,grocery,5415,PERSON_00260,grocery
TXN_008656,2021-02-26,ACCT_00106,PERSON_00106,grocery,3366,PERSON_00297,grocery
TXN_008657,2023-04-01,ACCT_00107,PERSON_00107,salary,56839,PERSON_00334,salary
TXN_008658,2022-10-28,ACCT_00108,PERSON_00108,emi,29504,PERSON_00371,emi
TXN_008659,2025-11-21,ACCT_00109,PERSON_00109,upi,8879,PERSON_00408,upi
TXN_008660,2023-12-07,ACCT_00110,PERSON_00110,customer,3391,PERSON_00445,customer
TXN_008661,2026-02-11,ACCT_00111,PERSON_00111,rent,10476,PERSON_00032,rent
TXN_008662,2021-03-14,ACCT_00112,PERSON_00112,customer,34530,PERSON_00069,customer
TXN_008663,2023-12-23,ACCT_00113,PERSON_00113,grocery,5842,PERSON_00106,grocery
TXN_008664,2021-07-19,ACCT_00114,PERSON_00114,upi,65343,PERSON_00143,upi
TXN_008665,2023-06-28,ACCT_00115,PERSON_00115,fuel,3332,PERSON_00180,fuel
TXN_008666,2025-06-12,ACCT_00116,PERSON_00116,transfer,34693,PERSON_00217,transfer
TXN_008667,2022-06-03,ACCT_00117,PERSON_00117,rent,10681,PERSON_00254,rent
TXN_008668,2025-07-21,ACCT_00118,PERSON_00118,upi,66063,PERSON_00291,upi
TXN_008669,2025-04-06,ACCT_00119,PERSON_00119,supplier,15898,PERSON_00328,supplier
TXN_008670,2021-04-08,ACCT_00120,PERSON_00120,emi,28097,PERSON_00365,emi
TXN_008671,2025-11-13,ACCT_00121,PERSON_00121,upi,1495,PERSON_00402,upi
TXN_008672,2024-09-03,ACCT_00122,PERSON_00122,upi,90556,PERSON_00439,upi
TXN_008673,2025-07-13,ACCT_00123,PERSON_00123,rent,6252,PERSON_00026,rent
TXN_008674,2024-07-20,ACCT_00124,PERSON_00124,upi,8925,PERSON_00063,upi
TXN_008675,2024-06-22,ACCT_00125,PERSON_00125,salary,34408,PERSON_00100,salary
TXN_008676,2025-10-28,ACCT_00126,PERSON_00126,transfer,28440,PERSON_00137,transfer
TXN_008677,2025-08-12,ACCT_00127,PERSON_00127,cash_deposit,230108,PERSON_00174,cash deposit
TXN_008678,2025-10-22,ACCT_00128,PERSON_00128,transfer,111848,PERSON_00211,transfer
TXN_008679,2024-07-30,ACCT_00129,PERSON_00129,grocery,2482,PERSON_00248,grocery
TXN_008680,2024-07-20,ACCT_00130,PERSON_00130,cash_deposit,178944,PERSON_00285,cash deposit
TXN_008681,2023-06-02,ACCT_00131,PERSON_00131,fuel,3181,PERSON_00322,fuel
TXN_008682,2026-05-25,ACCT_00132,PERSON_00132,upi,1091,PERSON_00359,upi
TXN_008683,2024-08-17,ACCT_00133,PERSON_00133,salary,34683,PERSON_00396,salary
TXN_008684,2024-09-20,ACCT_00134,PERSON_00134,supplier,64543,PERSON_00433,supplier
TXN_008685,2022-04-28,ACCT_00135,PERSON_00135,emi,10552,PERSON_00020,emi
TXN_008686,2024-01-25,ACCT_00136,PERSON_00136,rent,6689,PERSON_00057,rent
TXN_008687,2025-10-06,ACCT_00137,PERSON_00137,fuel,5880,PERSON_00094,fuel
TXN_008688,2025-02-08,ACCT_00138,PERSON_00138,rent,10602,PERSON_00131,rent
TXN_008689,2021-08-25,ACCT_00139,PERSON_00139,fuel,1812,PERSON_00168,fuel
TXN_008690,2023-07-24,ACCT_00140,PERSON_00140,utility,3402,PERSON_00205,utility
TXN_008691,2024-11-12,ACCT_00141,PERSON_00141,supplier,77603,PERSON_00242,supplier
TXN_008692,2024-04-02,ACCT_00142,PERSON_00142,upi,2759,PERSON_00279,upi
TXN_008693,2022-12-24,ACCT_00143,PERSON_00143,grocery,1720,PERSON_00316,grocery
TXN_008694,2022-02-20,ACCT_00144,PERSON_00144,transfer,241322,PERSON_00353,transfer
TXN_008695,2026-05-04,ACCT_00145,PERSON_00145,upi,7419,PERSON_00390,upi
TXN_008696,2022-05-14,ACCT_00146,PERSON_00146,upi,10631,PERSON_00427,upi
TXN_008697,2026-05-07,ACCT_00147,PERSON_00147,utility,3027,PERSON_00014,utility
TXN_008698,2025-09-13,ACCT_00148,PERSON_00148,fuel,3077,PERSON_00051,fuel
TXN_008699,2025-01-01,ACCT_00149,PERSON_00149,supplier,36262,PERSON_00088,supplier
TXN_008700,2022-06-20,ACCT_00150,PERSON_00150,transfer,48522,PERSON_00125,transfer
TXN_008701,2025-08-21,ACCT_00151,PERSON_00151,cash_deposit,39500,PERSON_00162,cash deposit
TXN_008702,2022-03-19,ACCT_00152,PERSON_00152,upi,165084,PERSON_00199,upi
TXN_008703,2024-08-19,ACCT_00153,PERSON_00153,rent,17547,PERSON_00236,rent
TXN_008704,2026-04-02,ACCT_00154,PERSON_00154,salary,42915,PERSON_00273,salary
TXN_008705,2025-06-02,ACCT_00155,PERSON_00155,upi,37805,PERSON_00310,upi
TXN_008706,2024-01-28,ACCT_00156,PERSON_00156,fuel,5514,PERSON_00347,fuel
TXN_008707,2025-09-19,ACCT_00157,PERSON_00157,upi,11349,PERSON_00384,upi
TXN_008708,2025-05-17,ACCT_00158,PERSON_00158,upi,8587,PERSON_00421,upi
TXN_008709,2023-11-25,ACCT_00159,PERSON_00159,upi,87442,PERSON_00008,upi
TXN_008710,2025-10-24,ACCT_00160,PERSON_00160,rent,20986,PERSON_00045,rent
TXN_008711,2022-01-04,ACCT_00161,PERSON_00161,emi,23408,PERSON_00082,emi
TXN_008712,2024-08-19,ACCT_00162,PERSON_00162,upi,206701,PERSON_00119,upi
TXN_008713,2022-03-11,ACCT_00163,PERSON_00163,cash_deposit,129471,PERSON_00156,cash deposit
TXN_008714,2023-07-25,ACCT_00164,PERSON_00164,emi,32000,PERSON_00193,emi
TXN_008715,2022-12-19,ACCT_00165,PERSON_00165,supplier,60315,PERSON_00230,supplier
TXN_008716,2024-03-01,ACCT_00166,PERSON_00166,upi,84106,PERSON_00267,upi
TXN_008717,2021-07-14,ACCT_00167,PERSON_00167,upi,219749,PERSON_00304,upi
TXN_008718,2021-05-29,ACCT_00168,PERSON_00168,customer,65351,PERSON_00341,customer
TXN_008719,2024-12-18,ACCT_00169,PERSON_00169,upi,131723,PERSON_00378,upi
TXN_008720,2021-04-16,ACCT_00170,PERSON_00170,salary,73556,PERSON_00415,salary
TXN_008721,2021-08-17,ACCT_00171,PERSON_00171,fuel,5244,PERSON_00002,fuel
TXN_008722,2025-01-31,ACCT_00172,PERSON_00172,upi,8716,PERSON_00039,upi
TXN_008723,2021-09-04,ACCT_00173,PERSON_00173,customer,117456,PERSON_00076,customer
TXN_008724,2025-08-23,ACCT_00174,PERSON_00174,utility,2110,PERSON_00113,utility
TXN_008725,2023-03-01,ACCT_00175,PERSON_00175,transfer,53338,PERSON_00150,transfer
TXN_008726,2024-04-08,ACCT_00176,PERSON_00176,cash_deposit,123097,PERSON_00187,cash deposit
TXN_008727,2021-06-08,ACCT_00177,PERSON_00177,upi,4251,PERSON_00224,upi
TXN_008728,2021-12-08,ACCT_00178,PERSON_00178,supplier,11931,PERSON_00261,supplier
TXN_008729,2021-10-23,ACCT_00179,PERSON_00179,salary,62576,PERSON_00298,salary
TXN_008730,2025-05-09,ACCT_00180,PERSON_00180,grocery,1488,PERSON_00335,grocery
TXN_008731,2024-11-20,ACCT_00181,PERSON_00181,transfer,46045,PERSON_00372,transfer
TXN_008732,2023-03-12,ACCT_00182,PERSON_00182,customer,53468,PERSON_00409,customer
TXN_008733,2024-06-21,ACCT_00183,PERSON_00183,salary,62445,PERSON_00446,salary
TXN_008734,2023-07-20,ACCT_00184,PERSON_00184,emi,22683,PERSON_00033,emi
TXN_008735,2022-07-12,ACCT_00185,PERSON_00185,rent,9742,PERSON_00070,rent
TXN_008736,2022-07-11,ACCT_00186,PERSON_00186,cash_deposit,45577,PERSON_00107,cash deposit
TXN_008737,2025-11-29,ACCT_00187,PERSON_00187,grocery,383,PERSON_00144,grocery
TXN_008738,2025-03-21,ACCT_00188,PERSON_00188,customer,80980,PERSON_00181,customer
TXN_008739,2022-04-14,ACCT_00189,PERSON_00189,rent,16875,PERSON_00218,rent
TXN_008740,2023-01-12,ACCT_00190,PERSON_00190,transfer,94512,PERSON_00255,transfer
TXN_008741,2025-06-12,ACCT_00191,PERSON_00191,grocery,1089,PERSON_00292,grocery
TXN_008742,2025-06-10,ACCT_00192,PERSON_00192,upi,2705,PERSON_00329,upi
TXN_008743,2023-07-09,ACCT_00193,PERSON_00193,emi,23098,PERSON_00366,emi
TXN_008744,2021-02-19,ACCT_00194,PERSON_00194,transfer,168502,PERSON_00403,transfer
TXN_008745,2021-12-12,ACCT_00195,PERSON_00195,emi,26952,PERSON_00440,emi
TXN_008746,2021-05-28,ACCT_00196,PERSON_00196,grocery,1618,PERSON_00027,grocery
TXN_008747,2022-06-30,ACCT_00197,PERSON_00197,salary,53680,PERSON_00064,salary
TXN_008748,2021-05-19,ACCT_00198,PERSON_00198,rent,18902,PERSON_00101,rent
TXN_008749,2022-07-01,ACCT_00199,PERSON_00199,grocery,3243,PERSON_00138,grocery
TXN_008750,2023-05-10,ACCT_00200,PERSON_00200,upi,1794,PERSON_00175,upi
TXN_008751,2024-07-27,ACCT_00201,PERSON_00201,utility,1100,PERSON_00212,utility
TXN_008752,2023-11-02,ACCT_00202,PERSON_00202,customer,20099,PERSON_00249,customer
TXN_008753,2026-03-23,ACCT_00203,PERSON_00203,fuel,4899,PERSON_00286,fuel
TXN_008754,2025-10-29,ACCT_00204,PERSON_00204,supplier,29331,PERSON_00323,supplier
TXN_008755,2023-10-23,ACCT_00205,PERSON_00205,supplier,63841,PERSON_00360,supplier
TXN_008756,2024-11-20,ACCT_00206,PERSON_00206,transfer,47863,PERSON_00397,transfer
TXN_008757,2026-02-10,ACCT_00207,PERSON_00207,customer,66450,PERSON_00434,customer
TXN_008758,2026-04-30,ACCT_00208,PERSON_00208,fuel,3305,PERSON_00021,fuel
TXN_008759,2023-10-07,ACCT_00209,PERSON_00209,salary,65130,PERSON_00058,salary
TXN_008760,2025-11-18,ACCT_00210,PERSON_00210,upi,4827,PERSON_00095,upi
TXN_008761,2021-11-27,ACCT_00211,PERSON_00211,supplier,64846,PERSON_00132,supplier
TXN_008762,2026-06-29,ACCT_00212,PERSON_00212,emi,31481,PERSON_00169,emi
TXN_008763,2022-05-22,ACCT_00213,PERSON_00213,utility,6423,PERSON_00206,utility
TXN_008764,2026-03-21,ACCT_00214,PERSON_00214,emi,23072,PERSON_00243,emi
TXN_008765,2021-12-09,ACCT_00215,PERSON_00215,supplier,59089,PERSON_00280,supplier
TXN_008766,2025-09-25,ACCT_00216,PERSON_00216,utility,4845,PERSON_00317,utility
TXN_008767,2021-12-14,ACCT_00217,PERSON_00217,customer,32125,PERSON_00354,customer
TXN_008768,2024-07-01,ACCT_00218,PERSON_00218,cash_deposit,155856,PERSON_00391,cash deposit
TXN_008769,2022-10-22,ACCT_00219,PERSON_00219,fuel,3510,PERSON_00428,fuel
TXN_008770,2022-07-26,ACCT_00220,PERSON_00220,salary,31446,PERSON_00015,salary
TXN_008771,2026-01-18,ACCT_00221,PERSON_00221,supplier,47994,PERSON_00052,supplier
TXN_008772,2024-05-23,ACCT_00222,PERSON_00222,utility,3386,PERSON_00089,utility
TXN_008773,2025-01-26,ACCT_00223,PERSON_00223,upi,1675,PERSON_00126,upi
TXN_008774,2021-07-04,ACCT_00224,PERSON_00224,customer,93436,PERSON_00163,customer
TXN_008775,2021-05-19,ACCT_00225,PERSON_00225,customer,70048,PERSON_00200,customer
TXN_008776,2022-05-20,ACCT_00226,PERSON_00226,emi,29712,PERSON_00237,emi
TXN_008777,2023-12-17,ACCT_00227,PERSON_00227,emi,25385,PERSON_00274,emi
TXN_008778,2021-03-05,ACCT_00228,PERSON_00228,grocery,4427,PERSON_00311,grocery
TXN_008779,2023-06-05,ACCT_00229,PERSON_00229,upi,68443,PERSON_00348,upi
TXN_008780,2025-12-01,ACCT_00230,PERSON_00230,customer,49976,PERSON_00385,customer
TXN_008781,2026-04-27,ACCT_00231,PERSON_00231,transfer,153053,PERSON_00422,transfer
TXN_008782,2024-01-13,ACCT_00232,PERSON_00232,emi,5586,PERSON_00009,emi
TXN_008783,2021-06-03,ACCT_00233,PERSON_00233,rent,19540,PERSON_00046,rent
TXN_008784,2021-06-05,ACCT_00234,PERSON_00234,emi,12010,PERSON_00083,emi
TXN_008785,2023-05-08,ACCT_00235,PERSON_00235,salary,36410,PERSON_00120,salary
TXN_008786,2025-04-13,ACCT_00236,PERSON_00236,upi,11905,PERSON_00157,upi
TXN_008787,2024-09-04,ACCT_00237,PERSON_00237,utility,2286,PERSON_00194,utility
TXN_008788,2023-05-27,ACCT_00238,PERSON_00238,upi,605,PERSON_00231,upi
TXN_008789,2022-11-13,ACCT_00239,PERSON_00239,upi,4864,PERSON_00268,upi
TXN_008790,2026-06-06,ACCT_00240,PERSON_00240,customer,37056,PERSON_00305,customer
TXN_008791,2021-02-22,ACCT_00241,PERSON_00241,upi,128647,PERSON_00342,upi
TXN_008792,2021-10-12,ACCT_00242,PERSON_00242,salary,56795,PERSON_00379,salary
TXN_008793,2023-11-15,ACCT_00243,PERSON_00243,salary,42026,PERSON_00416,salary
TXN_008794,2024-05-05,ACCT_00244,PERSON_00244,grocery,4387,PERSON_00003,grocery
TXN_008795,2023-05-29,ACCT_00245,PERSON_00245,rent,19735,PERSON_00040,rent
TXN_008796,2022-02-05,ACCT_00246,PERSON_00246,fuel,2510,PERSON_00077,fuel
TXN_008797,2022-03-22,ACCT_00247,PERSON_00247,fuel,4654,PERSON_00114,fuel
TXN_008798,2022-04-11,ACCT_00248,PERSON_00248,cash_deposit,164084,PERSON_00151,cash deposit
TXN_008799,2023-07-09,ACCT_00249,PERSON_00249,cash_deposit,44394,PERSON_00188,cash deposit
TXN_008800,2026-01-12,ACCT_00250,PERSON_00250,utility,4577,PERSON_00225,utility
TXN_008801,2025-09-18,ACCT_00251,PERSON_00251,supplier,14682,PERSON_00262,supplier
TXN_008802,2025-02-12,ACCT_00252,PERSON_00252,cash_deposit,18104,PERSON_00299,cash deposit
TXN_008803,2023-05-06,ACCT_00253,PERSON_00253,utility,5663,PERSON_00336,utility
TXN_008804,2023-05-19,ACCT_00254,PERSON_00254,grocery,2742,PERSON_00373,grocery
TXN_008805,2025-08-25,ACCT_00255,PERSON_00255,upi,90662,PERSON_00410,upi
TXN_008806,2021-08-28,ACCT_00256,PERSON_00256,salary,38561,PERSON_00447,salary
TXN_008807,2021-12-17,ACCT_00257,PERSON_00257,fuel,3730,PERSON_00034,fuel
TXN_008808,2023-02-08,ACCT_00258,PERSON_00258,supplier,35694,PERSON_00071,supplier
TXN_008809,2025-06-12,ACCT_00259,PERSON_00259,cash_deposit,9459,PERSON_00108,cash deposit
TXN_008810,2024-07-31,ACCT_00260,PERSON_00260,utility,4064,PERSON_00145,utility
TXN_008811,2025-01-15,ACCT_00261,PERSON_00261,transfer,15473,PERSON_00182,transfer
TXN_008812,2021-07-19,ACCT_00262,PERSON_00262,utility,4812,PERSON_00219,utility
TXN_008813,2026-06-23,ACCT_00263,PERSON_00263,grocery,2390,PERSON_00256,grocery
TXN_008814,2023-08-01,ACCT_00264,PERSON_00264,upi,11018,PERSON_00293,upi
TXN_008815,2022-01-14,ACCT_00265,PERSON_00265,utility,3590,PERSON_00330,utility
TXN_008816,2022-03-29,ACCT_00266,PERSON_00266,utility,4602,PERSON_00367,utility
TXN_008817,2025-08-20,ACCT_00267,PERSON_00267,cash_deposit,88608,PERSON_00404,cash deposit
TXN_008818,2025-08-27,ACCT_00268,PERSON_00268,supplier,67468,PERSON_00441,supplier
TXN_008819,2024-01-13,ACCT_00269,PERSON_00269,upi,67165,PERSON_00028,upi
TXN_008820,2022-06-04,ACCT_00270,PERSON_00270,utility,2178,PERSON_00065,utility
TXN_008821,2023-12-11,ACCT_00271,PERSON_00271,grocery,5940,PERSON_00102,grocery
TXN_008822,2022-07-16,ACCT_00272,PERSON_00272,customer,58106,PERSON_00139,customer
TXN_008823,2025-02-03,ACCT_00273,PERSON_00273,supplier,43827,PERSON_00176,supplier
TXN_008824,2021-09-10,ACCT_00274,PERSON_00274,grocery,5756,PERSON_00213,grocery
TXN_008825,2021-10-04,ACCT_00275,PERSON_00275,upi,115514,PERSON_00250,upi
TXN_008826,2022-09-19,ACCT_00276,PERSON_00276,rent,12424,PERSON_00287,rent
TXN_008827,2025-05-31,ACCT_00277,PERSON_00277,utility,1176,PERSON_00324,utility
TXN_008828,2021-04-13,ACCT_00278,PERSON_00278,customer,100148,PERSON_00361,customer
TXN_008829,2023-11-09,ACCT_00279,PERSON_00279,grocery,3652,PERSON_00398,grocery
TXN_008830,2023-12-22,ACCT_00280,PERSON_00280,salary,49406,PERSON_00435,salary
TXN_008831,2021-08-07,ACCT_00281,PERSON_00281,supplier,62252,PERSON_00022,supplier
TXN_008832,2026-01-16,ACCT_00282,PERSON_00282,rent,8838,PERSON_00059,rent
TXN_008833,2025-08-21,ACCT_00283,PERSON_00283,upi,8634,PERSON_00096,upi
TXN_008834,2024-12-05,ACCT_00284,PERSON_00284,grocery,570,PERSON_00133,grocery
TXN_008835,2024-09-07,ACCT_00285,PERSON_00285,upi,8254,PERSON_00170,upi
TXN_008836,2021-05-12,ACCT_00286,PERSON_00286,emi,7712,PERSON_00207,emi
TXN_008837,2021-07-20,ACCT_00287,PERSON_00287,upi,68629,PERSON_00244,upi
TXN_008838,2026-01-05,ACCT_00288,PERSON_00288,rent,12451,PERSON_00281,rent
TXN_008839,2024-09-09,ACCT_00289,PERSON_00289,customer,53531,PERSON_00318,customer
TXN_008840,2024-06-06,ACCT_00290,PERSON_00290,salary,21919,PERSON_00355,salary
TXN_008841,2025-12-23,ACCT_00291,PERSON_00291,salary,53829,PERSON_00392,salary
TXN_008842,2021-04-04,ACCT_00292,PERSON_00292,salary,31385,PERSON_00429,salary
TXN_008843,2021-12-27,ACCT_00293,PERSON_00293,upi,10414,PERSON_00016,upi
TXN_008844,2025-05-19,ACCT_00294,PERSON_00294,upi,8072,PERSON_00053,upi
TXN_008845,2023-01-28,ACCT_00295,PERSON_00295,emi,30316,PERSON_00090,emi
TXN_008846,2026-06-11,ACCT_00296,PERSON_00296,grocery,954,PERSON_00127,grocery
TXN_008847,2023-10-24,ACCT_00297,PERSON_00297,fuel,796,PERSON_00164,fuel
TXN_008848,2026-04-06,ACCT_00298,PERSON_00298,fuel,1790,PERSON_00201,fuel
TXN_008849,2024-02-05,ACCT_00299,PERSON_00299,utility,4882,PERSON_00238,utility
TXN_008850,2021-02-16,ACCT_00300,PERSON_00300,salary,36882,PERSON_00275,salary
TXN_008851,2021-01-12,ACCT_00301,PERSON_00301,salary,72482,PERSON_00312,salary
TXN_008852,2023-01-08,ACCT_00302,PERSON_00302,upi,35999,PERSON_00349,upi
TXN_008853,2025-07-10,ACCT_00303,PERSON_00303,upi,8156,PERSON_00386,upi
TXN_008854,2021-09-25,ACCT_00304,PERSON_00304,cash_deposit,126590,PERSON_00423,cash deposit
TXN_008855,2023-03-01,ACCT_00305,PERSON_00305,salary,45907,PERSON_00010,salary
TXN_008856,2024-02-05,ACCT_00306,PERSON_00306,salary,51943,PERSON_00047,salary
TXN_008857,2025-01-13,ACCT_00307,PERSON_00307,emi,31193,PERSON_00084,emi
TXN_008858,2022-09-30,ACCT_00308,PERSON_00308,upi,9436,PERSON_00121,upi
TXN_008859,2021-12-14,ACCT_00309,PERSON_00309,rent,16096,PERSON_00158,rent
TXN_008860,2025-12-21,ACCT_00310,PERSON_00310,emi,34482,PERSON_00195,emi
TXN_008861,2025-06-11,ACCT_00311,PERSON_00311,supplier,41042,PERSON_00232,supplier
TXN_008862,2026-03-11,ACCT_00312,PERSON_00312,supplier,14524,PERSON_00269,supplier
TXN_008863,2025-09-28,ACCT_00313,PERSON_00313,fuel,2789,PERSON_00306,fuel
TXN_008864,2022-11-12,ACCT_00314,PERSON_00314,grocery,5947,PERSON_00343,grocery
TXN_008865,2026-04-22,ACCT_00315,PERSON_00315,emi,15291,PERSON_00380,emi
TXN_008866,2024-07-31,ACCT_00316,PERSON_00316,transfer,44988,PERSON_00417,transfer
TXN_008867,2021-12-18,ACCT_00317,PERSON_00317,supplier,42609,PERSON_00004,supplier
TXN_008868,2025-09-13,ACCT_00318,PERSON_00318,supplier,40517,PERSON_00041,supplier
TXN_008869,2025-11-02,ACCT_00319,PERSON_00319,rent,17863,PERSON_00078,rent
TXN_008870,2023-02-13,ACCT_00320,PERSON_00320,fuel,5477,PERSON_00115,fuel
TXN_008871,2022-12-05,ACCT_00321,PERSON_00321,supplier,18195,PERSON_00152,supplier
TXN_008872,2025-04-26,ACCT_00322,PERSON_00322,transfer,52942,PERSON_00189,transfer
TXN_008873,2022-02-23,ACCT_00323,PERSON_00323,transfer,78016,PERSON_00226,transfer
TXN_008874,2026-02-14,ACCT_00324,PERSON_00324,upi,169,PERSON_00263,upi
TXN_008875,2021-02-21,ACCT_00325,PERSON_00325,cash_deposit,118894,PERSON_00300,cash deposit
TXN_008876,2026-05-16,ACCT_00326,PERSON_00326,cash_deposit,150455,PERSON_00337,cash deposit
TXN_008877,2021-09-13,ACCT_00327,PERSON_00327,emi,7698,PERSON_00374,emi
TXN_008878,2023-10-26,ACCT_00328,PERSON_00328,utility,1002,PERSON_00411,utility
TXN_008879,2025-08-18,ACCT_00329,PERSON_00329,customer,98878,PERSON_00448,customer
TXN_008880,2021-03-20,ACCT_00330,PERSON_00330,fuel,3491,PERSON_00035,fuel
TXN_008881,2023-03-28,ACCT_00331,PERSON_00331,upi,221459,PERSON_00072,upi
TXN_008882,2021-08-14,ACCT_00332,PERSON_00332,emi,31180,PERSON_00109,emi
TXN_008883,2022-12-24,ACCT_00333,PERSON_00333,supplier,35350,PERSON_00146,supplier
TXN_008884,2024-11-27,ACCT_00334,PERSON_00334,utility,1373,PERSON_00183,utility
TXN_008885,2025-09-28,ACCT_00335,PERSON_00335,upi,9120,PERSON_00220,upi
TXN_008886,2022-11-30,ACCT_00336,PERSON_00336,emi,20283,PERSON_00257,emi
TXN_008887,2023-11-30,ACCT_00337,PERSON_00337,customer,5506,PERSON_00294,customer
TXN_008888,2023-04-02,ACCT_00338,PERSON_00338,emi,8358,PERSON_00331,emi
TXN_008889,2023-10-16,ACCT_00339,PERSON_00339,upi,5594,PERSON_00368,upi
TXN_008890,2022-04-21,ACCT_00340,PERSON_00340,transfer,239143,PERSON_00405,transfer
TXN_008891,2025-01-13,ACCT_00341,PERSON_00341,fuel,2737,PERSON_00442,fuel
TXN_008892,2022-08-25,ACCT_00342,PERSON_00342,upi,2462,PERSON_00029,upi
TXN_008893,2022-08-07,ACCT_00343,PERSON_00343,upi,10418,PERSON_00066,upi
TXN_008894,2021-04-27,ACCT_00344,PERSON_00344,utility,1545,PERSON_00103,utility
TXN_008895,2022-04-10,ACCT_00345,PERSON_00345,utility,3664,PERSON_00140,utility
TXN_008896,2026-01-15,ACCT_00346,PERSON_00346,upi,3752,PERSON_00177,upi
TXN_008897,2023-04-01,ACCT_00347,PERSON_00347,salary,69595,PERSON_00214,salary
TXN_008898,2023-01-16,ACCT_00348,PERSON_00348,fuel,1792,PERSON_00251,fuel
TXN_008899,2022-09-27,ACCT_00349,PERSON_00349,customer,89035,PERSON_00288,customer
TXN_008900,2023-04-13,ACCT_00350,PERSON_00350,emi,13654,PERSON_00325,emi
TXN_008901,2025-08-27,ACCT_00351,PERSON_00351,upi,4009,PERSON_00362,upi
TXN_008902,2023-06-22,ACCT_00352,PERSON_00352,grocery,3738,PERSON_00399,grocery
TXN_008903,2026-05-13,ACCT_00353,PERSON_00353,supplier,34149,PERSON_00436,supplier
TXN_008904,2022-05-29,ACCT_00354,PERSON_00354,transfer,46938,PERSON_00023,transfer
TXN_008905,2022-08-22,ACCT_00355,PERSON_00355,salary,39272,PERSON_00060,salary
TXN_008906,2024-06-24,ACCT_00356,PERSON_00356,upi,10314,PERSON_00097,upi
TXN_008907,2023-01-24,ACCT_00357,PERSON_00357,upi,158,PERSON_00134,upi
TXN_008908,2021-02-28,ACCT_00358,PERSON_00358,upi,151744,PERSON_00171,upi
TXN_008909,2022-04-28,ACCT_00359,PERSON_00359,fuel,1406,PERSON_00208,fuel
TXN_008910,2025-02-11,ACCT_00360,PERSON_00360,emi,6451,PERSON_00245,emi
TXN_008911,2025-03-29,ACCT_00361,PERSON_00361,customer,50696,PERSON_00282,customer
TXN_008912,2023-02-07,ACCT_00362,PERSON_00362,upi,2411,PERSON_00319,upi
TXN_008913,2022-03-23,ACCT_00363,PERSON_00363,supplier,63369,PERSON_00356,supplier
TXN_008914,2024-06-06,ACCT_00364,PERSON_00364,cash_deposit,68851,PERSON_00393,cash deposit
TXN_008915,2022-03-26,ACCT_00365,PERSON_00365,fuel,4864,PERSON_00430,fuel
TXN_008916,2021-09-27,ACCT_00366,PERSON_00366,upi,183306,PERSON_00017,upi
TXN_008917,2026-06-06,ACCT_00367,PERSON_00367,upi,5079,PERSON_00054,upi
TXN_008918,2021-02-21,ACCT_00368,PERSON_00368,customer,64580,PERSON_00091,customer
TXN_008919,2026-02-23,ACCT_00369,PERSON_00369,supplier,53794,PERSON_00128,supplier
TXN_008920,2022-03-12,ACCT_00370,PERSON_00370,transfer,36990,PERSON_00165,transfer
TXN_008921,2021-12-19,ACCT_00371,PERSON_00371,grocery,2164,PERSON_00202,grocery
TXN_008922,2021-01-10,ACCT_00372,PERSON_00372,transfer,76735,PERSON_00239,transfer
TXN_008923,2025-04-13,ACCT_00373,PERSON_00373,upi,11533,PERSON_00276,upi
TXN_008924,2021-04-28,ACCT_00374,PERSON_00374,cash_deposit,198724,PERSON_00313,cash deposit
TXN_008925,2024-07-27,ACCT_00375,PERSON_00375,salary,66149,PERSON_00350,salary
TXN_008926,2022-01-10,ACCT_00376,PERSON_00376,customer,72818,PERSON_00387,customer
TXN_008927,2024-11-29,ACCT_00377,PERSON_00377,upi,58105,PERSON_00424,upi
TXN_008928,2022-11-30,ACCT_00378,PERSON_00378,grocery,4023,PERSON_00011,grocery
TXN_008929,2025-05-24,ACCT_00379,PERSON_00379,fuel,776,PERSON_00048,fuel
TXN_008930,2025-11-11,ACCT_00380,PERSON_00380,salary,40839,PERSON_00085,salary
TXN_008931,2023-09-16,ACCT_00381,PERSON_00381,grocery,5149,PERSON_00122,grocery
TXN_008932,2022-11-25,ACCT_00382,PERSON_00382,cash_deposit,146378,PERSON_00159,cash deposit
TXN_008933,2026-03-13,ACCT_00383,PERSON_00383,upi,226383,PERSON_00196,upi
TXN_008934,2025-11-25,ACCT_00384,PERSON_00384,grocery,6070,PERSON_00233,grocery
TXN_008935,2024-11-24,ACCT_00385,PERSON_00385,upi,103157,PERSON_00270,upi
TXN_008936,2026-05-07,ACCT_00386,PERSON_00386,cash_deposit,128988,PERSON_00307,cash deposit
TXN_008937,2024-02-03,ACCT_00387,PERSON_00387,upi,4993,PERSON_00344,upi
TXN_008938,2021-11-24,ACCT_00388,PERSON_00388,customer,37358,PERSON_00381,customer
TXN_008939,2024-11-17,ACCT_00389,PERSON_00389,upi,60674,PERSON_00418,upi
TXN_008940,2024-04-24,ACCT_00390,PERSON_00390,salary,34670,PERSON_00005,salary
TXN_008941,2022-03-13,ACCT_00391,PERSON_00391,customer,106272,PERSON_00042,customer
TXN_008942,2023-07-10,ACCT_00392,PERSON_00392,cash_deposit,163488,PERSON_00079,cash deposit
TXN_008943,2025-02-02,ACCT_00393,PERSON_00393,utility,3208,PERSON_00116,utility
TXN_008944,2026-02-28,ACCT_00394,PERSON_00394,cash_deposit,56193,PERSON_00153,cash deposit
TXN_008945,2024-02-17,ACCT_00395,PERSON_00395,transfer,101636,PERSON_00190,transfer
TXN_008946,2023-05-19,ACCT_00396,PERSON_00396,salary,70412,PERSON_00227,salary
TXN_008947,2025-12-15,ACCT_00397,PERSON_00397,utility,6275,PERSON_00264,utility
TXN_008948,2026-01-22,ACCT_00398,PERSON_00398,upi,47534,PERSON_00301,upi
TXN_008949,2025-05-13,ACCT_00399,PERSON_00399,salary,32971,PERSON_00338,salary
TXN_008950,2022-01-08,ACCT_00400,PERSON_00400,fuel,5062,PERSON_00375,fuel
TXN_008951,2024-03-26,ACCT_00401,PERSON_00401,salary,24567,PERSON_00412,salary
TXN_008952,2022-12-17,ACCT_00402,PERSON_00402,upi,10012,PERSON_00449,upi
TXN_008953,2022-07-01,ACCT_00403,PERSON_00403,grocery,1992,PERSON_00036,grocery
TXN_008954,2024-07-16,ACCT_00404,PERSON_00404,customer,117746,PERSON_00073,customer
TXN_008955,2022-07-18,ACCT_00405,PERSON_00405,fuel,3883,PERSON_00110,fuel
TXN_008956,2024-10-10,ACCT_00406,PERSON_00406,upi,188107,PERSON_00147,upi
TXN_008957,2023-11-22,ACCT_00407,PERSON_00407,upi,108,PERSON_00184,upi
TXN_008958,2022-10-22,ACCT_00408,PERSON_00408,salary,24157,PERSON_00221,salary
TXN_008959,2025-03-31,ACCT_00409,PERSON_00409,transfer,43682,PERSON_00258,transfer
TXN_008960,2026-05-25,ACCT_00410,PERSON_00410,upi,217531,PERSON_00295,upi
TXN_008961,2022-03-12,ACCT_00411,PERSON_00411,rent,11828,PERSON_00332,rent
TXN_008962,2024-01-20,ACCT_00412,PERSON_00412,upi,7028,PERSON_00369,upi
TXN_008963,2024-10-14,ACCT_00413,PERSON_00413,fuel,2207,PERSON_00406,fuel
TXN_008964,2026-06-26,ACCT_00414,PERSON_00414,transfer,30707,PERSON_00443,transfer
TXN_008965,2025-11-03,ACCT_00415,PERSON_00415,rent,7497,PERSON_00030,rent
TXN_008966,2024-01-11,ACCT_00416,PERSON_00416,salary,72540,PERSON_00067,salary
TXN_008967,2023-04-21,ACCT_00417,PERSON_00417,salary,60641,PERSON_00104,salary
TXN_008968,2025-11-27,ACCT_00418,PERSON_00418,upi,9538,PERSON_00141,upi
TXN_008969,2022-07-21,ACCT_00419,PERSON_00419,upi,11363,PERSON_00178,upi
TXN_008970,2022-01-09,ACCT_00420,PERSON_00420,upi,122169,PERSON_00215,upi
TXN_008971,2025-03-22,ACCT_00421,PERSON_00421,fuel,1079,PERSON_00252,fuel
TXN_008972,2022-05-23,ACCT_00422,PERSON_00422,grocery,4749,PERSON_00289,grocery
TXN_008973,2023-06-18,ACCT_00423,PERSON_00423,emi,8188,PERSON_00326,emi
TXN_008974,2021-12-20,ACCT_00424,PERSON_00424,customer,1168,PERSON_00363,customer
TXN_008975,2024-08-25,ACCT_00425,PERSON_00425,transfer,70145,PERSON_00400,transfer
TXN_008976,2021-02-12,ACCT_00426,PERSON_00426,rent,16538,PERSON_00437,rent
TXN_008977,2023-04-09,ACCT_00427,PERSON_00427,customer,30408,PERSON_00024,customer
TXN_008978,2026-03-28,ACCT_00428,PERSON_00428,fuel,1235,PERSON_00061,fuel
TXN_008979,2021-02-12,ACCT_00429,PERSON_00429,salary,66098,PERSON_00098,salary
TXN_008980,2022-09-04,ACCT_00430,PERSON_00430,utility,4069,PERSON_00135,utility
TXN_008981,2024-09-16,ACCT_00431,PERSON_00431,transfer,44747,PERSON_00172,transfer
TXN_008982,2021-12-11,ACCT_00432,PERSON_00432,upi,146053,PERSON_00209,upi
TXN_008983,2021-02-02,ACCT_00433,PERSON_00433,upi,5745,PERSON_00246,upi
TXN_008984,2024-10-02,ACCT_00434,PERSON_00434,utility,3979,PERSON_00283,utility
TXN_008985,2023-04-19,ACCT_00435,PERSON_00435,grocery,3707,PERSON_00320,grocery
TXN_008986,2022-01-20,ACCT_00436,PERSON_00436,upi,101887,PERSON_00357,upi
TXN_008987,2023-08-24,ACCT_00437,PERSON_00437,supplier,29310,PERSON_00394,supplier
TXN_008988,2022-08-12,ACCT_00438,PERSON_00438,grocery,6496,PERSON_00431,grocery
TXN_008989,2024-10-03,ACCT_00439,PERSON_00439,transfer,109977,PERSON_00018,transfer
TXN_008990,2026-03-09,ACCT_00440,PERSON_00440,supplier,73208,PERSON_00055,supplier
TXN_008991,2024-04-24,ACCT_00441,PERSON_00441,upi,4430,PERSON_00092,upi
TXN_008992,2021-03-31,ACCT_00442,PERSON_00442,fuel,2859,PERSON_00129,fuel
TXN_008993,2022-07-16,ACCT_00443,PERSON_00443,upi,4448,PERSON_00166,upi
TXN_008994,2026-05-16,ACCT_00444,PERSON_00444,upi,5987,PERSON_00203,upi
TXN_008995,2024-04-24,ACCT_00445,PERSON_00445,customer,85499,PERSON_00240,customer
TXN_008996,2024-06-28,ACCT_00446,PERSON_00446,grocery,5093,PERSON_00277,grocery
TXN_008997,2022-07-24,ACCT_00447,PERSON_00447,grocery,5408,PERSON_00314,grocery
TXN_008998,2025-01-17,ACCT_00448,PERSON_00448,fuel,2385,PERSON_00351,fuel
TXN_008999,2024-03-21,ACCT_00449,PERSON_00449,cash_deposit,192619,PERSON_00388,cash deposit
TXN_009000,2023-10-25,ACCT_00450,PERSON_00450,grocery,315,PERSON_00425,grocery
